Linux 5.14.0-570.60.1.el9_6.x86_64 *****) 	03/25/2026 	_x86_64_	(64 CPU)

12:09:56 PM   UID       PID    %usr %system  %guest   %wait    %CPU   CPU  Command
12:09:57 PM 100998   3409775    0.00    0.00    0.00    0.00    0.00    10  postgres
12:09:57 PM 100998   3409776    0.00    0.00    0.00    0.00    0.00    14  postgres
12:09:57 PM 100998   3409778    0.00    0.00    0.00    0.00    0.00    14  postgres
12:09:57 PM 100998   3409779    0.00    0.00    0.00    0.00    0.00    12  postgres
12:09:57 PM 100998   3409857    0.00    0.00    0.00    0.00    0.00    14  postgres
12:09:57 PM 100998   3409862    0.00    0.00    0.00    0.00    0.00    10  postgres
12:09:57 PM 100998   3409863    0.00    0.00    0.00    0.00    0.00    14  postgres
12:09:57 PM 100998   3409864    0.00    0.00    0.00    0.00    0.00    10  postgres
12:09:57 PM 100998   3409865    0.00    0.00    0.00    0.00    0.00    14  postgres
12:09:57 PM 100998   3409866    0.00    0.00    0.00    0.00    0.00    10  postgres
12:09:57 PM 100998   3409879    0.00    0.00    0.00    0.00    0.00    14  postgres
12:09:57 PM 100998   3409880    0.00    0.00    0.00    0.00    0.00    10  postgres
12:09:57 PM 100998   3409881    0.00    0.00    0.00    0.00    0.00    14  postgres
12:09:57 PM 100998   3409882    0.00    0.00    0.00    0.00    0.00    10  postgres

12:09:57 PM   UID       PID    %usr %system  %guest   %wait    %CPU   CPU  Command
12:09:58 PM 100998   3409775    0.00    0.00    0.00    0.00    0.00    10  postgres
12:09:58 PM 100998   3409776    0.00    0.00    0.00    0.00    0.00    14  postgres
12:09:58 PM 100998   3409778    0.00    0.00    0.00    0.00    0.00    14  postgres
12:09:58 PM 100998   3409779    0.00    0.00    0.00    0.00    0.00    12  postgres
12:09:58 PM 100998   3409857    0.00    0.00    0.00    0.00    0.00    14  postgres
12:09:58 PM 100998   3409862    0.00    0.00    0.00    0.00    0.00    10  postgres
12:09:58 PM 100998   3409863    0.00    0.00    0.00    0.00    0.00    14  postgres
12:09:58 PM 100998   3409864    0.00    0.00    0.00    0.00    0.00    10  postgres
12:09:58 PM 100998   3409865    0.00    0.00    0.00    0.00    0.00    14  postgres
12:09:58 PM 100998   3409866    0.00    0.00    0.00    0.00    0.00    10  postgres
12:09:58 PM 100998   3409879    0.00    0.00    0.00    0.00    0.00    14  postgres
12:09:58 PM 100998   3409880    0.00    0.00    0.00    0.00    0.00    10  postgres
12:09:58 PM 100998   3409881    0.00    0.00    0.00    0.00    0.00    14  postgres
12:09:58 PM 100998   3409882    0.00    0.00    0.00    0.00    0.00    10  postgres

12:09:58 PM   UID       PID    %usr %system  %guest   %wait    %CPU   CPU  Command
12:09:59 PM 100998   3409775    0.00    0.00    0.00    0.00    0.00    10  postgres
12:09:59 PM 100998   3409776    0.00    0.00    0.00    0.00    0.00    14  postgres
12:09:59 PM 100998   3409778    0.00    0.00    0.00    0.00    0.00    14  postgres
12:09:59 PM 100998   3409779    0.00    0.00    0.00    0.00    0.00    12  postgres
12:09:59 PM 100998   3409857    0.00    0.00    0.00    0.00    0.00    14  postgres
12:09:59 PM 100998   3409862    0.00    0.00    0.00    0.00    0.00    10  postgres
12:09:59 PM 100998   3409863    0.00    0.00    0.00    0.00    0.00    14  postgres
12:09:59 PM 100998   3409864    0.00    0.00    0.00    0.00    0.00    10  postgres
12:09:59 PM 100998   3409865    0.00    0.00    0.00    0.00    0.00    14  postgres
12:09:59 PM 100998   3409866    0.00    0.00    0.00    0.00    0.00    10  postgres
12:09:59 PM 100998   3409879    0.00    0.00    0.00    0.00    0.00    14  postgres
12:09:59 PM 100998   3409880    0.00    0.00    0.00    0.00    0.00    10  postgres
12:09:59 PM 100998   3409881    0.00    0.00    0.00    0.00    0.00    14  postgres
12:09:59 PM 100998   3409882    0.00    0.00    0.00    0.00    0.00    10  postgres

12:09:59 PM   UID       PID    %usr %system  %guest   %wait    %CPU   CPU  Command
12:10:00 PM 100998   3409775    0.00    0.00    0.00    0.00    0.00    10  postgres
12:10:00 PM 100998   3409776    0.00    0.00    0.00    0.00    0.00    14  postgres
12:10:00 PM 100998   3409778    0.00    0.00    0.00    0.00    0.00    14  postgres
12:10:00 PM 100998   3409779    0.00    0.00    0.00    0.00    0.00    12  postgres
12:10:00 PM 100998   3409857    0.00    0.00    0.00    0.00    0.00    14  postgres
12:10:00 PM 100998   3409862    0.00    0.00    0.00    0.00    0.00    10  postgres
12:10:00 PM 100998   3409863    0.00    0.00    0.00    0.00    0.00    14  postgres
12:10:00 PM 100998   3409864    0.00    0.00    0.00    0.00    0.00    10  postgres
12:10:00 PM 100998   3409865    0.00    0.00    0.00    0.00    0.00    14  postgres
12:10:00 PM 100998   3409866    0.00    0.00    0.00    0.00    0.00    10  postgres
12:10:00 PM 100998   3409879    0.00    0.00    0.00    0.00    0.00    14  postgres
12:10:00 PM 100998   3409880    0.00    0.00    0.00    0.00    0.00    10  postgres
12:10:00 PM 100998   3409881    0.00    0.00    0.00    0.00    0.00    14  postgres
12:10:00 PM 100998   3409882    0.00    0.00    0.00    0.00    0.00    10  postgres

12:10:00 PM   UID       PID    %usr %system  %guest   %wait    %CPU   CPU  Command
12:10:01 PM 100998   3409775    0.00    0.00    0.00    0.00    0.00    10  postgres
12:10:01 PM 100998   3409776    0.00    0.00    0.00    0.00    0.00    14  postgres
12:10:01 PM 100998   3409778    0.00    0.00    0.00    0.00    0.00    14  postgres
12:10:01 PM 100998   3409779    0.00    0.00    0.00    0.00    0.00    12  postgres
12:10:01 PM 100998   3409857    1.00    0.00    0.00    0.00    1.00    14  postgres
12:10:01 PM 100998   3409862    0.00    0.00    0.00    0.00    0.00    14  postgres
12:10:01 PM 100998   3409863    0.00    1.00    0.00    0.00    1.00    12  postgres
12:10:01 PM 100998   3409864    0.00    0.00    0.00    0.00    0.00    14  postgres
12:10:01 PM 100998   3409865    0.00    0.00    0.00    0.00    0.00    10  postgres
12:10:01 PM 100998   3409866    0.00    0.00    0.00    0.00    0.00    10  postgres
12:10:01 PM 100998   3409879    0.00    0.00    0.00    0.00    0.00    10  postgres
12:10:01 PM 100998   3409880    1.00    0.00    0.00    0.00    1.00    12  postgres
12:10:01 PM 100998   3409881    0.00    0.00    0.00    0.00    0.00    14  postgres
12:10:01 PM 100998   3409882    0.00    0.00    0.00    0.00    0.00    10  postgres

12:10:01 PM   UID       PID    %usr %system  %guest   %wait    %CPU   CPU  Command
12:10:02 PM 100998   3409775    0.00    0.00    0.00    0.00    0.00    10  postgres
12:10:02 PM 100998   3409776    0.00    0.00    0.00    0.00    0.00    14  postgres
12:10:02 PM 100998   3409778    0.00    0.00    0.00    0.00    0.00    14  postgres
12:10:02 PM 100998   3409779    0.00    0.00    0.00    0.00    0.00    12  postgres
12:10:02 PM 100998   3409857    2.00    3.00    0.00    0.00    5.00    12  postgres
12:10:02 PM 100998   3409862    3.00    2.00    0.00    0.00    5.00    10  postgres
12:10:02 PM 100998   3409863    2.00    1.00    0.00    0.00    3.00    14  postgres
12:10:02 PM 100998   3409864    2.00    3.00    0.00    0.00    5.00    14  postgres
12:10:02 PM 100998   3409865    3.00    2.00    0.00    0.00    5.00    10  postgres
12:10:02 PM 100998   3409866    2.00    2.00    0.00    0.00    4.00    12  postgres
12:10:02 PM 100998   3409879    2.00    2.00    0.00    0.00    4.00    10  postgres
12:10:02 PM 100998   3409880    2.00    2.00    0.00    0.00    4.00    14  postgres
12:10:02 PM 100998   3409881    3.00    2.00    0.00    0.00    5.00    12  postgres
12:10:02 PM 100998   3409882    3.00    2.00    0.00    0.00    5.00    14  postgres

12:10:02 PM   UID       PID    %usr %system  %guest   %wait    %CPU   CPU  Command
12:10:03 PM 100998   3409775    0.00    0.00    0.00    0.00    0.00    10  postgres
12:10:03 PM 100998   3409776    0.00    0.00    0.00    0.00    0.00    12  postgres
12:10:03 PM 100998   3409778    0.00    0.00    0.00    0.00    0.00    14  postgres
12:10:03 PM 100998   3409779    0.00    0.00    0.00    0.00    0.00    12  postgres
12:10:03 PM 100998   3409857    2.00    3.00    0.00    0.00    5.00    12  postgres
12:10:03 PM 100998   3409862    3.00    2.00    0.00    0.00    5.00    14  postgres
12:10:03 PM 100998   3409863    2.00    3.00    0.00    0.00    5.00    10  postgres
12:10:03 PM 100998   3409864    3.00    1.00    0.00    0.00    4.00    12  postgres
12:10:03 PM 100998   3409865    1.00    3.00    0.00    0.00    4.00    10  postgres
12:10:03 PM 100998   3409866    3.00    2.00    0.00    0.00    5.00    12  postgres
12:10:03 PM 100998   3409879    3.00    2.00    0.00    0.00    5.00    12  postgres
12:10:03 PM 100998   3409880    3.00    1.00    0.00    0.00    4.00    10  postgres
12:10:03 PM 100998   3409881    1.00    3.00    0.00    0.00    4.00    14  postgres
12:10:03 PM 100998   3409882    2.00    2.00    0.00    0.00    4.00    10  postgres

12:10:03 PM   UID       PID    %usr %system  %guest   %wait    %CPU   CPU  Command
12:10:04 PM 100998   3409775    0.00    0.00    0.00    0.00    0.00    10  postgres
12:10:04 PM 100998   3409776    0.00    0.00    0.00    0.00    0.00    12  postgres
12:10:04 PM 100998   3409778    0.00    0.00    0.00    0.00    0.00    14  postgres
12:10:04 PM 100998   3409779    0.00    0.00    0.00    0.00    0.00    12  postgres
12:10:04 PM 100998   3409857    3.00    2.00    0.00    0.00    5.00    14  postgres
12:10:04 PM 100998   3409862    2.00    2.00    0.00    0.00    4.00    12  postgres
12:10:04 PM 100998   3409863    3.00    2.00    0.00    0.00    5.00    14  postgres
12:10:04 PM 100998   3409864    3.00    2.00    0.00    0.00    5.00    12  postgres
12:10:04 PM 100998   3409865    2.00    2.00    0.00    0.00    4.00    10  postgres
12:10:04 PM 100998   3409866    3.00    2.00    0.00    0.00    5.00    14  postgres
12:10:04 PM 100998   3409879    3.00    2.00    0.00    0.00    5.00    14  postgres
12:10:04 PM 100998   3409880    2.00    2.00    0.00    0.00    4.00    10  postgres
12:10:04 PM 100998   3409881    3.00    2.00    0.00    0.00    5.00    10  postgres
12:10:04 PM 100998   3409882    3.00    2.00    0.00    0.00    5.00    12  postgres

12:10:04 PM   UID       PID    %usr %system  %guest   %wait    %CPU   CPU  Command
12:10:05 PM 100998   3409775    0.00    0.00    0.00    0.00    0.00    10  postgres
12:10:05 PM 100998   3409776    0.00    0.00    0.00    0.00    0.00    12  postgres
12:10:05 PM 100998   3409778    0.00    0.00    0.00    0.00    0.00    14  postgres
12:10:05 PM 100998   3409779    0.00    0.00    0.00    0.00    0.00    12  postgres
12:10:05 PM 100998   3409857    2.00    2.00    0.00    0.00    4.00    12  postgres
12:10:05 PM 100998   3409862    3.00    1.00    0.00    0.00    4.00    12  postgres
12:10:05 PM 100998   3409863    2.00    2.00    0.00    0.00    4.00    12  postgres
12:10:05 PM 100998   3409864    1.00    2.00    0.00    0.00    3.00    14  postgres
12:10:05 PM 100998   3409865    3.00    1.00    0.00    0.00    4.00    12  postgres
12:10:05 PM 100998   3409866    2.00    2.00    0.00    0.00    4.00    12  postgres
12:10:05 PM 100998   3409879    2.00    2.00    0.00    0.00    4.00    14  postgres
12:10:05 PM 100998   3409880    2.00    2.00    0.00    0.00    4.00    10  postgres
12:10:05 PM 100998   3409881    3.00    2.00    0.00    0.00    5.00    14  postgres
12:10:05 PM 100998   3409882    2.00    2.00    0.00    0.00    4.00    14  postgres

12:10:05 PM   UID       PID    %usr %system  %guest   %wait    %CPU   CPU  Command
12:10:06 PM 100998   3409775    0.00    0.00    0.00    0.00    0.00    10  postgres
12:10:06 PM 100998   3409776    0.00    0.00    0.00    0.00    0.00    14  postgres
12:10:06 PM 100998   3409778    0.00    0.00    0.00    0.00    0.00    14  postgres
12:10:06 PM 100998   3409779    0.00    0.00    0.00    0.00    0.00    12  postgres
12:10:06 PM 100998   3409857    3.00    2.00    0.00    0.00    5.00    14  postgres
12:10:06 PM 100998   3409862    2.00    3.00    0.00    0.00    5.00    10  postgres
12:10:06 PM 100998   3409863    3.00    2.00    0.00    0.00    5.00    14  postgres
12:10:06 PM 100998   3409864    2.00    2.00    0.00    0.00    4.00    10  postgres
12:10:06 PM 100998   3409865    3.00    2.00    0.00    0.00    5.00    12  postgres
12:10:06 PM 100998   3409866    3.00    3.00    0.00    0.00    6.00    14  postgres
12:10:06 PM 100998   3409879    1.00    2.00    0.00    0.00    3.00    10  postgres
12:10:06 PM 100998   3409880    2.00    4.00    0.00    0.00    6.00    14  postgres
12:10:06 PM 100998   3409881    2.00    3.00    0.00    0.00    5.00    12  postgres
12:10:06 PM 100998   3409882    2.00    2.00    0.00    0.00    4.00    12  postgres

12:10:06 PM   UID       PID    %usr %system  %guest   %wait    %CPU   CPU  Command
12:10:07 PM 100998   3409775    0.00    0.00    0.00    0.00    0.00    10  postgres
12:10:07 PM 100998   3409776    0.00    0.00    0.00    0.00    0.00    10  postgres
12:10:07 PM 100998   3409778    0.00    0.00    0.00    0.00    0.00    14  postgres
12:10:07 PM 100998   3409779    0.00    0.00    0.00    0.00    0.00    12  postgres
12:10:07 PM 100998   3409857    2.00    2.00    0.00    0.00    4.00    10  postgres
12:10:07 PM 100998   3409862    2.00    2.00    0.00    0.00    4.00    14  postgres
12:10:07 PM 100998   3409863    2.00    1.00    0.00    0.00    3.00    12  postgres
12:10:07 PM 100998   3409864    2.00    2.00    0.00    0.00    4.00    12  postgres
12:10:07 PM 100998   3409865    2.00    1.00    0.00    0.00    3.00    10  postgres
12:10:07 PM 100998   3409866    2.00    3.00    0.00    0.00    5.00    10  postgres
12:10:07 PM 100998   3409879    2.00    2.00    0.00    0.00    4.00    14  postgres
12:10:07 PM 100998   3409880    2.00    2.00    0.00    0.00    4.00    12  postgres
12:10:07 PM 100998   3409881    2.00    3.00    0.00    0.00    5.00    10  postgres
12:10:07 PM 100998   3409882    2.00    2.00    0.00    0.00    4.00    10  postgres

12:10:07 PM   UID       PID    %usr %system  %guest   %wait    %CPU   CPU  Command
12:10:08 PM 100998   3409775    0.00    0.00    0.00    0.00    0.00    10  postgres
12:10:08 PM 100998   3409776    0.00    0.00    0.00    0.00    0.00    14  postgres
12:10:08 PM 100998   3409778    0.00    0.00    0.00    0.00    0.00    14  postgres
12:10:08 PM 100998   3409779    0.00    0.00    0.00    0.00    0.00    12  postgres
12:10:08 PM 100998   3409857    2.00    3.00    0.00    0.00    5.00    12  postgres
12:10:08 PM 100998   3409862    3.00    2.00    0.00    0.00    5.00    14  postgres
12:10:08 PM 100998   3409863    2.00    2.00    0.00    0.00    4.00    10  postgres
12:10:08 PM 100998   3409864    3.00    2.00    0.00    0.00    5.00    10  postgres
12:10:08 PM 100998   3409865    2.00    2.00    0.00    0.00    4.00    14  postgres
12:10:08 PM 100998   3409866    2.00    2.00    0.00    0.00    4.00    14  postgres
12:10:08 PM 100998   3409879    2.00    2.00    0.00    0.00    4.00    10  postgres
12:10:08 PM 100998   3409880    2.00    3.00    0.00    0.00    5.00    10  postgres
12:10:08 PM 100998   3409881    2.00    2.00    0.00    0.00    4.00    12  postgres
12:10:08 PM 100998   3409882    3.00    1.00    0.00    0.00    4.00    12  postgres

12:10:08 PM   UID       PID    %usr %system  %guest   %wait    %CPU   CPU  Command
12:10:09 PM 100998   3409775    0.00    0.00    0.00    0.00    0.00    10  postgres
12:10:09 PM 100998   3409776    0.00    0.00    0.00    0.00    0.00    10  postgres
12:10:09 PM 100998   3409778    0.00    0.00    0.00    0.00    0.00    14  postgres
12:10:09 PM 100998   3409779    0.00    0.00    0.00    0.00    0.00    12  postgres
12:10:09 PM 100998   3409857    3.00    1.00    0.00    0.00    4.00    10  postgres
12:10:09 PM 100998   3409862    2.00    2.00    0.00    0.00    4.00    10  postgres
12:10:09 PM 100998   3409863    2.00    2.00    0.00    0.00    4.00    12  postgres
12:10:09 PM 100998   3409864    2.00    3.00    0.00    0.00    5.00    10  postgres
12:10:09 PM 100998   3409865    3.00    2.00    0.00    0.00    5.00    10  postgres
12:10:09 PM 100998   3409866    3.00    1.00    0.00    0.00    4.00    10  postgres
12:10:09 PM 100998   3409879    3.00    2.00    0.00    0.00    5.00    12  postgres
12:10:09 PM 100998   3409880    2.00    2.00    0.00    0.00    4.00    14  postgres
12:10:09 PM 100998   3409881    2.00    2.00    0.00    0.00    4.00    14  postgres
12:10:09 PM 100998   3409882    2.00    3.00    0.00    0.00    5.00    10  postgres

12:10:09 PM   UID       PID    %usr %system  %guest   %wait    %CPU   CPU  Command
12:10:10 PM 100998   3409775    0.00    0.00    0.00    0.00    0.00    10  postgres
12:10:10 PM 100998   3409776    0.00    0.00    0.00    0.00    0.00    10  postgres
12:10:10 PM 100998   3409778    0.00    0.00    0.00    0.00    0.00    14  postgres
12:10:10 PM 100998   3409779    0.00    0.00    0.00    0.00    0.00    12  postgres
12:10:10 PM 100998   3409857    1.00    3.00    0.00    0.00    4.00    14  postgres
12:10:10 PM 100998   3409862    1.00    3.00    0.00    0.00    4.00    12  postgres
12:10:10 PM 100998   3409863    2.00    2.00    0.00    0.00    4.00    14  postgres
12:10:10 PM 100998   3409864    2.00    2.00    0.00    0.00    4.00    10  postgres
12:10:10 PM 100998   3409865    2.00    2.00    0.00    0.00    4.00    10  postgres
12:10:10 PM 100998   3409866    2.00    3.00    0.00    0.00    5.00    14  postgres
12:10:10 PM 100998   3409879    3.00    2.00    0.00    0.00    5.00    12  postgres
12:10:10 PM 100998   3409880    3.00    2.00    0.00    0.00    5.00    12  postgres
12:10:10 PM 100998   3409881    2.00    2.00    0.00    0.00    4.00    10  postgres
12:10:10 PM 100998   3409882    2.00    2.00    0.00    0.00    4.00    14  postgres

12:10:10 PM   UID       PID    %usr %system  %guest   %wait    %CPU   CPU  Command
12:10:11 PM 100998   3409775    0.00    0.00    0.00    0.00    0.00    10  postgres
12:10:11 PM 100998   3409776    0.00    0.00    0.00    0.00    0.00    10  postgres
12:10:11 PM 100998   3409778    0.00    0.00    0.00    0.00    0.00    14  postgres
12:10:11 PM 100998   3409779    0.00    0.00    0.00    0.00    0.00    12  postgres
12:10:11 PM 100998   3409857    3.00    2.00    0.00    0.00    5.00    12  postgres
12:10:11 PM 100998   3409862    2.00    2.00    0.00    0.00    4.00    10  postgres
12:10:11 PM 100998   3409863    2.00    2.00    0.00    0.00    4.00    10  postgres
12:10:11 PM 100998   3409864    2.00    3.00    0.00    0.00    5.00    12  postgres
12:10:11 PM 100998   3409865    3.00    2.00    0.00    0.00    5.00    10  postgres
12:10:11 PM 100998   3409866    2.00    2.00    0.00    0.00    4.00    10  postgres
12:10:11 PM 100998   3409879    2.00    2.00    0.00    0.00    4.00    14  postgres
12:10:11 PM 100998   3409880    2.00    3.00    0.00    0.00    5.00    10  postgres
12:10:11 PM 100998   3409881    3.00    2.00    0.00    0.00    5.00    12  postgres
12:10:11 PM 100998   3409882    1.00    2.00    0.00    0.00    3.00    14  postgres

12:10:11 PM   UID       PID    %usr %system  %guest   %wait    %CPU   CPU  Command
12:10:12 PM 100998   3409775    0.00    0.00    0.00    0.00    0.00    10  postgres
12:10:12 PM 100998   3409776    0.00    0.00    0.00    0.00    0.00    14  postgres
12:10:12 PM 100998   3409778    0.00    0.00    0.00    0.00    0.00    14  postgres
12:10:12 PM 100998   3409779    0.00    0.00    0.00    0.00    0.00    12  postgres
12:10:12 PM 100998   3409857    3.00    1.00    0.00    0.00    4.00    12  postgres
12:10:12 PM 100998   3409862    3.00    2.00    0.00    0.00    5.00    12  postgres
12:10:12 PM 100998   3409863    2.00    2.00    0.00    0.00    4.00    14  postgres
12:10:12 PM 100998   3409864    3.00    2.00    0.00    0.00    5.00    10  postgres
12:10:12 PM 100998   3409865    2.00    2.00    0.00    0.00    4.00    10  postgres
12:10:12 PM 100998   3409866    2.00    2.00    0.00    0.00    4.00    10  postgres
12:10:12 PM 100998   3409879    3.00    2.00    0.00    0.00    5.00    14  postgres
12:10:12 PM 100998   3409880    2.00    2.00    0.00    0.00    4.00    12  postgres
12:10:12 PM 100998   3409881    2.00    2.00    0.00    0.00    4.00    14  postgres
12:10:12 PM 100998   3409882    3.00    2.00    0.00    0.00    5.00    12  postgres

12:10:12 PM   UID       PID    %usr %system  %guest   %wait    %CPU   CPU  Command
12:10:13 PM 100998   3409775    0.00    0.00    0.00    0.00    0.00    10  postgres
12:10:13 PM 100998   3409776    0.00    0.00    0.00    0.00    0.00    14  postgres
12:10:13 PM 100998   3409778    0.00    0.00    0.00    0.00    0.00    14  postgres
12:10:13 PM 100998   3409779    0.00    0.00    0.00    0.00    0.00    12  postgres
12:10:13 PM 100998   3409857    2.00    3.00    0.00    0.00    5.00    10  postgres
12:10:13 PM 100998   3409862    2.00    1.00    0.00    0.00    3.00    14  postgres
12:10:13 PM 100998   3409863    2.00    3.00    0.00    0.00    5.00    14  postgres
12:10:13 PM 100998   3409864    2.00    2.00    0.00    0.00    4.00    10  postgres
12:10:13 PM 100998   3409865    2.00    2.00    0.00    0.00    4.00    10  postgres
12:10:13 PM 100998   3409866    2.00    2.00    0.00    0.00    4.00    10  postgres
12:10:13 PM 100998   3409879    2.00    2.00    0.00    0.00    4.00    10  postgres
12:10:13 PM 100998   3409880    2.00    2.00    0.00    0.00    4.00    12  postgres
12:10:13 PM 100998   3409881    2.00    2.00    0.00    0.00    4.00    12  postgres
12:10:13 PM 100998   3409882    2.00    2.00    0.00    0.00    4.00    14  postgres

12:10:13 PM   UID       PID    %usr %system  %guest   %wait    %CPU   CPU  Command
12:10:14 PM 100998   3409775    0.00    0.00    0.00    0.00    0.00    10  postgres
12:10:14 PM 100998   3409776    0.00    0.00    0.00    0.00    0.00    14  postgres
12:10:14 PM 100998   3409778    0.00    0.00    0.00    0.00    0.00    14  postgres
12:10:14 PM 100998   3409779    0.00    0.00    0.00    0.00    0.00    12  postgres
12:10:14 PM 100998   3409857    2.00    3.00    0.00    0.00    5.00    10  postgres
12:10:14 PM 100998   3409862    2.00    2.00    0.00    0.00    4.00    14  postgres
12:10:14 PM 100998   3409863    2.00    2.00    0.00    0.00    4.00    10  postgres
12:10:14 PM 100998   3409864    2.00    3.00    0.00    0.00    5.00    10  postgres
12:10:14 PM 100998   3409865    3.00    3.00    0.00    0.00    6.00    10  postgres
12:10:14 PM 100998   3409866    2.00    2.00    0.00    0.00    4.00    12  postgres
12:10:14 PM 100998   3409879    2.00    2.00    0.00    0.00    4.00    12  postgres
12:10:14 PM 100998   3409880    3.00    2.00    0.00    0.00    5.00    12  postgres
12:10:14 PM 100998   3409881    3.00    2.00    0.00    0.00    5.00    10  postgres
12:10:14 PM 100998   3409882    2.00    2.00    0.00    0.00    4.00    10  postgres

12:10:14 PM   UID       PID    %usr %system  %guest   %wait    %CPU   CPU  Command
12:10:15 PM 100998   3409775    0.00    0.00    0.00    0.00    0.00    10  postgres
12:10:15 PM 100998   3409776    0.00    0.00    0.00    0.00    0.00    14  postgres
12:10:15 PM 100998   3409778    0.00    0.00    0.00    0.00    0.00    14  postgres
12:10:15 PM 100998   3409779    0.00    0.00    0.00    0.00    0.00    12  postgres
12:10:15 PM 100998   3409857    2.00    1.00    0.00    0.00    3.00    10  postgres
12:10:15 PM 100998   3409862    3.00    3.00    0.00    0.00    6.00    12  postgres
12:10:15 PM 100998   3409863    3.00    3.00    0.00    0.00    6.00    10  postgres
12:10:15 PM 100998   3409864    3.00    2.00    0.00    0.00    5.00    12  postgres
12:10:15 PM 100998   3409865    2.00    2.00    0.00    0.00    4.00    14  postgres
12:10:15 PM 100998   3409866    2.00    2.00    0.00    0.00    4.00    14  postgres
12:10:15 PM 100998   3409879    3.00    2.00    0.00    0.00    5.00    14  postgres
12:10:15 PM 100998   3409880    2.00    1.00    0.00    0.00    3.00    12  postgres
12:10:15 PM 100998   3409881    2.00    2.00    0.00    0.00    4.00    14  postgres
12:10:15 PM 100998   3409882    3.00    2.00    0.00    0.00    5.00    12  postgres

12:10:15 PM   UID       PID    %usr %system  %guest   %wait    %CPU   CPU  Command
12:10:16 PM 100998   3409775    0.00    0.00    0.00    0.00    0.00    10  postgres
12:10:16 PM 100998   3409776    0.00    0.00    0.00    0.00    0.00    14  postgres
12:10:16 PM 100998   3409778    0.00    0.00    0.00    0.00    0.00    14  postgres
12:10:16 PM 100998   3409779    0.00    0.00    0.00    0.00    0.00    12  postgres
12:10:16 PM 100998   3409857    2.00    3.00    0.00    0.00    5.00    14  postgres
12:10:16 PM 100998   3409862    3.00    1.00    0.00    0.00    4.00    14  postgres
12:10:16 PM 100998   3409863    2.00    2.00    0.00    0.00    4.00    12  postgres
12:10:16 PM 100998   3409864    1.00    2.00    0.00    0.00    3.00    12  postgres
12:10:16 PM 100998   3409865    2.00    2.00    0.00    0.00    4.00    10  postgres
12:10:16 PM 100998   3409866    2.00    2.00    0.00    0.00    4.00    10  postgres
12:10:16 PM 100998   3409879    2.00    2.00    0.00    0.00    4.00    12  postgres
12:10:16 PM 100998   3409880    2.00    2.00    0.00    0.00    4.00    12  postgres
12:10:16 PM 100998   3409881    2.00    2.00    0.00    0.00    4.00    14  postgres
12:10:16 PM 100998   3409882    2.00    3.00    0.00    0.00    5.00    14  postgres

12:10:16 PM   UID       PID    %usr %system  %guest   %wait    %CPU   CPU  Command
12:10:17 PM 100998   3409775    0.00    0.00    0.00    0.00    0.00    10  postgres
12:10:17 PM 100998   3409776    0.00    0.00    0.00    0.00    0.00    14  postgres
12:10:17 PM 100998   3409778    0.00    0.00    0.00    0.00    0.00    14  postgres
12:10:17 PM 100998   3409779    0.00    0.00    0.00    0.00    0.00    12  postgres
12:10:17 PM 100998   3409857    3.00    1.00    0.00    0.00    4.00    14  postgres
12:10:17 PM 100998   3409862    2.00    2.00    0.00    0.00    4.00    12  postgres
12:10:17 PM 100998   3409863    2.00    2.00    0.00    0.00    4.00    12  postgres
12:10:17 PM 100998   3409864    2.00    2.00    0.00    0.00    4.00    14  postgres
12:10:17 PM 100998   3409865    2.00    2.00    0.00    0.00    4.00    10  postgres
12:10:17 PM 100998   3409866    3.00    2.00    0.00    0.00    5.00    12  postgres
12:10:17 PM 100998   3409879    3.00    2.00    0.00    0.00    5.00    12  postgres
12:10:17 PM 100998   3409880    2.00    2.00    0.00    0.00    4.00    14  postgres
12:10:17 PM 100998   3409881    2.00    3.00    0.00    0.00    5.00    12  postgres
12:10:17 PM 100998   3409882    3.00    2.00    0.00    0.00    5.00    10  postgres

12:10:17 PM   UID       PID    %usr %system  %guest   %wait    %CPU   CPU  Command
12:10:18 PM 100998   3409775    0.00    0.00    0.00    0.00    0.00    10  postgres
12:10:18 PM 100998   3409776    0.00    0.00    0.00    0.00    0.00    10  postgres
12:10:18 PM 100998   3409778    0.00    0.00    0.00    0.00    0.00    14  postgres
12:10:18 PM 100998   3409779    0.00    0.00    0.00    0.00    0.00    12  postgres
12:10:18 PM 100998   3409857    2.00    2.00    0.00    0.00    4.00    14  postgres
12:10:18 PM 100998   3409862    3.00    2.00    0.00    0.00    5.00    14  postgres
12:10:18 PM 100998   3409863    3.00    2.00    0.00    0.00    5.00    10  postgres
12:10:18 PM 100998   3409864    2.00    3.00    0.00    0.00    5.00    12  postgres
12:10:18 PM 100998   3409865    2.00    3.00    0.00    0.00    5.00    12  postgres
12:10:18 PM 100998   3409866    2.00    2.00    0.00    0.00    4.00    10  postgres
12:10:18 PM 100998   3409879    2.00    2.00    0.00    0.00    4.00    10  postgres
12:10:18 PM 100998   3409880    2.00    2.00    0.00    0.00    4.00    14  postgres
12:10:18 PM 100998   3409881    3.00    1.00    0.00    0.00    4.00    10  postgres
12:10:18 PM 100998   3409882    2.00    2.00    0.00    0.00    4.00    14  postgres

12:10:18 PM   UID       PID    %usr %system  %guest   %wait    %CPU   CPU  Command
12:10:19 PM 100998   3409775    0.00    0.00    0.00    0.00    0.00    10  postgres
12:10:19 PM 100998   3409776    0.00    0.00    0.00    0.00    0.00    10  postgres
12:10:19 PM 100998   3409778    0.00    0.00    0.00    0.00    0.00    14  postgres
12:10:19 PM 100998   3409779    0.00    0.00    0.00    0.00    0.00    12  postgres
12:10:19 PM 100998   3409857    2.00    2.00    0.00    0.00    4.00    14  postgres
12:10:19 PM 100998   3409862    2.00    3.00    0.00    0.00    5.00    14  postgres
12:10:19 PM 100998   3409863    2.00    2.00    0.00    0.00    4.00    14  postgres
12:10:19 PM 100998   3409864    3.00    2.00    0.00    0.00    5.00    10  postgres
12:10:19 PM 100998   3409865    2.00    3.00    0.00    0.00    5.00    12  postgres
12:10:19 PM 100998   3409866    2.00    2.00    0.00    0.00    4.00    12  postgres
12:10:19 PM 100998   3409879    2.00    2.00    0.00    0.00    4.00    12  postgres
12:10:19 PM 100998   3409880    2.00    3.00    0.00    0.00    5.00    14  postgres
12:10:19 PM 100998   3409881    2.00    2.00    0.00    0.00    4.00    12  postgres
12:10:19 PM 100998   3409882    2.00    2.00    0.00    0.00    4.00    10  postgres

12:10:19 PM   UID       PID    %usr %system  %guest   %wait    %CPU   CPU  Command
12:10:20 PM 100998   3409775    0.00    0.00    0.00    0.00    0.00    10  postgres
12:10:20 PM 100998   3409776    0.00    0.00    0.00    0.00    0.00    12  postgres
12:10:20 PM 100998   3409778    0.00    0.00    0.00    0.00    0.00    14  postgres
12:10:20 PM 100998   3409779    0.00    0.00    0.00    0.00    0.00    12  postgres
12:10:20 PM 100998   3409857    1.00    2.00    0.00    0.00    3.00    12  postgres
12:10:20 PM 100998   3409862    2.00    2.00    0.00    0.00    4.00    14  postgres
12:10:20 PM 100998   3409863    3.00    2.00    0.00    0.00    5.00    10  postgres
12:10:20 PM 100998   3409864    2.00    2.00    0.00    0.00    4.00    14  postgres
12:10:20 PM 100998   3409865    2.00    2.00    0.00    0.00    4.00    10  postgres
12:10:20 PM 100998   3409866    3.00    1.00    0.00    0.00    4.00    10  postgres
12:10:20 PM 100998   3409879    2.00    1.00    0.00    0.00    3.00    12  postgres
12:10:20 PM 100998   3409880    3.00    2.00    0.00    0.00    5.00    12  postgres
12:10:20 PM 100998   3409881    2.00    3.00    0.00    0.00    5.00    10  postgres
12:10:20 PM 100998   3409882    2.00    2.00    0.00    0.00    4.00    12  postgres

12:10:20 PM   UID       PID    %usr %system  %guest   %wait    %CPU   CPU  Command
12:10:21 PM 100998   3409775    0.00    0.00    0.00    0.00    0.00    10  postgres
12:10:21 PM 100998   3409776    0.00    0.00    0.00    0.00    0.00    10  postgres
12:10:21 PM 100998   3409778    0.00    0.00    0.00    0.00    0.00    14  postgres
12:10:21 PM 100998   3409779    0.00    0.00    0.00    0.00    0.00    12  postgres
12:10:21 PM 100998   3409857    3.00    2.00    0.00    0.00    5.00    14  postgres
12:10:21 PM 100998   3409862    2.00    2.00    0.00    0.00    4.00    14  postgres
12:10:21 PM 100998   3409863    3.00    1.00    0.00    0.00    4.00    12  postgres
12:10:21 PM 100998   3409864    3.00    3.00    0.00    0.00    6.00    14  postgres
12:10:21 PM 100998   3409865    3.00    1.00    0.00    0.00    4.00    10  postgres
12:10:21 PM 100998   3409866    3.00    2.00    0.00    0.00    5.00    10  postgres
12:10:21 PM 100998   3409879    3.00    2.00    0.00    0.00    5.00    12  postgres
12:10:21 PM 100998   3409880    1.00    2.00    0.00    0.00    3.00    10  postgres
12:10:21 PM 100998   3409881    2.00    1.00    0.00    0.00    3.00    14  postgres
12:10:21 PM 100998   3409882    3.00    3.00    0.00    0.00    6.00    10  postgres

12:10:21 PM   UID       PID    %usr %system  %guest   %wait    %CPU   CPU  Command
12:10:22 PM 100998   3409775    0.00    0.00    0.00    0.00    0.00    10  postgres
12:10:22 PM 100998   3409776    0.00    0.00    0.00    0.00    0.00    10  postgres
12:10:22 PM 100998   3409778    0.00    0.00    0.00    0.00    0.00    14  postgres
12:10:22 PM 100998   3409779    0.00    0.00    0.00    0.00    0.00    12  postgres
12:10:22 PM 100998   3409857    2.00    2.00    0.00    0.00    4.00    14  postgres
12:10:22 PM 100998   3409862    2.00    1.00    0.00    0.00    3.00    10  postgres
12:10:22 PM 100998   3409863    2.00    2.00    0.00    0.00    4.00    14  postgres
12:10:22 PM 100998   3409864    2.00    1.00    0.00    0.00    3.00    10  postgres
12:10:22 PM 100998   3409865    2.00    2.00    0.00    0.00    4.00    12  postgres
12:10:22 PM 100998   3409866    2.00    2.00    0.00    0.00    4.00    12  postgres
12:10:22 PM 100998   3409879    2.00    2.00    0.00    0.00    4.00    12  postgres
12:10:22 PM 100998   3409880    3.00    2.00    0.00    0.00    5.00    12  postgres
12:10:22 PM 100998   3409881    3.00    3.00    0.00    0.00    6.00    10  postgres
12:10:22 PM 100998   3409882    2.00    2.00    0.00    0.00    4.00    14  postgres

12:10:22 PM   UID       PID    %usr %system  %guest   %wait    %CPU   CPU  Command
12:10:23 PM 100998   3409775    0.00    0.00    0.00    0.00    0.00    10  postgres
12:10:23 PM 100998   3409776    0.00    0.00    0.00    0.00    0.00    14  postgres
12:10:23 PM 100998   3409778    0.00    0.00    0.00    0.00    0.00    14  postgres
12:10:23 PM 100998   3409779    0.00    0.00    0.00    0.00    0.00    12  postgres
12:10:23 PM 100998   3409857    2.00    2.00    0.00    0.00    4.00    14  postgres
12:10:23 PM 100998   3409862    2.00    3.00    0.00    0.00    5.00    12  postgres
12:10:23 PM 100998   3409863    2.00    2.00    0.00    0.00    4.00    12  postgres
12:10:23 PM 100998   3409864    2.00    3.00    0.00    0.00    5.00    10  postgres
12:10:23 PM 100998   3409865    2.00    2.00    0.00    0.00    4.00    14  postgres
12:10:23 PM 100998   3409866    3.00    2.00    0.00    0.00    5.00    14  postgres
12:10:23 PM 100998   3409879    2.00    3.00    0.00    0.00    5.00    14  postgres
12:10:23 PM 100998   3409880    3.00    2.00    0.00    0.00    5.00    10  postgres
12:10:23 PM 100998   3409881    2.00    2.00    0.00    0.00    4.00    10  postgres
12:10:23 PM 100998   3409882    2.00    2.00    0.00    0.00    4.00    10  postgres

12:10:23 PM   UID       PID    %usr %system  %guest   %wait    %CPU   CPU  Command
12:10:24 PM 100998   3409775    0.00    0.00    0.00    0.00    0.00    10  postgres
12:10:24 PM 100998   3409776    0.00    0.00    0.00    0.00    0.00    10  postgres
12:10:24 PM 100998   3409778    0.00    0.00    0.00    0.00    0.00    14  postgres
12:10:24 PM 100998   3409779    0.00    0.00    0.00    0.00    0.00    12  postgres
12:10:24 PM 100998   3409857    1.00    2.00    0.00    0.00    3.00    12  postgres
12:10:24 PM 100998   3409862    3.00    2.00    0.00    0.00    5.00    12  postgres
12:10:24 PM 100998   3409863    2.00    3.00    0.00    0.00    5.00    12  postgres
12:10:24 PM 100998   3409864    3.00    1.00    0.00    0.00    4.00    10  postgres
12:10:24 PM 100998   3409865    2.00    2.00    0.00    0.00    4.00    14  postgres
12:10:24 PM 100998   3409866    2.00    3.00    0.00    0.00    5.00    10  postgres
12:10:24 PM 100998   3409879    3.00    2.00    0.00    0.00    5.00    12  postgres
12:10:24 PM 100998   3409880    2.00    3.00    0.00    0.00    5.00    12  postgres
12:10:24 PM 100998   3409881    2.00    2.00    0.00    0.00    4.00    10  postgres
12:10:24 PM 100998   3409882    2.00    2.00    0.00    0.00    4.00    12  postgres

12:10:24 PM   UID       PID    %usr %system  %guest   %wait    %CPU   CPU  Command
12:10:25 PM 100998   3409775    0.00    0.00    0.00    0.00    0.00    10  postgres
12:10:25 PM 100998   3409776    0.00    0.00    0.00    0.00    0.00    14  postgres
12:10:25 PM 100998   3409778    0.00    0.00    0.00    0.00    0.00    14  postgres
12:10:25 PM 100998   3409779    0.00    0.00    0.00    0.00    0.00    12  postgres
12:10:25 PM 100998   3409857    3.00    2.00    0.00    0.00    5.00    14  postgres
12:10:25 PM 100998   3409862    2.00    2.00    0.00    0.00    4.00    12  postgres
12:10:25 PM 100998   3409863    2.00    1.00    0.00    0.00    3.00    12  postgres
12:10:25 PM 100998   3409864    2.00    3.00    0.00    0.00    5.00    12  postgres
12:10:25 PM 100998   3409865    3.00    2.00    0.00    0.00    5.00    10  postgres
12:10:25 PM 100998   3409866    3.00    2.00    0.00    0.00    5.00    12  postgres
12:10:25 PM 100998   3409879    2.00    2.00    0.00    0.00    4.00    12  postgres
12:10:25 PM 100998   3409880    2.00    1.00    0.00    0.00    3.00    14  postgres
12:10:25 PM 100998   3409881    3.00    2.00    0.00    0.00    5.00    14  postgres
12:10:25 PM 100998   3409882    1.00    3.00    0.00    0.00    4.00    10  postgres

12:10:25 PM   UID       PID    %usr %system  %guest   %wait    %CPU   CPU  Command
12:10:26 PM 100998   3409775    0.00    0.00    0.00    0.00    0.00    10  postgres
12:10:26 PM 100998   3409776    0.00    0.00    0.00    0.00    0.00    10  postgres
12:10:26 PM 100998   3409778    0.00    0.00    0.00    0.00    0.00    14  postgres
12:10:26 PM 100998   3409779    0.00    0.00    0.00    0.00    0.00    12  postgres
12:10:26 PM 100998   3409857    2.00    1.00    0.00    0.00    3.00    12  postgres
12:10:26 PM 100998   3409862    2.00    2.00    0.00    0.00    4.00    12  postgres
12:10:26 PM 100998   3409863    2.00    3.00    0.00    0.00    5.00    14  postgres
12:10:26 PM 100998   3409864    2.00    1.00    0.00    0.00    3.00    14  postgres
12:10:26 PM 100998   3409865    2.00    2.00    0.00    0.00    4.00    10  postgres
12:10:26 PM 100998   3409866    3.00    2.00    0.00    0.00    5.00    10  postgres
12:10:26 PM 100998   3409879    2.00    2.00    0.00    0.00    4.00    14  postgres
12:10:26 PM 100998   3409880    2.00    2.00    0.00    0.00    4.00    12  postgres
12:10:26 PM 100998   3409881    2.00    2.00    0.00    0.00    4.00    14  postgres
12:10:26 PM 100998   3409882    3.00    2.00    0.00    0.00    5.00    12  postgres

12:10:26 PM   UID       PID    %usr %system  %guest   %wait    %CPU   CPU  Command
12:10:27 PM 100998   3409775    0.00    0.00    0.00    0.00    0.00    10  postgres
12:10:27 PM 100998   3409776    0.00    0.00    0.00    0.00    0.00    12  postgres
12:10:27 PM 100998   3409778    0.00    0.00    0.00    0.00    0.00    14  postgres
12:10:27 PM 100998   3409779    0.00    0.00    0.00    0.00    0.00    12  postgres
12:10:27 PM 100998   3409857    2.00    2.00    0.00    0.00    4.00    14  postgres
12:10:27 PM 100998   3409862    3.00    3.00    0.00    0.00    6.00    14  postgres
12:10:27 PM 100998   3409863    2.00    2.00    0.00    0.00    4.00    10  postgres
12:10:27 PM 100998   3409864    2.00    2.00    0.00    0.00    4.00    10  postgres
12:10:27 PM 100998   3409865    2.00    2.00    0.00    0.00    4.00    12  postgres
12:10:27 PM 100998   3409866    2.00    2.00    0.00    0.00    4.00    12  postgres
12:10:27 PM 100998   3409879    2.00    3.00    0.00    0.00    5.00    10  postgres
12:10:27 PM 100998   3409880    2.00    2.00    0.00    0.00    4.00    12  postgres
12:10:27 PM 100998   3409881    2.00    2.00    0.00    0.00    4.00    12  postgres
12:10:27 PM 100998   3409882    3.00    2.00    0.00    0.00    5.00    14  postgres

12:10:27 PM   UID       PID    %usr %system  %guest   %wait    %CPU   CPU  Command
12:10:28 PM 100998   3409775    0.00    0.00    0.00    0.00    0.00    10  postgres
12:10:28 PM 100998   3409776    0.00    0.00    0.00    0.00    0.00    12  postgres
12:10:28 PM 100998   3409778    0.00    0.00    0.00    0.00    0.00    14  postgres
12:10:28 PM 100998   3409779    0.00    0.00    0.00    0.00    0.00    12  postgres
12:10:28 PM 100998   3409857    2.00    2.00    0.00    0.00    4.00    10  postgres
12:10:28 PM 100998   3409862    3.00    1.00    0.00    0.00    4.00    14  postgres
12:10:28 PM 100998   3409863    2.00    2.00    0.00    0.00    4.00    12  postgres
12:10:28 PM 100998   3409864    3.00    2.00    0.00    0.00    5.00    14  postgres
12:10:28 PM 100998   3409865    2.00    3.00    0.00    0.00    5.00    12  postgres
12:10:28 PM 100998   3409866    3.00    2.00    0.00    0.00    5.00    14  postgres
12:10:28 PM 100998   3409879    2.00    1.00    0.00    0.00    3.00    14  postgres
12:10:28 PM 100998   3409880    3.00    2.00    0.00    0.00    5.00    10  postgres
12:10:28 PM 100998   3409881    2.00    3.00    0.00    0.00    5.00    10  postgres
12:10:28 PM 100998   3409882    2.00    2.00    0.00    0.00    4.00    10  postgres

12:10:28 PM   UID       PID    %usr %system  %guest   %wait    %CPU   CPU  Command
12:10:29 PM 100998   3409775    0.00    0.00    0.00    0.00    0.00    10  postgres
12:10:29 PM 100998   3409776    0.00    0.00    0.00    0.00    0.00    12  postgres
12:10:29 PM 100998   3409778    0.00    0.00    0.00    0.00    0.00    14  postgres
12:10:29 PM 100998   3409779    0.00    0.00    0.00    0.00    0.00    12  postgres
12:10:29 PM 100998   3409857    2.00    2.00    0.00    0.00    4.00    14  postgres
12:10:29 PM 100998   3409862    2.00    2.00    0.00    0.00    4.00    14  postgres
12:10:29 PM 100998   3409863    2.00    2.00    0.00    0.00    4.00    12  postgres
12:10:29 PM 100998   3409864    3.00    2.00    0.00    0.00    5.00    10  postgres
12:10:29 PM 100998   3409865    2.00    1.00    0.00    0.00    3.00    10  postgres
12:10:29 PM 100998   3409866    2.00    2.00    0.00    0.00    4.00    10  postgres
12:10:29 PM 100998   3409879    2.00    2.00    0.00    0.00    4.00    12  postgres
12:10:29 PM 100998   3409880    2.00    3.00    0.00    0.00    5.00    12  postgres
12:10:29 PM 100998   3409881    3.00    2.00    0.00    0.00    5.00    14  postgres
12:10:29 PM 100998   3409882    2.00    2.00    0.00    0.00    4.00    14  postgres

12:10:29 PM   UID       PID    %usr %system  %guest   %wait    %CPU   CPU  Command
12:10:30 PM 100998   3409775    0.00    0.00    0.00    0.00    0.00    10  postgres
12:10:30 PM 100998   3409776    0.00    0.00    0.00    0.00    0.00    12  postgres
12:10:30 PM 100998   3409778    0.00    0.00    0.00    0.00    0.00    14  postgres
12:10:30 PM 100998   3409779    0.00    0.00    0.00    0.00    0.00    12  postgres
12:10:30 PM 100998   3409857    3.00    2.00    0.00    0.00    5.00    10  postgres
12:10:30 PM 100998   3409862    3.00    2.00    0.00    0.00    5.00    10  postgres
12:10:30 PM 100998   3409863    2.00    3.00    0.00    0.00    5.00    14  postgres
12:10:30 PM 100998   3409864    2.00    2.00    0.00    0.00    4.00    12  postgres
12:10:30 PM 100998   3409865    2.00    2.00    0.00    0.00    4.00    12  postgres
12:10:30 PM 100998   3409866    2.00    3.00    0.00    0.00    5.00    14  postgres
12:10:30 PM 100998   3409879    2.00    2.00    0.00    0.00    4.00    10  postgres
12:10:30 PM 100998   3409880    2.00    2.00    0.00    0.00    4.00    12  postgres
12:10:30 PM 100998   3409881    1.00    3.00    0.00    0.00    4.00    12  postgres
12:10:30 PM 100998   3409882    2.00    3.00    0.00    0.00    5.00    10  postgres

12:10:30 PM   UID       PID    %usr %system  %guest   %wait    %CPU   CPU  Command
12:10:31 PM 100998   3409775    0.00    0.00    0.00    0.00    0.00    10  postgres
12:10:31 PM 100998   3409776    0.00    0.00    0.00    0.00    0.00    12  postgres
12:10:31 PM 100998   3409778    0.00    0.00    0.00    0.00    0.00    14  postgres
12:10:31 PM 100998   3409779    0.00    0.00    0.00    0.00    0.00    12  postgres
12:10:31 PM 100998   3409857    2.00    2.00    0.00    0.00    4.00    14  postgres
12:10:31 PM 100998   3409862    2.00    2.00    0.00    0.00    4.00    14  postgres
12:10:31 PM 100998   3409863    2.00    1.00    0.00    0.00    3.00    14  postgres
12:10:31 PM 100998   3409864    2.00    2.00    0.00    0.00    4.00    10  postgres
12:10:31 PM 100998   3409865    3.00    2.00    0.00    0.00    5.00    10  postgres
12:10:31 PM 100998   3409866    2.00    2.00    0.00    0.00    4.00    14  postgres
12:10:31 PM 100998   3409879    2.00    2.00    0.00    0.00    4.00    12  postgres
12:10:31 PM 100998   3409880    3.00    3.00    0.00    0.00    6.00    12  postgres
12:10:31 PM 100998   3409881    2.00    2.00    0.00    0.00    4.00    10  postgres
12:10:31 PM 100998   3409882    3.00    2.00    0.00    0.00    5.00    10  postgres

12:10:31 PM   UID       PID    %usr %system  %guest   %wait    %CPU   CPU  Command
12:10:32 PM 100998   3409775    0.00    0.00    0.00    0.00    0.00    10  postgres
12:10:32 PM 100998   3409776    0.00    0.00    0.00    0.00    0.00    10  postgres
12:10:32 PM 100998   3409778    0.00    0.00    0.00    0.00    0.00    14  postgres
12:10:32 PM 100998   3409779    0.00    0.00    0.00    0.00    0.00    12  postgres
12:10:32 PM 100998   3409857    1.00    2.00    0.00    0.00    3.00    14  postgres
12:10:32 PM 100998   3409862    2.00    2.00    0.00    0.00    4.00    10  postgres
12:10:32 PM 100998   3409863    2.00    3.00    0.00    0.00    5.00    12  postgres
12:10:32 PM 100998   3409864    2.00    2.00    0.00    0.00    4.00    14  postgres
12:10:32 PM 100998   3409865    2.00    2.00    0.00    0.00    4.00    14  postgres
12:10:32 PM 100998   3409866    2.00    3.00    0.00    0.00    5.00    10  postgres
12:10:32 PM 100998   3409879    3.00    2.00    0.00    0.00    5.00    12  postgres
12:10:32 PM 100998   3409880    2.00    2.00    0.00    0.00    4.00    12  postgres
12:10:32 PM 100998   3409881    2.00    2.00    0.00    0.00    4.00    12  postgres
12:10:32 PM 100998   3409882    2.00    2.00    0.00    0.00    4.00    10  postgres

12:10:32 PM   UID       PID    %usr %system  %guest   %wait    %CPU   CPU  Command
12:10:33 PM 100998   3409775    0.00    0.00    0.00    0.00    0.00    10  postgres
12:10:33 PM 100998   3409776    0.00    0.00    0.00    0.00    0.00    12  postgres
12:10:33 PM 100998   3409778    0.00    0.00    0.00    0.00    0.00    14  postgres
12:10:33 PM 100998   3409779    0.00    0.00    0.00    0.00    0.00    12  postgres
12:10:33 PM 100998   3409857    3.00    2.00    0.00    0.00    5.00    10  postgres
12:10:33 PM 100998   3409862    2.00    2.00    0.00    0.00    4.00    10  postgres
12:10:33 PM 100998   3409863    3.00    2.00    0.00    0.00    5.00    12  postgres
12:10:33 PM 100998   3409864    3.00    2.00    0.00    0.00    5.00    10  postgres
12:10:33 PM 100998   3409865    3.00    2.00    0.00    0.00    5.00    14  postgres
12:10:33 PM 100998   3409866    3.00    2.00    0.00    0.00    5.00    12  postgres
12:10:33 PM 100998   3409879    2.00    1.00    0.00    0.00    3.00    10  postgres
12:10:33 PM 100998   3409880    3.00    2.00    0.00    0.00    5.00    10  postgres
12:10:33 PM 100998   3409881    2.00    2.00    0.00    0.00    4.00    12  postgres
12:10:33 PM 100998   3409882    3.00    1.00    0.00    0.00    4.00    12  postgres

12:10:33 PM   UID       PID    %usr %system  %guest   %wait    %CPU   CPU  Command
12:10:34 PM 100998   3409775    0.00    0.00    0.00    0.00    0.00    10  postgres
12:10:34 PM 100998   3409776    0.00    0.00    0.00    0.00    0.00    10  postgres
12:10:34 PM 100998   3409778    0.00    0.00    0.00    0.00    0.00    14  postgres
12:10:34 PM 100998   3409779    0.00    0.00    0.00    0.00    0.00    12  postgres
12:10:34 PM 100998   3409857    1.00    2.00    0.00    0.00    3.00    14  postgres
12:10:34 PM 100998   3409862    3.00    2.00    0.00    0.00    5.00    14  postgres
12:10:34 PM 100998   3409863    3.00    2.00    0.00    0.00    5.00    10  postgres
12:10:34 PM 100998   3409864    2.00    2.00    0.00    0.00    4.00    12  postgres
12:10:34 PM 100998   3409865    2.00    2.00    0.00    0.00    4.00    14  postgres
12:10:34 PM 100998   3409866    2.00    2.00    0.00    0.00    4.00    12  postgres
12:10:34 PM 100998   3409879    3.00    3.00    0.00    0.00    6.00    14  postgres
12:10:34 PM 100998   3409880    1.00    2.00    0.00    0.00    3.00    10  postgres
12:10:34 PM 100998   3409881    2.00    3.00    0.00    0.00    5.00    14  postgres
12:10:34 PM 100998   3409882    2.00    3.00    0.00    0.00    5.00    12  postgres

12:10:34 PM   UID       PID    %usr %system  %guest   %wait    %CPU   CPU  Command
12:10:35 PM 100998   3409775    0.00    0.00    0.00    0.00    0.00    10  postgres
12:10:35 PM 100998   3409776    0.00    0.00    0.00    0.00    0.00    10  postgres
12:10:35 PM 100998   3409778    0.00    0.00    0.00    0.00    0.00    14  postgres
12:10:35 PM 100998   3409779    0.00    0.00    0.00    0.00    0.00    12  postgres
12:10:35 PM 100998   3409857    3.00    2.00    0.00    0.00    5.00    10  postgres
12:10:35 PM 100998   3409862    1.00    3.00    0.00    0.00    4.00    12  postgres
12:10:35 PM 100998   3409863    2.00    1.00    0.00    0.00    3.00    14  postgres
12:10:35 PM 100998   3409864    2.00    2.00    0.00    0.00    4.00    10  postgres
12:10:35 PM 100998   3409865    2.00    2.00    0.00    0.00    4.00    12  postgres
12:10:35 PM 100998   3409866    2.00    2.00    0.00    0.00    4.00    14  postgres
12:10:35 PM 100998   3409879    2.00    2.00    0.00    0.00    4.00    10  postgres
12:10:35 PM 100998   3409880    2.00    3.00    0.00    0.00    5.00    12  postgres
12:10:35 PM 100998   3409881    1.00    2.00    0.00    0.00    3.00    10  postgres
12:10:35 PM 100998   3409882    2.00    2.00    0.00    0.00    4.00    14  postgres

12:10:35 PM   UID       PID    %usr %system  %guest   %wait    %CPU   CPU  Command
12:10:36 PM 100998   3409775    0.00    0.00    0.00    0.00    0.00    10  postgres
12:10:36 PM 100998   3409776    0.00    0.00    0.00    0.00    0.00    10  postgres
12:10:36 PM 100998   3409778    0.00    0.00    0.00    0.00    0.00    14  postgres
12:10:36 PM 100998   3409779    0.00    0.00    0.00    0.00    0.00    12  postgres
12:10:36 PM 100998   3409857    1.00    2.00    0.00    0.00    3.00    14  postgres
12:10:36 PM 100998   3409862    3.00    2.00    0.00    0.00    5.00    10  postgres
12:10:36 PM 100998   3409863    3.00    2.00    0.00    0.00    5.00    10  postgres
12:10:36 PM 100998   3409864    2.00    2.00    0.00    0.00    4.00    14  postgres
12:10:36 PM 100998   3409865    2.00    2.00    0.00    0.00    4.00    10  postgres
12:10:36 PM 100998   3409866    3.00    2.00    0.00    0.00    5.00    10  postgres
12:10:36 PM 100998   3409879    2.00    2.00    0.00    0.00    4.00    12  postgres
12:10:36 PM 100998   3409880    3.00    2.00    0.00    0.00    5.00    14  postgres
12:10:36 PM 100998   3409881    3.00    2.00    0.00    0.00    5.00    10  postgres
12:10:36 PM 100998   3409882    2.00    2.00    0.00    0.00    4.00    14  postgres

12:10:36 PM   UID       PID    %usr %system  %guest   %wait    %CPU   CPU  Command
12:10:37 PM 100998   3409775    0.00    0.00    0.00    0.00    0.00    10  postgres
12:10:37 PM 100998   3409776    0.00    0.00    0.00    0.00    0.00    12  postgres
12:10:37 PM 100998   3409778    0.00    0.00    0.00    0.00    0.00    14  postgres
12:10:37 PM 100998   3409779    0.00    0.00    0.00    0.00    0.00    12  postgres
12:10:37 PM 100998   3409857    2.00    3.00    0.00    0.00    5.00    10  postgres
12:10:37 PM 100998   3409862    2.00    2.00    0.00    0.00    4.00    14  postgres
12:10:37 PM 100998   3409863    2.00    1.00    0.00    0.00    3.00    12  postgres
12:10:37 PM 100998   3409864    2.00    3.00    0.00    0.00    5.00    10  postgres
12:10:37 PM 100998   3409865    3.00    3.00    0.00    0.00    6.00    14  postgres
12:10:37 PM 100998   3409866    1.00    2.00    0.00    0.00    3.00    12  postgres
12:10:37 PM 100998   3409879    3.00    3.00    0.00    0.00    6.00    12  postgres
12:10:37 PM 100998   3409880    3.00    1.00    0.00    0.00    4.00    14  postgres
12:10:37 PM 100998   3409881    2.00    2.00    0.00    0.00    4.00    12  postgres
12:10:37 PM 100998   3409882    3.00    2.00    0.00    0.00    5.00    14  postgres

12:10:37 PM   UID       PID    %usr %system  %guest   %wait    %CPU   CPU  Command
12:10:38 PM 100998   3409775    0.00    0.00    0.00    0.00    0.00    10  postgres
12:10:38 PM 100998   3409776    0.00    0.00    0.00    0.00    0.00    12  postgres
12:10:38 PM 100998   3409778    0.00    0.00    0.00    0.00    0.00    14  postgres
12:10:38 PM 100998   3409779    0.00    0.00    0.00    0.00    0.00    12  postgres
12:10:38 PM 100998   3409857    2.00    2.00    0.00    0.00    4.00    12  postgres
12:10:38 PM 100998   3409862    2.00    2.00    0.00    0.00    4.00    12  postgres
12:10:38 PM 100998   3409863    2.00    3.00    0.00    0.00    5.00    14  postgres
12:10:38 PM 100998   3409864    3.00    2.00    0.00    0.00    5.00    14  postgres
12:10:38 PM 100998   3409865    2.00    2.00    0.00    0.00    4.00    10  postgres
12:10:38 PM 100998   3409866    3.00    3.00    0.00    0.00    6.00    10  postgres
12:10:38 PM 100998   3409879    2.00    1.00    0.00    0.00    3.00    10  postgres
12:10:38 PM 100998   3409880    2.00    2.00    0.00    0.00    4.00    14  postgres
12:10:38 PM 100998   3409881    2.00    2.00    0.00    0.00    4.00    10  postgres
12:10:38 PM 100998   3409882    2.00    2.00    0.00    0.00    4.00    14  postgres

12:10:38 PM   UID       PID    %usr %system  %guest   %wait    %CPU   CPU  Command
12:10:39 PM 100998   3409775    0.00    0.00    0.00    0.00    0.00    10  postgres
12:10:39 PM 100998   3409776    0.00    0.00    0.00    0.00    0.00    12  postgres
12:10:39 PM 100998   3409778    0.00    0.00    0.00    0.00    0.00    14  postgres
12:10:39 PM 100998   3409779    0.00    0.00    0.00    0.00    0.00    12  postgres
12:10:39 PM 100998   3409857    3.00    2.00    0.00    0.00    5.00    14  postgres
12:10:39 PM 100998   3409862    3.00    2.00    0.00    0.00    5.00    14  postgres
12:10:39 PM 100998   3409863    2.00    1.00    0.00    0.00    3.00    10  postgres
12:10:39 PM 100998   3409864    2.00    2.00    0.00    0.00    4.00    12  postgres
12:10:39 PM 100998   3409865    2.00    3.00    0.00    0.00    5.00    10  postgres
12:10:39 PM 100998   3409866    2.00    2.00    0.00    0.00    4.00    12  postgres
12:10:39 PM 100998   3409879    2.00    2.00    0.00    0.00    4.00    12  postgres
12:10:39 PM 100998   3409880    2.00    2.00    0.00    0.00    4.00    10  postgres
12:10:39 PM 100998   3409881    3.00    2.00    0.00    0.00    5.00    12  postgres
12:10:39 PM 100998   3409882    2.00    2.00    0.00    0.00    4.00    10  postgres

12:10:39 PM   UID       PID    %usr %system  %guest   %wait    %CPU   CPU  Command
12:10:40 PM 100998   3409775    0.00    0.00    0.00    0.00    0.00    10  postgres
12:10:40 PM 100998   3409776    0.00    0.00    0.00    0.00    0.00    14  postgres
12:10:40 PM 100998   3409778    0.00    0.00    0.00    0.00    0.00    14  postgres
12:10:40 PM 100998   3409779    0.00    0.00    0.00    0.00    0.00    12  postgres
12:10:40 PM 100998   3409857    1.00    2.00    0.00    0.00    3.00    14  postgres
12:10:40 PM 100998   3409862    2.00    3.00    0.00    0.00    5.00    12  postgres
12:10:40 PM 100998   3409863    2.00    2.00    0.00    0.00    4.00    12  postgres
12:10:40 PM 100998   3409864    3.00    2.00    0.00    0.00    5.00    14  postgres
12:10:40 PM 100998   3409865    2.00    2.00    0.00    0.00    4.00    14  postgres
12:10:40 PM 100998   3409866    2.00    2.00    0.00    0.00    4.00    10  postgres
12:10:40 PM 100998   3409879    2.00    3.00    0.00    0.00    5.00    10  postgres
12:10:40 PM 100998   3409880    2.00    3.00    0.00    0.00    5.00    14  postgres
12:10:40 PM 100998   3409881    2.00    2.00    0.00    0.00    4.00    10  postgres
12:10:40 PM 100998   3409882    2.00    2.00    0.00    0.00    4.00    12  postgres

12:10:40 PM   UID       PID    %usr %system  %guest   %wait    %CPU   CPU  Command
12:10:41 PM 100998   3409775    0.00    0.00    0.00    0.00    0.00    10  postgres
12:10:41 PM 100998   3409776    0.00    0.00    0.00    0.00    0.00    14  postgres
12:10:41 PM 100998   3409778    0.00    0.00    0.00    0.00    0.00    14  postgres
12:10:41 PM 100998   3409779    0.00    0.00    0.00    0.00    0.00    12  postgres
12:10:41 PM 100998   3409857    3.00    3.00    0.00    0.00    6.00    14  postgres
12:10:41 PM 100998   3409862    2.00    2.00    0.00    0.00    4.00    12  postgres
12:10:41 PM 100998   3409863    3.00    2.00    0.00    0.00    5.00    12  postgres
12:10:41 PM 100998   3409864    2.00    2.00    0.00    0.00    4.00    10  postgres
12:10:41 PM 100998   3409865    1.00    2.00    0.00    0.00    3.00    14  postgres
12:10:41 PM 100998   3409866    3.00    1.00    0.00    0.00    4.00    10  postgres
12:10:41 PM 100998   3409879    3.00    2.00    0.00    0.00    5.00    14  postgres
12:10:41 PM 100998   3409880    2.00    1.00    0.00    0.00    3.00    14  postgres
12:10:41 PM 100998   3409881    3.00    2.00    0.00    0.00    5.00    10  postgres
12:10:41 PM 100998   3409882    3.00    2.00    0.00    0.00    5.00    14  postgres

12:10:41 PM   UID       PID    %usr %system  %guest   %wait    %CPU   CPU  Command
12:10:42 PM 100998   3409775    0.00    0.00    0.00    0.00    0.00    10  postgres
12:10:42 PM 100998   3409776    0.00    0.00    0.00    0.00    0.00    12  postgres
12:10:42 PM 100998   3409778    0.00    0.00    0.00    0.00    0.00    14  postgres
12:10:42 PM 100998   3409779    0.00    0.00    0.00    0.00    0.00    12  postgres
12:10:42 PM 100998   3409857    2.00    2.00    0.00    0.00    4.00    12  postgres
12:10:42 PM 100998   3409862    2.00    2.00    0.00    0.00    4.00    14  postgres
12:10:42 PM 100998   3409863    2.00    1.00    0.00    0.00    3.00    12  postgres
12:10:42 PM 100998   3409864    2.00    2.00    0.00    0.00    4.00    12  postgres
12:10:42 PM 100998   3409865    3.00    1.00    0.00    0.00    4.00    10  postgres
12:10:42 PM 100998   3409866    3.00    2.00    0.00    0.00    5.00    14  postgres
12:10:42 PM 100998   3409879    2.00    2.00    0.00    0.00    4.00    10  postgres
12:10:42 PM 100998   3409880    2.00    2.00    0.00    0.00    4.00    14  postgres
12:10:42 PM 100998   3409881    1.00    3.00    0.00    0.00    4.00    12  postgres
12:10:42 PM 100998   3409882    2.00    2.00    0.00    0.00    4.00    14  postgres

12:10:42 PM   UID       PID    %usr %system  %guest   %wait    %CPU   CPU  Command
12:10:43 PM 100998   3409775    0.00    0.00    0.00    0.00    0.00    10  postgres
12:10:43 PM 100998   3409776    0.00    0.00    0.00    0.00    0.00    12  postgres
12:10:43 PM 100998   3409778    0.00    0.00    0.00    0.00    0.00    14  postgres
12:10:43 PM 100998   3409779    0.00    0.00    0.00    0.00    0.00    12  postgres
12:10:43 PM 100998   3409857    3.00    1.00    0.00    0.00    4.00    14  postgres
12:10:43 PM 100998   3409862    2.00    3.00    0.00    0.00    5.00    12  postgres
12:10:43 PM 100998   3409863    2.00    3.00    0.00    0.00    5.00    10  postgres
12:10:43 PM 100998   3409864    2.00    2.00    0.00    0.00    4.00    12  postgres
12:10:43 PM 100998   3409865    2.00    3.00    0.00    0.00    5.00    10  postgres
12:10:43 PM 100998   3409866    2.00    2.00    0.00    0.00    4.00    14  postgres
12:10:43 PM 100998   3409879    3.00    2.00    0.00    0.00    5.00    14  postgres
12:10:43 PM 100998   3409880    2.00    3.00    0.00    0.00    5.00    12  postgres
12:10:43 PM 100998   3409881    2.00    3.00    0.00    0.00    5.00    14  postgres
12:10:43 PM 100998   3409882    2.00    2.00    0.00    0.00    4.00    12  postgres

12:10:43 PM   UID       PID    %usr %system  %guest   %wait    %CPU   CPU  Command
12:10:44 PM 100998   3409775    0.00    0.00    0.00    0.00    0.00    10  postgres
12:10:44 PM 100998   3409776    0.00    0.00    0.00    0.00    0.00    12  postgres
12:10:44 PM 100998   3409778    0.00    0.00    0.00    0.00    0.00    14  postgres
12:10:44 PM 100998   3409779    0.00    0.00    0.00    0.00    0.00    12  postgres
12:10:44 PM 100998   3409857    3.00    1.00    0.00    0.00    4.00    14  postgres
12:10:44 PM 100998   3409862    2.00    2.00    0.00    0.00    4.00    12  postgres
12:10:44 PM 100998   3409863    2.00    2.00    0.00    0.00    4.00    14  postgres
12:10:44 PM 100998   3409864    2.00    3.00    0.00    0.00    5.00    10  postgres
12:10:44 PM 100998   3409865    2.00    2.00    0.00    0.00    4.00    12  postgres
12:10:44 PM 100998   3409866    3.00    2.00    0.00    0.00    5.00    10  postgres
12:10:44 PM 100998   3409879    2.00    2.00    0.00    0.00    4.00    10  postgres
12:10:44 PM 100998   3409880    2.00    2.00    0.00    0.00    4.00    14  postgres
12:10:44 PM 100998   3409881    2.00    2.00    0.00    0.00    4.00    10  postgres
12:10:44 PM 100998   3409882    2.00    3.00    0.00    0.00    5.00    10  postgres

12:10:44 PM   UID       PID    %usr %system  %guest   %wait    %CPU   CPU  Command
12:10:45 PM 100998   3409775    0.00    0.00    0.00    0.00    0.00    10  postgres
12:10:45 PM 100998   3409776    0.00    0.00    0.00    0.00    0.00    12  postgres
12:10:45 PM 100998   3409778    0.00    0.00    0.00    0.00    0.00    14  postgres
12:10:45 PM 100998   3409779    0.00    0.00    0.00    0.00    0.00    12  postgres
12:10:45 PM 100998   3409857    3.00    2.00    0.00    0.00    5.00    14  postgres
12:10:45 PM 100998   3409862    3.00    1.00    0.00    0.00    4.00    12  postgres
12:10:45 PM 100998   3409863    2.00    2.00    0.00    0.00    4.00    10  postgres
12:10:45 PM 100998   3409864    3.00    2.00    0.00    0.00    5.00    12  postgres
12:10:45 PM 100998   3409865    3.00    2.00    0.00    0.00    5.00    10  postgres
12:10:45 PM 100998   3409866    2.00    2.00    0.00    0.00    4.00    10  postgres
12:10:45 PM 100998   3409879    3.00    2.00    0.00    0.00    5.00    10  postgres
12:10:45 PM 100998   3409880    3.00    2.00    0.00    0.00    5.00    12  postgres
12:10:45 PM 100998   3409881    2.00    2.00    0.00    0.00    4.00    14  postgres
12:10:45 PM 100998   3409882    3.00    2.00    0.00    0.00    5.00    10  postgres

12:10:45 PM   UID       PID    %usr %system  %guest   %wait    %CPU   CPU  Command
12:10:46 PM 100998   3409775    0.00    0.00    0.00    0.00    0.00    10  postgres
12:10:46 PM 100998   3409776    0.00    0.00    0.00    0.00    0.00    12  postgres
12:10:46 PM 100998   3409778    0.00    0.00    0.00    0.00    0.00    14  postgres
12:10:46 PM 100998   3409779    0.00    0.00    0.00    0.00    0.00    12  postgres
12:10:46 PM 100998   3409857    2.00    2.00    0.00    0.00    4.00    14  postgres
12:10:46 PM 100998   3409862    2.00    3.00    0.00    0.00    5.00    14  postgres
12:10:46 PM 100998   3409863    2.00    3.00    0.00    0.00    5.00    10  postgres
12:10:46 PM 100998   3409864    2.00    2.00    0.00    0.00    4.00    12  postgres
12:10:46 PM 100998   3409865    3.00    2.00    0.00    0.00    5.00    12  postgres
12:10:46 PM 100998   3409866    2.00    2.00    0.00    0.00    4.00    10  postgres
12:10:46 PM 100998   3409879    2.00    2.00    0.00    0.00    4.00    12  postgres
12:10:46 PM 100998   3409880    3.00    2.00    0.00    0.00    5.00    14  postgres
12:10:46 PM 100998   3409881    2.00    2.00    0.00    0.00    4.00    14  postgres
12:10:46 PM 100998   3409882    1.00    2.00    0.00    0.00    3.00    14  postgres

12:10:46 PM   UID       PID    %usr %system  %guest   %wait    %CPU   CPU  Command
12:10:47 PM 100998   3409775    0.00    0.00    0.00    0.00    0.00    10  postgres
12:10:47 PM 100998   3409776    0.00    0.00    0.00    0.00    0.00    12  postgres
12:10:47 PM 100998   3409778    0.00    0.00    0.00    0.00    0.00    14  postgres
12:10:47 PM 100998   3409779    0.00    0.00    0.00    0.00    0.00    12  postgres
12:10:47 PM 100998   3409857    2.00    2.00    0.00    0.00    4.00    12  postgres
12:10:47 PM 100998   3409862    3.00    1.00    0.00    0.00    4.00    10  postgres
12:10:47 PM 100998   3409863    2.00    1.00    0.00    0.00    3.00    12  postgres
12:10:47 PM 100998   3409864    3.00    2.00    0.00    0.00    5.00    10  postgres
12:10:47 PM 100998   3409865    2.00    3.00    0.00    0.00    5.00    14  postgres
12:10:47 PM 100998   3409866    2.00    2.00    0.00    0.00    4.00    12  postgres
12:10:47 PM 100998   3409879    2.00    2.00    0.00    0.00    4.00    14  postgres
12:10:47 PM 100998   3409880    2.00    3.00    0.00    0.00    5.00    14  postgres
12:10:47 PM 100998   3409881    2.00    2.00    0.00    0.00    4.00    14  postgres
12:10:47 PM 100998   3409882    2.00    2.00    0.00    0.00    4.00    14  postgres

12:10:47 PM   UID       PID    %usr %system  %guest   %wait    %CPU   CPU  Command
12:10:48 PM 100998   3409775    0.00    0.00    0.00    0.00    0.00    10  postgres
12:10:48 PM 100998   3409776    0.00    0.00    0.00    0.00    0.00    12  postgres
12:10:48 PM 100998   3409778    0.00    0.00    0.00    0.00    0.00    14  postgres
12:10:48 PM 100998   3409779    0.00    0.00    0.00    0.00    0.00    12  postgres
12:10:48 PM 100998   3409857    2.00    2.00    0.00    0.00    4.00    10  postgres
12:10:48 PM 100998   3409862    2.00    3.00    0.00    0.00    5.00    12  postgres
12:10:48 PM 100998   3409863    3.00    2.00    0.00    0.00    5.00    12  postgres
12:10:48 PM 100998   3409864    2.00    1.00    0.00    0.00    3.00    14  postgres
12:10:48 PM 100998   3409865    2.00    1.00    0.00    0.00    3.00    10  postgres
12:10:48 PM 100998   3409866    2.00    1.00    0.00    0.00    3.00    14  postgres
12:10:48 PM 100998   3409879    2.00    2.00    0.00    0.00    4.00    12  postgres
12:10:48 PM 100998   3409880    2.00    2.00    0.00    0.00    4.00    10  postgres
12:10:48 PM 100998   3409881    3.00    2.00    0.00    0.00    5.00    14  postgres
12:10:48 PM 100998   3409882    2.00    2.00    0.00    0.00    4.00    10  postgres

12:10:48 PM   UID       PID    %usr %system  %guest   %wait    %CPU   CPU  Command
12:10:49 PM 100998   3409775    0.00    0.00    0.00    0.00    0.00    10  postgres
12:10:49 PM 100998   3409776    0.00    0.00    0.00    0.00    0.00    10  postgres
12:10:49 PM 100998   3409778    0.00    0.00    0.00    0.00    0.00    14  postgres
12:10:49 PM 100998   3409779    0.00    0.00    0.00    0.00    0.00    12  postgres
12:10:49 PM 100998   3409857    3.00    2.00    0.00    0.00    5.00    12  postgres
12:10:49 PM 100998   3409862    2.00    2.00    0.00    0.00    4.00    12  postgres
12:10:49 PM 100998   3409863    2.00    2.00    0.00    0.00    4.00    12  postgres
12:10:49 PM 100998   3409864    2.00    3.00    0.00    0.00    5.00    14  postgres
12:10:49 PM 100998   3409865    2.00    3.00    0.00    0.00    5.00    14  postgres
12:10:49 PM 100998   3409866    3.00    2.00    0.00    0.00    5.00    12  postgres
12:10:49 PM 100998   3409879    2.00    1.00    0.00    0.00    3.00    14  postgres
12:10:49 PM 100998   3409880    2.00    2.00    0.00    0.00    4.00    14  postgres
12:10:49 PM 100998   3409881    2.00    2.00    0.00    0.00    4.00    12  postgres
12:10:49 PM 100998   3409882    2.00    2.00    0.00    0.00    4.00    10  postgres

12:10:49 PM   UID       PID    %usr %system  %guest   %wait    %CPU   CPU  Command
12:10:50 PM 100998   3409775    0.00    0.00    0.00    0.00    0.00    10  postgres
12:10:50 PM 100998   3409776    0.00    0.00    0.00    0.00    0.00    10  postgres
12:10:50 PM 100998   3409778    0.00    0.00    0.00    0.00    0.00    14  postgres
12:10:50 PM 100998   3409779    0.00    0.00    0.00    0.00    0.00    12  postgres
12:10:50 PM 100998   3409857    2.00    2.00    0.00    0.00    4.00    10  postgres
12:10:50 PM 100998   3409862    2.00    2.00    0.00    0.00    4.00    10  postgres
12:10:50 PM 100998   3409863    3.00    2.00    0.00    0.00    5.00    14  postgres
12:10:50 PM 100998   3409864    3.00    1.00    0.00    0.00    4.00    12  postgres
12:10:50 PM 100998   3409865    2.00    2.00    0.00    0.00    4.00    14  postgres
12:10:50 PM 100998   3409866    2.00    2.00    0.00    0.00    4.00    14  postgres
12:10:50 PM 100998   3409879    3.00    2.00    0.00    0.00    5.00    12  postgres
12:10:50 PM 100998   3409880    2.00    2.00    0.00    0.00    4.00    12  postgres
12:10:50 PM 100998   3409881    3.00    2.00    0.00    0.00    5.00    10  postgres
12:10:50 PM 100998   3409882    2.00    2.00    0.00    0.00    4.00    10  postgres

12:10:50 PM   UID       PID    %usr %system  %guest   %wait    %CPU   CPU  Command
12:10:51 PM 100998   3409775    0.00    0.00    0.00    0.00    0.00    10  postgres
12:10:51 PM 100998   3409776    0.00    0.00    0.00    0.00    0.00    12  postgres
12:10:51 PM 100998   3409778    0.00    0.00    0.00    0.00    0.00    14  postgres
12:10:51 PM 100998   3409779    0.00    0.00    0.00    0.00    0.00    12  postgres
12:10:51 PM 100998   3409857    3.00    2.00    0.00    0.00    5.00    14  postgres
12:10:51 PM 100998   3409862    2.00    2.00    0.00    0.00    4.00    12  postgres
12:10:51 PM 100998   3409863    1.00    3.00    0.00    0.00    4.00    10  postgres
12:10:51 PM 100998   3409864    1.00    3.00    0.00    0.00    4.00    10  postgres
12:10:51 PM 100998   3409865    2.00    2.00    0.00    0.00    4.00    14  postgres
12:10:51 PM 100998   3409866    3.00    2.00    0.00    0.00    5.00    14  postgres
12:10:51 PM 100998   3409879    3.00    2.00    0.00    0.00    5.00    12  postgres
12:10:51 PM 100998   3409880    2.00    2.00    0.00    0.00    4.00    10  postgres
12:10:51 PM 100998   3409881    2.00    2.00    0.00    0.00    4.00    14  postgres
12:10:51 PM 100998   3409882    2.00    3.00    0.00    0.00    5.00    10  postgres

12:10:51 PM   UID       PID    %usr %system  %guest   %wait    %CPU   CPU  Command
12:10:52 PM 100998   3409775    0.00    0.00    0.00    0.00    0.00    10  postgres
12:10:52 PM 100998   3409776    0.00    0.00    0.00    0.00    0.00    12  postgres
12:10:52 PM 100998   3409778    0.00    0.00    0.00    0.00    0.00    14  postgres
12:10:52 PM 100998   3409779    0.00    0.00    0.00    0.00    0.00    12  postgres
12:10:52 PM 100998   3409857    2.00    2.00    0.00    0.00    4.00    12  postgres
12:10:52 PM 100998   3409862    3.00    2.00    0.00    0.00    5.00    10  postgres
12:10:52 PM 100998   3409863    3.00    2.00    0.00    0.00    5.00    14  postgres
12:10:52 PM 100998   3409864    3.00    2.00    0.00    0.00    5.00    12  postgres
12:10:52 PM 100998   3409865    2.00    3.00    0.00    0.00    5.00    10  postgres
12:10:52 PM 100998   3409866    2.00    2.00    0.00    0.00    4.00    12  postgres
12:10:52 PM 100998   3409879    2.00    1.00    0.00    0.00    3.00    12  postgres
12:10:52 PM 100998   3409880    3.00    2.00    0.00    0.00    5.00    14  postgres
12:10:52 PM 100998   3409881    2.00    3.00    0.00    0.00    5.00    14  postgres
12:10:52 PM 100998   3409882    3.00    2.00    0.00    0.00    5.00    12  postgres

12:10:52 PM   UID       PID    %usr %system  %guest   %wait    %CPU   CPU  Command
12:10:53 PM 100998   3409775    0.00    0.00    0.00    0.00    0.00    10  postgres
12:10:53 PM 100998   3409776    0.00    0.00    0.00    0.00    0.00    14  postgres
12:10:53 PM 100998   3409778    0.00    0.00    0.00    0.00    0.00    14  postgres
12:10:53 PM 100998   3409779    0.00    0.00    0.00    0.00    0.00    12  postgres
12:10:53 PM 100998   3409857    2.00    2.00    0.00    0.00    4.00    12  postgres
12:10:53 PM 100998   3409862    3.00    2.00    0.00    0.00    5.00    10  postgres
12:10:53 PM 100998   3409863    2.00    3.00    0.00    0.00    5.00    14  postgres
12:10:53 PM 100998   3409864    2.00    1.00    0.00    0.00    3.00    14  postgres
12:10:53 PM 100998   3409865    2.00    2.00    0.00    0.00    4.00    12  postgres
12:10:53 PM 100998   3409866    2.00    2.00    0.00    0.00    4.00    10  postgres
12:10:53 PM 100998   3409879    3.00    2.00    0.00    0.00    5.00    14  postgres
12:10:53 PM 100998   3409880    2.00    2.00    0.00    0.00    4.00    14  postgres
12:10:53 PM 100998   3409881    2.00    2.00    0.00    0.00    4.00    14  postgres
12:10:53 PM 100998   3409882    2.00    2.00    0.00    0.00    4.00    12  postgres

12:10:53 PM   UID       PID    %usr %system  %guest   %wait    %CPU   CPU  Command
12:10:54 PM 100998   3409775    0.00    0.00    0.00    0.00    0.00    10  postgres
12:10:54 PM 100998   3409776    0.00    0.00    0.00    0.00    0.00    14  postgres
12:10:54 PM 100998   3409778    0.00    0.00    0.00    0.00    0.00    14  postgres
12:10:54 PM 100998   3409779    0.00    0.00    0.00    0.00    0.00    12  postgres
12:10:54 PM 100998   3409857    3.00    3.00    0.00    0.00    6.00    14  postgres
12:10:54 PM 100998   3409862    2.00    2.00    0.00    0.00    4.00    12  postgres
12:10:54 PM 100998   3409863    2.00    2.00    0.00    0.00    4.00    12  postgres
12:10:54 PM 100998   3409864    2.00    3.00    0.00    0.00    5.00    12  postgres
12:10:54 PM 100998   3409865    3.00    1.00    0.00    0.00    4.00    14  postgres
12:10:54 PM 100998   3409866    1.00    2.00    0.00    0.00    3.00    10  postgres
12:10:54 PM 100998   3409879    2.00    1.00    0.00    0.00    3.00    10  postgres
12:10:54 PM 100998   3409880    2.00    3.00    0.00    0.00    5.00    10  postgres
12:10:54 PM 100998   3409881    2.00    2.00    0.00    0.00    4.00    10  postgres
12:10:54 PM 100998   3409882    2.00    2.00    0.00    0.00    4.00    14  postgres

12:10:54 PM   UID       PID    %usr %system  %guest   %wait    %CPU   CPU  Command
12:10:55 PM 100998   3409775    0.00    0.00    0.00    0.00    0.00    10  postgres
12:10:55 PM 100998   3409776    0.00    0.00    0.00    0.00    0.00    10  postgres
12:10:55 PM 100998   3409778    0.00    0.00    0.00    0.00    0.00    14  postgres
12:10:55 PM 100998   3409779    0.00    0.00    0.00    0.00    0.00    12  postgres
12:10:55 PM 100998   3409857    2.00    2.00    0.00    0.00    4.00    14  postgres
12:10:55 PM 100998   3409862    3.00    3.00    0.00    0.00    6.00    10  postgres
12:10:55 PM 100998   3409863    2.00    2.00    0.00    0.00    4.00    14  postgres
12:10:55 PM 100998   3409864    2.00    2.00    0.00    0.00    4.00    12  postgres
12:10:55 PM 100998   3409865    2.00    2.00    0.00    0.00    4.00    14  postgres
12:10:55 PM 100998   3409866    2.00    3.00    0.00    0.00    5.00    12  postgres
12:10:55 PM 100998   3409879    2.00    3.00    0.00    0.00    5.00    10  postgres
12:10:55 PM 100998   3409880    2.00    2.00    0.00    0.00    4.00    14  postgres
12:10:55 PM 100998   3409881    2.00    3.00    0.00    0.00    5.00    10  postgres
12:10:55 PM 100998   3409882    2.00    2.00    0.00    0.00    4.00    10  postgres

12:10:55 PM   UID       PID    %usr %system  %guest   %wait    %CPU   CPU  Command
12:10:56 PM 100998   3409775    0.00    0.00    0.00    0.00    0.00    10  postgres
12:10:56 PM 100998   3409776    0.00    0.00    0.00    0.00    0.00    12  postgres
12:10:56 PM 100998   3409778    0.00    0.00    0.00    0.00    0.00    14  postgres
12:10:56 PM 100998   3409779    0.00    0.00    0.00    0.00    0.00    12  postgres
12:10:56 PM 100998   3409857    2.00    2.00    0.00    0.00    4.00    14  postgres
12:10:56 PM 100998   3409862    3.00    1.00    0.00    0.00    4.00    10  postgres
12:10:56 PM 100998   3409863    2.00    3.00    0.00    0.00    5.00    10  postgres
12:10:56 PM 100998   3409864    2.00    2.00    0.00    0.00    4.00    14  postgres
12:10:56 PM 100998   3409865    2.00    2.00    0.00    0.00    4.00    10  postgres
12:10:56 PM 100998   3409866    2.00    2.00    0.00    0.00    4.00    10  postgres
12:10:56 PM 100998   3409879    3.00    1.00    0.00    0.00    4.00    12  postgres
12:10:56 PM 100998   3409880    3.00    2.00    0.00    0.00    5.00    10  postgres
12:10:56 PM 100998   3409881    2.00    2.00    0.00    0.00    4.00    10  postgres
12:10:56 PM 100998   3409882    3.00    2.00    0.00    0.00    5.00    10  postgres

12:10:56 PM   UID       PID    %usr %system  %guest   %wait    %CPU   CPU  Command
12:10:57 PM 100998   3409775    0.00    0.00    0.00    0.00    0.00    10  postgres
12:10:57 PM 100998   3409776    0.00    0.00    0.00    0.00    0.00    10  postgres
12:10:57 PM 100998   3409778    0.00    0.00    0.00    0.00    0.00    14  postgres
12:10:57 PM 100998   3409779    0.00    0.00    0.00    0.00    0.00    12  postgres
12:10:57 PM 100998   3409857    1.00    2.00    0.00    0.00    3.00    14  postgres
12:10:57 PM 100998   3409862    3.00    2.00    0.00    0.00    5.00    14  postgres
12:10:57 PM 100998   3409863    3.00    2.00    0.00    0.00    5.00    10  postgres
12:10:57 PM 100998   3409864    3.00    2.00    0.00    0.00    5.00    14  postgres
12:10:57 PM 100998   3409865    2.00    3.00    0.00    0.00    5.00    12  postgres
12:10:57 PM 100998   3409866    2.00    2.00    0.00    0.00    4.00    12  postgres
12:10:57 PM 100998   3409879    3.00    2.00    0.00    0.00    5.00    10  postgres
12:10:57 PM 100998   3409880    1.00    1.00    0.00    0.00    2.00    14  postgres
12:10:57 PM 100998   3409881    2.00    2.00    0.00    0.00    4.00    10  postgres
12:10:57 PM 100998   3409882    2.00    2.00    0.00    0.00    4.00    10  postgres

12:10:57 PM   UID       PID    %usr %system  %guest   %wait    %CPU   CPU  Command
12:10:58 PM 100998   3409775    0.00    0.00    0.00    0.00    0.00    10  postgres
12:10:58 PM 100998   3409776    0.00    0.00    0.00    0.00    0.00    10  postgres
12:10:58 PM 100998   3409778    0.00    0.00    0.00    0.00    0.00    14  postgres
12:10:58 PM 100998   3409779    0.00    0.00    0.00    0.00    0.00    12  postgres
12:10:58 PM 100998   3409857    3.00    2.00    0.00    0.00    5.00    12  postgres
12:10:58 PM 100998   3409862    1.00    2.00    0.00    0.00    3.00    12  postgres
12:10:58 PM 100998   3409863    2.00    2.00    0.00    0.00    4.00    14  postgres
12:10:58 PM 100998   3409864    2.00    3.00    0.00    0.00    5.00    10  postgres
12:10:58 PM 100998   3409865    3.00    2.00    0.00    0.00    5.00    10  postgres
12:10:58 PM 100998   3409866    2.00    2.00    0.00    0.00    4.00    12  postgres
12:10:58 PM 100998   3409879    2.00    2.00    0.00    0.00    4.00    12  postgres
12:10:58 PM 100998   3409880    2.00    2.00    0.00    0.00    4.00    10  postgres
12:10:58 PM 100998   3409881    2.00    3.00    0.00    0.00    5.00    10  postgres
12:10:58 PM 100998   3409882    3.00    1.00    0.00    0.00    4.00    10  postgres

12:10:58 PM   UID       PID    %usr %system  %guest   %wait    %CPU   CPU  Command
12:10:59 PM 100998   3409775    0.00    0.00    0.00    0.00    0.00    10  postgres
12:10:59 PM 100998   3409776    0.00    0.00    0.00    0.00    0.00    10  postgres
12:10:59 PM 100998   3409778    0.00    0.00    0.00    0.00    0.00    14  postgres
12:10:59 PM 100998   3409779    0.00    0.00    0.00    0.00    0.00    12  postgres
12:10:59 PM 100998   3409857    2.00    2.00    0.00    0.00    4.00    12  postgres
12:10:59 PM 100998   3409862    4.00    3.00    0.00    0.00    7.00    12  postgres
12:10:59 PM 100998   3409863    3.00    2.00    0.00    0.00    5.00    10  postgres
12:10:59 PM 100998   3409864    3.00    2.00    0.00    0.00    5.00    10  postgres
12:10:59 PM 100998   3409865    2.00    2.00    0.00    0.00    4.00    12  postgres
12:10:59 PM 100998   3409866    2.00    1.00    0.00    0.00    3.00    14  postgres
12:10:59 PM 100998   3409879    2.00    1.00    0.00    0.00    3.00    14  postgres
12:10:59 PM 100998   3409880    1.00    2.00    0.00    0.00    3.00    14  postgres
12:10:59 PM 100998   3409881    2.00    0.00    0.00    0.00    2.00    12  postgres
12:10:59 PM 100998   3409882    2.00    2.00    0.00    0.00    4.00    14  postgres

12:10:59 PM   UID       PID    %usr %system  %guest   %wait    %CPU   CPU  Command
12:11:00 PM 100998   3409775    0.00    0.00    0.00    0.00    0.00    10  postgres
12:11:00 PM 100998   3409776    0.00    0.00    0.00    0.00    0.00    10  postgres
12:11:00 PM 100998   3409778    0.00    0.00    0.00    0.00    0.00    10  postgres
12:11:00 PM 100998   3409779    0.00    0.00    0.00    0.00    0.00    12  postgres
12:11:00 PM 100998   3409857    2.00    2.00    0.00    0.00    4.00    14  postgres
12:11:00 PM 100998   3409862    4.00    2.00    0.00    0.00    6.00    12  postgres
12:11:00 PM 100998   3409863    3.00    1.00    0.00    0.00    4.00    14  postgres
12:11:00 PM 100998   3409864    3.00    2.00    0.00    0.00    5.00    10  postgres
12:11:00 PM 100998   3409865    2.00    2.00    0.00    0.00    4.00    10  postgres
12:11:00 PM 100998   3409866    3.00    1.00    0.00    0.00    4.00    10  postgres
12:11:00 PM 100998   3409879    2.00    2.00    0.00    0.00    4.00    10  postgres
12:11:00 PM 100998   3409880    3.00    1.00    0.00    0.00    4.00    14  postgres
12:11:00 PM 100998   3409881    3.00    2.00    0.00    0.00    5.00    10  postgres
12:11:00 PM 100998   3409882    2.00    2.00    0.00    0.00    4.00    14  postgres

12:11:00 PM   UID       PID    %usr %system  %guest   %wait    %CPU   CPU  Command
12:11:01 PM 100998   3409775    0.00    0.00    0.00    0.00    0.00    10  postgres
12:11:01 PM 100998   3409776    0.00    0.00    0.00    0.00    0.00    10  postgres
12:11:01 PM 100998   3409778    0.00    0.00    0.00    0.00    0.00    10  postgres
12:11:01 PM 100998   3409779    0.00    0.00    0.00    0.00    0.00    12  postgres
12:11:01 PM 100998   3409857    3.00    2.00    0.00    0.00    5.00    14  postgres
12:11:01 PM 100998   3409862    3.00    1.00    0.00    0.00    4.00    14  postgres
12:11:01 PM 100998   3409863    1.00    2.00    0.00    0.00    3.00    10  postgres
12:11:01 PM 100998   3409864    3.00    2.00    0.00    0.00    5.00    12  postgres
12:11:01 PM 100998   3409865    2.00    2.00    0.00    0.00    4.00    14  postgres
12:11:01 PM 100998   3409866    2.00    2.00    0.00    0.00    4.00    14  postgres
12:11:01 PM 100998   3409879    2.00    2.00    0.00    0.00    4.00    12  postgres
12:11:01 PM 100998   3409880    1.00    2.00    0.00    0.00    3.00    14  postgres
12:11:01 PM 100998   3409881    1.00    2.00    0.00    0.00    3.00    10  postgres
12:11:01 PM 100998   3409882    2.00    1.00    0.00    0.00    3.00    12  postgres

12:11:01 PM   UID       PID    %usr %system  %guest   %wait    %CPU   CPU  Command
12:11:02 PM 100998   3409775    0.00    0.00    0.00    0.00    0.00    10  postgres
12:11:02 PM 100998   3409776    0.00    0.00    0.00    0.00    0.00    10  postgres
12:11:02 PM 100998   3409778    0.00    0.00    0.00    0.00    0.00    10  postgres
12:11:02 PM 100998   3409779    0.00    0.00    0.00    0.00    0.00    12  postgres
12:11:02 PM 100998   3409857    2.00    2.00    0.00    0.00    4.00    14  postgres
12:11:02 PM 100998   3409862    3.00    2.00    0.00    0.00    5.00    14  postgres
12:11:02 PM 100998   3409863    3.00    2.00    0.00    0.00    5.00    12  postgres
12:11:02 PM 100998   3409864    3.00    2.00    0.00    0.00    5.00    10  postgres
12:11:02 PM 100998   3409865    3.00    1.00    0.00    0.00    4.00    10  postgres
12:11:02 PM 100998   3409866    3.00    2.00    0.00    0.00    5.00    12  postgres
12:11:02 PM 100998   3409879    3.00    2.00    0.00    0.00    5.00    14  postgres
12:11:02 PM 100998   3409880    2.00    1.00    0.00    0.00    3.00    10  postgres
12:11:02 PM 100998   3409881    3.00    1.00    0.00    0.00    4.00    10  postgres
12:11:02 PM 100998   3409882    3.00    2.00    0.00    0.00    5.00    14  postgres

12:11:02 PM   UID       PID    %usr %system  %guest   %wait    %CPU   CPU  Command
12:11:03 PM 100998   3409775    0.00    0.00    0.00    0.00    0.00    10  postgres
12:11:03 PM 100998   3409776    0.00    0.00    0.00    0.00    0.00    12  postgres
12:11:03 PM 100998   3409778    0.00    0.00    0.00    0.00    0.00    10  postgres
12:11:03 PM 100998   3409779    0.00    0.00    0.00    0.00    0.00    12  postgres
12:11:03 PM 100998   3409857    2.00    1.00    0.00    0.00    3.00    14  postgres
12:11:03 PM 100998   3409862    2.00    2.00    0.00    0.00    4.00    12  postgres
12:11:03 PM 100998   3409863    3.00    1.00    0.00    0.00    4.00    10  postgres
12:11:03 PM 100998   3409864    3.00    2.00    0.00    0.00    5.00    10  postgres
12:11:03 PM 100998   3409865    3.00    3.00    0.00    0.00    6.00    14  postgres
12:11:03 PM 100998   3409866    3.00    1.00    0.00    0.00    4.00    10  postgres
12:11:03 PM 100998   3409879    2.00    2.00    0.00    0.00    4.00    14  postgres
12:11:03 PM 100998   3409880    3.00    2.00    0.00    0.00    5.00    10  postgres
12:11:03 PM 100998   3409881    2.00    2.00    0.00    0.00    4.00    12  postgres
12:11:03 PM 100998   3409882    1.00    1.00    0.00    0.00    2.00    14  postgres

12:11:03 PM   UID       PID    %usr %system  %guest   %wait    %CPU   CPU  Command
12:11:04 PM 100998   3409775    0.00    0.00    0.00    0.00    0.00    10  postgres
12:11:04 PM 100998   3409776    0.00    0.00    0.00    0.00    0.00    10  postgres
12:11:04 PM 100998   3409778    0.00    0.00    0.00    0.00    0.00    10  postgres
12:11:04 PM 100998   3409779    0.00    0.00    0.00    0.00    0.00    12  postgres
12:11:04 PM 100998   3409857    3.00    2.00    0.00    0.00    5.00    14  postgres
12:11:04 PM 100998   3409862    3.00    2.00    0.00    0.00    5.00    14  postgres
12:11:04 PM 100998   3409863    2.00    2.00    0.00    0.00    4.00    12  postgres
12:11:04 PM 100998   3409864    2.00    2.00    0.00    0.00    4.00    10  postgres
12:11:04 PM 100998   3409865    2.00    3.00    0.00    0.00    5.00    10  postgres
12:11:04 PM 100998   3409866    2.00    2.00    0.00    0.00    4.00    14  postgres
12:11:04 PM 100998   3409879    2.00    2.00    0.00    0.00    4.00    14  postgres
12:11:04 PM 100998   3409880    2.00    3.00    0.00    0.00    5.00    10  postgres
12:11:04 PM 100998   3409881    2.00    3.00    0.00    0.00    5.00    12  postgres
12:11:04 PM 100998   3409882    2.00    2.00    0.00    0.00    4.00    14  postgres

12:11:04 PM   UID       PID    %usr %system  %guest   %wait    %CPU   CPU  Command
12:11:05 PM 100998   3409775    0.00    0.00    0.00    0.00    0.00    10  postgres
12:11:05 PM 100998   3409776    0.00    0.00    0.00    0.00    0.00    10  postgres
12:11:05 PM 100998   3409778    0.00    0.00    0.00    0.00    0.00    10  postgres
12:11:05 PM 100998   3409779    0.00    0.00    0.00    0.00    0.00    12  postgres
12:11:05 PM 100998   3409857    2.00    2.00    0.00    0.00    4.00    14  postgres
12:11:05 PM 100998   3409862    3.00    1.00    0.00    0.00    4.00    14  postgres
12:11:05 PM 100998   3409863    3.00    2.00    0.00    0.00    5.00    12  postgres
12:11:05 PM 100998   3409864    2.00    1.00    0.00    0.00    3.00    10  postgres
12:11:05 PM 100998   3409865    3.00    1.00    0.00    0.00    4.00    10  postgres
12:11:05 PM 100998   3409866    2.00    2.00    0.00    0.00    4.00    12  postgres
12:11:05 PM 100998   3409879    2.00    2.00    0.00    0.00    4.00    14  postgres
12:11:05 PM 100998   3409880    3.00    2.00    0.00    0.00    5.00    14  postgres
12:11:05 PM 100998   3409881    3.00    2.00    0.00    0.00    5.00    10  postgres
12:11:05 PM 100998   3409882    2.00    3.00    0.00    0.00    5.00    10  postgres

12:11:05 PM   UID       PID    %usr %system  %guest   %wait    %CPU   CPU  Command
12:11:06 PM 100998   3409775    0.00    0.00    0.00    0.00    0.00    10  postgres
12:11:06 PM 100998   3409776    0.00    0.00    0.00    0.00    0.00    12  postgres
12:11:06 PM 100998   3409778    0.00    0.00    0.00    0.00    0.00    10  postgres
12:11:06 PM 100998   3409779    0.00    0.00    0.00    0.00    0.00    12  postgres
12:11:06 PM 100998   3409857    2.00    2.00    0.00    0.00    4.00    14  postgres
12:11:06 PM 100998   3409862    2.00    2.00    0.00    0.00    4.00    10  postgres
12:11:06 PM 100998   3409863    3.00    1.00    0.00    0.00    4.00    10  postgres
12:11:06 PM 100998   3409864    2.00    3.00    0.00    0.00    5.00    12  postgres
12:11:06 PM 100998   3409865    2.00    3.00    0.00    0.00    5.00    12  postgres
12:11:06 PM 100998   3409866    2.00    2.00    0.00    0.00    4.00    12  postgres
12:11:06 PM 100998   3409879    3.00    2.00    0.00    0.00    5.00    14  postgres
12:11:06 PM 100998   3409880    2.00    3.00    0.00    0.00    5.00    10  postgres
12:11:06 PM 100998   3409881    2.00    1.00    0.00    0.00    3.00    14  postgres
12:11:06 PM 100998   3409882    2.00    3.00    0.00    0.00    5.00    14  postgres

12:11:06 PM   UID       PID    %usr %system  %guest   %wait    %CPU   CPU  Command
12:11:07 PM 100998   3409775    0.00    0.00    0.00    0.00    0.00    10  postgres
12:11:07 PM 100998   3409776    0.00    0.00    0.00    0.00    0.00    12  postgres
12:11:07 PM 100998   3409778    0.00    0.00    0.00    0.00    0.00    10  postgres
12:11:07 PM 100998   3409779    0.00    0.00    0.00    0.00    0.00    12  postgres
12:11:07 PM 100998   3409857    2.00    2.00    0.00    0.00    4.00    14  postgres
12:11:07 PM 100998   3409862    2.00    3.00    0.00    0.00    5.00    10  postgres
12:11:07 PM 100998   3409863    1.00    2.00    0.00    0.00    3.00    14  postgres
12:11:07 PM 100998   3409864    2.00    1.00    0.00    0.00    3.00    14  postgres
12:11:07 PM 100998   3409865    3.00    2.00    0.00    0.00    5.00    14  postgres
12:11:07 PM 100998   3409866    3.00    2.00    0.00    0.00    5.00    12  postgres
12:11:07 PM 100998   3409879    2.00    3.00    0.00    0.00    5.00    12  postgres
12:11:07 PM 100998   3409880    3.00    1.00    0.00    0.00    4.00    10  postgres
12:11:07 PM 100998   3409881    2.00    2.00    0.00    0.00    4.00    10  postgres
12:11:07 PM 100998   3409882    2.00    2.00    0.00    0.00    4.00    12  postgres

12:11:07 PM   UID       PID    %usr %system  %guest   %wait    %CPU   CPU  Command
12:11:08 PM 100998   3409775    0.00    0.00    0.00    0.00    0.00    10  postgres
12:11:08 PM 100998   3409776    0.00    0.00    0.00    0.00    0.00    10  postgres
12:11:08 PM 100998   3409778    0.00    0.00    0.00    0.00    0.00    10  postgres
12:11:08 PM 100998   3409779    0.00    0.00    0.00    0.00    0.00    12  postgres
12:11:08 PM 100998   3409857    3.00    3.00    0.00    0.00    6.00    10  postgres
12:11:08 PM 100998   3409862    2.00    2.00    0.00    0.00    4.00    12  postgres
12:11:08 PM 100998   3409863    1.00    3.00    0.00    0.00    4.00    10  postgres
12:11:08 PM 100998   3409864    2.00    2.00    0.00    0.00    4.00    12  postgres
12:11:08 PM 100998   3409865    2.00    2.00    0.00    0.00    4.00    14  postgres
12:11:08 PM 100998   3409866    2.00    3.00    0.00    0.00    5.00    14  postgres
12:11:08 PM 100998   3409879    2.00    1.00    0.00    0.00    3.00    14  postgres
12:11:08 PM 100998   3409880    3.00    2.00    0.00    0.00    5.00    14  postgres
12:11:08 PM 100998   3409881    3.00    2.00    0.00    0.00    5.00    12  postgres
12:11:08 PM 100998   3409882    3.00    2.00    0.00    0.00    5.00    14  postgres

12:11:08 PM   UID       PID    %usr %system  %guest   %wait    %CPU   CPU  Command
12:11:09 PM 100998   3409775    0.00    0.00    0.00    0.00    0.00    10  postgres
12:11:09 PM 100998   3409776    0.00    0.00    0.00    0.00    0.00    10  postgres
12:11:09 PM 100998   3409778    0.00    0.00    0.00    0.00    0.00    10  postgres
12:11:09 PM 100998   3409779    0.00    0.00    0.00    0.00    0.00    12  postgres
12:11:09 PM 100998   3409857    2.00    2.00    0.00    0.00    4.00    10  postgres
12:11:09 PM 100998   3409862    2.00    2.00    0.00    0.00    4.00    10  postgres
12:11:09 PM 100998   3409863    2.00    2.00    0.00    0.00    4.00    12  postgres
12:11:09 PM 100998   3409864    1.00    2.00    0.00    0.00    3.00    12  postgres
12:11:09 PM 100998   3409865    2.00    2.00    0.00    0.00    4.00    10  postgres
12:11:09 PM 100998   3409866    2.00    1.00    0.00    0.00    3.00    14  postgres
12:11:09 PM 100998   3409879    2.00    2.00    0.00    0.00    4.00    12  postgres
12:11:09 PM 100998   3409880    2.00    2.00    0.00    0.00    4.00    10  postgres
12:11:09 PM 100998   3409881    2.00    2.00    0.00    0.00    4.00    10  postgres
12:11:09 PM 100998   3409882    2.00    2.00    0.00    0.00    4.00    12  postgres

12:11:09 PM   UID       PID    %usr %system  %guest   %wait    %CPU   CPU  Command
12:11:10 PM 100998   3409775    0.00    0.00    0.00    0.00    0.00    10  postgres
12:11:10 PM 100998   3409776    0.00    0.00    0.00    0.00    0.00    12  postgres
12:11:10 PM 100998   3409778    0.00    0.00    0.00    0.00    0.00    10  postgres
12:11:10 PM 100998   3409779    0.00    0.00    0.00    0.00    0.00    12  postgres
12:11:10 PM 100998   3409857    2.00    1.00    0.00    0.00    3.00    12  postgres
12:11:10 PM 100998   3409862    3.00    2.00    0.00    0.00    5.00    12  postgres
12:11:10 PM 100998   3409863    3.00    3.00    0.00    0.00    6.00    12  postgres
12:11:10 PM 100998   3409864    3.00    3.00    0.00    0.00    6.00    12  postgres
12:11:10 PM 100998   3409865    2.00    2.00    0.00    0.00    4.00    10  postgres
12:11:10 PM 100998   3409866    2.00    3.00    0.00    0.00    5.00    14  postgres
12:11:10 PM 100998   3409879    3.00    3.00    0.00    0.00    6.00    10  postgres
12:11:10 PM 100998   3409880    3.00    2.00    0.00    0.00    5.00    10  postgres
12:11:10 PM 100998   3409881    2.00    3.00    0.00    0.00    5.00    14  postgres
12:11:10 PM 100998   3409882    2.00    2.00    0.00    0.00    4.00    12  postgres

12:11:10 PM   UID       PID    %usr %system  %guest   %wait    %CPU   CPU  Command
12:11:11 PM 100998   3409775    0.00    0.00    0.00    0.00    0.00    10  postgres
12:11:11 PM 100998   3409776    0.00    0.00    0.00    0.00    0.00    12  postgres
12:11:11 PM 100998   3409778    0.00    0.00    0.00    0.00    0.00    10  postgres
12:11:11 PM 100998   3409779    0.00    0.00    0.00    0.00    0.00    12  postgres
12:11:11 PM 100998   3409857    2.00    2.00    0.00    0.00    4.00    10  postgres
12:11:11 PM 100998   3409862    2.00    2.00    0.00    0.00    4.00    12  postgres
12:11:11 PM 100998   3409863    2.00    2.00    0.00    0.00    4.00    10  postgres
12:11:11 PM 100998   3409864    1.00    2.00    0.00    0.00    3.00    10  postgres
12:11:11 PM 100998   3409865    3.00    1.00    0.00    0.00    4.00    10  postgres
12:11:11 PM 100998   3409866    3.00    2.00    0.00    0.00    5.00    12  postgres
12:11:11 PM 100998   3409879    2.00    2.00    0.00    0.00    4.00    12  postgres
12:11:11 PM 100998   3409880    2.00    2.00    0.00    0.00    4.00    12  postgres
12:11:11 PM 100998   3409881    2.00    3.00    0.00    0.00    5.00    14  postgres
12:11:11 PM 100998   3409882    2.00    2.00    0.00    0.00    4.00    12  postgres

12:11:11 PM   UID       PID    %usr %system  %guest   %wait    %CPU   CPU  Command
12:11:12 PM 100998   3409775    0.00    0.00    0.00    0.00    0.00    10  postgres
12:11:12 PM 100998   3409776    0.00    0.00    0.00    0.00    0.00    10  postgres
12:11:12 PM 100998   3409778    0.00    0.00    0.00    0.00    0.00    10  postgres
12:11:12 PM 100998   3409779    0.00    0.00    0.00    0.00    0.00    12  postgres
12:11:12 PM 100998   3409857    2.00    1.00    0.00    0.00    3.00    14  postgres
12:11:12 PM 100998   3409862    2.00    2.00    0.00    0.00    4.00    12  postgres
12:11:12 PM 100998   3409863    3.00    2.00    0.00    0.00    5.00    12  postgres
12:11:12 PM 100998   3409864    3.00    2.00    0.00    0.00    5.00    14  postgres
12:11:12 PM 100998   3409865    3.00    2.00    0.00    0.00    5.00    12  postgres
12:11:12 PM 100998   3409866    2.00    2.00    0.00    0.00    4.00    10  postgres
12:11:12 PM 100998   3409879    3.00    2.00    0.00    0.00    5.00    10  postgres
12:11:12 PM 100998   3409880    2.00    3.00    0.00    0.00    5.00    10  postgres
12:11:12 PM 100998   3409881    2.00    2.00    0.00    0.00    4.00    14  postgres
12:11:12 PM 100998   3409882    2.00    2.00    0.00    0.00    4.00    14  postgres

12:11:12 PM   UID       PID    %usr %system  %guest   %wait    %CPU   CPU  Command
12:11:13 PM 100998   3409775    0.00    0.00    0.00    0.00    0.00    10  postgres
12:11:13 PM 100998   3409776    0.00    0.00    0.00    0.00    0.00    10  postgres
12:11:13 PM 100998   3409778    0.00    0.00    0.00    0.00    0.00    10  postgres
12:11:13 PM 100998   3409779    0.00    0.00    0.00    0.00    0.00    12  postgres
12:11:13 PM 100998   3409857    3.00    3.00    0.00    0.00    6.00    12  postgres
12:11:13 PM 100998   3409862    3.00    1.00    0.00    0.00    4.00    14  postgres
12:11:13 PM 100998   3409863    2.00    2.00    0.00    0.00    4.00    14  postgres
12:11:13 PM 100998   3409864    3.00    1.00    0.00    0.00    4.00    12  postgres
12:11:13 PM 100998   3409865    2.00    2.00    0.00    0.00    4.00    10  postgres
12:11:13 PM 100998   3409866    2.00    1.00    0.00    0.00    3.00    14  postgres
12:11:13 PM 100998   3409879    2.00    2.00    0.00    0.00    4.00    10  postgres
12:11:13 PM 100998   3409880    2.00    2.00    0.00    0.00    4.00    14  postgres
12:11:13 PM 100998   3409881    2.00    2.00    0.00    0.00    4.00    14  postgres
12:11:13 PM 100998   3409882    3.00    1.00    0.00    0.00    4.00    10  postgres

12:11:13 PM   UID       PID    %usr %system  %guest   %wait    %CPU   CPU  Command
12:11:14 PM 100998   3409775    0.00    0.00    0.00    0.00    0.00    10  postgres
12:11:14 PM 100998   3409776    0.00    0.00    0.00    0.00    0.00    12  postgres
12:11:14 PM 100998   3409778    0.00    0.00    0.00    0.00    0.00    10  postgres
12:11:14 PM 100998   3409779    0.00    0.00    0.00    0.00    0.00    12  postgres
12:11:14 PM 100998   3409857    2.00    2.00    0.00    0.00    4.00    10  postgres
12:11:14 PM 100998   3409862    1.00    2.00    0.00    0.00    3.00    12  postgres
12:11:14 PM 100998   3409863    2.00    2.00    0.00    0.00    4.00    12  postgres
12:11:14 PM 100998   3409864    2.00    3.00    0.00    0.00    5.00    14  postgres
12:11:14 PM 100998   3409865    2.00    2.00    0.00    0.00    4.00    14  postgres
12:11:14 PM 100998   3409866    2.00    3.00    0.00    0.00    5.00    14  postgres
12:11:14 PM 100998   3409879    3.00    2.00    0.00    0.00    5.00    12  postgres
12:11:14 PM 100998   3409880    2.00    2.00    0.00    0.00    4.00    10  postgres
12:11:14 PM 100998   3409881    2.00    3.00    0.00    0.00    5.00    12  postgres
12:11:14 PM 100998   3409882    2.00    2.00    0.00    0.00    4.00    10  postgres

12:11:14 PM   UID       PID    %usr %system  %guest   %wait    %CPU   CPU  Command
12:11:15 PM 100998   3409775    0.00    0.00    0.00    0.00    0.00    10  postgres
12:11:15 PM 100998   3409776    0.00    0.00    0.00    0.00    0.00    10  postgres
12:11:15 PM 100998   3409778    0.00    0.00    0.00    0.00    0.00    10  postgres
12:11:15 PM 100998   3409779    0.00    0.00    0.00    0.00    0.00    12  postgres
12:11:15 PM 100998   3409857    2.00    2.00    0.00    0.00    4.00    14  postgres
12:11:15 PM 100998   3409862    3.00    2.00    0.00    0.00    5.00    12  postgres
12:11:15 PM 100998   3409863    2.00    2.00    0.00    0.00    4.00    12  postgres
12:11:15 PM 100998   3409864    2.00    2.00    0.00    0.00    4.00    10  postgres
12:11:15 PM 100998   3409865    2.00    3.00    0.00    0.00    5.00    14  postgres
12:11:15 PM 100998   3409866    3.00    3.00    0.00    0.00    6.00    10  postgres
12:11:15 PM 100998   3409879    3.00    2.00    0.00    0.00    5.00    14  postgres
12:11:15 PM 100998   3409880    3.00    1.00    0.00    0.00    4.00    14  postgres
12:11:15 PM 100998   3409881    2.00    2.00    0.00    0.00    4.00    12  postgres
12:11:15 PM 100998   3409882    3.00    2.00    0.00    0.00    5.00    14  postgres

12:11:15 PM   UID       PID    %usr %system  %guest   %wait    %CPU   CPU  Command
12:11:16 PM 100998   3409775    0.00    0.00    0.00    0.00    0.00    10  postgres
12:11:16 PM 100998   3409776    0.00    0.00    0.00    0.00    0.00    12  postgres
12:11:16 PM 100998   3409778    0.00    0.00    0.00    0.00    0.00    14  postgres
12:11:16 PM 100998   3409779    0.00    0.00    0.00    0.00    0.00    12  postgres
12:11:16 PM 100998   3409857    3.00    2.00    0.00    0.00    5.00    14  postgres
12:11:16 PM 100998   3409862    2.00    1.00    0.00    0.00    3.00    12  postgres
12:11:16 PM 100998   3409863    2.00    2.00    0.00    0.00    4.00    12  postgres
12:11:16 PM 100998   3409864    3.00    2.00    0.00    0.00    5.00    10  postgres
12:11:16 PM 100998   3409865    2.00    2.00    0.00    0.00    4.00    14  postgres
12:11:16 PM 100998   3409866    2.00    2.00    0.00    0.00    4.00    14  postgres
12:11:16 PM 100998   3409879    2.00    1.00    0.00    0.00    3.00    12  postgres
12:11:16 PM 100998   3409880    2.00    2.00    0.00    0.00    4.00    10  postgres
12:11:16 PM 100998   3409881    3.00    1.00    0.00    0.00    4.00    14  postgres
12:11:16 PM 100998   3409882    2.00    2.00    0.00    0.00    4.00    10  postgres

12:11:16 PM   UID       PID    %usr %system  %guest   %wait    %CPU   CPU  Command
12:11:17 PM 100998   3409775    0.00    0.00    0.00    0.00    0.00    10  postgres
12:11:17 PM 100998   3409776    0.00    0.00    0.00    0.00    0.00    10  postgres
12:11:17 PM 100998   3409778    0.00    0.00    0.00    0.00    0.00    14  postgres
12:11:17 PM 100998   3409779    0.00    0.00    0.00    0.00    0.00    12  postgres
12:11:17 PM 100998   3409857    2.00    2.00    0.00    0.00    4.00    10  postgres
12:11:17 PM 100998   3409862    2.00    2.00    0.00    0.00    4.00    10  postgres
12:11:17 PM 100998   3409863    3.00    2.00    0.00    0.00    5.00    10  postgres
12:11:17 PM 100998   3409864    2.00    1.00    0.00    0.00    3.00    12  postgres
12:11:17 PM 100998   3409865    2.00    3.00    0.00    0.00    5.00    12  postgres
12:11:17 PM 100998   3409866    2.00    3.00    0.00    0.00    5.00    12  postgres
12:11:17 PM 100998   3409879    2.00    2.00    0.00    0.00    4.00    12  postgres
12:11:17 PM 100998   3409880    2.00    3.00    0.00    0.00    5.00    14  postgres
12:11:17 PM 100998   3409881    2.00    3.00    0.00    0.00    5.00    10  postgres
12:11:17 PM 100998   3409882    3.00    2.00    0.00    0.00    5.00    14  postgres

12:11:17 PM   UID       PID    %usr %system  %guest   %wait    %CPU   CPU  Command
12:11:18 PM 100998   3409775    0.00    0.00    0.00    0.00    0.00    10  postgres
12:11:18 PM 100998   3409776    0.00    0.00    0.00    0.00    0.00    14  postgres
12:11:18 PM 100998   3409778    0.00    0.00    0.00    0.00    0.00    14  postgres
12:11:18 PM 100998   3409779    0.00    0.00    0.00    0.00    0.00    12  postgres
12:11:18 PM 100998   3409857    3.00    2.00    0.00    0.00    5.00    12  postgres
12:11:18 PM 100998   3409862    2.00    2.00    0.00    0.00    4.00    14  postgres
12:11:18 PM 100998   3409863    2.00    3.00    0.00    0.00    5.00    10  postgres
12:11:18 PM 100998   3409864    2.00    2.00    0.00    0.00    4.00    10  postgres
12:11:18 PM 100998   3409865    3.00    3.00    0.00    0.00    6.00    14  postgres
12:11:18 PM 100998   3409866    3.00    1.00    0.00    0.00    4.00    10  postgres
12:11:18 PM 100998   3409879    3.00    2.00    0.00    0.00    5.00    12  postgres
12:11:18 PM 100998   3409880    2.00    2.00    0.00    0.00    4.00    12  postgres
12:11:18 PM 100998   3409881    2.00    2.00    0.00    0.00    4.00    10  postgres
12:11:18 PM 100998   3409882    2.00    2.00    0.00    0.00    4.00    14  postgres

12:11:18 PM   UID       PID    %usr %system  %guest   %wait    %CPU   CPU  Command
12:11:19 PM 100998   3409775    0.00    0.00    0.00    0.00    0.00    10  postgres
12:11:19 PM 100998   3409776    0.00    0.00    0.00    0.00    0.00    14  postgres
12:11:19 PM 100998   3409778    0.00    0.00    0.00    0.00    0.00    14  postgres
12:11:19 PM 100998   3409779    0.00    0.00    0.00    0.00    0.00    12  postgres
12:11:19 PM 100998   3409857    2.00    2.00    0.00    0.00    4.00    10  postgres
12:11:19 PM 100998   3409862    2.00    2.00    0.00    0.00    4.00    10  postgres
12:11:19 PM 100998   3409863    3.00    1.00    0.00    0.00    4.00    14  postgres
12:11:19 PM 100998   3409864    2.00    2.00    0.00    0.00    4.00    10  postgres
12:11:19 PM 100998   3409865    2.00    2.00    0.00    0.00    4.00    12  postgres
12:11:19 PM 100998   3409866    2.00    3.00    0.00    0.00    5.00    10  postgres
12:11:19 PM 100998   3409879    3.00    1.00    0.00    0.00    4.00    14  postgres
12:11:19 PM 100998   3409880    2.00    2.00    0.00    0.00    4.00    14  postgres
12:11:19 PM 100998   3409881    2.00    2.00    0.00    0.00    4.00    14  postgres
12:11:19 PM 100998   3409882    3.00    2.00    0.00    0.00    5.00    14  postgres

12:11:19 PM   UID       PID    %usr %system  %guest   %wait    %CPU   CPU  Command
12:11:20 PM 100998   3409775    0.00    0.00    0.00    0.00    0.00    10  postgres
12:11:20 PM 100998   3409776    0.00    0.00    0.00    0.00    0.00    14  postgres
12:11:20 PM 100998   3409778    0.00    0.00    0.00    0.00    0.00    14  postgres
12:11:20 PM 100998   3409779    0.00    0.00    0.00    0.00    0.00    12  postgres
12:11:20 PM 100998   3409857    2.00    2.00    0.00    0.00    4.00    10  postgres
12:11:20 PM 100998   3409862    2.00    3.00    0.00    0.00    5.00    10  postgres
12:11:20 PM 100998   3409863    2.00    2.00    0.00    0.00    4.00    14  postgres
12:11:20 PM 100998   3409864    3.00    2.00    0.00    0.00    5.00    14  postgres
12:11:20 PM 100998   3409865    1.00    3.00    0.00    0.00    4.00    14  postgres
12:11:20 PM 100998   3409866    2.00    2.00    0.00    0.00    4.00    10  postgres
12:11:20 PM 100998   3409879    2.00    2.00    0.00    0.00    4.00    12  postgres
12:11:20 PM 100998   3409880    2.00    3.00    0.00    0.00    5.00    12  postgres
12:11:20 PM 100998   3409881    2.00    2.00    0.00    0.00    4.00    14  postgres
12:11:20 PM 100998   3409882    2.00    2.00    0.00    0.00    4.00    10  postgres

12:11:20 PM   UID       PID    %usr %system  %guest   %wait    %CPU   CPU  Command
12:11:21 PM 100998   3409775    0.00    0.00    0.00    0.00    0.00    10  postgres
12:11:21 PM 100998   3409776    0.00    0.00    0.00    0.00    0.00    10  postgres
12:11:21 PM 100998   3409778    0.00    0.00    0.00    0.00    0.00    14  postgres
12:11:21 PM 100998   3409779    0.00    0.00    0.00    0.00    0.00    12  postgres
12:11:21 PM 100998   3409857    2.00    2.00    0.00    0.00    4.00    12  postgres
12:11:21 PM 100998   3409862    2.00    2.00    0.00    0.00    4.00    14  postgres
12:11:21 PM 100998   3409863    3.00    2.00    0.00    0.00    5.00    12  postgres
12:11:21 PM 100998   3409864    1.00    2.00    0.00    0.00    3.00    12  postgres
12:11:21 PM 100998   3409865    2.00    1.00    0.00    0.00    3.00    12  postgres
12:11:21 PM 100998   3409866    3.00    1.00    0.00    0.00    4.00    10  postgres
12:11:21 PM 100998   3409879    2.00    2.00    0.00    0.00    4.00    12  postgres
12:11:21 PM 100998   3409880    2.00    2.00    0.00    0.00    4.00    14  postgres
12:11:21 PM 100998   3409881    3.00    2.00    0.00    0.00    5.00    10  postgres
12:11:21 PM 100998   3409882    2.00    2.00    0.00    0.00    4.00    12  postgres

12:11:21 PM   UID       PID    %usr %system  %guest   %wait    %CPU   CPU  Command
12:11:22 PM 100998   3409775    0.00    0.00    0.00    0.00    0.00    10  postgres
12:11:22 PM 100998   3409776    0.00    0.00    0.00    0.00    0.00    14  postgres
12:11:22 PM 100998   3409778    0.00    0.00    0.00    0.00    0.00    14  postgres
12:11:22 PM 100998   3409779    0.00    0.00    0.00    0.00    0.00    12  postgres
12:11:22 PM 100998   3409857    3.00    2.00    0.00    0.00    5.00    14  postgres
12:11:22 PM 100998   3409862    2.00    3.00    0.00    0.00    5.00    14  postgres
12:11:22 PM 100998   3409863    2.00    2.00    0.00    0.00    4.00    14  postgres
12:11:22 PM 100998   3409864    2.00    2.00    0.00    0.00    4.00    14  postgres
12:11:22 PM 100998   3409865    3.00    2.00    0.00    0.00    5.00    14  postgres
12:11:22 PM 100998   3409866    2.00    2.00    0.00    0.00    4.00    12  postgres
12:11:22 PM 100998   3409879    2.00    3.00    0.00    0.00    5.00    10  postgres
12:11:22 PM 100998   3409880    2.00    3.00    0.00    0.00    5.00    12  postgres
12:11:22 PM 100998   3409881    2.00    2.00    0.00    0.00    4.00    10  postgres
12:11:22 PM 100998   3409882    3.00    3.00    0.00    0.00    6.00    12  postgres

12:11:22 PM   UID       PID    %usr %system  %guest   %wait    %CPU   CPU  Command
12:11:23 PM 100998   3409775    0.00    0.00    0.00    0.00    0.00    10  postgres
12:11:23 PM 100998   3409776    0.00    0.00    0.00    0.00    0.00    10  postgres
12:11:23 PM 100998   3409778    0.00    0.00    0.00    0.00    0.00    14  postgres
12:11:23 PM 100998   3409779    0.00    0.00    0.00    0.00    0.00    12  postgres
12:11:23 PM 100998   3409857    3.00    2.00    0.00    0.00    5.00    10  postgres
12:11:23 PM 100998   3409862    2.00    2.00    0.00    0.00    4.00    10  postgres
12:11:23 PM 100998   3409863    2.00    2.00    0.00    0.00    4.00    10  postgres
12:11:23 PM 100998   3409864    2.00    2.00    0.00    0.00    4.00    10  postgres
12:11:23 PM 100998   3409865    1.00    2.00    0.00    0.00    3.00    12  postgres
12:11:23 PM 100998   3409866    3.00    2.00    0.00    0.00    5.00    14  postgres
12:11:23 PM 100998   3409879    3.00    2.00    0.00    0.00    5.00    10  postgres
12:11:23 PM 100998   3409880    2.00    1.00    0.00    0.00    3.00    12  postgres
12:11:23 PM 100998   3409881    2.00    2.00    0.00    0.00    4.00    14  postgres
12:11:23 PM 100998   3409882    1.00    3.00    0.00    0.00    4.00    14  postgres

12:11:23 PM   UID       PID    %usr %system  %guest   %wait    %CPU   CPU  Command
12:11:24 PM 100998   3409775    0.00    0.00    0.00    0.00    0.00    10  postgres
12:11:24 PM 100998   3409776    0.00    0.00    0.00    0.00    0.00    10  postgres
12:11:24 PM 100998   3409778    0.00    0.00    0.00    0.00    0.00    14  postgres
12:11:24 PM 100998   3409779    0.00    0.00    0.00    0.00    0.00    12  postgres
12:11:24 PM 100998   3409857    2.00    2.00    0.00    0.00    4.00    12  postgres
12:11:24 PM 100998   3409862    2.00    2.00    0.00    0.00    4.00    12  postgres
12:11:24 PM 100998   3409863    3.00    1.00    0.00    0.00    4.00    10  postgres
12:11:24 PM 100998   3409864    2.00    2.00    0.00    0.00    4.00    12  postgres
12:11:24 PM 100998   3409865    2.00    3.00    0.00    0.00    5.00    14  postgres
12:11:24 PM 100998   3409866    2.00    1.00    0.00    0.00    3.00    10  postgres
12:11:24 PM 100998   3409879    3.00    2.00    0.00    0.00    5.00    10  postgres
12:11:24 PM 100998   3409880    3.00    3.00    0.00    0.00    6.00    14  postgres
12:11:24 PM 100998   3409881    2.00    2.00    0.00    0.00    4.00    12  postgres
12:11:24 PM 100998   3409882    2.00    2.00    0.00    0.00    4.00    10  postgres

12:11:24 PM   UID       PID    %usr %system  %guest   %wait    %CPU   CPU  Command
12:11:25 PM 100998   3409775    0.00    0.00    0.00    0.00    0.00    10  postgres
12:11:25 PM 100998   3409776    0.00    0.00    0.00    0.00    0.00    10  postgres
12:11:25 PM 100998   3409778    0.00    0.00    0.00    0.00    0.00    14  postgres
12:11:25 PM 100998   3409779    0.00    0.00    0.00    0.00    0.00    12  postgres
12:11:25 PM 100998   3409857    2.00    2.00    0.00    0.00    4.00    14  postgres
12:11:25 PM 100998   3409862    3.00    3.00    0.00    0.00    6.00    10  postgres
12:11:25 PM 100998   3409863    2.00    2.00    0.00    0.00    4.00    12  postgres
12:11:25 PM 100998   3409864    3.00    2.00    0.00    0.00    5.00    14  postgres
12:11:25 PM 100998   3409865    2.00    3.00    0.00    0.00    5.00    14  postgres
12:11:25 PM 100998   3409866    3.00    2.00    0.00    0.00    5.00    12  postgres
12:11:25 PM 100998   3409879    2.00    2.00    0.00    0.00    4.00    12  postgres
12:11:25 PM 100998   3409880    2.00    2.00    0.00    0.00    4.00    10  postgres
12:11:25 PM 100998   3409881    2.00    2.00    0.00    0.00    4.00    10  postgres
12:11:25 PM 100998   3409882    2.00    2.00    0.00    0.00    4.00    12  postgres

12:11:25 PM   UID       PID    %usr %system  %guest   %wait    %CPU   CPU  Command
12:11:26 PM 100998   3409775    0.00    0.00    0.00    0.00    0.00    10  postgres
12:11:26 PM 100998   3409776    0.00    0.00    0.00    0.00    0.00    10  postgres
12:11:26 PM 100998   3409778    0.00    0.00    0.00    0.00    0.00    14  postgres
12:11:26 PM 100998   3409779    0.00    0.00    0.00    0.00    0.00    12  postgres
12:11:26 PM 100998   3409857    3.00    2.00    0.00    0.00    5.00    14  postgres
12:11:26 PM 100998   3409862    2.00    2.00    0.00    0.00    4.00    14  postgres
12:11:26 PM 100998   3409863    2.00    3.00    0.00    0.00    5.00    14  postgres
12:11:26 PM 100998   3409864    1.00    1.00    0.00    0.00    2.00    14  postgres
12:11:26 PM 100998   3409865    2.00    1.00    0.00    0.00    3.00    14  postgres
12:11:26 PM 100998   3409866    2.00    3.00    0.00    0.00    5.00    12  postgres
12:11:26 PM 100998   3409879    2.00    1.00    0.00    0.00    3.00    14  postgres
12:11:26 PM 100998   3409880    2.00    2.00    0.00    0.00    4.00    10  postgres
12:11:26 PM 100998   3409881    2.00    2.00    0.00    0.00    4.00    14  postgres
12:11:26 PM 100998   3409882    3.00    1.00    0.00    0.00    4.00    10  postgres

12:11:26 PM   UID       PID    %usr %system  %guest   %wait    %CPU   CPU  Command
12:11:27 PM 100998   3409775    0.00    0.00    0.00    0.00    0.00    10  postgres
12:11:27 PM 100998   3409776    0.00    0.00    0.00    0.00    0.00    12  postgres
12:11:27 PM 100998   3409778    0.00    0.00    0.00    0.00    0.00    14  postgres
12:11:27 PM 100998   3409779    0.00    0.00    0.00    0.00    0.00    12  postgres
12:11:27 PM 100998   3409857    3.00    2.00    0.00    0.00    5.00    10  postgres
12:11:27 PM 100998   3409862    2.00    2.00    0.00    0.00    4.00    12  postgres
12:11:27 PM 100998   3409863    2.00    2.00    0.00    0.00    4.00    14  postgres
12:11:27 PM 100998   3409864    2.00    2.00    0.00    0.00    4.00    10  postgres
12:11:27 PM 100998   3409865    3.00    3.00    0.00    0.00    6.00    10  postgres
12:11:27 PM 100998   3409866    2.00    2.00    0.00    0.00    4.00    12  postgres
12:11:27 PM 100998   3409879    2.00    3.00    0.00    0.00    5.00    12  postgres
12:11:27 PM 100998   3409880    2.00    3.00    0.00    0.00    5.00    14  postgres
12:11:27 PM 100998   3409881    2.00    2.00    0.00    0.00    4.00    10  postgres
12:11:27 PM 100998   3409882    2.00    3.00    0.00    0.00    5.00    14  postgres

12:11:27 PM   UID       PID    %usr %system  %guest   %wait    %CPU   CPU  Command
12:11:28 PM 100998   3409775    0.00    0.00    0.00    0.00    0.00    10  postgres
12:11:28 PM 100998   3409776    0.00    0.00    0.00    0.00    0.00    10  postgres
12:11:28 PM 100998   3409778    0.00    0.00    0.00    0.00    0.00    14  postgres
12:11:28 PM 100998   3409779    0.00    0.00    0.00    0.00    0.00    12  postgres
12:11:28 PM 100998   3409857    2.00    1.00    0.00    0.00    3.00    12  postgres
12:11:28 PM 100998   3409862    3.00    2.00    0.00    0.00    5.00    14  postgres
12:11:28 PM 100998   3409863    3.00    1.00    0.00    0.00    4.00    14  postgres
12:11:28 PM 100998   3409864    2.00    3.00    0.00    0.00    5.00    12  postgres
12:11:28 PM 100998   3409865    2.00    2.00    0.00    0.00    4.00    12  postgres
12:11:28 PM 100998   3409866    2.00    3.00    0.00    0.00    5.00    14  postgres
12:11:28 PM 100998   3409879    2.00    2.00    0.00    0.00    4.00    14  postgres
12:11:28 PM 100998   3409880    3.00    1.00    0.00    0.00    4.00    10  postgres
12:11:28 PM 100998   3409881    3.00    2.00    0.00    0.00    5.00    10  postgres
12:11:28 PM 100998   3409882    2.00    2.00    0.00    0.00    4.00    12  postgres

12:11:28 PM   UID       PID    %usr %system  %guest   %wait    %CPU   CPU  Command
12:11:29 PM 100998   3409775    0.00    0.00    0.00    0.00    0.00    10  postgres
12:11:29 PM 100998   3409776    0.00    0.00    0.00    0.00    0.00    12  postgres
12:11:29 PM 100998   3409778    0.00    0.00    0.00    0.00    0.00    14  postgres
12:11:29 PM 100998   3409779    0.00    0.00    0.00    0.00    0.00    12  postgres
12:11:29 PM 100998   3409857    3.00    2.00    0.00    0.00    5.00    12  postgres
12:11:29 PM 100998   3409862    2.00    2.00    0.00    0.00    4.00    14  postgres
12:11:29 PM 100998   3409863    2.00    2.00    0.00    0.00    4.00    12  postgres
12:11:29 PM 100998   3409864    3.00    2.00    0.00    0.00    5.00    12  postgres
12:11:29 PM 100998   3409865    3.00    1.00    0.00    0.00    4.00    14  postgres
12:11:29 PM 100998   3409866    2.00    2.00    0.00    0.00    4.00    12  postgres
12:11:29 PM 100998   3409879    3.00    2.00    0.00    0.00    5.00    14  postgres
12:11:29 PM 100998   3409880    2.00    3.00    0.00    0.00    5.00    10  postgres
12:11:29 PM 100998   3409881    2.00    2.00    0.00    0.00    4.00    10  postgres
12:11:29 PM 100998   3409882    2.00    2.00    0.00    0.00    4.00    14  postgres

12:11:29 PM   UID       PID    %usr %system  %guest   %wait    %CPU   CPU  Command
12:11:30 PM 100998   3409775    0.00    0.00    0.00    0.00    0.00    10  postgres
12:11:30 PM 100998   3409776    0.00    0.00    0.00    0.00    0.00    12  postgres
12:11:30 PM 100998   3409778    0.00    0.00    0.00    0.00    0.00    14  postgres
12:11:30 PM 100998   3409779    0.00    0.00    0.00    0.00    0.00    12  postgres
12:11:30 PM 100998   3409857    2.00    2.00    0.00    0.00    4.00    10  postgres
12:11:30 PM 100998   3409862    3.00    1.00    0.00    0.00    4.00    12  postgres
12:11:30 PM 100998   3409863    2.00    2.00    0.00    0.00    4.00    12  postgres
12:11:30 PM 100998   3409864    1.00    2.00    0.00    0.00    3.00    12  postgres
12:11:30 PM 100998   3409865    2.00    2.00    0.00    0.00    4.00    14  postgres
12:11:30 PM 100998   3409866    2.00    2.00    0.00    0.00    4.00    12  postgres
12:11:30 PM 100998   3409879    2.00    3.00    0.00    0.00    5.00    12  postgres
12:11:30 PM 100998   3409880    2.00    2.00    0.00    0.00    4.00    14  postgres
12:11:30 PM 100998   3409881    2.00    3.00    0.00    0.00    5.00    10  postgres
12:11:30 PM 100998   3409882    2.00    2.00    0.00    0.00    4.00    14  postgres

12:11:30 PM   UID       PID    %usr %system  %guest   %wait    %CPU   CPU  Command
12:11:31 PM 100998   3409775    0.00    0.00    0.00    0.00    0.00    10  postgres
12:11:31 PM 100998   3409776    0.00    0.00    0.00    0.00    0.00    10  postgres
12:11:31 PM 100998   3409778    0.00    0.00    0.00    0.00    0.00    14  postgres
12:11:31 PM 100998   3409779    0.00    0.00    0.00    0.00    0.00    12  postgres
12:11:31 PM 100998   3409857    2.00    3.00    0.00    0.00    5.00    14  postgres
12:11:31 PM 100998   3409862    2.00    2.00    0.00    0.00    4.00    14  postgres
12:11:31 PM 100998   3409863    2.00    3.00    0.00    0.00    5.00    12  postgres
12:11:31 PM 100998   3409864    2.00    2.00    0.00    0.00    4.00    14  postgres
12:11:31 PM 100998   3409865    2.00    3.00    0.00    0.00    5.00    10  postgres
12:11:31 PM 100998   3409866    2.00    3.00    0.00    0.00    5.00    10  postgres
12:11:31 PM 100998   3409879    3.00    1.00    0.00    0.00    4.00    12  postgres
12:11:31 PM 100998   3409880    2.00    3.00    0.00    0.00    5.00    10  postgres
12:11:31 PM 100998   3409881    2.00    2.00    0.00    0.00    4.00    10  postgres
12:11:31 PM 100998   3409882    3.00    2.00    0.00    0.00    5.00    10  postgres

12:11:31 PM   UID       PID    %usr %system  %guest   %wait    %CPU   CPU  Command
12:11:32 PM 100998   3409775    0.00    0.00    0.00    0.00    0.00    10  postgres
12:11:32 PM 100998   3409776    0.00    0.00    0.00    0.00    0.00    12  postgres
12:11:32 PM 100998   3409778    0.00    0.00    0.00    0.00    0.00    14  postgres
12:11:32 PM 100998   3409779    0.00    0.00    0.00    0.00    0.00    12  postgres
12:11:32 PM 100998   3409857    3.00    2.00    0.00    0.00    5.00    12  postgres
12:11:32 PM 100998   3409862    2.00    3.00    0.00    0.00    5.00    10  postgres
12:11:32 PM 100998   3409863    1.00    2.00    0.00    0.00    3.00    10  postgres
12:11:32 PM 100998   3409864    3.00    2.00    0.00    0.00    5.00    12  postgres
12:11:32 PM 100998   3409865    1.00    2.00    0.00    0.00    3.00    14  postgres
12:11:32 PM 100998   3409866    2.00    2.00    0.00    0.00    4.00    12  postgres
12:11:32 PM 100998   3409879    3.00    3.00    0.00    0.00    6.00    12  postgres
12:11:32 PM 100998   3409880    1.00    2.00    0.00    0.00    3.00    12  postgres
12:11:32 PM 100998   3409881    2.00    2.00    0.00    0.00    4.00    14  postgres
12:11:32 PM 100998   3409882    2.00    2.00    0.00    0.00    4.00    12  postgres

12:11:32 PM   UID       PID    %usr %system  %guest   %wait    %CPU   CPU  Command
12:11:33 PM 100998   3409775    0.00    0.00    0.00    0.00    0.00    10  postgres
12:11:33 PM 100998   3409776    0.00    0.00    0.00    0.00    0.00    10  postgres
12:11:33 PM 100998   3409778    0.00    0.00    0.00    0.00    0.00    14  postgres
12:11:33 PM 100998   3409779    0.00    0.00    0.00    0.00    0.00    12  postgres
12:11:33 PM 100998   3409857    2.00    2.00    0.00    0.00    4.00    14  postgres
12:11:33 PM 100998   3409862    2.00    2.00    0.00    0.00    4.00    14  postgres
12:11:33 PM 100998   3409863    3.00    2.00    0.00    0.00    5.00    12  postgres
12:11:33 PM 100998   3409864    2.00    2.00    0.00    0.00    4.00    10  postgres
12:11:33 PM 100998   3409865    3.00    2.00    0.00    0.00    5.00    12  postgres
12:11:33 PM 100998   3409866    2.00    2.00    0.00    0.00    4.00    10  postgres
12:11:33 PM 100998   3409879    2.00    2.00    0.00    0.00    4.00    12  postgres
12:11:33 PM 100998   3409880    3.00    2.00    0.00    0.00    5.00    10  postgres
12:11:33 PM 100998   3409881    2.00    2.00    0.00    0.00    4.00    12  postgres
12:11:33 PM 100998   3409882    2.00    2.00    0.00    0.00    4.00    14  postgres

12:11:33 PM   UID       PID    %usr %system  %guest   %wait    %CPU   CPU  Command
12:11:34 PM 100998   3409775    0.00    0.00    0.00    0.00    0.00    10  postgres
12:11:34 PM 100998   3409776    0.00    0.00    0.00    0.00    0.00    12  postgres
12:11:34 PM 100998   3409778    0.00    0.00    0.00    0.00    0.00    14  postgres
12:11:34 PM 100998   3409779    0.00    0.00    0.00    0.00    0.00    12  postgres
12:11:34 PM 100998   3409857    2.00    3.00    0.00    0.00    5.00    14  postgres
12:11:34 PM 100998   3409862    3.00    2.00    0.00    0.00    5.00    14  postgres
12:11:34 PM 100998   3409863    3.00    2.00    0.00    0.00    5.00    12  postgres
12:11:34 PM 100998   3409864    2.00    2.00    0.00    0.00    4.00    10  postgres
12:11:34 PM 100998   3409865    2.00    2.00    0.00    0.00    4.00    14  postgres
12:11:34 PM 100998   3409866    2.00    3.00    0.00    0.00    5.00    12  postgres
12:11:34 PM 100998   3409879    2.00    2.00    0.00    0.00    4.00    10  postgres
12:11:34 PM 100998   3409880    2.00    1.00    0.00    0.00    3.00    12  postgres
12:11:34 PM 100998   3409881    3.00    2.00    0.00    0.00    5.00    14  postgres
12:11:34 PM 100998   3409882    2.00    1.00    0.00    0.00    3.00    12  postgres

12:11:34 PM   UID       PID    %usr %system  %guest   %wait    %CPU   CPU  Command
12:11:35 PM 100998   3409775    0.00    0.00    0.00    0.00    0.00    10  postgres
12:11:35 PM 100998   3409776    0.00    0.00    0.00    0.00    0.00    12  postgres
12:11:35 PM 100998   3409778    0.00    0.00    0.00    0.00    0.00    14  postgres
12:11:35 PM 100998   3409779    0.00    0.00    0.00    0.00    0.00    12  postgres
12:11:35 PM 100998   3409857    3.00    1.00    0.00    0.00    4.00    10  postgres
12:11:35 PM 100998   3409862    2.00    2.00    0.00    0.00    4.00    12  postgres
12:11:35 PM 100998   3409863    2.00    2.00    0.00    0.00    4.00    12  postgres
12:11:35 PM 100998   3409864    2.00    2.00    0.00    0.00    4.00    12  postgres
12:11:35 PM 100998   3409865    2.00    3.00    0.00    0.00    5.00    10  postgres
12:11:35 PM 100998   3409866    2.00    2.00    0.00    0.00    4.00    14  postgres
12:11:35 PM 100998   3409879    2.00    3.00    0.00    0.00    5.00    14  postgres
12:11:35 PM 100998   3409880    2.00    3.00    0.00    0.00    5.00    12  postgres
12:11:35 PM 100998   3409881    2.00    2.00    0.00    0.00    4.00    10  postgres
12:11:35 PM 100998   3409882    2.00    3.00    0.00    0.00    5.00    10  postgres

12:11:35 PM   UID       PID    %usr %system  %guest   %wait    %CPU   CPU  Command
12:11:36 PM 100998   3409775    0.00    0.00    0.00    0.00    0.00    10  postgres
12:11:36 PM 100998   3409776    0.00    0.00    0.00    0.00    0.00    12  postgres
12:11:36 PM 100998   3409778    0.00    0.00    0.00    0.00    0.00    14  postgres
12:11:36 PM 100998   3409779    0.00    0.00    0.00    0.00    0.00    12  postgres
12:11:36 PM 100998   3409857    3.00    2.00    0.00    0.00    5.00    10  postgres
12:11:36 PM 100998   3409862    2.00    2.00    0.00    0.00    4.00    10  postgres
12:11:36 PM 100998   3409863    2.00    2.00    0.00    0.00    4.00    14  postgres
12:11:36 PM 100998   3409864    2.00    2.00    0.00    0.00    4.00    12  postgres
12:11:36 PM 100998   3409865    2.00    2.00    0.00    0.00    4.00    14  postgres
12:11:36 PM 100998   3409866    2.00    1.00    0.00    0.00    3.00    12  postgres
12:11:36 PM 100998   3409879    2.00    2.00    0.00    0.00    4.00    10  postgres
12:11:36 PM 100998   3409880    2.00    2.00    0.00    0.00    4.00    12  postgres
12:11:36 PM 100998   3409881    3.00    2.00    0.00    0.00    5.00    12  postgres
12:11:36 PM 100998   3409882    2.00    2.00    0.00    0.00    4.00    10  postgres

12:11:36 PM   UID       PID    %usr %system  %guest   %wait    %CPU   CPU  Command
12:11:37 PM 100998   3409775    0.00    0.00    0.00    0.00    0.00    10  postgres
12:11:37 PM 100998   3409776    0.00    0.00    0.00    0.00    0.00    10  postgres
12:11:37 PM 100998   3409778    0.00    0.00    0.00    0.00    0.00    14  postgres
12:11:37 PM 100998   3409779    0.00    0.00    0.00    0.00    0.00    12  postgres
12:11:37 PM 100998   3409857    2.00    2.00    0.00    0.00    4.00    14  postgres
12:11:37 PM 100998   3409862    3.00    3.00    0.00    0.00    6.00    12  postgres
12:11:37 PM 100998   3409863    3.00    2.00    0.00    0.00    5.00    10  postgres
12:11:37 PM 100998   3409864    2.00    3.00    0.00    0.00    5.00    12  postgres
12:11:37 PM 100998   3409865    2.00    2.00    0.00    0.00    4.00    12  postgres
12:11:37 PM 100998   3409866    4.00    2.00    0.00    0.00    6.00    14  postgres
12:11:37 PM 100998   3409879    2.00    2.00    0.00    0.00    4.00    14  postgres
12:11:37 PM 100998   3409880    2.00    2.00    0.00    0.00    4.00    10  postgres
12:11:37 PM 100998   3409881    2.00    2.00    0.00    0.00    4.00    12  postgres
12:11:37 PM 100998   3409882    1.00    2.00    0.00    0.00    3.00    12  postgres

12:11:37 PM   UID       PID    %usr %system  %guest   %wait    %CPU   CPU  Command
12:11:38 PM 100998   3409775    0.00    0.00    0.00    0.00    0.00    10  postgres
12:11:38 PM 100998   3409776    0.00    0.00    0.00    0.00    0.00    10  postgres
12:11:38 PM 100998   3409778    0.00    0.00    0.00    0.00    0.00    14  postgres
12:11:38 PM 100998   3409779    0.00    0.00    0.00    0.00    0.00    12  postgres
12:11:38 PM 100998   3409857    2.00    2.00    0.00    0.00    4.00    14  postgres
12:11:38 PM 100998   3409862    2.00    2.00    0.00    0.00    4.00    12  postgres
12:11:38 PM 100998   3409863    2.00    1.00    0.00    0.00    3.00    12  postgres
12:11:38 PM 100998   3409864    2.00    2.00    0.00    0.00    4.00    12  postgres
12:11:38 PM 100998   3409865    2.00    2.00    0.00    0.00    4.00    10  postgres
12:11:38 PM 100998   3409866    2.00    3.00    0.00    0.00    5.00    12  postgres
12:11:38 PM 100998   3409879    3.00    3.00    0.00    0.00    6.00    10  postgres
12:11:38 PM 100998   3409880    1.00    3.00    0.00    0.00    4.00    10  postgres
12:11:38 PM 100998   3409881    2.00    2.00    0.00    0.00    4.00    14  postgres
12:11:38 PM 100998   3409882    2.00    2.00    0.00    0.00    4.00    14  postgres

12:11:38 PM   UID       PID    %usr %system  %guest   %wait    %CPU   CPU  Command
12:11:39 PM 100998   3409775    0.00    0.00    0.00    0.00    0.00    10  postgres
12:11:39 PM 100998   3409776    0.00    0.00    0.00    0.00    0.00    10  postgres
12:11:39 PM 100998   3409778    0.00    0.00    0.00    0.00    0.00    14  postgres
12:11:39 PM 100998   3409779    0.00    0.00    0.00    0.00    0.00    12  postgres
12:11:39 PM 100998   3409857    2.00    2.00    0.00    0.00    4.00    10  postgres
12:11:39 PM 100998   3409862    2.00    2.00    0.00    0.00    4.00    10  postgres
12:11:39 PM 100998   3409863    2.00    3.00    0.00    0.00    5.00    12  postgres
12:11:39 PM 100998   3409864    2.00    2.00    0.00    0.00    4.00    14  postgres
12:11:39 PM 100998   3409865    2.00    2.00    0.00    0.00    4.00    12  postgres
12:11:39 PM 100998   3409866    2.00    1.00    0.00    0.00    3.00    12  postgres
12:11:39 PM 100998   3409879    2.00    2.00    0.00    0.00    4.00    10  postgres
12:11:39 PM 100998   3409880    2.00    3.00    0.00    0.00    5.00    10  postgres
12:11:39 PM 100998   3409881    2.00    2.00    0.00    0.00    4.00    10  postgres
12:11:39 PM 100998   3409882    3.00    2.00    0.00    0.00    5.00    10  postgres

12:11:39 PM   UID       PID    %usr %system  %guest   %wait    %CPU   CPU  Command
12:11:40 PM 100998   3409775    0.00    0.00    0.00    0.00    0.00    10  postgres
12:11:40 PM 100998   3409776    0.00    0.00    0.00    0.00    0.00    10  postgres
12:11:40 PM 100998   3409778    0.00    0.00    0.00    0.00    0.00    14  postgres
12:11:40 PM 100998   3409779    0.00    0.00    0.00    0.00    0.00    12  postgres
12:11:40 PM 100998   3409857    3.00    2.00    0.00    0.00    5.00    10  postgres
12:11:40 PM 100998   3409862    2.00    1.00    0.00    0.00    3.00    14  postgres
12:11:40 PM 100998   3409863    3.00    2.00    0.00    0.00    5.00    14  postgres
12:11:40 PM 100998   3409864    2.00    2.00    0.00    0.00    4.00    10  postgres
12:11:40 PM 100998   3409865    2.00    2.00    0.00    0.00    4.00    12  postgres
12:11:40 PM 100998   3409866    3.00    3.00    0.00    0.00    6.00    12  postgres
12:11:40 PM 100998   3409879    3.00    2.00    0.00    0.00    5.00    12  postgres
12:11:40 PM 100998   3409880    1.00    3.00    0.00    0.00    4.00    12  postgres
12:11:40 PM 100998   3409881    3.00    2.00    0.00    0.00    5.00    10  postgres
12:11:40 PM 100998   3409882    2.00    3.00    0.00    0.00    5.00    12  postgres

12:11:40 PM   UID       PID    %usr %system  %guest   %wait    %CPU   CPU  Command
12:11:41 PM 100998   3409775    0.00    0.00    0.00    0.00    0.00    10  postgres
12:11:41 PM 100998   3409776    0.00    0.00    0.00    0.00    0.00    14  postgres
12:11:41 PM 100998   3409778    0.00    0.00    0.00    0.00    0.00    14  postgres
12:11:41 PM 100998   3409779    0.00    0.00    0.00    0.00    0.00    12  postgres
12:11:41 PM 100998   3409857    2.00    2.00    0.00    0.00    4.00    14  postgres
12:11:41 PM 100998   3409862    2.00    3.00    0.00    0.00    5.00    12  postgres
12:11:41 PM 100998   3409863    2.00    2.00    0.00    0.00    4.00    10  postgres
12:11:41 PM 100998   3409864    2.00    2.00    0.00    0.00    4.00    14  postgres
12:11:41 PM 100998   3409865    3.00    2.00    0.00    0.00    5.00    10  postgres
12:11:41 PM 100998   3409866    2.00    1.00    0.00    0.00    3.00    12  postgres
12:11:41 PM 100998   3409879    3.00    2.00    0.00    0.00    5.00    10  postgres
12:11:41 PM 100998   3409880    3.00    2.00    0.00    0.00    5.00    10  postgres
12:11:41 PM 100998   3409881    1.00    3.00    0.00    0.00    4.00    10  postgres
12:11:41 PM 100998   3409882    1.00    1.00    0.00    0.00    2.00    12  postgres

12:11:41 PM   UID       PID    %usr %system  %guest   %wait    %CPU   CPU  Command
12:11:42 PM 100998   3409775    0.00    0.00    0.00    0.00    0.00    10  postgres
12:11:42 PM 100998   3409776    0.00    0.00    0.00    0.00    0.00    10  postgres
12:11:42 PM 100998   3409778    0.00    0.00    0.00    0.00    0.00    14  postgres
12:11:42 PM 100998   3409779    0.00    0.00    0.00    0.00    0.00    12  postgres
12:11:42 PM 100998   3409857    3.00    3.00    0.00    0.00    6.00    10  postgres
12:11:42 PM 100998   3409862    2.00    2.00    0.00    0.00    4.00    14  postgres
12:11:42 PM 100998   3409863    2.00    2.00    0.00    0.00    4.00    10  postgres
12:11:42 PM 100998   3409864    2.00    1.00    0.00    0.00    3.00    10  postgres
12:11:42 PM 100998   3409865    2.00    2.00    0.00    0.00    4.00    12  postgres
12:11:42 PM 100998   3409866    2.00    3.00    0.00    0.00    5.00    12  postgres
12:11:42 PM 100998   3409879    2.00    2.00    0.00    0.00    4.00    12  postgres
12:11:42 PM 100998   3409880    2.00    1.00    0.00    0.00    3.00    10  postgres
12:11:42 PM 100998   3409881    2.00    2.00    0.00    0.00    4.00    12  postgres
12:11:42 PM 100998   3409882    3.00    3.00    0.00    0.00    6.00    14  postgres

12:11:42 PM   UID       PID    %usr %system  %guest   %wait    %CPU   CPU  Command
12:11:43 PM 100998   3409775    0.00    0.00    0.00    0.00    0.00    10  postgres
12:11:43 PM 100998   3409776    0.00    0.00    0.00    0.00    0.00    14  postgres
12:11:43 PM 100998   3409778    0.00    0.00    0.00    0.00    0.00    14  postgres
12:11:43 PM 100998   3409779    0.00    0.00    0.00    0.00    0.00    12  postgres
12:11:43 PM 100998   3409857    2.00    2.00    0.00    0.00    4.00    12  postgres
12:11:43 PM 100998   3409862    2.00    2.00    0.00    0.00    4.00    10  postgres
12:11:43 PM 100998   3409863    2.00    2.00    0.00    0.00    4.00    14  postgres
12:11:43 PM 100998   3409864    2.00    2.00    0.00    0.00    4.00    12  postgres
12:11:43 PM 100998   3409865    2.00    2.00    0.00    0.00    4.00    10  postgres
12:11:43 PM 100998   3409866    2.00    3.00    0.00    0.00    5.00    10  postgres
12:11:43 PM 100998   3409879    3.00    1.00    0.00    0.00    4.00    14  postgres
12:11:43 PM 100998   3409880    3.00    3.00    0.00    0.00    6.00    10  postgres
12:11:43 PM 100998   3409881    3.00    2.00    0.00    0.00    5.00    14  postgres
12:11:43 PM 100998   3409882    2.00    3.00    0.00    0.00    5.00    14  postgres

12:11:43 PM   UID       PID    %usr %system  %guest   %wait    %CPU   CPU  Command
12:11:44 PM 100998   3409775    0.00    0.00    0.00    0.00    0.00    10  postgres
12:11:44 PM 100998   3409776    0.00    0.00    0.00    0.00    0.00    14  postgres
12:11:44 PM 100998   3409778    0.00    0.00    0.00    0.00    0.00    14  postgres
12:11:44 PM 100998   3409779    0.00    0.00    0.00    0.00    0.00    12  postgres
12:11:44 PM 100998   3409857    2.00    1.00    0.00    0.00    3.00    12  postgres
12:11:44 PM 100998   3409862    2.00    2.00    0.00    0.00    4.00    10  postgres
12:11:44 PM 100998   3409863    3.00    3.00    0.00    0.00    6.00    12  postgres
12:11:44 PM 100998   3409864    1.00    3.00    0.00    0.00    4.00    14  postgres
12:11:44 PM 100998   3409865    2.00    3.00    0.00    0.00    5.00    14  postgres
12:11:44 PM 100998   3409866    2.00    2.00    0.00    0.00    4.00    12  postgres
12:11:44 PM 100998   3409879    2.00    2.00    0.00    0.00    4.00    14  postgres
12:11:44 PM 100998   3409880    2.00    1.00    0.00    0.00    3.00    12  postgres
12:11:44 PM 100998   3409881    2.00    2.00    0.00    0.00    4.00    10  postgres
12:11:44 PM 100998   3409882    2.00    1.00    0.00    0.00    3.00    14  postgres

12:11:44 PM   UID       PID    %usr %system  %guest   %wait    %CPU   CPU  Command
12:11:45 PM 100998   3409775    0.00    0.00    0.00    0.00    0.00    10  postgres
12:11:45 PM 100998   3409776    0.00    0.00    0.00    0.00    0.00    12  postgres
12:11:45 PM 100998   3409778    0.00    0.00    0.00    0.00    0.00    14  postgres
12:11:45 PM 100998   3409779    0.00    0.00    0.00    0.00    0.00    12  postgres
12:11:45 PM 100998   3409857    2.00    2.00    0.00    0.00    4.00    12  postgres
12:11:45 PM 100998   3409862    2.00    2.00    0.00    0.00    4.00    10  postgres
12:11:45 PM 100998   3409863    2.00    2.00    0.00    0.00    4.00    14  postgres
12:11:45 PM 100998   3409864    2.00    2.00    0.00    0.00    4.00    12  postgres
12:11:45 PM 100998   3409865    2.00    1.00    0.00    0.00    3.00    10  postgres
12:11:45 PM 100998   3409866    3.00    2.00    0.00    0.00    5.00    14  postgres
12:11:45 PM 100998   3409879    3.00    2.00    0.00    0.00    5.00    10  postgres
12:11:45 PM 100998   3409880    3.00    2.00    0.00    0.00    5.00    12  postgres
12:11:45 PM 100998   3409881    2.00    2.00    0.00    0.00    4.00    10  postgres
12:11:45 PM 100998   3409882    3.00    3.00    0.00    0.00    6.00    10  postgres

12:11:45 PM   UID       PID    %usr %system  %guest   %wait    %CPU   CPU  Command
12:11:46 PM 100998   3409775    0.00    0.00    0.00    0.00    0.00    10  postgres
12:11:46 PM 100998   3409776    0.00    0.00    0.00    0.00    0.00    12  postgres
12:11:46 PM 100998   3409778    0.00    0.00    0.00    0.00    0.00    14  postgres
12:11:46 PM 100998   3409779    0.00    0.00    0.00    0.00    0.00    12  postgres
12:11:46 PM 100998   3409857    2.00    2.00    0.00    0.00    4.00    14  postgres
12:11:46 PM 100998   3409862    2.00    2.00    0.00    0.00    4.00    12  postgres
12:11:46 PM 100998   3409863    2.00    2.00    0.00    0.00    4.00    14  postgres
12:11:46 PM 100998   3409864    2.00    3.00    0.00    0.00    5.00    12  postgres
12:11:46 PM 100998   3409865    3.00    2.00    0.00    0.00    5.00    10  postgres
12:11:46 PM 100998   3409866    2.00    2.00    0.00    0.00    4.00    10  postgres
12:11:46 PM 100998   3409879    2.00    2.00    0.00    0.00    4.00    10  postgres
12:11:46 PM 100998   3409880    2.00    1.00    0.00    0.00    3.00    14  postgres
12:11:46 PM 100998   3409881    2.00    2.00    0.00    0.00    4.00    10  postgres
12:11:46 PM 100998   3409882    1.00    2.00    0.00    0.00    3.00    10  postgres

12:11:46 PM   UID       PID    %usr %system  %guest   %wait    %CPU   CPU  Command
12:11:47 PM 100998   3409775    0.00    0.00    0.00    0.00    0.00    10  postgres
12:11:47 PM 100998   3409776    0.00    0.00    0.00    0.00    0.00    12  postgres
12:11:47 PM 100998   3409778    0.00    0.00    0.00    0.00    0.00    14  postgres
12:11:47 PM 100998   3409779    0.00    0.00    0.00    0.00    0.00    12  postgres
12:11:47 PM 100998   3409857    3.00    2.00    0.00    0.00    5.00    14  postgres
12:11:47 PM 100998   3409862    2.00    3.00    0.00    0.00    5.00    10  postgres
12:11:47 PM 100998   3409863    2.00    3.00    0.00    0.00    5.00    10  postgres
12:11:47 PM 100998   3409864    3.00    1.00    0.00    0.00    4.00    12  postgres
12:11:47 PM 100998   3409865    1.00    2.00    0.00    0.00    3.00    12  postgres
12:11:47 PM 100998   3409866    3.00    1.00    0.00    0.00    4.00    10  postgres
12:11:47 PM 100998   3409879    3.00    2.00    0.00    0.00    5.00    10  postgres
12:11:47 PM 100998   3409880    2.00    3.00    0.00    0.00    5.00    14  postgres
12:11:47 PM 100998   3409881    2.00    3.00    0.00    0.00    5.00    14  postgres
12:11:47 PM 100998   3409882    3.00    2.00    0.00    0.00    5.00    10  postgres

12:11:47 PM   UID       PID    %usr %system  %guest   %wait    %CPU   CPU  Command
12:11:48 PM 100998   3409775    0.00    0.00    0.00    0.00    0.00    10  postgres
12:11:48 PM 100998   3409776    0.00    0.00    0.00    0.00    0.00    12  postgres
12:11:48 PM 100998   3409778    0.00    0.00    0.00    0.00    0.00    14  postgres
12:11:48 PM 100998   3409779    0.00    0.00    0.00    0.00    0.00    12  postgres
12:11:48 PM 100998   3409857    2.00    2.00    0.00    0.00    4.00    14  postgres
12:11:48 PM 100998   3409862    3.00    2.00    0.00    0.00    5.00    12  postgres
12:11:48 PM 100998   3409863    2.00    2.00    0.00    0.00    4.00    10  postgres
12:11:48 PM 100998   3409864    2.00    2.00    0.00    0.00    4.00    10  postgres
12:11:48 PM 100998   3409865    2.00    3.00    0.00    0.00    5.00    14  postgres
12:11:48 PM 100998   3409866    2.00    2.00    0.00    0.00    4.00    10  postgres
12:11:48 PM 100998   3409879    2.00    2.00    0.00    0.00    4.00    10  postgres
12:11:48 PM 100998   3409880    2.00    2.00    0.00    0.00    4.00    12  postgres
12:11:48 PM 100998   3409881    2.00    3.00    0.00    0.00    5.00    10  postgres
12:11:48 PM 100998   3409882    3.00    2.00    0.00    0.00    5.00    14  postgres

12:11:48 PM   UID       PID    %usr %system  %guest   %wait    %CPU   CPU  Command
12:11:49 PM 100998   3409775    0.00    0.00    0.00    0.00    0.00    10  postgres
12:11:49 PM 100998   3409776    0.00    0.00    0.00    0.00    0.00    12  postgres
12:11:49 PM 100998   3409778    0.00    0.00    0.00    0.00    0.00    14  postgres
12:11:49 PM 100998   3409779    0.00    0.00    0.00    0.00    0.00    12  postgres
12:11:49 PM 100998   3409857    3.00    2.00    0.00    0.00    5.00    10  postgres
12:11:49 PM 100998   3409862    1.00    1.00    0.00    0.00    2.00    14  postgres
12:11:49 PM 100998   3409863    4.00    3.00    0.00    0.00    7.00    12  postgres
12:11:49 PM 100998   3409864    2.00    1.00    0.00    0.00    3.00    14  postgres
12:11:49 PM 100998   3409865    3.00    2.00    0.00    0.00    5.00    10  postgres
12:11:49 PM 100998   3409866    2.00    2.00    0.00    0.00    4.00    12  postgres
12:11:49 PM 100998   3409879    3.00    2.00    0.00    0.00    5.00    14  postgres
12:11:49 PM 100998   3409880    2.00    2.00    0.00    0.00    4.00    10  postgres
12:11:49 PM 100998   3409881    3.00    2.00    0.00    0.00    5.00    10  postgres
12:11:49 PM 100998   3409882    2.00    2.00    0.00    0.00    4.00    14  postgres

12:11:49 PM   UID       PID    %usr %system  %guest   %wait    %CPU   CPU  Command
12:11:50 PM 100998   3409775    0.00    0.00    0.00    0.00    0.00    10  postgres
12:11:50 PM 100998   3409776    0.00    0.00    0.00    0.00    0.00    12  postgres
12:11:50 PM 100998   3409778    0.00    0.00    0.00    0.00    0.00    14  postgres
12:11:50 PM 100998   3409779    0.00    0.00    0.00    0.00    0.00    12  postgres
12:11:50 PM 100998   3409857    5.00    2.00    0.00    0.00    7.00    10  postgres
12:11:50 PM 100998   3409862    3.00    3.00    0.00    0.00    6.00    10  postgres
12:11:50 PM 100998   3409863    3.00    2.00    0.00    0.00    5.00    12  postgres
12:11:50 PM 100998   3409864    3.00    1.00    0.00    0.00    4.00    12  postgres
12:11:50 PM 100998   3409865    2.00    2.00    0.00    0.00    4.00    12  postgres
12:11:50 PM 100998   3409866    2.00    1.00    0.00    0.00    3.00    12  postgres
12:11:50 PM 100998   3409879    2.00    1.00    0.00    0.00    3.00    14  postgres
12:11:50 PM 100998   3409880    2.00    1.00    0.00    0.00    3.00    14  postgres
12:11:50 PM 100998   3409881    1.00    2.00    0.00    0.00    3.00    14  postgres
12:11:50 PM 100998   3409882    2.00    1.00    0.00    0.00    3.00    12  postgres

12:11:50 PM   UID       PID    %usr %system  %guest   %wait    %CPU   CPU  Command
12:11:51 PM 100998   3409775    0.00    0.00    0.00    0.00    0.00    10  postgres
12:11:51 PM 100998   3409776    0.00    0.00    0.00    0.00    0.00    12  postgres
12:11:51 PM 100998   3409778    0.00    0.00    0.00    0.00    0.00    14  postgres
12:11:51 PM 100998   3409779    0.00    0.00    0.00    0.00    0.00    12  postgres
12:11:51 PM 100998   3409857    2.00    1.00    0.00    0.00    3.00    14  postgres
12:11:51 PM 100998   3409862    2.00    1.00    0.00    0.00    3.00    10  postgres
12:11:51 PM 100998   3409863    2.00    2.00    0.00    0.00    4.00    12  postgres
12:11:51 PM 100998   3409864    1.00    3.00    0.00    0.00    4.00    10  postgres
12:11:51 PM 100998   3409865    3.00    3.00    0.00    0.00    6.00    14  postgres
12:11:51 PM 100998   3409866    4.00    2.00    0.00    0.00    6.00    12  postgres
12:11:51 PM 100998   3409879    2.00    1.00    0.00    0.00    3.00    12  postgres
12:11:51 PM 100998   3409880    2.00    1.00    0.00    0.00    3.00    14  postgres
12:11:51 PM 100998   3409881    3.00    2.00    0.00    0.00    5.00    14  postgres
12:11:51 PM 100998   3409882    1.00    1.00    0.00    0.00    2.00    12  postgres

12:11:51 PM   UID       PID    %usr %system  %guest   %wait    %CPU   CPU  Command
12:11:52 PM 100998   3409775    0.00    0.00    0.00    0.00    0.00    10  postgres
12:11:52 PM 100998   3409776    0.00    0.00    0.00    0.00    0.00    12  postgres
12:11:52 PM 100998   3409778    0.00    0.00    0.00    0.00    0.00    14  postgres
12:11:52 PM 100998   3409779    0.00    0.00    0.00    0.00    0.00    12  postgres
12:11:52 PM 100998   3409857    2.00    1.00    0.00    0.00    3.00    12  postgres
12:11:52 PM 100998   3409862    3.00    2.00    0.00    0.00    5.00    10  postgres
12:11:52 PM 100998   3409863    3.00    1.00    0.00    0.00    4.00    14  postgres
12:11:52 PM 100998   3409864    3.00    1.00    0.00    0.00    4.00    12  postgres
12:11:52 PM 100998   3409865    3.00    1.00    0.00    0.00    4.00    12  postgres
12:11:52 PM 100998   3409866    2.00    2.00    0.00    0.00    4.00    10  postgres
12:11:52 PM 100998   3409879    2.00    2.00    0.00    0.00    4.00    14  postgres
12:11:52 PM 100998   3409880    3.00    2.00    0.00    0.00    5.00    14  postgres
12:11:52 PM 100998   3409881    1.00    0.00    0.00    0.00    1.00    12  postgres
12:11:52 PM 100998   3409882    2.00    2.00    0.00    0.00    4.00    14  postgres

12:11:52 PM   UID       PID    %usr %system  %guest   %wait    %CPU   CPU  Command
12:11:53 PM 100998   3409775    0.00    0.00    0.00    0.00    0.00    10  postgres
12:11:53 PM 100998   3409776    0.00    0.00    0.00    0.00    0.00    12  postgres
12:11:53 PM 100998   3409778    0.00    0.00    0.00    0.00    0.00    14  postgres
12:11:53 PM 100998   3409779    0.00    0.00    0.00    0.00    0.00    12  postgres
12:11:53 PM 100998   3409857    3.00    3.00    0.00    0.00    6.00    14  postgres
12:11:53 PM 100998   3409862    3.00    2.00    0.00    0.00    5.00    10  postgres
12:11:53 PM 100998   3409863    2.00    2.00    0.00    0.00    4.00    12  postgres
12:11:53 PM 100998   3409864    2.00    1.00    0.00    0.00    3.00    10  postgres
12:11:53 PM 100998   3409865    2.00    2.00    0.00    0.00    4.00    12  postgres
12:11:53 PM 100998   3409866    2.00    2.00    0.00    0.00    4.00    14  postgres
12:11:53 PM 100998   3409879    2.00    2.00    0.00    0.00    4.00    14  postgres
12:11:53 PM 100998   3409880    2.00    2.00    0.00    0.00    4.00    14  postgres
12:11:53 PM 100998   3409881    2.00    2.00    0.00    0.00    4.00    14  postgres
12:11:53 PM 100998   3409882    2.00    2.00    0.00    0.00    4.00    10  postgres

12:11:53 PM   UID       PID    %usr %system  %guest   %wait    %CPU   CPU  Command
12:11:54 PM 100998   3409775    0.00    0.00    0.00    0.00    0.00    10  postgres
12:11:54 PM 100998   3409776    0.00    0.00    0.00    0.00    0.00    12  postgres
12:11:54 PM 100998   3409778    0.00    0.00    0.00    0.00    0.00    14  postgres
12:11:54 PM 100998   3409779    0.00    0.00    0.00    0.00    0.00    12  postgres
12:11:54 PM 100998   3409857    2.00    2.00    0.00    0.00    4.00    12  postgres
12:11:54 PM 100998   3409862    2.00    3.00    0.00    0.00    5.00    14  postgres
12:11:54 PM 100998   3409863    3.00    2.00    0.00    0.00    5.00    10  postgres
12:11:54 PM 100998   3409864    2.00    2.00    0.00    0.00    4.00    10  postgres
12:11:54 PM 100998   3409865    2.00    2.00    0.00    0.00    4.00    14  postgres
12:11:54 PM 100998   3409866    3.00    3.00    0.00    0.00    6.00    12  postgres
12:11:54 PM 100998   3409879    2.00    2.00    0.00    0.00    4.00    10  postgres
12:11:54 PM 100998   3409880    3.00    1.00    0.00    0.00    4.00    14  postgres
12:11:54 PM 100998   3409881    3.00    2.00    0.00    0.00    5.00    14  postgres
12:11:54 PM 100998   3409882    3.00    2.00    0.00    0.00    5.00    10  postgres

12:11:54 PM   UID       PID    %usr %system  %guest   %wait    %CPU   CPU  Command
12:11:55 PM 100998   3409775    0.00    0.00    0.00    0.00    0.00    10  postgres
12:11:55 PM 100998   3409776    0.00    0.00    0.00    0.00    0.00    12  postgres
12:11:55 PM 100998   3409778    0.00    0.00    0.00    0.00    0.00    14  postgres
12:11:55 PM 100998   3409779    0.00    0.00    0.00    0.00    0.00    12  postgres
12:11:55 PM 100998   3409857    2.00    2.00    0.00    0.00    4.00    10  postgres
12:11:55 PM 100998   3409862    2.00    2.00    0.00    0.00    4.00    12  postgres
12:11:55 PM 100998   3409863    2.00    2.00    0.00    0.00    4.00    10  postgres
12:11:55 PM 100998   3409864    3.00    2.00    0.00    0.00    5.00    12  postgres
12:11:55 PM 100998   3409865    3.00    3.00    0.00    0.00    6.00    14  postgres
12:11:55 PM 100998   3409866    2.00    2.00    0.00    0.00    4.00    10  postgres
12:11:55 PM 100998   3409879    2.00    2.00    0.00    0.00    4.00    12  postgres
12:11:55 PM 100998   3409880    2.00    2.00    0.00    0.00    4.00    10  postgres
12:11:55 PM 100998   3409881    3.00    2.00    0.00    0.00    5.00    10  postgres
12:11:55 PM 100998   3409882    2.00    2.00    0.00    0.00    4.00    10  postgres

12:11:55 PM   UID       PID    %usr %system  %guest   %wait    %CPU   CPU  Command
12:11:56 PM 100998   3409775    0.00    0.00    0.00    0.00    0.00    10  postgres
12:11:56 PM 100998   3409776    0.00    0.00    0.00    0.00    0.00    12  postgres
12:11:56 PM 100998   3409778    0.00    0.00    0.00    0.00    0.00    14  postgres
12:11:56 PM 100998   3409779    0.00    0.00    0.00    0.00    0.00    12  postgres
12:11:56 PM 100998   3409857    3.00    2.00    0.00    0.00    5.00    14  postgres
12:11:56 PM 100998   3409862    2.00    2.00    0.00    0.00    4.00    10  postgres
12:11:56 PM 100998   3409863    2.00    1.00    0.00    0.00    3.00    14  postgres
12:11:56 PM 100998   3409864    1.00    3.00    0.00    0.00    4.00    12  postgres
12:11:56 PM 100998   3409865    1.00    2.00    0.00    0.00    3.00    10  postgres
12:11:56 PM 100998   3409866    2.00    2.00    0.00    0.00    4.00    12  postgres
12:11:56 PM 100998   3409879    2.00    3.00    0.00    0.00    5.00    10  postgres
12:11:56 PM 100998   3409880    3.00    3.00    0.00    0.00    6.00    10  postgres
12:11:56 PM 100998   3409881    2.00    2.00    0.00    0.00    4.00    10  postgres
12:11:56 PM 100998   3409882    3.00    2.00    0.00    0.00    5.00    10  postgres

12:11:56 PM   UID       PID    %usr %system  %guest   %wait    %CPU   CPU  Command
12:11:57 PM 100998   3409775    0.00    0.00    0.00    0.00    0.00    10  postgres
12:11:57 PM 100998   3409776    0.00    0.00    0.00    0.00    0.00    12  postgres
12:11:57 PM 100998   3409778    0.00    0.00    0.00    0.00    0.00    14  postgres
12:11:57 PM 100998   3409779    0.00    0.00    0.00    0.00    0.00    12  postgres
12:11:57 PM 100998   3409857    2.00    2.00    0.00    0.00    4.00    14  postgres
12:11:57 PM 100998   3409862    2.00    2.00    0.00    0.00    4.00    12  postgres
12:11:57 PM 100998   3409863    2.00    2.00    0.00    0.00    4.00    12  postgres
12:11:57 PM 100998   3409864    2.00    3.00    0.00    0.00    5.00    10  postgres
12:11:57 PM 100998   3409865    2.00    3.00    0.00    0.00    5.00    14  postgres
12:11:57 PM 100998   3409866    2.00    3.00    0.00    0.00    5.00    12  postgres
12:11:57 PM 100998   3409879    2.00    1.00    0.00    0.00    3.00    10  postgres
12:11:57 PM 100998   3409880    1.00    2.00    0.00    0.00    3.00    12  postgres
12:11:57 PM 100998   3409881    2.00    2.00    0.00    0.00    4.00    14  postgres
12:11:57 PM 100998   3409882    2.00    3.00    0.00    0.00    5.00    14  postgres

12:11:57 PM   UID       PID    %usr %system  %guest   %wait    %CPU   CPU  Command
12:11:58 PM 100998   3409775    0.00    0.00    0.00    0.00    0.00    10  postgres
12:11:58 PM 100998   3409776    0.00    0.00    0.00    0.00    0.00    12  postgres
12:11:58 PM 100998   3409778    0.00    0.00    0.00    0.00    0.00    14  postgres
12:11:58 PM 100998   3409779    0.00    0.00    0.00    0.00    0.00    12  postgres
12:11:58 PM 100998   3409857    2.00    2.00    0.00    0.00    4.00    12  postgres
12:11:58 PM 100998   3409862    3.00    1.00    0.00    0.00    4.00    10  postgres
12:11:58 PM 100998   3409863    3.00    2.00    0.00    0.00    5.00    12  postgres
12:11:58 PM 100998   3409864    2.00    1.00    0.00    0.00    3.00    10  postgres
12:11:58 PM 100998   3409865    3.00    2.00    0.00    0.00    5.00    10  postgres
12:11:58 PM 100998   3409866    3.00    1.00    0.00    0.00    4.00    14  postgres
12:11:58 PM 100998   3409879    2.00    2.00    0.00    0.00    4.00    12  postgres
12:11:58 PM 100998   3409880    2.00    2.00    0.00    0.00    4.00    12  postgres
12:11:58 PM 100998   3409881    3.00    3.00    0.00    0.00    6.00    12  postgres
12:11:58 PM 100998   3409882    2.00    1.00    0.00    0.00    3.00    10  postgres

12:11:58 PM   UID       PID    %usr %system  %guest   %wait    %CPU   CPU  Command
12:11:59 PM 100998   3409775    0.00    0.00    0.00    0.00    0.00    10  postgres
12:11:59 PM 100998   3409776    0.00    0.00    0.00    0.00    0.00    12  postgres
12:11:59 PM 100998   3409778    0.00    0.00    0.00    0.00    0.00    14  postgres
12:11:59 PM 100998   3409779    0.00    0.00    0.00    0.00    0.00    12  postgres
12:11:59 PM 100998   3409857    2.00    2.00    0.00    0.00    4.00    12  postgres
12:11:59 PM 100998   3409862    3.00    3.00    0.00    0.00    6.00    12  postgres
12:11:59 PM 100998   3409863    1.00    2.00    0.00    0.00    3.00    12  postgres
12:11:59 PM 100998   3409864    2.00    3.00    0.00    0.00    5.00    10  postgres
12:11:59 PM 100998   3409865    2.00    2.00    0.00    0.00    4.00    14  postgres
12:11:59 PM 100998   3409866    2.00    2.00    0.00    0.00    4.00    12  postgres
12:11:59 PM 100998   3409879    2.00    2.00    0.00    0.00    4.00    14  postgres
12:11:59 PM 100998   3409880    3.00    2.00    0.00    0.00    5.00    10  postgres
12:11:59 PM 100998   3409881    2.00    2.00    0.00    0.00    4.00    14  postgres
12:11:59 PM 100998   3409882    2.00    2.00    0.00    0.00    4.00    10  postgres

12:11:59 PM   UID       PID    %usr %system  %guest   %wait    %CPU   CPU  Command
12:12:00 PM 100998   3409775    0.00    0.00    0.00    0.00    0.00    10  postgres
12:12:00 PM 100998   3409776    0.00    0.00    0.00    0.00    0.00    12  postgres
12:12:00 PM 100998   3409778    0.00    0.00    0.00    0.00    0.00    14  postgres
12:12:00 PM 100998   3409779    0.00    0.00    0.00    0.00    0.00    12  postgres
12:12:00 PM 100998   3409857    2.00    2.00    0.00    0.00    4.00    14  postgres
12:12:00 PM 100998   3409862    2.00    1.00    0.00    0.00    3.00    12  postgres
12:12:00 PM 100998   3409863    3.00    2.00    0.00    0.00    5.00    14  postgres
12:12:00 PM 100998   3409864    1.00    2.00    0.00    0.00    3.00    14  postgres
12:12:00 PM 100998   3409865    2.00    2.00    0.00    0.00    4.00    10  postgres
12:12:00 PM 100998   3409866    3.00    2.00    0.00    0.00    5.00    10  postgres
12:12:00 PM 100998   3409879    3.00    2.00    0.00    0.00    5.00    10  postgres
12:12:00 PM 100998   3409880    2.00    2.00    0.00    0.00    4.00    12  postgres
12:12:00 PM 100998   3409881    3.00    2.00    0.00    0.00    5.00    12  postgres
12:12:00 PM 100998   3409882    2.00    2.00    0.00    0.00    4.00    10  postgres

12:12:00 PM   UID       PID    %usr %system  %guest   %wait    %CPU   CPU  Command
12:12:01 PM 100998   3409775    0.00    0.00    0.00    0.00    0.00    10  postgres
12:12:01 PM 100998   3409776    0.00    0.00    0.00    0.00    0.00    12  postgres
12:12:01 PM 100998   3409778    0.00    0.00    0.00    0.00    0.00    14  postgres
12:12:01 PM 100998   3409779    0.00    0.00    0.00    0.00    0.00    12  postgres
12:12:01 PM 100998   3409857    2.00    2.00    0.00    0.00    4.00    10  postgres
12:12:01 PM 100998   3409862    2.00    3.00    0.00    0.00    5.00    12  postgres
12:12:01 PM 100998   3409863    2.00    2.00    0.00    0.00    4.00    12  postgres
12:12:01 PM 100998   3409864    3.00    2.00    0.00    0.00    5.00    12  postgres
12:12:01 PM 100998   3409865    3.00    2.00    0.00    0.00    5.00    12  postgres
12:12:01 PM 100998   3409866    2.00    2.00    0.00    0.00    4.00    14  postgres
12:12:01 PM 100998   3409879    2.00    2.00    0.00    0.00    4.00    12  postgres
12:12:01 PM 100998   3409880    4.00    1.00    0.00    0.00    5.00    12  postgres
12:12:01 PM 100998   3409881    2.00    2.00    0.00    0.00    4.00    12  postgres
12:12:01 PM 100998   3409882    2.00    2.00    0.00    0.00    4.00    14  postgres

12:12:01 PM   UID       PID    %usr %system  %guest   %wait    %CPU   CPU  Command
12:12:02 PM 100998   3409775    0.00    0.00    0.00    0.00    0.00    10  postgres
12:12:02 PM 100998   3409776    0.00    0.00    0.00    0.00    0.00    12  postgres
12:12:02 PM 100998   3409778    0.00    0.00    0.00    0.00    0.00    14  postgres
12:12:02 PM 100998   3409779    0.00    0.00    0.00    0.00    0.00    12  postgres
12:12:02 PM 100998   3409857    1.00    3.00    0.00    0.00    4.00    12  postgres
12:12:02 PM 100998   3409862    3.00    2.00    0.00    0.00    5.00    12  postgres
12:12:02 PM 100998   3409863    2.00    3.00    0.00    0.00    5.00    10  postgres
12:12:02 PM 100998   3409864    2.00    2.00    0.00    0.00    4.00    10  postgres
12:12:02 PM 100998   3409865    2.00    2.00    0.00    0.00    4.00    12  postgres
12:12:02 PM 100998   3409866    3.00    3.00    0.00    0.00    6.00    14  postgres
12:12:02 PM 100998   3409879    2.00    2.00    0.00    0.00    4.00    12  postgres
12:12:02 PM 100998   3409880    3.00    2.00    0.00    0.00    5.00    10  postgres
12:12:02 PM 100998   3409881    2.00    2.00    0.00    0.00    4.00    12  postgres
12:12:02 PM 100998   3409882    1.00    2.00    0.00    0.00    3.00    14  postgres

12:12:02 PM   UID       PID    %usr %system  %guest   %wait    %CPU   CPU  Command
12:12:03 PM 100998   3409775    0.00    0.00    0.00    0.00    0.00    10  postgres
12:12:03 PM 100998   3409776    0.00    0.00    0.00    0.00    0.00    12  postgres
12:12:03 PM 100998   3409778    0.00    0.00    0.00    0.00    0.00    14  postgres
12:12:03 PM 100998   3409779    0.00    0.00    0.00    0.00    0.00    12  postgres
12:12:03 PM 100998   3409857    3.00    1.00    0.00    0.00    4.00    12  postgres
12:12:03 PM 100998   3409862    2.00    2.00    0.00    0.00    4.00    14  postgres
12:12:03 PM 100998   3409863    2.00    2.00    0.00    0.00    4.00    14  postgres
12:12:03 PM 100998   3409864    2.00    2.00    0.00    0.00    4.00    12  postgres
12:12:03 PM 100998   3409865    2.00    3.00    0.00    0.00    5.00    10  postgres
12:12:03 PM 100998   3409866    2.00    2.00    0.00    0.00    4.00    12  postgres
12:12:03 PM 100998   3409879    3.00    2.00    0.00    0.00    5.00    10  postgres
12:12:03 PM 100998   3409880    2.00    2.00    0.00    0.00    4.00    14  postgres
12:12:03 PM 100998   3409881    2.00    2.00    0.00    0.00    4.00    10  postgres
12:12:03 PM 100998   3409882    3.00    2.00    0.00    0.00    5.00    12  postgres

12:12:03 PM   UID       PID    %usr %system  %guest   %wait    %CPU   CPU  Command
12:12:04 PM 100998   3409775    0.00    0.00    0.00    0.00    0.00    10  postgres
12:12:04 PM 100998   3409776    0.00    0.00    0.00    0.00    0.00    12  postgres
12:12:04 PM 100998   3409778    0.00    0.00    0.00    0.00    0.00    14  postgres
12:12:04 PM 100998   3409779    0.00    0.00    0.00    0.00    0.00    12  postgres
12:12:04 PM 100998   3409857    2.00    2.00    0.00    0.00    4.00    10  postgres
12:12:04 PM 100998   3409862    2.00    3.00    0.00    0.00    5.00    10  postgres
12:12:04 PM 100998   3409863    2.00    2.00    0.00    0.00    4.00    10  postgres
12:12:04 PM 100998   3409864    3.00    1.00    0.00    0.00    4.00    10  postgres
12:12:04 PM 100998   3409865    3.00    2.00    0.00    0.00    5.00    14  postgres
12:12:04 PM 100998   3409866    2.00    1.00    0.00    0.00    3.00    12  postgres
12:12:04 PM 100998   3409879    2.00    2.00    0.00    0.00    4.00    10  postgres
12:12:04 PM 100998   3409880    2.00    2.00    0.00    0.00    4.00    14  postgres
12:12:04 PM 100998   3409881    3.00    2.00    0.00    0.00    5.00    14  postgres
12:12:04 PM 100998   3409882    2.00    2.00    0.00    0.00    4.00    10  postgres

12:12:04 PM   UID       PID    %usr %system  %guest   %wait    %CPU   CPU  Command
12:12:05 PM 100998   3409775    0.00    0.00    0.00    0.00    0.00    10  postgres
12:12:05 PM 100998   3409776    0.00    0.00    0.00    0.00    0.00    12  postgres
12:12:05 PM 100998   3409778    0.00    0.00    0.00    0.00    0.00    14  postgres
12:12:05 PM 100998   3409779    0.00    0.00    0.00    0.00    0.00    12  postgres
12:12:05 PM 100998   3409857    3.00    2.00    0.00    0.00    5.00    10  postgres
12:12:05 PM 100998   3409862    2.00    2.00    0.00    0.00    4.00    12  postgres
12:12:05 PM 100998   3409863    1.00    3.00    0.00    0.00    4.00    10  postgres
12:12:05 PM 100998   3409864    2.00    3.00    0.00    0.00    5.00    10  postgres
12:12:05 PM 100998   3409865    2.00    2.00    0.00    0.00    4.00    10  postgres
12:12:05 PM 100998   3409866    2.00    2.00    0.00    0.00    4.00    14  postgres
12:12:05 PM 100998   3409879    2.00    1.00    0.00    0.00    3.00    10  postgres
12:12:05 PM 100998   3409880    3.00    2.00    0.00    0.00    5.00    14  postgres
12:12:05 PM 100998   3409881    2.00    2.00    0.00    0.00    4.00    12  postgres
12:12:05 PM 100998   3409882    2.00    3.00    0.00    0.00    5.00    12  postgres

12:12:05 PM   UID       PID    %usr %system  %guest   %wait    %CPU   CPU  Command
12:12:06 PM 100998   3409775    0.00    0.00    0.00    0.00    0.00    10  postgres
12:12:06 PM 100998   3409776    0.00    0.00    0.00    0.00    0.00    12  postgres
12:12:06 PM 100998   3409778    0.00    0.00    0.00    0.00    0.00    14  postgres
12:12:06 PM 100998   3409779    0.00    0.00    0.00    0.00    0.00    12  postgres
12:12:06 PM 100998   3409857    1.00    3.00    0.00    0.00    4.00    10  postgres
12:12:06 PM 100998   3409862    2.00    3.00    0.00    0.00    5.00    14  postgres
12:12:06 PM 100998   3409863    3.00    2.00    0.00    0.00    5.00    14  postgres
12:12:06 PM 100998   3409864    1.00    2.00    0.00    0.00    3.00    12  postgres
12:12:06 PM 100998   3409865    2.00    2.00    0.00    0.00    4.00    12  postgres
12:12:06 PM 100998   3409866    3.00    2.00    0.00    0.00    5.00    10  postgres
12:12:06 PM 100998   3409879    3.00    3.00    0.00    0.00    6.00    14  postgres
12:12:06 PM 100998   3409880    2.00    2.00    0.00    0.00    4.00    10  postgres
12:12:06 PM 100998   3409881    2.00    3.00    0.00    0.00    5.00    12  postgres
12:12:06 PM 100998   3409882    3.00    1.00    0.00    0.00    4.00    10  postgres

12:12:06 PM   UID       PID    %usr %system  %guest   %wait    %CPU   CPU  Command
12:12:07 PM 100998   3409775    0.00    0.00    0.00    0.00    0.00    10  postgres
12:12:07 PM 100998   3409776    0.00    0.00    0.00    0.00    0.00    12  postgres
12:12:07 PM 100998   3409778    0.00    0.00    0.00    0.00    0.00    14  postgres
12:12:07 PM 100998   3409779    0.00    0.00    0.00    0.00    0.00    12  postgres
12:12:07 PM 100998   3409857    2.00    1.00    0.00    0.00    3.00    14  postgres
12:12:07 PM 100998   3409862    1.00    1.00    0.00    0.00    2.00    14  postgres
12:12:07 PM 100998   3409863    1.00    2.00    0.00    0.00    3.00    10  postgres
12:12:07 PM 100998   3409864    2.00    1.00    0.00    0.00    3.00    12  postgres
12:12:07 PM 100998   3409865    2.00    1.00    0.00    0.00    3.00    14  postgres
12:12:07 PM 100998   3409866    2.00    2.00    0.00    0.00    4.00    14  postgres
12:12:07 PM 100998   3409879    2.00    0.00    0.00    0.00    2.00    14  postgres
12:12:07 PM 100998   3409880    0.00    2.00    0.00    0.00    2.00    10  postgres
12:12:07 PM 100998   3409881    2.00    1.00    0.00    0.00    3.00    12  postgres
12:12:07 PM 100998   3409882    1.00    2.00    0.00    0.00    3.00    10  postgres

12:12:07 PM   UID       PID    %usr %system  %guest   %wait    %CPU   CPU  Command
12:12:08 PM 100998   3409775    0.00    0.00    0.00    0.00    0.00    10  postgres
12:12:08 PM 100998   3409776    0.00    0.00    0.00    0.00    0.00    12  postgres
12:12:08 PM 100998   3409778    0.00    0.00    0.00    0.00    0.00    14  postgres
12:12:08 PM 100998   3409779    0.00    0.00    0.00    0.00    0.00    12  postgres
12:12:08 PM 100998   3409857    0.00    0.00    0.00    0.00    0.00    14  postgres
12:12:08 PM 100998   3409862    0.00    0.00    0.00    0.00    0.00    14  postgres
12:12:08 PM 100998   3409863    0.00    0.00    0.00    0.00    0.00    10  postgres
12:12:08 PM 100998   3409864    0.00    0.00    0.00    0.00    0.00    12  postgres
12:12:08 PM 100998   3409865    0.00    0.00    0.00    0.00    0.00    14  postgres
12:12:08 PM 100998   3409866    0.00    0.00    0.00    0.00    0.00    14  postgres
12:12:08 PM 100998   3409879    0.00    0.00    0.00    0.00    0.00    14  postgres
12:12:08 PM 100998   3409880    0.00    0.00    0.00    0.00    0.00    10  postgres
12:12:08 PM 100998   3409881    0.00    0.00    0.00    0.00    0.00    12  postgres
12:12:08 PM 100998   3409882    0.00    0.00    0.00    0.00    0.00    10  postgres

12:12:08 PM   UID       PID    %usr %system  %guest   %wait    %CPU   CPU  Command
12:12:09 PM 100998   3409775    0.00    0.00    0.00    0.00    0.00    10  postgres
12:12:09 PM 100998   3409776    0.00    0.00    0.00    0.00    0.00    12  postgres
12:12:09 PM 100998   3409778    0.00    0.00    0.00    0.00    0.00    14  postgres
12:12:09 PM 100998   3409779    0.00    0.00    0.00    0.00    0.00    12  postgres
12:12:09 PM 100998   3409857    0.00    0.00    0.00    0.00    0.00    14  postgres
12:12:09 PM 100998   3409862    0.00    0.00    0.00    0.00    0.00    14  postgres
12:12:09 PM 100998   3409863    0.00    0.00    0.00    0.00    0.00    10  postgres
12:12:09 PM 100998   3409864    0.00    0.00    0.00    0.00    0.00    12  postgres
12:12:09 PM 100998   3409865    0.00    0.00    0.00    0.00    0.00    14  postgres
12:12:09 PM 100998   3409866    0.00    0.00    0.00    0.00    0.00    14  postgres
12:12:09 PM 100998   3409879    0.00    0.00    0.00    0.00    0.00    14  postgres
12:12:09 PM 100998   3409880    0.00    0.00    0.00    0.00    0.00    10  postgres
12:12:09 PM 100998   3409881    0.00    0.00    0.00    0.00    0.00    12  postgres
12:12:09 PM 100998   3409882    0.00    0.00    0.00    0.00    0.00    10  postgres

12:12:09 PM   UID       PID    %usr %system  %guest   %wait    %CPU   CPU  Command
12:12:10 PM 100998   3409775    0.00    0.00    0.00    0.00    0.00    10  postgres
12:12:10 PM 100998   3409776    0.00    0.00    0.00    0.00    0.00    12  postgres
12:12:10 PM 100998   3409778    0.00    0.00    0.00    0.00    0.00    14  postgres
12:12:10 PM 100998   3409779    0.00    0.00    0.00    0.00    0.00    12  postgres
12:12:10 PM 100998   3409857    0.00    0.00    0.00    0.00    0.00    14  postgres
12:12:10 PM 100998   3409862    0.00    0.00    0.00    0.00    0.00    14  postgres
12:12:10 PM 100998   3409863    0.00    0.00    0.00    0.00    0.00    10  postgres
12:12:10 PM 100998   3409864    0.00    0.00    0.00    0.00    0.00    12  postgres
12:12:10 PM 100998   3409865    0.00    0.00    0.00    0.00    0.00    14  postgres
12:12:10 PM 100998   3409866    0.00    0.00    0.00    0.00    0.00    14  postgres
12:12:10 PM 100998   3409879    0.00    0.00    0.00    0.00    0.00    14  postgres
12:12:10 PM 100998   3409880    0.00    0.00    0.00    0.00    0.00    10  postgres
12:12:10 PM 100998   3409881    0.00    0.00    0.00    0.00    0.00    12  postgres
12:12:10 PM 100998   3409882    0.00    0.00    0.00    0.00    0.00    10  postgres

12:12:10 PM   UID       PID    %usr %system  %guest   %wait    %CPU   CPU  Command
12:12:11 PM 100998   3409775    0.00    0.00    0.00    0.00    0.00    10  postgres
12:12:11 PM 100998   3409776    0.00    0.00    0.00    0.00    0.00    12  postgres
12:12:11 PM 100998   3409778    0.00    0.00    0.00    0.00    0.00    10  postgres
12:12:11 PM 100998   3409779    0.00    0.00    0.00    0.00    0.00    12  postgres
12:12:11 PM 100998   3409857    0.00    0.00    0.00    0.00    0.00    14  postgres
12:12:11 PM 100998   3409862    0.00    0.00    0.00    0.00    0.00    14  postgres
12:12:11 PM 100998   3409863    0.00    0.00    0.00    0.00    0.00    10  postgres
12:12:11 PM 100998   3409864    0.00    0.00    0.00    0.00    0.00    12  postgres
12:12:11 PM 100998   3409865    0.00    0.00    0.00    0.00    0.00    14  postgres
12:12:11 PM 100998   3409866    0.00    0.00    0.00    0.00    0.00    14  postgres
12:12:11 PM 100998   3409879    0.00    0.00    0.00    0.00    0.00    14  postgres
12:12:11 PM 100998   3409880    0.00    0.00    0.00    0.00    0.00    10  postgres
12:12:11 PM 100998   3409881    0.00    0.00    0.00    0.00    0.00    12  postgres
12:12:11 PM 100998   3409882    0.00    0.00    0.00    0.00    0.00    10  postgres

12:12:11 PM   UID       PID    %usr %system  %guest   %wait    %CPU   CPU  Command
12:12:12 PM 100998   3409775    0.00    0.00    0.00    0.00    0.00    10  postgres
12:12:12 PM 100998   3409776    0.00    0.00    0.00    0.00    0.00    12  postgres
12:12:12 PM 100998   3409778    0.00    0.00    0.00    0.00    0.00    10  postgres
12:12:12 PM 100998   3409779    0.00    0.00    0.00    0.00    0.00    12  postgres
12:12:12 PM 100998   3409857    0.00    0.00    0.00    0.00    0.00    14  postgres
12:12:12 PM 100998   3409862    0.00    0.00    0.00    0.00    0.00    14  postgres
12:12:12 PM 100998   3409863    0.00    0.00    0.00    0.00    0.00    10  postgres
12:12:12 PM 100998   3409864    0.00    0.00    0.00    0.00    0.00    12  postgres
12:12:12 PM 100998   3409865    0.00    0.00    0.00    0.00    0.00    14  postgres
12:12:12 PM 100998   3409866    0.00    0.00    0.00    0.00    0.00    14  postgres
12:12:12 PM 100998   3409879    0.00    0.00    0.00    0.00    0.00    14  postgres
12:12:12 PM 100998   3409880    0.00    0.00    0.00    0.00    0.00    10  postgres
12:12:12 PM 100998   3409881    0.00    0.00    0.00    0.00    0.00    12  postgres
12:12:12 PM 100998   3409882    0.00    0.00    0.00    0.00    0.00    10  postgres

12:12:12 PM   UID       PID    %usr %system  %guest   %wait    %CPU   CPU  Command
12:12:13 PM 100998   3409775    0.00    0.00    0.00    0.00    0.00    10  postgres
12:12:13 PM 100998   3409776    0.00    0.00    0.00    0.00    0.00    12  postgres
12:12:13 PM 100998   3409778    0.00    0.00    0.00    0.00    0.00    10  postgres
12:12:13 PM 100998   3409779    0.00    0.00    0.00    0.00    0.00    12  postgres
12:12:13 PM 100998   3409857    0.00    0.00    0.00    0.00    0.00    14  postgres
12:12:13 PM 100998   3409862    0.00    0.00    0.00    0.00    0.00    14  postgres
12:12:13 PM 100998   3409863    0.00    0.00    0.00    0.00    0.00    10  postgres
12:12:13 PM 100998   3409864    0.00    0.00    0.00    0.00    0.00    12  postgres
12:12:13 PM 100998   3409865    0.00    0.00    0.00    0.00    0.00    14  postgres
12:12:13 PM 100998   3409866    0.00    0.00    0.00    0.00    0.00    14  postgres
12:12:13 PM 100998   3409879    0.00    0.00    0.00    0.00    0.00    14  postgres
12:12:13 PM 100998   3409880    0.00    0.00    0.00    0.00    0.00    10  postgres
12:12:13 PM 100998   3409881    0.00    0.00    0.00    0.00    0.00    12  postgres
12:12:13 PM 100998   3409882    0.00    0.00    0.00    0.00    0.00    10  postgres

12:12:13 PM   UID       PID    %usr %system  %guest   %wait    %CPU   CPU  Command
12:12:14 PM 100998   3409775    0.00    0.00    0.00    0.00    0.00    10  postgres
12:12:14 PM 100998   3409776    0.00    0.00    0.00    0.00    0.00    12  postgres
12:12:14 PM 100998   3409778    0.00    0.00    0.00    0.00    0.00    10  postgres
12:12:14 PM 100998   3409779    0.00    0.00    0.00    0.00    0.00    12  postgres
12:12:14 PM 100998   3409857    0.00    0.00    0.00    0.00    0.00    14  postgres
12:12:14 PM 100998   3409862    0.00    0.00    0.00    0.00    0.00    14  postgres
12:12:14 PM 100998   3409863    0.00    0.00    0.00    0.00    0.00    10  postgres
12:12:14 PM 100998   3409864    0.00    0.00    0.00    0.00    0.00    12  postgres
12:12:14 PM 100998   3409865    0.00    0.00    0.00    0.00    0.00    14  postgres
12:12:14 PM 100998   3409866    0.00    0.00    0.00    0.00    0.00    14  postgres
12:12:14 PM 100998   3409879    0.00    0.00    0.00    0.00    0.00    14  postgres
12:12:14 PM 100998   3409880    0.00    0.00    0.00    0.00    0.00    10  postgres
12:12:14 PM 100998   3409881    0.00    0.00    0.00    0.00    0.00    12  postgres
12:12:14 PM 100998   3409882    0.00    0.00    0.00    0.00    0.00    10  postgres

12:12:14 PM   UID       PID    %usr %system  %guest   %wait    %CPU   CPU  Command
12:12:15 PM 100998   3409775    0.00    0.00    0.00    0.00    0.00    10  postgres
12:12:15 PM 100998   3409776    0.00    0.00    0.00    0.00    0.00    12  postgres
12:12:15 PM 100998   3409778    0.00    0.00    0.00    0.00    0.00    10  postgres
12:12:15 PM 100998   3409779    0.00    0.00    0.00    0.00    0.00    12  postgres
12:12:15 PM 100998   3409857    0.00    0.00    0.00    0.00    0.00    14  postgres
12:12:15 PM 100998   3409862    0.00    0.00    0.00    0.00    0.00    14  postgres
12:12:15 PM 100998   3409863    0.00    0.00    0.00    0.00    0.00    10  postgres
12:12:15 PM 100998   3409864    0.00    0.00    0.00    0.00    0.00    12  postgres
12:12:15 PM 100998   3409865    0.00    0.00    0.00    0.00    0.00    14  postgres
12:12:15 PM 100998   3409866    0.00    0.00    0.00    0.00    0.00    14  postgres
12:12:15 PM 100998   3409879    0.00    0.00    0.00    0.00    0.00    14  postgres
12:12:15 PM 100998   3409880    0.00    0.00    0.00    0.00    0.00    10  postgres
12:12:15 PM 100998   3409881    0.00    0.00    0.00    0.00    0.00    12  postgres
12:12:15 PM 100998   3409882    0.00    0.00    0.00    0.00    0.00    10  postgres

12:12:15 PM   UID       PID    %usr %system  %guest   %wait    %CPU   CPU  Command
12:12:16 PM 100998   3409775    0.00    0.00    0.00    0.00    0.00    10  postgres
12:12:16 PM 100998   3409776    0.00    0.00    0.00    0.00    0.00    12  postgres
12:12:16 PM 100998   3409778    0.00    0.00    0.00    0.00    0.00    10  postgres
12:12:16 PM 100998   3409779    0.00    0.00    0.00    0.00    0.00    12  postgres
12:12:16 PM 100998   3409857    0.00    0.00    0.00    0.00    0.00    14  postgres
12:12:16 PM 100998   3409862    0.00    0.00    0.00    0.00    0.00    14  postgres
12:12:16 PM 100998   3409863    0.00    0.00    0.00    0.00    0.00    10  postgres
12:12:16 PM 100998   3409864    0.00    0.00    0.00    0.00    0.00    12  postgres
12:12:16 PM 100998   3409865    0.00    0.00    0.00    0.00    0.00    14  postgres
12:12:16 PM 100998   3409866    0.00    0.00    0.00    0.00    0.00    14  postgres
12:12:16 PM 100998   3409879    0.00    0.00    0.00    0.00    0.00    14  postgres
12:12:16 PM 100998   3409880    0.00    0.00    0.00    0.00    0.00    10  postgres
12:12:16 PM 100998   3409881    0.00    0.00    0.00    0.00    0.00    12  postgres
12:12:16 PM 100998   3409882    0.00    0.00    0.00    0.00    0.00    10  postgres

12:12:16 PM   UID       PID    %usr %system  %guest   %wait    %CPU   CPU  Command
12:12:17 PM 100998   3409775    0.00    0.00    0.00    0.00    0.00    10  postgres
12:12:17 PM 100998   3409776    0.00    0.00    0.00    0.00    0.00    12  postgres
12:12:17 PM 100998   3409778    0.00    0.00    0.00    0.00    0.00    10  postgres
12:12:17 PM 100998   3409779    0.00    0.00    0.00    0.00    0.00    12  postgres
12:12:17 PM 100998   3409857    0.00    0.00    0.00    0.00    0.00    14  postgres
12:12:17 PM 100998   3409862    0.00    0.00    0.00    0.00    0.00    14  postgres
12:12:17 PM 100998   3409863    0.00    0.00    0.00    0.00    0.00    10  postgres
12:12:17 PM 100998   3409864    0.00    0.00    0.00    0.00    0.00    12  postgres
12:12:17 PM 100998   3409865    0.00    0.00    0.00    0.00    0.00    14  postgres
12:12:17 PM 100998   3409866    0.00    0.00    0.00    0.00    0.00    14  postgres
12:12:17 PM 100998   3409879    0.00    0.00    0.00    0.00    0.00    14  postgres
12:12:17 PM 100998   3409880    0.00    0.00    0.00    0.00    0.00    10  postgres
12:12:17 PM 100998   3409881    0.00    0.00    0.00    0.00    0.00    12  postgres
12:12:17 PM 100998   3409882    0.00    0.00    0.00    0.00    0.00    10  postgres

12:12:17 PM   UID       PID    %usr %system  %guest   %wait    %CPU   CPU  Command
12:12:18 PM 100998   3409775    0.00    0.00    0.00    0.00    0.00    10  postgres
12:12:18 PM 100998   3409776    0.00    0.00    0.00    0.00    0.00    12  postgres
12:12:18 PM 100998   3409778    0.00    0.00    0.00    0.00    0.00    10  postgres
12:12:18 PM 100998   3409779    0.00    0.00    0.00    0.00    0.00    12  postgres
12:12:18 PM 100998   3409857    0.00    0.00    0.00    0.00    0.00    14  postgres
12:12:18 PM 100998   3409862    0.00    0.00    0.00    0.00    0.00    14  postgres
12:12:18 PM 100998   3409863    0.00    0.00    0.00    0.00    0.00    10  postgres
12:12:18 PM 100998   3409864    0.00    0.00    0.00    0.00    0.00    12  postgres
12:12:18 PM 100998   3409865    0.00    0.00    0.00    0.00    0.00    14  postgres
12:12:18 PM 100998   3409866    0.00    0.00    0.00    0.00    0.00    14  postgres
12:12:18 PM 100998   3409879    0.00    0.00    0.00    0.00    0.00    14  postgres
12:12:18 PM 100998   3409880    0.00    0.00    0.00    0.00    0.00    10  postgres
12:12:18 PM 100998   3409881    0.00    0.00    0.00    0.00    0.00    12  postgres
12:12:18 PM 100998   3409882    0.00    0.00    0.00    0.00    0.00    10  postgres

12:12:18 PM   UID       PID    %usr %system  %guest   %wait    %CPU   CPU  Command
12:12:19 PM 100998   3409775    0.00    0.00    0.00    0.00    0.00    10  postgres
12:12:19 PM 100998   3409776    0.00    0.00    0.00    0.00    0.00    12  postgres
12:12:19 PM 100998   3409778    0.00    0.00    0.00    0.00    0.00    10  postgres
12:12:19 PM 100998   3409779    0.00    0.00    0.00    0.00    0.00    12  postgres
12:12:19 PM 100998   3409857    0.00    0.00    0.00    0.00    0.00    14  postgres
12:12:19 PM 100998   3409862    0.00    0.00    0.00    0.00    0.00    14  postgres
12:12:19 PM 100998   3409863    0.00    0.00    0.00    0.00    0.00    10  postgres
12:12:19 PM 100998   3409864    0.00    0.00    0.00    0.00    0.00    12  postgres
12:12:19 PM 100998   3409865    0.00    0.00    0.00    0.00    0.00    14  postgres
12:12:19 PM 100998   3409866    0.00    0.00    0.00    0.00    0.00    14  postgres
12:12:19 PM 100998   3409879    0.00    0.00    0.00    0.00    0.00    14  postgres
12:12:19 PM 100998   3409880    0.00    0.00    0.00    0.00    0.00    10  postgres
12:12:19 PM 100998   3409881    0.00    0.00    0.00    0.00    0.00    12  postgres
12:12:19 PM 100998   3409882    0.00    0.00    0.00    0.00    0.00    10  postgres

12:12:19 PM   UID       PID    %usr %system  %guest   %wait    %CPU   CPU  Command
12:12:20 PM 100998   3409775    0.00    0.00    0.00    0.00    0.00    10  postgres
12:12:20 PM 100998   3409776    0.00    0.00    0.00    0.00    0.00    12  postgres
12:12:20 PM 100998   3409778    0.00    0.00    0.00    0.00    0.00    10  postgres
12:12:20 PM 100998   3409779    0.00    0.00    0.00    0.00    0.00    12  postgres
12:12:20 PM 100998   3409857    0.00    0.00    0.00    0.00    0.00    14  postgres
12:12:20 PM 100998   3409862    0.00    0.00    0.00    0.00    0.00    14  postgres
12:12:20 PM 100998   3409863    0.00    0.00    0.00    0.00    0.00    10  postgres
12:12:20 PM 100998   3409864    0.00    0.00    0.00    0.00    0.00    12  postgres
12:12:20 PM 100998   3409865    0.00    0.00    0.00    0.00    0.00    14  postgres
12:12:20 PM 100998   3409866    0.00    0.00    0.00    0.00    0.00    14  postgres
12:12:20 PM 100998   3409879    0.00    0.00    0.00    0.00    0.00    14  postgres
12:12:20 PM 100998   3409880    0.00    0.00    0.00    0.00    0.00    10  postgres
12:12:20 PM 100998   3409881    0.00    0.00    0.00    0.00    0.00    12  postgres
12:12:20 PM 100998   3409882    0.00    0.00    0.00    0.00    0.00    10  postgres

12:12:20 PM   UID       PID    %usr %system  %guest   %wait    %CPU   CPU  Command
12:12:21 PM 100998   3409775    0.00    0.00    0.00    0.00    0.00    10  postgres
12:12:21 PM 100998   3409776    0.00    0.00    0.00    0.00    0.00    12  postgres
12:12:21 PM 100998   3409778    0.00    0.00    0.00    0.00    0.00    10  postgres
12:12:21 PM 100998   3409779    0.00    0.00    0.00    0.00    0.00    12  postgres
12:12:21 PM 100998   3409857    0.00    0.00    0.00    0.00    0.00    14  postgres
12:12:21 PM 100998   3409862    0.00    0.00    0.00    0.00    0.00    14  postgres
12:12:21 PM 100998   3409863    0.00    0.00    0.00    0.00    0.00    10  postgres
12:12:21 PM 100998   3409864    0.00    0.00    0.00    0.00    0.00    12  postgres
12:12:21 PM 100998   3409865    0.00    0.00    0.00    0.00    0.00    14  postgres
12:12:21 PM 100998   3409866    0.00    0.00    0.00    0.00    0.00    14  postgres
12:12:21 PM 100998   3409879    0.00    0.00    0.00    0.00    0.00    14  postgres
12:12:21 PM 100998   3409880    0.00    0.00    0.00    0.00    0.00    10  postgres
12:12:21 PM 100998   3409881    0.00    0.00    0.00    0.00    0.00    12  postgres
12:12:21 PM 100998   3409882    0.00    0.00    0.00    0.00    0.00    10  postgres

12:12:21 PM   UID       PID    %usr %system  %guest   %wait    %CPU   CPU  Command
12:12:22 PM 100998   3409775    0.00    0.00    0.00    0.00    0.00    10  postgres
12:12:22 PM 100998   3409776    0.00    0.00    0.00    0.00    0.00    12  postgres
12:12:22 PM 100998   3409778    0.00    0.00    0.00    0.00    0.00    10  postgres
12:12:22 PM 100998   3409779    0.00    0.00    0.00    0.00    0.00    12  postgres
12:12:22 PM 100998   3409857    0.00    0.00    0.00    0.00    0.00    14  postgres
12:12:22 PM 100998   3409862    0.00    0.00    0.00    0.00    0.00    14  postgres
12:12:22 PM 100998   3409863    0.00    0.00    0.00    0.00    0.00    10  postgres
12:12:22 PM 100998   3409864    0.00    0.00    0.00    0.00    0.00    12  postgres
12:12:22 PM 100998   3409865    0.00    0.00    0.00    0.00    0.00    14  postgres
12:12:22 PM 100998   3409866    0.00    0.00    0.00    0.00    0.00    14  postgres
12:12:22 PM 100998   3409879    0.00    0.00    0.00    0.00    0.00    14  postgres
12:12:22 PM 100998   3409880    0.00    0.00    0.00    0.00    0.00    10  postgres
12:12:22 PM 100998   3409881    0.00    0.00    0.00    0.00    0.00    12  postgres
12:12:22 PM 100998   3409882    0.00    0.00    0.00    0.00    0.00    10  postgres

12:12:22 PM   UID       PID    %usr %system  %guest   %wait    %CPU   CPU  Command
12:12:23 PM 100998   3409775    0.00    0.00    0.00    0.00    0.00    10  postgres
12:12:23 PM 100998   3409776    0.00    0.00    0.00    0.00    0.00    12  postgres
12:12:23 PM 100998   3409778    0.00    0.00    0.00    0.00    0.00    10  postgres
12:12:23 PM 100998   3409779    0.00    0.00    0.00    0.00    0.00    12  postgres
12:12:23 PM 100998   3409857    0.00    0.00    0.00    0.00    0.00    14  postgres
12:12:23 PM 100998   3409862    0.00    0.00    0.00    0.00    0.00    14  postgres
12:12:23 PM 100998   3409863    0.00    0.00    0.00    0.00    0.00    10  postgres
12:12:23 PM 100998   3409864    0.00    0.00    0.00    0.00    0.00    12  postgres
12:12:23 PM 100998   3409865    0.00    0.00    0.00    0.00    0.00    14  postgres
12:12:23 PM 100998   3409866    0.00    0.00    0.00    0.00    0.00    14  postgres
12:12:23 PM 100998   3409879    0.00    0.00    0.00    0.00    0.00    14  postgres
12:12:23 PM 100998   3409880    0.00    0.00    0.00    0.00    0.00    10  postgres
12:12:23 PM 100998   3409881    0.00    0.00    0.00    0.00    0.00    12  postgres
12:12:23 PM 100998   3409882    0.00    0.00    0.00    0.00    0.00    10  postgres

12:12:23 PM   UID       PID    %usr %system  %guest   %wait    %CPU   CPU  Command
12:12:24 PM 100998   3409775    0.00    0.00    0.00    0.00    0.00    10  postgres
12:12:24 PM 100998   3409776    0.00    0.00    0.00    0.00    0.00    12  postgres
12:12:24 PM 100998   3409778    0.00    0.00    0.00    0.00    0.00    10  postgres
12:12:24 PM 100998   3409779    0.00    0.00    0.00    0.00    0.00    12  postgres
12:12:24 PM 100998   3409857    0.00    0.00    0.00    0.00    0.00    14  postgres
12:12:24 PM 100998   3409862    0.00    0.00    0.00    0.00    0.00    14  postgres
12:12:24 PM 100998   3409863    0.00    0.00    0.00    0.00    0.00    10  postgres
12:12:24 PM 100998   3409864    0.00    0.00    0.00    0.00    0.00    12  postgres
12:12:24 PM 100998   3409865    0.00    0.00    0.00    0.00    0.00    14  postgres
12:12:24 PM 100998   3409866    0.00    0.00    0.00    0.00    0.00    14  postgres
12:12:24 PM 100998   3409879    0.00    0.00    0.00    0.00    0.00    14  postgres
12:12:24 PM 100998   3409880    0.00    0.00    0.00    0.00    0.00    10  postgres
12:12:24 PM 100998   3409881    0.00    0.00    0.00    0.00    0.00    12  postgres
12:12:24 PM 100998   3409882    0.00    0.00    0.00    0.00    0.00    10  postgres

12:12:24 PM   UID       PID    %usr %system  %guest   %wait    %CPU   CPU  Command
12:12:25 PM 100998   3409775    0.00    0.00    0.00    0.00    0.00    10  postgres
12:12:25 PM 100998   3409776    0.00    0.00    0.00    0.00    0.00    12  postgres
12:12:25 PM 100998   3409778    0.00    0.00    0.00    0.00    0.00    10  postgres
12:12:25 PM 100998   3409779    0.00    0.00    0.00    0.00    0.00    12  postgres
12:12:25 PM 100998   3409857    0.00    0.00    0.00    0.00    0.00    14  postgres
12:12:25 PM 100998   3409862    0.00    0.00    0.00    0.00    0.00    14  postgres
12:12:25 PM 100998   3409863    0.00    0.00    0.00    0.00    0.00    10  postgres
12:12:25 PM 100998   3409864    0.00    0.00    0.00    0.00    0.00    12  postgres
12:12:25 PM 100998   3409865    0.00    0.00    0.00    0.00    0.00    14  postgres
12:12:25 PM 100998   3409866    0.00    0.00    0.00    0.00    0.00    14  postgres
12:12:25 PM 100998   3409879    0.00    0.00    0.00    0.00    0.00    14  postgres
12:12:25 PM 100998   3409880    0.00    0.00    0.00    0.00    0.00    10  postgres
12:12:25 PM 100998   3409881    0.00    0.00    0.00    0.00    0.00    12  postgres
12:12:25 PM 100998   3409882    0.00    0.00    0.00    0.00    0.00    10  postgres

12:12:25 PM   UID       PID    %usr %system  %guest   %wait    %CPU   CPU  Command
12:12:26 PM 100998   3409775    0.00    0.00    0.00    0.00    0.00    10  postgres
12:12:26 PM 100998   3409776    0.00    0.00    0.00    0.00    0.00    12  postgres
12:12:26 PM 100998   3409778    0.00    0.00    0.00    0.00    0.00    10  postgres
12:12:26 PM 100998   3409779    0.00    0.00    0.00    0.00    0.00    12  postgres
12:12:26 PM 100998   3409857    0.00    0.00    0.00    0.00    0.00    14  postgres
12:12:26 PM 100998   3409862    0.00    0.00    0.00    0.00    0.00    14  postgres
12:12:26 PM 100998   3409863    0.00    0.00    0.00    0.00    0.00    10  postgres
12:12:26 PM 100998   3409864    0.00    0.00    0.00    0.00    0.00    12  postgres
12:12:26 PM 100998   3409865    0.00    0.00    0.00    0.00    0.00    14  postgres
12:12:26 PM 100998   3409866    0.00    0.00    0.00    0.00    0.00    14  postgres
12:12:26 PM 100998   3409879    0.00    0.00    0.00    0.00    0.00    14  postgres
12:12:26 PM 100998   3409880    0.00    0.00    0.00    0.00    0.00    10  postgres
12:12:26 PM 100998   3409881    0.00    0.00    0.00    0.00    0.00    12  postgres
12:12:26 PM 100998   3409882    0.00    0.00    0.00    0.00    0.00    10  postgres

12:12:26 PM   UID       PID    %usr %system  %guest   %wait    %CPU   CPU  Command
12:12:27 PM 100998   3409775    0.00    0.00    0.00    0.00    0.00    10  postgres
12:12:27 PM 100998   3409776    0.00    0.00    0.00    0.00    0.00    12  postgres
12:12:27 PM 100998   3409778    0.00    0.00    0.00    0.00    0.00    10  postgres
12:12:27 PM 100998   3409779    0.00    0.00    0.00    0.00    0.00    12  postgres
12:12:27 PM 100998   3409857    0.00    0.00    0.00    0.00    0.00    14  postgres
12:12:27 PM 100998   3409862    0.00    0.00    0.00    0.00    0.00    14  postgres
12:12:27 PM 100998   3409863    0.00    0.00    0.00    0.00    0.00    10  postgres
12:12:27 PM 100998   3409864    0.00    0.00    0.00    0.00    0.00    12  postgres
12:12:27 PM 100998   3409865    0.00    0.00    0.00    0.00    0.00    14  postgres
12:12:27 PM 100998   3409866    0.00    0.00    0.00    0.00    0.00    14  postgres
12:12:27 PM 100998   3409879    0.00    0.00    0.00    0.00    0.00    14  postgres
12:12:27 PM 100998   3409880    0.00    0.00    0.00    0.00    0.00    10  postgres
12:12:27 PM 100998   3409881    0.00    0.00    0.00    0.00    0.00    12  postgres
12:12:27 PM 100998   3409882    0.00    0.00    0.00    0.00    0.00    10  postgres

12:12:27 PM   UID       PID    %usr %system  %guest   %wait    %CPU   CPU  Command
12:12:28 PM 100998   3409775    0.00    0.00    0.00    0.00    0.00    10  postgres
12:12:28 PM 100998   3409776    0.00    0.00    0.00    0.00    0.00    12  postgres
12:12:28 PM 100998   3409778    0.00    0.00    0.00    0.00    0.00    10  postgres
12:12:28 PM 100998   3409779    0.00    0.00    0.00    0.00    0.00    12  postgres
12:12:28 PM 100998   3409857    0.00    0.00    0.00    0.00    0.00    14  postgres
12:12:28 PM 100998   3409862    0.00    0.00    0.00    0.00    0.00    14  postgres
12:12:28 PM 100998   3409863    0.00    0.00    0.00    0.00    0.00    10  postgres
12:12:28 PM 100998   3409864    0.00    0.00    0.00    0.00    0.00    12  postgres
12:12:28 PM 100998   3409865    0.00    0.00    0.00    0.00    0.00    14  postgres
12:12:28 PM 100998   3409866    0.00    0.00    0.00    0.00    0.00    14  postgres
12:12:28 PM 100998   3409879    0.00    0.00    0.00    0.00    0.00    14  postgres
12:12:28 PM 100998   3409880    0.00    0.00    0.00    0.00    0.00    10  postgres
12:12:28 PM 100998   3409881    0.00    0.00    0.00    0.00    0.00    12  postgres
12:12:28 PM 100998   3409882    0.00    0.00    0.00    0.00    0.00    10  postgres

12:12:28 PM   UID       PID    %usr %system  %guest   %wait    %CPU   CPU  Command
12:12:29 PM 100998   3409775    0.00    0.00    0.00    0.00    0.00    10  postgres
12:12:29 PM 100998   3409776    0.00    0.00    0.00    0.00    0.00    12  postgres
12:12:29 PM 100998   3409778    0.00    0.00    0.00    0.00    0.00    10  postgres
12:12:29 PM 100998   3409779    0.00    0.00    0.00    0.00    0.00    12  postgres
12:12:29 PM 100998   3409857    0.00    0.00    0.00    0.00    0.00    14  postgres
12:12:29 PM 100998   3409862    0.00    0.00    0.00    0.00    0.00    14  postgres
12:12:29 PM 100998   3409863    0.00    0.00    0.00    0.00    0.00    10  postgres
12:12:29 PM 100998   3409864    0.00    0.00    0.00    0.00    0.00    12  postgres
12:12:29 PM 100998   3409865    0.00    0.00    0.00    0.00    0.00    14  postgres
12:12:29 PM 100998   3409866    0.00    0.00    0.00    0.00    0.00    14  postgres
12:12:29 PM 100998   3409879    0.00    0.00    0.00    0.00    0.00    14  postgres
12:12:29 PM 100998   3409880    0.00    0.00    0.00    0.00    0.00    10  postgres
12:12:29 PM 100998   3409881    0.00    0.00    0.00    0.00    0.00    12  postgres
12:12:29 PM 100998   3409882    0.00    0.00    0.00    0.00    0.00    10  postgres

12:12:29 PM   UID       PID    %usr %system  %guest   %wait    %CPU   CPU  Command
12:12:30 PM 100998   3409775    0.00    0.00    0.00    0.00    0.00    10  postgres
12:12:30 PM 100998   3409776    0.00    0.00    0.00    0.00    0.00    12  postgres
12:12:30 PM 100998   3409778    0.00    0.00    0.00    0.00    0.00    10  postgres
12:12:30 PM 100998   3409779    0.00    0.00    0.00    0.00    0.00    12  postgres
12:12:30 PM 100998   3409857    0.00    0.00    0.00    0.00    0.00    14  postgres
12:12:30 PM 100998   3409862    0.00    0.00    0.00    0.00    0.00    14  postgres
12:12:30 PM 100998   3409863    0.00    0.00    0.00    0.00    0.00    10  postgres
12:12:30 PM 100998   3409864    0.00    0.00    0.00    0.00    0.00    12  postgres
12:12:30 PM 100998   3409865    0.00    0.00    0.00    0.00    0.00    14  postgres
12:12:30 PM 100998   3409866    0.00    0.00    0.00    0.00    0.00    14  postgres
12:12:30 PM 100998   3409879    0.00    0.00    0.00    0.00    0.00    14  postgres
12:12:30 PM 100998   3409880    0.00    0.00    0.00    0.00    0.00    10  postgres
12:12:30 PM 100998   3409881    0.00    0.00    0.00    0.00    0.00    12  postgres
12:12:30 PM 100998   3409882    0.00    0.00    0.00    0.00    0.00    10  postgres

12:12:30 PM   UID       PID    %usr %system  %guest   %wait    %CPU   CPU  Command
12:12:31 PM 100998   3409775    0.00    0.00    0.00    0.00    0.00    10  postgres
12:12:31 PM 100998   3409776    0.00    0.00    0.00    0.00    0.00    12  postgres
12:12:31 PM 100998   3409778    0.00    0.00    0.00    0.00    0.00    10  postgres
12:12:31 PM 100998   3409779    0.00    0.00    0.00    0.00    0.00    12  postgres
12:12:31 PM 100998   3409857    0.00    0.00    0.00    0.00    0.00    14  postgres
12:12:31 PM 100998   3409862    0.00    0.00    0.00    0.00    0.00    14  postgres
12:12:31 PM 100998   3409863    0.00    0.00    0.00    0.00    0.00    10  postgres
12:12:31 PM 100998   3409864    0.00    0.00    0.00    0.00    0.00    12  postgres
12:12:31 PM 100998   3409865    0.00    0.00    0.00    0.00    0.00    14  postgres
12:12:31 PM 100998   3409866    0.00    0.00    0.00    0.00    0.00    14  postgres
12:12:31 PM 100998   3409879    0.00    0.00    0.00    0.00    0.00    14  postgres
12:12:31 PM 100998   3409880    0.00    0.00    0.00    0.00    0.00    10  postgres
12:12:31 PM 100998   3409881    0.00    0.00    0.00    0.00    0.00    12  postgres
12:12:31 PM 100998   3409882    0.00    0.00    0.00    0.00    0.00    10  postgres

12:12:31 PM   UID       PID    %usr %system  %guest   %wait    %CPU   CPU  Command
12:12:32 PM 100998   3409775    0.00    0.00    0.00    0.00    0.00    10  postgres
12:12:32 PM 100998   3409776    0.00    0.00    0.00    0.00    0.00    12  postgres
12:12:32 PM 100998   3409778    0.00    0.00    0.00    0.00    0.00    10  postgres
12:12:32 PM 100998   3409779    0.00    0.00    0.00    0.00    0.00    12  postgres
12:12:32 PM 100998   3409857    0.00    0.00    0.00    0.00    0.00    14  postgres
12:12:32 PM 100998   3409862    0.00    0.00    0.00    0.00    0.00    14  postgres
12:12:32 PM 100998   3409863    0.00    0.00    0.00    0.00    0.00    10  postgres
12:12:32 PM 100998   3409864    0.00    0.00    0.00    0.00    0.00    12  postgres
12:12:32 PM 100998   3409865    0.00    0.00    0.00    0.00    0.00    14  postgres
12:12:32 PM 100998   3409866    0.00    0.00    0.00    0.00    0.00    14  postgres
12:12:32 PM 100998   3409879    0.00    0.00    0.00    0.00    0.00    14  postgres
12:12:32 PM 100998   3409880    0.00    0.00    0.00    0.00    0.00    10  postgres
12:12:32 PM 100998   3409881    0.00    0.00    0.00    0.00    0.00    12  postgres
12:12:32 PM 100998   3409882    0.00    0.00    0.00    0.00    0.00    10  postgres

12:12:32 PM   UID       PID    %usr %system  %guest   %wait    %CPU   CPU  Command
12:12:33 PM 100998   3409775    0.00    0.00    0.00    0.00    0.00    10  postgres
12:12:33 PM 100998   3409776    0.00    0.00    0.00    0.00    0.00    12  postgres
12:12:33 PM 100998   3409778    0.00    0.00    0.00    0.00    0.00    10  postgres
12:12:33 PM 100998   3409779    0.00    0.00    0.00    0.00    0.00    12  postgres
12:12:33 PM 100998   3409857    0.00    0.00    0.00    0.00    0.00    14  postgres
12:12:33 PM 100998   3409862    0.00    0.00    0.00    0.00    0.00    14  postgres
12:12:33 PM 100998   3409863    0.00    0.00    0.00    0.00    0.00    10  postgres
12:12:33 PM 100998   3409864    0.00    0.00    0.00    0.00    0.00    12  postgres
12:12:33 PM 100998   3409865    0.00    0.00    0.00    0.00    0.00    14  postgres
12:12:33 PM 100998   3409866    0.00    0.00    0.00    0.00    0.00    14  postgres
12:12:33 PM 100998   3409879    0.00    0.00    0.00    0.00    0.00    14  postgres
12:12:33 PM 100998   3409880    0.00    0.00    0.00    0.00    0.00    10  postgres
12:12:33 PM 100998   3409881    0.00    0.00    0.00    0.00    0.00    12  postgres
12:12:33 PM 100998   3409882    0.00    0.00    0.00    0.00    0.00    10  postgres

12:12:33 PM   UID       PID    %usr %system  %guest   %wait    %CPU   CPU  Command
12:12:34 PM 100998   3409775    0.00    0.00    0.00    0.00    0.00    10  postgres
12:12:34 PM 100998   3409776    0.00    0.00    0.00    0.00    0.00    12  postgres
12:12:34 PM 100998   3409778    0.00    0.00    0.00    0.00    0.00    10  postgres
12:12:34 PM 100998   3409779    0.00    0.00    0.00    0.00    0.00    12  postgres
12:12:34 PM 100998   3409857    0.00    0.00    0.00    0.00    0.00    14  postgres
12:12:34 PM 100998   3409862    0.00    0.00    0.00    0.00    0.00    14  postgres
12:12:34 PM 100998   3409863    0.00    0.00    0.00    0.00    0.00    10  postgres
12:12:34 PM 100998   3409864    0.00    0.00    0.00    0.00    0.00    12  postgres
12:12:34 PM 100998   3409865    0.00    0.00    0.00    0.00    0.00    14  postgres
12:12:34 PM 100998   3409866    0.00    0.00    0.00    0.00    0.00    14  postgres
12:12:34 PM 100998   3409879    0.00    0.00    0.00    0.00    0.00    14  postgres
12:12:34 PM 100998   3409880    0.00    0.00    0.00    0.00    0.00    10  postgres
12:12:34 PM 100998   3409881    0.00    0.00    0.00    0.00    0.00    12  postgres
12:12:34 PM 100998   3409882    0.00    0.00    0.00    0.00    0.00    10  postgres

12:12:34 PM   UID       PID    %usr %system  %guest   %wait    %CPU   CPU  Command
12:12:35 PM 100998   3409775    0.00    0.00    0.00    0.00    0.00    10  postgres
12:12:35 PM 100998   3409776    0.00    0.00    0.00    0.00    0.00    12  postgres
12:12:35 PM 100998   3409778    0.00    0.00    0.00    0.00    0.00    10  postgres
12:12:35 PM 100998   3409779    0.00    0.00    0.00    0.00    0.00    12  postgres
12:12:35 PM 100998   3409857    0.00    0.00    0.00    0.00    0.00    14  postgres
12:12:35 PM 100998   3409862    0.00    0.00    0.00    0.00    0.00    14  postgres
12:12:35 PM 100998   3409863    0.00    0.00    0.00    0.00    0.00    10  postgres
12:12:35 PM 100998   3409864    0.00    0.00    0.00    0.00    0.00    12  postgres
12:12:35 PM 100998   3409865    0.00    0.00    0.00    0.00    0.00    14  postgres
12:12:35 PM 100998   3409866    0.00    0.00    0.00    0.00    0.00    14  postgres
12:12:35 PM 100998   3409879    0.00    0.00    0.00    0.00    0.00    14  postgres
12:12:35 PM 100998   3409880    0.00    0.00    0.00    0.00    0.00    10  postgres
12:12:35 PM 100998   3409881    0.00    0.00    0.00    0.00    0.00    12  postgres
12:12:35 PM 100998   3409882    0.00    0.00    0.00    0.00    0.00    10  postgres

12:12:35 PM   UID       PID    %usr %system  %guest   %wait    %CPU   CPU  Command
12:12:36 PM 100998   3409775    0.00    0.00    0.00    0.00    0.00    10  postgres
12:12:36 PM 100998   3409776    0.00    0.00    0.00    0.00    0.00    12  postgres
12:12:36 PM 100998   3409778    0.00    0.00    0.00    0.00    0.00    10  postgres
12:12:36 PM 100998   3409779    0.00    0.00    0.00    0.00    0.00    12  postgres
12:12:36 PM 100998   3409857    0.00    0.00    0.00    0.00    0.00    14  postgres
12:12:36 PM 100998   3409862    0.00    0.00    0.00    0.00    0.00    14  postgres
12:12:36 PM 100998   3409863    0.00    0.00    0.00    0.00    0.00    10  postgres
12:12:36 PM 100998   3409864    0.00    0.00    0.00    0.00    0.00    12  postgres
12:12:36 PM 100998   3409865    0.00    0.00    0.00    0.00    0.00    14  postgres
12:12:36 PM 100998   3409866    0.00    0.00    0.00    0.00    0.00    14  postgres
12:12:36 PM 100998   3409879    0.00    0.00    0.00    0.00    0.00    14  postgres
12:12:36 PM 100998   3409880    0.00    0.00    0.00    0.00    0.00    10  postgres
12:12:36 PM 100998   3409881    0.00    0.00    0.00    0.00    0.00    12  postgres
12:12:36 PM 100998   3409882    0.00    0.00    0.00    0.00    0.00    10  postgres

12:12:36 PM   UID       PID    %usr %system  %guest   %wait    %CPU   CPU  Command
12:12:37 PM 100998   3409775    0.00    0.00    0.00    0.00    0.00    10  postgres
12:12:37 PM 100998   3409776    0.00    0.00    0.00    0.00    0.00    12  postgres
12:12:37 PM 100998   3409778    0.00    0.00    0.00    0.00    0.00    10  postgres
12:12:37 PM 100998   3409779    0.00    0.00    0.00    0.00    0.00    12  postgres
12:12:37 PM 100998   3409857    0.00    0.00    0.00    0.00    0.00    14  postgres
12:12:37 PM 100998   3409862    0.00    0.00    0.00    0.00    0.00    14  postgres
12:12:37 PM 100998   3409863    0.00    0.00    0.00    0.00    0.00    10  postgres
12:12:37 PM 100998   3409864    0.00    0.00    0.00    0.00    0.00    12  postgres
12:12:37 PM 100998   3409865    0.00    0.00    0.00    0.00    0.00    14  postgres
12:12:37 PM 100998   3409866    0.00    0.00    0.00    0.00    0.00    14  postgres
12:12:37 PM 100998   3409879    0.00    0.00    0.00    0.00    0.00    14  postgres
12:12:37 PM 100998   3409880    0.00    0.00    0.00    0.00    0.00    10  postgres
12:12:37 PM 100998   3409881    0.00    0.00    0.00    0.00    0.00    12  postgres
12:12:37 PM 100998   3409882    0.00    0.00    0.00    0.00    0.00    10  postgres

12:12:37 PM   UID       PID    %usr %system  %guest   %wait    %CPU   CPU  Command
12:12:38 PM 100998   3409775    0.00    0.00    0.00    0.00    0.00    10  postgres
12:12:38 PM 100998   3409776    0.00    0.00    0.00    0.00    0.00    12  postgres
12:12:38 PM 100998   3409778    0.00    0.00    0.00    0.00    0.00    10  postgres
12:12:38 PM 100998   3409779    0.00    0.00    0.00    0.00    0.00    12  postgres
12:12:38 PM 100998   3409857    0.00    0.00    0.00    0.00    0.00    14  postgres
12:12:38 PM 100998   3409862    0.00    0.00    0.00    0.00    0.00    14  postgres
12:12:38 PM 100998   3409863    0.00    0.00    0.00    0.00    0.00    10  postgres
12:12:38 PM 100998   3409864    0.00    0.00    0.00    0.00    0.00    12  postgres
12:12:38 PM 100998   3409865    0.00    0.00    0.00    0.00    0.00    14  postgres
12:12:38 PM 100998   3409866    0.00    0.00    0.00    0.00    0.00    14  postgres
12:12:38 PM 100998   3409879    0.00    0.00    0.00    0.00    0.00    14  postgres
12:12:38 PM 100998   3409880    0.00    0.00    0.00    0.00    0.00    10  postgres
12:12:38 PM 100998   3409881    0.00    0.00    0.00    0.00    0.00    12  postgres
12:12:38 PM 100998   3409882    0.00    0.00    0.00    0.00    0.00    10  postgres

12:12:38 PM   UID       PID    %usr %system  %guest   %wait    %CPU   CPU  Command
12:12:39 PM 100998   3409775    0.00    0.00    0.00    0.00    0.00    10  postgres
12:12:39 PM 100998   3409776    0.00    0.00    0.00    0.00    0.00    12  postgres
12:12:39 PM 100998   3409778    0.00    0.00    0.00    0.00    0.00    10  postgres
12:12:39 PM 100998   3409779    0.00    0.00    0.00    0.00    0.00    12  postgres
12:12:39 PM 100998   3409857    0.00    0.00    0.00    0.00    0.00    14  postgres
12:12:39 PM 100998   3409862    0.00    0.00    0.00    0.00    0.00    14  postgres
12:12:39 PM 100998   3409863    0.00    0.00    0.00    0.00    0.00    10  postgres
12:12:39 PM 100998   3409864    0.00    0.00    0.00    0.00    0.00    12  postgres
12:12:39 PM 100998   3409865    0.00    0.00    0.00    0.00    0.00    14  postgres
12:12:39 PM 100998   3409866    0.00    0.00    0.00    0.00    0.00    14  postgres
12:12:39 PM 100998   3409879    0.00    0.00    0.00    0.00    0.00    14  postgres
12:12:39 PM 100998   3409880    0.00    0.00    0.00    0.00    0.00    10  postgres
12:12:39 PM 100998   3409881    0.00    0.00    0.00    0.00    0.00    12  postgres
12:12:39 PM 100998   3409882    0.00    0.00    0.00    0.00    0.00    10  postgres

12:12:39 PM   UID       PID    %usr %system  %guest   %wait    %CPU   CPU  Command
12:12:40 PM 100998   3409775    0.00    0.00    0.00    0.00    0.00    10  postgres
12:12:40 PM 100998   3409776    0.00    0.00    0.00    0.00    0.00    12  postgres
12:12:40 PM 100998   3409778    0.00    0.00    0.00    0.00    0.00    10  postgres
12:12:40 PM 100998   3409779    0.00    0.00    0.00    0.00    0.00    12  postgres
12:12:40 PM 100998   3409857    0.00    0.00    0.00    0.00    0.00    14  postgres
12:12:40 PM 100998   3409862    0.00    0.00    0.00    0.00    0.00    14  postgres
12:12:40 PM 100998   3409863    0.00    0.00    0.00    0.00    0.00    10  postgres
12:12:40 PM 100998   3409864    0.00    0.00    0.00    0.00    0.00    12  postgres
12:12:40 PM 100998   3409865    0.00    0.00    0.00    0.00    0.00    14  postgres
12:12:40 PM 100998   3409866    0.00    0.00    0.00    0.00    0.00    14  postgres
12:12:40 PM 100998   3409879    0.00    0.00    0.00    0.00    0.00    14  postgres
12:12:40 PM 100998   3409880    0.00    0.00    0.00    0.00    0.00    10  postgres
12:12:40 PM 100998   3409881    0.00    0.00    0.00    0.00    0.00    12  postgres
12:12:40 PM 100998   3409882    0.00    0.00    0.00    0.00    0.00    10  postgres

12:12:40 PM   UID       PID    %usr %system  %guest   %wait    %CPU   CPU  Command
12:12:41 PM 100998   3409775    0.00    0.00    0.00    0.00    0.00    10  postgres
12:12:41 PM 100998   3409776    0.00    0.00    0.00    0.00    0.00    12  postgres
12:12:41 PM 100998   3409778    0.00    0.00    0.00    0.00    0.00    10  postgres
12:12:41 PM 100998   3409779    0.00    0.00    0.00    0.00    0.00    12  postgres
12:12:41 PM 100998   3409857    0.00    0.00    0.00    0.00    0.00    14  postgres
12:12:41 PM 100998   3409862    0.00    0.00    0.00    0.00    0.00    14  postgres
12:12:41 PM 100998   3409863    0.00    0.00    0.00    0.00    0.00    10  postgres
12:12:41 PM 100998   3409864    0.00    0.00    0.00    0.00    0.00    12  postgres
12:12:41 PM 100998   3409865    0.00    0.00    0.00    0.00    0.00    14  postgres
12:12:41 PM 100998   3409866    0.00    0.00    0.00    0.00    0.00    14  postgres
12:12:41 PM 100998   3409879    0.00    0.00    0.00    0.00    0.00    14  postgres
12:12:41 PM 100998   3409880    0.00    0.00    0.00    0.00    0.00    10  postgres
12:12:41 PM 100998   3409881    0.00    0.00    0.00    0.00    0.00    12  postgres
12:12:41 PM 100998   3409882    0.00    0.00    0.00    0.00    0.00    10  postgres

12:12:41 PM   UID       PID    %usr %system  %guest   %wait    %CPU   CPU  Command
12:12:42 PM 100998   3409775    0.00    0.00    0.00    0.00    0.00    10  postgres
12:12:42 PM 100998   3409776    0.00    0.00    0.00    0.00    0.00    12  postgres
12:12:42 PM 100998   3409778    0.00    0.00    0.00    0.00    0.00    10  postgres
12:12:42 PM 100998   3409779    0.00    0.00    0.00    0.00    0.00    12  postgres
12:12:42 PM 100998   3409857    2.00    1.00    0.00    0.00    3.00    12  postgres
12:12:42 PM 100998   3409862    1.00    1.00    0.00    0.00    2.00    14  postgres
12:12:42 PM 100998   3409863    2.00    1.00    0.00    0.00    3.00    12  postgres
12:12:42 PM 100998   3409864    1.00    1.00    0.00    0.00    2.00    14  postgres
12:12:42 PM 100998   3409865    1.00    1.00    0.00    0.00    2.00    14  postgres
12:12:42 PM 100998   3409866    1.00    1.00    0.00    0.00    2.00    10  postgres
12:12:42 PM 100998   3409879    1.00    1.00    0.00    0.00    2.00    10  postgres
12:12:42 PM 100998   3409880    1.00    1.00    0.00    0.00    2.00    12  postgres
12:12:42 PM 100998   3409881    1.00    1.00    0.00    0.00    2.00    10  postgres
12:12:42 PM 100998   3409882    1.00    1.00    0.00    0.00    2.00    10  postgres

12:12:42 PM   UID       PID    %usr %system  %guest   %wait    %CPU   CPU  Command
12:12:43 PM 100998   3409775    0.00    0.00    0.00    0.00    0.00    10  postgres
12:12:43 PM 100998   3409776    0.00    0.00    0.00    0.00    0.00    12  postgres
12:12:43 PM 100998   3409778    0.00    0.00    0.00    0.00    0.00    10  postgres
12:12:43 PM 100998   3409779    0.00    0.00    0.00    0.00    0.00    12  postgres
12:12:43 PM 100998   3409857    3.00    2.00    0.00    0.00    5.00    12  postgres
12:12:43 PM 100998   3409862    3.00    3.00    0.00    0.00    6.00    14  postgres
12:12:43 PM 100998   3409863    2.00    3.00    0.00    0.00    5.00    12  postgres
12:12:43 PM 100998   3409864    2.00    2.00    0.00    0.00    4.00    12  postgres
12:12:43 PM 100998   3409865    2.00    2.00    0.00    0.00    4.00    10  postgres
12:12:43 PM 100998   3409866    1.00    3.00    0.00    0.00    4.00    12  postgres
12:12:43 PM 100998   3409879    2.00    2.00    0.00    0.00    4.00    12  postgres
12:12:43 PM 100998   3409880    3.00    1.00    0.00    0.00    4.00    10  postgres
12:12:43 PM 100998   3409881    2.00    2.00    0.00    0.00    4.00    14  postgres
12:12:43 PM 100998   3409882    3.00    1.00    0.00    0.00    4.00    14  postgres

12:12:43 PM   UID       PID    %usr %system  %guest   %wait    %CPU   CPU  Command
12:12:44 PM 100998   3409775    0.00    0.00    0.00    0.00    0.00    10  postgres
12:12:44 PM 100998   3409776    0.00    0.00    0.00    0.00    0.00    12  postgres
12:12:44 PM 100998   3409778    0.00    0.00    0.00    0.00    0.00    10  postgres
12:12:44 PM 100998   3409779    0.00    0.00    0.00    0.00    0.00    12  postgres
12:12:44 PM 100998   3409857    2.00    2.00    0.00    0.00    4.00    12  postgres
12:12:44 PM 100998   3409862    2.00    1.00    0.00    0.00    3.00    14  postgres
12:12:44 PM 100998   3409863    3.00    2.00    0.00    0.00    5.00    12  postgres
12:12:44 PM 100998   3409864    3.00    2.00    0.00    0.00    5.00    10  postgres
12:12:44 PM 100998   3409865    2.00    3.00    0.00    0.00    5.00    10  postgres
12:12:44 PM 100998   3409866    3.00    2.00    0.00    0.00    5.00    14  postgres
12:12:44 PM 100998   3409879    3.00    2.00    0.00    0.00    5.00    10  postgres
12:12:44 PM 100998   3409880    4.00    2.00    0.00    0.00    6.00    12  postgres
12:12:44 PM 100998   3409881    2.00    2.00    0.00    0.00    4.00    12  postgres
12:12:44 PM 100998   3409882    2.00    2.00    0.00    0.00    4.00    10  postgres

12:12:44 PM   UID       PID    %usr %system  %guest   %wait    %CPU   CPU  Command
12:12:45 PM 100998   3409775    0.00    0.00    0.00    0.00    0.00    10  postgres
12:12:45 PM 100998   3409776    0.00    0.00    0.00    0.00    0.00    12  postgres
12:12:45 PM 100998   3409778    0.00    0.00    0.00    0.00    0.00    10  postgres
12:12:45 PM 100998   3409779    0.00    0.00    0.00    0.00    0.00    12  postgres
12:12:45 PM 100998   3409857    3.00    2.00    0.00    0.00    5.00    10  postgres
12:12:45 PM 100998   3409862    2.00    2.00    0.00    0.00    4.00    12  postgres
12:12:45 PM 100998   3409863    2.00    2.00    0.00    0.00    4.00    12  postgres
12:12:45 PM 100998   3409864    3.00    2.00    0.00    0.00    5.00    10  postgres
12:12:45 PM 100998   3409865    1.00    2.00    0.00    0.00    3.00    12  postgres
12:12:45 PM 100998   3409866    2.00    1.00    0.00    0.00    3.00    10  postgres
12:12:45 PM 100998   3409879    2.00    2.00    0.00    0.00    4.00    14  postgres
12:12:45 PM 100998   3409880    2.00    2.00    0.00    0.00    4.00    14  postgres
12:12:45 PM 100998   3409881    3.00    2.00    0.00    0.00    5.00    14  postgres
12:12:45 PM 100998   3409882    2.00    2.00    0.00    0.00    4.00    14  postgres

12:12:45 PM   UID       PID    %usr %system  %guest   %wait    %CPU   CPU  Command
12:12:46 PM 100998   3409775    0.00    0.00    0.00    0.00    0.00    10  postgres
12:12:46 PM 100998   3409776    0.00    0.00    0.00    0.00    0.00    12  postgres
12:12:46 PM 100998   3409778    0.00    0.00    0.00    0.00    0.00    10  postgres
12:12:46 PM 100998   3409779    0.00    0.00    0.00    0.00    0.00    12  postgres
12:12:46 PM 100998   3409857    2.00    3.00    0.00    0.00    5.00    10  postgres
12:12:46 PM 100998   3409862    2.00    2.00    0.00    0.00    4.00    12  postgres
12:12:46 PM 100998   3409863    2.00    2.00    0.00    0.00    4.00    10  postgres
12:12:46 PM 100998   3409864    2.00    2.00    0.00    0.00    4.00    10  postgres
12:12:46 PM 100998   3409865    2.00    3.00    0.00    0.00    5.00    12  postgres
12:12:46 PM 100998   3409866    2.00    2.00    0.00    0.00    4.00    12  postgres
12:12:46 PM 100998   3409879    2.00    2.00    0.00    0.00    4.00    10  postgres
12:12:46 PM 100998   3409880    2.00    2.00    0.00    0.00    4.00    14  postgres
12:12:46 PM 100998   3409881    2.00    2.00    0.00    0.00    4.00    14  postgres
12:12:46 PM 100998   3409882    2.00    2.00    0.00    0.00    4.00    10  postgres

12:12:46 PM   UID       PID    %usr %system  %guest   %wait    %CPU   CPU  Command
12:12:47 PM 100998   3409775    0.00    0.00    0.00    0.00    0.00    10  postgres
12:12:47 PM 100998   3409776    0.00    0.00    0.00    0.00    0.00    12  postgres
12:12:47 PM 100998   3409778    0.00    0.00    0.00    0.00    0.00    10  postgres
12:12:47 PM 100998   3409779    0.00    0.00    0.00    0.00    0.00    12  postgres
12:12:47 PM 100998   3409857    2.00    1.00    0.00    0.00    3.00    14  postgres
12:12:47 PM 100998   3409862    2.00    3.00    0.00    0.00    5.00    12  postgres
12:12:47 PM 100998   3409863    2.00    3.00    0.00    0.00    5.00    12  postgres
12:12:47 PM 100998   3409864    2.00    1.00    0.00    0.00    3.00    14  postgres
12:12:47 PM 100998   3409865    2.00    2.00    0.00    0.00    4.00    10  postgres
12:12:47 PM 100998   3409866    2.00    3.00    0.00    0.00    5.00    14  postgres
12:12:47 PM 100998   3409879    2.00    2.00    0.00    0.00    4.00    10  postgres
12:12:47 PM 100998   3409880    2.00    2.00    0.00    0.00    4.00    14  postgres
12:12:47 PM 100998   3409881    3.00    2.00    0.00    0.00    5.00    12  postgres
12:12:47 PM 100998   3409882    3.00    1.00    0.00    0.00    4.00    10  postgres

12:12:47 PM   UID       PID    %usr %system  %guest   %wait    %CPU   CPU  Command
12:12:48 PM 100998   3409775    0.00    0.00    0.00    0.00    0.00    10  postgres
12:12:48 PM 100998   3409776    0.00    0.00    0.00    0.00    0.00    12  postgres
12:12:48 PM 100998   3409778    0.00    0.00    0.00    0.00    0.00    10  postgres
12:12:48 PM 100998   3409779    0.00    0.00    0.00    0.00    0.00    12  postgres
12:12:48 PM 100998   3409857    2.00    3.00    0.00    0.00    5.00    12  postgres
12:12:48 PM 100998   3409862    3.00    2.00    0.00    0.00    5.00    10  postgres
12:12:48 PM 100998   3409863    3.00    2.00    0.00    0.00    5.00    14  postgres
12:12:48 PM 100998   3409864    3.00    2.00    0.00    0.00    5.00    14  postgres
12:12:48 PM 100998   3409865    2.00    3.00    0.00    0.00    5.00    14  postgres
12:12:48 PM 100998   3409866    3.00    1.00    0.00    0.00    4.00    10  postgres
12:12:48 PM 100998   3409879    4.00    2.00    0.00    0.00    6.00    10  postgres
12:12:48 PM 100998   3409880    3.00    2.00    0.00    0.00    5.00    12  postgres
12:12:48 PM 100998   3409881    2.00    2.00    0.00    0.00    4.00    12  postgres
12:12:48 PM 100998   3409882    2.00    2.00    0.00    0.00    4.00    14  postgres

12:12:48 PM   UID       PID    %usr %system  %guest   %wait    %CPU   CPU  Command
12:12:49 PM 100998   3409775    0.00    0.00    0.00    0.00    0.00    10  postgres
12:12:49 PM 100998   3409776    0.00    0.00    0.00    0.00    0.00    12  postgres
12:12:49 PM 100998   3409778    0.00    0.00    0.00    0.00    0.00    10  postgres
12:12:49 PM 100998   3409779    0.00    0.00    0.00    0.00    0.00    12  postgres
12:12:49 PM 100998   3409857    2.00    2.00    0.00    0.00    4.00    12  postgres
12:12:49 PM 100998   3409862    2.00    1.00    0.00    0.00    3.00    10  postgres
12:12:49 PM 100998   3409863    2.00    2.00    0.00    0.00    4.00    10  postgres
12:12:49 PM 100998   3409864    2.00    2.00    0.00    0.00    4.00    14  postgres
12:12:49 PM 100998   3409865    2.00    1.00    0.00    0.00    3.00    14  postgres
12:12:49 PM 100998   3409866    2.00    2.00    0.00    0.00    4.00    12  postgres
12:12:49 PM 100998   3409879    3.00    2.00    0.00    0.00    5.00    12  postgres
12:12:49 PM 100998   3409880    1.00    2.00    0.00    0.00    3.00    10  postgres
12:12:49 PM 100998   3409881    2.00    2.00    0.00    0.00    4.00    12  postgres
12:12:49 PM 100998   3409882    2.00    2.00    0.00    0.00    4.00    14  postgres

12:12:49 PM   UID       PID    %usr %system  %guest   %wait    %CPU   CPU  Command
12:12:50 PM 100998   3409775    0.00    0.00    0.00    0.00    0.00    10  postgres
12:12:50 PM 100998   3409776    0.00    0.00    0.00    0.00    0.00    12  postgres
12:12:50 PM 100998   3409778    0.00    0.00    0.00    0.00    0.00    10  postgres
12:12:50 PM 100998   3409779    0.00    0.00    0.00    0.00    0.00    12  postgres
12:12:50 PM 100998   3409857    3.00    2.00    0.00    0.00    5.00    14  postgres
12:12:50 PM 100998   3409862    2.00    3.00    0.00    0.00    5.00    10  postgres
12:12:50 PM 100998   3409863    2.00    3.00    0.00    0.00    5.00    12  postgres
12:12:50 PM 100998   3409864    2.00    3.00    0.00    0.00    5.00    12  postgres
12:12:50 PM 100998   3409865    2.00    3.00    0.00    0.00    5.00    12  postgres
12:12:50 PM 100998   3409866    2.00    2.00    0.00    0.00    4.00    14  postgres
12:12:50 PM 100998   3409879    2.00    2.00    0.00    0.00    4.00    10  postgres
12:12:50 PM 100998   3409880    3.00    3.00    0.00    0.00    6.00    10  postgres
12:12:50 PM 100998   3409881    2.00    3.00    0.00    0.00    5.00    14  postgres
12:12:50 PM 100998   3409882    3.00    2.00    0.00    0.00    5.00    14  postgres

12:12:50 PM   UID       PID    %usr %system  %guest   %wait    %CPU   CPU  Command
12:12:51 PM 100998   3409775    0.00    0.00    0.00    0.00    0.00    10  postgres
12:12:51 PM 100998   3409776    0.00    0.00    0.00    0.00    0.00    12  postgres
12:12:51 PM 100998   3409778    0.00    0.00    0.00    0.00    0.00    10  postgres
12:12:51 PM 100998   3409779    0.00    0.00    0.00    0.00    0.00    12  postgres
12:12:51 PM 100998   3409857    3.00    2.00    0.00    0.00    5.00    10  postgres
12:12:51 PM 100998   3409862    1.00    2.00    0.00    0.00    3.00    14  postgres
12:12:51 PM 100998   3409863    2.00    2.00    0.00    0.00    4.00    10  postgres
12:12:51 PM 100998   3409864    2.00    1.00    0.00    0.00    3.00    14  postgres
12:12:51 PM 100998   3409865    3.00    2.00    0.00    0.00    5.00    14  postgres
12:12:51 PM 100998   3409866    4.00    2.00    0.00    0.00    6.00    10  postgres
12:12:51 PM 100998   3409879    2.00    2.00    0.00    0.00    4.00    12  postgres
12:12:51 PM 100998   3409880    3.00    1.00    0.00    0.00    4.00    14  postgres
12:12:51 PM 100998   3409881    2.00    2.00    0.00    0.00    4.00    12  postgres
12:12:51 PM 100998   3409882    3.00    2.00    0.00    0.00    5.00    14  postgres

12:12:51 PM   UID       PID    %usr %system  %guest   %wait    %CPU   CPU  Command
12:12:52 PM 100998   3409775    0.00    0.00    0.00    0.00    0.00    10  postgres
12:12:52 PM 100998   3409776    0.00    0.00    0.00    0.00    0.00    12  postgres
12:12:52 PM 100998   3409778    0.00    0.00    0.00    0.00    0.00    10  postgres
12:12:52 PM 100998   3409779    0.00    0.00    0.00    0.00    0.00    12  postgres
12:12:52 PM 100998   3409857    2.00    2.00    0.00    0.00    4.00    14  postgres
12:12:52 PM 100998   3409862    3.00    2.00    0.00    0.00    5.00    10  postgres
12:12:52 PM 100998   3409863    2.00    2.00    0.00    0.00    4.00    12  postgres
12:12:52 PM 100998   3409864    2.00    3.00    0.00    0.00    5.00    14  postgres
12:12:52 PM 100998   3409865    2.00    2.00    0.00    0.00    4.00    10  postgres
12:12:52 PM 100998   3409866    1.00    1.00    0.00    0.00    2.00    14  postgres
12:12:52 PM 100998   3409879    2.00    2.00    0.00    0.00    4.00    14  postgres
12:12:52 PM 100998   3409880    2.00    2.00    0.00    0.00    4.00    12  postgres
12:12:52 PM 100998   3409881    2.00    2.00    0.00    0.00    4.00    10  postgres
12:12:52 PM 100998   3409882    2.00    3.00    0.00    0.00    5.00    10  postgres

12:12:52 PM   UID       PID    %usr %system  %guest   %wait    %CPU   CPU  Command
12:12:53 PM 100998   3409775    0.00    0.00    0.00    0.00    0.00    10  postgres
12:12:53 PM 100998   3409776    0.00    0.00    0.00    0.00    0.00    12  postgres
12:12:53 PM 100998   3409778    0.00    0.00    0.00    0.00    0.00    10  postgres
12:12:53 PM 100998   3409779    0.00    0.00    0.00    0.00    0.00    12  postgres
12:12:53 PM 100998   3409857    3.00    2.00    0.00    0.00    5.00    12  postgres
12:12:53 PM 100998   3409862    1.00    3.00    0.00    0.00    4.00    10  postgres
12:12:53 PM 100998   3409863    2.00    2.00    0.00    0.00    4.00    12  postgres
12:12:53 PM 100998   3409864    3.00    1.00    0.00    0.00    4.00    14  postgres
12:12:53 PM 100998   3409865    3.00    2.00    0.00    0.00    5.00    10  postgres
12:12:53 PM 100998   3409866    3.00    3.00    0.00    0.00    6.00    14  postgres
12:12:53 PM 100998   3409879    2.00    3.00    0.00    0.00    5.00    14  postgres
12:12:53 PM 100998   3409880    2.00    3.00    0.00    0.00    5.00    12  postgres
12:12:53 PM 100998   3409881    2.00    2.00    0.00    0.00    4.00    10  postgres
12:12:53 PM 100998   3409882    2.00    2.00    0.00    0.00    4.00    14  postgres

12:12:53 PM   UID       PID    %usr %system  %guest   %wait    %CPU   CPU  Command
12:12:54 PM 100998   3409775    0.00    0.00    0.00    0.00    0.00    10  postgres
12:12:54 PM 100998   3409776    0.00    0.00    0.00    0.00    0.00    12  postgres
12:12:54 PM 100998   3409778    0.00    0.00    0.00    0.00    0.00    10  postgres
12:12:54 PM 100998   3409779    0.00    0.00    0.00    0.00    0.00    12  postgres
12:12:54 PM 100998   3409857    2.00    1.00    0.00    0.00    3.00    14  postgres
12:12:54 PM 100998   3409862    2.00    2.00    0.00    0.00    4.00    14  postgres
12:12:54 PM 100998   3409863    3.00    1.00    0.00    0.00    4.00    12  postgres
12:12:54 PM 100998   3409864    2.00    3.00    0.00    0.00    5.00    10  postgres
12:12:54 PM 100998   3409865    2.00    2.00    0.00    0.00    4.00    14  postgres
12:12:54 PM 100998   3409866    3.00    1.00    0.00    0.00    4.00    14  postgres
12:12:54 PM 100998   3409879    2.00    2.00    0.00    0.00    4.00    10  postgres
12:12:54 PM 100998   3409880    2.00    2.00    0.00    0.00    4.00    10  postgres
12:12:54 PM 100998   3409881    2.00    2.00    0.00    0.00    4.00    14  postgres
12:12:54 PM 100998   3409882    2.00    2.00    0.00    0.00    4.00    10  postgres

12:12:54 PM   UID       PID    %usr %system  %guest   %wait    %CPU   CPU  Command
12:12:55 PM 100998   3409775    0.00    0.00    0.00    0.00    0.00    10  postgres
12:12:55 PM 100998   3409776    0.00    0.00    0.00    0.00    0.00    12  postgres
12:12:55 PM 100998   3409778    0.00    0.00    0.00    0.00    0.00    10  postgres
12:12:55 PM 100998   3409779    0.00    0.00    0.00    0.00    0.00    12  postgres
12:12:55 PM 100998   3409857    3.00    3.00    0.00    0.00    6.00    12  postgres
12:12:55 PM 100998   3409862    3.00    2.00    0.00    0.00    5.00    10  postgres
12:12:55 PM 100998   3409863    2.00    2.00    0.00    0.00    4.00    14  postgres
12:12:55 PM 100998   3409864    2.00    2.00    0.00    0.00    4.00    10  postgres
12:12:55 PM 100998   3409865    2.00    2.00    0.00    0.00    4.00    14  postgres
12:12:55 PM 100998   3409866    2.00    2.00    0.00    0.00    4.00    12  postgres
12:12:55 PM 100998   3409879    1.00    3.00    0.00    0.00    4.00    12  postgres
12:12:55 PM 100998   3409880    3.00    2.00    0.00    0.00    5.00    12  postgres
12:12:55 PM 100998   3409881    2.00    2.00    0.00    0.00    4.00    10  postgres
12:12:55 PM 100998   3409882    2.00    1.00    0.00    0.00    3.00    10  postgres

12:12:55 PM   UID       PID    %usr %system  %guest   %wait    %CPU   CPU  Command
12:12:56 PM 100998   3409775    0.00    0.00    0.00    0.00    0.00    10  postgres
12:12:56 PM 100998   3409776    0.00    0.00    0.00    0.00    0.00    12  postgres
12:12:56 PM 100998   3409778    0.00    0.00    0.00    0.00    0.00    10  postgres
12:12:56 PM 100998   3409779    0.00    0.00    0.00    0.00    0.00    12  postgres
12:12:56 PM 100998   3409857    2.00    2.00    0.00    0.00    4.00    12  postgres
12:12:56 PM 100998   3409862    2.00    2.00    0.00    0.00    4.00    14  postgres
12:12:56 PM 100998   3409863    3.00    2.00    0.00    0.00    5.00    10  postgres
12:12:56 PM 100998   3409864    2.00    2.00    0.00    0.00    4.00    12  postgres
12:12:56 PM 100998   3409865    2.00    3.00    0.00    0.00    5.00    14  postgres
12:12:56 PM 100998   3409866    3.00    1.00    0.00    0.00    4.00    14  postgres
12:12:56 PM 100998   3409879    3.00    2.00    0.00    0.00    5.00    12  postgres
12:12:56 PM 100998   3409880    2.00    2.00    0.00    0.00    4.00    14  postgres
12:12:56 PM 100998   3409881    2.00    2.00    0.00    0.00    4.00    10  postgres
12:12:56 PM 100998   3409882    3.00    2.00    0.00    0.00    5.00    10  postgres

12:12:56 PM   UID       PID    %usr %system  %guest   %wait    %CPU   CPU  Command
12:12:57 PM 100998   3409775    0.00    0.00    0.00    0.00    0.00    10  postgres
12:12:57 PM 100998   3409776    0.00    0.00    0.00    0.00    0.00    12  postgres
12:12:57 PM 100998   3409778    0.00    0.00    0.00    0.00    0.00    10  postgres
12:12:57 PM 100998   3409779    0.00    0.00    0.00    0.00    0.00    12  postgres
12:12:57 PM 100998   3409857    2.00    2.00    0.00    0.00    4.00    10  postgres
12:12:57 PM 100998   3409862    2.00    3.00    0.00    0.00    5.00    14  postgres
12:12:57 PM 100998   3409863    1.00    2.00    0.00    0.00    3.00    12  postgres
12:12:57 PM 100998   3409864    2.00    2.00    0.00    0.00    4.00    12  postgres
12:12:57 PM 100998   3409865    3.00    1.00    0.00    0.00    4.00    12  postgres
12:12:57 PM 100998   3409866    2.00    3.00    0.00    0.00    5.00    10  postgres
12:12:57 PM 100998   3409879    3.00    1.00    0.00    0.00    4.00    10  postgres
12:12:57 PM 100998   3409880    2.00    3.00    0.00    0.00    5.00    10  postgres
12:12:57 PM 100998   3409881    2.00    3.00    0.00    0.00    5.00    10  postgres
12:12:57 PM 100998   3409882    3.00    2.00    0.00    0.00    5.00    14  postgres

12:12:57 PM   UID       PID    %usr %system  %guest   %wait    %CPU   CPU  Command
12:12:58 PM 100998   3409775    0.00    0.00    0.00    0.00    0.00    10  postgres
12:12:58 PM 100998   3409776    0.00    0.00    0.00    0.00    0.00    12  postgres
12:12:58 PM 100998   3409778    0.00    0.00    0.00    0.00    0.00    10  postgres
12:12:58 PM 100998   3409779    0.00    0.00    0.00    0.00    0.00    12  postgres
12:12:58 PM 100998   3409857    3.00    2.00    0.00    0.00    5.00    12  postgres
12:12:58 PM 100998   3409862    2.00    3.00    0.00    0.00    5.00    10  postgres
12:12:58 PM 100998   3409863    2.00    2.00    0.00    0.00    4.00    12  postgres
12:12:58 PM 100998   3409864    2.00    2.00    0.00    0.00    4.00    14  postgres
12:12:58 PM 100998   3409865    2.00    2.00    0.00    0.00    4.00    12  postgres
12:12:58 PM 100998   3409866    3.00    2.00    0.00    0.00    5.00    12  postgres
12:12:58 PM 100998   3409879    2.00    2.00    0.00    0.00    4.00    12  postgres
12:12:58 PM 100998   3409880    3.00    1.00    0.00    0.00    4.00    10  postgres
12:12:58 PM 100998   3409881    2.00    2.00    0.00    1.00    4.00    10  postgres
12:12:58 PM 100998   3409882    3.00    1.00    0.00    0.00    4.00    10  postgres

12:12:58 PM   UID       PID    %usr %system  %guest   %wait    %CPU   CPU  Command
12:12:59 PM 100998   3409775    0.00    0.00    0.00    0.00    0.00    10  postgres
12:12:59 PM 100998   3409776    0.00    0.00    0.00    0.00    0.00    14  postgres
12:12:59 PM 100998   3409778    0.00    0.00    0.00    0.00    0.00    10  postgres
12:12:59 PM 100998   3409779    0.00    0.00    0.00    0.00    0.00    12  postgres
12:12:59 PM 100998   3409857    3.00    2.00    0.00    0.00    5.00    14  postgres
12:12:59 PM 100998   3409862    2.00    1.00    0.00    0.00    3.00    12  postgres
12:12:59 PM 100998   3409863    2.00    2.00    0.00    0.00    4.00    10  postgres
12:12:59 PM 100998   3409864    3.00    1.00    0.00    0.00    4.00    10  postgres
12:12:59 PM 100998   3409865    2.00    2.00    0.00    0.00    4.00    10  postgres
12:12:59 PM 100998   3409866    2.00    1.00    0.00    0.00    3.00    12  postgres
12:12:59 PM 100998   3409879    3.00    3.00    0.00    0.00    6.00    10  postgres
12:12:59 PM 100998   3409880    2.00    2.00    0.00    0.00    4.00    10  postgres
12:12:59 PM 100998   3409881    2.00    2.00    0.00    0.00    4.00    12  postgres
12:12:59 PM 100998   3409882    2.00    3.00    0.00    0.00    5.00    14  postgres

12:12:59 PM   UID       PID    %usr %system  %guest   %wait    %CPU   CPU  Command
12:13:00 PM 100998   3409775    0.00    0.00    0.00    0.00    0.00    10  postgres
12:13:00 PM 100998   3409776    0.00    0.00    0.00    0.00    0.00    14  postgres
12:13:00 PM 100998   3409778    0.00    0.00    0.00    0.00    0.00    10  postgres
12:13:00 PM 100998   3409779    0.00    0.00    0.00    0.00    0.00    12  postgres
12:13:00 PM 100998   3409857    2.00    2.00    0.00    0.00    4.00    12  postgres
12:13:00 PM 100998   3409862    2.00    3.00    0.00    0.00    5.00    10  postgres
12:13:00 PM 100998   3409863    3.00    3.00    0.00    0.00    6.00    10  postgres
12:13:00 PM 100998   3409864    2.00    2.00    0.00    0.00    4.00    12  postgres
12:13:00 PM 100998   3409865    2.00    2.00    0.00    0.00    4.00    10  postgres
12:13:00 PM 100998   3409866    3.00    3.00    0.00    0.00    6.00    12  postgres
12:13:00 PM 100998   3409879    2.00    2.00    0.00    0.00    4.00    12  postgres
12:13:00 PM 100998   3409880    2.00    2.00    0.00    0.00    4.00    12  postgres
12:13:00 PM 100998   3409881    1.00    2.00    0.00    0.00    3.00    14  postgres
12:13:00 PM 100998   3409882    2.00    2.00    0.00    1.00    4.00    14  postgres

12:13:00 PM   UID       PID    %usr %system  %guest   %wait    %CPU   CPU  Command
12:13:01 PM 100998   3409775    0.00    0.00    0.00    0.00    0.00    10  postgres
12:13:01 PM 100998   3409776    0.00    0.00    0.00    0.00    0.00    14  postgres
12:13:01 PM 100998   3409778    0.00    0.00    0.00    0.00    0.00    10  postgres
12:13:01 PM 100998   3409779    0.00    0.00    0.00    0.00    0.00    12  postgres
12:13:01 PM 100998   3409857    3.00    3.00    0.00    0.00    6.00    14  postgres
12:13:01 PM 100998   3409862    2.00    2.00    0.00    0.00    4.00    14  postgres
12:13:01 PM 100998   3409863    2.00    3.00    0.00    0.00    5.00    10  postgres
12:13:01 PM 100998   3409864    3.00    2.00    0.00    0.00    5.00    14  postgres
12:13:01 PM 100998   3409865    2.00    3.00    0.00    0.00    5.00    10  postgres
12:13:01 PM 100998   3409866    3.00    1.00    0.00    0.00    4.00    12  postgres
12:13:01 PM 100998   3409879    2.00    2.00    0.00    0.00    4.00    10  postgres
12:13:01 PM 100998   3409880    2.00    2.00    0.00    0.00    4.00    10  postgres
12:13:01 PM 100998   3409881    2.00    2.00    0.00    0.00    4.00    12  postgres
12:13:01 PM 100998   3409882    2.00    2.00    0.00    0.00    4.00    12  postgres

12:13:01 PM   UID       PID    %usr %system  %guest   %wait    %CPU   CPU  Command
12:13:02 PM 100998   3409775    0.00    0.00    0.00    0.00    0.00    10  postgres
12:13:02 PM 100998   3409776    0.00    0.00    0.00    0.00    0.00    14  postgres
12:13:02 PM 100998   3409778    0.00    0.00    0.00    0.00    0.00    10  postgres
12:13:02 PM 100998   3409779    0.00    0.00    0.00    0.00    0.00    12  postgres
12:13:02 PM 100998   3409857    2.00    2.00    0.00    0.00    4.00    10  postgres
12:13:02 PM 100998   3409862    2.00    2.00    0.00    0.00    4.00    10  postgres
12:13:02 PM 100998   3409863    2.00    2.00    0.00    0.00    4.00    14  postgres
12:13:02 PM 100998   3409864    3.00    2.00    0.00    0.00    5.00    12  postgres
12:13:02 PM 100998   3409865    2.00    2.00    0.00    0.00    4.00    10  postgres
12:13:02 PM 100998   3409866    1.00    3.00    0.00    0.00    4.00    12  postgres
12:13:02 PM 100998   3409879    2.00    2.00    0.00    0.00    4.00    10  postgres
12:13:02 PM 100998   3409880    3.00    1.00    0.00    0.00    4.00    14  postgres
12:13:02 PM 100998   3409881    2.00    2.00    0.00    0.00    4.00    12  postgres
12:13:02 PM 100998   3409882    2.00    2.00    0.00    0.00    4.00    12  postgres

12:13:02 PM   UID       PID    %usr %system  %guest   %wait    %CPU   CPU  Command
12:13:03 PM 100998   3409775    0.00    0.00    0.00    0.00    0.00    10  postgres
12:13:03 PM 100998   3409776    0.00    0.00    0.00    0.00    0.00    14  postgres
12:13:03 PM 100998   3409778    0.00    0.00    0.00    0.00    0.00    10  postgres
12:13:03 PM 100998   3409779    0.00    0.00    0.00    0.00    0.00    12  postgres
12:13:03 PM 100998   3409857    1.00    2.00    0.00    0.00    3.00    12  postgres
12:13:03 PM 100998   3409862    2.00    3.00    0.00    0.00    5.00    10  postgres
12:13:03 PM 100998   3409863    2.00    2.00    0.00    0.00    4.00    12  postgres
12:13:03 PM 100998   3409864    2.00    2.00    0.00    0.00    4.00    12  postgres
12:13:03 PM 100998   3409865    3.00    3.00    0.00    0.00    6.00    14  postgres
12:13:03 PM 100998   3409866    2.00    1.00    0.00    0.00    3.00    10  postgres
12:13:03 PM 100998   3409879    2.00    2.00    0.00    0.00    4.00    14  postgres
12:13:03 PM 100998   3409880    3.00    2.00    0.00    0.00    5.00    10  postgres
12:13:03 PM 100998   3409881    2.00    3.00    0.00    0.00    5.00    14  postgres
12:13:03 PM 100998   3409882    2.00    3.00    0.00    0.00    5.00    14  postgres

12:13:03 PM   UID       PID    %usr %system  %guest   %wait    %CPU   CPU  Command
12:13:04 PM 100998   3409775    0.00    0.00    0.00    0.00    0.00    10  postgres
12:13:04 PM 100998   3409776    0.00    0.00    0.00    0.00    0.00    14  postgres
12:13:04 PM 100998   3409778    0.00    0.00    0.00    0.00    0.00    10  postgres
12:13:04 PM 100998   3409779    0.00    0.00    0.00    0.00    0.00    12  postgres
12:13:04 PM 100998   3409857    4.00    2.00    0.00    0.00    6.00    10  postgres
12:13:04 PM 100998   3409862    2.00    2.00    0.00    0.00    4.00    14  postgres
12:13:04 PM 100998   3409863    3.00    1.00    0.00    0.00    4.00    14  postgres
12:13:04 PM 100998   3409864    2.00    2.00    0.00    0.00    4.00    10  postgres
12:13:04 PM 100998   3409865    3.00    2.00    0.00    0.00    5.00    10  postgres
12:13:04 PM 100998   3409866    3.00    1.00    0.00    0.00    4.00    14  postgres
12:13:04 PM 100998   3409879    3.00    3.00    0.00    0.00    6.00    12  postgres
12:13:04 PM 100998   3409880    2.00    2.00    0.00    0.00    4.00    14  postgres
12:13:04 PM 100998   3409881    2.00    1.00    0.00    0.00    3.00    12  postgres
12:13:04 PM 100998   3409882    2.00    2.00    0.00    0.00    4.00    14  postgres

12:13:04 PM   UID       PID    %usr %system  %guest   %wait    %CPU   CPU  Command
12:13:05 PM 100998   3409775    0.00    0.00    0.00    0.00    0.00    10  postgres
12:13:05 PM 100998   3409776    0.00    0.00    0.00    0.00    0.00    14  postgres
12:13:05 PM 100998   3409778    0.00    0.00    0.00    0.00    0.00    10  postgres
12:13:05 PM 100998   3409779    0.00    0.00    0.00    0.00    0.00    12  postgres
12:13:05 PM 100998   3409857    1.00    2.00    0.00    0.00    3.00    10  postgres
12:13:05 PM 100998   3409862    2.00    2.00    0.00    0.00    4.00    14  postgres
12:13:05 PM 100998   3409863    2.00    3.00    0.00    0.00    5.00    10  postgres
12:13:05 PM 100998   3409864    3.00    1.00    0.00    0.00    4.00    12  postgres
12:13:05 PM 100998   3409865    2.00    2.00    0.00    0.00    4.00    14  postgres
12:13:05 PM 100998   3409866    2.00    2.00    0.00    0.00    4.00    10  postgres
12:13:05 PM 100998   3409879    3.00    2.00    0.00    0.00    5.00    12  postgres
12:13:05 PM 100998   3409880    2.00    2.00    0.00    0.00    4.00    14  postgres
12:13:05 PM 100998   3409881    3.00    3.00    0.00    0.00    6.00    10  postgres
12:13:05 PM 100998   3409882    3.00    2.00    0.00    0.00    5.00    10  postgres

12:13:05 PM   UID       PID    %usr %system  %guest   %wait    %CPU   CPU  Command
12:13:06 PM 100998   3409775    0.00    0.00    0.00    0.00    0.00    10  postgres
12:13:06 PM 100998   3409776    0.00    0.00    0.00    0.00    0.00    14  postgres
12:13:06 PM 100998   3409778    0.00    0.00    0.00    0.00    0.00    12  postgres
12:13:06 PM 100998   3409779    0.00    0.00    0.00    0.00    0.00    12  postgres
12:13:06 PM 100998   3409857    2.00    2.00    0.00    0.00    4.00    10  postgres
12:13:06 PM 100998   3409862    3.00    2.00    0.00    0.00    5.00    10  postgres
12:13:06 PM 100998   3409863    2.00    2.00    0.00    0.00    4.00    10  postgres
12:13:06 PM 100998   3409864    2.00    2.00    0.00    0.00    4.00    12  postgres
12:13:06 PM 100998   3409865    2.00    1.00    0.00    1.00    3.00    12  postgres
12:13:06 PM 100998   3409866    2.00    2.00    0.00    0.00    4.00    14  postgres
12:13:06 PM 100998   3409879    2.00    2.00    0.00    0.00    4.00    14  postgres
12:13:06 PM 100998   3409880    2.00    2.00    0.00    0.00    4.00    10  postgres
12:13:06 PM 100998   3409881    2.00    2.00    0.00    0.00    4.00    12  postgres
12:13:06 PM 100998   3409882    2.00    3.00    0.00    0.00    5.00    12  postgres

12:13:06 PM   UID       PID    %usr %system  %guest   %wait    %CPU   CPU  Command
12:13:07 PM 100998   3409775    0.00    0.00    0.00    0.00    0.00    10  postgres
12:13:07 PM 100998   3409776    0.00    0.00    0.00    0.00    0.00    14  postgres
12:13:07 PM 100998   3409778    0.00    0.00    0.00    0.00    0.00    12  postgres
12:13:07 PM 100998   3409779    0.00    0.00    0.00    0.00    0.00    12  postgres
12:13:07 PM 100998   3409857    2.00    2.00    0.00    0.00    4.00    12  postgres
12:13:07 PM 100998   3409862    1.00    2.00    0.00    0.00    3.00    14  postgres
12:13:07 PM 100998   3409863    3.00    2.00    0.00    0.00    5.00    12  postgres
12:13:07 PM 100998   3409864    2.00    2.00    0.00    0.00    4.00    14  postgres
12:13:07 PM 100998   3409865    3.00    2.00    0.00    0.00    5.00    12  postgres
12:13:07 PM 100998   3409866    2.00    3.00    0.00    0.00    5.00    10  postgres
12:13:07 PM 100998   3409879    2.00    2.00    0.00    0.00    4.00    10  postgres
12:13:07 PM 100998   3409880    2.00    2.00    0.00    0.00    4.00    10  postgres
12:13:07 PM 100998   3409881    2.00    3.00    0.00    0.00    5.00    10  postgres
12:13:07 PM 100998   3409882    2.00    2.00    0.00    0.00    4.00    14  postgres

12:13:07 PM   UID       PID    %usr %system  %guest   %wait    %CPU   CPU  Command
12:13:08 PM 100998   3409775    0.00    0.00    0.00    0.00    0.00    10  postgres
12:13:08 PM 100998   3409776    0.00    0.00    0.00    0.00    0.00    14  postgres
12:13:08 PM 100998   3409778    0.00    0.00    0.00    0.00    0.00    12  postgres
12:13:08 PM 100998   3409779    0.00    0.00    0.00    0.00    0.00    12  postgres
12:13:08 PM 100998   3409857    4.00    2.00    0.00    0.00    6.00    10  postgres
12:13:08 PM 100998   3409862    3.00    2.00    0.00    0.00    5.00    10  postgres
12:13:08 PM 100998   3409863    2.00    2.00    0.00    0.00    4.00    10  postgres
12:13:08 PM 100998   3409864    3.00    1.00    0.00    0.00    4.00    12  postgres
12:13:08 PM 100998   3409865    2.00    2.00    0.00    0.00    4.00    14  postgres
12:13:08 PM 100998   3409866    3.00    2.00    0.00    0.00    5.00    14  postgres
12:13:08 PM 100998   3409879    3.00    2.00    0.00    0.00    5.00    12  postgres
12:13:08 PM 100998   3409880    2.00    2.00    0.00    0.00    4.00    14  postgres
12:13:08 PM 100998   3409881    2.00    2.00    0.00    0.00    4.00    12  postgres
12:13:08 PM 100998   3409882    3.00    2.00    0.00    0.00    5.00    10  postgres

12:13:08 PM   UID       PID    %usr %system  %guest   %wait    %CPU   CPU  Command
12:13:09 PM 100998   3409775    0.00    0.00    0.00    0.00    0.00    10  postgres
12:13:09 PM 100998   3409776    0.00    0.00    0.00    0.00    0.00    14  postgres
12:13:09 PM 100998   3409778    0.00    0.00    0.00    0.00    0.00    12  postgres
12:13:09 PM 100998   3409779    0.00    0.00    0.00    0.00    0.00    12  postgres
12:13:09 PM 100998   3409857    1.00    2.00    0.00    0.00    3.00    10  postgres
12:13:09 PM 100998   3409862    2.00    3.00    0.00    0.00    5.00    10  postgres
12:13:09 PM 100998   3409863    2.00    2.00    0.00    0.00    4.00    10  postgres
12:13:09 PM 100998   3409864    2.00    2.00    0.00    0.00    4.00    12  postgres
12:13:09 PM 100998   3409865    2.00    2.00    0.00    0.00    4.00    14  postgres
12:13:09 PM 100998   3409866    2.00    2.00    0.00    0.00    4.00    12  postgres
12:13:09 PM 100998   3409879    2.00    1.00    0.00    0.00    3.00    14  postgres
12:13:09 PM 100998   3409880    2.00    2.00    0.00    0.00    4.00    12  postgres
12:13:09 PM 100998   3409881    2.00    2.00    0.00    0.00    4.00    14  postgres
12:13:09 PM 100998   3409882    2.00    2.00    0.00    0.00    4.00    12  postgres

12:13:09 PM   UID       PID    %usr %system  %guest   %wait    %CPU   CPU  Command
12:13:10 PM 100998   3409775    0.00    0.00    0.00    0.00    0.00    10  postgres
12:13:10 PM 100998   3409776    0.00    0.00    0.00    0.00    0.00    14  postgres
12:13:10 PM 100998   3409778    0.00    0.00    0.00    0.00    0.00    12  postgres
12:13:10 PM 100998   3409779    0.00    0.00    0.00    0.00    0.00    12  postgres
12:13:10 PM 100998   3409857    3.00    3.00    0.00    0.00    6.00    14  postgres
12:13:10 PM 100998   3409862    2.00    1.00    0.00    0.00    3.00    12  postgres
12:13:10 PM 100998   3409863    3.00    2.00    0.00    0.00    5.00    10  postgres
12:13:10 PM 100998   3409864    2.00    2.00    0.00    0.00    4.00    14  postgres
12:13:10 PM 100998   3409865    2.00    2.00    0.00    0.00    4.00    10  postgres
12:13:10 PM 100998   3409866    2.00    2.00    0.00    0.00    4.00    14  postgres
12:13:10 PM 100998   3409879    3.00    2.00    0.00    0.00    5.00    14  postgres
12:13:10 PM 100998   3409880    3.00    3.00    0.00    0.00    6.00    12  postgres
12:13:10 PM 100998   3409881    3.00    2.00    0.00    0.00    5.00    10  postgres
12:13:10 PM 100998   3409882    2.00    2.00    0.00    0.00    4.00    14  postgres

12:13:10 PM   UID       PID    %usr %system  %guest   %wait    %CPU   CPU  Command
12:13:11 PM 100998   3409775    0.00    0.00    0.00    0.00    0.00    10  postgres
12:13:11 PM 100998   3409776    0.00    0.00    0.00    0.00    0.00    14  postgres
12:13:11 PM 100998   3409778    0.00    0.00    0.00    0.00    0.00    12  postgres
12:13:11 PM 100998   3409779    0.00    0.00    0.00    0.00    0.00    12  postgres
12:13:11 PM 100998   3409857    1.00    1.00    0.00    0.00    2.00    14  postgres
12:13:11 PM 100998   3409862    3.00    2.00    0.00    0.00    5.00    14  postgres
12:13:11 PM 100998   3409863    2.00    2.00    0.00    0.00    4.00    10  postgres
12:13:11 PM 100998   3409864    3.00    2.00    0.00    0.00    5.00    12  postgres
12:13:11 PM 100998   3409865    3.00    2.00    0.00    0.00    5.00    12  postgres
12:13:11 PM 100998   3409866    3.00    2.00    0.00    0.00    5.00    10  postgres
12:13:11 PM 100998   3409879    2.00    2.00    0.00    0.00    4.00    10  postgres
12:13:11 PM 100998   3409880    3.00    1.00    0.00    0.00    4.00    10  postgres
12:13:11 PM 100998   3409881    3.00    2.00    0.00    0.00    5.00    14  postgres
12:13:11 PM 100998   3409882    2.00    2.00    0.00    0.00    4.00    12  postgres

12:13:11 PM   UID       PID    %usr %system  %guest   %wait    %CPU   CPU  Command
12:13:12 PM 100998   3409775    0.00    0.00    0.00    0.00    0.00    10  postgres
12:13:12 PM 100998   3409776    0.00    0.00    0.00    0.00    0.00    14  postgres
12:13:12 PM 100998   3409778    0.00    0.00    0.00    0.00    0.00    12  postgres
12:13:12 PM 100998   3409779    0.00    0.00    0.00    0.00    0.00    12  postgres
12:13:12 PM 100998   3409857    3.00    2.00    0.00    0.00    5.00    14  postgres
12:13:12 PM 100998   3409862    2.00    3.00    0.00    0.00    5.00    10  postgres
12:13:12 PM 100998   3409863    2.00    3.00    0.00    0.00    5.00    12  postgres
12:13:12 PM 100998   3409864    2.00    2.00    0.00    0.00    4.00    12  postgres
12:13:12 PM 100998   3409865    2.00    2.00    0.00    0.00    4.00    14  postgres
12:13:12 PM 100998   3409866    2.00    2.00    0.00    0.00    4.00    10  postgres
12:13:12 PM 100998   3409879    3.00    2.00    0.00    0.00    5.00    10  postgres
12:13:12 PM 100998   3409880    3.00    2.00    0.00    0.00    5.00    10  postgres
12:13:12 PM 100998   3409881    1.00    2.00    0.00    0.00    3.00    12  postgres
12:13:12 PM 100998   3409882    2.00    3.00    0.00    0.00    5.00    14  postgres

12:13:12 PM   UID       PID    %usr %system  %guest   %wait    %CPU   CPU  Command
12:13:13 PM 100998   3409775    0.00    0.00    0.00    0.00    0.00    10  postgres
12:13:13 PM 100998   3409776    0.00    0.00    0.00    0.00    0.00    14  postgres
12:13:13 PM 100998   3409778    0.00    0.00    0.00    0.00    0.00    12  postgres
12:13:13 PM 100998   3409779    0.00    0.00    0.00    0.00    0.00    12  postgres
12:13:13 PM 100998   3409857    2.00    2.00    0.00    0.00    4.00    14  postgres
12:13:13 PM 100998   3409862    3.00    1.00    0.00    0.00    4.00    10  postgres
12:13:13 PM 100998   3409863    1.00    2.00    0.00    0.00    3.00    14  postgres
12:13:13 PM 100998   3409864    2.00    2.00    0.00    0.00    4.00    12  postgres
12:13:13 PM 100998   3409865    2.00    2.00    0.00    0.00    4.00    10  postgres
12:13:13 PM 100998   3409866    2.00    2.00    0.00    0.00    4.00    10  postgres
12:13:13 PM 100998   3409879    2.00    2.00    0.00    0.00    4.00    10  postgres
12:13:13 PM 100998   3409880    2.00    2.00    0.00    0.00    4.00    12  postgres
12:13:13 PM 100998   3409881    2.00    3.00    0.00    0.00    5.00    12  postgres
12:13:13 PM 100998   3409882    2.00    2.00    0.00    0.00    4.00    14  postgres

12:13:13 PM   UID       PID    %usr %system  %guest   %wait    %CPU   CPU  Command
12:13:14 PM 100998   3409775    0.00    0.00    0.00    0.00    0.00    10  postgres
12:13:14 PM 100998   3409776    0.00    0.00    0.00    0.00    0.00    14  postgres
12:13:14 PM 100998   3409778    0.00    0.00    0.00    0.00    0.00    12  postgres
12:13:14 PM 100998   3409779    0.00    0.00    0.00    0.00    0.00    12  postgres
12:13:14 PM 100998   3409857    2.00    2.00    0.00    0.00    4.00    12  postgres
12:13:14 PM 100998   3409862    2.00    2.00    0.00    0.00    4.00    10  postgres
12:13:14 PM 100998   3409863    2.00    2.00    0.00    0.00    4.00    10  postgres
12:13:14 PM 100998   3409864    2.00    3.00    0.00    0.00    5.00    10  postgres
12:13:14 PM 100998   3409865    3.00    2.00    0.00    0.00    5.00    14  postgres
12:13:14 PM 100998   3409866    2.00    3.00    0.00    0.00    5.00    12  postgres
12:13:14 PM 100998   3409879    3.00    2.00    0.00    0.00    5.00    14  postgres
12:13:14 PM 100998   3409880    1.00    2.00    0.00    0.00    3.00    10  postgres
12:13:14 PM 100998   3409881    2.00    2.00    0.00    0.00    4.00    14  postgres
12:13:14 PM 100998   3409882    3.00    2.00    0.00    0.00    5.00    10  postgres

12:13:14 PM   UID       PID    %usr %system  %guest   %wait    %CPU   CPU  Command
12:13:15 PM 100998   3409775    0.00    0.00    0.00    0.00    0.00    10  postgres
12:13:15 PM 100998   3409776    0.00    0.00    0.00    0.00    0.00    14  postgres
12:13:15 PM 100998   3409778    0.00    0.00    0.00    0.00    0.00    12  postgres
12:13:15 PM 100998   3409779    0.00    0.00    0.00    0.00    0.00    12  postgres
12:13:15 PM 100998   3409857    2.00    2.00    0.00    0.00    4.00    10  postgres
12:13:15 PM 100998   3409862    2.00    2.00    0.00    0.00    4.00    14  postgres
12:13:15 PM 100998   3409863    3.00    2.00    0.00    0.00    5.00    10  postgres
12:13:15 PM 100998   3409864    2.00    2.00    0.00    0.00    4.00    10  postgres
12:13:15 PM 100998   3409865    2.00    2.00    0.00    0.00    4.00    14  postgres
12:13:15 PM 100998   3409866    2.00    2.00    0.00    0.00    4.00    12  postgres
12:13:15 PM 100998   3409879    2.00    2.00    0.00    0.00    4.00    12  postgres
12:13:15 PM 100998   3409880    2.00    2.00    0.00    0.00    4.00    14  postgres
12:13:15 PM 100998   3409881    3.00    1.00    0.00    0.00    4.00    12  postgres
12:13:15 PM 100998   3409882    3.00    2.00    0.00    0.00    5.00    10  postgres

12:13:15 PM   UID       PID    %usr %system  %guest   %wait    %CPU   CPU  Command
12:13:16 PM 100998   3409775    0.00    0.00    0.00    0.00    0.00    10  postgres
12:13:16 PM 100998   3409776    0.00    0.00    0.00    0.00    0.00    14  postgres
12:13:16 PM 100998   3409778    0.00    0.00    0.00    0.00    0.00    12  postgres
12:13:16 PM 100998   3409779    0.00    0.00    0.00    0.00    0.00    12  postgres
12:13:16 PM 100998   3409857    3.00    2.00    0.00    0.00    5.00    14  postgres
12:13:16 PM 100998   3409862    2.00    2.00    0.00    0.00    4.00    12  postgres
12:13:16 PM 100998   3409863    2.00    2.00    0.00    0.00    4.00    10  postgres
12:13:16 PM 100998   3409864    3.00    2.00    0.00    0.00    5.00    12  postgres
12:13:16 PM 100998   3409865    2.00    3.00    0.00    0.00    5.00    14  postgres
12:13:16 PM 100998   3409866    2.00    2.00    0.00    0.00    4.00    12  postgres
12:13:16 PM 100998   3409879    1.00    2.00    0.00    0.00    3.00    14  postgres
12:13:16 PM 100998   3409880    3.00    3.00    0.00    0.00    6.00    14  postgres
12:13:16 PM 100998   3409881    3.00    2.00    0.00    0.00    5.00    12  postgres
12:13:16 PM 100998   3409882    2.00    2.00    0.00    0.00    4.00    14  postgres

12:13:16 PM   UID       PID    %usr %system  %guest   %wait    %CPU   CPU  Command
12:13:17 PM 100998   3409775    0.00    0.00    0.00    0.00    0.00    10  postgres
12:13:17 PM 100998   3409776    0.00    0.00    0.00    0.00    0.00    14  postgres
12:13:17 PM 100998   3409778    0.00    0.00    0.00    0.00    0.00    12  postgres
12:13:17 PM 100998   3409779    0.00    0.00    0.00    0.00    0.00    12  postgres
12:13:17 PM 100998   3409857    2.00    2.00    0.00    0.00    4.00    10  postgres
12:13:17 PM 100998   3409862    2.00    2.00    0.00    0.00    4.00    10  postgres
12:13:17 PM 100998   3409863    3.00    2.00    0.00    0.00    5.00    14  postgres
12:13:17 PM 100998   3409864    2.00    2.00    0.00    0.00    4.00    14  postgres
12:13:17 PM 100998   3409865    3.00    2.00    0.00    0.00    5.00    14  postgres
12:13:17 PM 100998   3409866    2.00    2.00    0.00    0.00    4.00    14  postgres
12:13:17 PM 100998   3409879    2.00    2.00    0.00    0.00    4.00    12  postgres
12:13:17 PM 100998   3409880    2.00    2.00    0.00    0.00    4.00    10  postgres
12:13:17 PM 100998   3409881    2.00    2.00    0.00    0.00    4.00    10  postgres
12:13:17 PM 100998   3409882    3.00    2.00    0.00    0.00    5.00    12  postgres

12:13:17 PM   UID       PID    %usr %system  %guest   %wait    %CPU   CPU  Command
12:13:18 PM 100998   3409775    0.00    0.00    0.00    0.00    0.00    10  postgres
12:13:18 PM 100998   3409776    0.00    0.00    0.00    0.00    0.00    14  postgres
12:13:18 PM 100998   3409778    0.00    0.00    0.00    0.00    0.00    12  postgres
12:13:18 PM 100998   3409779    0.00    0.00    0.00    0.00    0.00    12  postgres
12:13:18 PM 100998   3409857    1.00    1.00    0.00    0.00    2.00    14  postgres
12:13:18 PM 100998   3409862    2.00    1.00    0.00    0.00    3.00    10  postgres
12:13:18 PM 100998   3409863    2.00    0.00    0.00    0.00    2.00    12  postgres
12:13:18 PM 100998   3409864    1.00    1.00    0.00    0.00    2.00    12  postgres
12:13:18 PM 100998   3409865    1.00    1.00    0.00    0.00    2.00    12  postgres
12:13:18 PM 100998   3409866    1.00    2.00    0.00    0.00    3.00    14  postgres
12:13:18 PM 100998   3409879    1.00    1.00    0.00    0.00    2.00    12  postgres
12:13:18 PM 100998   3409880    1.00    1.00    0.00    0.00    2.00    10  postgres
12:13:18 PM 100998   3409881    2.00    1.00    0.00    0.00    3.00    10  postgres
12:13:18 PM 100998   3409882    1.00    1.00    0.00    0.00    2.00    12  postgres

12:13:18 PM   UID       PID    %usr %system  %guest   %wait    %CPU   CPU  Command
12:13:19 PM 100998   3409775    0.00    0.00    0.00    0.00    0.00    10  postgres
12:13:19 PM 100998   3409776    0.00    0.00    0.00    0.00    0.00    14  postgres
12:13:19 PM 100998   3409778    0.00    0.00    0.00    0.00    0.00    12  postgres
12:13:19 PM 100998   3409779    0.00    0.00    0.00    0.00    0.00    12  postgres
12:13:19 PM 100998   3409857    0.00    0.00    0.00    0.00    0.00    14  postgres
12:13:19 PM 100998   3409862    0.00    0.00    0.00    0.00    0.00    10  postgres
12:13:19 PM 100998   3409863    0.00    0.00    0.00    0.00    0.00    12  postgres
12:13:19 PM 100998   3409864    0.00    0.00    0.00    0.00    0.00    12  postgres
12:13:19 PM 100998   3409865    0.00    0.00    0.00    0.00    0.00    12  postgres
12:13:19 PM 100998   3409866    0.00    0.00    0.00    0.00    0.00    14  postgres
12:13:19 PM 100998   3409879    0.00    0.00    0.00    0.00    0.00    12  postgres
12:13:19 PM 100998   3409880    0.00    0.00    0.00    0.00    0.00    10  postgres
12:13:19 PM 100998   3409881    0.00    0.00    0.00    0.00    0.00    10  postgres
12:13:19 PM 100998   3409882    0.00    0.00    0.00    0.00    0.00    12  postgres

12:13:19 PM   UID       PID    %usr %system  %guest   %wait    %CPU   CPU  Command
12:13:20 PM 100998   3409775    0.00    0.00    0.00    0.00    0.00    10  postgres
12:13:20 PM 100998   3409776    0.00    0.00    0.00    0.00    0.00    14  postgres
12:13:20 PM 100998   3409778    0.00    0.00    0.00    0.00    0.00    12  postgres
12:13:20 PM 100998   3409779    0.00    0.00    0.00    0.00    0.00    12  postgres
12:13:20 PM 100998   3409857    0.00    0.00    0.00    0.00    0.00    14  postgres
12:13:20 PM 100998   3409862    0.00    0.00    0.00    0.00    0.00    10  postgres
12:13:20 PM 100998   3409863    0.00    0.00    0.00    0.00    0.00    12  postgres
12:13:20 PM 100998   3409864    0.00    0.00    0.00    0.00    0.00    12  postgres
12:13:20 PM 100998   3409865    0.00    0.00    0.00    0.00    0.00    12  postgres
12:13:20 PM 100998   3409866    0.00    0.00    0.00    0.00    0.00    14  postgres
12:13:20 PM 100998   3409879    0.00    0.00    0.00    0.00    0.00    12  postgres
12:13:20 PM 100998   3409880    0.00    0.00    0.00    0.00    0.00    10  postgres
12:13:20 PM 100998   3409881    0.00    0.00    0.00    0.00    0.00    10  postgres
12:13:20 PM 100998   3409882    0.00    0.00    0.00    0.00    0.00    12  postgres

12:13:20 PM   UID       PID    %usr %system  %guest   %wait    %CPU   CPU  Command
12:13:21 PM 100998   3409775    0.00    0.00    0.00    0.00    0.00    10  postgres
12:13:21 PM 100998   3409776    0.00    0.00    0.00    0.00    0.00    14  postgres
12:13:21 PM 100998   3409778    0.00    0.00    0.00    0.00    0.00    12  postgres
12:13:21 PM 100998   3409779    0.00    0.00    0.00    0.00    0.00    12  postgres
12:13:21 PM 100998   3409857    0.00    0.00    0.00    0.00    0.00    14  postgres
12:13:21 PM 100998   3409862    0.00    0.00    0.00    0.00    0.00    10  postgres
12:13:21 PM 100998   3409863    0.00    0.00    0.00    0.00    0.00    12  postgres
12:13:21 PM 100998   3409864    0.00    0.00    0.00    0.00    0.00    12  postgres
12:13:21 PM 100998   3409865    0.00    0.00    0.00    0.00    0.00    12  postgres
12:13:21 PM 100998   3409866    0.00    0.00    0.00    0.00    0.00    14  postgres
12:13:21 PM 100998   3409879    0.00    0.00    0.00    0.00    0.00    12  postgres
12:13:21 PM 100998   3409880    0.00    0.00    0.00    0.00    0.00    10  postgres
12:13:21 PM 100998   3409881    0.00    0.00    0.00    0.00    0.00    10  postgres
12:13:21 PM 100998   3409882    0.00    0.00    0.00    0.00    0.00    12  postgres
