Linux 5.14.0-570.60.1.el9_6.x86_64 *****) 	03/25/2026 	_x86_64_	(64 CPU)

10:52:31 AM   UID       PID    %usr %system  %guest   %wait    %CPU   CPU  Command
10:52:32 AM 100998   3364673    0.00    0.00    0.00    0.00    0.00    10  postgres
10:52:32 AM 100998   3364674    0.00    0.00    0.00    0.00    0.00    14  postgres
10:52:32 AM 100998   3364676    0.00    0.00    0.00    0.00    0.00    14  postgres
10:52:32 AM 100998   3364677    0.00    0.00    0.00    0.00    0.00    12  postgres
10:52:32 AM 100998   3365580    0.00    0.00    0.00    0.00    0.00    12  postgres
10:52:32 AM 100998   3365606    0.00    0.00    0.00    0.00    0.00    14  postgres
10:52:32 AM 100998   3365607    0.00    0.00    0.00    0.00    0.00    12  postgres
10:52:32 AM 100998   3365608    0.00    0.00    0.00    0.00    0.00    14  postgres
10:52:32 AM 100998   3365609    0.00    0.00    0.00    0.00    0.00    12  postgres
10:52:32 AM 100998   3365611    0.00    0.00    0.00    0.00    0.00    14  postgres
10:52:32 AM 100998   3365612    0.00    0.00    0.00    0.00    0.00    12  postgres
10:52:32 AM 100998   3365613    0.00    0.00    0.00    0.00    0.00    14  postgres
10:52:32 AM 100998   3365615    0.00    0.00    0.00    0.00    0.00    12  postgres
10:52:32 AM 100998   3365616    0.00    0.00    0.00    0.00    0.00    14  postgres

10:52:32 AM   UID       PID    %usr %system  %guest   %wait    %CPU   CPU  Command
10:52:33 AM 100998   3364673    0.00    0.00    0.00    0.00    0.00    10  postgres
10:52:33 AM 100998   3364674    0.00    0.00    0.00    0.00    0.00    14  postgres
10:52:33 AM 100998   3364676    0.00    0.00    0.00    0.00    0.00    14  postgres
10:52:33 AM 100998   3364677    0.00    0.00    0.00    0.00    0.00    12  postgres
10:52:33 AM 100998   3365580    0.00    0.00    0.00    0.00    0.00    12  postgres
10:52:33 AM 100998   3365606    0.00    0.00    0.00    0.00    0.00    14  postgres
10:52:33 AM 100998   3365607    0.00    0.00    0.00    0.00    0.00    12  postgres
10:52:33 AM 100998   3365608    0.00    0.00    0.00    0.00    0.00    14  postgres
10:52:33 AM 100998   3365609    0.00    0.00    0.00    0.00    0.00    12  postgres
10:52:33 AM 100998   3365611    0.00    0.00    0.00    0.00    0.00    14  postgres
10:52:33 AM 100998   3365612    0.00    0.00    0.00    0.00    0.00    12  postgres
10:52:33 AM 100998   3365613    0.00    0.00    0.00    0.00    0.00    14  postgres
10:52:33 AM 100998   3365615    0.00    0.00    0.00    0.00    0.00    12  postgres
10:52:33 AM 100998   3365616    0.00    0.00    0.00    0.00    0.00    14  postgres

10:52:33 AM   UID       PID    %usr %system  %guest   %wait    %CPU   CPU  Command
10:52:34 AM 100998   3364673    0.00    0.00    0.00    0.00    0.00    10  postgres
10:52:34 AM 100998   3364674    0.00    0.00    0.00    0.00    0.00    14  postgres
10:52:34 AM 100998   3364676    0.00    0.00    0.00    0.00    0.00    14  postgres
10:52:34 AM 100998   3364677    0.00    0.00    0.00    0.00    0.00    12  postgres
10:52:34 AM 100998   3365580    0.00    0.00    0.00    0.00    0.00    12  postgres
10:52:34 AM 100998   3365606    0.00    0.00    0.00    0.00    0.00    14  postgres
10:52:34 AM 100998   3365607    0.00    0.00    0.00    0.00    0.00    12  postgres
10:52:34 AM 100998   3365608    0.00    0.00    0.00    0.00    0.00    14  postgres
10:52:34 AM 100998   3365609    0.00    0.00    0.00    0.00    0.00    12  postgres
10:52:34 AM 100998   3365611    0.00    0.00    0.00    0.00    0.00    14  postgres
10:52:34 AM 100998   3365612    0.00    0.00    0.00    0.00    0.00    12  postgres
10:52:34 AM 100998   3365613    0.00    0.00    0.00    0.00    0.00    14  postgres
10:52:34 AM 100998   3365615    0.00    0.00    0.00    0.00    0.00    12  postgres
10:52:34 AM 100998   3365616    0.00    0.00    0.00    0.00    0.00    14  postgres

10:52:34 AM   UID       PID    %usr %system  %guest   %wait    %CPU   CPU  Command
10:52:35 AM 100998   3364673    0.00    0.00    0.00    0.00    0.00    10  postgres
10:52:35 AM 100998   3364674    0.00    0.00    0.00    0.00    0.00    14  postgres
10:52:35 AM 100998   3364676    0.00    0.00    0.00    0.00    0.00    14  postgres
10:52:35 AM 100998   3364677    0.00    0.00    0.00    0.00    0.00    12  postgres
10:52:35 AM 100998   3365580    0.00    0.00    0.00    0.00    0.00    12  postgres
10:52:35 AM 100998   3365606    0.00    0.00    0.00    0.00    0.00    14  postgres
10:52:35 AM 100998   3365607    0.00    0.00    0.00    0.00    0.00    12  postgres
10:52:35 AM 100998   3365608    0.00    0.00    0.00    0.00    0.00    14  postgres
10:52:35 AM 100998   3365609    0.00    0.00    0.00    0.00    0.00    12  postgres
10:52:35 AM 100998   3365611    0.00    0.00    0.00    0.00    0.00    14  postgres
10:52:35 AM 100998   3365612    0.00    0.00    0.00    0.00    0.00    12  postgres
10:52:35 AM 100998   3365613    0.00    0.00    0.00    0.00    0.00    14  postgres
10:52:35 AM 100998   3365615    0.00    0.00    0.00    0.00    0.00    12  postgres
10:52:35 AM 100998   3365616    0.00    0.00    0.00    0.00    0.00    14  postgres

10:52:35 AM   UID       PID    %usr %system  %guest   %wait    %CPU   CPU  Command
10:52:36 AM 100998   3364673    0.00    0.00    0.00    0.00    0.00    10  postgres
10:52:36 AM 100998   3364674    0.00    0.00    0.00    0.00    0.00    14  postgres
10:52:36 AM 100998   3364676    0.00    0.00    0.00    0.00    0.00    14  postgres
10:52:36 AM 100998   3364677    0.00    0.00    0.00    0.00    0.00    12  postgres
10:52:36 AM 100998   3365580    0.00    0.00    0.00    0.00    0.00    12  postgres
10:52:36 AM 100998   3365606    0.00    0.00    0.00    0.00    0.00    14  postgres
10:52:36 AM 100998   3365607    0.00    0.00    0.00    0.00    0.00    12  postgres
10:52:36 AM 100998   3365608    0.00    0.00    0.00    0.00    0.00    14  postgres
10:52:36 AM 100998   3365609    0.00    0.00    0.00    0.00    0.00    12  postgres
10:52:36 AM 100998   3365611    0.00    0.00    0.00    0.00    0.00    14  postgres
10:52:36 AM 100998   3365612    0.00    0.00    0.00    0.00    0.00    12  postgres
10:52:36 AM 100998   3365613    0.00    0.00    0.00    0.00    0.00    14  postgres
10:52:36 AM 100998   3365615    0.00    0.00    0.00    0.00    0.00    12  postgres
10:52:36 AM 100998   3365616    0.00    0.00    0.00    0.00    0.00    14  postgres

10:52:36 AM   UID       PID    %usr %system  %guest   %wait    %CPU   CPU  Command
10:52:37 AM 100998   3364673    0.00    0.00    0.00    0.00    0.00    10  postgres
10:52:37 AM 100998   3364674    0.00    0.00    0.00    0.00    0.00    14  postgres
10:52:37 AM 100998   3364676    0.00    0.00    0.00    0.00    0.00    14  postgres
10:52:37 AM 100998   3364677    0.00    0.00    0.00    0.00    0.00    12  postgres
10:52:37 AM 100998   3365580    0.00    0.00    0.00    0.00    0.00    10  postgres
10:52:37 AM 100998   3365606    0.00    0.00    0.00    0.00    0.00    14  postgres
10:52:37 AM 100998   3365607    0.00    0.00    0.00    0.00    0.00    14  postgres
10:52:37 AM 100998   3365608    0.00    0.00    0.00    0.00    0.00    12  postgres
10:52:37 AM 100998   3365609    0.00    0.00    0.00    0.00    0.00    10  postgres
10:52:37 AM 100998   3365611    0.00    0.00    0.00    0.00    0.00    10  postgres
10:52:37 AM 100998   3365612    0.00    0.00    0.00    0.00    0.00    12  postgres
10:52:37 AM 100998   3365613    0.00    0.00    0.00    0.00    0.00    14  postgres
10:52:37 AM 100998   3365615    0.00    0.00    0.00    0.00    0.00    14  postgres
10:52:37 AM 100998   3365616    0.00    0.00    0.00    0.00    0.00    10  postgres

10:52:37 AM   UID       PID    %usr %system  %guest   %wait    %CPU   CPU  Command
10:52:38 AM 100998   3364673    0.00    0.00    0.00    0.00    0.00    10  postgres
10:52:38 AM 100998   3364674    0.00    0.00    0.00    0.00    0.00    14  postgres
10:52:38 AM 100998   3364676    0.00    0.00    0.00    0.00    0.00    14  postgres
10:52:38 AM 100998   3364677    0.00    0.00    0.00    0.00    0.00    12  postgres
10:52:38 AM 100998   3365580    1.00    1.00    0.00    0.00    2.00    12  postgres
10:52:38 AM 100998   3365606    0.00    0.00    0.00    0.00    0.00    14  postgres
10:52:38 AM 100998   3365607    1.00    0.00    0.00    0.00    1.00    10  postgres
10:52:38 AM 100998   3365608    1.00    0.00    0.00    0.00    1.00    10  postgres
10:52:38 AM 100998   3365609    1.00    0.00    0.00    0.00    1.00    10  postgres
10:52:38 AM 100998   3365611    0.00    0.00    0.00    0.00    0.00    10  postgres
10:52:38 AM 100998   3365612    1.00    0.00    0.00    0.00    1.00    10  postgres
10:52:38 AM 100998   3365613    1.00    0.00    0.00    0.00    1.00    14  postgres
10:52:38 AM 100998   3365615    0.00    0.00    0.00    0.00    0.00    14  postgres
10:52:38 AM 100998   3365616    1.00    0.00    0.00    0.00    1.00    14  postgres

10:52:38 AM   UID       PID    %usr %system  %guest   %wait    %CPU   CPU  Command
10:52:39 AM 100998   3364673    0.00    0.00    0.00    0.00    0.00    10  postgres
10:52:39 AM 100998   3364674    0.00    0.00    0.00    0.00    0.00    14  postgres
10:52:39 AM 100998   3364676    0.00    0.00    0.00    0.00    0.00    14  postgres
10:52:39 AM 100998   3364677    0.00    0.00    0.00    0.00    0.00    12  postgres
10:52:39 AM 100998   3365580    1.00    0.00    0.00    0.00    1.00    10  postgres
10:52:39 AM 100998   3365606    1.00    1.00    0.00    0.00    2.00    10  postgres
10:52:39 AM 100998   3365607    1.00    0.00    0.00    0.00    1.00    10  postgres
10:52:39 AM 100998   3365608    1.00    1.00    0.00    0.00    2.00    12  postgres
10:52:39 AM 100998   3365609    0.00    1.00    0.00    0.00    1.00    10  postgres
10:52:39 AM 100998   3365611    1.00    1.00    0.00    0.00    2.00    12  postgres
10:52:39 AM 100998   3365612    0.00    1.00    0.00    0.00    1.00    14  postgres
10:52:39 AM 100998   3365613    0.00    0.00    0.00    0.00    0.00    14  postgres
10:52:39 AM 100998   3365615    1.00    1.00    0.00    0.00    2.00    12  postgres
10:52:39 AM 100998   3365616    1.00    0.00    0.00    0.00    1.00    14  postgres

10:52:39 AM   UID       PID    %usr %system  %guest   %wait    %CPU   CPU  Command
10:52:40 AM 100998   3364673    0.00    0.00    0.00    0.00    0.00    10  postgres
10:52:40 AM 100998   3364674    0.00    0.00    0.00    0.00    0.00    14  postgres
10:52:40 AM 100998   3364676    0.00    0.00    0.00    0.00    0.00    14  postgres
10:52:40 AM 100998   3364677    0.00    0.00    0.00    0.00    0.00    12  postgres
10:52:40 AM 100998   3365580    0.00    1.00    0.00    0.00    1.00    10  postgres
10:52:40 AM 100998   3365606    1.00    0.00    0.00    0.00    1.00    12  postgres
10:52:40 AM 100998   3365607    1.00    0.00    0.00    0.00    1.00    10  postgres
10:52:40 AM 100998   3365608    1.00    0.00    0.00    0.00    1.00    12  postgres
10:52:40 AM 100998   3365609    1.00    0.00    0.00    0.00    1.00    10  postgres
10:52:40 AM 100998   3365611    1.00    1.00    0.00    0.00    2.00    14  postgres
10:52:40 AM 100998   3365612    1.00    0.00    0.00    0.00    1.00    10  postgres
10:52:40 AM 100998   3365613    1.00    1.00    0.00    0.00    2.00    12  postgres
10:52:40 AM 100998   3365615    1.00    1.00    0.00    0.00    2.00    14  postgres
10:52:40 AM 100998   3365616    0.00    1.00    0.00    0.00    1.00    12  postgres

10:52:40 AM   UID       PID    %usr %system  %guest   %wait    %CPU   CPU  Command
10:52:41 AM 100998   3364673    0.00    0.00    0.00    0.00    0.00    10  postgres
10:52:41 AM 100998   3364674    0.00    0.00    0.00    0.00    0.00    12  postgres
10:52:41 AM 100998   3364676    0.00    0.00    0.00    0.00    0.00    14  postgres
10:52:41 AM 100998   3364677    0.00    0.00    0.00    0.00    0.00    12  postgres
10:52:41 AM 100998   3365580    1.00    0.00    0.00    0.00    1.00    12  postgres
10:52:41 AM 100998   3365606    1.00    1.00    0.00    0.00    2.00    10  postgres
10:52:41 AM 100998   3365607    1.00    1.00    0.00    0.00    2.00    10  postgres
10:52:41 AM 100998   3365608    0.00    0.00    0.00    0.00    0.00    12  postgres
10:52:41 AM 100998   3365609    1.00    1.00    0.00    0.00    2.00    14  postgres
10:52:41 AM 100998   3365611    0.00    0.00    0.00    0.00    0.00    12  postgres
10:52:41 AM 100998   3365612    0.00    1.00    0.00    0.00    1.00    12  postgres
10:52:41 AM 100998   3365613    1.00    0.00    0.00    0.00    1.00    14  postgres
10:52:41 AM 100998   3365615    1.00    0.00    0.00    0.00    1.00    14  postgres
10:52:41 AM 100998   3365616    1.00    1.00    0.00    0.00    2.00    10  postgres

10:52:41 AM   UID       PID    %usr %system  %guest   %wait    %CPU   CPU  Command
10:52:42 AM 100998   3364673    0.00    0.00    0.00    0.00    0.00    10  postgres
10:52:42 AM 100998   3364674    0.00    0.00    0.00    0.00    0.00    12  postgres
10:52:42 AM 100998   3364676    0.00    0.00    0.00    0.00    0.00    14  postgres
10:52:42 AM 100998   3364677    0.00    0.00    0.00    0.00    0.00    12  postgres
10:52:42 AM 100998   3365580    1.00    1.00    0.00    0.00    2.00    12  postgres
10:52:42 AM 100998   3365606    1.00    0.00    0.00    0.00    1.00    10  postgres
10:52:42 AM 100998   3365607    1.00    1.00    0.00    0.00    2.00    10  postgres
10:52:42 AM 100998   3365608    1.00    1.00    0.00    0.00    2.00    10  postgres
10:52:42 AM 100998   3365609    0.00    1.00    0.00    0.00    1.00    14  postgres
10:52:42 AM 100998   3365611    1.00    0.00    0.00    0.00    1.00    12  postgres
10:52:42 AM 100998   3365612    1.00    0.00    0.00    0.00    1.00    14  postgres
10:52:42 AM 100998   3365613    1.00    1.00    0.00    0.00    2.00    10  postgres
10:52:42 AM 100998   3365615    1.00    1.00    0.00    0.00    2.00    12  postgres
10:52:42 AM 100998   3365616    1.00    1.00    0.00    0.00    2.00    12  postgres

10:52:42 AM   UID       PID    %usr %system  %guest   %wait    %CPU   CPU  Command
10:52:43 AM 100998   3364673    0.00    0.00    0.00    0.00    0.00    10  postgres
10:52:43 AM 100998   3364674    0.00    0.00    0.00    0.00    0.00    12  postgres
10:52:43 AM 100998   3364676    0.00    0.00    0.00    0.00    0.00    14  postgres
10:52:43 AM 100998   3364677    0.00    0.00    0.00    0.00    0.00    12  postgres
10:52:43 AM 100998   3365580    1.00    1.00    0.00    0.00    2.00    14  postgres
10:52:43 AM 100998   3365606    1.00    1.00    0.00    0.00    2.00    14  postgres
10:52:43 AM 100998   3365607    1.00    0.00    0.00    0.00    1.00    12  postgres
10:52:43 AM 100998   3365608    0.00    1.00    0.00    0.00    1.00    10  postgres
10:52:43 AM 100998   3365609    1.00    0.00    0.00    0.00    1.00    14  postgres
10:52:43 AM 100998   3365611    0.00    0.00    0.00    0.00    0.00    10  postgres
10:52:43 AM 100998   3365612    1.00    1.00    0.00    0.00    2.00    10  postgres
10:52:43 AM 100998   3365613    2.00    0.00    0.00    0.00    2.00    10  postgres
10:52:43 AM 100998   3365615    1.00    0.00    0.00    0.00    1.00    12  postgres
10:52:43 AM 100998   3365616    1.00    0.00    0.00    0.00    1.00    12  postgres

10:52:43 AM   UID       PID    %usr %system  %guest   %wait    %CPU   CPU  Command
10:52:44 AM 100998   3364673    0.00    0.00    0.00    0.00    0.00    10  postgres
10:52:44 AM 100998   3364674    0.00    0.00    0.00    0.00    0.00    12  postgres
10:52:44 AM 100998   3364676    0.00    0.00    0.00    0.00    0.00    14  postgres
10:52:44 AM 100998   3364677    0.00    0.00    0.00    0.00    0.00    12  postgres
10:52:44 AM 100998   3365580    1.00    1.00    0.00    0.00    2.00    14  postgres
10:52:44 AM 100998   3365606    0.00    1.00    0.00    0.00    1.00    14  postgres
10:52:44 AM 100998   3365607    1.00    1.00    0.00    0.00    2.00    10  postgres
10:52:44 AM 100998   3365608    2.00    0.00    0.00    0.00    2.00    10  postgres
10:52:44 AM 100998   3365609    1.00    1.00    0.00    0.00    2.00    14  postgres
10:52:44 AM 100998   3365611    1.00    1.00    0.00    0.00    2.00    12  postgres
10:52:44 AM 100998   3365612    1.00    1.00    0.00    0.00    2.00    10  postgres
10:52:44 AM 100998   3365613    0.00    1.00    0.00    0.00    1.00    14  postgres
10:52:44 AM 100998   3365615    1.00    1.00    0.00    0.00    2.00    10  postgres
10:52:44 AM 100998   3365616    1.00    1.00    0.00    0.00    2.00    12  postgres

10:52:44 AM   UID       PID    %usr %system  %guest   %wait    %CPU   CPU  Command
10:52:45 AM 100998   3364673    0.00    0.00    0.00    0.00    0.00    10  postgres
10:52:45 AM 100998   3364674    0.00    0.00    0.00    0.00    0.00    12  postgres
10:52:45 AM 100998   3364676    0.00    0.00    0.00    0.00    0.00    14  postgres
10:52:45 AM 100998   3364677    0.00    0.00    0.00    0.00    0.00    12  postgres
10:52:45 AM 100998   3365580    1.00    0.00    0.00    0.00    1.00    10  postgres
10:52:45 AM 100998   3365606    2.00    1.00    0.00    0.00    3.00    12  postgres
10:52:45 AM 100998   3365607    2.00    1.00    0.00    0.00    3.00    12  postgres
10:52:45 AM 100998   3365608    1.00    0.00    0.00    0.00    1.00    12  postgres
10:52:45 AM 100998   3365609    0.00    0.00    0.00    0.00    0.00    10  postgres
10:52:45 AM 100998   3365611    1.00    1.00    0.00    0.00    2.00    10  postgres
10:52:45 AM 100998   3365612    1.00    0.00    0.00    0.00    1.00    14  postgres
10:52:45 AM 100998   3365613    1.00    1.00    0.00    0.00    2.00    14  postgres
10:52:45 AM 100998   3365615    1.00    0.00    0.00    0.00    1.00    12  postgres
10:52:45 AM 100998   3365616    2.00    0.00    0.00    0.00    2.00    12  postgres

10:52:45 AM   UID       PID    %usr %system  %guest   %wait    %CPU   CPU  Command
10:52:46 AM 100998   3364673    0.00    0.00    0.00    0.00    0.00    10  postgres
10:52:46 AM 100998   3364674    0.00    0.00    0.00    0.00    0.00    12  postgres
10:52:46 AM 100998   3364676    0.00    0.00    0.00    0.00    0.00    14  postgres
10:52:46 AM 100998   3364677    0.00    0.00    0.00    0.00    0.00    12  postgres
10:52:46 AM 100998   3365580    1.00    1.00    0.00    0.00    2.00    12  postgres
10:52:46 AM 100998   3365606    0.00    1.00    0.00    0.00    1.00    12  postgres
10:52:46 AM 100998   3365607    1.00    0.00    0.00    0.00    1.00    14  postgres
10:52:46 AM 100998   3365608    2.00    1.00    0.00    0.00    3.00    14  postgres
10:52:46 AM 100998   3365609    2.00    1.00    0.00    0.00    3.00    10  postgres
10:52:46 AM 100998   3365611    2.00    1.00    0.00    0.00    3.00    10  postgres
10:52:46 AM 100998   3365612    1.00    1.00    0.00    0.00    2.00    10  postgres
10:52:46 AM 100998   3365613    1.00    0.00    0.00    0.00    1.00    14  postgres
10:52:46 AM 100998   3365615    2.00    1.00    0.00    0.00    3.00    12  postgres
10:52:46 AM 100998   3365616    0.00    2.00    0.00    0.00    2.00    14  postgres

10:52:46 AM   UID       PID    %usr %system  %guest   %wait    %CPU   CPU  Command
10:52:47 AM 100998   3364673    0.00    0.00    0.00    0.00    0.00    10  postgres
10:52:47 AM 100998   3364674    0.00    0.00    0.00    0.00    0.00    12  postgres
10:52:47 AM 100998   3364676    0.00    0.00    0.00    0.00    0.00    14  postgres
10:52:47 AM 100998   3364677    0.00    0.00    0.00    0.00    0.00    12  postgres
10:52:47 AM 100998   3365580    1.00    1.00    0.00    0.00    2.00    12  postgres
10:52:47 AM 100998   3365606    2.00    0.00    0.00    0.00    2.00    12  postgres
10:52:47 AM 100998   3365607    1.00    1.00    0.00    0.00    2.00    14  postgres
10:52:47 AM 100998   3365608    1.00    0.00    0.00    0.00    1.00    10  postgres
10:52:47 AM 100998   3365609    1.00    1.00    0.00    0.00    2.00    14  postgres
10:52:47 AM 100998   3365611    1.00    1.00    0.00    0.00    2.00    12  postgres
10:52:47 AM 100998   3365612    1.00    1.00    0.00    0.00    2.00    10  postgres
10:52:47 AM 100998   3365613    2.00    1.00    0.00    0.00    3.00    10  postgres
10:52:47 AM 100998   3365615    1.00    0.00    0.00    0.00    1.00    10  postgres
10:52:47 AM 100998   3365616    1.00    0.00    0.00    0.00    1.00    14  postgres

10:52:47 AM   UID       PID    %usr %system  %guest   %wait    %CPU   CPU  Command
10:52:48 AM 100998   3364673    0.00    0.00    0.00    0.00    0.00    10  postgres
10:52:48 AM 100998   3364674    0.00    0.00    0.00    0.00    0.00    12  postgres
10:52:48 AM 100998   3364676    0.00    0.00    0.00    0.00    0.00    14  postgres
10:52:48 AM 100998   3364677    0.00    0.00    0.00    0.00    0.00    12  postgres
10:52:48 AM 100998   3365580    1.00    1.00    0.00    0.00    2.00    12  postgres
10:52:48 AM 100998   3365606    2.00    1.00    0.00    0.00    3.00    12  postgres
10:52:48 AM 100998   3365607    1.00    1.00    0.00    0.00    2.00    10  postgres
10:52:48 AM 100998   3365608    1.00    1.00    0.00    0.00    2.00    14  postgres
10:52:48 AM 100998   3365609    1.00    1.00    0.00    0.00    2.00    14  postgres
10:52:48 AM 100998   3365611    1.00    0.00    0.00    0.00    1.00    10  postgres
10:52:48 AM 100998   3365612    2.00    1.00    0.00    0.00    3.00    10  postgres
10:52:48 AM 100998   3365613    1.00    1.00    0.00    0.00    2.00    10  postgres
10:52:48 AM 100998   3365615    1.00    1.00    0.00    0.00    2.00    12  postgres
10:52:48 AM 100998   3365616    1.00    0.00    0.00    0.00    1.00    14  postgres

10:52:48 AM   UID       PID    %usr %system  %guest   %wait    %CPU   CPU  Command
10:52:49 AM 100998   3364673    0.00    0.00    0.00    0.00    0.00    10  postgres
10:52:49 AM 100998   3364674    0.00    0.00    0.00    0.00    0.00    14  postgres
10:52:49 AM 100998   3364676    0.00    0.00    0.00    0.00    0.00    14  postgres
10:52:49 AM 100998   3364677    0.00    0.00    0.00    0.00    0.00    12  postgres
10:52:49 AM 100998   3365580    1.00    0.00    0.00    0.00    1.00    14  postgres
10:52:49 AM 100998   3365606    2.00    1.00    0.00    0.00    3.00    12  postgres
10:52:49 AM 100998   3365607    2.00    1.00    0.00    0.00    3.00    14  postgres
10:52:49 AM 100998   3365608    2.00    1.00    0.00    0.00    3.00    10  postgres
10:52:49 AM 100998   3365609    1.00    1.00    0.00    0.00    2.00    14  postgres
10:52:49 AM 100998   3365611    1.00    0.00    0.00    0.00    1.00    14  postgres
10:52:49 AM 100998   3365612    1.00    1.00    0.00    0.00    2.00    10  postgres
10:52:49 AM 100998   3365613    1.00    1.00    0.00    0.00    2.00    10  postgres
10:52:49 AM 100998   3365615    2.00    1.00    0.00    0.00    3.00    14  postgres
10:52:49 AM 100998   3365616    1.00    1.00    0.00    0.00    2.00    12  postgres

10:52:49 AM   UID       PID    %usr %system  %guest   %wait    %CPU   CPU  Command
10:52:50 AM 100998   3364673    0.00    0.00    0.00    0.00    0.00    10  postgres
10:52:50 AM 100998   3364674    0.00    0.00    0.00    0.00    0.00    12  postgres
10:52:50 AM 100998   3364676    0.00    0.00    0.00    0.00    0.00    14  postgres
10:52:50 AM 100998   3364677    0.00    0.00    0.00    0.00    0.00    12  postgres
10:52:50 AM 100998   3365580    2.00    1.00    0.00    0.00    3.00    14  postgres
10:52:50 AM 100998   3365606    1.00    1.00    0.00    0.00    2.00    10  postgres
10:52:50 AM 100998   3365607    2.00    1.00    0.00    0.00    3.00    12  postgres
10:52:50 AM 100998   3365608    1.00    1.00    0.00    0.00    2.00    10  postgres
10:52:50 AM 100998   3365609    2.00    1.00    0.00    0.00    3.00    14  postgres
10:52:50 AM 100998   3365611    1.00    1.00    0.00    0.00    2.00    14  postgres
10:52:50 AM 100998   3365612    1.00    0.00    0.00    0.00    1.00    10  postgres
10:52:50 AM 100998   3365613    2.00    1.00    0.00    0.00    3.00    12  postgres
10:52:50 AM 100998   3365615    1.00    1.00    0.00    0.00    2.00    14  postgres
10:52:50 AM 100998   3365616    1.00    2.00    0.00    0.00    3.00    10  postgres

10:52:50 AM   UID       PID    %usr %system  %guest   %wait    %CPU   CPU  Command
10:52:51 AM 100998   3364673    0.00    0.00    0.00    0.00    0.00    10  postgres
10:52:51 AM 100998   3364674    0.00    0.00    0.00    0.00    0.00    12  postgres
10:52:51 AM 100998   3364676    0.00    0.00    0.00    0.00    0.00    14  postgres
10:52:51 AM 100998   3364677    0.00    0.00    0.00    0.00    0.00    12  postgres
10:52:51 AM 100998   3365580    1.00    1.00    0.00    0.00    2.00    14  postgres
10:52:51 AM 100998   3365606    1.00    1.00    0.00    0.00    2.00    14  postgres
10:52:51 AM 100998   3365607    2.00    1.00    0.00    0.00    3.00    14  postgres
10:52:51 AM 100998   3365608    2.00    1.00    0.00    0.00    3.00    10  postgres
10:52:51 AM 100998   3365609    1.00    1.00    0.00    0.00    2.00    12  postgres
10:52:51 AM 100998   3365611    2.00    1.00    0.00    0.00    3.00    12  postgres
10:52:51 AM 100998   3365612    1.00    1.00    0.00    0.00    2.00    12  postgres
10:52:51 AM 100998   3365613    1.00    1.00    0.00    0.00    2.00    10  postgres
10:52:51 AM 100998   3365615    1.00    1.00    0.00    0.00    2.00    10  postgres
10:52:51 AM 100998   3365616    1.00    1.00    0.00    0.00    2.00    12  postgres

10:52:51 AM   UID       PID    %usr %system  %guest   %wait    %CPU   CPU  Command
10:52:52 AM 100998   3364673    0.00    0.00    0.00    0.00    0.00    10  postgres
10:52:52 AM 100998   3364674    0.00    0.00    0.00    0.00    0.00    12  postgres
10:52:52 AM 100998   3364676    0.00    0.00    0.00    0.00    0.00    14  postgres
10:52:52 AM 100998   3364677    0.00    0.00    0.00    0.00    0.00    12  postgres
10:52:52 AM 100998   3365580    2.00    1.00    0.00    0.00    3.00    12  postgres
10:52:52 AM 100998   3365606    2.00    1.00    0.00    0.00    3.00    12  postgres
10:52:52 AM 100998   3365607    0.00    1.00    0.00    0.00    1.00    10  postgres
10:52:52 AM 100998   3365608    2.00    1.00    0.00    0.00    3.00    14  postgres
10:52:52 AM 100998   3365609    2.00    1.00    0.00    0.00    3.00    12  postgres
10:52:52 AM 100998   3365611    1.00    2.00    0.00    0.00    3.00    14  postgres
10:52:52 AM 100998   3365612    2.00    1.00    0.00    0.00    3.00    12  postgres
10:52:52 AM 100998   3365613    1.00    1.00    0.00    0.00    2.00    14  postgres
10:52:52 AM 100998   3365615    1.00    1.00    0.00    0.00    2.00    10  postgres
10:52:52 AM 100998   3365616    2.00    1.00    0.00    0.00    3.00    14  postgres

10:52:52 AM   UID       PID    %usr %system  %guest   %wait    %CPU   CPU  Command
10:52:53 AM 100998   3364673    0.00    0.00    0.00    0.00    0.00    10  postgres
10:52:53 AM 100998   3364674    0.00    0.00    0.00    0.00    0.00    12  postgres
10:52:53 AM 100998   3364676    0.00    0.00    0.00    0.00    0.00    14  postgres
10:52:53 AM 100998   3364677    0.00    0.00    0.00    0.00    0.00    12  postgres
10:52:53 AM 100998   3365580    2.00    1.00    0.00    0.00    3.00    12  postgres
10:52:53 AM 100998   3365606    1.00    1.00    0.00    0.00    2.00    10  postgres
10:52:53 AM 100998   3365607    3.00    2.00    0.00    0.00    5.00    12  postgres
10:52:53 AM 100998   3365608    3.00    2.00    0.00    0.00    5.00    12  postgres
10:52:53 AM 100998   3365609    3.00    2.00    0.00    0.00    5.00    10  postgres
10:52:53 AM 100998   3365611    1.00    1.00    0.00    0.00    2.00    14  postgres
10:52:53 AM 100998   3365612    2.00    2.00    0.00    0.00    4.00    14  postgres
10:52:53 AM 100998   3365613    1.00    1.00    0.00    0.00    2.00    12  postgres
10:52:53 AM 100998   3365615    0.00    1.00    0.00    0.00    1.00    10  postgres
10:52:53 AM 100998   3365616    1.00    1.00    0.00    0.00    2.00    14  postgres

10:52:53 AM   UID       PID    %usr %system  %guest   %wait    %CPU   CPU  Command
10:52:54 AM 100998   3364673    0.00    0.00    0.00    0.00    0.00    10  postgres
10:52:54 AM 100998   3364674    0.00    0.00    0.00    0.00    0.00    14  postgres
10:52:54 AM 100998   3364676    0.00    0.00    0.00    0.00    0.00    14  postgres
10:52:54 AM 100998   3364677    0.00    0.00    0.00    0.00    0.00    12  postgres
10:52:54 AM 100998   3365580    1.00    0.00    0.00    0.00    1.00    14  postgres
10:52:54 AM 100998   3365606    2.00    2.00    0.00    0.00    4.00    12  postgres
10:52:54 AM 100998   3365607    1.00    1.00    0.00    0.00    2.00    10  postgres
10:52:54 AM 100998   3365608    0.00    1.00    0.00    0.00    1.00    14  postgres
10:52:54 AM 100998   3365609    2.00    2.00    0.00    0.00    4.00    12  postgres
10:52:54 AM 100998   3365611    2.00    0.00    0.00    0.00    2.00    10  postgres
10:52:54 AM 100998   3365612    3.00    2.00    0.00    0.00    5.00    10  postgres
10:52:54 AM 100998   3365613    2.00    2.00    0.00    0.00    4.00    10  postgres
10:52:54 AM 100998   3365615    2.00    1.00    0.00    0.00    3.00    12  postgres
10:52:54 AM 100998   3365616    2.00    2.00    0.00    0.00    4.00    14  postgres

10:52:54 AM   UID       PID    %usr %system  %guest   %wait    %CPU   CPU  Command
10:52:55 AM 100998   3364673    0.00    0.00    0.00    0.00    0.00    10  postgres
10:52:55 AM 100998   3364674    0.00    0.00    0.00    0.00    0.00    14  postgres
10:52:55 AM 100998   3364676    0.00    0.00    0.00    0.00    0.00    14  postgres
10:52:55 AM 100998   3364677    0.00    0.00    0.00    0.00    0.00    12  postgres
10:52:55 AM 100998   3365580    3.00    2.00    0.00    0.00    5.00    10  postgres
10:52:55 AM 100998   3365606    2.00    1.00    0.00    0.00    3.00    10  postgres
10:52:55 AM 100998   3365607    3.00    3.00    0.00    0.00    6.00    10  postgres
10:52:55 AM 100998   3365608    2.00    1.00    0.00    0.00    3.00    14  postgres
10:52:55 AM 100998   3365609    2.00    1.00    0.00    0.00    3.00    12  postgres
10:52:55 AM 100998   3365611    2.00    1.00    0.00    0.00    3.00    12  postgres
10:52:55 AM 100998   3365612    1.00    1.00    0.00    0.00    2.00    12  postgres
10:52:55 AM 100998   3365613    2.00    2.00    0.00    0.00    4.00    10  postgres
10:52:55 AM 100998   3365615    1.00    1.00    0.00    0.00    2.00    14  postgres
10:52:55 AM 100998   3365616    2.00    1.00    0.00    0.00    3.00    12  postgres

10:52:55 AM   UID       PID    %usr %system  %guest   %wait    %CPU   CPU  Command
10:52:56 AM 100998   3364673    0.00    0.00    0.00    0.00    0.00    10  postgres
10:52:56 AM 100998   3364674    0.00    0.00    0.00    0.00    0.00    12  postgres
10:52:56 AM 100998   3364676    0.00    0.00    0.00    0.00    0.00    14  postgres
10:52:56 AM 100998   3364677    0.00    0.00    0.00    0.00    0.00    12  postgres
10:52:56 AM 100998   3365580    2.00    1.00    0.00    0.00    3.00    12  postgres
10:52:56 AM 100998   3365606    2.00    1.00    0.00    0.00    3.00    14  postgres
10:52:56 AM 100998   3365607    2.00    1.00    0.00    0.00    3.00    14  postgres
10:52:56 AM 100998   3365608    3.00    1.00    0.00    0.00    4.00    12  postgres
10:52:56 AM 100998   3365609    2.00    1.00    0.00    0.00    3.00    10  postgres
10:52:56 AM 100998   3365611    2.00    2.00    0.00    0.00    4.00    12  postgres
10:52:56 AM 100998   3365612    2.00    1.00    0.00    0.00    3.00    12  postgres
10:52:56 AM 100998   3365613    2.00    1.00    0.00    0.00    3.00    10  postgres
10:52:56 AM 100998   3365615    2.00    2.00    0.00    0.00    4.00    14  postgres
10:52:56 AM 100998   3365616    1.00    1.00    0.00    0.00    2.00    10  postgres

10:52:56 AM   UID       PID    %usr %system  %guest   %wait    %CPU   CPU  Command
10:52:57 AM 100998   3364673    0.00    0.00    0.00    0.00    0.00    10  postgres
10:52:57 AM 100998   3364674    0.00    0.00    0.00    0.00    0.00    12  postgres
10:52:57 AM 100998   3364676    0.00    0.00    0.00    0.00    0.00    14  postgres
10:52:57 AM 100998   3364677    0.00    0.00    0.00    0.00    0.00    12  postgres
10:52:57 AM 100998   3365580    2.00    2.00    0.00    0.00    4.00    12  postgres
10:52:57 AM 100998   3365606    2.00    2.00    0.00    0.00    4.00    10  postgres
10:52:57 AM 100998   3365607    2.00    1.00    0.00    0.00    3.00    12  postgres
10:52:57 AM 100998   3365608    1.00    1.00    0.00    0.00    2.00    12  postgres
10:52:57 AM 100998   3365609    1.00    1.00    0.00    0.00    2.00    14  postgres
10:52:57 AM 100998   3365611    1.00    1.00    0.00    0.00    2.00    10  postgres
10:52:57 AM 100998   3365612    2.00    1.00    0.00    0.00    3.00    10  postgres
10:52:57 AM 100998   3365613    2.00    2.00    0.00    0.00    4.00    10  postgres
10:52:57 AM 100998   3365615    1.00    0.00    0.00    0.00    1.00    12  postgres
10:52:57 AM 100998   3365616    2.00    1.00    0.00    0.00    3.00    14  postgres

10:52:57 AM   UID       PID    %usr %system  %guest   %wait    %CPU   CPU  Command
10:52:58 AM 100998   3364673    0.00    0.00    0.00    0.00    0.00    10  postgres
10:52:58 AM 100998   3364674    0.00    0.00    0.00    0.00    0.00    10  postgres
10:52:58 AM 100998   3364676    0.00    0.00    0.00    0.00    0.00    14  postgres
10:52:58 AM 100998   3364677    0.00    0.00    0.00    0.00    0.00    12  postgres
10:52:58 AM 100998   3365580    2.00    0.00    0.00    0.00    2.00    10  postgres
10:52:58 AM 100998   3365606    1.00    2.00    0.00    0.00    3.00    14  postgres
10:52:58 AM 100998   3365607    2.00    2.00    0.00    0.00    4.00    10  postgres
10:52:58 AM 100998   3365608    2.00    1.00    0.00    0.00    3.00    14  postgres
10:52:58 AM 100998   3365609    2.00    2.00    0.00    0.00    4.00    14  postgres
10:52:58 AM 100998   3365611    2.00    1.00    0.00    0.00    3.00    14  postgres
10:52:58 AM 100998   3365612    1.00    1.00    0.00    0.00    2.00    12  postgres
10:52:58 AM 100998   3365613    1.00    0.00    0.00    0.00    1.00    10  postgres
10:52:58 AM 100998   3365615    2.00    2.00    0.00    0.00    4.00    12  postgres
10:52:58 AM 100998   3365616    2.00    1.00    0.00    0.00    3.00    10  postgres

10:52:58 AM   UID       PID    %usr %system  %guest   %wait    %CPU   CPU  Command
10:52:59 AM 100998   3364673    0.00    0.00    0.00    0.00    0.00    10  postgres
10:52:59 AM 100998   3364674    0.00    0.00    0.00    0.00    0.00    12  postgres
10:52:59 AM 100998   3364676    0.00    0.00    0.00    0.00    0.00    14  postgres
10:52:59 AM 100998   3364677    0.00    0.00    0.00    0.00    0.00    12  postgres
10:52:59 AM 100998   3365580    2.00    3.00    0.00    0.00    5.00    14  postgres
10:52:59 AM 100998   3365606    3.00    2.00    0.00    0.00    5.00    12  postgres
10:52:59 AM 100998   3365607    2.00    1.00    0.00    0.00    3.00    12  postgres
10:52:59 AM 100998   3365608    2.00    2.00    0.00    0.00    4.00    10  postgres
10:52:59 AM 100998   3365609    2.00    2.00    0.00    0.00    4.00    10  postgres
10:52:59 AM 100998   3365611    2.00    1.00    0.00    0.00    3.00    12  postgres
10:52:59 AM 100998   3365612    1.00    1.00    0.00    0.00    2.00    12  postgres
10:52:59 AM 100998   3365613    1.00    1.00    0.00    0.00    2.00    14  postgres
10:52:59 AM 100998   3365615    2.00    1.00    0.00    0.00    3.00    12  postgres
10:52:59 AM 100998   3365616    1.00    1.00    0.00    0.00    2.00    12  postgres

10:52:59 AM   UID       PID    %usr %system  %guest   %wait    %CPU   CPU  Command
10:53:00 AM 100998   3364673    0.00    0.00    0.00    0.00    0.00    10  postgres
10:53:00 AM 100998   3364674    0.00    0.00    0.00    0.00    0.00    12  postgres
10:53:00 AM 100998   3364676    0.00    0.00    0.00    0.00    0.00    14  postgres
10:53:00 AM 100998   3364677    0.00    0.00    0.00    0.00    0.00    12  postgres
10:53:00 AM 100998   3365580    2.00    1.00    0.00    0.00    3.00    12  postgres
10:53:00 AM 100998   3365606    2.00    1.00    0.00    0.00    3.00    12  postgres
10:53:00 AM 100998   3365607    1.00    2.00    0.00    0.00    3.00    10  postgres
10:53:00 AM 100998   3365608    2.00    1.00    0.00    0.00    3.00    14  postgres
10:53:00 AM 100998   3365609    1.00    0.00    0.00    0.00    1.00    12  postgres
10:53:00 AM 100998   3365611    2.00    1.00    0.00    0.00    3.00    12  postgres
10:53:00 AM 100998   3365612    2.00    2.00    0.00    0.00    4.00    10  postgres
10:53:00 AM 100998   3365613    2.00    1.00    0.00    0.00    3.00    10  postgres
10:53:00 AM 100998   3365615    2.00    1.00    0.00    0.00    3.00    14  postgres
10:53:00 AM 100998   3365616    1.00    1.00    0.00    0.00    2.00    10  postgres

10:53:00 AM   UID       PID    %usr %system  %guest   %wait    %CPU   CPU  Command
10:53:01 AM 100998   3364673    0.00    0.00    0.00    0.00    0.00    10  postgres
10:53:01 AM 100998   3364674    0.00    0.00    0.00    0.00    0.00    12  postgres
10:53:01 AM 100998   3364676    0.00    0.00    0.00    0.00    0.00    14  postgres
10:53:01 AM 100998   3364677    0.00    0.00    0.00    0.00    0.00    12  postgres
10:53:01 AM 100998   3365580    3.00    2.00    0.00    0.00    5.00    14  postgres
10:53:01 AM 100998   3365606    1.00    1.00    0.00    0.00    2.00    10  postgres
10:53:01 AM 100998   3365607    2.00    1.00    0.00    0.00    3.00    12  postgres
10:53:01 AM 100998   3365608    1.00    1.00    0.00    0.00    2.00    10  postgres
10:53:01 AM 100998   3365609    3.00    2.00    0.00    0.00    5.00    12  postgres
10:53:01 AM 100998   3365611    3.00    1.00    0.00    0.00    4.00    12  postgres
10:53:01 AM 100998   3365612    1.00    1.00    0.00    0.00    2.00    14  postgres
10:53:01 AM 100998   3365613    1.00    1.00    0.00    0.00    2.00    12  postgres
10:53:01 AM 100998   3365615    2.00    2.00    0.00    0.00    4.00    10  postgres
10:53:01 AM 100998   3365616    2.00    1.00    0.00    0.00    3.00    10  postgres

10:53:01 AM   UID       PID    %usr %system  %guest   %wait    %CPU   CPU  Command
10:53:02 AM 100998   3364673    0.00    0.00    0.00    0.00    0.00    10  postgres
10:53:02 AM 100998   3364674    0.00    0.00    0.00    0.00    0.00    10  postgres
10:53:02 AM 100998   3364676    0.00    0.00    0.00    0.00    0.00    14  postgres
10:53:02 AM 100998   3364677    0.00    0.00    0.00    0.00    0.00    12  postgres
10:53:02 AM 100998   3365580    2.00    1.00    0.00    0.00    3.00    10  postgres
10:53:02 AM 100998   3365606    1.00    1.00    0.00    0.00    2.00    12  postgres
10:53:02 AM 100998   3365607    2.00    1.00    0.00    0.00    3.00    14  postgres
10:53:02 AM 100998   3365608    1.00    3.00    0.00    0.00    4.00    12  postgres
10:53:02 AM 100998   3365609    2.00    1.00    0.00    0.00    3.00    10  postgres
10:53:02 AM 100998   3365611    2.00    2.00    0.00    0.00    4.00    14  postgres
10:53:02 AM 100998   3365612    2.00    1.00    0.00    0.00    3.00    14  postgres
10:53:02 AM 100998   3365613    2.00    1.00    0.00    0.00    3.00    14  postgres
10:53:02 AM 100998   3365615    2.00    1.00    0.00    0.00    3.00    12  postgres
10:53:02 AM 100998   3365616    2.00    1.00    0.00    0.00    3.00    10  postgres

10:53:02 AM   UID       PID    %usr %system  %guest   %wait    %CPU   CPU  Command
10:53:03 AM 100998   3364673    0.00    0.00    0.00    0.00    0.00    10  postgres
10:53:03 AM 100998   3364674    0.00    0.00    0.00    0.00    0.00    10  postgres
10:53:03 AM 100998   3364676    0.00    0.00    0.00    0.00    0.00    14  postgres
10:53:03 AM 100998   3364677    0.00    0.00    0.00    0.00    0.00    12  postgres
10:53:03 AM 100998   3365580    2.00    1.00    0.00    0.00    3.00    14  postgres
10:53:03 AM 100998   3365606    2.00    2.00    0.00    0.00    4.00    10  postgres
10:53:03 AM 100998   3365607    2.00    2.00    0.00    0.00    4.00    12  postgres
10:53:03 AM 100998   3365608    3.00    1.00    0.00    0.00    4.00    12  postgres
10:53:03 AM 100998   3365609    2.00    1.00    0.00    0.00    3.00    12  postgres
10:53:03 AM 100998   3365611    1.00    1.00    0.00    0.00    2.00    12  postgres
10:53:03 AM 100998   3365612    2.00    1.00    0.00    0.00    3.00    10  postgres
10:53:03 AM 100998   3365613    3.00    2.00    0.00    0.00    5.00    12  postgres
10:53:03 AM 100998   3365615    1.00    1.00    0.00    0.00    2.00    10  postgres
10:53:03 AM 100998   3365616    3.00    1.00    0.00    0.00    4.00    10  postgres

10:53:03 AM   UID       PID    %usr %system  %guest   %wait    %CPU   CPU  Command
10:53:04 AM 100998   3364673    0.00    0.00    0.00    0.00    0.00    10  postgres
10:53:04 AM 100998   3364674    0.00    0.00    0.00    0.00    0.00    10  postgres
10:53:04 AM 100998   3364676    0.00    0.00    0.00    0.00    0.00    14  postgres
10:53:04 AM 100998   3364677    0.00    0.00    0.00    0.00    0.00    12  postgres
10:53:04 AM 100998   3365580    3.00    1.00    0.00    0.00    4.00    10  postgres
10:53:04 AM 100998   3365606    2.00    1.00    0.00    0.00    3.00    14  postgres
10:53:04 AM 100998   3365607    2.00    1.00    0.00    0.00    3.00    10  postgres
10:53:04 AM 100998   3365608    2.00    1.00    0.00    0.00    3.00    14  postgres
10:53:04 AM 100998   3365609    3.00    1.00    0.00    0.00    4.00    12  postgres
10:53:04 AM 100998   3365611    3.00    1.00    0.00    0.00    4.00    12  postgres
10:53:04 AM 100998   3365612    2.00    1.00    0.00    0.00    3.00    14  postgres
10:53:04 AM 100998   3365613    1.00    1.00    0.00    0.00    2.00    10  postgres
10:53:04 AM 100998   3365615    3.00    2.00    0.00    0.00    5.00    14  postgres
10:53:04 AM 100998   3365616    2.00    2.00    0.00    0.00    4.00    14  postgres

10:53:04 AM   UID       PID    %usr %system  %guest   %wait    %CPU   CPU  Command
10:53:05 AM 100998   3364673    0.00    0.00    0.00    0.00    0.00    10  postgres
10:53:05 AM 100998   3364674    0.00    0.00    0.00    0.00    0.00    12  postgres
10:53:05 AM 100998   3364676    0.00    0.00    0.00    0.00    0.00    14  postgres
10:53:05 AM 100998   3364677    0.00    0.00    0.00    0.00    0.00    12  postgres
10:53:05 AM 100998   3365580    2.00    2.00    0.00    0.00    4.00    14  postgres
10:53:05 AM 100998   3365606    2.00    2.00    0.00    0.00    4.00    10  postgres
10:53:05 AM 100998   3365607    2.00    2.00    0.00    0.00    4.00    12  postgres
10:53:05 AM 100998   3365608    3.00    1.00    0.00    0.00    4.00    10  postgres
10:53:05 AM 100998   3365609    1.00    1.00    0.00    0.00    2.00    14  postgres
10:53:05 AM 100998   3365611    1.00    1.00    0.00    0.00    2.00    12  postgres
10:53:05 AM 100998   3365612    1.00    1.00    0.00    0.00    2.00    12  postgres
10:53:05 AM 100998   3365613    1.00    1.00    0.00    0.00    2.00    12  postgres
10:53:05 AM 100998   3365615    1.00    2.00    0.00    0.00    3.00    12  postgres
10:53:05 AM 100998   3365616    2.00    1.00    0.00    0.00    3.00    14  postgres

10:53:05 AM   UID       PID    %usr %system  %guest   %wait    %CPU   CPU  Command
10:53:06 AM 100998   3364673    0.00    0.00    0.00    0.00    0.00    10  postgres
10:53:06 AM 100998   3364674    0.00    0.00    0.00    0.00    0.00    12  postgres
10:53:06 AM 100998   3364676    0.00    0.00    0.00    0.00    0.00    14  postgres
10:53:06 AM 100998   3364677    0.00    0.00    0.00    0.00    0.00    12  postgres
10:53:06 AM 100998   3365580    2.00    1.00    0.00    0.00    3.00    12  postgres
10:53:06 AM 100998   3365606    3.00    1.00    0.00    0.00    4.00    10  postgres
10:53:06 AM 100998   3365607    1.00    1.00    0.00    0.00    2.00    14  postgres
10:53:06 AM 100998   3365608    1.00    1.00    0.00    0.00    2.00    10  postgres
10:53:06 AM 100998   3365609    3.00    2.00    0.00    0.00    5.00    12  postgres
10:53:06 AM 100998   3365611    2.00    2.00    0.00    0.00    4.00    14  postgres
10:53:06 AM 100998   3365612    2.00    2.00    0.00    0.00    4.00    10  postgres
10:53:06 AM 100998   3365613    2.00    1.00    0.00    0.00    3.00    14  postgres
10:53:06 AM 100998   3365615    2.00    1.00    0.00    0.00    3.00    12  postgres
10:53:06 AM 100998   3365616    3.00    2.00    0.00    0.00    5.00    10  postgres

10:53:06 AM   UID       PID    %usr %system  %guest   %wait    %CPU   CPU  Command
10:53:07 AM 100998   3364673    0.00    0.00    0.00    0.00    0.00    10  postgres
10:53:07 AM 100998   3364674    0.00    0.00    0.00    0.00    0.00    12  postgres
10:53:07 AM 100998   3364676    0.00    0.00    0.00    0.00    0.00    14  postgres
10:53:07 AM 100998   3364677    0.00    0.00    0.00    0.00    0.00    12  postgres
10:53:07 AM 100998   3365580    3.00    2.00    0.00    0.00    5.00    10  postgres
10:53:07 AM 100998   3365606    2.00    2.00    0.00    0.00    4.00    14  postgres
10:53:07 AM 100998   3365607    2.00    2.00    0.00    0.00    4.00    12  postgres
10:53:07 AM 100998   3365608    2.00    2.00    0.00    0.00    4.00    14  postgres
10:53:07 AM 100998   3365609    2.00    1.00    0.00    0.00    3.00    14  postgres
10:53:07 AM 100998   3365611    2.00    1.00    0.00    0.00    3.00    10  postgres
10:53:07 AM 100998   3365612    1.00    1.00    0.00    0.00    2.00    12  postgres
10:53:07 AM 100998   3365613    1.00    2.00    0.00    0.00    3.00    10  postgres
10:53:07 AM 100998   3365615    2.00    2.00    0.00    0.00    4.00    14  postgres
10:53:07 AM 100998   3365616    1.00    0.00    0.00    0.00    1.00    12  postgres

10:53:07 AM   UID       PID    %usr %system  %guest   %wait    %CPU   CPU  Command
10:53:08 AM 100998   3364673    0.00    0.00    0.00    0.00    0.00    10  postgres
10:53:08 AM 100998   3364674    0.00    0.00    0.00    0.00    0.00    10  postgres
10:53:08 AM 100998   3364676    0.00    0.00    0.00    0.00    0.00    14  postgres
10:53:08 AM 100998   3364677    0.00    0.00    0.00    0.00    0.00    12  postgres
10:53:08 AM 100998   3365580    2.00    1.00    0.00    0.00    3.00    14  postgres
10:53:08 AM 100998   3365606    2.00    1.00    0.00    0.00    3.00    12  postgres
10:53:08 AM 100998   3365607    3.00    1.00    0.00    0.00    4.00    12  postgres
10:53:08 AM 100998   3365608    2.00    0.00    0.00    0.00    2.00    10  postgres
10:53:08 AM 100998   3365609    2.00    1.00    0.00    0.00    3.00    12  postgres
10:53:08 AM 100998   3365611    3.00    1.00    0.00    0.00    4.00    10  postgres
10:53:08 AM 100998   3365612    2.00    0.00    0.00    0.00    2.00    14  postgres
10:53:08 AM 100998   3365613    2.00    1.00    0.00    0.00    3.00    14  postgres
10:53:08 AM 100998   3365615    2.00    1.00    0.00    0.00    3.00    14  postgres
10:53:08 AM 100998   3365616    2.00    1.00    0.00    0.00    3.00    14  postgres

10:53:08 AM   UID       PID    %usr %system  %guest   %wait    %CPU   CPU  Command
10:53:09 AM 100998   3364673    0.00    0.00    0.00    0.00    0.00    10  postgres
10:53:09 AM 100998   3364674    0.00    0.00    0.00    0.00    0.00    10  postgres
10:53:09 AM 100998   3364676    0.00    0.00    0.00    0.00    0.00    14  postgres
10:53:09 AM 100998   3364677    0.00    0.00    0.00    0.00    0.00    12  postgres
10:53:09 AM 100998   3365580    2.00    1.00    0.00    0.00    3.00    10  postgres
10:53:09 AM 100998   3365606    3.00    2.00    0.00    0.00    5.00    14  postgres
10:53:09 AM 100998   3365607    1.00    1.00    0.00    0.00    2.00    12  postgres
10:53:09 AM 100998   3365608    2.00    2.00    0.00    0.00    4.00    12  postgres
10:53:09 AM 100998   3365609    3.00    2.00    0.00    0.00    5.00    10  postgres
10:53:09 AM 100998   3365611    2.00    2.00    0.00    0.00    4.00    14  postgres
10:53:09 AM 100998   3365612    1.00    1.00    0.00    0.00    2.00    12  postgres
10:53:09 AM 100998   3365613    2.00    1.00    0.00    0.00    3.00    12  postgres
10:53:09 AM 100998   3365615    3.00    1.00    0.00    0.00    4.00    10  postgres
10:53:09 AM 100998   3365616    2.00    1.00    0.00    0.00    3.00    12  postgres

10:53:09 AM   UID       PID    %usr %system  %guest   %wait    %CPU   CPU  Command
10:53:10 AM 100998   3364673    0.00    0.00    0.00    0.00    0.00    10  postgres
10:53:10 AM 100998   3364674    0.00    0.00    0.00    0.00    0.00    10  postgres
10:53:10 AM 100998   3364676    0.00    0.00    0.00    0.00    0.00    14  postgres
10:53:10 AM 100998   3364677    0.00    0.00    0.00    0.00    0.00    12  postgres
10:53:10 AM 100998   3365580    2.00    2.00    0.00    0.00    4.00    14  postgres
10:53:10 AM 100998   3365606    2.00    1.00    0.00    0.00    3.00    10  postgres
10:53:10 AM 100998   3365607    2.00    1.00    0.00    0.00    3.00    10  postgres
10:53:10 AM 100998   3365608    2.00    2.00    0.00    0.00    4.00    12  postgres
10:53:10 AM 100998   3365609    2.00    1.00    0.00    0.00    3.00    14  postgres
10:53:10 AM 100998   3365611    2.00    1.00    0.00    0.00    3.00    10  postgres
10:53:10 AM 100998   3365612    3.00    2.00    0.00    0.00    5.00    12  postgres
10:53:10 AM 100998   3365613    1.00    1.00    0.00    0.00    2.00    14  postgres
10:53:10 AM 100998   3365615    1.00    2.00    0.00    0.00    3.00    10  postgres
10:53:10 AM 100998   3365616    1.00    2.00    0.00    0.00    3.00    10  postgres

10:53:10 AM   UID       PID    %usr %system  %guest   %wait    %CPU   CPU  Command
10:53:11 AM 100998   3364673    0.00    0.00    0.00    0.00    0.00    10  postgres
10:53:11 AM 100998   3364674    0.00    0.00    0.00    0.00    0.00    14  postgres
10:53:11 AM 100998   3364676    0.00    0.00    0.00    0.00    0.00    14  postgres
10:53:11 AM 100998   3364677    0.00    0.00    0.00    0.00    0.00    12  postgres
10:53:11 AM 100998   3365580    3.00    2.00    0.00    0.00    5.00    12  postgres
10:53:11 AM 100998   3365606    1.00    1.00    0.00    0.00    2.00    14  postgres
10:53:11 AM 100998   3365607    2.00    1.00    0.00    0.00    3.00    10  postgres
10:53:11 AM 100998   3365608    1.00    2.00    0.00    0.00    3.00    14  postgres
10:53:11 AM 100998   3365609    2.00    1.00    0.00    0.00    3.00    10  postgres
10:53:11 AM 100998   3365611    2.00    1.00    0.00    0.00    3.00    12  postgres
10:53:11 AM 100998   3365612    2.00    1.00    0.00    0.00    3.00    10  postgres
10:53:11 AM 100998   3365613    2.00    2.00    0.00    0.00    4.00    10  postgres
10:53:11 AM 100998   3365615    3.00    1.00    0.00    0.00    4.00    14  postgres
10:53:11 AM 100998   3365616    2.00    1.00    0.00    0.00    3.00    10  postgres

10:53:11 AM   UID       PID    %usr %system  %guest   %wait    %CPU   CPU  Command
10:53:12 AM 100998   3364673    0.00    0.00    0.00    0.00    0.00    10  postgres
10:53:12 AM 100998   3364674    0.00    0.00    0.00    0.00    0.00    14  postgres
10:53:12 AM 100998   3364676    0.00    0.00    0.00    0.00    0.00    14  postgres
10:53:12 AM 100998   3364677    0.00    0.00    0.00    0.00    0.00    12  postgres
10:53:12 AM 100998   3365580    2.00    1.00    0.00    0.00    3.00    10  postgres
10:53:12 AM 100998   3365606    1.00    1.00    0.00    0.00    2.00    14  postgres
10:53:12 AM 100998   3365607    2.00    2.00    0.00    0.00    4.00    10  postgres
10:53:12 AM 100998   3365608    3.00    2.00    0.00    0.00    5.00    10  postgres
10:53:12 AM 100998   3365609    1.00    1.00    0.00    0.00    2.00    12  postgres
10:53:12 AM 100998   3365611    2.00    2.00    0.00    0.00    4.00    14  postgres
10:53:12 AM 100998   3365612    2.00    2.00    0.00    0.00    4.00    12  postgres
10:53:12 AM 100998   3365613    3.00    1.00    0.00    0.00    4.00    14  postgres
10:53:12 AM 100998   3365615    1.00    2.00    0.00    0.00    3.00    12  postgres
10:53:12 AM 100998   3365616    1.00    1.00    0.00    0.00    2.00    12  postgres

10:53:12 AM   UID       PID    %usr %system  %guest   %wait    %CPU   CPU  Command
10:53:13 AM 100998   3364673    0.00    0.00    0.00    0.00    0.00    10  postgres
10:53:13 AM 100998   3364674    0.00    0.00    0.00    0.00    0.00    14  postgres
10:53:13 AM 100998   3364676    0.00    0.00    0.00    0.00    0.00    14  postgres
10:53:13 AM 100998   3364677    0.00    0.00    0.00    0.00    0.00    12  postgres
10:53:13 AM 100998   3365580    3.00    3.00    0.00    0.00    6.00    10  postgres
10:53:13 AM 100998   3365606    3.00    2.00    0.00    0.00    5.00    14  postgres
10:53:13 AM 100998   3365607    1.00    1.00    0.00    0.00    2.00    10  postgres
10:53:13 AM 100998   3365608    2.00    1.00    0.00    0.00    3.00    10  postgres
10:53:13 AM 100998   3365609    2.00    2.00    0.00    0.00    4.00    14  postgres
10:53:13 AM 100998   3365611    2.00    2.00    0.00    0.00    4.00    14  postgres
10:53:13 AM 100998   3365612    2.00    2.00    0.00    0.00    4.00    14  postgres
10:53:13 AM 100998   3365613    1.00    2.00    0.00    0.00    3.00    14  postgres
10:53:13 AM 100998   3365615    2.00    1.00    0.00    0.00    3.00    12  postgres
10:53:13 AM 100998   3365616    0.00    2.00    0.00    0.00    2.00    10  postgres

10:53:13 AM   UID       PID    %usr %system  %guest   %wait    %CPU   CPU  Command
10:53:14 AM 100998   3364673    0.00    0.00    0.00    0.00    0.00    10  postgres
10:53:14 AM 100998   3364674    0.00    0.00    0.00    0.00    0.00    14  postgres
10:53:14 AM 100998   3364676    0.00    0.00    0.00    0.00    0.00    14  postgres
10:53:14 AM 100998   3364677    0.00    0.00    0.00    0.00    0.00    12  postgres
10:53:14 AM 100998   3365580    1.00    0.00    0.00    0.00    1.00    12  postgres
10:53:14 AM 100998   3365606    2.00    1.00    0.00    0.00    3.00    14  postgres
10:53:14 AM 100998   3365607    2.00    1.00    0.00    0.00    3.00    12  postgres
10:53:14 AM 100998   3365608    4.00    1.00    0.00    0.00    5.00    12  postgres
10:53:14 AM 100998   3365609    3.00    2.00    0.00    0.00    5.00    12  postgres
10:53:14 AM 100998   3365611    2.00    1.00    0.00    0.00    3.00    12  postgres
10:53:14 AM 100998   3365612    3.00    1.00    0.00    0.00    4.00    10  postgres
10:53:14 AM 100998   3365613    2.00    1.00    0.00    0.00    3.00    10  postgres
10:53:14 AM 100998   3365615    2.00    1.00    0.00    0.00    3.00    12  postgres
10:53:14 AM 100998   3365616    2.00    1.00    0.00    0.00    3.00    14  postgres

10:53:14 AM   UID       PID    %usr %system  %guest   %wait    %CPU   CPU  Command
10:53:15 AM 100998   3364673    0.00    0.00    0.00    0.00    0.00    10  postgres
10:53:15 AM 100998   3364674    0.00    0.00    0.00    0.00    0.00    14  postgres
10:53:15 AM 100998   3364676    0.00    0.00    0.00    0.00    0.00    14  postgres
10:53:15 AM 100998   3364677    0.00    0.00    0.00    0.00    0.00    12  postgres
10:53:15 AM 100998   3365580    2.00    2.00    0.00    0.00    4.00    10  postgres
10:53:15 AM 100998   3365606    2.00    2.00    0.00    0.00    4.00    12  postgres
10:53:15 AM 100998   3365607    2.00    1.00    0.00    0.00    3.00    14  postgres
10:53:15 AM 100998   3365608    2.00    2.00    0.00    0.00    4.00    10  postgres
10:53:15 AM 100998   3365609    2.00    1.00    0.00    0.00    3.00    12  postgres
10:53:15 AM 100998   3365611    3.00    1.00    0.00    0.00    4.00    14  postgres
10:53:15 AM 100998   3365612    3.00    2.00    0.00    0.00    5.00    14  postgres
10:53:15 AM 100998   3365613    2.00    1.00    0.00    0.00    3.00    10  postgres
10:53:15 AM 100998   3365615    2.00    1.00    0.00    0.00    3.00    10  postgres
10:53:15 AM 100998   3365616    1.00    1.00    0.00    0.00    2.00    10  postgres

10:53:15 AM   UID       PID    %usr %system  %guest   %wait    %CPU   CPU  Command
10:53:16 AM 100998   3364673    0.00    0.00    0.00    0.00    0.00    10  postgres
10:53:16 AM 100998   3364674    0.00    0.00    0.00    0.00    0.00    14  postgres
10:53:16 AM 100998   3364676    0.00    0.00    0.00    0.00    0.00    14  postgres
10:53:16 AM 100998   3364677    0.00    0.00    0.00    0.00    0.00    12  postgres
10:53:16 AM 100998   3365580    3.00    2.00    0.00    0.00    5.00    10  postgres
10:53:16 AM 100998   3365606    3.00    2.00    0.00    0.00    5.00    10  postgres
10:53:16 AM 100998   3365607    1.00    1.00    0.00    0.00    2.00    14  postgres
10:53:16 AM 100998   3365608    1.00    1.00    0.00    0.00    2.00    14  postgres
10:53:16 AM 100998   3365609    2.00    1.00    0.00    0.00    3.00    14  postgres
10:53:16 AM 100998   3365611    1.00    1.00    0.00    0.00    2.00    12  postgres
10:53:16 AM 100998   3365612    2.00    2.00    0.00    0.00    4.00    12  postgres
10:53:16 AM 100998   3365613    1.00    2.00    0.00    0.00    3.00    10  postgres
10:53:16 AM 100998   3365615    3.00    2.00    0.00    0.00    5.00    10  postgres
10:53:16 AM 100998   3365616    2.00    1.00    0.00    0.00    3.00    14  postgres

10:53:16 AM   UID       PID    %usr %system  %guest   %wait    %CPU   CPU  Command
10:53:17 AM 100998   3364673    0.00    0.00    0.00    0.00    0.00    10  postgres
10:53:17 AM 100998   3364674    0.00    0.00    0.00    0.00    0.00    12  postgres
10:53:17 AM 100998   3364676    0.00    0.00    0.00    0.00    0.00    14  postgres
10:53:17 AM 100998   3364677    0.00    0.00    0.00    0.00    0.00    12  postgres
10:53:17 AM 100998   3365580    3.00    2.00    0.00    0.00    5.00    12  postgres
10:53:17 AM 100998   3365606    3.00    1.00    0.00    0.00    4.00    10  postgres
10:53:17 AM 100998   3365607    2.00    2.00    0.00    0.00    4.00    10  postgres
10:53:17 AM 100998   3365608    3.00    1.00    0.00    0.00    4.00    10  postgres
10:53:17 AM 100998   3365609    1.00    3.00    0.00    0.00    4.00    14  postgres
10:53:17 AM 100998   3365611    2.00    2.00    0.00    0.00    4.00    14  postgres
10:53:17 AM 100998   3365612    2.00    2.00    0.00    0.00    4.00    10  postgres
10:53:17 AM 100998   3365613    2.00    1.00    0.00    0.00    3.00    14  postgres
10:53:17 AM 100998   3365615    2.00    1.00    0.00    0.00    3.00    12  postgres
10:53:17 AM 100998   3365616    2.00    1.00    0.00    0.00    3.00    14  postgres

10:53:17 AM   UID       PID    %usr %system  %guest   %wait    %CPU   CPU  Command
10:53:18 AM 100998   3364673    0.00    0.00    0.00    0.00    0.00    10  postgres
10:53:18 AM 100998   3364674    0.00    0.00    0.00    0.00    0.00    10  postgres
10:53:18 AM 100998   3364676    0.00    0.00    0.00    0.00    0.00    14  postgres
10:53:18 AM 100998   3364677    0.00    0.00    0.00    0.00    0.00    12  postgres
10:53:18 AM 100998   3365580    3.00    2.00    0.00    0.00    5.00    12  postgres
10:53:18 AM 100998   3365606    3.00    2.00    0.00    0.00    5.00    14  postgres
10:53:18 AM 100998   3365607    2.00    2.00    0.00    0.00    4.00    10  postgres
10:53:18 AM 100998   3365608    1.00    2.00    0.00    0.00    3.00    10  postgres
10:53:18 AM 100998   3365609    2.00    2.00    0.00    0.00    4.00    10  postgres
10:53:18 AM 100998   3365611    2.00    1.00    0.00    0.00    3.00    12  postgres
10:53:18 AM 100998   3365612    2.00    1.00    0.00    0.00    3.00    12  postgres
10:53:18 AM 100998   3365613    1.00    0.00    0.00    0.00    1.00    14  postgres
10:53:18 AM 100998   3365615    1.00    1.00    0.00    0.00    2.00    10  postgres
10:53:18 AM 100998   3365616    1.00    0.00    0.00    0.00    1.00    10  postgres

10:53:18 AM   UID       PID    %usr %system  %guest   %wait    %CPU   CPU  Command
10:53:19 AM 100998   3364673    0.00    0.00    0.00    0.00    0.00    10  postgres
10:53:19 AM 100998   3364674    0.00    0.00    0.00    0.00    0.00    12  postgres
10:53:19 AM 100998   3364676    0.00    0.00    0.00    0.00    0.00    14  postgres
10:53:19 AM 100998   3364677    0.00    0.00    0.00    0.00    0.00    12  postgres
10:53:19 AM 100998   3365580    2.00    1.00    0.00    0.00    3.00    14  postgres
10:53:19 AM 100998   3365606    2.00    1.00    0.00    0.00    3.00    10  postgres
10:53:19 AM 100998   3365607    2.00    1.00    0.00    0.00    3.00    14  postgres
10:53:19 AM 100998   3365608    3.00    1.00    0.00    0.00    4.00    10  postgres
10:53:19 AM 100998   3365609    2.00    2.00    0.00    0.00    4.00    10  postgres
10:53:19 AM 100998   3365611    1.00    1.00    0.00    0.00    2.00    12  postgres
10:53:19 AM 100998   3365612    1.00    1.00    0.00    0.00    2.00    12  postgres
10:53:19 AM 100998   3365613    2.00    1.00    0.00    0.00    3.00    12  postgres
10:53:19 AM 100998   3365615    2.00    1.00    0.00    0.00    3.00    14  postgres
10:53:19 AM 100998   3365616    2.00    2.00    0.00    0.00    4.00    10  postgres

10:53:19 AM   UID       PID    %usr %system  %guest   %wait    %CPU   CPU  Command
10:53:20 AM 100998   3364673    0.00    0.00    0.00    0.00    0.00    10  postgres
10:53:20 AM 100998   3364674    0.00    0.00    0.00    0.00    0.00    14  postgres
10:53:20 AM 100998   3364676    0.00    0.00    0.00    0.00    0.00    14  postgres
10:53:20 AM 100998   3364677    0.00    0.00    0.00    0.00    0.00    12  postgres
10:53:20 AM 100998   3365580    2.00    2.00    0.00    0.00    4.00    14  postgres
10:53:20 AM 100998   3365606    2.00    2.00    0.00    0.00    4.00    12  postgres
10:53:20 AM 100998   3365607    3.00    2.00    0.00    0.00    5.00    14  postgres
10:53:20 AM 100998   3365608    3.00    2.00    0.00    0.00    5.00    12  postgres
10:53:20 AM 100998   3365609    3.00    1.00    0.00    0.00    4.00    14  postgres
10:53:20 AM 100998   3365611    2.00    1.00    0.00    0.00    3.00    10  postgres
10:53:20 AM 100998   3365612    2.00    1.00    0.00    0.00    3.00    12  postgres
10:53:20 AM 100998   3365613    1.00    2.00    0.00    0.00    3.00    14  postgres
10:53:20 AM 100998   3365615    2.00    1.00    0.00    0.00    3.00    10  postgres
10:53:20 AM 100998   3365616    2.00    1.00    0.00    0.00    3.00    12  postgres

10:53:20 AM   UID       PID    %usr %system  %guest   %wait    %CPU   CPU  Command
10:53:21 AM 100998   3364673    0.00    0.00    0.00    0.00    0.00    10  postgres
10:53:21 AM 100998   3364674    0.00    0.00    0.00    0.00    0.00    14  postgres
10:53:21 AM 100998   3364676    0.00    0.00    0.00    0.00    0.00    14  postgres
10:53:21 AM 100998   3364677    0.00    0.00    0.00    0.00    0.00    12  postgres
10:53:21 AM 100998   3365580    2.00    1.00    0.00    0.00    3.00    12  postgres
10:53:21 AM 100998   3365606    4.00    1.00    0.00    0.00    5.00    14  postgres
10:53:21 AM 100998   3365607    3.00    2.00    0.00    0.00    5.00    10  postgres
10:53:21 AM 100998   3365608    3.00    2.00    0.00    0.00    5.00    12  postgres
10:53:21 AM 100998   3365609    1.00    1.00    0.00    0.00    2.00    10  postgres
10:53:21 AM 100998   3365611    2.00    1.00    0.00    0.00    3.00    10  postgres
10:53:21 AM 100998   3365612    1.00    1.00    0.00    0.00    2.00    12  postgres
10:53:21 AM 100998   3365613    1.00    1.00    0.00    0.00    2.00    14  postgres
10:53:21 AM 100998   3365615    1.00    1.00    0.00    0.00    2.00    14  postgres
10:53:21 AM 100998   3365616    1.00    1.00    0.00    0.00    2.00    12  postgres

10:53:21 AM   UID       PID    %usr %system  %guest   %wait    %CPU   CPU  Command
10:53:22 AM 100998   3364673    0.00    0.00    0.00    0.00    0.00    10  postgres
10:53:22 AM 100998   3364674    0.00    0.00    0.00    0.00    0.00    14  postgres
10:53:22 AM 100998   3364676    0.00    0.00    0.00    0.00    0.00    14  postgres
10:53:22 AM 100998   3364677    0.00    0.00    0.00    0.00    0.00    12  postgres
10:53:22 AM 100998   3365580    2.00    1.00    0.00    0.00    3.00    10  postgres
10:53:22 AM 100998   3365606    1.00    2.00    0.00    0.00    3.00    10  postgres
10:53:22 AM 100998   3365607    4.00    2.00    0.00    0.00    6.00    10  postgres
10:53:22 AM 100998   3365608    2.00    1.00    0.00    0.00    3.00    12  postgres
10:53:22 AM 100998   3365609    3.00    2.00    0.00    0.00    5.00    10  postgres
10:53:22 AM 100998   3365611    3.00    1.00    0.00    0.00    4.00    14  postgres
10:53:22 AM 100998   3365612    3.00    2.00    0.00    0.00    5.00    14  postgres
10:53:22 AM 100998   3365613    4.00    1.00    0.00    0.00    5.00    10  postgres
10:53:22 AM 100998   3365615    2.00    1.00    0.00    0.00    3.00    12  postgres
10:53:22 AM 100998   3365616    2.00    1.00    0.00    0.00    3.00    12  postgres

10:53:22 AM   UID       PID    %usr %system  %guest   %wait    %CPU   CPU  Command
10:53:23 AM 100998   3364673    0.00    0.00    0.00    0.00    0.00    10  postgres
10:53:23 AM 100998   3364674    0.00    0.00    0.00    0.00    0.00    12  postgres
10:53:23 AM 100998   3364676    0.00    0.00    0.00    0.00    0.00    14  postgres
10:53:23 AM 100998   3364677    0.00    0.00    0.00    0.00    0.00    12  postgres
10:53:23 AM 100998   3365580    2.00    2.00    0.00    0.00    4.00    10  postgres
10:53:23 AM 100998   3365606    1.00    1.00    0.00    0.00    2.00    10  postgres
10:53:23 AM 100998   3365607    2.00    2.00    0.00    0.00    4.00    12  postgres
10:53:23 AM 100998   3365608    2.00    2.00    0.00    0.00    4.00    12  postgres
10:53:23 AM 100998   3365609    3.00    2.00    0.00    0.00    5.00    12  postgres
10:53:23 AM 100998   3365611    2.00    2.00    0.00    0.00    4.00    10  postgres
10:53:23 AM 100998   3365612    3.00    2.00    0.00    0.00    5.00    14  postgres
10:53:23 AM 100998   3365613    2.00    1.00    0.00    0.00    3.00    14  postgres
10:53:23 AM 100998   3365615    2.00    1.00    0.00    0.00    3.00    10  postgres
10:53:23 AM 100998   3365616    2.00    1.00    0.00    0.00    3.00    10  postgres

10:53:23 AM   UID       PID    %usr %system  %guest   %wait    %CPU   CPU  Command
10:53:24 AM 100998   3364673    0.00    0.00    0.00    0.00    0.00    10  postgres
10:53:24 AM 100998   3364674    0.00    0.00    0.00    0.00    0.00    12  postgres
10:53:24 AM 100998   3364676    0.00    0.00    0.00    0.00    0.00    14  postgres
10:53:24 AM 100998   3364677    0.00    0.00    0.00    0.00    0.00    12  postgres
10:53:24 AM 100998   3365580    2.00    1.00    0.00    0.00    3.00    14  postgres
10:53:24 AM 100998   3365606    3.00    2.00    0.00    0.00    5.00    10  postgres
10:53:24 AM 100998   3365607    2.00    1.00    0.00    0.00    3.00    12  postgres
10:53:24 AM 100998   3365608    2.00    2.00    0.00    0.00    4.00    10  postgres
10:53:24 AM 100998   3365609    2.00    0.00    0.00    0.00    2.00    12  postgres
10:53:24 AM 100998   3365611    2.00    1.00    0.00    0.00    3.00    14  postgres
10:53:24 AM 100998   3365612    3.00    1.00    0.00    0.00    4.00    12  postgres
10:53:24 AM 100998   3365613    2.00    2.00    0.00    0.00    4.00    12  postgres
10:53:24 AM 100998   3365615    3.00    2.00    0.00    0.00    5.00    12  postgres
10:53:24 AM 100998   3365616    3.00    1.00    0.00    0.00    4.00    10  postgres

10:53:24 AM   UID       PID    %usr %system  %guest   %wait    %CPU   CPU  Command
10:53:25 AM 100998   3364673    0.00    0.00    0.00    0.00    0.00    10  postgres
10:53:25 AM 100998   3364674    0.00    0.00    0.00    0.00    0.00    12  postgres
10:53:25 AM 100998   3364676    0.00    0.00    0.00    0.00    0.00    14  postgres
10:53:25 AM 100998   3364677    0.00    0.00    0.00    0.00    0.00    12  postgres
10:53:25 AM 100998   3365580    2.00    1.00    0.00    0.00    3.00    10  postgres
10:53:25 AM 100998   3365606    3.00    2.00    0.00    0.00    5.00    14  postgres
10:53:25 AM 100998   3365607    2.00    1.00    0.00    0.00    3.00    12  postgres
10:53:25 AM 100998   3365608    3.00    1.00    0.00    0.00    4.00    12  postgres
10:53:25 AM 100998   3365609    1.00    2.00    0.00    0.00    3.00    10  postgres
10:53:25 AM 100998   3365611    2.00    1.00    0.00    0.00    3.00    10  postgres
10:53:25 AM 100998   3365612    2.00    2.00    0.00    0.00    4.00    14  postgres
10:53:25 AM 100998   3365613    1.00    1.00    0.00    0.00    2.00    10  postgres
10:53:25 AM 100998   3365615    1.00    2.00    0.00    0.00    3.00    12  postgres
10:53:25 AM 100998   3365616    1.00    1.00    0.00    0.00    2.00    10  postgres

10:53:25 AM   UID       PID    %usr %system  %guest   %wait    %CPU   CPU  Command
10:53:26 AM 100998   3364673    0.00    0.00    0.00    0.00    0.00    10  postgres
10:53:26 AM 100998   3364674    0.00    0.00    0.00    0.00    0.00    12  postgres
10:53:26 AM 100998   3364676    0.00    0.00    0.00    0.00    0.00    14  postgres
10:53:26 AM 100998   3364677    0.00    0.00    0.00    0.00    0.00    12  postgres
10:53:26 AM 100998   3365580    3.00    2.00    0.00    0.00    5.00    10  postgres
10:53:26 AM 100998   3365606    1.00    1.00    0.00    0.00    2.00    10  postgres
10:53:26 AM 100998   3365607    1.00    1.00    0.00    0.00    2.00    12  postgres
10:53:26 AM 100998   3365608    2.00    2.00    0.00    0.00    4.00    12  postgres
10:53:26 AM 100998   3365609    2.00    2.00    0.00    0.00    4.00    10  postgres
10:53:26 AM 100998   3365611    2.00    1.00    0.00    0.00    3.00    10  postgres
10:53:26 AM 100998   3365612    2.00    1.00    0.00    0.00    3.00    12  postgres
10:53:26 AM 100998   3365613    2.00    1.00    0.00    0.00    3.00    12  postgres
10:53:26 AM 100998   3365615    2.00    1.00    0.00    0.00    3.00    14  postgres
10:53:26 AM 100998   3365616    2.00    2.00    0.00    0.00    4.00    12  postgres

10:53:26 AM   UID       PID    %usr %system  %guest   %wait    %CPU   CPU  Command
10:53:27 AM 100998   3364673    0.00    0.00    0.00    0.00    0.00    10  postgres
10:53:27 AM 100998   3364674    0.00    0.00    0.00    0.00    0.00    12  postgres
10:53:27 AM 100998   3364676    0.00    0.00    0.00    0.00    0.00    14  postgres
10:53:27 AM 100998   3364677    0.00    0.00    0.00    0.00    0.00    12  postgres
10:53:27 AM 100998   3365580    3.00    2.00    0.00    0.00    5.00    14  postgres
10:53:27 AM 100998   3365606    2.00    3.00    0.00    0.00    5.00    10  postgres
10:53:27 AM 100998   3365607    2.00    2.00    0.00    0.00    4.00    10  postgres
10:53:27 AM 100998   3365608    2.00    1.00    0.00    0.00    3.00    10  postgres
10:53:27 AM 100998   3365609    3.00    1.00    0.00    0.00    4.00    14  postgres
10:53:27 AM 100998   3365611    2.00    2.00    0.00    0.00    4.00    12  postgres
10:53:27 AM 100998   3365612    2.00    1.00    0.00    0.00    3.00    10  postgres
10:53:27 AM 100998   3365613    2.00    1.00    0.00    0.00    3.00    14  postgres
10:53:27 AM 100998   3365615    2.00    1.00    0.00    0.00    3.00    12  postgres
10:53:27 AM 100998   3365616    1.00    1.00    0.00    0.00    2.00    12  postgres

10:53:27 AM   UID       PID    %usr %system  %guest   %wait    %CPU   CPU  Command
10:53:28 AM 100998   3364673    0.00    0.00    0.00    0.00    0.00    10  postgres
10:53:28 AM 100998   3364674    0.00    0.00    0.00    0.00    0.00    10  postgres
10:53:28 AM 100998   3364676    0.00    0.00    0.00    0.00    0.00    14  postgres
10:53:28 AM 100998   3364677    0.00    0.00    0.00    0.00    0.00    12  postgres
10:53:28 AM 100998   3365580    3.00    2.00    0.00    0.00    5.00    12  postgres
10:53:28 AM 100998   3365606    4.00    1.00    0.00    0.00    5.00    12  postgres
10:53:28 AM 100998   3365607    4.00    2.00    0.00    0.00    6.00    12  postgres
10:53:28 AM 100998   3365608    3.00    2.00    0.00    0.00    5.00    14  postgres
10:53:28 AM 100998   3365609    1.00    1.00    0.00    0.00    2.00    10  postgres
10:53:28 AM 100998   3365611    2.00    2.00    0.00    0.00    4.00    10  postgres
10:53:28 AM 100998   3365612    1.00    2.00    0.00    0.00    3.00    10  postgres
10:53:28 AM 100998   3365613    3.00    1.00    0.00    0.00    4.00    14  postgres
10:53:28 AM 100998   3365615    3.00    1.00    0.00    0.00    4.00    12  postgres
10:53:28 AM 100998   3365616    2.00    1.00    0.00    0.00    3.00    12  postgres

10:53:28 AM   UID       PID    %usr %system  %guest   %wait    %CPU   CPU  Command
10:53:29 AM 100998   3364673    0.00    0.00    0.00    0.00    0.00    10  postgres
10:53:29 AM 100998   3364674    0.00    0.00    0.00    0.00    0.00    12  postgres
10:53:29 AM 100998   3364676    0.00    0.00    0.00    0.00    0.00    14  postgres
10:53:29 AM 100998   3364677    0.00    0.00    0.00    0.00    0.00    12  postgres
10:53:29 AM 100998   3365580    2.00    2.00    0.00    0.00    4.00    12  postgres
10:53:29 AM 100998   3365606    2.00    2.00    0.00    0.00    4.00    12  postgres
10:53:29 AM 100998   3365607    2.00    2.00    0.00    0.00    4.00    12  postgres
10:53:29 AM 100998   3365608    3.00    2.00    0.00    0.00    5.00    10  postgres
10:53:29 AM 100998   3365609    3.00    2.00    0.00    0.00    5.00    12  postgres
10:53:29 AM 100998   3365611    2.00    1.00    0.00    0.00    3.00    12  postgres
10:53:29 AM 100998   3365612    2.00    2.00    0.00    0.00    4.00    12  postgres
10:53:29 AM 100998   3365613    1.00    1.00    0.00    0.00    2.00    14  postgres
10:53:29 AM 100998   3365615    2.00    2.00    0.00    0.00    4.00    14  postgres
10:53:29 AM 100998   3365616    2.00    1.00    0.00    0.00    3.00    10  postgres

10:53:29 AM   UID       PID    %usr %system  %guest   %wait    %CPU   CPU  Command
10:53:30 AM 100998   3364673    0.00    0.00    0.00    0.00    0.00    10  postgres
10:53:30 AM 100998   3364674    0.00    0.00    0.00    0.00    0.00    12  postgres
10:53:30 AM 100998   3364676    0.00    0.00    0.00    0.00    0.00    14  postgres
10:53:30 AM 100998   3364677    0.00    0.00    0.00    0.00    0.00    12  postgres
10:53:30 AM 100998   3365580    2.00    2.00    0.00    0.00    4.00    14  postgres
10:53:30 AM 100998   3365606    3.00    2.00    0.00    0.00    5.00    14  postgres
10:53:30 AM 100998   3365607    3.00    2.00    0.00    0.00    5.00    12  postgres
10:53:30 AM 100998   3365608    3.00    2.00    0.00    0.00    5.00    12  postgres
10:53:30 AM 100998   3365609    2.00    1.00    0.00    0.00    3.00    10  postgres
10:53:30 AM 100998   3365611    2.00    2.00    0.00    0.00    4.00    10  postgres
10:53:30 AM 100998   3365612    3.00    1.00    0.00    0.00    4.00    14  postgres
10:53:30 AM 100998   3365613    2.00    1.00    0.00    0.00    3.00    12  postgres
10:53:30 AM 100998   3365615    3.00    1.00    0.00    0.00    4.00    12  postgres
10:53:30 AM 100998   3365616    2.00    2.00    0.00    0.00    4.00    10  postgres

10:53:30 AM   UID       PID    %usr %system  %guest   %wait    %CPU   CPU  Command
10:53:31 AM 100998   3364673    0.00    0.00    0.00    0.00    0.00    10  postgres
10:53:31 AM 100998   3364674    0.00    0.00    0.00    0.00    0.00    10  postgres
10:53:31 AM 100998   3364676    0.00    0.00    0.00    0.00    0.00    14  postgres
10:53:31 AM 100998   3364677    0.00    0.00    0.00    0.00    0.00    12  postgres
10:53:31 AM 100998   3365580    3.00    1.00    0.00    0.00    4.00    14  postgres
10:53:31 AM 100998   3365606    3.00    2.00    0.00    0.00    5.00    10  postgres
10:53:31 AM 100998   3365607    2.00    1.00    0.00    0.00    3.00    14  postgres
10:53:31 AM 100998   3365608    2.00    1.00    0.00    0.00    3.00    12  postgres
10:53:31 AM 100998   3365609    2.00    1.00    0.00    0.00    3.00    12  postgres
10:53:31 AM 100998   3365611    3.00    2.00    0.00    0.00    5.00    10  postgres
10:53:31 AM 100998   3365612    2.00    1.00    0.00    0.00    3.00    10  postgres
10:53:31 AM 100998   3365613    2.00    2.00    0.00    0.00    4.00    12  postgres
10:53:31 AM 100998   3365615    2.00    1.00    0.00    0.00    3.00    12  postgres
10:53:31 AM 100998   3365616    2.00    1.00    0.00    0.00    3.00    12  postgres

10:53:31 AM   UID       PID    %usr %system  %guest   %wait    %CPU   CPU  Command
10:53:32 AM 100998   3364673    0.00    0.00    0.00    0.00    0.00    10  postgres
10:53:32 AM 100998   3364674    0.00    0.00    0.00    0.00    0.00    12  postgres
10:53:32 AM 100998   3364676    0.00    0.00    0.00    0.00    0.00    14  postgres
10:53:32 AM 100998   3364677    0.00    0.00    0.00    0.00    0.00    12  postgres
10:53:32 AM 100998   3365580    2.00    2.00    0.00    0.00    4.00    14  postgres
10:53:32 AM 100998   3365606    3.00    1.00    0.00    0.00    4.00    12  postgres
10:53:32 AM 100998   3365607    3.00    1.00    0.00    0.00    4.00    10  postgres
10:53:32 AM 100998   3365608    2.00    1.00    0.00    0.00    3.00    12  postgres
10:53:32 AM 100998   3365609    2.00    2.00    0.00    0.00    4.00    12  postgres
10:53:32 AM 100998   3365611    2.00    2.00    0.00    0.00    4.00    10  postgres
10:53:32 AM 100998   3365612    3.00    2.00    0.00    0.00    5.00    14  postgres
10:53:32 AM 100998   3365613    3.00    0.00    0.00    0.00    3.00    12  postgres
10:53:32 AM 100998   3365615    2.00    1.00    0.00    0.00    3.00    12  postgres
10:53:32 AM 100998   3365616    2.00    1.00    0.00    0.00    3.00    14  postgres

10:53:32 AM   UID       PID    %usr %system  %guest   %wait    %CPU   CPU  Command
10:53:33 AM 100998   3364673    0.00    0.00    0.00    0.00    0.00    10  postgres
10:53:33 AM 100998   3364674    0.00    0.00    0.00    0.00    0.00    12  postgres
10:53:33 AM 100998   3364676    0.00    0.00    0.00    0.00    0.00    14  postgres
10:53:33 AM 100998   3364677    0.00    0.00    0.00    0.00    0.00    12  postgres
10:53:33 AM 100998   3365580    2.00    1.00    0.00    0.00    3.00    14  postgres
10:53:33 AM 100998   3365606    3.00    2.00    0.00    0.00    5.00    14  postgres
10:53:33 AM 100998   3365607    2.00    2.00    0.00    0.00    4.00    10  postgres
10:53:33 AM 100998   3365608    2.00    2.00    0.00    0.00    4.00    12  postgres
10:53:33 AM 100998   3365609    3.00    1.00    0.00    0.00    4.00    12  postgres
10:53:33 AM 100998   3365611    3.00    2.00    0.00    0.00    5.00    14  postgres
10:53:33 AM 100998   3365612    2.00    1.00    0.00    0.00    3.00    10  postgres
10:53:33 AM 100998   3365613    3.00    2.00    0.00    0.00    5.00    10  postgres
10:53:33 AM 100998   3365615    2.00    2.00    0.00    0.00    4.00    14  postgres
10:53:33 AM 100998   3365616    1.00    1.00    0.00    0.00    2.00    10  postgres

10:53:33 AM   UID       PID    %usr %system  %guest   %wait    %CPU   CPU  Command
10:53:34 AM 100998   3364673    0.00    0.00    0.00    0.00    0.00    10  postgres
10:53:34 AM 100998   3364674    0.00    0.00    0.00    0.00    0.00    12  postgres
10:53:34 AM 100998   3364676    0.00    0.00    0.00    0.00    0.00    14  postgres
10:53:34 AM 100998   3364677    0.00    0.00    0.00    0.00    0.00    12  postgres
10:53:34 AM 100998   3365580    3.00    1.00    0.00    0.00    4.00    10  postgres
10:53:34 AM 100998   3365606    3.00    2.00    0.00    0.00    5.00    12  postgres
10:53:34 AM 100998   3365607    2.00    1.00    0.00    0.00    3.00    10  postgres
10:53:34 AM 100998   3365608    3.00    2.00    0.00    0.00    5.00    14  postgres
10:53:34 AM 100998   3365609    2.00    2.00    0.00    0.00    4.00    10  postgres
10:53:34 AM 100998   3365611    2.00    1.00    0.00    0.00    3.00    14  postgres
10:53:34 AM 100998   3365612    1.00    2.00    0.00    0.00    3.00    12  postgres
10:53:34 AM 100998   3365613    4.00    2.00    0.00    0.00    6.00    14  postgres
10:53:34 AM 100998   3365615    3.00    2.00    0.00    0.00    5.00    10  postgres
10:53:34 AM 100998   3365616    3.00    2.00    0.00    0.00    5.00    14  postgres

10:53:34 AM   UID       PID    %usr %system  %guest   %wait    %CPU   CPU  Command
10:53:35 AM 100998   3364673    0.00    0.00    0.00    0.00    0.00    10  postgres
10:53:35 AM 100998   3364674    0.00    0.00    0.00    0.00    0.00    12  postgres
10:53:35 AM 100998   3364676    0.00    0.00    0.00    0.00    0.00    14  postgres
10:53:35 AM 100998   3364677    0.00    0.00    0.00    0.00    0.00    12  postgres
10:53:35 AM 100998   3365580    3.00    2.00    0.00    0.00    5.00    14  postgres
10:53:35 AM 100998   3365606    3.00    2.00    0.00    0.00    5.00    14  postgres
10:53:35 AM 100998   3365607    4.00    2.00    0.00    0.00    6.00    12  postgres
10:53:35 AM 100998   3365608    3.00    2.00    0.00    0.00    5.00    12  postgres
10:53:35 AM 100998   3365609    3.00    2.00    0.00    0.00    5.00    10  postgres
10:53:35 AM 100998   3365611    2.00    2.00    0.00    0.00    4.00    14  postgres
10:53:35 AM 100998   3365612    3.00    1.00    0.00    0.00    4.00    10  postgres
10:53:35 AM 100998   3365613    2.00    1.00    0.00    0.00    3.00    14  postgres
10:53:35 AM 100998   3365615    1.00    1.00    0.00    0.00    2.00    10  postgres
10:53:35 AM 100998   3365616    2.00    2.00    0.00    0.00    4.00    12  postgres

10:53:35 AM   UID       PID    %usr %system  %guest   %wait    %CPU   CPU  Command
10:53:36 AM 100998   3364673    0.00    0.00    0.00    0.00    0.00    10  postgres
10:53:36 AM 100998   3364674    0.00    0.00    0.00    0.00    0.00    12  postgres
10:53:36 AM 100998   3364676    0.00    0.00    0.00    0.00    0.00    14  postgres
10:53:36 AM 100998   3364677    0.00    0.00    0.00    0.00    0.00    12  postgres
10:53:36 AM 100998   3365580    3.00    1.00    0.00    0.00    4.00    10  postgres
10:53:36 AM 100998   3365606    4.00    2.00    0.00    0.00    6.00    10  postgres
10:53:36 AM 100998   3365607    3.00    2.00    0.00    0.00    5.00    14  postgres
10:53:36 AM 100998   3365608    3.00    2.00    0.00    0.00    5.00    10  postgres
10:53:36 AM 100998   3365609    4.00    2.00    0.00    0.00    6.00    12  postgres
10:53:36 AM 100998   3365611    3.00    1.00    0.00    0.00    4.00    10  postgres
10:53:36 AM 100998   3365612    2.00    1.00    0.00    0.00    3.00    14  postgres
10:53:36 AM 100998   3365613    3.00    2.00    0.00    0.00    5.00    14  postgres
10:53:36 AM 100998   3365615    2.00    1.00    0.00    0.00    3.00    10  postgres
10:53:36 AM 100998   3365616    2.00    2.00    0.00    0.00    4.00    14  postgres

10:53:36 AM   UID       PID    %usr %system  %guest   %wait    %CPU   CPU  Command
10:53:37 AM 100998   3364673    0.00    0.00    0.00    0.00    0.00    10  postgres
10:53:37 AM 100998   3364674    0.00    0.00    0.00    0.00    0.00    12  postgres
10:53:37 AM 100998   3364676    0.00    0.00    0.00    0.00    0.00    14  postgres
10:53:37 AM 100998   3364677    0.00    0.00    0.00    0.00    0.00    12  postgres
10:53:37 AM 100998   3365580    2.00    3.00    0.00    0.00    5.00    12  postgres
10:53:37 AM 100998   3365606    2.00    2.00    0.00    0.00    4.00    12  postgres
10:53:37 AM 100998   3365607    2.00    2.00    0.00    0.00    4.00    14  postgres
10:53:37 AM 100998   3365608    3.00    3.00    0.00    0.00    6.00    10  postgres
10:53:37 AM 100998   3365609    2.00    2.00    0.00    0.00    4.00    14  postgres
10:53:37 AM 100998   3365611    2.00    2.00    0.00    0.00    4.00    12  postgres
10:53:37 AM 100998   3365612    2.00    1.00    0.00    0.00    3.00    10  postgres
10:53:37 AM 100998   3365613    2.00    2.00    0.00    0.00    4.00    14  postgres
10:53:37 AM 100998   3365615    2.00    1.00    0.00    0.00    3.00    12  postgres
10:53:37 AM 100998   3365616    2.00    2.00    0.00    0.00    4.00    10  postgres

10:53:37 AM   UID       PID    %usr %system  %guest   %wait    %CPU   CPU  Command
10:53:38 AM 100998   3364673    0.00    0.00    0.00    0.00    0.00    10  postgres
10:53:38 AM 100998   3364674    0.00    0.00    0.00    0.00    0.00    14  postgres
10:53:38 AM 100998   3364676    0.00    0.00    0.00    0.00    0.00    14  postgres
10:53:38 AM 100998   3364677    0.00    0.00    0.00    0.00    0.00    12  postgres
10:53:38 AM 100998   3365580    2.00    2.00    0.00    0.00    4.00    10  postgres
10:53:38 AM 100998   3365606    3.00    2.00    0.00    0.00    5.00    12  postgres
10:53:38 AM 100998   3365607    2.00    4.00    0.00    0.00    6.00    14  postgres
10:53:38 AM 100998   3365608    2.00    3.00    0.00    0.00    5.00    14  postgres
10:53:38 AM 100998   3365609    3.00    2.00    0.00    0.00    5.00    12  postgres
10:53:38 AM 100998   3365611    2.00    2.00    0.00    0.00    4.00    10  postgres
10:53:38 AM 100998   3365612    2.00    3.00    0.00    0.00    5.00    10  postgres
10:53:38 AM 100998   3365613    2.00    3.00    0.00    0.00    5.00    14  postgres
10:53:38 AM 100998   3365615    2.00    3.00    0.00    0.00    5.00    12  postgres
10:53:38 AM 100998   3365616    3.00    1.00    0.00    0.00    4.00    10  postgres

10:53:38 AM   UID       PID    %usr %system  %guest   %wait    %CPU   CPU  Command
10:53:39 AM 100998   3364673    0.00    0.00    0.00    0.00    0.00    10  postgres
10:53:39 AM 100998   3364674    0.00    0.00    0.00    0.00    0.00    14  postgres
10:53:39 AM 100998   3364676    0.00    0.00    0.00    0.00    0.00    14  postgres
10:53:39 AM 100998   3364677    0.00    0.00    0.00    0.00    0.00    12  postgres
10:53:39 AM 100998   3365580    3.00    3.00    0.00    0.00    6.00    10  postgres
10:53:39 AM 100998   3365606    2.00    3.00    0.00    0.00    5.00    14  postgres
10:53:39 AM 100998   3365607    2.00    2.00    0.00    0.00    4.00    14  postgres
10:53:39 AM 100998   3365608    3.00    3.00    0.00    0.00    6.00    12  postgres
10:53:39 AM 100998   3365609    2.00    2.00    0.00    0.00    4.00    12  postgres
10:53:39 AM 100998   3365611    3.00    2.00    0.00    0.00    5.00    10  postgres
10:53:39 AM 100998   3365612    2.00    3.00    0.00    0.00    5.00    10  postgres
10:53:39 AM 100998   3365613    3.00    2.00    0.00    0.00    5.00    10  postgres
10:53:39 AM 100998   3365615    2.00    3.00    0.00    0.00    5.00    10  postgres
10:53:39 AM 100998   3365616    1.00    3.00    0.00    0.00    4.00    12  postgres

10:53:39 AM   UID       PID    %usr %system  %guest   %wait    %CPU   CPU  Command
10:53:40 AM 100998   3364673    0.00    0.00    0.00    0.00    0.00    10  postgres
10:53:40 AM 100998   3364674    0.00    0.00    0.00    0.00    0.00    10  postgres
10:53:40 AM 100998   3364676    0.00    0.00    0.00    0.00    0.00    14  postgres
10:53:40 AM 100998   3364677    0.00    0.00    0.00    0.00    0.00    12  postgres
10:53:40 AM 100998   3365580    2.00    2.00    0.00    0.00    4.00    12  postgres
10:53:40 AM 100998   3365606    2.00    2.00    0.00    0.00    4.00    10  postgres
10:53:40 AM 100998   3365607    3.00    2.00    0.00    0.00    5.00    10  postgres
10:53:40 AM 100998   3365608    2.00    2.00    0.00    0.00    4.00    10  postgres
10:53:40 AM 100998   3365609    2.00    2.00    0.00    0.00    4.00    10  postgres
10:53:40 AM 100998   3365611    1.00    2.00    0.00    0.00    3.00    14  postgres
10:53:40 AM 100998   3365612    2.00    2.00    0.00    0.00    4.00    12  postgres
10:53:40 AM 100998   3365613    2.00    2.00    0.00    0.00    4.00    12  postgres
10:53:40 AM 100998   3365615    2.00    2.00    0.00    0.00    4.00    14  postgres
10:53:40 AM 100998   3365616    3.00    2.00    0.00    0.00    5.00    10  postgres

10:53:40 AM   UID       PID    %usr %system  %guest   %wait    %CPU   CPU  Command
10:53:41 AM 100998   3364673    0.00    0.00    0.00    0.00    0.00    10  postgres
10:53:41 AM 100998   3364674    0.00    0.00    0.00    0.00    0.00    10  postgres
10:53:41 AM 100998   3364676    0.00    0.00    0.00    0.00    0.00    14  postgres
10:53:41 AM 100998   3364677    0.00    0.00    0.00    0.00    0.00    12  postgres
10:53:41 AM 100998   3365580    3.00    3.00    0.00    0.00    6.00    12  postgres
10:53:41 AM 100998   3365606    3.00    2.00    0.00    0.00    5.00    10  postgres
10:53:41 AM 100998   3365607    2.00    2.00    0.00    0.00    4.00    10  postgres
10:53:41 AM 100998   3365608    1.00    3.00    0.00    0.00    4.00    12  postgres
10:53:41 AM 100998   3365609    3.00    2.00    0.00    0.00    5.00    10  postgres
10:53:41 AM 100998   3365611    3.00    3.00    0.00    0.00    6.00    12  postgres
10:53:41 AM 100998   3365612    2.00    2.00    0.00    0.00    4.00    12  postgres
10:53:41 AM 100998   3365613    3.00    3.00    0.00    0.00    6.00    14  postgres
10:53:41 AM 100998   3365615    2.00    2.00    0.00    0.00    4.00    10  postgres
10:53:41 AM 100998   3365616    2.00    3.00    0.00    0.00    5.00    10  postgres

10:53:41 AM   UID       PID    %usr %system  %guest   %wait    %CPU   CPU  Command
10:53:42 AM 100998   3364673    0.00    0.00    0.00    0.00    0.00    10  postgres
10:53:42 AM 100998   3364674    0.00    0.00    0.00    0.00    0.00    10  postgres
10:53:42 AM 100998   3364676    0.00    0.00    0.00    0.00    0.00    14  postgres
10:53:42 AM 100998   3364677    0.00    0.00    0.00    0.00    0.00    12  postgres
10:53:42 AM 100998   3365580    2.00    3.00    0.00    0.00    5.00    14  postgres
10:53:42 AM 100998   3365606    2.00    3.00    0.00    0.00    5.00    12  postgres
10:53:42 AM 100998   3365607    3.00    3.00    0.00    0.00    6.00    14  postgres
10:53:42 AM 100998   3365608    3.00    1.00    0.00    0.00    4.00    12  postgres
10:53:42 AM 100998   3365609    3.00    2.00    0.00    0.00    5.00    10  postgres
10:53:42 AM 100998   3365611    3.00    1.00    0.00    0.00    4.00    14  postgres
10:53:42 AM 100998   3365612    3.00    3.00    0.00    0.00    6.00    10  postgres
10:53:42 AM 100998   3365613    2.00    2.00    0.00    0.00    4.00    14  postgres
10:53:42 AM 100998   3365615    3.00    2.00    0.00    0.00    5.00    14  postgres
10:53:42 AM 100998   3365616    2.00    2.00    0.00    0.00    4.00    12  postgres

10:53:42 AM   UID       PID    %usr %system  %guest   %wait    %CPU   CPU  Command
10:53:43 AM 100998   3364673    0.00    0.00    0.00    0.00    0.00    10  postgres
10:53:43 AM 100998   3364674    0.00    0.00    0.00    0.00    0.00    10  postgres
10:53:43 AM 100998   3364676    0.00    0.00    0.00    0.00    0.00    14  postgres
10:53:43 AM 100998   3364677    0.00    0.00    0.00    0.00    0.00    12  postgres
10:53:43 AM 100998   3365580    2.00    2.00    0.00    0.00    4.00    10  postgres
10:53:43 AM 100998   3365606    3.00    1.00    0.00    0.00    4.00    12  postgres
10:53:43 AM 100998   3365607    3.00    3.00    0.00    0.00    6.00    12  postgres
10:53:43 AM 100998   3365608    3.00    3.00    0.00    0.00    6.00    14  postgres
10:53:43 AM 100998   3365609    3.00    2.00    0.00    0.00    5.00    10  postgres
10:53:43 AM 100998   3365611    2.00    2.00    0.00    0.00    4.00    12  postgres
10:53:43 AM 100998   3365612    2.00    1.00    0.00    0.00    3.00    14  postgres
10:53:43 AM 100998   3365613    3.00    2.00    0.00    0.00    5.00    10  postgres
10:53:43 AM 100998   3365615    1.00    3.00    0.00    0.00    4.00    14  postgres
10:53:43 AM 100998   3365616    2.00    3.00    0.00    0.00    5.00    10  postgres

10:53:43 AM   UID       PID    %usr %system  %guest   %wait    %CPU   CPU  Command
10:53:44 AM 100998   3364673    0.00    0.00    0.00    0.00    0.00    10  postgres
10:53:44 AM 100998   3364674    0.00    0.00    0.00    0.00    0.00    14  postgres
10:53:44 AM 100998   3364676    0.00    0.00    0.00    0.00    0.00    14  postgres
10:53:44 AM 100998   3364677    0.00    0.00    0.00    0.00    0.00    12  postgres
10:53:44 AM 100998   3365580    3.00    3.00    0.00    0.00    6.00    14  postgres
10:53:44 AM 100998   3365606    3.00    3.00    0.00    0.00    6.00    12  postgres
10:53:44 AM 100998   3365607    3.00    2.00    0.00    0.00    5.00    10  postgres
10:53:44 AM 100998   3365608    3.00    2.00    0.00    0.00    5.00    14  postgres
10:53:44 AM 100998   3365609    2.00    3.00    0.00    0.00    5.00    14  postgres
10:53:44 AM 100998   3365611    3.00    3.00    0.00    0.00    6.00    12  postgres
10:53:44 AM 100998   3365612    2.00    2.00    0.00    0.00    4.00    12  postgres
10:53:44 AM 100998   3365613    2.00    3.00    0.00    0.00    5.00    10  postgres
10:53:44 AM 100998   3365615    3.00    2.00    0.00    0.00    5.00    14  postgres
10:53:44 AM 100998   3365616    3.00    2.00    0.00    0.00    5.00    10  postgres

10:53:44 AM   UID       PID    %usr %system  %guest   %wait    %CPU   CPU  Command
10:53:45 AM 100998   3364673    0.00    0.00    0.00    0.00    0.00    10  postgres
10:53:45 AM 100998   3364674    0.00    0.00    0.00    0.00    0.00    14  postgres
10:53:45 AM 100998   3364676    0.00    0.00    0.00    0.00    0.00    14  postgres
10:53:45 AM 100998   3364677    0.00    0.00    0.00    0.00    0.00    12  postgres
10:53:45 AM 100998   3365580    2.00    2.00    0.00    0.00    4.00    12  postgres
10:53:45 AM 100998   3365606    3.00    3.00    0.00    0.00    6.00    14  postgres
10:53:45 AM 100998   3365607    2.00    3.00    0.00    0.00    5.00    10  postgres
10:53:45 AM 100998   3365608    2.00    3.00    0.00    0.00    5.00    12  postgres
10:53:45 AM 100998   3365609    2.00    3.00    0.00    0.00    5.00    10  postgres
10:53:45 AM 100998   3365611    3.00    2.00    0.00    0.00    5.00    12  postgres
10:53:45 AM 100998   3365612    4.00    3.00    0.00    0.00    7.00    14  postgres
10:53:45 AM 100998   3365613    3.00    2.00    0.00    0.00    5.00    10  postgres
10:53:45 AM 100998   3365615    3.00    3.00    0.00    0.00    6.00    10  postgres
10:53:45 AM 100998   3365616    2.00    2.00    0.00    0.00    4.00    10  postgres

10:53:45 AM   UID       PID    %usr %system  %guest   %wait    %CPU   CPU  Command
10:53:46 AM 100998   3364673    0.00    0.00    0.00    0.00    0.00    10  postgres
10:53:46 AM 100998   3364674    0.00    0.00    0.00    0.00    0.00    14  postgres
10:53:46 AM 100998   3364676    0.00    0.00    0.00    0.00    0.00    14  postgres
10:53:46 AM 100998   3364677    0.00    0.00    0.00    0.00    0.00    12  postgres
10:53:46 AM 100998   3365580    2.00    2.00    0.00    0.00    4.00    14  postgres
10:53:46 AM 100998   3365606    2.00    2.00    0.00    0.00    4.00    12  postgres
10:53:46 AM 100998   3365607    2.00    2.00    0.00    0.00    4.00    14  postgres
10:53:46 AM 100998   3365608    3.00    2.00    0.00    0.00    5.00    10  postgres
10:53:46 AM 100998   3365609    3.00    2.00    0.00    0.00    5.00    14  postgres
10:53:46 AM 100998   3365611    2.00    2.00    0.00    0.00    4.00    12  postgres
10:53:46 AM 100998   3365612    3.00    3.00    0.00    0.00    6.00    10  postgres
10:53:46 AM 100998   3365613    2.00    2.00    0.00    0.00    4.00    10  postgres
10:53:46 AM 100998   3365615    3.00    3.00    0.00    0.00    6.00    12  postgres
10:53:46 AM 100998   3365616    3.00    3.00    0.00    0.00    6.00    14  postgres

10:53:46 AM   UID       PID    %usr %system  %guest   %wait    %CPU   CPU  Command
10:53:47 AM 100998   3364673    0.00    0.00    0.00    0.00    0.00    10  postgres
10:53:47 AM 100998   3364674    0.00    0.00    0.00    0.00    0.00    14  postgres
10:53:47 AM 100998   3364676    0.00    0.00    0.00    0.00    0.00    14  postgres
10:53:47 AM 100998   3364677    0.00    0.00    0.00    0.00    0.00    12  postgres
10:53:47 AM 100998   3365580    3.00    2.00    0.00    0.00    5.00    10  postgres
10:53:47 AM 100998   3365606    3.00    2.00    0.00    0.00    5.00    14  postgres
10:53:47 AM 100998   3365607    3.00    2.00    0.00    0.00    5.00    10  postgres
10:53:47 AM 100998   3365608    4.00    2.00    0.00    0.00    6.00    12  postgres
10:53:47 AM 100998   3365609    3.00    2.00    0.00    0.00    5.00    12  postgres
10:53:47 AM 100998   3365611    3.00    2.00    0.00    0.00    5.00    12  postgres
10:53:47 AM 100998   3365612    3.00    2.00    0.00    0.00    5.00    14  postgres
10:53:47 AM 100998   3365613    4.00    2.00    0.00    0.00    6.00    12  postgres
10:53:47 AM 100998   3365615    3.00    2.00    0.00    0.00    5.00    12  postgres
10:53:47 AM 100998   3365616    3.00    1.00    0.00    0.00    4.00    14  postgres

10:53:47 AM   UID       PID    %usr %system  %guest   %wait    %CPU   CPU  Command
10:53:48 AM 100998   3364673    0.00    0.00    0.00    0.00    0.00    10  postgres
10:53:48 AM 100998   3364674    0.00    0.00    0.00    0.00    0.00    10  postgres
10:53:48 AM 100998   3364676    0.00    0.00    0.00    0.00    0.00    14  postgres
10:53:48 AM 100998   3364677    0.00    0.00    0.00    0.00    0.00    12  postgres
10:53:48 AM 100998   3365580    2.00    1.00    0.00    0.00    3.00    14  postgres
10:53:48 AM 100998   3365606    3.00    2.00    0.00    0.00    5.00    12  postgres
10:53:48 AM 100998   3365607    3.00    2.00    0.00    0.00    5.00    10  postgres
10:53:48 AM 100998   3365608    4.00    2.00    0.00    0.00    6.00    12  postgres
10:53:48 AM 100998   3365609    3.00    3.00    0.00    0.00    6.00    12  postgres
10:53:48 AM 100998   3365611    2.00    3.00    0.00    0.00    5.00    14  postgres
10:53:48 AM 100998   3365612    3.00    1.00    0.00    0.00    4.00    14  postgres
10:53:48 AM 100998   3365613    2.00    2.00    0.00    0.00    4.00    14  postgres
10:53:48 AM 100998   3365615    3.00    1.00    0.00    0.00    4.00    10  postgres
10:53:48 AM 100998   3365616    2.00    2.00    0.00    0.00    4.00    12  postgres

10:53:48 AM   UID       PID    %usr %system  %guest   %wait    %CPU   CPU  Command
10:53:49 AM 100998   3364673    0.00    0.00    0.00    0.00    0.00    10  postgres
10:53:49 AM 100998   3364674    0.00    0.00    0.00    0.00    0.00    10  postgres
10:53:49 AM 100998   3364676    0.00    0.00    0.00    0.00    0.00    14  postgres
10:53:49 AM 100998   3364677    0.00    0.00    0.00    0.00    0.00    12  postgres
10:53:49 AM 100998   3365580    4.00    3.00    0.00    0.00    7.00    10  postgres
10:53:49 AM 100998   3365606    4.00    2.00    0.00    0.00    6.00    14  postgres
10:53:49 AM 100998   3365607    3.00    3.00    0.00    0.00    6.00    10  postgres
10:53:49 AM 100998   3365608    2.00    2.00    0.00    0.00    4.00    10  postgres
10:53:49 AM 100998   3365609    3.00    3.00    0.00    0.00    6.00    12  postgres
10:53:49 AM 100998   3365611    3.00    1.00    0.00    0.00    4.00    14  postgres
10:53:49 AM 100998   3365612    2.00    2.00    0.00    0.00    4.00    14  postgres
10:53:49 AM 100998   3365613    3.00    2.00    0.00    0.00    5.00    14  postgres
10:53:49 AM 100998   3365615    2.00    2.00    0.00    0.00    4.00    14  postgres
10:53:49 AM 100998   3365616    2.00    2.00    0.00    0.00    4.00    10  postgres

10:53:49 AM   UID       PID    %usr %system  %guest   %wait    %CPU   CPU  Command
10:53:50 AM 100998   3364673    0.00    0.00    0.00    0.00    0.00    10  postgres
10:53:50 AM 100998   3364674    0.00    0.00    0.00    0.00    0.00    10  postgres
10:53:50 AM 100998   3364676    0.00    0.00    0.00    0.00    0.00    10  postgres
10:53:50 AM 100998   3364677    0.00    0.00    0.00    0.00    0.00    12  postgres
10:53:50 AM 100998   3365580    3.00    2.00    0.00    0.00    5.00    12  postgres
10:53:50 AM 100998   3365606    4.00    2.00    0.00    0.00    6.00    10  postgres
10:53:50 AM 100998   3365607    3.00    1.00    0.00    0.00    4.00    10  postgres
10:53:50 AM 100998   3365608    3.00    1.00    0.00    0.00    4.00    10  postgres
10:53:50 AM 100998   3365609    3.00    2.00    0.00    0.00    5.00    12  postgres
10:53:50 AM 100998   3365611    2.00    3.00    0.00    0.00    5.00    14  postgres
10:53:50 AM 100998   3365612    4.00    2.00    0.00    0.00    6.00    12  postgres
10:53:50 AM 100998   3365613    2.00    2.00    0.00    0.00    4.00    12  postgres
10:53:50 AM 100998   3365615    3.00    1.00    0.00    0.00    4.00    10  postgres
10:53:50 AM 100998   3365616    3.00    2.00    0.00    0.00    5.00    14  postgres

10:53:50 AM   UID       PID    %usr %system  %guest   %wait    %CPU   CPU  Command
10:53:51 AM 100998   3364673    0.00    0.00    0.00    0.00    0.00    10  postgres
10:53:51 AM 100998   3364674    0.00    0.00    0.00    0.00    0.00    12  postgres
10:53:51 AM 100998   3364676    0.00    0.00    0.00    0.00    0.00    10  postgres
10:53:51 AM 100998   3364677    0.00    0.00    0.00    0.00    0.00    12  postgres
10:53:51 AM 100998   3365580    3.00    2.00    0.00    0.00    5.00    14  postgres
10:53:51 AM 100998   3365606    4.00    3.00    0.00    0.00    7.00    12  postgres
10:53:51 AM 100998   3365607    2.00    1.00    0.00    0.00    3.00    14  postgres
10:53:51 AM 100998   3365608    3.00    2.00    0.00    0.00    5.00    14  postgres
10:53:51 AM 100998   3365609    3.00    3.00    0.00    0.00    6.00    14  postgres
10:53:51 AM 100998   3365611    4.00    2.00    0.00    0.00    6.00    12  postgres
10:53:51 AM 100998   3365612    2.00    2.00    0.00    0.00    4.00    14  postgres
10:53:51 AM 100998   3365613    2.00    2.00    0.00    0.00    4.00    14  postgres
10:53:51 AM 100998   3365615    4.00    1.00    0.00    0.00    5.00    10  postgres
10:53:51 AM 100998   3365616    2.00    1.00    0.00    0.00    3.00    12  postgres

10:53:51 AM   UID       PID    %usr %system  %guest   %wait    %CPU   CPU  Command
10:53:52 AM 100998   3364673    0.00    0.00    0.00    0.00    0.00    10  postgres
10:53:52 AM 100998   3364674    0.00    0.00    0.00    0.00    0.00    14  postgres
10:53:52 AM 100998   3364676    0.00    0.00    0.00    0.00    0.00    10  postgres
10:53:52 AM 100998   3364677    0.00    0.00    0.00    0.00    0.00    12  postgres
10:53:52 AM 100998   3365580    2.00    3.00    0.00    0.00    5.00    10  postgres
10:53:52 AM 100998   3365606    3.00    2.00    0.00    0.00    5.00    10  postgres
10:53:52 AM 100998   3365607    3.00    3.00    0.00    0.00    6.00    12  postgres
10:53:52 AM 100998   3365608    3.00    3.00    0.00    0.00    6.00    12  postgres
10:53:52 AM 100998   3365609    3.00    2.00    0.00    0.00    5.00    10  postgres
10:53:52 AM 100998   3365611    3.00    2.00    0.00    0.00    5.00    10  postgres
10:53:52 AM 100998   3365612    3.00    2.00    0.00    0.00    5.00    10  postgres
10:53:52 AM 100998   3365613    3.00    2.00    0.00    0.00    5.00    14  postgres
10:53:52 AM 100998   3365615    3.00    3.00    0.00    0.00    6.00    14  postgres
10:53:52 AM 100998   3365616    3.00    2.00    0.00    0.00    5.00    12  postgres

10:53:52 AM   UID       PID    %usr %system  %guest   %wait    %CPU   CPU  Command
10:53:53 AM 100998   3364673    0.00    0.00    0.00    0.00    0.00    10  postgres
10:53:53 AM 100998   3364674    0.00    0.00    0.00    0.00    0.00    10  postgres
10:53:53 AM 100998   3364676    0.00    0.00    0.00    0.00    0.00    10  postgres
10:53:53 AM 100998   3364677    0.00    0.00    0.00    0.00    0.00    12  postgres
10:53:53 AM 100998   3365580    3.00    2.00    0.00    0.00    5.00    10  postgres
10:53:53 AM 100998   3365606    3.00    2.00    0.00    0.00    5.00    12  postgres
10:53:53 AM 100998   3365607    3.00    2.00    0.00    0.00    5.00    14  postgres
10:53:53 AM 100998   3365608    2.00    3.00    0.00    0.00    5.00    12  postgres
10:53:53 AM 100998   3365609    2.00    2.00    0.00    0.00    4.00    10  postgres
10:53:53 AM 100998   3365611    3.00    2.00    0.00    0.00    5.00    14  postgres
10:53:53 AM 100998   3365612    3.00    3.00    0.00    0.00    6.00    12  postgres
10:53:53 AM 100998   3365613    2.00    3.00    0.00    0.00    5.00    14  postgres
10:53:53 AM 100998   3365615    3.00    3.00    0.00    0.00    6.00    14  postgres
10:53:53 AM 100998   3365616    3.00    2.00    0.00    0.00    5.00    10  postgres

10:53:53 AM   UID       PID    %usr %system  %guest   %wait    %CPU   CPU  Command
10:53:54 AM 100998   3364673    0.00    0.00    0.00    0.00    0.00    10  postgres
10:53:54 AM 100998   3364674    0.00    0.00    0.00    0.00    0.00    10  postgres
10:53:54 AM 100998   3364676    0.00    0.00    0.00    0.00    0.00    10  postgres
10:53:54 AM 100998   3364677    0.00    0.00    0.00    0.00    0.00    12  postgres
10:53:54 AM 100998   3365580    3.00    3.00    0.00    0.00    6.00    10  postgres
10:53:54 AM 100998   3365606    2.00    2.00    0.00    0.00    4.00    14  postgres
10:53:54 AM 100998   3365607    3.00    3.00    0.00    0.00    6.00    14  postgres
10:53:54 AM 100998   3365608    2.00    3.00    0.00    0.00    5.00    12  postgres
10:53:54 AM 100998   3365609    4.00    2.00    0.00    0.00    6.00    14  postgres
10:53:54 AM 100998   3365611    2.00    3.00    0.00    0.00    5.00    14  postgres
10:53:54 AM 100998   3365612    2.00    3.00    0.00    0.00    5.00    12  postgres
10:53:54 AM 100998   3365613    3.00    2.00    0.00    0.00    5.00    14  postgres
10:53:54 AM 100998   3365615    2.00    2.00    0.00    0.00    4.00    12  postgres
10:53:54 AM 100998   3365616    2.00    4.00    0.00    0.00    6.00    12  postgres

10:53:54 AM   UID       PID    %usr %system  %guest   %wait    %CPU   CPU  Command
10:53:55 AM 100998   3364673    0.00    0.00    0.00    0.00    0.00    10  postgres
10:53:55 AM 100998   3364674    0.00    0.00    0.00    0.00    0.00    14  postgres
10:53:55 AM 100998   3364676    0.00    0.00    0.00    0.00    0.00    10  postgres
10:53:55 AM 100998   3364677    0.00    0.00    0.00    0.00    0.00    12  postgres
10:53:55 AM 100998   3365580    2.00    2.00    0.00    0.00    4.00    14  postgres
10:53:55 AM 100998   3365606    4.00    3.00    0.00    0.00    7.00    14  postgres
10:53:55 AM 100998   3365607    3.00    2.00    0.00    0.00    5.00    12  postgres
10:53:55 AM 100998   3365608    3.00    2.00    0.00    0.00    5.00    12  postgres
10:53:55 AM 100998   3365609    4.00    2.00    0.00    0.00    6.00    10  postgres
10:53:55 AM 100998   3365611    4.00    3.00    0.00    0.00    7.00    14  postgres
10:53:55 AM 100998   3365612    4.00    3.00    0.00    0.00    7.00    12  postgres
10:53:55 AM 100998   3365613    4.00    1.00    0.00    0.00    5.00    14  postgres
10:53:55 AM 100998   3365615    3.00    2.00    0.00    0.00    5.00    10  postgres
10:53:55 AM 100998   3365616    4.00    1.00    0.00    0.00    5.00    12  postgres

10:53:55 AM   UID       PID    %usr %system  %guest   %wait    %CPU   CPU  Command
10:53:56 AM 100998   3364673    0.00    0.00    0.00    0.00    0.00    10  postgres
10:53:56 AM 100998   3364674    0.00    0.00    0.00    0.00    0.00    12  postgres
10:53:56 AM 100998   3364676    0.00    0.00    0.00    0.00    0.00    10  postgres
10:53:56 AM 100998   3364677    0.00    0.00    0.00    0.00    0.00    12  postgres
10:53:56 AM 100998   3365580    4.00    3.00    0.00    0.00    7.00    10  postgres
10:53:56 AM 100998   3365606    3.00    2.00    0.00    0.00    5.00    12  postgres
10:53:56 AM 100998   3365607    3.00    1.00    0.00    0.00    4.00    10  postgres
10:53:56 AM 100998   3365608    2.00    2.00    0.00    0.00    4.00    14  postgres
10:53:56 AM 100998   3365609    4.00    2.00    0.00    0.00    6.00    12  postgres
10:53:56 AM 100998   3365611    4.00    2.00    0.00    0.00    6.00    14  postgres
10:53:56 AM 100998   3365612    4.00    3.00    0.00    0.00    7.00    10  postgres
10:53:56 AM 100998   3365613    3.00    3.00    0.00    0.00    6.00    14  postgres
10:53:56 AM 100998   3365615    3.00    2.00    0.00    0.00    5.00    10  postgres
10:53:56 AM 100998   3365616    3.00    2.00    0.00    0.00    5.00    12  postgres

10:53:56 AM   UID       PID    %usr %system  %guest   %wait    %CPU   CPU  Command
10:53:57 AM 100998   3364673    0.00    0.00    0.00    0.00    0.00    10  postgres
10:53:57 AM 100998   3364674    0.00    0.00    0.00    0.00    0.00    10  postgres
10:53:57 AM 100998   3364676    0.00    0.00    0.00    0.00    0.00    10  postgres
10:53:57 AM 100998   3364677    0.00    0.00    0.00    0.00    0.00    12  postgres
10:53:57 AM 100998   3365580    3.00    3.00    0.00    0.00    6.00    14  postgres
10:53:57 AM 100998   3365606    4.00    2.00    0.00    0.00    6.00    14  postgres
10:53:57 AM 100998   3365607    4.00    3.00    0.00    0.00    7.00    14  postgres
10:53:57 AM 100998   3365608    4.00    3.00    0.00    0.00    7.00    12  postgres
10:53:57 AM 100998   3365609    3.00    2.00    0.00    0.00    5.00    12  postgres
10:53:57 AM 100998   3365611    3.00    1.00    0.00    0.00    4.00    10  postgres
10:53:57 AM 100998   3365612    2.00    2.00    0.00    0.00    4.00    10  postgres
10:53:57 AM 100998   3365613    2.00    2.00    0.00    0.00    4.00    10  postgres
10:53:57 AM 100998   3365615    3.00    1.00    0.00    0.00    4.00    12  postgres
10:53:57 AM 100998   3365616    3.00    2.00    0.00    0.00    5.00    10  postgres

10:53:57 AM   UID       PID    %usr %system  %guest   %wait    %CPU   CPU  Command
10:53:58 AM 100998   3364673    0.00    0.00    0.00    0.00    0.00    10  postgres
10:53:58 AM 100998   3364674    0.00    0.00    0.00    0.00    0.00    12  postgres
10:53:58 AM 100998   3364676    0.00    0.00    0.00    0.00    0.00    10  postgres
10:53:58 AM 100998   3364677    0.00    0.00    0.00    0.00    0.00    12  postgres
10:53:58 AM 100998   3365580    4.00    2.00    0.00    0.00    6.00    14  postgres
10:53:58 AM 100998   3365606    3.00    3.00    0.00    0.00    6.00    12  postgres
10:53:58 AM 100998   3365607    2.00    1.00    0.00    0.00    3.00    12  postgres
10:53:58 AM 100998   3365608    4.00    3.00    0.00    0.00    7.00    14  postgres
10:53:58 AM 100998   3365609    3.00    2.00    0.00    0.00    5.00    12  postgres
10:53:58 AM 100998   3365611    3.00    3.00    0.00    0.00    6.00    12  postgres
10:53:58 AM 100998   3365612    3.00    2.00    0.00    0.00    5.00    12  postgres
10:53:58 AM 100998   3365613    2.00    2.00    0.00    0.00    4.00    14  postgres
10:53:58 AM 100998   3365615    2.00    2.00    0.00    0.00    4.00    10  postgres
10:53:58 AM 100998   3365616    3.00    2.00    0.00    0.00    5.00    10  postgres

10:53:58 AM   UID       PID    %usr %system  %guest   %wait    %CPU   CPU  Command
10:53:59 AM 100998   3364673    0.00    0.00    0.00    0.00    0.00    10  postgres
10:53:59 AM 100998   3364674    0.00    0.00    0.00    0.00    0.00    12  postgres
10:53:59 AM 100998   3364676    0.00    0.00    0.00    0.00    0.00    10  postgres
10:53:59 AM 100998   3364677    0.00    0.00    0.00    0.00    0.00    12  postgres
10:53:59 AM 100998   3365580    2.00    4.00    0.00    0.00    6.00    14  postgres
10:53:59 AM 100998   3365606    2.00    3.00    0.00    0.00    5.00    14  postgres
10:53:59 AM 100998   3365607    2.00    3.00    0.00    0.00    5.00    12  postgres
10:53:59 AM 100998   3365608    2.00    2.00    0.00    0.00    4.00    10  postgres
10:53:59 AM 100998   3365609    3.00    2.00    0.00    0.00    5.00    12  postgres
10:53:59 AM 100998   3365611    2.00    3.00    0.00    0.00    5.00    10  postgres
10:53:59 AM 100998   3365612    3.00    3.00    0.00    0.00    6.00    12  postgres
10:53:59 AM 100998   3365613    2.00    3.00    0.00    0.00    5.00    10  postgres
10:53:59 AM 100998   3365615    3.00    4.00    0.00    0.00    7.00    10  postgres
10:53:59 AM 100998   3365616    2.00    3.00    0.00    0.00    5.00    14  postgres

10:53:59 AM   UID       PID    %usr %system  %guest   %wait    %CPU   CPU  Command
10:54:00 AM 100998   3364673    0.00    0.00    0.00    0.00    0.00    10  postgres
10:54:00 AM 100998   3364674    0.00    0.00    0.00    0.00    0.00    12  postgres
10:54:00 AM 100998   3364676    0.00    0.00    0.00    0.00    0.00    10  postgres
10:54:00 AM 100998   3364677    0.00    0.00    0.00    0.00    0.00    12  postgres
10:54:00 AM 100998   3365580    3.00    3.00    0.00    0.00    6.00    12  postgres
10:54:00 AM 100998   3365606    3.00    2.00    0.00    0.00    5.00    12  postgres
10:54:00 AM 100998   3365607    4.00    3.00    0.00    0.00    7.00    10  postgres
10:54:00 AM 100998   3365608    3.00    3.00    0.00    0.00    6.00    12  postgres
10:54:00 AM 100998   3365609    4.00    3.00    0.00    0.00    7.00    10  postgres
10:54:00 AM 100998   3365611    4.00    1.00    0.00    0.00    5.00    10  postgres
10:54:00 AM 100998   3365612    3.00    3.00    0.00    0.00    6.00    14  postgres
10:54:00 AM 100998   3365613    3.00    2.00    0.00    0.00    5.00    14  postgres
10:54:00 AM 100998   3365615    2.00    2.00    0.00    0.00    4.00    14  postgres
10:54:00 AM 100998   3365616    2.00    2.00    0.00    0.00    4.00    12  postgres

10:54:00 AM   UID       PID    %usr %system  %guest   %wait    %CPU   CPU  Command
10:54:01 AM 100998   3364673    0.00    0.00    0.00    0.00    0.00    10  postgres
10:54:01 AM 100998   3364674    0.00    0.00    0.00    0.00    0.00    12  postgres
10:54:01 AM 100998   3364676    0.00    0.00    0.00    0.00    0.00    10  postgres
10:54:01 AM 100998   3364677    0.00    0.00    0.00    0.00    0.00    12  postgres
10:54:01 AM 100998   3365580    2.00    2.00    0.00    0.00    4.00    14  postgres
10:54:01 AM 100998   3365606    2.00    2.00    0.00    0.00    4.00    10  postgres
10:54:01 AM 100998   3365607    3.00    2.00    0.00    0.00    5.00    14  postgres
10:54:01 AM 100998   3365608    3.00    1.00    0.00    0.00    4.00    12  postgres
10:54:01 AM 100998   3365609    2.00    1.00    0.00    0.00    3.00    14  postgres
10:54:01 AM 100998   3365611    3.00    2.00    0.00    0.00    5.00    10  postgres
10:54:01 AM 100998   3365612    2.00    1.00    0.00    0.00    3.00    12  postgres
10:54:01 AM 100998   3365613    2.00    2.00    0.00    0.00    4.00    12  postgres
10:54:01 AM 100998   3365615    3.00    3.00    0.00    0.00    6.00    14  postgres
10:54:01 AM 100998   3365616    3.00    2.00    0.00    0.00    5.00    14  postgres

10:54:01 AM   UID       PID    %usr %system  %guest   %wait    %CPU   CPU  Command
10:54:02 AM 100998   3364673    0.00    0.00    0.00    0.00    0.00    10  postgres
10:54:02 AM 100998   3364674    0.00    0.00    0.00    0.00    0.00    12  postgres
10:54:02 AM 100998   3364676    0.00    0.00    0.00    0.00    0.00    10  postgres
10:54:02 AM 100998   3364677    0.00    0.00    0.00    0.00    0.00    12  postgres
10:54:02 AM 100998   3365580    4.00    2.00    0.00    0.00    6.00    14  postgres
10:54:02 AM 100998   3365606    4.00    3.00    0.00    0.00    7.00    12  postgres
10:54:02 AM 100998   3365607    3.00    2.00    0.00    0.00    5.00    10  postgres
10:54:02 AM 100998   3365608    5.00    2.00    0.00    0.00    7.00    12  postgres
10:54:02 AM 100998   3365609    3.00    2.00    0.00    0.00    5.00    12  postgres
10:54:02 AM 100998   3365611    4.00    3.00    0.00    0.00    7.00    12  postgres
10:54:02 AM 100998   3365612    3.00    3.00    0.00    0.00    6.00    12  postgres
10:54:02 AM 100998   3365613    3.00    2.00    0.00    0.00    5.00    10  postgres
10:54:02 AM 100998   3365615    4.00    2.00    0.00    0.00    6.00    14  postgres
10:54:02 AM 100998   3365616    3.00    3.00    0.00    0.00    6.00    10  postgres

10:54:02 AM   UID       PID    %usr %system  %guest   %wait    %CPU   CPU  Command
10:54:03 AM 100998   3364673    0.00    0.00    0.00    0.00    0.00    10  postgres
10:54:03 AM 100998   3364674    0.00    0.00    0.00    0.00    0.00    10  postgres
10:54:03 AM 100998   3364676    0.00    0.00    0.00    0.00    0.00    10  postgres
10:54:03 AM 100998   3364677    0.00    0.00    0.00    0.00    0.00    12  postgres
10:54:03 AM 100998   3365580    4.00    2.00    0.00    0.00    6.00    10  postgres
10:54:03 AM 100998   3365606    3.00    2.00    0.00    0.00    5.00    14  postgres
10:54:03 AM 100998   3365607    3.00    3.00    0.00    0.00    6.00    12  postgres
10:54:03 AM 100998   3365608    4.00    3.00    0.00    0.00    7.00    12  postgres
10:54:03 AM 100998   3365609    3.00    3.00    0.00    0.00    6.00    14  postgres
10:54:03 AM 100998   3365611    4.00    3.00    0.00    0.00    7.00    12  postgres
10:54:03 AM 100998   3365612    5.00    2.00    0.00    0.00    7.00    10  postgres
10:54:03 AM 100998   3365613    3.00    4.00    0.00    0.00    7.00    14  postgres
10:54:03 AM 100998   3365615    4.00    4.00    0.00    0.00    8.00    14  postgres
10:54:03 AM 100998   3365616    3.00    2.00    0.00    0.00    5.00    10  postgres

10:54:03 AM   UID       PID    %usr %system  %guest   %wait    %CPU   CPU  Command
10:54:04 AM 100998   3364673    0.00    0.00    0.00    0.00    0.00    10  postgres
10:54:04 AM 100998   3364674    0.00    0.00    0.00    0.00    0.00    10  postgres
10:54:04 AM 100998   3364676    0.00    0.00    0.00    0.00    0.00    10  postgres
10:54:04 AM 100998   3364677    0.00    0.00    0.00    0.00    0.00    12  postgres
10:54:04 AM 100998   3365580    4.00    2.00    0.00    0.00    6.00    14  postgres
10:54:04 AM 100998   3365606    4.00    2.00    0.00    0.00    6.00    14  postgres
10:54:04 AM 100998   3365607    4.00    3.00    0.00    0.00    7.00    14  postgres
10:54:04 AM 100998   3365608    2.00    2.00    0.00    0.00    4.00    10  postgres
10:54:04 AM 100998   3365609    3.00    2.00    0.00    0.00    5.00    12  postgres
10:54:04 AM 100998   3365611    3.00    3.00    0.00    0.00    6.00    14  postgres
10:54:04 AM 100998   3365612    3.00    3.00    0.00    0.00    6.00    14  postgres
10:54:04 AM 100998   3365613    3.00    2.00    0.00    0.00    5.00    12  postgres
10:54:04 AM 100998   3365615    4.00    2.00    0.00    0.00    6.00    12  postgres
10:54:04 AM 100998   3365616    3.00    2.00    0.00    0.00    5.00    10  postgres

10:54:04 AM   UID       PID    %usr %system  %guest   %wait    %CPU   CPU  Command
10:54:05 AM 100998   3364673    0.00    0.00    0.00    0.00    0.00    10  postgres
10:54:05 AM 100998   3364674    0.00    0.00    0.00    0.00    0.00    12  postgres
10:54:05 AM 100998   3364676    0.00    0.00    0.00    0.00    0.00    10  postgres
10:54:05 AM 100998   3364677    0.00    0.00    0.00    0.00    0.00    12  postgres
10:54:05 AM 100998   3365580    5.00    2.00    0.00    0.00    7.00    14  postgres
10:54:05 AM 100998   3365606    3.00    3.00    0.00    0.00    6.00    10  postgres
10:54:05 AM 100998   3365607    3.00    3.00    0.00    0.00    6.00    12  postgres
10:54:05 AM 100998   3365608    3.00    2.00    0.00    0.00    5.00    12  postgres
10:54:05 AM 100998   3365609    4.00    3.00    0.00    1.00    7.00    14  postgres
10:54:05 AM 100998   3365611    5.00    3.00    0.00    1.00    8.00    14  postgres
10:54:05 AM 100998   3365612    4.00    2.00    0.00    0.00    6.00    14  postgres
10:54:05 AM 100998   3365613    3.00    3.00    0.00    0.00    6.00    10  postgres
10:54:05 AM 100998   3365615    3.00    2.00    0.00    0.00    5.00    10  postgres
10:54:05 AM 100998   3365616    3.00    2.00    0.00    0.00    5.00    10  postgres

10:54:05 AM   UID       PID    %usr %system  %guest   %wait    %CPU   CPU  Command
10:54:06 AM 100998   3364673    0.00    0.00    0.00    0.00    0.00    10  postgres
10:54:06 AM 100998   3364674    0.00    0.00    0.00    0.00    0.00    12  postgres
10:54:06 AM 100998   3364676    0.00    0.00    0.00    0.00    0.00    10  postgres
10:54:06 AM 100998   3364677    0.00    0.00    0.00    0.00    0.00    12  postgres
10:54:06 AM 100998   3365580    6.00    3.00    0.00    1.00    9.00    12  postgres
10:54:06 AM 100998   3365606    3.00    3.00    0.00    0.00    6.00    10  postgres
10:54:06 AM 100998   3365607    5.00    2.00    0.00    0.00    7.00    10  postgres
10:54:06 AM 100998   3365608    4.00    2.00    0.00    0.00    6.00    14  postgres
10:54:06 AM 100998   3365609    4.00    1.00    0.00    0.00    5.00    10  postgres
10:54:06 AM 100998   3365611    3.00    2.00    0.00    0.00    5.00    14  postgres
10:54:06 AM 100998   3365612    4.00    2.00    0.00    0.00    6.00    10  postgres
10:54:06 AM 100998   3365613    3.00    1.00    0.00    0.00    4.00    12  postgres
10:54:06 AM 100998   3365615    2.00    1.00    0.00    1.00    3.00    10  postgres
10:54:06 AM 100998   3365616    3.00    1.00    0.00    0.00    4.00    12  postgres

10:54:06 AM   UID       PID    %usr %system  %guest   %wait    %CPU   CPU  Command
10:54:07 AM 100998   3364673    0.00    0.00    0.00    0.00    0.00    10  postgres
10:54:07 AM 100998   3364674    0.00    0.00    0.00    0.00    0.00    14  postgres
10:54:07 AM 100998   3364676    0.00    0.00    0.00    0.00    0.00    10  postgres
10:54:07 AM 100998   3364677    0.00    0.00    0.00    0.00    0.00    12  postgres
10:54:07 AM 100998   3365580    2.97    1.98    0.00    0.00    4.95    10  postgres
10:54:07 AM 100998   3365606    3.96    1.98    0.00    0.00    5.94    12  postgres
10:54:07 AM 100998   3365607    1.98    2.97    0.00    0.99    4.95    14  postgres
10:54:07 AM 100998   3365608    1.98    1.98    0.00    0.99    3.96    14  postgres
10:54:07 AM 100998   3365609    1.98    2.97    0.00    0.00    4.95    14  postgres
10:54:07 AM 100998   3365611    2.97    0.99    0.00    0.00    3.96    12  postgres
10:54:07 AM 100998   3365612    1.98    1.98    0.00    0.99    3.96    14  postgres
10:54:07 AM 100998   3365613    2.97    1.98    0.00    0.00    4.95    14  postgres
10:54:07 AM 100998   3365615    2.97    1.98    0.00    0.00    4.95    10  postgres
10:54:07 AM 100998   3365616    2.97    1.98    0.00    0.00    4.95    12  postgres

10:54:07 AM   UID       PID    %usr %system  %guest   %wait    %CPU   CPU  Command
10:54:08 AM 100998   3364673    0.00    0.00    0.00    0.00    0.00    10  postgres
10:54:08 AM 100998   3364674    0.00    0.00    0.00    0.00    0.00    14  postgres
10:54:08 AM 100998   3364676    0.00    0.00    0.00    0.00    0.00    10  postgres
10:54:08 AM 100998   3364677    0.00    0.00    0.00    0.00    0.00    12  postgres
10:54:08 AM 100998   3365580    4.00    3.00    0.00    0.00    7.00    12  postgres
10:54:08 AM 100998   3365606    4.00    3.00    0.00    1.00    7.00    12  postgres
10:54:08 AM 100998   3365607    4.00    3.00    0.00    0.00    7.00    14  postgres
10:54:08 AM 100998   3365608    4.00    3.00    0.00    0.00    7.00    10  postgres
10:54:08 AM 100998   3365609    3.00    2.00    0.00    0.00    5.00    14  postgres
10:54:08 AM 100998   3365611    3.00    3.00    0.00    0.00    6.00    10  postgres
10:54:08 AM 100998   3365612    3.00    3.00    0.00    0.00    6.00    12  postgres
10:54:08 AM 100998   3365613    4.00    2.00    0.00    1.00    6.00    10  postgres
10:54:08 AM 100998   3365615    3.00    2.00    0.00    0.00    5.00    10  postgres
10:54:08 AM 100998   3365616    4.00    2.00    0.00    0.00    6.00    10  postgres

10:54:08 AM   UID       PID    %usr %system  %guest   %wait    %CPU   CPU  Command
10:54:09 AM 100998   3364673    0.00    0.00    0.00    0.00    0.00    10  postgres
10:54:09 AM 100998   3364674    0.00    0.00    0.00    0.00    0.00    14  postgres
10:54:09 AM 100998   3364676    0.00    0.00    0.00    0.00    0.00    10  postgres
10:54:09 AM 100998   3364677    0.00    0.00    0.00    0.00    0.00    12  postgres
10:54:09 AM 100998   3365580    3.00    3.00    0.00    0.00    6.00    14  postgres
10:54:09 AM 100998   3365606    3.00    3.00    0.00    0.00    6.00    14  postgres
10:54:09 AM 100998   3365607    3.00    3.00    0.00    0.00    6.00    12  postgres
10:54:09 AM 100998   3365608    2.00    3.00    0.00    0.00    5.00    10  postgres
10:54:09 AM 100998   3365609    3.00    2.00    0.00    0.00    5.00    12  postgres
10:54:09 AM 100998   3365611    3.00    3.00    0.00    0.00    6.00    10  postgres
10:54:09 AM 100998   3365612    3.00    2.00    0.00    0.00    5.00    10  postgres
10:54:09 AM 100998   3365613    2.00    3.00    0.00    0.00    5.00    12  postgres
10:54:09 AM 100998   3365615    2.00    2.00    0.00    0.00    4.00    10  postgres
10:54:09 AM 100998   3365616    2.00    2.00    0.00    1.00    4.00    10  postgres

10:54:09 AM   UID       PID    %usr %system  %guest   %wait    %CPU   CPU  Command
10:54:10 AM 100998   3364673    0.00    0.00    0.00    0.00    0.00    10  postgres
10:54:10 AM 100998   3364674    0.00    0.00    0.00    0.00    0.00    10  postgres
10:54:10 AM 100998   3364676    0.00    0.00    0.00    0.00    0.00    10  postgres
10:54:10 AM 100998   3364677    0.00    0.00    0.00    0.00    0.00    12  postgres
10:54:10 AM 100998   3365580    4.00    2.00    0.00    0.00    6.00    14  postgres
10:54:10 AM 100998   3365606    4.00    3.00    0.00    0.00    7.00    14  postgres
10:54:10 AM 100998   3365607    3.00    3.00    0.00    0.00    6.00    12  postgres
10:54:10 AM 100998   3365608    5.00    3.00    0.00    0.00    8.00    10  postgres
10:54:10 AM 100998   3365609    3.00    4.00    0.00    0.00    7.00    14  postgres
10:54:10 AM 100998   3365611    4.00    3.00    0.00    0.00    7.00    12  postgres
10:54:10 AM 100998   3365612    4.00    3.00    0.00    0.00    7.00    14  postgres
10:54:10 AM 100998   3365613    3.00    3.00    0.00    0.00    6.00    10  postgres
10:54:10 AM 100998   3365615    3.00    3.00    0.00    0.00    6.00    12  postgres
10:54:10 AM 100998   3365616    3.00    3.00    0.00    0.00    6.00    10  postgres

10:54:10 AM   UID       PID    %usr %system  %guest   %wait    %CPU   CPU  Command
10:54:11 AM 100998   3364673    0.00    0.00    0.00    0.00    0.00    10  postgres
10:54:11 AM 100998   3364674    0.00    0.00    0.00    0.00    0.00    14  postgres
10:54:11 AM 100998   3364676    0.00    0.00    0.00    0.00    0.00    10  postgres
10:54:11 AM 100998   3364677    0.00    0.00    0.00    0.00    0.00    12  postgres
10:54:11 AM 100998   3365580    5.00    4.00    0.00    0.00    9.00    10  postgres
10:54:11 AM 100998   3365606    5.00    3.00    0.00    0.00    8.00    10  postgres
10:54:11 AM 100998   3365607    5.00    2.00    0.00    0.00    7.00    10  postgres
10:54:11 AM 100998   3365608    4.00    3.00    0.00    0.00    7.00    14  postgres
10:54:11 AM 100998   3365609    4.00    2.00    0.00    0.00    6.00    14  postgres
10:54:11 AM 100998   3365611    4.00    3.00    0.00    0.00    7.00    10  postgres
10:54:11 AM 100998   3365612    3.00    2.00    0.00    0.00    5.00    12  postgres
10:54:11 AM 100998   3365613    4.00    2.00    0.00    0.00    6.00    10  postgres
10:54:11 AM 100998   3365615    4.00    3.00    0.00    0.00    7.00    12  postgres
10:54:11 AM 100998   3365616    3.00    3.00    0.00    0.00    6.00    12  postgres

10:54:11 AM   UID       PID    %usr %system  %guest   %wait    %CPU   CPU  Command
10:54:12 AM 100998   3364673    0.00    0.00    0.00    0.00    0.00    10  postgres
10:54:12 AM 100998   3364674    0.00    0.00    0.00    0.00    0.00    10  postgres
10:54:12 AM 100998   3364676    0.00    0.00    0.00    0.00    0.00    10  postgres
10:54:12 AM 100998   3364677    0.00    0.00    0.00    0.00    0.00    12  postgres
10:54:12 AM 100998   3365580    4.00    3.00    0.00    0.00    7.00    14  postgres
10:54:12 AM 100998   3365606    3.00    1.00    0.00    0.00    4.00    12  postgres
10:54:12 AM 100998   3365607    4.00    2.00    0.00    0.00    6.00    12  postgres
10:54:12 AM 100998   3365608    4.00    2.00    0.00    0.00    6.00    10  postgres
10:54:12 AM 100998   3365609    3.00    3.00    0.00    0.00    6.00    10  postgres
10:54:12 AM 100998   3365611    3.00    3.00    0.00    0.00    6.00    12  postgres
10:54:12 AM 100998   3365612    4.00    2.00    0.00    0.00    6.00    14  postgres
10:54:12 AM 100998   3365613    4.00    2.00    0.00    0.00    6.00    10  postgres
10:54:12 AM 100998   3365615    3.00    2.00    0.00    0.00    5.00    10  postgres
10:54:12 AM 100998   3365616    3.00    2.00    0.00    0.00    5.00    14  postgres

10:54:12 AM   UID       PID    %usr %system  %guest   %wait    %CPU   CPU  Command
10:54:13 AM 100998   3364673    0.00    0.00    0.00    0.00    0.00    10  postgres
10:54:13 AM 100998   3364674    0.00    0.00    0.00    0.00    0.00    10  postgres
10:54:13 AM 100998   3364676    0.00    0.00    0.00    0.00    0.00    10  postgres
10:54:13 AM 100998   3364677    0.00    0.00    0.00    0.00    0.00    12  postgres
10:54:13 AM 100998   3365580    5.00    3.00    0.00    0.00    8.00    14  postgres
10:54:13 AM 100998   3365606    5.00    4.00    0.00    0.00    9.00    12  postgres
10:54:13 AM 100998   3365607    4.00    3.00    0.00    0.00    7.00    14  postgres
10:54:13 AM 100998   3365608    4.00    5.00    0.00    0.00    9.00    12  postgres
10:54:13 AM 100998   3365609    4.00    2.00    0.00    0.00    6.00    14  postgres
10:54:13 AM 100998   3365611    3.00    2.00    0.00    0.00    5.00    10  postgres
10:54:13 AM 100998   3365612    4.00    3.00    0.00    0.00    7.00    14  postgres
10:54:13 AM 100998   3365613    3.00    2.00    0.00    0.00    5.00    14  postgres
10:54:13 AM 100998   3365615    2.00    3.00    0.00    0.00    5.00    14  postgres
10:54:13 AM 100998   3365616    4.00    2.00    0.00    0.00    6.00    10  postgres

10:54:13 AM   UID       PID    %usr %system  %guest   %wait    %CPU   CPU  Command
10:54:14 AM 100998   3364673    0.00    0.00    0.00    0.00    0.00    10  postgres
10:54:14 AM 100998   3364674    0.00    0.00    0.00    0.00    0.00    14  postgres
10:54:14 AM 100998   3364676    0.00    0.00    0.00    0.00    0.00    10  postgres
10:54:14 AM 100998   3364677    0.00    0.00    0.00    0.00    0.00    12  postgres
10:54:14 AM 100998   3365580    3.00    2.00    0.00    0.00    5.00    10  postgres
10:54:14 AM 100998   3365606    3.00    2.00    0.00    0.00    5.00    14  postgres
10:54:14 AM 100998   3365607    5.00    3.00    0.00    1.00    8.00    12  postgres
10:54:14 AM 100998   3365608    3.00    1.00    0.00    0.00    4.00    14  postgres
10:54:14 AM 100998   3365609    3.00    2.00    0.00    0.00    5.00    12  postgres
10:54:14 AM 100998   3365611    4.00    2.00    0.00    0.00    6.00    14  postgres
10:54:14 AM 100998   3365612    3.00    2.00    0.00    0.00    5.00    10  postgres
10:54:14 AM 100998   3365613    4.00    2.00    0.00    0.00    6.00    14  postgres
10:54:14 AM 100998   3365615    4.00    3.00    0.00    0.00    7.00    14  postgres
10:54:14 AM 100998   3365616    4.00    2.00    0.00    0.00    6.00    10  postgres

10:54:14 AM   UID       PID    %usr %system  %guest   %wait    %CPU   CPU  Command
10:54:15 AM 100998   3364673    0.00    0.00    0.00    0.00    0.00    10  postgres
10:54:15 AM 100998   3364674    0.00    0.00    0.00    0.00    0.00    12  postgres
10:54:15 AM 100998   3364676    0.00    0.00    0.00    0.00    0.00    10  postgres
10:54:15 AM 100998   3364677    0.00    0.00    0.00    0.00    0.00    12  postgres
10:54:15 AM 100998   3365580    4.00    4.00    0.00    0.00    8.00    14  postgres
10:54:15 AM 100998   3365606    4.00    3.00    0.00    0.00    7.00    10  postgres
10:54:15 AM 100998   3365607    4.00    2.00    0.00    0.00    6.00    10  postgres
10:54:15 AM 100998   3365608    3.00    3.00    0.00    1.00    6.00    12  postgres
10:54:15 AM 100998   3365609    3.00    2.00    0.00    0.00    5.00    12  postgres
10:54:15 AM 100998   3365611    3.00    2.00    0.00    0.00    5.00    14  postgres
10:54:15 AM 100998   3365612    4.00    3.00    0.00    0.00    7.00    12  postgres
10:54:15 AM 100998   3365613    3.00    2.00    0.00    0.00    5.00    10  postgres
10:54:15 AM 100998   3365615    2.00    1.00    0.00    0.00    3.00    14  postgres
10:54:15 AM 100998   3365616    2.00    1.00    0.00    0.00    3.00    14  postgres

10:54:15 AM   UID       PID    %usr %system  %guest   %wait    %CPU   CPU  Command
10:54:16 AM 100998   3364673    0.00    0.00    0.00    0.00    0.00    10  postgres
10:54:16 AM 100998   3364674    0.00    0.00    0.00    0.00    0.00    10  postgres
10:54:16 AM 100998   3364676    0.00    0.00    0.00    0.00    0.00    10  postgres
10:54:16 AM 100998   3364677    0.00    0.00    0.00    0.00    0.00    12  postgres
10:54:16 AM 100998   3365580    4.00    3.00    0.00    1.00    7.00    12  postgres
10:54:16 AM 100998   3365606    6.00    3.00    0.00    0.00    9.00    10  postgres
10:54:16 AM 100998   3365607    4.00    3.00    0.00    0.00    7.00    14  postgres
10:54:16 AM 100998   3365608    5.00    3.00    0.00    0.00    8.00    14  postgres
10:54:16 AM 100998   3365609    4.00    5.00    0.00    1.00    9.00    12  postgres
10:54:16 AM 100998   3365611    3.00    3.00    0.00    0.00    6.00    14  postgres
10:54:16 AM 100998   3365612    4.00    2.00    0.00    1.00    6.00    10  postgres
10:54:16 AM 100998   3365613    4.00    3.00    0.00    0.00    7.00    10  postgres
10:54:16 AM 100998   3365615    4.00    3.00    0.00    0.00    7.00    10  postgres
10:54:16 AM 100998   3365616    5.00    4.00    0.00    0.00    9.00    10  postgres

10:54:16 AM   UID       PID    %usr %system  %guest   %wait    %CPU   CPU  Command
10:54:17 AM 100998   3364673    0.00    0.00    0.00    0.00    0.00    10  postgres
10:54:17 AM 100998   3364674    0.00    0.00    0.00    0.00    0.00    14  postgres
10:54:17 AM 100998   3364676    0.00    0.00    0.00    0.00    0.00    10  postgres
10:54:17 AM 100998   3364677    0.00    0.00    0.00    0.00    0.00    12  postgres
10:54:17 AM 100998   3365580    4.00    2.00    0.00    0.00    6.00    12  postgres
10:54:17 AM 100998   3365606    4.00    3.00    0.00    1.00    7.00    10  postgres
10:54:17 AM 100998   3365607    4.00    3.00    0.00    0.00    7.00    10  postgres
10:54:17 AM 100998   3365608    3.00    3.00    0.00    0.00    6.00    14  postgres
10:54:17 AM 100998   3365609    3.00    2.00    0.00    0.00    5.00    12  postgres
10:54:17 AM 100998   3365611    2.00    2.00    0.00    0.00    4.00    14  postgres
10:54:17 AM 100998   3365612    3.00    3.00    0.00    0.00    6.00    10  postgres
10:54:17 AM 100998   3365613    2.00    2.00    0.00    0.00    4.00    12  postgres
10:54:17 AM 100998   3365615    2.00    2.00    0.00    0.00    4.00    10  postgres
10:54:17 AM 100998   3365616    3.00    2.00    0.00    1.00    5.00    10  postgres

10:54:17 AM   UID       PID    %usr %system  %guest   %wait    %CPU   CPU  Command
10:54:18 AM 100998   3364673    0.00    0.00    0.00    0.00    0.00    10  postgres
10:54:18 AM 100998   3364674    0.00    0.00    0.00    0.00    0.00    12  postgres
10:54:18 AM 100998   3364676    0.00    0.00    0.00    0.00    0.00    10  postgres
10:54:18 AM 100998   3364677    0.00    0.00    0.00    0.00    0.00    12  postgres
10:54:18 AM 100998   3365580    4.00    3.00    0.00    0.00    7.00    14  postgres
10:54:18 AM 100998   3365606    6.00    3.00    0.00    0.00    9.00    12  postgres
10:54:18 AM 100998   3365607    4.00    2.00    0.00    0.00    6.00    12  postgres
10:54:18 AM 100998   3365608    3.00    2.00    0.00    0.00    5.00    10  postgres
10:54:18 AM 100998   3365609    4.00    2.00    0.00    0.00    6.00    12  postgres
10:54:18 AM 100998   3365611    4.00    2.00    0.00    0.00    6.00    10  postgres
10:54:18 AM 100998   3365612    4.00    2.00    0.00    0.00    6.00    10  postgres
10:54:18 AM 100998   3365613    4.00    2.00    0.00    0.00    6.00    10  postgres
10:54:18 AM 100998   3365615    4.00    2.00    0.00    0.00    6.00    12  postgres
10:54:18 AM 100998   3365616    4.00    1.00    0.00    0.00    5.00    12  postgres

10:54:18 AM   UID       PID    %usr %system  %guest   %wait    %CPU   CPU  Command
10:54:19 AM 100998   3364673    0.00    0.00    0.00    0.00    0.00    10  postgres
10:54:19 AM 100998   3364674    0.00    0.00    0.00    0.00    0.00    14  postgres
10:54:19 AM 100998   3364676    0.00    0.00    0.00    0.00    0.00    10  postgres
10:54:19 AM 100998   3364677    0.00    0.00    0.00    0.00    0.00    12  postgres
10:54:19 AM 100998   3365580    4.00    2.00    0.00    0.00    6.00    10  postgres
10:54:19 AM 100998   3365606    6.00    3.00    0.00    0.00    9.00    14  postgres
10:54:19 AM 100998   3365607    5.00    3.00    0.00    0.00    8.00    10  postgres
10:54:19 AM 100998   3365608    5.00    3.00    0.00    0.00    8.00    12  postgres
10:54:19 AM 100998   3365609    3.00    3.00    0.00    0.00    6.00    12  postgres
10:54:19 AM 100998   3365611    4.00    2.00    0.00    0.00    6.00    12  postgres
10:54:19 AM 100998   3365612    4.00    2.00    0.00    0.00    6.00    10  postgres
10:54:19 AM 100998   3365613    3.00    2.00    0.00    0.00    5.00    14  postgres
10:54:19 AM 100998   3365615    3.00    3.00    0.00    1.00    6.00    14  postgres
10:54:19 AM 100998   3365616    4.00    3.00    0.00    0.00    7.00    14  postgres

10:54:19 AM   UID       PID    %usr %system  %guest   %wait    %CPU   CPU  Command
10:54:20 AM 100998   3364673    0.00    0.00    0.00    0.00    0.00    10  postgres
10:54:20 AM 100998   3364674    0.00    0.00    0.00    0.00    0.00    14  postgres
10:54:20 AM 100998   3364676    0.00    0.00    0.00    0.00    0.00    10  postgres
10:54:20 AM 100998   3364677    0.00    0.00    0.00    0.00    0.00    12  postgres
10:54:20 AM 100998   3365580    5.00    3.00    0.00    0.00    8.00    10  postgres
10:54:20 AM 100998   3365606    3.00    3.00    0.00    0.00    6.00    12  postgres
10:54:20 AM 100998   3365607    4.00    3.00    0.00    0.00    7.00    14  postgres
10:54:20 AM 100998   3365608    5.00    3.00    0.00    0.00    8.00    10  postgres
10:54:20 AM 100998   3365609    4.00    4.00    0.00    0.00    8.00    14  postgres
10:54:20 AM 100998   3365611    2.00    2.00    0.00    0.00    4.00    14  postgres
10:54:20 AM 100998   3365612    3.00    3.00    0.00    0.00    6.00    12  postgres
10:54:20 AM 100998   3365613    5.00    2.00    0.00    1.00    7.00    12  postgres
10:54:20 AM 100998   3365615    3.00    2.00    0.00    0.00    5.00    10  postgres
10:54:20 AM 100998   3365616    4.00    2.00    0.00    0.00    6.00    14  postgres

10:54:20 AM   UID       PID    %usr %system  %guest   %wait    %CPU   CPU  Command
10:54:21 AM 100998   3364673    0.00    0.00    0.00    0.00    0.00    10  postgres
10:54:21 AM 100998   3364674    0.00    0.00    0.00    0.00    0.00    12  postgres
10:54:21 AM 100998   3364676    0.00    0.00    0.00    0.00    0.00    10  postgres
10:54:21 AM 100998   3364677    0.00    0.00    0.00    0.00    0.00    12  postgres
10:54:21 AM 100998   3365580    3.00    3.00    0.00    0.00    6.00    12  postgres
10:54:21 AM 100998   3365606    5.00    3.00    0.00    0.00    8.00    14  postgres
10:54:21 AM 100998   3365607    5.00    3.00    0.00    0.00    8.00    14  postgres
10:54:21 AM 100998   3365608    5.00    3.00    0.00    0.00    8.00    14  postgres
10:54:21 AM 100998   3365609    4.00    2.00    0.00    0.00    6.00    12  postgres
10:54:21 AM 100998   3365611    4.00    3.00    0.00    1.00    7.00    14  postgres
10:54:21 AM 100998   3365612    3.00    3.00    0.00    0.00    6.00    14  postgres
10:54:21 AM 100998   3365613    4.00    3.00    0.00    0.00    7.00    14  postgres
10:54:21 AM 100998   3365615    4.00    2.00    0.00    0.00    6.00    12  postgres
10:54:21 AM 100998   3365616    3.00    2.00    0.00    0.00    5.00    10  postgres

10:54:21 AM   UID       PID    %usr %system  %guest   %wait    %CPU   CPU  Command
10:54:22 AM 100998   3364673    0.00    0.00    0.00    0.00    0.00    10  postgres
10:54:22 AM 100998   3364674    0.00    0.00    0.00    0.00    0.00    12  postgres
10:54:22 AM 100998   3364676    0.00    0.00    0.00    0.00    0.00    10  postgres
10:54:22 AM 100998   3364677    0.00    0.00    0.00    0.00    0.00    12  postgres
10:54:22 AM 100998   3365580    4.00    3.00    0.00    0.00    7.00    10  postgres
10:54:22 AM 100998   3365606    4.00    3.00    0.00    0.00    7.00    12  postgres
10:54:22 AM 100998   3365607    4.00    3.00    0.00    0.00    7.00    14  postgres
10:54:22 AM 100998   3365608    4.00    2.00    0.00    0.00    6.00    10  postgres
10:54:22 AM 100998   3365609    3.00    3.00    0.00    0.00    6.00    12  postgres
10:54:22 AM 100998   3365611    5.00    3.00    0.00    0.00    8.00    12  postgres
10:54:22 AM 100998   3365612    5.00    2.00    0.00    0.00    7.00    14  postgres
10:54:22 AM 100998   3365613    5.00    2.00    0.00    0.00    7.00    12  postgres
10:54:22 AM 100998   3365615    3.00    3.00    0.00    0.00    6.00    14  postgres
10:54:22 AM 100998   3365616    4.00    2.00    0.00    0.00    6.00    10  postgres

10:54:22 AM   UID       PID    %usr %system  %guest   %wait    %CPU   CPU  Command
10:54:23 AM 100998   3364673    0.00    0.00    0.00    0.00    0.00    10  postgres
10:54:23 AM 100998   3364674    0.00    0.00    0.00    0.00    0.00    12  postgres
10:54:23 AM 100998   3364676    0.00    0.00    0.00    0.00    0.00    10  postgres
10:54:23 AM 100998   3364677    0.00    0.00    0.00    0.00    0.00    12  postgres
10:54:23 AM 100998   3365580    5.00    2.00    0.00    0.00    7.00    12  postgres
10:54:23 AM 100998   3365606    4.00    2.00    0.00    0.00    6.00    12  postgres
10:54:23 AM 100998   3365607    4.00    2.00    0.00    0.00    6.00    10  postgres
10:54:23 AM 100998   3365608    7.00    3.00    0.00    1.00   10.00    10  postgres
10:54:23 AM 100998   3365609    4.00    4.00    0.00    0.00    8.00    14  postgres
10:54:23 AM 100998   3365611    3.00    4.00    0.00    0.00    7.00    10  postgres
10:54:23 AM 100998   3365612    4.00    3.00    0.00    0.00    7.00    10  postgres
10:54:23 AM 100998   3365613    5.00    2.00    0.00    0.00    7.00    14  postgres
10:54:23 AM 100998   3365615    3.00    4.00    0.00    0.00    7.00    12  postgres
10:54:23 AM 100998   3365616    4.00    2.00    0.00    0.00    6.00    12  postgres

10:54:23 AM   UID       PID    %usr %system  %guest   %wait    %CPU   CPU  Command
10:54:24 AM 100998   3364673    0.00    0.00    0.00    0.00    0.00    10  postgres
10:54:24 AM 100998   3364674    0.00    0.00    0.00    0.00    0.00    12  postgres
10:54:24 AM 100998   3364676    0.00    0.00    0.00    0.00    0.00    10  postgres
10:54:24 AM 100998   3364677    0.00    0.00    0.00    0.00    0.00    12  postgres
10:54:24 AM 100998   3365580    4.00    3.00    0.00    0.00    7.00    12  postgres
10:54:24 AM 100998   3365606    4.00    3.00    0.00    0.00    7.00    14  postgres
10:54:24 AM 100998   3365607    5.00    4.00    0.00    1.00    9.00    10  postgres
10:54:24 AM 100998   3365608    4.00    2.00    0.00    0.00    6.00    14  postgres
10:54:24 AM 100998   3365609    5.00    2.00    0.00    0.00    7.00    10  postgres
10:54:24 AM 100998   3365611    5.00    3.00    0.00    0.00    8.00    10  postgres
10:54:24 AM 100998   3365612    4.00    2.00    0.00    0.00    6.00    14  postgres
10:54:24 AM 100998   3365613    4.00    3.00    0.00    0.00    7.00    10  postgres
10:54:24 AM 100998   3365615    4.00    4.00    0.00    0.00    8.00    10  postgres
10:54:24 AM 100998   3365616    3.00    3.00    0.00    0.00    6.00    12  postgres

10:54:24 AM   UID       PID    %usr %system  %guest   %wait    %CPU   CPU  Command
10:54:25 AM 100998   3364673    0.00    0.00    0.00    0.00    0.00    10  postgres
10:54:25 AM 100998   3364674    0.00    0.00    0.00    0.00    0.00    12  postgres
10:54:25 AM 100998   3364676    0.00    0.00    0.00    0.00    0.00    10  postgres
10:54:25 AM 100998   3364677    0.00    0.00    0.00    0.00    0.00    12  postgres
10:54:25 AM 100998   3365580    3.00    3.00    0.00    0.00    6.00    14  postgres
10:54:25 AM 100998   3365606    5.00    3.00    0.00    0.00    8.00    14  postgres
10:54:25 AM 100998   3365607    5.00    3.00    0.00    0.00    8.00    12  postgres
10:54:25 AM 100998   3365608    5.00    3.00    0.00    0.00    8.00    10  postgres
10:54:25 AM 100998   3365609    3.00    2.00    0.00    0.00    5.00    12  postgres
10:54:25 AM 100998   3365611    4.00    2.00    0.00    0.00    6.00    12  postgres
10:54:25 AM 100998   3365612    4.00    3.00    0.00    0.00    7.00    14  postgres
10:54:25 AM 100998   3365613    3.00    3.00    0.00    0.00    6.00    14  postgres
10:54:25 AM 100998   3365615    3.00    3.00    0.00    0.00    6.00    10  postgres
10:54:25 AM 100998   3365616    4.00    2.00    0.00    0.00    6.00    12  postgres

10:54:25 AM   UID       PID    %usr %system  %guest   %wait    %CPU   CPU  Command
10:54:26 AM 100998   3364673    0.00    0.00    0.00    0.00    0.00    10  postgres
10:54:26 AM 100998   3364674    0.00    0.00    0.00    0.00    0.00    12  postgres
10:54:26 AM 100998   3364676    0.00    0.00    0.00    0.00    0.00    10  postgres
10:54:26 AM 100998   3364677    0.00    0.00    0.00    0.00    0.00    12  postgres
10:54:26 AM 100998   3365580    5.00    4.00    0.00    0.00    9.00    12  postgres
10:54:26 AM 100998   3365606    5.00    3.00    0.00    1.00    8.00    10  postgres
10:54:26 AM 100998   3365607    5.00    4.00    0.00    0.00    9.00    10  postgres
10:54:26 AM 100998   3365608    6.00    3.00    0.00    0.00    9.00    12  postgres
10:54:26 AM 100998   3365609    4.00    3.00    0.00    1.00    7.00    12  postgres
10:54:26 AM 100998   3365611    5.00    2.00    0.00    0.00    7.00    12  postgres
10:54:26 AM 100998   3365612    3.00    2.00    0.00    1.00    5.00    14  postgres
10:54:26 AM 100998   3365613    5.00    4.00    0.00    0.00    9.00    14  postgres
10:54:26 AM 100998   3365615    4.00    2.00    0.00    0.00    6.00    10  postgres
10:54:26 AM 100998   3365616    4.00    2.00    0.00    0.00    6.00    12  postgres

10:54:26 AM   UID       PID    %usr %system  %guest   %wait    %CPU   CPU  Command
10:54:27 AM 100998   3364673    0.00    0.00    0.00    0.00    0.00    10  postgres
10:54:27 AM 100998   3364674    0.00    0.00    0.00    0.00    0.00    12  postgres
10:54:27 AM 100998   3364676    0.00    0.00    0.00    0.00    0.00    10  postgres
10:54:27 AM 100998   3364677    0.00    0.00    0.00    0.00    0.00    12  postgres
10:54:27 AM 100998   3365580    4.00    3.00    0.00    0.00    7.00    12  postgres
10:54:27 AM 100998   3365606    5.00    4.00    0.00    0.00    9.00    12  postgres
10:54:27 AM 100998   3365607    5.00    3.00    0.00    0.00    8.00    14  postgres
10:54:27 AM 100998   3365608    5.00    4.00    0.00    0.00    9.00    12  postgres
10:54:27 AM 100998   3365609    6.00    4.00    0.00    0.00   10.00    10  postgres
10:54:27 AM 100998   3365611    5.00    4.00    0.00    1.00    9.00    12  postgres
10:54:27 AM 100998   3365612    6.00    4.00    0.00    0.00   10.00    14  postgres
10:54:27 AM 100998   3365613    4.00    3.00    0.00    1.00    7.00    10  postgres
10:54:27 AM 100998   3365615    5.00    3.00    0.00    0.00    8.00    10  postgres
10:54:27 AM 100998   3365616    4.00    3.00    0.00    0.00    7.00    10  postgres

10:54:27 AM   UID       PID    %usr %system  %guest   %wait    %CPU   CPU  Command
10:54:28 AM 100998   3364673    0.00    0.00    0.00    0.00    0.00    10  postgres
10:54:28 AM 100998   3364674    0.00    0.00    0.00    0.00    0.00    12  postgres
10:54:28 AM 100998   3364676    0.00    0.00    0.00    0.00    0.00    10  postgres
10:54:28 AM 100998   3364677    0.00    0.00    0.00    0.00    0.00    12  postgres
10:54:28 AM 100998   3365580    3.00    3.00    0.00    1.00    6.00    10  postgres
10:54:28 AM 100998   3365606    6.00    2.00    0.00    0.00    8.00    12  postgres
10:54:28 AM 100998   3365607    5.00    3.00    0.00    0.00    8.00    10  postgres
10:54:28 AM 100998   3365608    4.00    3.00    0.00    0.00    7.00    12  postgres
10:54:28 AM 100998   3365609    5.00    4.00    0.00    0.00    9.00    14  postgres
10:54:28 AM 100998   3365611    5.00    3.00    0.00    0.00    8.00    12  postgres
10:54:28 AM 100998   3365612    4.00    4.00    0.00    0.00    8.00    14  postgres
10:54:28 AM 100998   3365613    4.00    3.00    0.00    0.00    7.00    14  postgres
10:54:28 AM 100998   3365615    5.00    2.00    0.00    0.00    7.00    10  postgres
10:54:28 AM 100998   3365616    6.00    2.00    0.00    1.00    8.00    10  postgres

10:54:28 AM   UID       PID    %usr %system  %guest   %wait    %CPU   CPU  Command
10:54:29 AM 100998   3364673    0.00    0.00    0.00    0.00    0.00    10  postgres
10:54:29 AM 100998   3364674    0.00    0.00    0.00    0.00    0.00    12  postgres
10:54:29 AM 100998   3364676    0.00    0.00    0.00    0.00    0.00    10  postgres
10:54:29 AM 100998   3364677    0.00    0.00    0.00    0.00    0.00    12  postgres
10:54:29 AM 100998   3365580    5.00    3.00    0.00    0.00    8.00    12  postgres
10:54:29 AM 100998   3365606    4.00    5.00    0.00    0.00    9.00    14  postgres
10:54:29 AM 100998   3365607    5.00    4.00    0.00    0.00    9.00    10  postgres
10:54:29 AM 100998   3365608    5.00    3.00    0.00    1.00    8.00    14  postgres
10:54:29 AM 100998   3365609    7.00    4.00    0.00    0.00   11.00    14  postgres
10:54:29 AM 100998   3365611    4.00    4.00    0.00    0.00    8.00    14  postgres
10:54:29 AM 100998   3365612    4.00    3.00    0.00    0.00    7.00    10  postgres
10:54:29 AM 100998   3365613    6.00    4.00    0.00    0.00   10.00    12  postgres
10:54:29 AM 100998   3365615    4.00    4.00    0.00    1.00    8.00    14  postgres
10:54:29 AM 100998   3365616    4.00    3.00    0.00    0.00    7.00    14  postgres

10:54:29 AM   UID       PID    %usr %system  %guest   %wait    %CPU   CPU  Command
10:54:30 AM 100998   3364673    0.00    0.00    0.00    0.00    0.00    10  postgres
10:54:30 AM 100998   3364674    0.00    0.00    0.00    0.00    0.00    12  postgres
10:54:30 AM 100998   3364676    0.00    0.00    0.00    0.00    0.00    10  postgres
10:54:30 AM 100998   3364677    0.00    0.00    0.00    0.00    0.00    12  postgres
10:54:30 AM 100998   3365580    5.00    3.00    0.00    0.00    8.00    14  postgres
10:54:30 AM 100998   3365606    5.00    3.00    0.00    0.00    8.00    10  postgres
10:54:30 AM 100998   3365607    6.00    3.00    0.00    1.00    9.00    10  postgres
10:54:30 AM 100998   3365608    6.00    2.00    0.00    0.00    8.00    14  postgres
10:54:30 AM 100998   3365609    6.00    2.00    0.00    1.00    8.00    14  postgres
10:54:30 AM 100998   3365611    5.00    3.00    0.00    0.00    8.00    12  postgres
10:54:30 AM 100998   3365612    4.00    4.00    0.00    0.00    8.00    10  postgres
10:54:30 AM 100998   3365613    4.00    3.00    0.00    0.00    7.00    10  postgres
10:54:30 AM 100998   3365615    5.00    4.00    0.00    0.00    9.00    10  postgres
10:54:30 AM 100998   3365616    5.00    3.00    0.00    0.00    8.00    14  postgres

10:54:30 AM   UID       PID    %usr %system  %guest   %wait    %CPU   CPU  Command
10:54:31 AM 100998   3364673    0.00    0.00    0.00    0.00    0.00    10  postgres
10:54:31 AM 100998   3364674    0.00    0.00    0.00    0.00    0.00    12  postgres
10:54:31 AM 100998   3364676    0.00    0.00    0.00    0.00    0.00    10  postgres
10:54:31 AM 100998   3364677    0.00    0.00    0.00    0.00    0.00    12  postgres
10:54:31 AM 100998   3365580    6.00    4.00    0.00    0.00   10.00    14  postgres
10:54:31 AM 100998   3365606    5.00    3.00    0.00    0.00    8.00    10  postgres
10:54:31 AM 100998   3365607    5.00    3.00    0.00    0.00    8.00    12  postgres
10:54:31 AM 100998   3365608    6.00    4.00    0.00    0.00   10.00    10  postgres
10:54:31 AM 100998   3365609    5.00    3.00    0.00    0.00    8.00    14  postgres
10:54:31 AM 100998   3365611    5.00    4.00    0.00    0.00    9.00    10  postgres
10:54:31 AM 100998   3365612    5.00    3.00    0.00    0.00    8.00    12  postgres
10:54:31 AM 100998   3365613    4.00    3.00    0.00    0.00    7.00    10  postgres
10:54:31 AM 100998   3365615    5.00    3.00    0.00    0.00    8.00    12  postgres
10:54:31 AM 100998   3365616    5.00    3.00    0.00    0.00    8.00    14  postgres

10:54:31 AM   UID       PID    %usr %system  %guest   %wait    %CPU   CPU  Command
10:54:32 AM 100998   3364673    0.00    0.00    0.00    0.00    0.00    10  postgres
10:54:32 AM 100998   3364674    0.00    0.00    0.00    0.00    0.00    12  postgres
10:54:32 AM 100998   3364676    0.00    0.00    0.00    0.00    0.00    10  postgres
10:54:32 AM 100998   3364677    0.00    0.00    0.00    0.00    0.00    12  postgres
10:54:32 AM 100998   3365580    6.00    3.00    0.00    0.00    9.00    14  postgres
10:54:32 AM 100998   3365606    6.00    4.00    0.00    1.00   10.00    10  postgres
10:54:32 AM 100998   3365607    5.00    4.00    0.00    0.00    9.00    14  postgres
10:54:32 AM 100998   3365608    5.00    3.00    0.00    0.00    8.00    12  postgres
10:54:32 AM 100998   3365609    5.00    4.00    0.00    0.00    9.00    12  postgres
10:54:32 AM 100998   3365611    5.00    4.00    0.00    1.00    9.00    12  postgres
10:54:32 AM 100998   3365612    6.00    3.00    0.00    1.00    9.00    14  postgres
10:54:32 AM 100998   3365613    6.00    3.00    0.00    1.00    9.00    10  postgres
10:54:32 AM 100998   3365615    4.00    4.00    0.00    0.00    8.00    14  postgres
10:54:32 AM 100998   3365616    6.00    3.00    0.00    0.00    9.00    10  postgres

10:54:32 AM   UID       PID    %usr %system  %guest   %wait    %CPU   CPU  Command
10:54:33 AM 100998   3364673    0.00    0.00    0.00    0.00    0.00    10  postgres
10:54:33 AM 100998   3364674    0.00    0.00    0.00    0.00    0.00    12  postgres
10:54:33 AM 100998   3364676    0.00    0.00    0.00    0.00    0.00    10  postgres
10:54:33 AM 100998   3364677    0.00    0.00    0.00    0.00    0.00    12  postgres
10:54:33 AM 100998   3365580    5.00    3.00    0.00    1.00    8.00    14  postgres
10:54:33 AM 100998   3365606    5.00    3.00    0.00    0.00    8.00    12  postgres
10:54:33 AM 100998   3365607    5.00    4.00    0.00    0.00    9.00    12  postgres
10:54:33 AM 100998   3365608    5.00    3.00    0.00    0.00    8.00    14  postgres
10:54:33 AM 100998   3365609    5.00    3.00    0.00    0.00    8.00    12  postgres
10:54:33 AM 100998   3365611    5.00    3.00    0.00    0.00    8.00    12  postgres
10:54:33 AM 100998   3365612    4.00    4.00    0.00    0.00    8.00    14  postgres
10:54:33 AM 100998   3365613    4.00    3.00    0.00    0.00    7.00    10  postgres
10:54:33 AM 100998   3365615    5.00    2.00    0.00    0.00    7.00    14  postgres
10:54:33 AM 100998   3365616    5.00    3.00    0.00    1.00    8.00    10  postgres

10:54:33 AM   UID       PID    %usr %system  %guest   %wait    %CPU   CPU  Command
10:54:34 AM 100998   3364673    0.00    0.00    0.00    0.00    0.00    10  postgres
10:54:34 AM 100998   3364674    0.00    0.00    0.00    0.00    0.00    12  postgres
10:54:34 AM 100998   3364676    0.00    0.00    0.00    0.00    0.00    10  postgres
10:54:34 AM 100998   3364677    0.00    0.00    0.00    0.00    0.00    12  postgres
10:54:34 AM 100998   3365580    6.00    4.00    0.00    0.00   10.00    10  postgres
10:54:34 AM 100998   3365606    4.00    3.00    0.00    0.00    7.00    14  postgres
10:54:34 AM 100998   3365607    7.00    3.00    0.00    0.00   10.00    14  postgres
10:54:34 AM 100998   3365608    5.00    3.00    0.00    0.00    8.00    10  postgres
10:54:34 AM 100998   3365609    5.00    4.00    0.00    0.00    9.00    14  postgres
10:54:34 AM 100998   3365611    6.00    3.00    0.00    0.00    9.00    10  postgres
10:54:34 AM 100998   3365612    5.00    3.00    0.00    0.00    8.00    14  postgres
10:54:34 AM 100998   3365613    6.00    4.00    0.00    0.00   10.00    12  postgres
10:54:34 AM 100998   3365615    5.00    3.00    0.00    1.00    8.00    12  postgres
10:54:34 AM 100998   3365616    5.00    3.00    0.00    0.00    8.00    12  postgres

10:54:34 AM   UID       PID    %usr %system  %guest   %wait    %CPU   CPU  Command
10:54:35 AM 100998   3364673    0.00    0.00    0.00    0.00    0.00    10  postgres
10:54:35 AM 100998   3364674    0.00    0.00    0.00    0.00    0.00    12  postgres
10:54:35 AM 100998   3364676    0.00    0.00    0.00    0.00    0.00    12  postgres
10:54:35 AM 100998   3364677    0.00    0.00    0.00    0.00    0.00    12  postgres
10:54:35 AM 100998   3365580    5.00    3.00    0.00    0.00    8.00    10  postgres
10:54:35 AM 100998   3365606    5.00    4.00    0.00    0.00    9.00    10  postgres
10:54:35 AM 100998   3365607    5.00    3.00    0.00    1.00    8.00    12  postgres
10:54:35 AM 100998   3365608    6.00    3.00    0.00    1.00    9.00    10  postgres
10:54:35 AM 100998   3365609    4.00    3.00    0.00    1.00    7.00    14  postgres
10:54:35 AM 100998   3365611    4.00    3.00    0.00    0.00    7.00    12  postgres
10:54:35 AM 100998   3365612    4.00    4.00    0.00    0.00    8.00    10  postgres
10:54:35 AM 100998   3365613    6.00    3.00    0.00    0.00    9.00    14  postgres
10:54:35 AM 100998   3365615    5.00    4.00    0.00    0.00    9.00    14  postgres
10:54:35 AM 100998   3365616    5.00    2.00    0.00    0.00    7.00    10  postgres

10:54:35 AM   UID       PID    %usr %system  %guest   %wait    %CPU   CPU  Command
10:54:36 AM 100998   3364673    0.00    0.00    0.00    0.00    0.00    10  postgres
10:54:36 AM 100998   3364674    0.00    0.00    0.00    0.00    0.00    12  postgres
10:54:36 AM 100998   3364676    0.00    0.00    0.00    0.00    0.00    12  postgres
10:54:36 AM 100998   3364677    0.00    0.00    0.00    0.00    0.00    12  postgres
10:54:36 AM 100998   3365580    5.00    3.00    0.00    0.00    8.00    12  postgres
10:54:36 AM 100998   3365606    4.00    3.00    0.00    0.00    7.00    14  postgres
10:54:36 AM 100998   3365607    5.00    4.00    0.00    0.00    9.00    12  postgres
10:54:36 AM 100998   3365608    5.00    4.00    0.00    0.00    9.00    10  postgres
10:54:36 AM 100998   3365609    4.00    4.00    0.00    0.00    8.00    14  postgres
10:54:36 AM 100998   3365611    6.00    3.00    0.00    0.00    9.00    10  postgres
10:54:36 AM 100998   3365612    4.00    3.00    0.00    0.00    7.00    12  postgres
10:54:36 AM 100998   3365613    4.00    3.00    0.00    0.00    7.00    10  postgres
10:54:36 AM 100998   3365615    5.00    2.00    0.00    0.00    7.00    12  postgres
10:54:36 AM 100998   3365616    4.00    3.00    0.00    0.00    7.00    12  postgres

10:54:36 AM   UID       PID    %usr %system  %guest   %wait    %CPU   CPU  Command
10:54:37 AM 100998   3364673    0.00    0.00    0.00    0.00    0.00    10  postgres
10:54:37 AM 100998   3364674    0.00    0.00    0.00    0.00    0.00    12  postgres
10:54:37 AM 100998   3364676    0.00    0.00    0.00    0.00    0.00    12  postgres
10:54:37 AM 100998   3364677    0.00    0.00    0.00    0.00    0.00    12  postgres
10:54:37 AM 100998   3365580    5.00    3.00    0.00    0.00    8.00    14  postgres
10:54:37 AM 100998   3365606    5.00    3.00    0.00    0.00    8.00    10  postgres
10:54:37 AM 100998   3365607    5.00    3.00    0.00    0.00    8.00    14  postgres
10:54:37 AM 100998   3365608    5.00    3.00    0.00    0.00    8.00    10  postgres
10:54:37 AM 100998   3365609    5.00    4.00    0.00    0.00    9.00    10  postgres
10:54:37 AM 100998   3365611    4.00    3.00    0.00    0.00    7.00    12  postgres
10:54:37 AM 100998   3365612    6.00    2.00    0.00    1.00    8.00    12  postgres
10:54:37 AM 100998   3365613    5.00    3.00    0.00    1.00    8.00    14  postgres
10:54:37 AM 100998   3365615    6.00    2.00    0.00    0.00    8.00    14  postgres
10:54:37 AM 100998   3365616    5.00    3.00    0.00    0.00    8.00    12  postgres

10:54:37 AM   UID       PID    %usr %system  %guest   %wait    %CPU   CPU  Command
10:54:38 AM 100998   3364673    0.00    0.00    0.00    0.00    0.00    10  postgres
10:54:38 AM 100998   3364674    0.00    0.00    0.00    0.00    0.00    12  postgres
10:54:38 AM 100998   3364676    0.00    0.00    0.00    0.00    0.00    12  postgres
10:54:38 AM 100998   3364677    0.00    0.00    0.00    0.00    0.00    12  postgres
10:54:38 AM 100998   3365580    5.00    3.00    0.00    0.00    8.00    14  postgres
10:54:38 AM 100998   3365606    5.00    4.00    0.00    1.00    9.00    12  postgres
10:54:38 AM 100998   3365607    4.00    3.00    0.00    0.00    7.00    14  postgres
10:54:38 AM 100998   3365608    5.00    3.00    0.00    0.00    8.00    14  postgres
10:54:38 AM 100998   3365609    4.00    4.00    0.00    0.00    8.00    14  postgres
10:54:38 AM 100998   3365611    5.00    4.00    0.00    1.00    9.00    10  postgres
10:54:38 AM 100998   3365612    5.00    4.00    0.00    0.00    9.00    14  postgres
10:54:38 AM 100998   3365613    4.00    4.00    0.00    0.00    8.00    12  postgres
10:54:38 AM 100998   3365615    5.00    4.00    0.00    0.00    9.00    14  postgres
10:54:38 AM 100998   3365616    6.00    1.00    0.00    0.00    7.00    14  postgres

10:54:38 AM   UID       PID    %usr %system  %guest   %wait    %CPU   CPU  Command
10:54:39 AM 100998   3364673    0.00    0.00    0.00    0.00    0.00    10  postgres
10:54:39 AM 100998   3364674    0.00    0.00    0.00    0.00    0.00    12  postgres
10:54:39 AM 100998   3364676    0.00    0.00    0.00    0.00    0.00    12  postgres
10:54:39 AM 100998   3364677    0.00    0.00    0.00    0.00    0.00    12  postgres
10:54:39 AM 100998   3365580    5.00    3.00    0.00    0.00    8.00    12  postgres
10:54:39 AM 100998   3365606    4.00    3.00    0.00    0.00    7.00    10  postgres
10:54:39 AM 100998   3365607    4.00    4.00    0.00    1.00    8.00    14  postgres
10:54:39 AM 100998   3365608    3.00    4.00    0.00    1.00    7.00    12  postgres
10:54:39 AM 100998   3365609    4.00    4.00    0.00    0.00    8.00    12  postgres
10:54:39 AM 100998   3365611    4.00    3.00    0.00    0.00    7.00    10  postgres
10:54:39 AM 100998   3365612    4.00    2.00    0.00    0.00    6.00    12  postgres
10:54:39 AM 100998   3365613    4.00    3.00    0.00    0.00    7.00    10  postgres
10:54:39 AM 100998   3365615    3.00    3.00    0.00    0.00    6.00    14  postgres
10:54:39 AM 100998   3365616    3.00    3.00    0.00    1.00    6.00    14  postgres

10:54:39 AM   UID       PID    %usr %system  %guest   %wait    %CPU   CPU  Command
10:54:40 AM 100998   3364673    0.00    0.00    0.00    0.00    0.00    10  postgres
10:54:40 AM 100998   3364674    0.00    0.00    0.00    0.00    0.00    12  postgres
10:54:40 AM 100998   3364676    0.00    0.00    0.00    0.00    0.00    12  postgres
10:54:40 AM 100998   3364677    0.00    0.00    0.00    0.00    0.00    12  postgres
10:54:40 AM 100998   3365580    5.00    3.00    0.00    1.00    8.00    10  postgres
10:54:40 AM 100998   3365606    5.00    3.00    0.00    0.00    8.00    12  postgres
10:54:40 AM 100998   3365607    5.00    3.00    0.00    0.00    8.00    14  postgres
10:54:40 AM 100998   3365608    6.00    3.00    0.00    0.00    9.00    14  postgres
10:54:40 AM 100998   3365609    5.00    3.00    0.00    1.00    8.00    10  postgres
10:54:40 AM 100998   3365611    5.00    4.00    0.00    0.00    9.00    10  postgres
10:54:40 AM 100998   3365612    4.00    4.00    0.00    0.00    8.00    14  postgres
10:54:40 AM 100998   3365613    5.00    4.00    0.00    0.00    9.00    12  postgres
10:54:40 AM 100998   3365615    5.00    2.00    0.00    1.00    7.00    10  postgres
10:54:40 AM 100998   3365616    3.00    3.00    0.00    0.00    6.00    14  postgres

10:54:40 AM   UID       PID    %usr %system  %guest   %wait    %CPU   CPU  Command
10:54:41 AM 100998   3364673    0.00    0.00    0.00    0.00    0.00    10  postgres
10:54:41 AM 100998   3364674    0.00    0.00    0.00    0.00    0.00    12  postgres
10:54:41 AM 100998   3364676    0.00    0.00    0.00    0.00    0.00    12  postgres
10:54:41 AM 100998   3364677    0.00    0.00    0.00    0.00    0.00    12  postgres
10:54:41 AM 100998   3365580    5.00    3.00    0.00    0.00    8.00    12  postgres
10:54:41 AM 100998   3365606    6.00    4.00    0.00    0.00   10.00    12  postgres
10:54:41 AM 100998   3365607    5.00    4.00    0.00    0.00    9.00    14  postgres
10:54:41 AM 100998   3365608    4.00    3.00    0.00    0.00    7.00    12  postgres
10:54:41 AM 100998   3365609    6.00    3.00    0.00    0.00    9.00    10  postgres
10:54:41 AM 100998   3365611    5.00    4.00    0.00    0.00    9.00    14  postgres
10:54:41 AM 100998   3365612    5.00    4.00    0.00    1.00    9.00    10  postgres
10:54:41 AM 100998   3365613    4.00    3.00    0.00    0.00    7.00    14  postgres
10:54:41 AM 100998   3365615    6.00    4.00    0.00    0.00   10.00    10  postgres
10:54:41 AM 100998   3365616    4.00    3.00    0.00    0.00    7.00    12  postgres

10:54:41 AM   UID       PID    %usr %system  %guest   %wait    %CPU   CPU  Command
10:54:42 AM 100998   3364673    0.00    0.00    0.00    0.00    0.00    10  postgres
10:54:42 AM 100998   3364674    0.00    0.00    0.00    0.00    0.00    12  postgres
10:54:42 AM 100998   3364676    0.00    0.00    0.00    0.00    0.00    12  postgres
10:54:42 AM 100998   3364677    0.00    0.00    0.00    0.00    0.00    12  postgres
10:54:42 AM 100998   3365580    4.00    3.00    0.00    0.00    7.00    10  postgres
10:54:42 AM 100998   3365606    4.00    3.00    0.00    0.00    7.00    14  postgres
10:54:42 AM 100998   3365607    4.00    2.00    0.00    0.00    6.00    10  postgres
10:54:42 AM 100998   3365608    6.00    4.00    0.00    0.00   10.00    14  postgres
10:54:42 AM 100998   3365609    6.00    3.00    0.00    0.00    9.00    12  postgres
10:54:42 AM 100998   3365611    6.00    2.00    0.00    1.00    8.00    14  postgres
10:54:42 AM 100998   3365612    5.00    3.00    0.00    0.00    8.00    12  postgres
10:54:42 AM 100998   3365613    4.00    2.00    0.00    1.00    6.00    10  postgres
10:54:42 AM 100998   3365615    5.00    3.00    0.00    0.00    8.00    10  postgres
10:54:42 AM 100998   3365616    5.00    2.00    0.00    0.00    7.00    14  postgres

10:54:42 AM   UID       PID    %usr %system  %guest   %wait    %CPU   CPU  Command
10:54:43 AM 100998   3364673    0.00    0.00    0.00    0.00    0.00    10  postgres
10:54:43 AM 100998   3364674    0.00    0.00    0.00    0.00    0.00    12  postgres
10:54:43 AM 100998   3364676    0.00    0.00    0.00    0.00    0.00    12  postgres
10:54:43 AM 100998   3364677    0.00    0.00    0.00    0.00    0.00    12  postgres
10:54:43 AM 100998   3365580    0.00    0.00    0.00    0.00    0.00    14  postgres
10:54:43 AM 100998   3365606    0.00    0.00    0.00    0.00    0.00    14  postgres
10:54:43 AM 100998   3365607    0.00    1.00    0.00    0.00    1.00    12  postgres
10:54:43 AM 100998   3365608    0.00    0.00    0.00    0.00    0.00    12  postgres
10:54:43 AM 100998   3365609    0.00    0.00    0.00    0.00    0.00    12  postgres
10:54:43 AM 100998   3365611    0.00    0.00    0.00    0.00    0.00    12  postgres
10:54:43 AM 100998   3365612    0.00    0.00    0.00    0.00    0.00    10  postgres
10:54:43 AM 100998   3365613    0.00    0.00    0.00    0.00    0.00    10  postgres
10:54:43 AM 100998   3365615    0.00    0.00    0.00    0.00    0.00    12  postgres
10:54:43 AM 100998   3365616    0.00    0.00    0.00    0.00    0.00    10  postgres

10:54:43 AM   UID       PID    %usr %system  %guest   %wait    %CPU   CPU  Command
10:54:44 AM 100998   3364673    0.00    0.00    0.00    0.00    0.00    10  postgres
10:54:44 AM 100998   3364674    0.00    0.00    0.00    0.00    0.00    12  postgres
10:54:44 AM 100998   3364676    0.00    0.00    0.00    0.00    0.00    12  postgres
10:54:44 AM 100998   3364677    0.00    0.00    0.00    0.00    0.00    12  postgres
10:54:44 AM 100998   3365580    0.00    0.00    0.00    0.00    0.00    14  postgres
10:54:44 AM 100998   3365606    0.00    0.00    0.00    0.00    0.00    14  postgres
10:54:44 AM 100998   3365607    0.00    0.00    0.00    0.00    0.00    12  postgres
10:54:44 AM 100998   3365608    0.00    0.00    0.00    0.00    0.00    12  postgres
10:54:44 AM 100998   3365609    0.00    0.00    0.00    0.00    0.00    12  postgres
10:54:44 AM 100998   3365611    0.00    0.00    0.00    0.00    0.00    12  postgres
10:54:44 AM 100998   3365612    0.00    0.00    0.00    0.00    0.00    10  postgres
10:54:44 AM 100998   3365613    0.00    0.00    0.00    0.00    0.00    10  postgres
10:54:44 AM 100998   3365615    0.00    0.00    0.00    0.00    0.00    12  postgres
10:54:44 AM 100998   3365616    0.00    0.00    0.00    0.00    0.00    10  postgres

10:54:44 AM   UID       PID    %usr %system  %guest   %wait    %CPU   CPU  Command
10:54:45 AM 100998   3364673    0.00    0.00    0.00    0.00    0.00    10  postgres
10:54:45 AM 100998   3364674    0.00    0.00    0.00    0.00    0.00    12  postgres
10:54:45 AM 100998   3364676    0.00    0.00    0.00    0.00    0.00    12  postgres
10:54:45 AM 100998   3364677    0.00    0.00    0.00    0.00    0.00    12  postgres
10:54:45 AM 100998   3365580    0.00    0.00    0.00    0.00    0.00    14  postgres
10:54:45 AM 100998   3365606    0.00    0.00    0.00    0.00    0.00    14  postgres
10:54:45 AM 100998   3365607    0.00    0.00    0.00    0.00    0.00    12  postgres
10:54:45 AM 100998   3365608    0.00    0.00    0.00    0.00    0.00    12  postgres
10:54:45 AM 100998   3365609    0.00    0.00    0.00    0.00    0.00    12  postgres
10:54:45 AM 100998   3365611    0.00    0.00    0.00    0.00    0.00    12  postgres
10:54:45 AM 100998   3365612    0.00    0.00    0.00    0.00    0.00    10  postgres
10:54:45 AM 100998   3365613    0.00    0.00    0.00    0.00    0.00    10  postgres
10:54:45 AM 100998   3365615    0.00    0.00    0.00    0.00    0.00    12  postgres
10:54:45 AM 100998   3365616    0.00    0.00    0.00    0.00    0.00    10  postgres

10:54:45 AM   UID       PID    %usr %system  %guest   %wait    %CPU   CPU  Command
10:54:46 AM 100998   3364673    0.00    0.00    0.00    0.00    0.00    10  postgres
10:54:46 AM 100998   3364674    0.00    0.00    0.00    0.00    0.00    12  postgres
10:54:46 AM 100998   3364676    0.00    0.00    0.00    0.00    0.00    12  postgres
10:54:46 AM 100998   3364677    0.00    0.00    0.00    0.00    0.00    12  postgres
10:54:46 AM 100998   3365580    0.00    0.00    0.00    0.00    0.00    14  postgres
10:54:46 AM 100998   3365606    0.00    0.00    0.00    0.00    0.00    14  postgres
10:54:46 AM 100998   3365607    0.00    0.00    0.00    0.00    0.00    12  postgres
10:54:46 AM 100998   3365608    0.00    0.00    0.00    0.00    0.00    12  postgres
10:54:46 AM 100998   3365609    0.00    0.00    0.00    0.00    0.00    12  postgres
10:54:46 AM 100998   3365611    0.00    0.00    0.00    0.00    0.00    12  postgres
10:54:46 AM 100998   3365612    0.00    0.00    0.00    0.00    0.00    10  postgres
10:54:46 AM 100998   3365613    0.00    0.00    0.00    0.00    0.00    10  postgres
10:54:46 AM 100998   3365615    0.00    0.00    0.00    0.00    0.00    12  postgres
10:54:46 AM 100998   3365616    0.00    0.00    0.00    0.00    0.00    10  postgres

10:54:46 AM   UID       PID    %usr %system  %guest   %wait    %CPU   CPU  Command
10:54:47 AM 100998   3364673    0.00    0.00    0.00    0.00    0.00    10  postgres
10:54:47 AM 100998   3364674    0.00    0.00    0.00    0.00    0.00    12  postgres
10:54:47 AM 100998   3364676    0.00    0.00    0.00    0.00    0.00    12  postgres
10:54:47 AM 100998   3364677    0.00    0.00    0.00    0.00    0.00    12  postgres
10:54:47 AM 100998   3365580    0.00    0.00    0.00    0.00    0.00    14  postgres
10:54:47 AM 100998   3365606    0.00    0.00    0.00    0.00    0.00    14  postgres
10:54:47 AM 100998   3365607    0.00    0.00    0.00    0.00    0.00    12  postgres
10:54:47 AM 100998   3365608    0.00    0.00    0.00    0.00    0.00    12  postgres
10:54:47 AM 100998   3365609    0.00    0.00    0.00    0.00    0.00    12  postgres
10:54:47 AM 100998   3365611    0.00    0.00    0.00    0.00    0.00    12  postgres
10:54:47 AM 100998   3365612    0.00    0.00    0.00    0.00    0.00    10  postgres
10:54:47 AM 100998   3365613    0.00    0.00    0.00    0.00    0.00    10  postgres
10:54:47 AM 100998   3365615    0.00    0.00    0.00    0.00    0.00    12  postgres
10:54:47 AM 100998   3365616    0.00    0.00    0.00    0.00    0.00    10  postgres

10:54:47 AM   UID       PID    %usr %system  %guest   %wait    %CPU   CPU  Command
10:54:48 AM 100998   3364673    0.00    0.00    0.00    0.00    0.00    10  postgres
10:54:48 AM 100998   3364674    0.00    0.00    0.00    0.00    0.00    12  postgres
10:54:48 AM 100998   3364676    0.00    0.00    0.00    0.00    0.00    12  postgres
10:54:48 AM 100998   3364677    0.00    0.00    0.00    0.00    0.00    12  postgres
10:54:48 AM 100998   3365580    0.00    0.00    0.00    0.00    0.00    14  postgres
10:54:48 AM 100998   3365606    0.00    0.00    0.00    0.00    0.00    14  postgres
10:54:48 AM 100998   3365607    0.00    0.00    0.00    0.00    0.00    12  postgres
10:54:48 AM 100998   3365608    0.00    0.00    0.00    0.00    0.00    12  postgres
10:54:48 AM 100998   3365609    0.00    0.00    0.00    0.00    0.00    12  postgres
10:54:48 AM 100998   3365611    0.00    0.00    0.00    0.00    0.00    12  postgres
10:54:48 AM 100998   3365612    0.00    0.00    0.00    0.00    0.00    10  postgres
10:54:48 AM 100998   3365613    0.00    0.00    0.00    0.00    0.00    10  postgres
10:54:48 AM 100998   3365615    0.00    0.00    0.00    0.00    0.00    12  postgres
10:54:48 AM 100998   3365616    0.00    0.00    0.00    0.00    0.00    10  postgres

10:54:48 AM   UID       PID    %usr %system  %guest   %wait    %CPU   CPU  Command
10:54:49 AM 100998   3364673    0.00    0.00    0.00    0.00    0.00    10  postgres
10:54:49 AM 100998   3364674    0.00    0.00    0.00    0.00    0.00    12  postgres
10:54:49 AM 100998   3364676    0.00    0.00    0.00    0.00    0.00    12  postgres
10:54:49 AM 100998   3364677    0.00    0.00    0.00    0.00    0.00    12  postgres
10:54:49 AM 100998   3365580    0.00    0.00    0.00    0.00    0.00    14  postgres
10:54:49 AM 100998   3365606    0.00    0.00    0.00    0.00    0.00    14  postgres
10:54:49 AM 100998   3365607    0.00    0.00    0.00    0.00    0.00    12  postgres
10:54:49 AM 100998   3365608    0.00    0.00    0.00    0.00    0.00    12  postgres
10:54:49 AM 100998   3365609    0.00    0.00    0.00    0.00    0.00    12  postgres
10:54:49 AM 100998   3365611    0.00    0.00    0.00    0.00    0.00    12  postgres
10:54:49 AM 100998   3365612    0.00    0.00    0.00    0.00    0.00    10  postgres
10:54:49 AM 100998   3365613    0.00    0.00    0.00    0.00    0.00    10  postgres
10:54:49 AM 100998   3365615    0.00    0.00    0.00    0.00    0.00    12  postgres
10:54:49 AM 100998   3365616    0.00    0.00    0.00    0.00    0.00    10  postgres

10:54:49 AM   UID       PID    %usr %system  %guest   %wait    %CPU   CPU  Command
10:54:50 AM 100998   3364673    0.00    0.00    0.00    0.00    0.00    10  postgres
10:54:50 AM 100998   3364674    0.00    0.00    0.00    0.00    0.00    12  postgres
10:54:50 AM 100998   3364676    0.00    0.00    0.00    0.00    0.00    12  postgres
10:54:50 AM 100998   3364677    0.00    0.00    0.00    0.00    0.00    12  postgres
10:54:50 AM 100998   3365580    0.00    0.00    0.00    0.00    0.00    14  postgres
10:54:50 AM 100998   3365606    0.00    0.00    0.00    0.00    0.00    14  postgres
10:54:50 AM 100998   3365607    0.00    0.00    0.00    0.00    0.00    12  postgres
10:54:50 AM 100998   3365608    0.00    0.00    0.00    0.00    0.00    12  postgres
10:54:50 AM 100998   3365609    0.00    0.00    0.00    0.00    0.00    12  postgres
10:54:50 AM 100998   3365611    0.00    0.00    0.00    0.00    0.00    12  postgres
10:54:50 AM 100998   3365612    0.00    0.00    0.00    0.00    0.00    10  postgres
10:54:50 AM 100998   3365613    0.00    0.00    0.00    0.00    0.00    10  postgres
10:54:50 AM 100998   3365615    0.00    0.00    0.00    0.00    0.00    12  postgres
10:54:50 AM 100998   3365616    0.00    0.00    0.00    0.00    0.00    10  postgres

10:54:50 AM   UID       PID    %usr %system  %guest   %wait    %CPU   CPU  Command
10:54:51 AM 100998   3364673    0.00    0.00    0.00    0.00    0.00    10  postgres
10:54:51 AM 100998   3364674    0.00    0.00    0.00    0.00    0.00    12  postgres
10:54:51 AM 100998   3364676    0.00    0.00    0.00    0.00    0.00    12  postgres
10:54:51 AM 100998   3364677    0.00    0.00    0.00    0.00    0.00    12  postgres
10:54:51 AM 100998   3365580    0.00    0.00    0.00    0.00    0.00    14  postgres
10:54:51 AM 100998   3365606    0.00    0.00    0.00    0.00    0.00    14  postgres
10:54:51 AM 100998   3365607    0.00    0.00    0.00    0.00    0.00    12  postgres
10:54:51 AM 100998   3365608    0.00    0.00    0.00    0.00    0.00    12  postgres
10:54:51 AM 100998   3365609    0.00    0.00    0.00    0.00    0.00    12  postgres
10:54:51 AM 100998   3365611    0.00    0.00    0.00    0.00    0.00    12  postgres
10:54:51 AM 100998   3365612    0.00    0.00    0.00    0.00    0.00    10  postgres
10:54:51 AM 100998   3365613    0.00    0.00    0.00    0.00    0.00    10  postgres
10:54:51 AM 100998   3365615    0.00    0.00    0.00    0.00    0.00    12  postgres
10:54:51 AM 100998   3365616    0.00    0.00    0.00    0.00    0.00    10  postgres

10:54:51 AM   UID       PID    %usr %system  %guest   %wait    %CPU   CPU  Command
10:54:52 AM 100998   3364673    0.00    0.00    0.00    0.00    0.00    10  postgres
10:54:52 AM 100998   3364674    0.00    0.00    0.00    0.00    0.00    12  postgres
10:54:52 AM 100998   3364676    0.00    0.00    0.00    0.00    0.00    12  postgres
10:54:52 AM 100998   3364677    0.00    0.00    0.00    0.00    0.00    12  postgres
10:54:52 AM 100998   3365580    0.00    0.00    0.00    0.00    0.00    14  postgres
10:54:52 AM 100998   3365606    0.00    0.00    0.00    0.00    0.00    14  postgres
10:54:52 AM 100998   3365607    0.00    0.00    0.00    0.00    0.00    12  postgres
10:54:52 AM 100998   3365608    0.00    0.00    0.00    0.00    0.00    12  postgres
10:54:52 AM 100998   3365609    0.00    0.00    0.00    0.00    0.00    12  postgres
10:54:52 AM 100998   3365611    0.00    0.00    0.00    0.00    0.00    12  postgres
10:54:52 AM 100998   3365612    0.00    0.00    0.00    0.00    0.00    10  postgres
10:54:52 AM 100998   3365613    0.00    0.00    0.00    0.00    0.00    10  postgres
10:54:52 AM 100998   3365615    0.00    0.00    0.00    0.00    0.00    12  postgres
10:54:52 AM 100998   3365616    0.00    0.00    0.00    0.00    0.00    10  postgres

10:54:52 AM   UID       PID    %usr %system  %guest   %wait    %CPU   CPU  Command
10:54:53 AM 100998   3364673    0.00    0.00    0.00    0.00    0.00    10  postgres
10:54:53 AM 100998   3364674    0.00    0.00    0.00    0.00    0.00    12  postgres
10:54:53 AM 100998   3364676    0.00    0.00    0.00    0.00    0.00    12  postgres
10:54:53 AM 100998   3364677    0.00    0.00    0.00    0.00    0.00    12  postgres
10:54:53 AM 100998   3365580    0.00    0.00    0.00    0.00    0.00    14  postgres
10:54:53 AM 100998   3365606    0.00    0.00    0.00    0.00    0.00    14  postgres
10:54:53 AM 100998   3365607    0.00    0.00    0.00    0.00    0.00    12  postgres
10:54:53 AM 100998   3365608    0.00    0.00    0.00    0.00    0.00    12  postgres
10:54:53 AM 100998   3365609    0.00    0.00    0.00    0.00    0.00    12  postgres
10:54:53 AM 100998   3365611    0.00    0.00    0.00    0.00    0.00    12  postgres
10:54:53 AM 100998   3365612    0.00    0.00    0.00    0.00    0.00    10  postgres
10:54:53 AM 100998   3365613    0.00    0.00    0.00    0.00    0.00    10  postgres
10:54:53 AM 100998   3365615    0.00    0.00    0.00    0.00    0.00    12  postgres
10:54:53 AM 100998   3365616    0.00    0.00    0.00    0.00    0.00    10  postgres

10:54:53 AM   UID       PID    %usr %system  %guest   %wait    %CPU   CPU  Command
10:54:54 AM 100998   3364673    0.00    0.00    0.00    0.00    0.00    10  postgres
10:54:54 AM 100998   3364674    0.00    0.00    0.00    0.00    0.00    12  postgres
10:54:54 AM 100998   3364676    0.00    0.00    0.00    0.00    0.00    12  postgres
10:54:54 AM 100998   3364677    0.00    0.00    0.00    0.00    0.00    12  postgres
10:54:54 AM 100998   3365580    0.00    0.00    0.00    0.00    0.00    14  postgres
10:54:54 AM 100998   3365606    0.00    0.00    0.00    0.00    0.00    14  postgres
10:54:54 AM 100998   3365607    0.00    0.00    0.00    0.00    0.00    12  postgres
10:54:54 AM 100998   3365608    0.00    0.00    0.00    0.00    0.00    12  postgres
10:54:54 AM 100998   3365609    0.00    0.00    0.00    0.00    0.00    12  postgres
10:54:54 AM 100998   3365611    0.00    0.00    0.00    0.00    0.00    12  postgres
10:54:54 AM 100998   3365612    0.00    0.00    0.00    0.00    0.00    10  postgres
10:54:54 AM 100998   3365613    0.00    0.00    0.00    0.00    0.00    10  postgres
10:54:54 AM 100998   3365615    0.00    0.00    0.00    0.00    0.00    12  postgres
10:54:54 AM 100998   3365616    0.00    0.00    0.00    0.00    0.00    10  postgres

10:54:54 AM   UID       PID    %usr %system  %guest   %wait    %CPU   CPU  Command
10:54:55 AM 100998   3364673    0.00    0.00    0.00    0.00    0.00    10  postgres
10:54:55 AM 100998   3364674    0.00    0.00    0.00    0.00    0.00    12  postgres
10:54:55 AM 100998   3364676    0.00    0.00    0.00    0.00    0.00    12  postgres
10:54:55 AM 100998   3364677    0.00    0.00    0.00    0.00    0.00    12  postgres
10:54:55 AM 100998   3365580    0.00    0.00    0.00    0.00    0.00    14  postgres
10:54:55 AM 100998   3365606    0.00    0.00    0.00    0.00    0.00    14  postgres
10:54:55 AM 100998   3365607    0.00    0.00    0.00    0.00    0.00    12  postgres
10:54:55 AM 100998   3365608    0.00    0.00    0.00    0.00    0.00    12  postgres
10:54:55 AM 100998   3365609    0.00    0.00    0.00    0.00    0.00    12  postgres
10:54:55 AM 100998   3365611    0.00    0.00    0.00    0.00    0.00    12  postgres
10:54:55 AM 100998   3365612    0.00    0.00    0.00    0.00    0.00    10  postgres
10:54:55 AM 100998   3365613    0.00    0.00    0.00    0.00    0.00    10  postgres
10:54:55 AM 100998   3365615    0.00    0.00    0.00    0.00    0.00    12  postgres
10:54:55 AM 100998   3365616    0.00    0.00    0.00    0.00    0.00    10  postgres

10:54:55 AM   UID       PID    %usr %system  %guest   %wait    %CPU   CPU  Command
10:54:56 AM 100998   3364673    0.00    0.00    0.00    0.00    0.00    10  postgres
10:54:56 AM 100998   3364674    0.00    0.00    0.00    0.00    0.00    12  postgres
10:54:56 AM 100998   3364676    0.00    0.00    0.00    0.00    0.00    12  postgres
10:54:56 AM 100998   3364677    0.00    0.00    0.00    0.00    0.00    12  postgres
10:54:56 AM 100998   3365580    0.00    0.00    0.00    0.00    0.00    14  postgres
10:54:56 AM 100998   3365606    0.00    0.00    0.00    0.00    0.00    14  postgres
10:54:56 AM 100998   3365607    0.00    0.00    0.00    0.00    0.00    12  postgres
10:54:56 AM 100998   3365608    0.00    0.00    0.00    0.00    0.00    12  postgres
10:54:56 AM 100998   3365609    0.00    0.00    0.00    0.00    0.00    12  postgres
10:54:56 AM 100998   3365611    0.00    0.00    0.00    0.00    0.00    12  postgres
10:54:56 AM 100998   3365612    0.00    0.00    0.00    0.00    0.00    10  postgres
10:54:56 AM 100998   3365613    0.00    0.00    0.00    0.00    0.00    10  postgres
10:54:56 AM 100998   3365615    0.00    0.00    0.00    0.00    0.00    12  postgres
10:54:56 AM 100998   3365616    0.00    0.00    0.00    0.00    0.00    10  postgres

10:54:56 AM   UID       PID    %usr %system  %guest   %wait    %CPU   CPU  Command
10:54:57 AM 100998   3364673    0.00    0.00    0.00    0.00    0.00    10  postgres
10:54:57 AM 100998   3364674    0.00    0.00    0.00    0.00    0.00    12  postgres
10:54:57 AM 100998   3364676    0.00    0.00    0.00    0.00    0.00    12  postgres
10:54:57 AM 100998   3364677    0.00    0.00    0.00    0.00    0.00    12  postgres
10:54:57 AM 100998   3365580    0.00    0.00    0.00    0.00    0.00    14  postgres
10:54:57 AM 100998   3365606    0.00    0.00    0.00    0.00    0.00    14  postgres
10:54:57 AM 100998   3365607    0.00    0.00    0.00    0.00    0.00    12  postgres
10:54:57 AM 100998   3365608    0.00    0.00    0.00    0.00    0.00    12  postgres
10:54:57 AM 100998   3365609    0.00    0.00    0.00    0.00    0.00    12  postgres
10:54:57 AM 100998   3365611    0.00    0.00    0.00    0.00    0.00    12  postgres
10:54:57 AM 100998   3365612    0.00    0.00    0.00    0.00    0.00    10  postgres
10:54:57 AM 100998   3365613    0.00    0.00    0.00    0.00    0.00    10  postgres
10:54:57 AM 100998   3365615    0.00    0.00    0.00    0.00    0.00    12  postgres
10:54:57 AM 100998   3365616    0.00    0.00    0.00    0.00    0.00    10  postgres

10:54:57 AM   UID       PID    %usr %system  %guest   %wait    %CPU   CPU  Command
10:54:58 AM 100998   3364673    0.00    0.00    0.00    0.00    0.00    10  postgres
10:54:58 AM 100998   3364674    0.00    0.00    0.00    0.00    0.00    12  postgres
10:54:58 AM 100998   3364676    0.00    0.00    0.00    0.00    0.00    12  postgres
10:54:58 AM 100998   3364677    0.00    0.00    0.00    0.00    0.00    12  postgres
10:54:58 AM 100998   3365580    0.00    0.00    0.00    0.00    0.00    14  postgres
10:54:58 AM 100998   3365606    0.00    0.00    0.00    0.00    0.00    14  postgres
10:54:58 AM 100998   3365607    0.00    0.00    0.00    0.00    0.00    12  postgres
10:54:58 AM 100998   3365608    0.00    0.00    0.00    0.00    0.00    12  postgres
10:54:58 AM 100998   3365609    0.00    0.00    0.00    0.00    0.00    12  postgres
10:54:58 AM 100998   3365611    0.00    0.00    0.00    0.00    0.00    12  postgres
10:54:58 AM 100998   3365612    0.00    0.00    0.00    0.00    0.00    10  postgres
10:54:58 AM 100998   3365613    0.00    0.00    0.00    0.00    0.00    10  postgres
10:54:58 AM 100998   3365615    0.00    0.00    0.00    0.00    0.00    12  postgres
10:54:58 AM 100998   3365616    0.00    0.00    0.00    0.00    0.00    10  postgres

10:54:58 AM   UID       PID    %usr %system  %guest   %wait    %CPU   CPU  Command
10:54:59 AM 100998   3364673    0.00    0.00    0.00    0.00    0.00    10  postgres
10:54:59 AM 100998   3364674    0.00    0.00    0.00    0.00    0.00    12  postgres
10:54:59 AM 100998   3364676    0.00    0.00    0.00    0.00    0.00    12  postgres
10:54:59 AM 100998   3364677    0.00    0.00    0.00    0.00    0.00    12  postgres
10:54:59 AM 100998   3365580    0.00    0.00    0.00    0.00    0.00    14  postgres
10:54:59 AM 100998   3365606    0.00    0.00    0.00    0.00    0.00    14  postgres
10:54:59 AM 100998   3365607    0.00    0.00    0.00    0.00    0.00    12  postgres
10:54:59 AM 100998   3365608    0.00    0.00    0.00    0.00    0.00    12  postgres
10:54:59 AM 100998   3365609    0.00    0.00    0.00    0.00    0.00    12  postgres
10:54:59 AM 100998   3365611    0.00    0.00    0.00    0.00    0.00    12  postgres
10:54:59 AM 100998   3365612    0.00    0.00    0.00    0.00    0.00    10  postgres
10:54:59 AM 100998   3365613    0.00    0.00    0.00    0.00    0.00    10  postgres
10:54:59 AM 100998   3365615    0.00    0.00    0.00    0.00    0.00    12  postgres
10:54:59 AM 100998   3365616    0.00    0.00    0.00    0.00    0.00    10  postgres

10:54:59 AM   UID       PID    %usr %system  %guest   %wait    %CPU   CPU  Command
10:55:00 AM 100998   3364673    0.00    0.00    0.00    0.00    0.00    10  postgres
10:55:00 AM 100998   3364674    0.00    0.00    0.00    0.00    0.00    12  postgres
10:55:00 AM 100998   3364676    0.00    0.00    0.00    0.00    0.00    12  postgres
10:55:00 AM 100998   3364677    0.00    0.00    0.00    0.00    0.00    12  postgres
10:55:00 AM 100998   3365580    0.00    0.00    0.00    0.00    0.00    14  postgres
10:55:00 AM 100998   3365606    0.00    0.00    0.00    0.00    0.00    14  postgres
10:55:00 AM 100998   3365607    0.00    0.00    0.00    0.00    0.00    12  postgres
10:55:00 AM 100998   3365608    0.00    0.00    0.00    0.00    0.00    12  postgres
10:55:00 AM 100998   3365609    0.00    0.00    0.00    0.00    0.00    12  postgres
10:55:00 AM 100998   3365611    0.00    0.00    0.00    0.00    0.00    12  postgres
10:55:00 AM 100998   3365612    0.00    0.00    0.00    0.00    0.00    10  postgres
10:55:00 AM 100998   3365613    0.00    0.00    0.00    0.00    0.00    10  postgres
10:55:00 AM 100998   3365615    0.00    0.00    0.00    0.00    0.00    12  postgres
10:55:00 AM 100998   3365616    0.00    0.00    0.00    0.00    0.00    10  postgres

10:55:00 AM   UID       PID    %usr %system  %guest   %wait    %CPU   CPU  Command
10:55:01 AM 100998   3364673    0.00    0.00    0.00    0.00    0.00    10  postgres
10:55:01 AM 100998   3364674    0.00    0.00    0.00    0.00    0.00    12  postgres
10:55:01 AM 100998   3364676    0.00    0.00    0.00    0.00    0.00    12  postgres
10:55:01 AM 100998   3364677    0.00    0.00    0.00    0.00    0.00    12  postgres
10:55:01 AM 100998   3365580    0.00    0.00    0.00    0.00    0.00    14  postgres
10:55:01 AM 100998   3365606    0.00    0.00    0.00    0.00    0.00    14  postgres
10:55:01 AM 100998   3365607    0.00    0.00    0.00    0.00    0.00    12  postgres
10:55:01 AM 100998   3365608    0.00    0.00    0.00    0.00    0.00    12  postgres
10:55:01 AM 100998   3365609    0.00    0.00    0.00    0.00    0.00    12  postgres
10:55:01 AM 100998   3365611    0.00    0.00    0.00    0.00    0.00    12  postgres
10:55:01 AM 100998   3365612    0.00    0.00    0.00    0.00    0.00    10  postgres
10:55:01 AM 100998   3365613    0.00    0.00    0.00    0.00    0.00    10  postgres
10:55:01 AM 100998   3365615    0.00    0.00    0.00    0.00    0.00    12  postgres
10:55:01 AM 100998   3365616    0.00    0.00    0.00    0.00    0.00    10  postgres

10:55:01 AM   UID       PID    %usr %system  %guest   %wait    %CPU   CPU  Command
10:55:02 AM 100998   3364673    0.00    0.00    0.00    0.00    0.00    10  postgres
10:55:02 AM 100998   3364674    0.00    0.00    0.00    0.00    0.00    12  postgres
10:55:02 AM 100998   3364676    0.00    0.00    0.00    0.00    0.00    12  postgres
10:55:02 AM 100998   3364677    0.00    0.00    0.00    0.00    0.00    12  postgres
10:55:02 AM 100998   3365580    0.00    0.00    0.00    0.00    0.00    14  postgres
10:55:02 AM 100998   3365606    0.00    0.00    0.00    0.00    0.00    14  postgres
10:55:02 AM 100998   3365607    0.00    0.00    0.00    0.00    0.00    12  postgres
10:55:02 AM 100998   3365608    0.00    0.00    0.00    0.00    0.00    12  postgres
10:55:02 AM 100998   3365609    0.00    0.00    0.00    0.00    0.00    12  postgres
10:55:02 AM 100998   3365611    0.00    0.00    0.00    0.00    0.00    12  postgres
10:55:02 AM 100998   3365612    0.00    0.00    0.00    0.00    0.00    10  postgres
10:55:02 AM 100998   3365613    0.00    0.00    0.00    0.00    0.00    10  postgres
10:55:02 AM 100998   3365615    0.00    0.00    0.00    0.00    0.00    12  postgres
10:55:02 AM 100998   3365616    0.00    0.00    0.00    0.00    0.00    10  postgres

10:55:02 AM   UID       PID    %usr %system  %guest   %wait    %CPU   CPU  Command
10:55:03 AM 100998   3364673    0.00    0.00    0.00    0.00    0.00    10  postgres
10:55:03 AM 100998   3364674    0.00    0.00    0.00    0.00    0.00    12  postgres
10:55:03 AM 100998   3364676    0.00    0.00    0.00    0.00    0.00    12  postgres
10:55:03 AM 100998   3364677    0.00    0.00    0.00    0.00    0.00    12  postgres
10:55:03 AM 100998   3365580    0.00    0.00    0.00    0.00    0.00    14  postgres
10:55:03 AM 100998   3365606    0.00    0.00    0.00    0.00    0.00    14  postgres
10:55:03 AM 100998   3365607    0.00    0.00    0.00    0.00    0.00    12  postgres
10:55:03 AM 100998   3365608    0.00    0.00    0.00    0.00    0.00    12  postgres
10:55:03 AM 100998   3365609    0.00    0.00    0.00    0.00    0.00    12  postgres
10:55:03 AM 100998   3365611    0.00    0.00    0.00    0.00    0.00    12  postgres
10:55:03 AM 100998   3365612    0.00    0.00    0.00    0.00    0.00    10  postgres
10:55:03 AM 100998   3365613    0.00    0.00    0.00    0.00    0.00    10  postgres
10:55:03 AM 100998   3365615    0.00    0.00    0.00    0.00    0.00    12  postgres
10:55:03 AM 100998   3365616    0.00    0.00    0.00    0.00    0.00    10  postgres

10:55:03 AM   UID       PID    %usr %system  %guest   %wait    %CPU   CPU  Command
10:55:04 AM 100998   3364673    0.00    0.00    0.00    0.00    0.00    10  postgres
10:55:04 AM 100998   3364674    0.00    0.00    0.00    0.00    0.00    12  postgres
10:55:04 AM 100998   3364676    0.00    0.00    0.00    0.00    0.00    12  postgres
10:55:04 AM 100998   3364677    0.00    0.00    0.00    0.00    0.00    12  postgres
10:55:04 AM 100998   3365580    0.00    0.00    0.00    0.00    0.00    14  postgres
10:55:04 AM 100998   3365606    0.00    0.00    0.00    0.00    0.00    14  postgres
10:55:04 AM 100998   3365607    0.00    0.00    0.00    0.00    0.00    12  postgres
10:55:04 AM 100998   3365608    0.00    0.00    0.00    0.00    0.00    12  postgres
10:55:04 AM 100998   3365609    0.00    0.00    0.00    0.00    0.00    12  postgres
10:55:04 AM 100998   3365611    0.00    0.00    0.00    0.00    0.00    12  postgres
10:55:04 AM 100998   3365612    0.00    0.00    0.00    0.00    0.00    10  postgres
10:55:04 AM 100998   3365613    0.00    0.00    0.00    0.00    0.00    10  postgres
10:55:04 AM 100998   3365615    0.00    0.00    0.00    0.00    0.00    12  postgres
10:55:04 AM 100998   3365616    0.00    0.00    0.00    0.00    0.00    10  postgres

10:55:04 AM   UID       PID    %usr %system  %guest   %wait    %CPU   CPU  Command
10:55:05 AM 100998   3364673    0.00    0.00    0.00    0.00    0.00    10  postgres
10:55:05 AM 100998   3364674    0.00    0.00    0.00    0.00    0.00    12  postgres
10:55:05 AM 100998   3364676    0.00    0.00    0.00    0.00    0.00    12  postgres
10:55:05 AM 100998   3364677    0.00    0.00    0.00    0.00    0.00    12  postgres
10:55:05 AM 100998   3365580    0.00    0.00    0.00    0.00    0.00    14  postgres
10:55:05 AM 100998   3365606    0.00    0.00    0.00    0.00    0.00    14  postgres
10:55:05 AM 100998   3365607    0.00    0.00    0.00    0.00    0.00    12  postgres
10:55:05 AM 100998   3365608    0.00    0.00    0.00    0.00    0.00    12  postgres
10:55:05 AM 100998   3365609    0.00    0.00    0.00    0.00    0.00    12  postgres
10:55:05 AM 100998   3365611    0.00    0.00    0.00    0.00    0.00    12  postgres
10:55:05 AM 100998   3365612    0.00    0.00    0.00    0.00    0.00    10  postgres
10:55:05 AM 100998   3365613    0.00    0.00    0.00    0.00    0.00    10  postgres
10:55:05 AM 100998   3365615    0.00    0.00    0.00    0.00    0.00    12  postgres
10:55:05 AM 100998   3365616    0.00    0.00    0.00    0.00    0.00    10  postgres

10:55:05 AM   UID       PID    %usr %system  %guest   %wait    %CPU   CPU  Command
10:55:06 AM 100998   3364673    0.00    0.00    0.00    0.00    0.00    10  postgres
10:55:06 AM 100998   3364674    0.00    0.00    0.00    0.00    0.00    12  postgres
10:55:06 AM 100998   3364676    0.00    0.00    0.00    0.00    0.00    12  postgres
10:55:06 AM 100998   3364677    0.00    0.00    0.00    0.00    0.00    12  postgres
10:55:06 AM 100998   3365580    0.00    0.00    0.00    0.00    0.00    14  postgres
10:55:06 AM 100998   3365606    0.00    0.00    0.00    0.00    0.00    14  postgres
10:55:06 AM 100998   3365607    0.00    0.00    0.00    0.00    0.00    12  postgres
10:55:06 AM 100998   3365608    0.00    0.00    0.00    0.00    0.00    12  postgres
10:55:06 AM 100998   3365609    0.00    0.00    0.00    0.00    0.00    12  postgres
10:55:06 AM 100998   3365611    0.00    0.00    0.00    0.00    0.00    12  postgres
10:55:06 AM 100998   3365612    0.00    0.00    0.00    0.00    0.00    10  postgres
10:55:06 AM 100998   3365613    0.00    0.00    0.00    0.00    0.00    10  postgres
10:55:06 AM 100998   3365615    0.00    0.00    0.00    0.00    0.00    12  postgres
10:55:06 AM 100998   3365616    0.00    0.00    0.00    0.00    0.00    10  postgres

10:55:06 AM   UID       PID    %usr %system  %guest   %wait    %CPU   CPU  Command
10:55:07 AM 100998   3364673    0.00    0.00    0.00    0.00    0.00    10  postgres
10:55:07 AM 100998   3364674    0.00    0.00    0.00    0.00    0.00    12  postgres
10:55:07 AM 100998   3364676    0.00    0.00    0.00    0.00    0.00    12  postgres
10:55:07 AM 100998   3364677    0.00    0.00    0.00    0.00    0.00    12  postgres
10:55:07 AM 100998   3365580    0.00    0.00    0.00    0.00    0.00    14  postgres
10:55:07 AM 100998   3365606    0.00    0.00    0.00    0.00    0.00    14  postgres
10:55:07 AM 100998   3365607    0.00    0.00    0.00    0.00    0.00    12  postgres
10:55:07 AM 100998   3365608    0.00    0.00    0.00    0.00    0.00    12  postgres
10:55:07 AM 100998   3365609    0.00    0.00    0.00    0.00    0.00    12  postgres
10:55:07 AM 100998   3365611    0.00    0.00    0.00    0.00    0.00    12  postgres
10:55:07 AM 100998   3365612    0.00    0.00    0.00    0.00    0.00    10  postgres
10:55:07 AM 100998   3365613    0.00    0.00    0.00    0.00    0.00    10  postgres
10:55:07 AM 100998   3365615    0.00    0.00    0.00    0.00    0.00    12  postgres
10:55:07 AM 100998   3365616    0.00    0.00    0.00    0.00    0.00    10  postgres

10:55:07 AM   UID       PID    %usr %system  %guest   %wait    %CPU   CPU  Command
10:55:08 AM 100998   3364673    0.00    0.00    0.00    0.00    0.00    10  postgres
10:55:08 AM 100998   3364674    0.00    0.00    0.00    0.00    0.00    12  postgres
10:55:08 AM 100998   3364676    0.00    0.00    0.00    0.00    0.00    12  postgres
10:55:08 AM 100998   3364677    0.00    0.00    0.00    0.00    0.00    12  postgres
10:55:08 AM 100998   3365580    0.00    0.00    0.00    0.00    0.00    14  postgres
10:55:08 AM 100998   3365606    0.00    0.00    0.00    0.00    0.00    14  postgres
10:55:08 AM 100998   3365607    0.00    0.00    0.00    0.00    0.00    12  postgres
10:55:08 AM 100998   3365608    0.00    0.00    0.00    0.00    0.00    12  postgres
10:55:08 AM 100998   3365609    0.00    0.00    0.00    0.00    0.00    12  postgres
10:55:08 AM 100998   3365611    0.00    0.00    0.00    0.00    0.00    12  postgres
10:55:08 AM 100998   3365612    0.00    0.00    0.00    0.00    0.00    10  postgres
10:55:08 AM 100998   3365613    0.00    0.00    0.00    0.00    0.00    10  postgres
10:55:08 AM 100998   3365615    0.00    0.00    0.00    0.00    0.00    12  postgres
10:55:08 AM 100998   3365616    0.00    0.00    0.00    0.00    0.00    10  postgres

10:55:08 AM   UID       PID    %usr %system  %guest   %wait    %CPU   CPU  Command
10:55:09 AM 100998   3364673    0.00    0.00    0.00    0.00    0.00    10  postgres
10:55:09 AM 100998   3364674    0.00    0.00    0.00    0.00    0.00    12  postgres
10:55:09 AM 100998   3364676    0.00    0.00    0.00    0.00    0.00    12  postgres
10:55:09 AM 100998   3364677    0.00    0.00    0.00    0.00    0.00    12  postgres
10:55:09 AM 100998   3365580    0.00    0.00    0.00    0.00    0.00    14  postgres
10:55:09 AM 100998   3365606    0.00    0.00    0.00    0.00    0.00    14  postgres
10:55:09 AM 100998   3365607    0.00    0.00    0.00    0.00    0.00    12  postgres
10:55:09 AM 100998   3365608    0.00    0.00    0.00    0.00    0.00    12  postgres
10:55:09 AM 100998   3365609    0.00    0.00    0.00    0.00    0.00    12  postgres
10:55:09 AM 100998   3365611    0.00    0.00    0.00    0.00    0.00    12  postgres
10:55:09 AM 100998   3365612    0.00    0.00    0.00    0.00    0.00    10  postgres
10:55:09 AM 100998   3365613    0.00    0.00    0.00    0.00    0.00    10  postgres
10:55:09 AM 100998   3365615    0.00    0.00    0.00    0.00    0.00    12  postgres
10:55:09 AM 100998   3365616    0.00    0.00    0.00    0.00    0.00    10  postgres

10:55:09 AM   UID       PID    %usr %system  %guest   %wait    %CPU   CPU  Command
10:55:10 AM 100998   3364673    0.00    0.00    0.00    0.00    0.00    10  postgres
10:55:10 AM 100998   3364674    0.00    0.00    0.00    0.00    0.00    12  postgres
10:55:10 AM 100998   3364676    0.00    0.00    0.00    0.00    0.00    12  postgres
10:55:10 AM 100998   3364677    0.00    0.00    0.00    0.00    0.00    12  postgres
10:55:10 AM 100998   3365580    0.00    0.00    0.00    0.00    0.00    14  postgres
10:55:10 AM 100998   3365606    0.00    0.00    0.00    0.00    0.00    14  postgres
10:55:10 AM 100998   3365607    0.00    0.00    0.00    0.00    0.00    12  postgres
10:55:10 AM 100998   3365608    0.00    0.00    0.00    0.00    0.00    12  postgres
10:55:10 AM 100998   3365609    0.00    0.00    0.00    0.00    0.00    12  postgres
10:55:10 AM 100998   3365611    0.00    0.00    0.00    0.00    0.00    12  postgres
10:55:10 AM 100998   3365612    0.00    0.00    0.00    0.00    0.00    10  postgres
10:55:10 AM 100998   3365613    0.00    0.00    0.00    0.00    0.00    10  postgres
10:55:10 AM 100998   3365615    0.00    0.00    0.00    0.00    0.00    12  postgres
10:55:10 AM 100998   3365616    0.00    0.00    0.00    0.00    0.00    10  postgres

10:55:10 AM   UID       PID    %usr %system  %guest   %wait    %CPU   CPU  Command
10:55:11 AM 100998   3364673    0.00    0.00    0.00    0.00    0.00    10  postgres
10:55:11 AM 100998   3364674    0.00    0.00    0.00    0.00    0.00    12  postgres
10:55:11 AM 100998   3364676    0.00    0.00    0.00    0.00    0.00    12  postgres
10:55:11 AM 100998   3364677    0.00    0.00    0.00    0.00    0.00    12  postgres
10:55:11 AM 100998   3365580    0.00    0.00    0.00    0.00    0.00    14  postgres
10:55:11 AM 100998   3365606    0.00    0.00    0.00    0.00    0.00    14  postgres
10:55:11 AM 100998   3365607    0.00    0.00    0.00    0.00    0.00    12  postgres
10:55:11 AM 100998   3365608    0.00    0.00    0.00    0.00    0.00    12  postgres
10:55:11 AM 100998   3365609    0.00    0.00    0.00    0.00    0.00    12  postgres
10:55:11 AM 100998   3365611    0.00    0.00    0.00    0.00    0.00    12  postgres
10:55:11 AM 100998   3365612    0.00    0.00    0.00    0.00    0.00    10  postgres
10:55:11 AM 100998   3365613    0.00    0.00    0.00    0.00    0.00    10  postgres
10:55:11 AM 100998   3365615    0.00    0.00    0.00    0.00    0.00    12  postgres
10:55:11 AM 100998   3365616    0.00    0.00    0.00    0.00    0.00    10  postgres

10:55:11 AM   UID       PID    %usr %system  %guest   %wait    %CPU   CPU  Command
10:55:12 AM 100998   3364673    0.00    0.00    0.00    0.00    0.00    10  postgres
10:55:12 AM 100998   3364674    0.00    0.00    0.00    0.00    0.00    12  postgres
10:55:12 AM 100998   3364676    0.00    0.00    0.00    0.00    0.00    12  postgres
10:55:12 AM 100998   3364677    0.00    0.00    0.00    0.00    0.00    12  postgres
10:55:12 AM 100998   3365580    0.00    0.00    0.00    0.00    0.00    14  postgres
10:55:12 AM 100998   3365606    0.00    0.00    0.00    0.00    0.00    14  postgres
10:55:12 AM 100998   3365607    0.00    0.00    0.00    0.00    0.00    12  postgres
10:55:12 AM 100998   3365608    0.00    0.00    0.00    0.00    0.00    12  postgres
10:55:12 AM 100998   3365609    0.00    0.00    0.00    0.00    0.00    12  postgres
10:55:12 AM 100998   3365611    0.00    0.00    0.00    0.00    0.00    12  postgres
10:55:12 AM 100998   3365612    0.00    0.00    0.00    0.00    0.00    10  postgres
10:55:12 AM 100998   3365613    0.00    0.00    0.00    0.00    0.00    10  postgres
10:55:12 AM 100998   3365615    0.00    0.00    0.00    0.00    0.00    12  postgres
10:55:12 AM 100998   3365616    0.00    0.00    0.00    0.00    0.00    10  postgres

10:55:12 AM   UID       PID    %usr %system  %guest   %wait    %CPU   CPU  Command
10:55:13 AM 100998   3364673    0.00    0.00    0.00    0.00    0.00    10  postgres
10:55:13 AM 100998   3364674    0.00    0.00    0.00    0.00    0.00    12  postgres
10:55:13 AM 100998   3364676    0.00    0.00    0.00    0.00    0.00    12  postgres
10:55:13 AM 100998   3364677    0.00    0.00    0.00    0.00    0.00    12  postgres
10:55:13 AM 100998   3365580    0.00    0.00    0.00    0.00    0.00    14  postgres
10:55:13 AM 100998   3365606    0.00    0.00    0.00    0.00    0.00    14  postgres
10:55:13 AM 100998   3365607    0.00    0.00    0.00    0.00    0.00    12  postgres
10:55:13 AM 100998   3365608    0.00    0.00    0.00    0.00    0.00    12  postgres
10:55:13 AM 100998   3365609    0.00    0.00    0.00    0.00    0.00    12  postgres
10:55:13 AM 100998   3365611    0.00    0.00    0.00    0.00    0.00    12  postgres
10:55:13 AM 100998   3365612    0.00    0.00    0.00    0.00    0.00    10  postgres
10:55:13 AM 100998   3365613    0.00    0.00    0.00    0.00    0.00    10  postgres
10:55:13 AM 100998   3365615    0.00    0.00    0.00    0.00    0.00    12  postgres
10:55:13 AM 100998   3365616    0.00    0.00    0.00    0.00    0.00    10  postgres

10:55:13 AM   UID       PID    %usr %system  %guest   %wait    %CPU   CPU  Command
10:55:14 AM 100998   3364673    0.00    0.00    0.00    0.00    0.00    10  postgres
10:55:14 AM 100998   3364674    0.00    0.00    0.00    0.00    0.00    12  postgres
10:55:14 AM 100998   3364676    0.00    0.00    0.00    0.00    0.00    12  postgres
10:55:14 AM 100998   3364677    0.00    0.00    0.00    0.00    0.00    12  postgres
10:55:14 AM 100998   3365580    0.00    0.00    0.00    0.00    0.00    14  postgres
10:55:14 AM 100998   3365606    0.00    0.00    0.00    0.00    0.00    14  postgres
10:55:14 AM 100998   3365607    0.00    0.00    0.00    0.00    0.00    12  postgres
10:55:14 AM 100998   3365608    0.00    0.00    0.00    0.00    0.00    12  postgres
10:55:14 AM 100998   3365609    0.00    0.00    0.00    0.00    0.00    12  postgres
10:55:14 AM 100998   3365611    0.00    0.00    0.00    0.00    0.00    12  postgres
10:55:14 AM 100998   3365612    0.00    0.00    0.00    0.00    0.00    10  postgres
10:55:14 AM 100998   3365613    0.00    0.00    0.00    0.00    0.00    10  postgres
10:55:14 AM 100998   3365615    0.00    0.00    0.00    0.00    0.00    12  postgres
10:55:14 AM 100998   3365616    0.00    0.00    0.00    0.00    0.00    10  postgres

10:55:14 AM   UID       PID    %usr %system  %guest   %wait    %CPU   CPU  Command
10:55:15 AM 100998   3364673    0.00    0.00    0.00    0.00    0.00    10  postgres
10:55:15 AM 100998   3364674    0.00    0.00    0.00    0.00    0.00    12  postgres
10:55:15 AM 100998   3364676    0.00    0.00    0.00    0.00    0.00    12  postgres
10:55:15 AM 100998   3364677    0.00    0.00    0.00    0.00    0.00    12  postgres
10:55:15 AM 100998   3365580    0.00    0.00    0.00    0.00    0.00    14  postgres
10:55:15 AM 100998   3365606    0.00    0.00    0.00    0.00    0.00    14  postgres
10:55:15 AM 100998   3365607    0.00    0.00    0.00    0.00    0.00    12  postgres
10:55:15 AM 100998   3365608    0.00    0.00    0.00    0.00    0.00    12  postgres
10:55:15 AM 100998   3365609    0.00    0.00    0.00    0.00    0.00    12  postgres
10:55:15 AM 100998   3365611    0.00    0.00    0.00    0.00    0.00    12  postgres
10:55:15 AM 100998   3365612    0.00    0.00    0.00    0.00    0.00    10  postgres
10:55:15 AM 100998   3365613    0.00    0.00    0.00    0.00    0.00    10  postgres
10:55:15 AM 100998   3365615    0.00    0.00    0.00    0.00    0.00    12  postgres
10:55:15 AM 100998   3365616    0.00    0.00    0.00    0.00    0.00    10  postgres

10:55:15 AM   UID       PID    %usr %system  %guest   %wait    %CPU   CPU  Command
10:55:16 AM 100998   3364673    0.00    0.00    0.00    0.00    0.00    10  postgres
10:55:16 AM 100998   3364674    0.00    0.00    0.00    0.00    0.00    12  postgres
10:55:16 AM 100998   3364676    0.00    0.00    0.00    0.00    0.00    12  postgres
10:55:16 AM 100998   3364677    0.00    0.00    0.00    0.00    0.00    12  postgres
10:55:16 AM 100998   3365580    0.00    0.00    0.00    0.00    0.00    14  postgres
10:55:16 AM 100998   3365606    0.00    0.00    0.00    0.00    0.00    14  postgres
10:55:16 AM 100998   3365607    0.00    0.00    0.00    0.00    0.00    12  postgres
10:55:16 AM 100998   3365608    0.00    0.00    0.00    0.00    0.00    12  postgres
10:55:16 AM 100998   3365609    0.00    0.00    0.00    0.00    0.00    12  postgres
10:55:16 AM 100998   3365611    0.00    0.00    0.00    0.00    0.00    12  postgres
10:55:16 AM 100998   3365612    0.00    0.00    0.00    0.00    0.00    10  postgres
10:55:16 AM 100998   3365613    0.00    0.00    0.00    0.00    0.00    10  postgres
10:55:16 AM 100998   3365615    0.00    0.00    0.00    0.00    0.00    12  postgres
10:55:16 AM 100998   3365616    0.00    0.00    0.00    0.00    0.00    10  postgres

10:55:16 AM   UID       PID    %usr %system  %guest   %wait    %CPU   CPU  Command
10:55:17 AM 100998   3364673    0.00    0.00    0.00    0.00    0.00    10  postgres
10:55:17 AM 100998   3364674    0.00    0.00    0.00    0.00    0.00    12  postgres
10:55:17 AM 100998   3364676    0.00    0.00    0.00    0.00    0.00    12  postgres
10:55:17 AM 100998   3364677    0.00    0.00    0.00    0.00    0.00    12  postgres
10:55:17 AM 100998   3365580    1.00    1.00    0.00    0.00    2.00    12  postgres
10:55:17 AM 100998   3365606    0.00    1.00    0.00    0.00    1.00    14  postgres
10:55:17 AM 100998   3365607    1.00    0.00    0.00    0.00    1.00    14  postgres
10:55:17 AM 100998   3365608    1.00    0.00    0.00    0.00    1.00    10  postgres
10:55:17 AM 100998   3365609    1.00    1.00    0.00    0.00    2.00    12  postgres
10:55:17 AM 100998   3365611    1.00    1.00    0.00    0.00    2.00    12  postgres
10:55:17 AM 100998   3365612    0.00    0.00    0.00    0.00    0.00    14  postgres
10:55:17 AM 100998   3365613    1.00    1.00    0.00    0.00    2.00    14  postgres
10:55:17 AM 100998   3365615    1.00    0.00    0.00    0.00    1.00    10  postgres
10:55:17 AM 100998   3365616    1.00    0.00    0.00    0.00    1.00    12  postgres

10:55:17 AM   UID       PID    %usr %system  %guest   %wait    %CPU   CPU  Command
10:55:18 AM 100998   3364673    0.00    0.00    0.00    0.00    0.00    10  postgres
10:55:18 AM 100998   3364674    0.00    0.00    0.00    0.00    0.00    12  postgres
10:55:18 AM 100998   3364676    0.00    0.00    0.00    0.00    0.00    12  postgres
10:55:18 AM 100998   3364677    0.00    0.00    0.00    0.00    0.00    12  postgres
10:55:18 AM 100998   3365580    4.00    3.00    0.00    0.00    7.00    14  postgres
10:55:18 AM 100998   3365606    4.00    2.00    0.00    0.00    6.00    12  postgres
10:55:18 AM 100998   3365607    4.00    5.00    0.00    0.00    9.00    14  postgres
10:55:18 AM 100998   3365608    4.00    4.00    0.00    0.00    8.00    12  postgres
10:55:18 AM 100998   3365609    5.00    3.00    0.00    0.00    8.00    14  postgres
10:55:18 AM 100998   3365611    4.00    2.00    0.00    0.00    6.00    10  postgres
10:55:18 AM 100998   3365612    3.00    3.00    0.00    0.00    6.00    10  postgres
10:55:18 AM 100998   3365613    4.00    2.00    0.00    0.00    6.00    10  postgres
10:55:18 AM 100998   3365615    3.00    3.00    0.00    0.00    6.00    10  postgres
10:55:18 AM 100998   3365616    4.00    3.00    0.00    0.00    7.00    14  postgres

10:55:18 AM   UID       PID    %usr %system  %guest   %wait    %CPU   CPU  Command
10:55:19 AM 100998   3364673    0.00    0.00    0.00    0.00    0.00    10  postgres
10:55:19 AM 100998   3364674    0.00    0.00    0.00    0.00    0.00    12  postgres
10:55:19 AM 100998   3364676    0.00    0.00    0.00    0.00    0.00    12  postgres
10:55:19 AM 100998   3364677    0.00    0.00    0.00    0.00    0.00    12  postgres
10:55:19 AM 100998   3365580    4.00    2.00    0.00    0.00    6.00    12  postgres
10:55:19 AM 100998   3365606    3.00    3.00    0.00    0.00    6.00    12  postgres
10:55:19 AM 100998   3365607    5.00    3.00    0.00    0.00    8.00    12  postgres
10:55:19 AM 100998   3365608    5.00    3.00    0.00    1.00    8.00    10  postgres
10:55:19 AM 100998   3365609    6.00    3.00    0.00    1.00    9.00    10  postgres
10:55:19 AM 100998   3365611    4.00    3.00    0.00    0.00    7.00    10  postgres
10:55:19 AM 100998   3365612    5.00    3.00    0.00    0.00    8.00    10  postgres
10:55:19 AM 100998   3365613    3.00    4.00    0.00    0.00    7.00    14  postgres
10:55:19 AM 100998   3365615    4.00    3.00    0.00    0.00    7.00    14  postgres
10:55:19 AM 100998   3365616    4.00    2.00    0.00    0.00    6.00    14  postgres

10:55:19 AM   UID       PID    %usr %system  %guest   %wait    %CPU   CPU  Command
10:55:20 AM 100998   3364673    0.00    0.00    0.00    0.00    0.00    10  postgres
10:55:20 AM 100998   3364674    0.00    0.00    0.00    0.00    0.00    12  postgres
10:55:20 AM 100998   3364676    0.00    0.00    0.00    0.00    0.00    12  postgres
10:55:20 AM 100998   3364677    0.00    0.00    0.00    0.00    0.00    12  postgres
10:55:20 AM 100998   3365580    5.00    3.00    0.00    0.00    8.00    12  postgres
10:55:20 AM 100998   3365606    6.00    3.00    0.00    1.00    9.00    10  postgres
10:55:20 AM 100998   3365607    5.00    3.00    0.00    1.00    8.00    12  postgres
10:55:20 AM 100998   3365608    6.00    4.00    0.00    0.00   10.00    10  postgres
10:55:20 AM 100998   3365609    5.00    4.00    0.00    0.00    9.00    10  postgres
10:55:20 AM 100998   3365611    6.00    5.00    0.00    0.00   11.00    12  postgres
10:55:20 AM 100998   3365612    4.00    2.00    0.00    0.00    6.00    12  postgres
10:55:20 AM 100998   3365613    4.00    3.00    0.00    0.00    7.00    10  postgres
10:55:20 AM 100998   3365615    4.00    3.00    0.00    1.00    7.00    12  postgres
10:55:20 AM 100998   3365616    4.00    3.00    0.00    0.00    7.00    14  postgres

10:55:20 AM   UID       PID    %usr %system  %guest   %wait    %CPU   CPU  Command
10:55:21 AM 100998   3364673    0.00    0.00    0.00    0.00    0.00    10  postgres
10:55:21 AM 100998   3364674    0.00    0.00    0.00    0.00    0.00    12  postgres
10:55:21 AM 100998   3364676    0.00    0.00    0.00    0.00    0.00    12  postgres
10:55:21 AM 100998   3364677    0.00    0.00    0.00    0.00    0.00    12  postgres
10:55:21 AM 100998   3365580    4.00    4.00    0.00    1.00    8.00    12  postgres
10:55:21 AM 100998   3365606    6.00    3.00    0.00    0.00    9.00    14  postgres
10:55:21 AM 100998   3365607    5.00    2.00    0.00    0.00    7.00    10  postgres
10:55:21 AM 100998   3365608    6.00    5.00    0.00    0.00   11.00    12  postgres
10:55:21 AM 100998   3365609    5.00    3.00    0.00    0.00    8.00    14  postgres
10:55:21 AM 100998   3365611    5.00    4.00    0.00    1.00    9.00    14  postgres
10:55:21 AM 100998   3365612    5.00    3.00    0.00    0.00    8.00    12  postgres
10:55:21 AM 100998   3365613    5.00    2.00    0.00    0.00    7.00    14  postgres
10:55:21 AM 100998   3365615    5.00    4.00    0.00    0.00    9.00    10  postgres
10:55:21 AM 100998   3365616    5.00    4.00    0.00    0.00    9.00    14  postgres

10:55:21 AM   UID       PID    %usr %system  %guest   %wait    %CPU   CPU  Command
10:55:22 AM 100998   3364673    0.00    0.00    0.00    0.00    0.00    10  postgres
10:55:22 AM 100998   3364674    0.00    0.00    0.00    0.00    0.00    12  postgres
10:55:22 AM 100998   3364676    0.00    0.00    0.00    0.00    0.00    12  postgres
10:55:22 AM 100998   3364677    0.00    0.00    0.00    0.00    0.00    12  postgres
10:55:22 AM 100998   3365580    6.00    2.00    0.00    0.00    8.00    14  postgres
10:55:22 AM 100998   3365606    5.00    4.00    0.00    0.00    9.00    14  postgres
10:55:22 AM 100998   3365607    4.00    3.00    0.00    0.00    7.00    14  postgres
10:55:22 AM 100998   3365608    5.00    2.00    0.00    0.00    7.00    10  postgres
10:55:22 AM 100998   3365609    5.00    3.00    0.00    0.00    8.00    12  postgres
10:55:22 AM 100998   3365611    4.00    3.00    0.00    0.00    7.00    14  postgres
10:55:22 AM 100998   3365612    4.00    4.00    0.00    1.00    8.00    14  postgres
10:55:22 AM 100998   3365613    4.00    3.00    0.00    0.00    7.00    12  postgres
10:55:22 AM 100998   3365615    4.00    3.00    0.00    0.00    7.00    12  postgres
10:55:22 AM 100998   3365616    4.00    4.00    0.00    1.00    8.00    10  postgres

10:55:22 AM   UID       PID    %usr %system  %guest   %wait    %CPU   CPU  Command
10:55:23 AM 100998   3364673    0.00    0.00    0.00    0.00    0.00    10  postgres
10:55:23 AM 100998   3364674    0.00    0.00    0.00    0.00    0.00    12  postgres
10:55:23 AM 100998   3364676    0.00    0.00    0.00    0.00    0.00    12  postgres
10:55:23 AM 100998   3364677    0.00    0.00    0.00    0.00    0.00    12  postgres
10:55:23 AM 100998   3365580    6.00    5.00    0.00    0.00   11.00    14  postgres
10:55:23 AM 100998   3365606    6.00    3.00    0.00    0.00    9.00    10  postgres
10:55:23 AM 100998   3365607    6.00    4.00    0.00    0.00   10.00    12  postgres
10:55:23 AM 100998   3365608    5.00    3.00    0.00    0.00    8.00    10  postgres
10:55:23 AM 100998   3365609    6.00    4.00    0.00    0.00   10.00    14  postgres
10:55:23 AM 100998   3365611    4.00    3.00    0.00    0.00    7.00    14  postgres
10:55:23 AM 100998   3365612    6.00    3.00    0.00    0.00    9.00    10  postgres
10:55:23 AM 100998   3365613    4.00    2.00    0.00    0.00    6.00    14  postgres
10:55:23 AM 100998   3365615    6.00    3.00    0.00    0.00    9.00    12  postgres
10:55:23 AM 100998   3365616    5.00    3.00    0.00    0.00    8.00    14  postgres

10:55:23 AM   UID       PID    %usr %system  %guest   %wait    %CPU   CPU  Command
10:55:24 AM 100998   3364673    0.00    0.00    0.00    0.00    0.00    10  postgres
10:55:24 AM 100998   3364674    0.00    0.00    0.00    0.00    0.00    10  postgres
10:55:24 AM 100998   3364676    0.00    0.00    0.00    0.00    0.00    12  postgres
10:55:24 AM 100998   3364677    0.00    0.00    0.00    0.00    0.00    12  postgres
10:55:24 AM 100998   3365580    4.00    3.00    0.00    0.00    7.00    12  postgres
10:55:24 AM 100998   3365606    4.00    3.00    0.00    0.00    7.00    14  postgres
10:55:24 AM 100998   3365607    4.00    3.00    0.00    0.00    7.00    14  postgres
10:55:24 AM 100998   3365608    5.00    3.00    0.00    1.00    8.00    12  postgres
10:55:24 AM 100998   3365609    3.00    3.00    0.00    1.00    6.00    10  postgres
10:55:24 AM 100998   3365611    4.00    5.00    0.00    0.00    9.00    12  postgres
10:55:24 AM 100998   3365612    4.00    3.00    0.00    0.00    7.00    10  postgres
10:55:24 AM 100998   3365613    4.00    3.00    0.00    0.00    7.00    12  postgres
10:55:24 AM 100998   3365615    3.00    4.00    0.00    0.00    7.00    12  postgres
10:55:24 AM 100998   3365616    4.00    3.00    0.00    0.00    7.00    14  postgres

10:55:24 AM   UID       PID    %usr %system  %guest   %wait    %CPU   CPU  Command
10:55:25 AM 100998   3364673    0.00    0.00    0.00    0.00    0.00    10  postgres
10:55:25 AM 100998   3364674    0.00    0.00    0.00    0.00    0.00    10  postgres
10:55:25 AM 100998   3364676    0.00    0.00    0.00    0.00    0.00    12  postgres
10:55:25 AM 100998   3364677    0.00    0.00    0.00    0.00    0.00    12  postgres
10:55:25 AM 100998   3365580    3.00    3.00    0.00    0.00    6.00    14  postgres
10:55:25 AM 100998   3365606    5.00    3.00    0.00    1.00    8.00    14  postgres
10:55:25 AM 100998   3365607    4.00    3.00    0.00    0.00    7.00    14  postgres
10:55:25 AM 100998   3365608    6.00    2.00    0.00    0.00    8.00    12  postgres
10:55:25 AM 100998   3365609    5.00    2.00    0.00    0.00    7.00    14  postgres
10:55:25 AM 100998   3365611    4.00    2.00    0.00    0.00    6.00    14  postgres
10:55:25 AM 100998   3365612    4.00    3.00    0.00    0.00    7.00    10  postgres
10:55:25 AM 100998   3365613    4.00    3.00    0.00    0.00    7.00    12  postgres
10:55:25 AM 100998   3365615    3.00    3.00    0.00    1.00    6.00    12  postgres
10:55:25 AM 100998   3365616    4.00    2.00    0.00    0.00    6.00    14  postgres

10:55:25 AM   UID       PID    %usr %system  %guest   %wait    %CPU   CPU  Command
10:55:26 AM 100998   3364673    0.00    0.00    0.00    0.00    0.00    10  postgres
10:55:26 AM 100998   3364674    0.00    0.00    0.00    0.00    0.00    10  postgres
10:55:26 AM 100998   3364676    0.00    0.00    0.00    0.00    0.00    12  postgres
10:55:26 AM 100998   3364677    0.00    0.00    0.00    0.00    0.00    12  postgres
10:55:26 AM 100998   3365580    4.00    3.00    0.00    0.00    7.00    14  postgres
10:55:26 AM 100998   3365606    6.00    3.00    0.00    0.00    9.00    14  postgres
10:55:26 AM 100998   3365607    5.00    4.00    0.00    1.00    9.00    10  postgres
10:55:26 AM 100998   3365608    4.00    4.00    0.00    0.00    8.00    12  postgres
10:55:26 AM 100998   3365609    4.00    3.00    0.00    0.00    7.00    12  postgres
10:55:26 AM 100998   3365611    3.00    4.00    0.00    0.00    7.00    10  postgres
10:55:26 AM 100998   3365612    6.00    5.00    0.00    0.00   11.00    14  postgres
10:55:26 AM 100998   3365613    5.00    4.00    0.00    1.00    9.00    10  postgres
10:55:26 AM 100998   3365615    6.00    3.00    0.00    0.00    9.00    12  postgres
10:55:26 AM 100998   3365616    5.00    4.00    0.00    0.00    9.00    10  postgres

10:55:26 AM   UID       PID    %usr %system  %guest   %wait    %CPU   CPU  Command
10:55:27 AM 100998   3364673    0.00    0.00    0.00    0.00    0.00    10  postgres
10:55:27 AM 100998   3364674    0.00    0.00    0.00    0.00    0.00    10  postgres
10:55:27 AM 100998   3364676    0.00    0.00    0.00    0.00    0.00    12  postgres
10:55:27 AM 100998   3364677    0.00    0.00    0.00    0.00    0.00    12  postgres
10:55:27 AM 100998   3365580    5.00    3.00    0.00    0.00    8.00    12  postgres
10:55:27 AM 100998   3365606    5.00    3.00    0.00    0.00    8.00    14  postgres
10:55:27 AM 100998   3365607    5.00    4.00    0.00    0.00    9.00    14  postgres
10:55:27 AM 100998   3365608    5.00    3.00    0.00    0.00    8.00    14  postgres
10:55:27 AM 100998   3365609    5.00    3.00    0.00    0.00    8.00    14  postgres
10:55:27 AM 100998   3365611    7.00    2.00    0.00    1.00    9.00    12  postgres
10:55:27 AM 100998   3365612    3.00    3.00    0.00    1.00    6.00    14  postgres
10:55:27 AM 100998   3365613    4.00    3.00    0.00    0.00    7.00    10  postgres
10:55:27 AM 100998   3365615    5.00    4.00    0.00    0.00    9.00    10  postgres
10:55:27 AM 100998   3365616    4.00    2.00    0.00    0.00    6.00    14  postgres

10:55:27 AM   UID       PID    %usr %system  %guest   %wait    %CPU   CPU  Command
10:55:28 AM 100998   3364673    0.00    0.00    0.00    0.00    0.00    10  postgres
10:55:28 AM 100998   3364674    0.00    0.00    0.00    0.00    0.00    10  postgres
10:55:28 AM 100998   3364676    0.00    0.00    0.00    0.00    0.00    12  postgres
10:55:28 AM 100998   3364677    0.00    0.00    0.00    0.00    0.00    12  postgres
10:55:28 AM 100998   3365580    6.00    3.00    0.00    1.00    9.00    14  postgres
10:55:28 AM 100998   3365606    4.00    4.00    0.00    0.00    8.00    12  postgres
10:55:28 AM 100998   3365607    4.00    3.00    0.00    0.00    7.00    14  postgres
10:55:28 AM 100998   3365608    5.00    1.00    0.00    0.00    6.00    14  postgres
10:55:28 AM 100998   3365609    5.00    2.00    0.00    0.00    7.00    14  postgres
10:55:28 AM 100998   3365611    4.00    4.00    0.00    0.00    8.00    10  postgres
10:55:28 AM 100998   3365612    5.00    3.00    0.00    0.00    8.00    14  postgres
10:55:28 AM 100998   3365613    5.00    3.00    0.00    0.00    8.00    14  postgres
10:55:28 AM 100998   3365615    4.00    3.00    0.00    0.00    7.00    12  postgres
10:55:28 AM 100998   3365616    4.00    4.00    0.00    1.00    8.00    14  postgres

10:55:28 AM   UID       PID    %usr %system  %guest   %wait    %CPU   CPU  Command
10:55:29 AM 100998   3364673    0.00    0.00    0.00    0.00    0.00    10  postgres
10:55:29 AM 100998   3364674    0.00    0.00    0.00    0.00    0.00    10  postgres
10:55:29 AM 100998   3364676    0.00    0.00    0.00    0.00    0.00    12  postgres
10:55:29 AM 100998   3364677    0.00    0.00    0.00    0.00    0.00    12  postgres
10:55:29 AM 100998   3365580    5.00    2.00    0.00    0.00    7.00    14  postgres
10:55:29 AM 100998   3365606    5.00    3.00    0.00    0.00    8.00    10  postgres
10:55:29 AM 100998   3365607    5.00    3.00    0.00    0.00    8.00    12  postgres
10:55:29 AM 100998   3365608    5.00    3.00    0.00    0.00    8.00    10  postgres
10:55:29 AM 100998   3365609    5.00    5.00    0.00    0.00   10.00    10  postgres
10:55:29 AM 100998   3365611    5.00    3.00    0.00    0.00    8.00    14  postgres
10:55:29 AM 100998   3365612    5.00    4.00    0.00    0.00    9.00    14  postgres
10:55:29 AM 100998   3365613    3.00    3.00    0.00    0.00    6.00    12  postgres
10:55:29 AM 100998   3365615    5.00    4.00    0.00    1.00    9.00    14  postgres
10:55:29 AM 100998   3365616    6.00    3.00    0.00    0.00    9.00    14  postgres

10:55:29 AM   UID       PID    %usr %system  %guest   %wait    %CPU   CPU  Command
10:55:30 AM 100998   3364673    0.00    0.00    0.00    0.00    0.00    10  postgres
10:55:30 AM 100998   3364674    0.00    0.00    0.00    0.00    0.00    10  postgres
10:55:30 AM 100998   3364676    0.00    0.00    0.00    0.00    0.00    14  postgres
10:55:30 AM 100998   3364677    0.00    0.00    0.00    0.00    0.00    12  postgres
10:55:30 AM 100998   3365580    7.00    4.00    0.00    0.00   11.00    10  postgres
10:55:30 AM 100998   3365606    7.00    4.00    0.00    1.00   11.00    12  postgres
10:55:30 AM 100998   3365607    5.00    3.00    0.00    0.00    8.00    10  postgres
10:55:30 AM 100998   3365608    5.00    3.00    0.00    1.00    8.00    12  postgres
10:55:30 AM 100998   3365609    5.00    3.00    0.00    1.00    8.00    10  postgres
10:55:30 AM 100998   3365611    5.00    4.00    0.00    0.00    9.00    14  postgres
10:55:30 AM 100998   3365612    5.00    4.00    0.00    0.00    9.00    12  postgres
10:55:30 AM 100998   3365613    5.00    2.00    0.00    0.00    7.00    14  postgres
10:55:30 AM 100998   3365615    5.00    3.00    0.00    0.00    8.00    12  postgres
10:55:30 AM 100998   3365616    5.00    3.00    0.00    0.00    8.00    12  postgres

10:55:30 AM   UID       PID    %usr %system  %guest   %wait    %CPU   CPU  Command
10:55:31 AM 100998   3364673    0.00    0.00    0.00    0.00    0.00    10  postgres
10:55:31 AM 100998   3364674    0.00    0.00    0.00    0.00    0.00    10  postgres
10:55:31 AM 100998   3364676    0.00    0.00    0.00    0.00    0.00    14  postgres
10:55:31 AM 100998   3364677    0.00    0.00    0.00    0.00    0.00    12  postgres
10:55:31 AM 100998   3365580    5.00    3.00    0.00    0.00    8.00    12  postgres
10:55:31 AM 100998   3365606    5.00    4.00    0.00    0.00    9.00    12  postgres
10:55:31 AM 100998   3365607    6.00    4.00    0.00    1.00   10.00    10  postgres
10:55:31 AM 100998   3365608    4.00    4.00    0.00    0.00    8.00    14  postgres
10:55:31 AM 100998   3365609    6.00    3.00    0.00    0.00    9.00    14  postgres
10:55:31 AM 100998   3365611    5.00    4.00    0.00    1.00    9.00    14  postgres
10:55:31 AM 100998   3365612    5.00    2.00    0.00    0.00    7.00    14  postgres
10:55:31 AM 100998   3365613    5.00    3.00    0.00    1.00    8.00    14  postgres
10:55:31 AM 100998   3365615    5.00    4.00    0.00    0.00    9.00    10  postgres
10:55:31 AM 100998   3365616    4.00    3.00    0.00    0.00    7.00    12  postgres

10:55:31 AM   UID       PID    %usr %system  %guest   %wait    %CPU   CPU  Command
10:55:32 AM 100998   3364673    0.00    0.00    0.00    0.00    0.00    10  postgres
10:55:32 AM 100998   3364674    0.00    0.00    0.00    0.00    0.00    10  postgres
10:55:32 AM 100998   3364676    0.00    0.00    0.00    0.00    0.00    14  postgres
10:55:32 AM 100998   3364677    0.00    0.00    0.00    0.00    0.00    12  postgres
10:55:32 AM 100998   3365580    4.00    3.00    0.00    0.00    7.00    12  postgres
10:55:32 AM 100998   3365606    6.00    3.00    0.00    0.00    9.00    14  postgres
10:55:32 AM 100998   3365607    5.00    4.00    0.00    0.00    9.00    12  postgres
10:55:32 AM 100998   3365608    4.00    3.00    0.00    0.00    7.00    10  postgres
10:55:32 AM 100998   3365609    4.00    4.00    0.00    0.00    8.00    12  postgres
10:55:32 AM 100998   3365611    4.00    3.00    0.00    0.00    7.00    14  postgres
10:55:32 AM 100998   3365612    4.00    3.00    0.00    1.00    7.00    14  postgres
10:55:32 AM 100998   3365613    5.00    4.00    0.00    0.00    9.00    14  postgres
10:55:32 AM 100998   3365615    4.00    3.00    0.00    0.00    7.00    10  postgres
10:55:32 AM 100998   3365616    4.00    3.00    0.00    0.00    7.00    10  postgres

10:55:32 AM   UID       PID    %usr %system  %guest   %wait    %CPU   CPU  Command
10:55:33 AM 100998   3364673    0.00    0.00    0.00    0.00    0.00    10  postgres
10:55:33 AM 100998   3364674    0.00    0.00    0.00    0.00    0.00    10  postgres
10:55:33 AM 100998   3364676    0.00    0.00    0.00    0.00    0.00    14  postgres
10:55:33 AM 100998   3364677    0.00    0.00    0.00    0.00    0.00    12  postgres
10:55:33 AM 100998   3365580    5.00    3.00    0.00    0.00    8.00    10  postgres
10:55:33 AM 100998   3365606    6.00    3.00    0.00    0.00    9.00    14  postgres
10:55:33 AM 100998   3365607    5.00    4.00    0.00    0.00    9.00    14  postgres
10:55:33 AM 100998   3365608    5.00    3.00    0.00    0.00    8.00    10  postgres
10:55:33 AM 100998   3365609    6.00    2.00    0.00    0.00    8.00    14  postgres
10:55:33 AM 100998   3365611    5.00    4.00    0.00    0.00    9.00    12  postgres
10:55:33 AM 100998   3365612    5.00    3.00    0.00    0.00    8.00    10  postgres
10:55:33 AM 100998   3365613    3.00    3.00    0.00    0.00    6.00    10  postgres
10:55:33 AM 100998   3365615    5.00    3.00    0.00    1.00    8.00    14  postgres
10:55:33 AM 100998   3365616    4.00    3.00    0.00    1.00    7.00    14  postgres

10:55:33 AM   UID       PID    %usr %system  %guest   %wait    %CPU   CPU  Command
10:55:34 AM 100998   3364673    0.00    0.00    0.00    0.00    0.00    10  postgres
10:55:34 AM 100998   3364674    0.00    0.00    0.00    0.00    0.00    10  postgres
10:55:34 AM 100998   3364676    0.00    0.00    0.00    0.00    0.00    14  postgres
10:55:34 AM 100998   3364677    0.00    0.00    0.00    0.00    0.00    12  postgres
10:55:34 AM 100998   3365580    5.00    2.00    0.00    1.00    7.00    10  postgres
10:55:34 AM 100998   3365606    5.00    4.00    0.00    0.00    9.00    12  postgres
10:55:34 AM 100998   3365607    4.00    4.00    0.00    0.00    8.00    10  postgres
10:55:34 AM 100998   3365608    3.00    2.00    0.00    0.00    5.00    10  postgres
10:55:34 AM 100998   3365609    5.00    4.00    0.00    1.00    9.00    14  postgres
10:55:34 AM 100998   3365611    5.00    2.00    0.00    0.00    7.00    10  postgres
10:55:34 AM 100998   3365612    5.00    4.00    0.00    0.00    9.00    12  postgres
10:55:34 AM 100998   3365613    4.00    2.00    0.00    0.00    6.00    10  postgres
10:55:34 AM 100998   3365615    4.00    2.00    0.00    0.00    6.00    12  postgres
10:55:34 AM 100998   3365616    4.00    2.00    0.00    0.00    6.00    14  postgres

10:55:34 AM   UID       PID    %usr %system  %guest   %wait    %CPU   CPU  Command
10:55:35 AM 100998   3364673    0.00    0.00    0.00    0.00    0.00    10  postgres
10:55:35 AM 100998   3364674    0.00    0.00    0.00    0.00    0.00    10  postgres
10:55:35 AM 100998   3364676    0.00    0.00    0.00    0.00    0.00    14  postgres
10:55:35 AM 100998   3364677    0.00    0.00    0.00    0.00    0.00    12  postgres
10:55:35 AM 100998   3365580    5.00    4.00    0.00    0.00    9.00    12  postgres
10:55:35 AM 100998   3365606    5.00    3.00    0.00    0.00    8.00    12  postgres
10:55:35 AM 100998   3365607    5.00    4.00    0.00    0.00    9.00    10  postgres
10:55:35 AM 100998   3365608    5.00    3.00    0.00    0.00    8.00    14  postgres
10:55:35 AM 100998   3365609    5.00    2.00    0.00    0.00    7.00    14  postgres
10:55:35 AM 100998   3365611    5.00    3.00    0.00    1.00    8.00    14  postgres
10:55:35 AM 100998   3365612    4.00    3.00    0.00    0.00    7.00    12  postgres
10:55:35 AM 100998   3365613    4.00    4.00    0.00    0.00    8.00    10  postgres
10:55:35 AM 100998   3365615    5.00    4.00    0.00    0.00    9.00    14  postgres
10:55:35 AM 100998   3365616    5.00    2.00    0.00    0.00    7.00    10  postgres

10:55:35 AM   UID       PID    %usr %system  %guest   %wait    %CPU   CPU  Command
10:55:36 AM 100998   3364673    0.00    0.00    0.00    0.00    0.00    10  postgres
10:55:36 AM 100998   3364674    0.00    0.00    0.00    0.00    0.00    10  postgres
10:55:36 AM 100998   3364676    0.00    0.00    0.00    0.00    0.00    14  postgres
10:55:36 AM 100998   3364677    0.00    0.00    0.00    0.00    0.00    12  postgres
10:55:36 AM 100998   3365580    5.00    3.00    0.00    0.00    8.00    14  postgres
10:55:36 AM 100998   3365606    5.00    4.00    0.00    1.00    9.00    10  postgres
10:55:36 AM 100998   3365607    5.00    3.00    0.00    1.00    8.00    14  postgres
10:55:36 AM 100998   3365608    5.00    4.00    0.00    1.00    9.00    10  postgres
10:55:36 AM 100998   3365609    4.00    3.00    0.00    0.00    7.00    10  postgres
10:55:36 AM 100998   3365611    5.00    3.00    0.00    0.00    8.00    10  postgres
10:55:36 AM 100998   3365612    4.00    2.00    0.00    0.00    6.00    14  postgres
10:55:36 AM 100998   3365613    4.00    2.00    0.00    0.00    6.00    14  postgres
10:55:36 AM 100998   3365615    5.00    2.00    0.00    0.00    7.00    12  postgres
10:55:36 AM 100998   3365616    3.00    3.00    0.00    0.00    6.00    12  postgres

10:55:36 AM   UID       PID    %usr %system  %guest   %wait    %CPU   CPU  Command
10:55:37 AM 100998   3364673    0.00    0.00    0.00    0.00    0.00    10  postgres
10:55:37 AM 100998   3364674    0.00    0.00    0.00    0.00    0.00    10  postgres
10:55:37 AM 100998   3364676    0.00    0.00    0.00    0.00    0.00    14  postgres
10:55:37 AM 100998   3364677    0.00    0.00    0.00    0.00    0.00    12  postgres
10:55:37 AM 100998   3365580    5.00    3.00    0.00    0.00    8.00    10  postgres
10:55:37 AM 100998   3365606    4.00    3.00    0.00    0.00    7.00    14  postgres
10:55:37 AM 100998   3365607    5.00    3.00    0.00    0.00    8.00    12  postgres
10:55:37 AM 100998   3365608    6.00    3.00    0.00    0.00    9.00    12  postgres
10:55:37 AM 100998   3365609    5.00    4.00    0.00    0.00    9.00    12  postgres
10:55:37 AM 100998   3365611    5.00    4.00    0.00    0.00    9.00    14  postgres
10:55:37 AM 100998   3365612    5.00    2.00    0.00    0.00    7.00    14  postgres
10:55:37 AM 100998   3365613    5.00    3.00    0.00    0.00    8.00    10  postgres
10:55:37 AM 100998   3365615    4.00    3.00    0.00    0.00    7.00    12  postgres
10:55:37 AM 100998   3365616    5.00    3.00    0.00    0.00    8.00    14  postgres

10:55:37 AM   UID       PID    %usr %system  %guest   %wait    %CPU   CPU  Command
10:55:38 AM 100998   3364673    0.00    0.00    0.00    0.00    0.00    10  postgres
10:55:38 AM 100998   3364674    0.00    0.00    0.00    0.00    0.00    10  postgres
10:55:38 AM 100998   3364676    0.00    0.00    0.00    0.00    0.00    14  postgres
10:55:38 AM 100998   3364677    0.00    0.00    0.00    0.00    0.00    12  postgres
10:55:38 AM 100998   3365580    4.00    4.00    0.00    0.00    8.00    10  postgres
10:55:38 AM 100998   3365606    6.00    2.00    0.00    0.00    8.00    14  postgres
10:55:38 AM 100998   3365607    5.00    3.00    0.00    0.00    8.00    14  postgres
10:55:38 AM 100998   3365608    4.00    2.00    0.00    0.00    6.00    14  postgres
10:55:38 AM 100998   3365609    3.00    3.00    0.00    0.00    6.00    10  postgres
10:55:38 AM 100998   3365611    5.00    3.00    0.00    0.00    8.00    10  postgres
10:55:38 AM 100998   3365612    4.00    3.00    0.00    1.00    7.00    10  postgres
10:55:38 AM 100998   3365613    5.00    2.00    0.00    1.00    7.00    12  postgres
10:55:38 AM 100998   3365615    4.00    2.00    0.00    0.00    6.00    12  postgres
10:55:38 AM 100998   3365616    3.00    3.00    0.00    0.00    6.00    14  postgres

10:55:38 AM   UID       PID    %usr %system  %guest   %wait    %CPU   CPU  Command
10:55:39 AM 100998   3364673    0.00    0.00    0.00    0.00    0.00    10  postgres
10:55:39 AM 100998   3364674    0.00    0.00    0.00    0.00    0.00    10  postgres
10:55:39 AM 100998   3364676    0.00    0.00    0.00    0.00    0.00    14  postgres
10:55:39 AM 100998   3364677    0.00    0.00    0.00    0.00    0.00    12  postgres
10:55:39 AM 100998   3365580    7.00    3.00    0.00    1.00   10.00    14  postgres
10:55:39 AM 100998   3365606    4.00    4.00    0.00    0.00    8.00    14  postgres
10:55:39 AM 100998   3365607    4.00    3.00    0.00    0.00    7.00    10  postgres
10:55:39 AM 100998   3365608    6.00    3.00    0.00    0.00    9.00    12  postgres
10:55:39 AM 100998   3365609    6.00    2.00    0.00    0.00    8.00    10  postgres
10:55:39 AM 100998   3365611    6.00    4.00    0.00    0.00   10.00    10  postgres
10:55:39 AM 100998   3365612    5.00    3.00    0.00    0.00    8.00    10  postgres
10:55:39 AM 100998   3365613    5.00    4.00    0.00    0.00    9.00    12  postgres
10:55:39 AM 100998   3365615    6.00    3.00    0.00    1.00    9.00    10  postgres
10:55:39 AM 100998   3365616    5.00    3.00    0.00    0.00    8.00    14  postgres

10:55:39 AM   UID       PID    %usr %system  %guest   %wait    %CPU   CPU  Command
10:55:40 AM 100998   3364673    0.00    0.00    0.00    0.00    0.00    10  postgres
10:55:40 AM 100998   3364674    0.00    0.00    0.00    0.00    0.00    10  postgres
10:55:40 AM 100998   3364676    0.00    0.00    0.00    0.00    0.00    14  postgres
10:55:40 AM 100998   3364677    0.00    0.00    0.00    0.00    0.00    12  postgres
10:55:40 AM 100998   3365580    4.00    3.00    0.00    0.00    7.00    14  postgres
10:55:40 AM 100998   3365606    6.00    4.00    0.00    0.00   10.00    10  postgres
10:55:40 AM 100998   3365607    6.00    2.00    0.00    0.00    8.00    12  postgres
10:55:40 AM 100998   3365608    5.00    5.00    0.00    0.00   10.00    10  postgres
10:55:40 AM 100998   3365609    6.00    4.00    0.00    1.00   10.00    10  postgres
10:55:40 AM 100998   3365611    5.00    3.00    0.00    1.00    8.00    12  postgres
10:55:40 AM 100998   3365612    5.00    2.00    0.00    0.00    7.00    14  postgres
10:55:40 AM 100998   3365613    4.00    3.00    0.00    0.00    7.00    10  postgres
10:55:40 AM 100998   3365615    3.00    2.00    0.00    0.00    5.00    12  postgres
10:55:40 AM 100998   3365616    4.00    4.00    0.00    1.00    8.00    10  postgres

10:55:40 AM   UID       PID    %usr %system  %guest   %wait    %CPU   CPU  Command
10:55:41 AM 100998   3364673    0.00    0.00    0.00    0.00    0.00    10  postgres
10:55:41 AM 100998   3364674    0.00    0.00    0.00    0.00    0.00    10  postgres
10:55:41 AM 100998   3364676    0.00    0.00    0.00    0.00    0.00    14  postgres
10:55:41 AM 100998   3364677    0.00    0.00    0.00    0.00    0.00    12  postgres
10:55:41 AM 100998   3365580    6.00    3.00    0.00    0.00    9.00    10  postgres
10:55:41 AM 100998   3365606    5.00    4.00    0.00    1.00    9.00    14  postgres
10:55:41 AM 100998   3365607    6.00    4.00    0.00    1.00   10.00    10  postgres
10:55:41 AM 100998   3365608    5.00    3.00    0.00    1.00    8.00    12  postgres
10:55:41 AM 100998   3365609    6.00    4.00    0.00    0.00   10.00    12  postgres
10:55:41 AM 100998   3365611    6.00    4.00    0.00    0.00   10.00    10  postgres
10:55:41 AM 100998   3365612    5.00    4.00    0.00    0.00    9.00    10  postgres
10:55:41 AM 100998   3365613    6.00    4.00    0.00    0.00   10.00    10  postgres
10:55:41 AM 100998   3365615    5.00    3.00    0.00    0.00    8.00    12  postgres
10:55:41 AM 100998   3365616    3.00    3.00    0.00    0.00    6.00    10  postgres

10:55:41 AM   UID       PID    %usr %system  %guest   %wait    %CPU   CPU  Command
10:55:42 AM 100998   3364673    0.00    0.00    0.00    0.00    0.00    10  postgres
10:55:42 AM 100998   3364674    0.00    0.00    0.00    0.00    0.00    10  postgres
10:55:42 AM 100998   3364676    0.00    0.00    0.00    0.00    0.00    14  postgres
10:55:42 AM 100998   3364677    0.00    0.00    0.00    0.00    0.00    12  postgres
10:55:42 AM 100998   3365580    5.00    3.00    0.00    0.00    8.00    12  postgres
10:55:42 AM 100998   3365606    5.00    3.00    0.00    0.00    8.00    10  postgres
10:55:42 AM 100998   3365607    4.00    3.00    0.00    0.00    7.00    14  postgres
10:55:42 AM 100998   3365608    5.00    2.00    0.00    0.00    7.00    14  postgres
10:55:42 AM 100998   3365609    4.00    3.00    0.00    0.00    7.00    14  postgres
10:55:42 AM 100998   3365611    5.00    3.00    0.00    0.00    8.00    10  postgres
10:55:42 AM 100998   3365612    4.00    3.00    0.00    0.00    7.00    12  postgres
10:55:42 AM 100998   3365613    5.00    4.00    0.00    1.00    9.00    10  postgres
10:55:42 AM 100998   3365615    4.00    3.00    0.00    0.00    7.00    12  postgres
10:55:42 AM 100998   3365616    5.00    4.00    0.00    0.00    9.00    10  postgres

10:55:42 AM   UID       PID    %usr %system  %guest   %wait    %CPU   CPU  Command
10:55:43 AM 100998   3364673    0.00    0.00    0.00    0.00    0.00    10  postgres
10:55:43 AM 100998   3364674    0.00    0.00    0.00    0.00    0.00    10  postgres
10:55:43 AM 100998   3364676    0.00    0.00    0.00    0.00    0.00    14  postgres
10:55:43 AM 100998   3364677    0.00    0.00    0.00    0.00    0.00    12  postgres
10:55:43 AM 100998   3365580    5.00    5.00    0.00    0.00   10.00    14  postgres
10:55:43 AM 100998   3365606    5.00    3.00    0.00    0.00    8.00    12  postgres
10:55:43 AM 100998   3365607    6.00    4.00    0.00    0.00   10.00    14  postgres
10:55:43 AM 100998   3365608    5.00    3.00    0.00    0.00    8.00    12  postgres
10:55:43 AM 100998   3365609    4.00    4.00    0.00    0.00    8.00    14  postgres
10:55:43 AM 100998   3365611    5.00    3.00    0.00    0.00    8.00    14  postgres
10:55:43 AM 100998   3365612    5.00    3.00    0.00    0.00    8.00    12  postgres
10:55:43 AM 100998   3365613    4.00    4.00    0.00    0.00    8.00    10  postgres
10:55:43 AM 100998   3365615    6.00    3.00    0.00    0.00    9.00    10  postgres
10:55:43 AM 100998   3365616    4.00    2.00    0.00    0.00    6.00    12  postgres

10:55:43 AM   UID       PID    %usr %system  %guest   %wait    %CPU   CPU  Command
10:55:44 AM 100998   3364673    0.00    0.00    0.00    0.00    0.00    10  postgres
10:55:44 AM 100998   3364674    0.00    0.00    0.00    0.00    0.00    10  postgres
10:55:44 AM 100998   3364676    0.00    0.00    0.00    0.00    0.00    14  postgres
10:55:44 AM 100998   3364677    0.00    0.00    0.00    0.00    0.00    12  postgres
10:55:44 AM 100998   3365580    5.00    4.00    0.00    0.00    9.00    10  postgres
10:55:44 AM 100998   3365606    5.00    3.00    0.00    0.00    8.00    10  postgres
10:55:44 AM 100998   3365607    4.00    3.00    0.00    0.00    7.00    12  postgres
10:55:44 AM 100998   3365608    5.00    4.00    0.00    0.00    9.00    14  postgres
10:55:44 AM 100998   3365609    5.00    4.00    0.00    1.00    9.00    10  postgres
10:55:44 AM 100998   3365611    5.00    3.00    0.00    1.00    8.00    14  postgres
10:55:44 AM 100998   3365612    4.00    2.00    0.00    1.00    6.00    14  postgres
10:55:44 AM 100998   3365613    5.00    3.00    0.00    0.00    8.00    10  postgres
10:55:44 AM 100998   3365615    3.00    3.00    0.00    0.00    6.00    12  postgres
10:55:44 AM 100998   3365616    4.00    3.00    0.00    0.00    7.00    10  postgres

10:55:44 AM   UID       PID    %usr %system  %guest   %wait    %CPU   CPU  Command
10:55:45 AM 100998   3364673    0.00    0.00    0.00    0.00    0.00    10  postgres
10:55:45 AM 100998   3364674    0.00    0.00    0.00    0.00    0.00    10  postgres
10:55:45 AM 100998   3364676    0.00    0.00    0.00    0.00    0.00    14  postgres
10:55:45 AM 100998   3364677    0.00    0.00    0.00    0.00    0.00    12  postgres
10:55:45 AM 100998   3365580    6.00    4.00    0.00    1.00   10.00    12  postgres
10:55:45 AM 100998   3365606    5.00    3.00    0.00    0.00    8.00    14  postgres
10:55:45 AM 100998   3365607    5.00    2.00    0.00    0.00    7.00    12  postgres
10:55:45 AM 100998   3365608    4.00    3.00    0.00    0.00    7.00    14  postgres
10:55:45 AM 100998   3365609    5.00    3.00    0.00    0.00    8.00    10  postgres
10:55:45 AM 100998   3365611    5.00    3.00    0.00    0.00    8.00    12  postgres
10:55:45 AM 100998   3365612    6.00    3.00    0.00    0.00    9.00    10  postgres
10:55:45 AM 100998   3365613    4.00    3.00    0.00    0.00    7.00    12  postgres
10:55:45 AM 100998   3365615    5.00    3.00    0.00    0.00    8.00    10  postgres
10:55:45 AM 100998   3365616    4.00    3.00    0.00    0.00    7.00    14  postgres

10:55:45 AM   UID       PID    %usr %system  %guest   %wait    %CPU   CPU  Command
10:55:46 AM 100998   3364673    0.00    0.00    0.00    0.00    0.00    10  postgres
10:55:46 AM 100998   3364674    0.00    0.00    0.00    0.00    0.00    10  postgres
10:55:46 AM 100998   3364676    0.00    0.00    0.00    0.00    0.00    14  postgres
10:55:46 AM 100998   3364677    0.00    0.00    0.00    0.00    0.00    12  postgres
10:55:46 AM 100998   3365580    5.00    3.00    0.00    0.00    8.00    10  postgres
10:55:46 AM 100998   3365606    5.00    5.00    0.00    1.00   10.00    12  postgres
10:55:46 AM 100998   3365607    6.00    4.00    0.00    0.00   10.00    14  postgres
10:55:46 AM 100998   3365608    5.00    5.00    0.00    0.00   10.00    10  postgres
10:55:46 AM 100998   3365609    5.00    3.00    0.00    0.00    8.00    14  postgres
10:55:46 AM 100998   3365611    4.00    3.00    0.00    0.00    7.00    14  postgres
10:55:46 AM 100998   3365612    4.00    3.00    0.00    0.00    7.00    12  postgres
10:55:46 AM 100998   3365613    5.00    4.00    0.00    0.00    9.00    14  postgres
10:55:46 AM 100998   3365615    5.00    4.00    0.00    1.00    9.00    10  postgres
10:55:46 AM 100998   3365616    4.00    4.00    0.00    0.00    8.00    12  postgres

10:55:46 AM   UID       PID    %usr %system  %guest   %wait    %CPU   CPU  Command
10:55:47 AM 100998   3364673    0.00    0.00    0.00    0.00    0.00    10  postgres
10:55:47 AM 100998   3364674    0.00    0.00    0.00    0.00    0.00    10  postgres
10:55:47 AM 100998   3364676    0.00    0.00    0.00    0.00    0.00    14  postgres
10:55:47 AM 100998   3364677    0.00    0.00    0.00    0.00    0.00    12  postgres
10:55:47 AM 100998   3365580    4.00    3.00    0.00    0.00    7.00    10  postgres
10:55:47 AM 100998   3365606    5.00    2.00    0.00    0.00    7.00    12  postgres
10:55:47 AM 100998   3365607    5.00    3.00    0.00    1.00    8.00    10  postgres
10:55:47 AM 100998   3365608    5.00    2.00    0.00    1.00    7.00    14  postgres
10:55:47 AM 100998   3365609    5.00    4.00    0.00    0.00    9.00    12  postgres
10:55:47 AM 100998   3365611    4.00    4.00    0.00    0.00    8.00    10  postgres
10:55:47 AM 100998   3365612    5.00    3.00    0.00    0.00    8.00    14  postgres
10:55:47 AM 100998   3365613    5.00    3.00    0.00    0.00    8.00    10  postgres
10:55:47 AM 100998   3365615    4.00    3.00    0.00    0.00    7.00    10  postgres
10:55:47 AM 100998   3365616    4.00    3.00    0.00    1.00    7.00    14  postgres

10:55:47 AM   UID       PID    %usr %system  %guest   %wait    %CPU   CPU  Command
10:55:48 AM 100998   3364673    0.00    0.00    0.00    0.00    0.00    10  postgres
10:55:48 AM 100998   3364674    0.00    0.00    0.00    0.00    0.00    10  postgres
10:55:48 AM 100998   3364676    0.00    0.00    0.00    0.00    0.00    14  postgres
10:55:48 AM 100998   3364677    0.00    0.00    0.00    0.00    0.00    12  postgres
10:55:48 AM 100998   3365580    4.00    3.00    0.00    0.00    7.00    10  postgres
10:55:48 AM 100998   3365606    5.00    4.00    0.00    0.00    9.00    14  postgres
10:55:48 AM 100998   3365607    4.00    4.00    0.00    0.00    8.00    12  postgres
10:55:48 AM 100998   3365608    5.00    4.00    0.00    0.00    9.00    12  postgres
10:55:48 AM 100998   3365609    6.00    3.00    0.00    1.00    9.00    12  postgres
10:55:48 AM 100998   3365611    5.00    3.00    0.00    0.00    8.00    10  postgres
10:55:48 AM 100998   3365612    3.00    3.00    0.00    0.00    6.00    12  postgres
10:55:48 AM 100998   3365613    4.00    3.00    0.00    1.00    7.00    12  postgres
10:55:48 AM 100998   3365615    4.00    3.00    0.00    0.00    7.00    14  postgres
10:55:48 AM 100998   3365616    3.00    3.00    0.00    0.00    6.00    14  postgres

10:55:48 AM   UID       PID    %usr %system  %guest   %wait    %CPU   CPU  Command
10:55:49 AM 100998   3364673    0.00    0.00    0.00    0.00    0.00    10  postgres
10:55:49 AM 100998   3364674    0.00    0.00    0.00    0.00    0.00    10  postgres
10:55:49 AM 100998   3364676    0.00    0.00    0.00    0.00    0.00    14  postgres
10:55:49 AM 100998   3364677    0.00    0.00    0.00    0.00    0.00    12  postgres
10:55:49 AM 100998   3365580    6.00    3.00    0.00    0.00    9.00    12  postgres
10:55:49 AM 100998   3365606    4.00    3.00    0.00    0.00    7.00    12  postgres
10:55:49 AM 100998   3365607    4.00    3.00    0.00    0.00    7.00    10  postgres
10:55:49 AM 100998   3365608    6.00    3.00    0.00    0.00    9.00    12  postgres
10:55:49 AM 100998   3365609    6.00    3.00    0.00    0.00    9.00    10  postgres
10:55:49 AM 100998   3365611    5.00    3.00    0.00    0.00    8.00    14  postgres
10:55:49 AM 100998   3365612    6.00    4.00    0.00    1.00   10.00    12  postgres
10:55:49 AM 100998   3365613    5.00    4.00    0.00    0.00    9.00    14  postgres
10:55:49 AM 100998   3365615    6.00    4.00    0.00    0.00   10.00    14  postgres
10:55:49 AM 100998   3365616    6.00    3.00    0.00    0.00    9.00    12  postgres

10:55:49 AM   UID       PID    %usr %system  %guest   %wait    %CPU   CPU  Command
10:55:50 AM 100998   3364673    0.00    0.00    0.00    0.00    0.00    10  postgres
10:55:50 AM 100998   3364674    0.00    0.00    0.00    0.00    0.00    10  postgres
10:55:50 AM 100998   3364676    0.00    0.00    0.00    0.00    0.00    12  postgres
10:55:50 AM 100998   3364677    0.00    0.00    0.00    0.00    0.00    12  postgres
10:55:50 AM 100998   3365580    5.00    2.00    0.00    0.00    7.00    10  postgres
10:55:50 AM 100998   3365606    3.00    4.00    0.00    0.00    7.00    10  postgres
10:55:50 AM 100998   3365607    5.00    3.00    0.00    0.00    8.00    12  postgres
10:55:50 AM 100998   3365608    5.00    3.00    0.00    0.00    8.00    14  postgres
10:55:50 AM 100998   3365609    5.00    3.00    0.00    0.00    8.00    10  postgres
10:55:50 AM 100998   3365611    5.00    3.00    0.00    1.00    8.00    14  postgres
10:55:50 AM 100998   3365612    4.00    2.00    0.00    0.00    6.00    10  postgres
10:55:50 AM 100998   3365613    5.00    3.00    0.00    0.00    8.00    12  postgres
10:55:50 AM 100998   3365615    3.00    2.00    0.00    0.00    5.00    12  postgres
10:55:50 AM 100998   3365616    4.00    2.00    0.00    0.00    6.00    14  postgres

10:55:50 AM   UID       PID    %usr %system  %guest   %wait    %CPU   CPU  Command
10:55:51 AM 100998   3364673    0.00    0.00    0.00    0.00    0.00    10  postgres
10:55:51 AM 100998   3364674    0.00    0.00    0.00    0.00    0.00    10  postgres
10:55:51 AM 100998   3364676    0.00    0.00    0.00    0.00    0.00    12  postgres
10:55:51 AM 100998   3364677    0.00    0.00    0.00    0.00    0.00    12  postgres
10:55:51 AM 100998   3365580    5.00    4.00    0.00    0.00    9.00    14  postgres
10:55:51 AM 100998   3365606    6.00    4.00    0.00    0.00   10.00    12  postgres
10:55:51 AM 100998   3365607    4.00    3.00    0.00    0.00    7.00    14  postgres
10:55:51 AM 100998   3365608    4.00    4.00    0.00    0.00    8.00    14  postgres
10:55:51 AM 100998   3365609    5.00    3.00    0.00    0.00    8.00    10  postgres
10:55:51 AM 100998   3365611    6.00    3.00    0.00    0.00    9.00    10  postgres
10:55:51 AM 100998   3365612    5.00    3.00    0.00    0.00    8.00    10  postgres
10:55:51 AM 100998   3365613    4.00    3.00    0.00    0.00    7.00    10  postgres
10:55:51 AM 100998   3365615    3.00    2.00    0.00    0.00    5.00    10  postgres
10:55:51 AM 100998   3365616    4.00    2.00    0.00    0.00    6.00    14  postgres

10:55:51 AM   UID       PID    %usr %system  %guest   %wait    %CPU   CPU  Command
10:55:52 AM 100998   3364673    0.00    0.00    0.00    0.00    0.00    10  postgres
10:55:52 AM 100998   3364674    0.00    0.00    0.00    0.00    0.00    10  postgres
10:55:52 AM 100998   3364676    0.00    0.00    0.00    0.00    0.00    12  postgres
10:55:52 AM 100998   3364677    0.00    0.00    0.00    0.00    0.00    12  postgres
10:55:52 AM 100998   3365580    5.00    4.00    0.00    1.00    9.00    14  postgres
10:55:52 AM 100998   3365606    4.00    3.00    0.00    0.00    7.00    10  postgres
10:55:52 AM 100998   3365607    4.00    4.00    0.00    0.00    8.00    12  postgres
10:55:52 AM 100998   3365608    5.00    4.00    0.00    0.00    9.00    14  postgres
10:55:52 AM 100998   3365609    5.00    3.00    0.00    0.00    8.00    12  postgres
10:55:52 AM 100998   3365611    4.00    3.00    0.00    0.00    7.00    10  postgres
10:55:52 AM 100998   3365612    5.00    3.00    0.00    0.00    8.00    10  postgres
10:55:52 AM 100998   3365613    5.00    3.00    0.00    0.00    8.00    14  postgres
10:55:52 AM 100998   3365615    5.00    4.00    0.00    0.00    9.00    10  postgres
10:55:52 AM 100998   3365616    4.00    3.00    0.00    0.00    7.00    14  postgres

10:55:52 AM   UID       PID    %usr %system  %guest   %wait    %CPU   CPU  Command
10:55:53 AM 100998   3364673    0.00    0.00    0.00    0.00    0.00    10  postgres
10:55:53 AM 100998   3364674    0.00    0.00    0.00    0.00    0.00    10  postgres
10:55:53 AM 100998   3364676    0.00    0.00    0.00    0.00    0.00    12  postgres
10:55:53 AM 100998   3364677    0.00    0.00    0.00    0.00    0.00    12  postgres
10:55:53 AM 100998   3365580    4.00    3.00    0.00    0.00    7.00    12  postgres
10:55:53 AM 100998   3365606    3.00    4.00    0.00    1.00    7.00    10  postgres
10:55:53 AM 100998   3365607    4.00    4.00    0.00    0.00    8.00    12  postgres
10:55:53 AM 100998   3365608    4.00    3.00    0.00    1.00    7.00    14  postgres
10:55:53 AM 100998   3365609    4.00    2.00    0.00    0.00    6.00    10  postgres
10:55:53 AM 100998   3365611    3.00    3.00    0.00    0.00    6.00    14  postgres
10:55:53 AM 100998   3365612    4.00    3.00    0.00    0.00    7.00    12  postgres
10:55:53 AM 100998   3365613    4.00    3.00    0.00    0.00    7.00    14  postgres
10:55:53 AM 100998   3365615    4.00    3.00    0.00    0.00    7.00    10  postgres
10:55:53 AM 100998   3365616    5.00    2.00    0.00    0.00    7.00    12  postgres

10:55:53 AM   UID       PID    %usr %system  %guest   %wait    %CPU   CPU  Command
10:55:54 AM 100998   3364673    0.00    0.00    0.00    0.00    0.00    10  postgres
10:55:54 AM 100998   3364674    0.00    0.00    0.00    0.00    0.00    10  postgres
10:55:54 AM 100998   3364676    0.00    0.00    0.00    0.00    0.00    12  postgres
10:55:54 AM 100998   3364677    0.00    0.00    0.00    0.00    0.00    12  postgres
10:55:54 AM 100998   3365580    0.00    0.00    0.00    0.00    0.00    12  postgres
10:55:54 AM 100998   3365606    0.00    0.00    0.00    0.00    0.00    10  postgres
10:55:54 AM 100998   3365607    0.00    0.00    0.00    0.00    0.00    12  postgres
10:55:54 AM 100998   3365608    0.00    0.00    0.00    0.00    0.00    14  postgres
10:55:54 AM 100998   3365609    0.00    0.00    0.00    0.00    0.00    10  postgres
10:55:54 AM 100998   3365611    0.00    0.00    0.00    0.00    0.00    14  postgres
10:55:54 AM 100998   3365612    0.00    0.00    0.00    0.00    0.00    12  postgres
10:55:54 AM 100998   3365613    0.00    0.00    0.00    0.00    0.00    14  postgres
10:55:54 AM 100998   3365615    0.00    0.00    0.00    0.00    0.00    10  postgres
10:55:54 AM 100998   3365616    0.00    0.00    0.00    0.00    0.00    12  postgres

10:55:54 AM   UID       PID    %usr %system  %guest   %wait    %CPU   CPU  Command
10:55:55 AM 100998   3364673    0.00    0.00    0.00    0.00    0.00    10  postgres
10:55:55 AM 100998   3364674    0.00    0.00    0.00    0.00    0.00    10  postgres
10:55:55 AM 100998   3364676    0.00    0.00    0.00    0.00    0.00    12  postgres
10:55:55 AM 100998   3364677    0.00    0.00    0.00    0.00    0.00    12  postgres
10:55:55 AM 100998   3365580    0.00    0.00    0.00    0.00    0.00    12  postgres
10:55:55 AM 100998   3365606    0.00    0.00    0.00    0.00    0.00    10  postgres
10:55:55 AM 100998   3365607    0.00    0.00    0.00    0.00    0.00    12  postgres
10:55:55 AM 100998   3365608    0.00    0.00    0.00    0.00    0.00    14  postgres
10:55:55 AM 100998   3365609    0.00    0.00    0.00    0.00    0.00    10  postgres
10:55:55 AM 100998   3365611    0.00    0.00    0.00    0.00    0.00    14  postgres
10:55:55 AM 100998   3365612    0.00    0.00    0.00    0.00    0.00    12  postgres
10:55:55 AM 100998   3365613    0.00    0.00    0.00    0.00    0.00    14  postgres
10:55:55 AM 100998   3365615    0.00    0.00    0.00    0.00    0.00    10  postgres
10:55:55 AM 100998   3365616    0.00    0.00    0.00    0.00    0.00    12  postgres

10:55:55 AM   UID       PID    %usr %system  %guest   %wait    %CPU   CPU  Command
10:55:56 AM 100998   3364673    0.00    0.00    0.00    0.00    0.00    10  postgres
10:55:56 AM 100998   3364674    0.00    0.00    0.00    0.00    0.00    10  postgres
10:55:56 AM 100998   3364676    0.00    0.00    0.00    0.00    0.00    12  postgres
10:55:56 AM 100998   3364677    0.00    0.00    0.00    0.00    0.00    12  postgres
10:55:56 AM 100998   3365580    0.00    0.00    0.00    0.00    0.00    12  postgres
10:55:56 AM 100998   3365606    0.00    0.00    0.00    0.00    0.00    10  postgres
10:55:56 AM 100998   3365607    0.00    0.00    0.00    0.00    0.00    12  postgres
10:55:56 AM 100998   3365608    0.00    0.00    0.00    0.00    0.00    14  postgres
10:55:56 AM 100998   3365609    0.00    0.00    0.00    0.00    0.00    10  postgres
10:55:56 AM 100998   3365611    0.00    0.00    0.00    0.00    0.00    14  postgres
10:55:56 AM 100998   3365612    0.00    0.00    0.00    0.00    0.00    12  postgres
10:55:56 AM 100998   3365613    0.00    0.00    0.00    0.00    0.00    14  postgres
10:55:56 AM 100998   3365615    0.00    0.00    0.00    0.00    0.00    10  postgres
10:55:56 AM 100998   3365616    0.00    0.00    0.00    0.00    0.00    12  postgres

10:55:56 AM   UID       PID    %usr %system  %guest   %wait    %CPU   CPU  Command
10:55:57 AM 100998   3364673    0.00    0.00    0.00    0.00    0.00    10  postgres
10:55:57 AM 100998   3364674    0.00    0.00    0.00    0.00    0.00    10  postgres
10:55:57 AM 100998   3364676    0.00    0.00    0.00    0.00    0.00    12  postgres
10:55:57 AM 100998   3364677    0.00    0.00    0.00    0.00    0.00    12  postgres
10:55:57 AM 100998   3365580    0.00    0.00    0.00    0.00    0.00    12  postgres
10:55:57 AM 100998   3365606    0.00    0.00    0.00    0.00    0.00    10  postgres
10:55:57 AM 100998   3365607    0.00    0.00    0.00    0.00    0.00    12  postgres
10:55:57 AM 100998   3365608    0.00    0.00    0.00    0.00    0.00    14  postgres
10:55:57 AM 100998   3365609    0.00    0.00    0.00    0.00    0.00    10  postgres
10:55:57 AM 100998   3365611    0.00    0.00    0.00    0.00    0.00    14  postgres
10:55:57 AM 100998   3365612    0.00    0.00    0.00    0.00    0.00    12  postgres
10:55:57 AM 100998   3365613    0.00    0.00    0.00    0.00    0.00    14  postgres
10:55:57 AM 100998   3365615    0.00    0.00    0.00    0.00    0.00    10  postgres
10:55:57 AM 100998   3365616    0.00    0.00    0.00    0.00    0.00    12  postgres
