Linux 5.14.0-570.60.1.el9_6.x86_64 *****) 	03/25/2026 	_x86_64_	(64 CPU)

09:06:31 AM   UID       PID    %usr %system  %guest   %wait    %CPU   CPU  Command
09:06:32 AM 100998   3302052    0.00    0.00    0.00    0.00    0.00    14  postgres
09:06:32 AM 100998   3302053    0.00    0.00    0.00    0.00    0.00    10  postgres
09:06:32 AM 100998   3302055    0.00    0.00    0.00    0.00    0.00    12  postgres
09:06:32 AM 100998   3302056    0.00    0.00    0.00    0.00    0.00    10  postgres
09:06:32 AM 100998   3302128    0.00    0.00    0.00    0.00    0.00    12  postgres

09:06:32 AM   UID       PID    %usr %system  %guest   %wait    %CPU   CPU  Command
09:06:33 AM 100998   3302052    0.00    0.00    0.00    0.00    0.00    14  postgres
09:06:33 AM 100998   3302053    0.00    0.00    0.00    0.00    0.00    10  postgres
09:06:33 AM 100998   3302055    0.00    0.00    0.00    0.00    0.00    12  postgres
09:06:33 AM 100998   3302056    0.00    0.00    0.00    0.00    0.00    10  postgres
09:06:33 AM 100998   3302128    0.00    0.00    0.00    0.00    0.00    12  postgres

09:06:33 AM   UID       PID    %usr %system  %guest   %wait    %CPU   CPU  Command
09:06:34 AM 100998   3302052    0.00    0.00    0.00    0.00    0.00    14  postgres
09:06:34 AM 100998   3302053    0.00    0.00    0.00    0.00    0.00    10  postgres
09:06:34 AM 100998   3302055    0.00    0.00    0.00    0.00    0.00    12  postgres
09:06:34 AM 100998   3302056    0.00    0.00    0.00    0.00    0.00    10  postgres
09:06:34 AM 100998   3302128    0.00    0.00    0.00    0.00    0.00    12  postgres

09:06:34 AM   UID       PID    %usr %system  %guest   %wait    %CPU   CPU  Command
09:06:35 AM 100998   3302052    0.00    0.00    0.00    0.00    0.00    14  postgres
09:06:35 AM 100998   3302053    0.00    0.00    0.00    0.00    0.00    10  postgres
09:06:35 AM 100998   3302055    0.00    0.00    0.00    0.00    0.00    12  postgres
09:06:35 AM 100998   3302056    0.00    0.00    0.00    0.00    0.00    10  postgres
09:06:35 AM 100998   3302128    0.00    0.00    0.00    0.00    0.00    12  postgres

09:06:35 AM   UID       PID    %usr %system  %guest   %wait    %CPU   CPU  Command
09:06:36 AM 100998   3302052    0.00    0.00    0.00    0.00    0.00    14  postgres
09:06:36 AM 100998   3302053    0.00    0.00    0.00    0.00    0.00    10  postgres
09:06:36 AM 100998   3302055    0.00    0.00    0.00    0.00    0.00    12  postgres
09:06:36 AM 100998   3302056    0.00    0.00    0.00    0.00    0.00    10  postgres
09:06:36 AM 100998   3302128    0.00    1.00    0.00    0.00    1.00    14  postgres

09:06:36 AM   UID       PID    %usr %system  %guest   %wait    %CPU   CPU  Command
09:06:37 AM 100998   3302052    0.00    0.00    0.00    0.00    0.00    14  postgres
09:06:37 AM 100998   3302053    0.00    0.00    0.00    0.00    0.00    12  postgres
09:06:37 AM 100998   3302055    0.00    0.00    0.00    0.00    0.00    12  postgres
09:06:37 AM 100998   3302056    0.00    0.00    0.00    0.00    0.00    10  postgres
09:06:37 AM 100998   3302128    1.00    1.00    0.00    0.00    2.00    14  postgres

09:06:37 AM   UID       PID    %usr %system  %guest   %wait    %CPU   CPU  Command
09:06:38 AM 100998   3302052    0.00    0.00    0.00    0.00    0.00    14  postgres
09:06:38 AM 100998   3302053    0.00    0.00    0.00    0.00    0.00    14  postgres
09:06:38 AM 100998   3302055    0.00    0.00    0.00    0.00    0.00    12  postgres
09:06:38 AM 100998   3302056    0.00    0.00    0.00    0.00    0.00    10  postgres
09:06:38 AM 100998   3302128    3.00    1.00    0.00    0.00    4.00    14  postgres

09:06:38 AM   UID       PID    %usr %system  %guest   %wait    %CPU   CPU  Command
09:06:39 AM 100998   3302052    0.00    0.00    0.00    0.00    0.00    14  postgres
09:06:39 AM 100998   3302053    0.00    0.00    0.00    0.00    0.00    14  postgres
09:06:39 AM 100998   3302055    0.00    0.00    0.00    0.00    0.00    12  postgres
09:06:39 AM 100998   3302056    0.00    0.00    0.00    0.00    0.00    10  postgres
09:06:39 AM 100998   3302128    2.00    2.00    0.00    0.00    4.00    14  postgres

09:06:39 AM   UID       PID    %usr %system  %guest   %wait    %CPU   CPU  Command
09:06:40 AM 100998   3302052    0.00    0.00    0.00    0.00    0.00    14  postgres
09:06:40 AM 100998   3302053    0.00    0.00    0.00    0.00    0.00    12  postgres
09:06:40 AM 100998   3302055    0.00    0.00    0.00    0.00    0.00    12  postgres
09:06:40 AM 100998   3302056    0.00    0.00    0.00    0.00    0.00    10  postgres
09:06:40 AM 100998   3302128    3.00    1.00    0.00    0.00    4.00    10  postgres

09:06:40 AM   UID       PID    %usr %system  %guest   %wait    %CPU   CPU  Command
09:06:41 AM 100998   3302052    0.00    0.00    0.00    0.00    0.00    14  postgres
09:06:41 AM 100998   3302053    0.00    0.00    0.00    0.00    0.00    12  postgres
09:06:41 AM 100998   3302055    0.00    0.00    0.00    0.00    0.00    12  postgres
09:06:41 AM 100998   3302056    0.00    0.00    0.00    0.00    0.00    10  postgres
09:06:41 AM 100998   3302128    2.00    2.00    0.00    0.00    4.00    14  postgres

09:06:41 AM   UID       PID    %usr %system  %guest   %wait    %CPU   CPU  Command
09:06:42 AM 100998   3302052    0.00    0.00    0.00    0.00    0.00    14  postgres
09:06:42 AM 100998   3302053    0.00    0.00    0.00    0.00    0.00    12  postgres
09:06:42 AM 100998   3302055    0.00    0.00    0.00    0.00    0.00    12  postgres
09:06:42 AM 100998   3302056    0.00    0.00    0.00    0.00    0.00    10  postgres
09:06:42 AM 100998   3302128    2.00    2.00    0.00    0.00    4.00    12  postgres

09:06:42 AM   UID       PID    %usr %system  %guest   %wait    %CPU   CPU  Command
09:06:43 AM 100998   3302052    0.00    0.00    0.00    0.00    0.00    14  postgres
09:06:43 AM 100998   3302053    0.00    0.00    0.00    0.00    0.00    14  postgres
09:06:43 AM 100998   3302055    0.00    0.00    0.00    0.00    0.00    12  postgres
09:06:43 AM 100998   3302056    0.00    0.00    0.00    0.00    0.00    10  postgres
09:06:43 AM 100998   3302128    2.00    2.00    0.00    0.00    4.00    14  postgres

09:06:43 AM   UID       PID    %usr %system  %guest   %wait    %CPU   CPU  Command
09:06:44 AM 100998   3302052    0.00    0.00    0.00    0.00    0.00    14  postgres
09:06:44 AM 100998   3302053    0.00    0.00    0.00    0.00    0.00    12  postgres
09:06:44 AM 100998   3302055    0.00    0.00    0.00    0.00    0.00    12  postgres
09:06:44 AM 100998   3302056    0.00    0.00    0.00    0.00    0.00    10  postgres
09:06:44 AM 100998   3302128    3.00    2.00    0.00    0.00    5.00    10  postgres

09:06:44 AM   UID       PID    %usr %system  %guest   %wait    %CPU   CPU  Command
09:06:45 AM 100998   3302052    0.00    0.00    0.00    0.00    0.00    14  postgres
09:06:45 AM 100998   3302053    0.00    0.00    0.00    0.00    0.00    12  postgres
09:06:45 AM 100998   3302055    0.00    0.00    0.00    0.00    0.00    14  postgres
09:06:45 AM 100998   3302056    0.00    0.00    0.00    0.00    0.00    10  postgres
09:06:45 AM 100998   3302128    2.00    1.00    0.00    0.00    3.00    10  postgres

09:06:45 AM   UID       PID    %usr %system  %guest   %wait    %CPU   CPU  Command
09:06:46 AM 100998   3302052    0.00    0.00    0.00    0.00    0.00    14  postgres
09:06:46 AM 100998   3302053    0.00    0.00    0.00    0.00    0.00    12  postgres
09:06:46 AM 100998   3302055    0.00    0.00    0.00    0.00    0.00    14  postgres
09:06:46 AM 100998   3302056    0.00    0.00    0.00    0.00    0.00    10  postgres
09:06:46 AM 100998   3302128    3.00    2.00    0.00    0.00    5.00    12  postgres

09:06:46 AM   UID       PID    %usr %system  %guest   %wait    %CPU   CPU  Command
09:06:47 AM 100998   3302052    0.00    0.00    0.00    0.00    0.00    14  postgres
09:06:47 AM 100998   3302053    0.00    0.00    0.00    0.00    0.00    10  postgres
09:06:47 AM 100998   3302055    0.00    0.00    0.00    0.00    0.00    14  postgres
09:06:47 AM 100998   3302056    0.00    0.00    0.00    0.00    0.00    10  postgres
09:06:47 AM 100998   3302128    2.00    2.00    0.00    0.00    4.00    10  postgres

09:06:47 AM   UID       PID    %usr %system  %guest   %wait    %CPU   CPU  Command
09:06:48 AM 100998   3302052    0.00    0.00    0.00    0.00    0.00    14  postgres
09:06:48 AM 100998   3302053    0.00    0.00    0.00    0.00    0.00    14  postgres
09:06:48 AM 100998   3302055    0.00    0.00    0.00    0.00    0.00    14  postgres
09:06:48 AM 100998   3302056    0.00    0.00    0.00    0.00    0.00    10  postgres
09:06:48 AM 100998   3302128    3.00    1.00    0.00    0.00    4.00    14  postgres

09:06:48 AM   UID       PID    %usr %system  %guest   %wait    %CPU   CPU  Command
09:06:49 AM 100998   3302052    0.00    0.00    0.00    0.00    0.00    14  postgres
09:06:49 AM 100998   3302053    0.00    0.00    0.00    0.00    0.00    10  postgres
09:06:49 AM 100998   3302055    0.00    0.00    0.00    0.00    0.00    14  postgres
09:06:49 AM 100998   3302056    0.00    0.00    0.00    0.00    0.00    10  postgres
09:06:49 AM 100998   3302128    2.00    2.00    0.00    0.00    4.00    14  postgres

09:06:49 AM   UID       PID    %usr %system  %guest   %wait    %CPU   CPU  Command
09:06:50 AM 100998   3302052    0.00    0.00    0.00    0.00    0.00    14  postgres
09:06:50 AM 100998   3302053    0.00    0.00    0.00    0.00    0.00    12  postgres
09:06:50 AM 100998   3302055    0.00    0.00    0.00    0.00    0.00    14  postgres
09:06:50 AM 100998   3302056    0.00    0.00    0.00    0.00    0.00    10  postgres
09:06:50 AM 100998   3302128    2.00    2.00    0.00    0.00    4.00    10  postgres

09:06:50 AM   UID       PID    %usr %system  %guest   %wait    %CPU   CPU  Command
09:06:51 AM 100998   3302052    0.00    0.00    0.00    0.00    0.00    14  postgres
09:06:51 AM 100998   3302053    0.00    0.00    0.00    0.00    0.00    10  postgres
09:06:51 AM 100998   3302055    0.00    0.00    0.00    0.00    0.00    14  postgres
09:06:51 AM 100998   3302056    0.00    0.00    0.00    0.00    0.00    10  postgres
09:06:51 AM 100998   3302128    2.00    1.00    0.00    0.00    3.00    14  postgres

09:06:51 AM   UID       PID    %usr %system  %guest   %wait    %CPU   CPU  Command
09:06:52 AM 100998   3302052    0.00    0.00    0.00    0.00    0.00    14  postgres
09:06:52 AM 100998   3302053    0.00    0.00    0.00    0.00    0.00    10  postgres
09:06:52 AM 100998   3302055    0.00    0.00    0.00    0.00    0.00    14  postgres
09:06:52 AM 100998   3302056    0.00    0.00    0.00    0.00    0.00    10  postgres
09:06:52 AM 100998   3302128    3.00    2.00    0.00    0.00    5.00    10  postgres

09:06:52 AM   UID       PID    %usr %system  %guest   %wait    %CPU   CPU  Command
09:06:53 AM 100998   3302052    0.00    0.00    0.00    0.00    0.00    14  postgres
09:06:53 AM 100998   3302053    0.00    0.00    0.00    0.00    0.00    10  postgres
09:06:53 AM 100998   3302055    0.00    0.00    0.00    0.00    0.00    14  postgres
09:06:53 AM 100998   3302056    0.00    0.00    0.00    0.00    0.00    10  postgres
09:06:53 AM 100998   3302128    2.00    2.00    0.00    0.00    4.00    12  postgres

09:06:53 AM   UID       PID    %usr %system  %guest   %wait    %CPU   CPU  Command
09:06:54 AM 100998   3302052    0.00    0.00    0.00    0.00    0.00    14  postgres
09:06:54 AM 100998   3302053    0.00    0.00    0.00    0.00    0.00    12  postgres
09:06:54 AM 100998   3302055    0.00    0.00    0.00    0.00    0.00    14  postgres
09:06:54 AM 100998   3302056    0.00    0.00    0.00    0.00    0.00    10  postgres
09:06:54 AM 100998   3302128    2.00    1.00    0.00    0.00    3.00    12  postgres

09:06:54 AM   UID       PID    %usr %system  %guest   %wait    %CPU   CPU  Command
09:06:55 AM 100998   3302052    0.00    0.00    0.00    0.00    0.00    14  postgres
09:06:55 AM 100998   3302053    0.00    0.00    0.00    0.00    0.00    10  postgres
09:06:55 AM 100998   3302055    0.00    0.00    0.00    0.00    0.00    12  postgres
09:06:55 AM 100998   3302056    0.00    0.00    0.00    0.00    0.00    10  postgres
09:06:55 AM 100998   3302128    3.00    2.00    0.00    0.00    5.00    14  postgres

09:06:55 AM   UID       PID    %usr %system  %guest   %wait    %CPU   CPU  Command
09:06:56 AM 100998   3302052    0.00    0.00    0.00    0.00    0.00    14  postgres
09:06:56 AM 100998   3302053    0.00    0.00    0.00    0.00    0.00    10  postgres
09:06:56 AM 100998   3302055    0.00    0.00    0.00    0.00    0.00    12  postgres
09:06:56 AM 100998   3302056    0.00    0.00    0.00    0.00    0.00    10  postgres
09:06:56 AM 100998   3302128    2.00    1.00    0.00    0.00    3.00    14  postgres

09:06:56 AM   UID       PID    %usr %system  %guest   %wait    %CPU   CPU  Command
09:06:57 AM 100998   3302052    0.00    0.00    0.00    0.00    0.00    14  postgres
09:06:57 AM 100998   3302053    0.00    0.00    0.00    0.00    0.00    14  postgres
09:06:57 AM 100998   3302055    0.00    0.00    0.00    0.00    0.00    12  postgres
09:06:57 AM 100998   3302056    0.00    0.00    0.00    0.00    0.00    10  postgres
09:06:57 AM 100998   3302128    2.00    2.00    0.00    0.00    4.00    12  postgres

09:06:57 AM   UID       PID    %usr %system  %guest   %wait    %CPU   CPU  Command
09:06:58 AM 100998   3302052    0.00    0.00    0.00    0.00    0.00    14  postgres
09:06:58 AM 100998   3302053    0.00    0.00    0.00    0.00    0.00    10  postgres
09:06:58 AM 100998   3302055    0.00    0.00    0.00    0.00    0.00    12  postgres
09:06:58 AM 100998   3302056    0.00    0.00    0.00    0.00    0.00    10  postgres
09:06:58 AM 100998   3302128    2.00    3.00    0.00    0.00    5.00    14  postgres

09:06:58 AM   UID       PID    %usr %system  %guest   %wait    %CPU   CPU  Command
09:06:59 AM 100998   3302052    0.00    0.00    0.00    0.00    0.00    14  postgres
09:06:59 AM 100998   3302053    0.00    0.00    0.00    0.00    0.00    10  postgres
09:06:59 AM 100998   3302055    0.00    0.00    0.00    0.00    0.00    12  postgres
09:06:59 AM 100998   3302056    0.00    0.00    0.00    0.00    0.00    10  postgres
09:06:59 AM 100998   3302128    2.00    2.00    0.00    0.00    4.00    10  postgres

09:06:59 AM   UID       PID    %usr %system  %guest   %wait    %CPU   CPU  Command
09:07:00 AM 100998   3302052    0.00    0.00    0.00    0.00    0.00    14  postgres
09:07:00 AM 100998   3302053    0.00    0.00    0.00    0.00    0.00    10  postgres
09:07:00 AM 100998   3302055    0.00    0.00    0.00    0.00    0.00    12  postgres
09:07:00 AM 100998   3302056    0.00    0.00    0.00    0.00    0.00    10  postgres
09:07:00 AM 100998   3302128    2.00    1.00    0.00    0.00    3.00    12  postgres

09:07:00 AM   UID       PID    %usr %system  %guest   %wait    %CPU   CPU  Command
09:07:01 AM 100998   3302052    0.00    0.00    0.00    0.00    0.00    14  postgres
09:07:01 AM 100998   3302053    0.00    0.00    0.00    0.00    0.00    14  postgres
09:07:01 AM 100998   3302055    0.00    0.00    0.00    0.00    0.00    12  postgres
09:07:01 AM 100998   3302056    0.00    0.00    0.00    0.00    0.00    10  postgres
09:07:01 AM 100998   3302128    3.00    2.00    0.00    0.00    5.00    14  postgres

09:07:01 AM   UID       PID    %usr %system  %guest   %wait    %CPU   CPU  Command
09:07:02 AM 100998   3302052    0.00    0.00    0.00    0.00    0.00    14  postgres
09:07:02 AM 100998   3302053    0.00    0.00    0.00    0.00    0.00    14  postgres
09:07:02 AM 100998   3302055    0.00    0.00    0.00    0.00    0.00    12  postgres
09:07:02 AM 100998   3302056    0.00    0.00    0.00    0.00    0.00    10  postgres
09:07:02 AM 100998   3302128    2.00    1.00    0.00    0.00    3.00    10  postgres

09:07:02 AM   UID       PID    %usr %system  %guest   %wait    %CPU   CPU  Command
09:07:03 AM 100998   3302052    0.00    0.00    0.00    0.00    0.00    14  postgres
09:07:03 AM 100998   3302053    0.00    0.00    0.00    0.00    0.00    10  postgres
09:07:03 AM 100998   3302055    0.00    0.00    0.00    0.00    0.00    12  postgres
09:07:03 AM 100998   3302056    0.00    0.00    0.00    0.00    0.00    10  postgres
09:07:03 AM 100998   3302128    3.00    2.00    0.00    0.00    5.00    12  postgres

09:07:03 AM   UID       PID    %usr %system  %guest   %wait    %CPU   CPU  Command
09:07:04 AM 100998   3302052    0.00    0.00    0.00    0.00    0.00    14  postgres
09:07:04 AM 100998   3302053    0.00    0.00    0.00    0.00    0.00    14  postgres
09:07:04 AM 100998   3302055    0.00    0.00    0.00    0.00    0.00    12  postgres
09:07:04 AM 100998   3302056    0.00    0.00    0.00    0.00    0.00    10  postgres
09:07:04 AM 100998   3302128    2.00    1.00    0.00    0.00    3.00    10  postgres

09:07:04 AM   UID       PID    %usr %system  %guest   %wait    %CPU   CPU  Command
09:07:05 AM 100998   3302052    0.00    0.00    0.00    0.00    0.00    14  postgres
09:07:05 AM 100998   3302053    0.00    0.00    0.00    0.00    0.00    12  postgres
09:07:05 AM 100998   3302055    0.00    0.00    0.00    0.00    0.00    12  postgres
09:07:05 AM 100998   3302056    0.00    0.00    0.00    0.00    0.00    10  postgres
09:07:05 AM 100998   3302128    2.00    1.00    0.00    0.00    3.00    10  postgres

09:07:05 AM   UID       PID    %usr %system  %guest   %wait    %CPU   CPU  Command
09:07:06 AM 100998   3302052    0.00    0.00    0.00    0.00    0.00    14  postgres
09:07:06 AM 100998   3302053    0.00    0.00    0.00    0.00    0.00    10  postgres
09:07:06 AM 100998   3302055    0.00    0.00    0.00    0.00    0.00    12  postgres
09:07:06 AM 100998   3302056    0.00    0.00    0.00    0.00    0.00    10  postgres
09:07:06 AM 100998   3302128    2.00    2.00    0.00    0.00    4.00    12  postgres

09:07:06 AM   UID       PID    %usr %system  %guest   %wait    %CPU   CPU  Command
09:07:07 AM 100998   3302052    0.00    0.00    0.00    0.00    0.00    14  postgres
09:07:07 AM 100998   3302053    0.00    0.00    0.00    0.00    0.00    10  postgres
09:07:07 AM 100998   3302055    0.00    0.00    0.00    0.00    0.00    12  postgres
09:07:07 AM 100998   3302056    0.00    0.00    0.00    0.00    0.00    10  postgres
09:07:07 AM 100998   3302128    2.00    1.00    0.00    1.00    3.00    14  postgres

09:07:07 AM   UID       PID    %usr %system  %guest   %wait    %CPU   CPU  Command
09:07:08 AM 100998   3302052    0.00    0.00    0.00    0.00    0.00    14  postgres
09:07:08 AM 100998   3302053    0.00    0.00    0.00    0.00    0.00    14  postgres
09:07:08 AM 100998   3302055    0.00    0.00    0.00    0.00    0.00    12  postgres
09:07:08 AM 100998   3302056    0.00    0.00    0.00    0.00    0.00    10  postgres
09:07:08 AM 100998   3302128    2.00    2.00    0.00    0.00    4.00    14  postgres

09:07:08 AM   UID       PID    %usr %system  %guest   %wait    %CPU   CPU  Command
09:07:09 AM 100998   3302052    0.00    0.00    0.00    0.00    0.00    14  postgres
09:07:09 AM 100998   3302053    0.00    0.00    0.00    0.00    0.00    14  postgres
09:07:09 AM 100998   3302055    0.00    0.00    0.00    0.00    0.00    12  postgres
09:07:09 AM 100998   3302056    0.00    0.00    0.00    0.00    0.00    10  postgres
09:07:09 AM 100998   3302128    2.00    2.00    0.00    0.00    4.00    14  postgres

09:07:09 AM   UID       PID    %usr %system  %guest   %wait    %CPU   CPU  Command
09:07:10 AM 100998   3302052    0.00    0.00    0.00    0.00    0.00    14  postgres
09:07:10 AM 100998   3302053    0.00    0.00    0.00    0.00    0.00    14  postgres
09:07:10 AM 100998   3302055    0.00    0.00    0.00    0.00    0.00    12  postgres
09:07:10 AM 100998   3302056    0.00    0.00    0.00    0.00    0.00    10  postgres
09:07:10 AM 100998   3302128    2.00    2.00    0.00    0.00    4.00    10  postgres

09:07:10 AM   UID       PID    %usr %system  %guest   %wait    %CPU   CPU  Command
09:07:11 AM 100998   3302052    0.00    0.00    0.00    0.00    0.00    14  postgres
09:07:11 AM 100998   3302053    0.00    0.00    0.00    0.00    0.00    14  postgres
09:07:11 AM 100998   3302055    0.00    0.00    0.00    0.00    0.00    12  postgres
09:07:11 AM 100998   3302056    0.00    0.00    0.00    0.00    0.00    10  postgres
09:07:11 AM 100998   3302128    3.00    1.00    0.00    0.00    4.00    12  postgres

09:07:11 AM   UID       PID    %usr %system  %guest   %wait    %CPU   CPU  Command
09:07:12 AM 100998   3302052    0.00    0.00    0.00    0.00    0.00    14  postgres
09:07:12 AM 100998   3302053    0.00    0.00    0.00    0.00    0.00    12  postgres
09:07:12 AM 100998   3302055    0.00    0.00    0.00    0.00    0.00    12  postgres
09:07:12 AM 100998   3302056    0.00    0.00    0.00    0.00    0.00    10  postgres
09:07:12 AM 100998   3302128    2.00    1.00    0.00    0.00    3.00    14  postgres

09:07:12 AM   UID       PID    %usr %system  %guest   %wait    %CPU   CPU  Command
09:07:13 AM 100998   3302052    0.00    0.00    0.00    0.00    0.00    14  postgres
09:07:13 AM 100998   3302053    0.00    0.00    0.00    0.00    0.00    12  postgres
09:07:13 AM 100998   3302055    0.00    0.00    0.00    0.00    0.00    12  postgres
09:07:13 AM 100998   3302056    0.00    0.00    0.00    0.00    0.00    10  postgres
09:07:13 AM 100998   3302128    3.00    2.00    0.00    0.00    5.00    14  postgres

09:07:13 AM   UID       PID    %usr %system  %guest   %wait    %CPU   CPU  Command
09:07:14 AM 100998   3302052    0.00    0.00    0.00    0.00    0.00    14  postgres
09:07:14 AM 100998   3302053    0.00    0.00    0.00    0.00    0.00    12  postgres
09:07:14 AM 100998   3302055    0.00    0.00    0.00    0.00    0.00    12  postgres
09:07:14 AM 100998   3302056    0.00    0.00    0.00    0.00    0.00    10  postgres
09:07:14 AM 100998   3302128    2.00    2.00    0.00    0.00    4.00    12  postgres

09:07:14 AM   UID       PID    %usr %system  %guest   %wait    %CPU   CPU  Command
09:07:15 AM 100998   3302052    0.00    0.00    0.00    0.00    0.00    14  postgres
09:07:15 AM 100998   3302053    0.00    0.00    0.00    0.00    0.00    10  postgres
09:07:15 AM 100998   3302055    0.00    0.00    0.00    0.00    0.00    12  postgres
09:07:15 AM 100998   3302056    0.00    0.00    0.00    0.00    0.00    10  postgres
09:07:15 AM 100998   3302128    2.00    2.00    0.00    0.00    4.00    10  postgres

09:07:15 AM   UID       PID    %usr %system  %guest   %wait    %CPU   CPU  Command
09:07:16 AM 100998   3302052    0.00    0.00    0.00    0.00    0.00    14  postgres
09:07:16 AM 100998   3302053    0.00    0.00    0.00    0.00    0.00    10  postgres
09:07:16 AM 100998   3302055    0.00    0.00    0.00    0.00    0.00    12  postgres
09:07:16 AM 100998   3302056    0.00    0.00    0.00    0.00    0.00    10  postgres
09:07:16 AM 100998   3302128    3.00    1.00    0.00    0.00    4.00    14  postgres

09:07:16 AM   UID       PID    %usr %system  %guest   %wait    %CPU   CPU  Command
09:07:17 AM 100998   3302052    0.00    0.00    0.00    0.00    0.00    14  postgres
09:07:17 AM 100998   3302053    0.00    0.00    0.00    0.00    0.00    12  postgres
09:07:17 AM 100998   3302055    0.00    0.00    0.00    0.00    0.00    12  postgres
09:07:17 AM 100998   3302056    0.00    0.00    0.00    0.00    0.00    10  postgres
09:07:17 AM 100998   3302128    2.00    2.00    0.00    0.00    4.00    14  postgres

09:07:17 AM   UID       PID    %usr %system  %guest   %wait    %CPU   CPU  Command
09:07:18 AM 100998   3302052    0.00    0.00    0.00    0.00    0.00    14  postgres
09:07:18 AM 100998   3302053    0.00    0.00    0.00    0.00    0.00    10  postgres
09:07:18 AM 100998   3302055    0.00    0.00    0.00    0.00    0.00    12  postgres
09:07:18 AM 100998   3302056    0.00    0.00    0.00    0.00    0.00    10  postgres
09:07:18 AM 100998   3302128    2.00    1.00    0.00    0.00    3.00    14  postgres

09:07:18 AM   UID       PID    %usr %system  %guest   %wait    %CPU   CPU  Command
09:07:19 AM 100998   3302052    0.00    0.00    0.00    0.00    0.00    14  postgres
09:07:19 AM 100998   3302053    0.00    0.00    0.00    0.00    0.00    12  postgres
09:07:19 AM 100998   3302055    0.00    0.00    0.00    0.00    0.00    12  postgres
09:07:19 AM 100998   3302056    0.00    0.00    0.00    0.00    0.00    10  postgres
09:07:19 AM 100998   3302128    2.00    2.00    0.00    0.00    4.00    10  postgres

09:07:19 AM   UID       PID    %usr %system  %guest   %wait    %CPU   CPU  Command
09:07:20 AM 100998   3302052    0.00    0.00    0.00    0.00    0.00    14  postgres
09:07:20 AM 100998   3302053    0.00    0.00    0.00    0.00    0.00    10  postgres
09:07:20 AM 100998   3302055    0.00    0.00    0.00    0.00    0.00    12  postgres
09:07:20 AM 100998   3302056    0.00    0.00    0.00    0.00    0.00    10  postgres
09:07:20 AM 100998   3302128    2.00    1.00    0.00    0.00    3.00    14  postgres

09:07:20 AM   UID       PID    %usr %system  %guest   %wait    %CPU   CPU  Command
09:07:21 AM 100998   3302052    0.00    0.00    0.00    0.00    0.00    14  postgres
09:07:21 AM 100998   3302053    0.00    0.00    0.00    0.00    0.00    14  postgres
09:07:21 AM 100998   3302055    0.00    0.00    0.00    0.00    0.00    12  postgres
09:07:21 AM 100998   3302056    0.00    0.00    0.00    0.00    0.00    10  postgres
09:07:21 AM 100998   3302128    2.00    2.00    0.00    0.00    4.00    12  postgres

09:07:21 AM   UID       PID    %usr %system  %guest   %wait    %CPU   CPU  Command
09:07:22 AM 100998   3302052    0.00    0.00    0.00    0.00    0.00    14  postgres
09:07:22 AM 100998   3302053    0.00    0.00    0.00    0.00    0.00    10  postgres
09:07:22 AM 100998   3302055    0.00    0.00    0.00    0.00    0.00    12  postgres
09:07:22 AM 100998   3302056    0.00    0.00    0.00    0.00    0.00    10  postgres
09:07:22 AM 100998   3302128    2.00    1.00    0.00    0.00    3.00    10  postgres

09:07:22 AM   UID       PID    %usr %system  %guest   %wait    %CPU   CPU  Command
09:07:23 AM 100998   3302052    0.00    0.00    0.00    0.00    0.00    14  postgres
09:07:23 AM 100998   3302053    0.00    0.00    0.00    0.00    0.00    10  postgres
09:07:23 AM 100998   3302055    0.00    0.00    0.00    0.00    0.00    12  postgres
09:07:23 AM 100998   3302056    0.00    0.00    0.00    0.00    0.00    10  postgres
09:07:23 AM 100998   3302128    2.00    2.00    0.00    0.00    4.00    12  postgres

09:07:23 AM   UID       PID    %usr %system  %guest   %wait    %CPU   CPU  Command
09:07:24 AM 100998   3302052    0.00    0.00    0.00    0.00    0.00    14  postgres
09:07:24 AM 100998   3302053    0.00    0.00    0.00    0.00    0.00    14  postgres
09:07:24 AM 100998   3302055    0.00    0.00    0.00    0.00    0.00    12  postgres
09:07:24 AM 100998   3302056    0.00    0.00    0.00    0.00    0.00    10  postgres
09:07:24 AM 100998   3302128    3.00    1.00    0.00    0.00    4.00    10  postgres

09:07:24 AM   UID       PID    %usr %system  %guest   %wait    %CPU   CPU  Command
09:07:25 AM 100998   3302052    0.00    0.00    0.00    0.00    0.00    14  postgres
09:07:25 AM 100998   3302053    0.00    0.00    0.00    0.00    0.00    14  postgres
09:07:25 AM 100998   3302055    0.00    0.00    0.00    0.00    0.00    12  postgres
09:07:25 AM 100998   3302056    0.00    0.00    0.00    0.00    0.00    10  postgres
09:07:25 AM 100998   3302128    2.00    2.00    0.00    0.00    4.00    12  postgres

09:07:25 AM   UID       PID    %usr %system  %guest   %wait    %CPU   CPU  Command
09:07:26 AM 100998   3302052    0.00    0.00    0.00    0.00    0.00    14  postgres
09:07:26 AM 100998   3302053    0.00    0.00    0.00    0.00    0.00    12  postgres
09:07:26 AM 100998   3302055    0.00    0.00    0.00    0.00    0.00    12  postgres
09:07:26 AM 100998   3302056    0.00    0.00    0.00    0.00    0.00    10  postgres
09:07:26 AM 100998   3302128    2.00    1.00    0.00    0.00    3.00    12  postgres

09:07:26 AM   UID       PID    %usr %system  %guest   %wait    %CPU   CPU  Command
09:07:27 AM 100998   3302052    0.00    0.00    0.00    0.00    0.00    14  postgres
09:07:27 AM 100998   3302053    0.00    0.00    0.00    0.00    0.00    12  postgres
09:07:27 AM 100998   3302055    0.00    0.00    0.00    0.00    0.00    12  postgres
09:07:27 AM 100998   3302056    0.00    0.00    0.00    0.00    0.00    10  postgres
09:07:27 AM 100998   3302128    2.00    2.00    0.00    0.00    4.00    14  postgres

09:07:27 AM   UID       PID    %usr %system  %guest   %wait    %CPU   CPU  Command
09:07:28 AM 100998   3302052    0.00    0.00    0.00    0.00    0.00    14  postgres
09:07:28 AM 100998   3302053    0.00    0.00    0.00    0.00    0.00    10  postgres
09:07:28 AM 100998   3302055    0.00    0.00    0.00    0.00    0.00    12  postgres
09:07:28 AM 100998   3302056    0.00    0.00    0.00    0.00    0.00    10  postgres
09:07:28 AM 100998   3302128    2.00    1.00    0.00    0.00    3.00    14  postgres

09:07:28 AM   UID       PID    %usr %system  %guest   %wait    %CPU   CPU  Command
09:07:29 AM 100998   3302052    0.00    0.00    0.00    0.00    0.00    14  postgres
09:07:29 AM 100998   3302053    0.00    0.00    0.00    0.00    0.00    10  postgres
09:07:29 AM 100998   3302055    0.00    0.00    0.00    0.00    0.00    12  postgres
09:07:29 AM 100998   3302056    0.00    0.00    0.00    0.00    0.00    10  postgres
09:07:29 AM 100998   3302128    3.00    1.00    0.00    0.00    4.00    14  postgres

09:07:29 AM   UID       PID    %usr %system  %guest   %wait    %CPU   CPU  Command
09:07:30 AM 100998   3302052    0.00    0.00    0.00    0.00    0.00    14  postgres
09:07:30 AM 100998   3302053    0.00    0.00    0.00    0.00    0.00    10  postgres
09:07:30 AM 100998   3302055    0.00    0.00    0.00    0.00    0.00    12  postgres
09:07:30 AM 100998   3302056    0.00    0.00    0.00    0.00    0.00    10  postgres
09:07:30 AM 100998   3302128    3.00    1.00    0.00    0.00    4.00    10  postgres

09:07:30 AM   UID       PID    %usr %system  %guest   %wait    %CPU   CPU  Command
09:07:31 AM 100998   3302052    0.00    0.00    0.00    0.00    0.00    14  postgres
09:07:31 AM 100998   3302053    0.00    0.00    0.00    0.00    0.00    14  postgres
09:07:31 AM 100998   3302055    0.00    0.00    0.00    0.00    0.00    12  postgres
09:07:31 AM 100998   3302056    0.00    0.00    0.00    0.00    0.00    10  postgres
09:07:31 AM 100998   3302128    2.00    2.00    0.00    0.00    4.00    12  postgres

09:07:31 AM   UID       PID    %usr %system  %guest   %wait    %CPU   CPU  Command
09:07:32 AM 100998   3302052    0.00    0.00    0.00    0.00    0.00    14  postgres
09:07:32 AM 100998   3302053    0.00    0.00    0.00    0.00    0.00    10  postgres
09:07:32 AM 100998   3302055    0.00    0.00    0.00    0.00    0.00    12  postgres
09:07:32 AM 100998   3302056    0.00    0.00    0.00    0.00    0.00    10  postgres
09:07:32 AM 100998   3302128    2.00    2.00    0.00    0.00    4.00    14  postgres

09:07:32 AM   UID       PID    %usr %system  %guest   %wait    %CPU   CPU  Command
09:07:33 AM 100998   3302052    0.00    0.00    0.00    0.00    0.00    14  postgres
09:07:33 AM 100998   3302053    0.00    0.00    0.00    0.00    0.00    14  postgres
09:07:33 AM 100998   3302055    0.00    0.00    0.00    0.00    0.00    12  postgres
09:07:33 AM 100998   3302056    0.00    0.00    0.00    0.00    0.00    10  postgres
09:07:33 AM 100998   3302128    3.00    1.00    0.00    0.00    4.00    10  postgres

09:07:33 AM   UID       PID    %usr %system  %guest   %wait    %CPU   CPU  Command
09:07:34 AM 100998   3302052    0.00    0.00    0.00    0.00    0.00    14  postgres
09:07:34 AM 100998   3302053    0.00    0.00    0.00    0.00    0.00    12  postgres
09:07:34 AM 100998   3302055    0.00    0.00    0.00    0.00    0.00    12  postgres
09:07:34 AM 100998   3302056    0.00    0.00    0.00    0.00    0.00    10  postgres
09:07:34 AM 100998   3302128    3.00    2.00    0.00    0.00    5.00    14  postgres

09:07:34 AM   UID       PID    %usr %system  %guest   %wait    %CPU   CPU  Command
09:07:35 AM 100998   3302052    0.00    0.00    0.00    0.00    0.00    14  postgres
09:07:35 AM 100998   3302053    0.00    0.00    0.00    0.00    0.00    14  postgres
09:07:35 AM 100998   3302055    0.00    0.00    0.00    0.00    0.00    12  postgres
09:07:35 AM 100998   3302056    0.00    0.00    0.00    0.00    0.00    10  postgres
09:07:35 AM 100998   3302128    2.00    1.00    0.00    0.00    3.00    10  postgres

09:07:35 AM   UID       PID    %usr %system  %guest   %wait    %CPU   CPU  Command
09:07:36 AM 100998   3302052    0.00    0.00    0.00    0.00    0.00    14  postgres
09:07:36 AM 100998   3302053    0.00    0.00    0.00    0.00    0.00    14  postgres
09:07:36 AM 100998   3302055    0.00    0.00    0.00    0.00    0.00    12  postgres
09:07:36 AM 100998   3302056    0.00    0.00    0.00    0.00    0.00    10  postgres
09:07:36 AM 100998   3302128    2.00    2.00    0.00    0.00    4.00    10  postgres

09:07:36 AM   UID       PID    %usr %system  %guest   %wait    %CPU   CPU  Command
09:07:37 AM 100998   3302052    0.00    0.00    0.00    0.00    0.00    14  postgres
09:07:37 AM 100998   3302053    0.00    0.00    0.00    0.00    0.00    12  postgres
09:07:37 AM 100998   3302055    0.00    0.00    0.00    0.00    0.00    12  postgres
09:07:37 AM 100998   3302056    0.00    0.00    0.00    0.00    0.00    10  postgres
09:07:37 AM 100998   3302128    3.00    1.00    0.00    0.00    4.00    10  postgres

09:07:37 AM   UID       PID    %usr %system  %guest   %wait    %CPU   CPU  Command
09:07:38 AM 100998   3302052    0.00    0.00    0.00    0.00    0.00    14  postgres
09:07:38 AM 100998   3302053    0.00    0.00    0.00    0.00    0.00    10  postgres
09:07:38 AM 100998   3302055    0.00    0.00    0.00    0.00    0.00    12  postgres
09:07:38 AM 100998   3302056    0.00    0.00    0.00    0.00    0.00    10  postgres
09:07:38 AM 100998   3302128    3.00    1.00    0.00    0.00    4.00    14  postgres

09:07:38 AM   UID       PID    %usr %system  %guest   %wait    %CPU   CPU  Command
09:07:39 AM 100998   3302052    0.00    0.00    0.00    0.00    0.00    14  postgres
09:07:39 AM 100998   3302053    0.00    0.00    0.00    0.00    0.00    14  postgres
09:07:39 AM 100998   3302055    0.00    0.00    0.00    0.00    0.00    12  postgres
09:07:39 AM 100998   3302056    0.00    0.00    0.00    0.00    0.00    10  postgres
09:07:39 AM 100998   3302128    2.00    2.00    0.00    1.00    4.00    14  postgres

09:07:39 AM   UID       PID    %usr %system  %guest   %wait    %CPU   CPU  Command
09:07:40 AM 100998   3302052    0.00    0.00    0.00    0.00    0.00    14  postgres
09:07:40 AM 100998   3302053    0.00    0.00    0.00    0.00    0.00    14  postgres
09:07:40 AM 100998   3302055    0.00    0.00    0.00    0.00    0.00    12  postgres
09:07:40 AM 100998   3302056    0.00    0.00    0.00    0.00    0.00    10  postgres
09:07:40 AM 100998   3302128    3.00    1.00    0.00    0.00    4.00    12  postgres

09:07:40 AM   UID       PID    %usr %system  %guest   %wait    %CPU   CPU  Command
09:07:41 AM 100998   3302052    0.00    0.00    0.00    0.00    0.00    14  postgres
09:07:41 AM 100998   3302053    0.00    0.00    0.00    0.00    0.00    12  postgres
09:07:41 AM 100998   3302055    0.00    0.00    0.00    0.00    0.00    12  postgres
09:07:41 AM 100998   3302056    0.00    0.00    0.00    0.00    0.00    10  postgres
09:07:41 AM 100998   3302128    2.00    2.00    0.00    0.00    4.00    10  postgres

09:07:41 AM   UID       PID    %usr %system  %guest   %wait    %CPU   CPU  Command
09:07:42 AM 100998   3302052    0.00    0.00    0.00    0.00    0.00    14  postgres
09:07:42 AM 100998   3302053    0.00    0.00    0.00    0.00    0.00    12  postgres
09:07:42 AM 100998   3302055    0.00    0.00    0.00    0.00    0.00    12  postgres
09:07:42 AM 100998   3302056    0.00    0.00    0.00    0.00    0.00    10  postgres
09:07:42 AM 100998   3302128    2.00    1.00    0.00    0.00    3.00    10  postgres

09:07:42 AM   UID       PID    %usr %system  %guest   %wait    %CPU   CPU  Command
09:07:43 AM 100998   3302052    0.00    0.00    0.00    0.00    0.00    14  postgres
09:07:43 AM 100998   3302053    0.00    0.00    0.00    0.00    0.00    12  postgres
09:07:43 AM 100998   3302055    0.00    0.00    0.00    0.00    0.00    12  postgres
09:07:43 AM 100998   3302056    0.00    0.00    0.00    0.00    0.00    10  postgres
09:07:43 AM 100998   3302128    3.00    1.00    0.00    0.00    4.00    12  postgres

09:07:43 AM   UID       PID    %usr %system  %guest   %wait    %CPU   CPU  Command
09:07:44 AM 100998   3302052    0.00    0.00    0.00    0.00    0.00    14  postgres
09:07:44 AM 100998   3302053    0.00    0.00    0.00    0.00    0.00    14  postgres
09:07:44 AM 100998   3302055    0.00    0.00    0.00    0.00    0.00    12  postgres
09:07:44 AM 100998   3302056    0.00    0.00    0.00    0.00    0.00    10  postgres
09:07:44 AM 100998   3302128    2.00    2.00    0.00    0.00    4.00    12  postgres

09:07:44 AM   UID       PID    %usr %system  %guest   %wait    %CPU   CPU  Command
09:07:45 AM 100998   3302052    0.00    0.00    0.00    0.00    0.00    14  postgres
09:07:45 AM 100998   3302053    0.00    0.00    0.00    0.00    0.00    14  postgres
09:07:45 AM 100998   3302055    0.00    0.00    0.00    0.00    0.00    14  postgres
09:07:45 AM 100998   3302056    0.00    0.00    0.00    0.00    0.00    10  postgres
09:07:45 AM 100998   3302128    2.00    2.00    0.00    0.00    4.00    10  postgres

09:07:45 AM   UID       PID    %usr %system  %guest   %wait    %CPU   CPU  Command
09:07:46 AM 100998   3302052    0.00    0.00    0.00    0.00    0.00    14  postgres
09:07:46 AM 100998   3302053    0.00    0.00    0.00    0.00    0.00    12  postgres
09:07:46 AM 100998   3302055    0.00    0.00    0.00    0.00    0.00    14  postgres
09:07:46 AM 100998   3302056    0.00    0.00    0.00    0.00    0.00    10  postgres
09:07:46 AM 100998   3302128    2.00    1.00    0.00    0.00    3.00    14  postgres

09:07:46 AM   UID       PID    %usr %system  %guest   %wait    %CPU   CPU  Command
09:07:47 AM 100998   3302052    0.00    0.00    0.00    0.00    0.00    14  postgres
09:07:47 AM 100998   3302053    0.00    0.00    0.00    0.00    0.00    14  postgres
09:07:47 AM 100998   3302055    0.00    0.00    0.00    0.00    0.00    14  postgres
09:07:47 AM 100998   3302056    0.00    0.00    0.00    0.00    0.00    10  postgres
09:07:47 AM 100998   3302128    2.00    2.00    0.00    0.00    4.00    14  postgres

09:07:47 AM   UID       PID    %usr %system  %guest   %wait    %CPU   CPU  Command
09:07:48 AM 100998   3302052    0.00    0.00    0.00    0.00    0.00    14  postgres
09:07:48 AM 100998   3302053    0.00    0.00    0.00    0.00    0.00    10  postgres
09:07:48 AM 100998   3302055    0.00    0.00    0.00    0.00    0.00    14  postgres
09:07:48 AM 100998   3302056    0.00    0.00    0.00    0.00    0.00    10  postgres
09:07:48 AM 100998   3302128    3.00    1.00    0.00    0.00    4.00    10  postgres

09:07:48 AM   UID       PID    %usr %system  %guest   %wait    %CPU   CPU  Command
09:07:49 AM 100998   3302052    0.00    0.00    0.00    0.00    0.00    14  postgres
09:07:49 AM 100998   3302053    0.00    0.00    0.00    0.00    0.00    14  postgres
09:07:49 AM 100998   3302055    0.00    0.00    0.00    0.00    0.00    14  postgres
09:07:49 AM 100998   3302056    0.00    0.00    0.00    0.00    0.00    10  postgres
09:07:49 AM 100998   3302128    2.00    2.00    0.00    0.00    4.00    14  postgres

09:07:49 AM   UID       PID    %usr %system  %guest   %wait    %CPU   CPU  Command
09:07:50 AM 100998   3302052    0.00    0.00    0.00    0.00    0.00    14  postgres
09:07:50 AM 100998   3302053    0.00    0.00    0.00    0.00    0.00    14  postgres
09:07:50 AM 100998   3302055    0.00    0.00    0.00    0.00    0.00    14  postgres
09:07:50 AM 100998   3302056    0.00    0.00    0.00    0.00    0.00    10  postgres
09:07:50 AM 100998   3302128    2.00    1.00    0.00    0.00    3.00    14  postgres

09:07:50 AM   UID       PID    %usr %system  %guest   %wait    %CPU   CPU  Command
09:07:51 AM 100998   3302052    0.00    0.00    0.00    0.00    0.00    14  postgres
09:07:51 AM 100998   3302053    0.00    0.00    0.00    0.00    0.00    14  postgres
09:07:51 AM 100998   3302055    0.00    0.00    0.00    0.00    0.00    14  postgres
09:07:51 AM 100998   3302056    0.00    0.00    0.00    0.00    0.00    10  postgres
09:07:51 AM 100998   3302128    2.00    2.00    0.00    0.00    4.00    10  postgres

09:07:51 AM   UID       PID    %usr %system  %guest   %wait    %CPU   CPU  Command
09:07:52 AM 100998   3302052    0.00    0.00    0.00    0.00    0.00    14  postgres
09:07:52 AM 100998   3302053    0.00    0.00    0.00    0.00    0.00    12  postgres
09:07:52 AM 100998   3302055    0.00    0.00    0.00    0.00    0.00    14  postgres
09:07:52 AM 100998   3302056    0.00    0.00    0.00    0.00    0.00    10  postgres
09:07:52 AM 100998   3302128    2.00    1.00    0.00    0.00    3.00    12  postgres

09:07:52 AM   UID       PID    %usr %system  %guest   %wait    %CPU   CPU  Command
09:07:53 AM 100998   3302052    0.00    0.00    0.00    0.00    0.00    14  postgres
09:07:53 AM 100998   3302053    0.00    0.00    0.00    0.00    0.00    10  postgres
09:07:53 AM 100998   3302055    0.00    0.00    0.00    0.00    0.00    14  postgres
09:07:53 AM 100998   3302056    0.00    0.00    0.00    0.00    0.00    10  postgres
09:07:53 AM 100998   3302128    3.00    1.00    0.00    0.00    4.00    12  postgres

09:07:53 AM   UID       PID    %usr %system  %guest   %wait    %CPU   CPU  Command
09:07:54 AM 100998   3302052    0.00    0.00    0.00    0.00    0.00    14  postgres
09:07:54 AM 100998   3302053    0.00    0.00    0.00    0.00    0.00    10  postgres
09:07:54 AM 100998   3302055    0.00    0.00    0.00    0.00    0.00    14  postgres
09:07:54 AM 100998   3302056    0.00    0.00    0.00    0.00    0.00    10  postgres
09:07:54 AM 100998   3302128    2.00    2.00    0.00    0.00    4.00    14  postgres

09:07:54 AM   UID       PID    %usr %system  %guest   %wait    %CPU   CPU  Command
09:07:55 AM 100998   3302052    0.00    0.00    0.00    0.00    0.00    14  postgres
09:07:55 AM 100998   3302053    0.00    0.00    0.00    0.00    0.00    14  postgres
09:07:55 AM 100998   3302055    0.00    0.00    0.00    0.00    0.00    14  postgres
09:07:55 AM 100998   3302056    0.00    0.00    0.00    0.00    0.00    10  postgres
09:07:55 AM 100998   3302128    3.00    1.00    0.00    0.00    4.00    12  postgres

09:07:55 AM   UID       PID    %usr %system  %guest   %wait    %CPU   CPU  Command
09:07:56 AM 100998   3302052    0.00    0.00    0.00    0.00    0.00    14  postgres
09:07:56 AM 100998   3302053    0.00    0.00    0.00    0.00    0.00    14  postgres
09:07:56 AM 100998   3302055    0.00    0.00    0.00    0.00    0.00    14  postgres
09:07:56 AM 100998   3302056    0.00    0.00    0.00    0.00    0.00    10  postgres
09:07:56 AM 100998   3302128    2.00    2.00    0.00    0.00    4.00    12  postgres

09:07:56 AM   UID       PID    %usr %system  %guest   %wait    %CPU   CPU  Command
09:07:57 AM 100998   3302052    0.00    0.00    0.00    0.00    0.00    14  postgres
09:07:57 AM 100998   3302053    0.00    0.00    0.00    0.00    0.00    10  postgres
09:07:57 AM 100998   3302055    0.00    0.00    0.00    0.00    0.00    14  postgres
09:07:57 AM 100998   3302056    0.00    0.00    0.00    0.00    0.00    10  postgres
09:07:57 AM 100998   3302128    3.00    2.00    0.00    0.00    5.00    10  postgres

09:07:57 AM   UID       PID    %usr %system  %guest   %wait    %CPU   CPU  Command
09:07:58 AM 100998   3302052    0.00    0.00    0.00    0.00    0.00    14  postgres
09:07:58 AM 100998   3302053    0.00    0.00    0.00    0.00    0.00    12  postgres
09:07:58 AM 100998   3302055    0.00    0.00    0.00    0.00    0.00    14  postgres
09:07:58 AM 100998   3302056    0.00    0.00    0.00    0.00    0.00    10  postgres
09:07:58 AM 100998   3302128    2.00    2.00    0.00    0.00    4.00    14  postgres

09:07:58 AM   UID       PID    %usr %system  %guest   %wait    %CPU   CPU  Command
09:07:59 AM 100998   3302052    0.00    0.00    0.00    0.00    0.00    14  postgres
09:07:59 AM 100998   3302053    0.00    0.00    0.00    0.00    0.00    10  postgres
09:07:59 AM 100998   3302055    0.00    0.00    0.00    0.00    0.00    14  postgres
09:07:59 AM 100998   3302056    0.00    0.00    0.00    0.00    0.00    10  postgres
09:07:59 AM 100998   3302128    2.00    1.00    0.00    0.00    3.00    12  postgres

09:07:59 AM   UID       PID    %usr %system  %guest   %wait    %CPU   CPU  Command
09:08:00 AM 100998   3302052    0.00    0.00    0.00    0.00    0.00    14  postgres
09:08:00 AM 100998   3302053    0.00    0.00    0.00    0.00    0.00    10  postgres
09:08:00 AM 100998   3302055    0.00    0.00    0.00    0.00    0.00    14  postgres
09:08:00 AM 100998   3302056    0.00    0.00    0.00    0.00    0.00    10  postgres
09:08:00 AM 100998   3302128    2.00    2.00    0.00    0.00    4.00    12  postgres

09:08:00 AM   UID       PID    %usr %system  %guest   %wait    %CPU   CPU  Command
09:08:01 AM 100998   3302052    0.00    0.00    0.00    0.00    0.00    14  postgres
09:08:01 AM 100998   3302053    0.00    0.00    0.00    0.00    0.00    12  postgres
09:08:01 AM 100998   3302055    0.00    0.00    0.00    0.00    0.00    14  postgres
09:08:01 AM 100998   3302056    0.00    0.00    0.00    0.00    0.00    10  postgres
09:08:01 AM 100998   3302128    1.00    2.00    0.00    0.00    3.00    10  postgres

09:08:01 AM   UID       PID    %usr %system  %guest   %wait    %CPU   CPU  Command
09:08:02 AM 100998   3302052    0.00    0.00    0.00    0.00    0.00    14  postgres
09:08:02 AM 100998   3302053    0.00    0.00    0.00    0.00    0.00    10  postgres
09:08:02 AM 100998   3302055    0.00    0.00    0.00    0.00    0.00    14  postgres
09:08:02 AM 100998   3302056    0.00    0.00    0.00    0.00    0.00    10  postgres
09:08:02 AM 100998   3302128    2.00    2.00    0.00    0.00    4.00    12  postgres

09:08:02 AM   UID       PID    %usr %system  %guest   %wait    %CPU   CPU  Command
09:08:03 AM 100998   3302052    0.00    0.00    0.00    0.00    0.00    14  postgres
09:08:03 AM 100998   3302053    0.00    0.00    0.00    0.00    0.00    12  postgres
09:08:03 AM 100998   3302055    0.00    0.00    0.00    0.00    0.00    14  postgres
09:08:03 AM 100998   3302056    0.00    0.00    0.00    0.00    0.00    10  postgres
09:08:03 AM 100998   3302128    2.00    2.00    0.00    0.00    4.00    12  postgres

09:08:03 AM   UID       PID    %usr %system  %guest   %wait    %CPU   CPU  Command
09:08:04 AM 100998   3302052    0.00    0.00    0.00    0.00    0.00    14  postgres
09:08:04 AM 100998   3302053    0.00    0.00    0.00    0.00    0.00    12  postgres
09:08:04 AM 100998   3302055    0.00    0.00    0.00    0.00    0.00    14  postgres
09:08:04 AM 100998   3302056    0.00    0.00    0.00    0.00    0.00    10  postgres
09:08:04 AM 100998   3302128    3.00    1.00    0.00    0.00    4.00    14  postgres

09:08:04 AM   UID       PID    %usr %system  %guest   %wait    %CPU   CPU  Command
09:08:05 AM 100998   3302052    0.00    0.00    0.00    0.00    0.00    14  postgres
09:08:05 AM 100998   3302053    0.00    0.00    0.00    0.00    0.00    10  postgres
09:08:05 AM 100998   3302055    0.00    0.00    0.00    0.00    0.00    14  postgres
09:08:05 AM 100998   3302056    0.00    0.00    0.00    0.00    0.00    10  postgres
09:08:05 AM 100998   3302128    1.00    2.00    0.00    0.00    3.00    14  postgres

09:08:05 AM   UID       PID    %usr %system  %guest   %wait    %CPU   CPU  Command
09:08:06 AM 100998   3302052    0.00    0.00    0.00    0.00    0.00    14  postgres
09:08:06 AM 100998   3302053    0.00    0.00    0.00    0.00    0.00    14  postgres
09:08:06 AM 100998   3302055    0.00    0.00    0.00    0.00    0.00    14  postgres
09:08:06 AM 100998   3302056    0.00    0.00    0.00    0.00    0.00    10  postgres
09:08:06 AM 100998   3302128    3.00    2.00    0.00    0.00    5.00    10  postgres

09:08:06 AM   UID       PID    %usr %system  %guest   %wait    %CPU   CPU  Command
09:08:07 AM 100998   3302052    0.00    0.00    0.00    0.00    0.00    14  postgres
09:08:07 AM 100998   3302053    0.00    0.00    0.00    0.00    0.00    14  postgres
09:08:07 AM 100998   3302055    0.00    0.00    0.00    0.00    0.00    14  postgres
09:08:07 AM 100998   3302056    0.00    0.00    0.00    0.00    0.00    10  postgres
09:08:07 AM 100998   3302128    2.00    1.00    0.00    0.00    3.00    14  postgres

09:08:07 AM   UID       PID    %usr %system  %guest   %wait    %CPU   CPU  Command
09:08:08 AM 100998   3302052    0.00    0.00    0.00    0.00    0.00    14  postgres
09:08:08 AM 100998   3302053    0.00    0.00    0.00    0.00    0.00    14  postgres
09:08:08 AM 100998   3302055    0.00    0.00    0.00    0.00    0.00    14  postgres
09:08:08 AM 100998   3302056    0.00    0.00    0.00    0.00    0.00    10  postgres
09:08:08 AM 100998   3302128    2.00    2.00    0.00    0.00    4.00    10  postgres

09:08:08 AM   UID       PID    %usr %system  %guest   %wait    %CPU   CPU  Command
09:08:09 AM 100998   3302052    0.00    0.00    0.00    0.00    0.00    14  postgres
09:08:09 AM 100998   3302053    0.00    0.00    0.00    0.00    0.00    14  postgres
09:08:09 AM 100998   3302055    0.00    0.00    0.00    0.00    0.00    14  postgres
09:08:09 AM 100998   3302056    0.00    0.00    0.00    0.00    0.00    10  postgres
09:08:09 AM 100998   3302128    2.00    1.00    0.00    0.00    3.00    10  postgres

09:08:09 AM   UID       PID    %usr %system  %guest   %wait    %CPU   CPU  Command
09:08:10 AM 100998   3302052    0.00    0.00    0.00    0.00    0.00    14  postgres
09:08:10 AM 100998   3302053    0.00    0.00    0.00    0.00    0.00    14  postgres
09:08:10 AM 100998   3302055    0.00    0.00    0.00    0.00    0.00    14  postgres
09:08:10 AM 100998   3302056    0.00    0.00    0.00    0.00    0.00    10  postgres
09:08:10 AM 100998   3302128    2.00    2.00    0.00    0.00    4.00    10  postgres

09:08:10 AM   UID       PID    %usr %system  %guest   %wait    %CPU   CPU  Command
09:08:11 AM 100998   3302052    0.00    0.00    0.00    0.00    0.00    14  postgres
09:08:11 AM 100998   3302053    0.00    0.00    0.00    0.00    0.00    10  postgres
09:08:11 AM 100998   3302055    0.00    0.00    0.00    0.00    0.00    14  postgres
09:08:11 AM 100998   3302056    0.00    0.00    0.00    0.00    0.00    10  postgres
09:08:11 AM 100998   3302128    2.00    2.00    0.00    0.00    4.00    14  postgres

09:08:11 AM   UID       PID    %usr %system  %guest   %wait    %CPU   CPU  Command
09:08:12 AM 100998   3302052    0.00    0.00    0.00    0.00    0.00    14  postgres
09:08:12 AM 100998   3302053    0.00    0.00    0.00    0.00    0.00    14  postgres
09:08:12 AM 100998   3302055    0.00    0.00    0.00    0.00    0.00    14  postgres
09:08:12 AM 100998   3302056    0.00    0.00    0.00    0.00    0.00    10  postgres
09:08:12 AM 100998   3302128    3.00    2.00    0.00    1.00    5.00    14  postgres

09:08:12 AM   UID       PID    %usr %system  %guest   %wait    %CPU   CPU  Command
09:08:13 AM 100998   3302052    0.00    0.00    0.00    0.00    0.00    14  postgres
09:08:13 AM 100998   3302053    0.00    0.00    0.00    0.00    0.00    14  postgres
09:08:13 AM 100998   3302055    0.00    0.00    0.00    0.00    0.00    14  postgres
09:08:13 AM 100998   3302056    0.00    0.00    0.00    0.00    0.00    10  postgres
09:08:13 AM 100998   3302128    2.00    1.00    0.00    0.00    3.00    14  postgres

09:08:13 AM   UID       PID    %usr %system  %guest   %wait    %CPU   CPU  Command
09:08:14 AM 100998   3302052    0.00    0.00    0.00    0.00    0.00    14  postgres
09:08:14 AM 100998   3302053    0.00    0.00    0.00    0.00    0.00    14  postgres
09:08:14 AM 100998   3302055    0.00    0.00    0.00    0.00    0.00    14  postgres
09:08:14 AM 100998   3302056    0.00    0.00    0.00    0.00    0.00    10  postgres
09:08:14 AM 100998   3302128    3.00    2.00    0.00    0.00    5.00    14  postgres

09:08:14 AM   UID       PID    %usr %system  %guest   %wait    %CPU   CPU  Command
09:08:15 AM 100998   3302052    0.00    0.00    0.00    0.00    0.00    14  postgres
09:08:15 AM 100998   3302053    0.00    0.00    0.00    0.00    0.00    14  postgres
09:08:15 AM 100998   3302055    0.00    0.00    0.00    0.00    0.00    14  postgres
09:08:15 AM 100998   3302056    0.00    0.00    0.00    0.00    0.00    10  postgres
09:08:15 AM 100998   3302128    2.00    1.00    0.00    0.00    3.00    10  postgres

09:08:15 AM   UID       PID    %usr %system  %guest   %wait    %CPU   CPU  Command
09:08:16 AM 100998   3302052    0.00    0.00    0.00    0.00    0.00    14  postgres
09:08:16 AM 100998   3302053    0.00    0.00    0.00    0.00    0.00    14  postgres
09:08:16 AM 100998   3302055    0.00    0.00    0.00    0.00    0.00    14  postgres
09:08:16 AM 100998   3302056    0.00    0.00    0.00    0.00    0.00    10  postgres
09:08:16 AM 100998   3302128    2.00    2.00    0.00    0.00    4.00    14  postgres

09:08:16 AM   UID       PID    %usr %system  %guest   %wait    %CPU   CPU  Command
09:08:17 AM 100998   3302052    0.00    0.00    0.00    0.00    0.00    14  postgres
09:08:17 AM 100998   3302053    0.00    0.00    0.00    0.00    0.00    14  postgres
09:08:17 AM 100998   3302055    0.00    0.00    0.00    0.00    0.00    14  postgres
09:08:17 AM 100998   3302056    0.00    0.00    0.00    0.00    0.00    10  postgres
09:08:17 AM 100998   3302128    2.00    1.00    0.00    0.00    3.00    14  postgres

09:08:17 AM   UID       PID    %usr %system  %guest   %wait    %CPU   CPU  Command
09:08:18 AM 100998   3302052    0.00    0.00    0.00    0.00    0.00    14  postgres
09:08:18 AM 100998   3302053    0.00    0.00    0.00    0.00    0.00    10  postgres
09:08:18 AM 100998   3302055    0.00    0.00    0.00    0.00    0.00    14  postgres
09:08:18 AM 100998   3302056    0.00    0.00    0.00    0.00    0.00    10  postgres
09:08:18 AM 100998   3302128    2.00    2.00    0.00    0.00    4.00    12  postgres

09:08:18 AM   UID       PID    %usr %system  %guest   %wait    %CPU   CPU  Command
09:08:19 AM 100998   3302052    0.00    0.00    0.00    0.00    0.00    14  postgres
09:08:19 AM 100998   3302053    0.00    0.00    0.00    0.00    0.00    12  postgres
09:08:19 AM 100998   3302055    0.00    0.00    0.00    0.00    0.00    14  postgres
09:08:19 AM 100998   3302056    0.00    0.00    0.00    0.00    0.00    10  postgres
09:08:19 AM 100998   3302128    1.00    3.00    0.00    0.00    4.00    14  postgres

09:08:19 AM   UID       PID    %usr %system  %guest   %wait    %CPU   CPU  Command
09:08:20 AM 100998   3302052    0.00    0.00    0.00    0.00    0.00    14  postgres
09:08:20 AM 100998   3302053    0.00    0.00    0.00    0.00    0.00    10  postgres
09:08:20 AM 100998   3302055    0.00    0.00    0.00    0.00    0.00    14  postgres
09:08:20 AM 100998   3302056    0.00    0.00    0.00    0.00    0.00    10  postgres
09:08:20 AM 100998   3302128    2.00    2.00    0.00    0.00    4.00    10  postgres

09:08:20 AM   UID       PID    %usr %system  %guest   %wait    %CPU   CPU  Command
09:08:21 AM 100998   3302052    0.00    0.00    0.00    0.00    0.00    14  postgres
09:08:21 AM 100998   3302053    0.00    0.00    0.00    0.00    0.00    10  postgres
09:08:21 AM 100998   3302055    0.00    0.00    0.00    0.00    0.00    14  postgres
09:08:21 AM 100998   3302056    0.00    0.00    0.00    0.00    0.00    10  postgres
09:08:21 AM 100998   3302128    2.00    1.00    0.00    0.00    3.00    14  postgres

09:08:21 AM   UID       PID    %usr %system  %guest   %wait    %CPU   CPU  Command
09:08:22 AM 100998   3302052    0.00    0.00    0.00    0.00    0.00    14  postgres
09:08:22 AM 100998   3302053    0.00    0.00    0.00    0.00    0.00    10  postgres
09:08:22 AM 100998   3302055    0.00    0.00    0.00    0.00    0.00    14  postgres
09:08:22 AM 100998   3302056    0.00    0.00    0.00    0.00    0.00    10  postgres
09:08:22 AM 100998   3302128    3.00    2.00    0.00    0.00    5.00    10  postgres

09:08:22 AM   UID       PID    %usr %system  %guest   %wait    %CPU   CPU  Command
09:08:23 AM 100998   3302052    0.00    0.00    0.00    0.00    0.00    14  postgres
09:08:23 AM 100998   3302053    0.00    0.00    0.00    0.00    0.00    10  postgres
09:08:23 AM 100998   3302055    0.00    0.00    0.00    0.00    0.00    14  postgres
09:08:23 AM 100998   3302056    0.00    0.00    0.00    0.00    0.00    10  postgres
09:08:23 AM 100998   3302128    1.00    2.00    0.00    0.00    3.00    12  postgres

09:08:23 AM   UID       PID    %usr %system  %guest   %wait    %CPU   CPU  Command
09:08:24 AM 100998   3302052    0.00    0.00    0.00    0.00    0.00    14  postgres
09:08:24 AM 100998   3302053    0.00    0.00    0.00    0.00    0.00    10  postgres
09:08:24 AM 100998   3302055    0.00    0.00    0.00    0.00    0.00    14  postgres
09:08:24 AM 100998   3302056    0.00    0.00    0.00    0.00    0.00    10  postgres
09:08:24 AM 100998   3302128    3.00    1.00    0.00    0.00    4.00    10  postgres

09:08:24 AM   UID       PID    %usr %system  %guest   %wait    %CPU   CPU  Command
09:08:25 AM 100998   3302052    0.00    0.00    0.00    0.00    0.00    14  postgres
09:08:25 AM 100998   3302053    0.00    0.00    0.00    0.00    0.00    10  postgres
09:08:25 AM 100998   3302055    0.00    0.00    0.00    0.00    0.00    14  postgres
09:08:25 AM 100998   3302056    0.00    0.00    0.00    0.00    0.00    10  postgres
09:08:25 AM 100998   3302128    2.00    1.00    0.00    0.00    3.00    12  postgres

09:08:25 AM   UID       PID    %usr %system  %guest   %wait    %CPU   CPU  Command
09:08:26 AM 100998   3302052    0.00    0.00    0.00    0.00    0.00    14  postgres
09:08:26 AM 100998   3302053    0.00    0.00    0.00    0.00    0.00    10  postgres
09:08:26 AM 100998   3302055    0.00    0.00    0.00    0.00    0.00    14  postgres
09:08:26 AM 100998   3302056    0.00    0.00    0.00    0.00    0.00    10  postgres
09:08:26 AM 100998   3302128    2.00    2.00    0.00    0.00    4.00    14  postgres

09:08:26 AM   UID       PID    %usr %system  %guest   %wait    %CPU   CPU  Command
09:08:27 AM 100998   3302052    0.00    0.00    0.00    0.00    0.00    14  postgres
09:08:27 AM 100998   3302053    0.00    0.00    0.00    0.00    0.00    10  postgres
09:08:27 AM 100998   3302055    0.00    0.00    0.00    0.00    0.00    14  postgres
09:08:27 AM 100998   3302056    0.00    0.00    0.00    0.00    0.00    10  postgres
09:08:27 AM 100998   3302128    2.00    2.00    0.00    0.00    4.00    10  postgres

09:08:27 AM   UID       PID    %usr %system  %guest   %wait    %CPU   CPU  Command
09:08:28 AM 100998   3302052    0.00    0.00    0.00    0.00    0.00    14  postgres
09:08:28 AM 100998   3302053    0.00    0.00    0.00    0.00    0.00    10  postgres
09:08:28 AM 100998   3302055    0.00    0.00    0.00    0.00    0.00    14  postgres
09:08:28 AM 100998   3302056    0.00    0.00    0.00    0.00    0.00    10  postgres
09:08:28 AM 100998   3302128    2.00    1.00    0.00    0.00    3.00    10  postgres

09:08:28 AM   UID       PID    %usr %system  %guest   %wait    %CPU   CPU  Command
09:08:29 AM 100998   3302052    0.00    0.00    0.00    0.00    0.00    14  postgres
09:08:29 AM 100998   3302053    0.00    0.00    0.00    0.00    0.00    10  postgres
09:08:29 AM 100998   3302055    0.00    0.00    0.00    0.00    0.00    14  postgres
09:08:29 AM 100998   3302056    0.00    0.00    0.00    0.00    0.00    10  postgres
09:08:29 AM 100998   3302128    2.00    1.00    0.00    0.00    3.00    10  postgres

09:08:29 AM   UID       PID    %usr %system  %guest   %wait    %CPU   CPU  Command
09:08:30 AM 100998   3302052    0.00    0.00    0.00    0.00    0.00    14  postgres
09:08:30 AM 100998   3302053    0.00    0.00    0.00    0.00    0.00    10  postgres
09:08:30 AM 100998   3302055    0.00    0.00    0.00    0.00    0.00    14  postgres
09:08:30 AM 100998   3302056    0.00    0.00    0.00    0.00    0.00    10  postgres
09:08:30 AM 100998   3302128    2.00    2.00    0.00    0.00    4.00    14  postgres

09:08:30 AM   UID       PID    %usr %system  %guest   %wait    %CPU   CPU  Command
09:08:31 AM 100998   3302052    0.00    0.00    0.00    0.00    0.00    14  postgres
09:08:31 AM 100998   3302053    0.00    0.00    0.00    0.00    0.00    10  postgres
09:08:31 AM 100998   3302055    0.00    0.00    0.00    0.00    0.00    12  postgres
09:08:31 AM 100998   3302056    0.00    0.00    0.00    0.00    0.00    10  postgres
09:08:31 AM 100998   3302128    2.00    2.00    0.00    0.00    4.00    14  postgres

09:08:31 AM   UID       PID    %usr %system  %guest   %wait    %CPU   CPU  Command
09:08:32 AM 100998   3302052    0.00    0.00    0.00    0.00    0.00    14  postgres
09:08:32 AM 100998   3302053    0.00    0.00    0.00    0.00    0.00    10  postgres
09:08:32 AM 100998   3302055    0.00    0.00    0.00    0.00    0.00    12  postgres
09:08:32 AM 100998   3302056    0.00    0.00    0.00    0.00    0.00    10  postgres
09:08:32 AM 100998   3302128    3.00    1.00    0.00    0.00    4.00    12  postgres

09:08:32 AM   UID       PID    %usr %system  %guest   %wait    %CPU   CPU  Command
09:08:33 AM 100998   3302052    0.00    0.00    0.00    0.00    0.00    14  postgres
09:08:33 AM 100998   3302053    0.00    0.00    0.00    0.00    0.00    10  postgres
09:08:33 AM 100998   3302055    0.00    0.00    0.00    0.00    0.00    12  postgres
09:08:33 AM 100998   3302056    0.00    0.00    0.00    0.00    0.00    10  postgres
09:08:33 AM 100998   3302128    2.00    1.00    0.00    0.00    3.00    12  postgres

09:08:33 AM   UID       PID    %usr %system  %guest   %wait    %CPU   CPU  Command
09:08:34 AM 100998   3302052    0.00    0.00    0.00    0.00    0.00    14  postgres
09:08:34 AM 100998   3302053    0.00    0.00    0.00    0.00    0.00    10  postgres
09:08:34 AM 100998   3302055    0.00    0.00    0.00    0.00    0.00    12  postgres
09:08:34 AM 100998   3302056    0.00    0.00    0.00    0.00    0.00    10  postgres
09:08:34 AM 100998   3302128    2.00    2.00    0.00    0.00    4.00    12  postgres

09:08:34 AM   UID       PID    %usr %system  %guest   %wait    %CPU   CPU  Command
09:08:35 AM 100998   3302052    0.00    0.00    0.00    0.00    0.00    14  postgres
09:08:35 AM 100998   3302053    0.00    0.00    0.00    0.00    0.00    10  postgres
09:08:35 AM 100998   3302055    0.00    0.00    0.00    0.00    0.00    12  postgres
09:08:35 AM 100998   3302056    0.00    0.00    0.00    0.00    0.00    10  postgres
09:08:35 AM 100998   3302128    3.00    1.00    0.00    0.00    4.00    14  postgres

09:08:35 AM   UID       PID    %usr %system  %guest   %wait    %CPU   CPU  Command
09:08:36 AM 100998   3302052    0.00    0.00    0.00    0.00    0.00    14  postgres
09:08:36 AM 100998   3302053    0.00    0.00    0.00    0.00    0.00    10  postgres
09:08:36 AM 100998   3302055    0.00    0.00    0.00    0.00    0.00    12  postgres
09:08:36 AM 100998   3302056    0.00    0.00    0.00    0.00    0.00    10  postgres
09:08:36 AM 100998   3302128    2.00    1.00    0.00    0.00    3.00    14  postgres

09:08:36 AM   UID       PID    %usr %system  %guest   %wait    %CPU   CPU  Command
09:08:37 AM 100998   3302052    0.00    0.00    0.00    0.00    0.00    14  postgres
09:08:37 AM 100998   3302053    0.00    0.00    0.00    0.00    0.00    10  postgres
09:08:37 AM 100998   3302055    0.00    0.00    0.00    0.00    0.00    12  postgres
09:08:37 AM 100998   3302056    0.00    0.00    0.00    0.00    0.00    10  postgres
09:08:37 AM 100998   3302128    2.00    2.00    0.00    0.00    4.00    10  postgres

09:08:37 AM   UID       PID    %usr %system  %guest   %wait    %CPU   CPU  Command
09:08:38 AM 100998   3302052    0.00    0.00    0.00    0.00    0.00    14  postgres
09:08:38 AM 100998   3302053    0.00    0.00    0.00    0.00    0.00    10  postgres
09:08:38 AM 100998   3302055    0.00    0.00    0.00    0.00    0.00    12  postgres
09:08:38 AM 100998   3302056    0.00    0.00    0.00    0.00    0.00    10  postgres
09:08:38 AM 100998   3302128    2.00    1.00    0.00    0.00    3.00    14  postgres

09:08:38 AM   UID       PID    %usr %system  %guest   %wait    %CPU   CPU  Command
09:08:39 AM 100998   3302052    0.00    0.00    0.00    0.00    0.00    14  postgres
09:08:39 AM 100998   3302053    0.00    0.00    0.00    0.00    0.00    10  postgres
09:08:39 AM 100998   3302055    0.00    0.00    0.00    0.00    0.00    12  postgres
09:08:39 AM 100998   3302056    0.00    0.00    0.00    0.00    0.00    10  postgres
09:08:39 AM 100998   3302128    3.00    1.00    0.00    0.00    4.00    14  postgres

09:08:39 AM   UID       PID    %usr %system  %guest   %wait    %CPU   CPU  Command
09:08:40 AM 100998   3302052    0.00    0.00    0.00    0.00    0.00    14  postgres
09:08:40 AM 100998   3302053    0.00    0.00    0.00    0.00    0.00    10  postgres
09:08:40 AM 100998   3302055    0.00    0.00    0.00    0.00    0.00    12  postgres
09:08:40 AM 100998   3302056    0.00    0.00    0.00    0.00    0.00    10  postgres
09:08:40 AM 100998   3302128    2.00    1.00    0.00    0.00    3.00    10  postgres

09:08:40 AM   UID       PID    %usr %system  %guest   %wait    %CPU   CPU  Command
09:08:41 AM 100998   3302052    0.00    0.00    0.00    0.00    0.00    14  postgres
09:08:41 AM 100998   3302053    0.00    0.00    0.00    0.00    0.00    10  postgres
09:08:41 AM 100998   3302055    0.00    0.00    0.00    0.00    0.00    12  postgres
09:08:41 AM 100998   3302056    0.00    0.00    0.00    0.00    0.00    10  postgres
09:08:41 AM 100998   3302128    3.00    2.00    0.00    0.00    5.00    10  postgres

09:08:41 AM   UID       PID    %usr %system  %guest   %wait    %CPU   CPU  Command
09:08:42 AM 100998   3302052    0.00    0.00    0.00    0.00    0.00    14  postgres
09:08:42 AM 100998   3302053    0.00    0.00    0.00    0.00    0.00    10  postgres
09:08:42 AM 100998   3302055    0.00    0.00    0.00    0.00    0.00    12  postgres
09:08:42 AM 100998   3302056    0.00    0.00    0.00    0.00    0.00    10  postgres
09:08:42 AM 100998   3302128    1.00    1.00    0.00    0.00    2.00    12  postgres

09:08:42 AM   UID       PID    %usr %system  %guest   %wait    %CPU   CPU  Command
09:08:43 AM 100998   3302052    0.00    0.00    0.00    0.00    0.00    14  postgres
09:08:43 AM 100998   3302053    0.00    0.00    0.00    0.00    0.00    10  postgres
09:08:43 AM 100998   3302055    0.00    0.00    0.00    0.00    0.00    12  postgres
09:08:43 AM 100998   3302056    0.00    0.00    0.00    0.00    0.00    10  postgres
09:08:43 AM 100998   3302128    0.00    0.00    0.00    0.00    0.00    12  postgres

09:08:43 AM   UID       PID    %usr %system  %guest   %wait    %CPU   CPU  Command
09:08:44 AM 100998   3302052    0.00    0.00    0.00    0.00    0.00    14  postgres
09:08:44 AM 100998   3302053    0.00    0.00    0.00    0.00    0.00    10  postgres
09:08:44 AM 100998   3302055    0.00    0.00    0.00    0.00    0.00    12  postgres
09:08:44 AM 100998   3302056    0.00    0.00    0.00    0.00    0.00    10  postgres
09:08:44 AM 100998   3302128    0.00    0.00    0.00    0.00    0.00    12  postgres

09:08:44 AM   UID       PID    %usr %system  %guest   %wait    %CPU   CPU  Command
09:08:45 AM 100998   3302052    0.00    0.00    0.00    0.00    0.00    14  postgres
09:08:45 AM 100998   3302053    0.00    0.00    0.00    0.00    0.00    10  postgres
09:08:45 AM 100998   3302055    0.00    0.00    0.00    0.00    0.00    12  postgres
09:08:45 AM 100998   3302056    0.00    0.00    0.00    0.00    0.00    10  postgres
09:08:45 AM 100998   3302128    0.00    0.00    0.00    0.00    0.00    12  postgres

09:08:45 AM   UID       PID    %usr %system  %guest   %wait    %CPU   CPU  Command
09:08:46 AM 100998   3302052    0.00    0.00    0.00    0.00    0.00    14  postgres
09:08:46 AM 100998   3302053    0.00    0.00    0.00    0.00    0.00    10  postgres
09:08:46 AM 100998   3302055    0.00    0.00    0.00    0.00    0.00    12  postgres
09:08:46 AM 100998   3302056    0.00    0.00    0.00    0.00    0.00    10  postgres
09:08:46 AM 100998   3302128    0.00    0.00    0.00    0.00    0.00    12  postgres

09:08:46 AM   UID       PID    %usr %system  %guest   %wait    %CPU   CPU  Command
09:08:47 AM 100998   3302052    0.00    0.00    0.00    0.00    0.00    14  postgres
09:08:47 AM 100998   3302053    0.00    0.00    0.00    0.00    0.00    10  postgres
09:08:47 AM 100998   3302055    0.00    0.00    0.00    0.00    0.00    12  postgres
09:08:47 AM 100998   3302056    0.00    0.00    0.00    0.00    0.00    10  postgres
09:08:47 AM 100998   3302128    0.00    0.00    0.00    0.00    0.00    12  postgres

09:08:47 AM   UID       PID    %usr %system  %guest   %wait    %CPU   CPU  Command
09:08:48 AM 100998   3302052    0.00    0.00    0.00    0.00    0.00    14  postgres
09:08:48 AM 100998   3302053    0.00    0.00    0.00    0.00    0.00    10  postgres
09:08:48 AM 100998   3302055    0.00    0.00    0.00    0.00    0.00    12  postgres
09:08:48 AM 100998   3302056    0.00    0.00    0.00    0.00    0.00    10  postgres
09:08:48 AM 100998   3302128    0.00    0.00    0.00    0.00    0.00    12  postgres

09:08:48 AM   UID       PID    %usr %system  %guest   %wait    %CPU   CPU  Command
09:08:49 AM 100998   3302052    0.00    0.00    0.00    0.00    0.00    14  postgres
09:08:49 AM 100998   3302053    0.00    0.00    0.00    0.00    0.00    10  postgres
09:08:49 AM 100998   3302055    0.00    0.00    0.00    0.00    0.00    12  postgres
09:08:49 AM 100998   3302056    0.00    0.00    0.00    0.00    0.00    10  postgres
09:08:49 AM 100998   3302128    0.00    0.00    0.00    0.00    0.00    12  postgres

09:08:49 AM   UID       PID    %usr %system  %guest   %wait    %CPU   CPU  Command
09:08:50 AM 100998   3302052    0.00    0.00    0.00    0.00    0.00    14  postgres
09:08:50 AM 100998   3302053    0.00    0.00    0.00    0.00    0.00    10  postgres
09:08:50 AM 100998   3302055    0.00    0.00    0.00    0.00    0.00    12  postgres
09:08:50 AM 100998   3302056    0.00    0.00    0.00    0.00    0.00    10  postgres
09:08:50 AM 100998   3302128    0.00    0.00    0.00    0.00    0.00    12  postgres

09:08:50 AM   UID       PID    %usr %system  %guest   %wait    %CPU   CPU  Command
09:08:51 AM 100998   3302052    0.00    0.00    0.00    0.00    0.00    14  postgres
09:08:51 AM 100998   3302053    0.00    0.00    0.00    0.00    0.00    10  postgres
09:08:51 AM 100998   3302055    0.00    0.00    0.00    0.00    0.00    12  postgres
09:08:51 AM 100998   3302056    0.00    0.00    0.00    0.00    0.00    10  postgres
09:08:51 AM 100998   3302128    0.00    0.00    0.00    0.00    0.00    12  postgres

09:08:51 AM   UID       PID    %usr %system  %guest   %wait    %CPU   CPU  Command
09:08:52 AM 100998   3302052    0.00    0.00    0.00    0.00    0.00    14  postgres
09:08:52 AM 100998   3302053    0.00    0.00    0.00    0.00    0.00    10  postgres
09:08:52 AM 100998   3302055    0.00    0.00    0.00    0.00    0.00    12  postgres
09:08:52 AM 100998   3302056    0.00    0.00    0.00    0.00    0.00    10  postgres
09:08:52 AM 100998   3302128    0.00    0.00    0.00    0.00    0.00    12  postgres

09:08:52 AM   UID       PID    %usr %system  %guest   %wait    %CPU   CPU  Command
09:08:53 AM 100998   3302052    0.00    0.00    0.00    0.00    0.00    14  postgres
09:08:53 AM 100998   3302053    0.00    0.00    0.00    0.00    0.00    10  postgres
09:08:53 AM 100998   3302055    0.00    0.00    0.00    0.00    0.00    12  postgres
09:08:53 AM 100998   3302056    0.00    0.00    0.00    0.00    0.00    10  postgres
09:08:53 AM 100998   3302128    0.00    0.00    0.00    0.00    0.00    12  postgres

09:08:53 AM   UID       PID    %usr %system  %guest   %wait    %CPU   CPU  Command
09:08:54 AM 100998   3302052    0.00    0.00    0.00    0.00    0.00    14  postgres
09:08:54 AM 100998   3302053    0.00    0.00    0.00    0.00    0.00    10  postgres
09:08:54 AM 100998   3302055    0.00    0.00    0.00    0.00    0.00    12  postgres
09:08:54 AM 100998   3302056    0.00    0.00    0.00    0.00    0.00    10  postgres
09:08:54 AM 100998   3302128    0.00    0.00    0.00    0.00    0.00    12  postgres

09:08:54 AM   UID       PID    %usr %system  %guest   %wait    %CPU   CPU  Command
09:08:55 AM 100998   3302052    0.00    0.00    0.00    0.00    0.00    14  postgres
09:08:55 AM 100998   3302053    0.00    0.00    0.00    0.00    0.00    10  postgres
09:08:55 AM 100998   3302055    0.00    0.00    0.00    0.00    0.00    12  postgres
09:08:55 AM 100998   3302056    0.00    0.00    0.00    0.00    0.00    10  postgres
09:08:55 AM 100998   3302128    0.00    0.00    0.00    0.00    0.00    12  postgres

09:08:55 AM   UID       PID    %usr %system  %guest   %wait    %CPU   CPU  Command
09:08:56 AM 100998   3302052    0.00    0.00    0.00    0.00    0.00    14  postgres
09:08:56 AM 100998   3302053    0.00    0.00    0.00    0.00    0.00    10  postgres
09:08:56 AM 100998   3302055    0.00    0.00    0.00    0.00    0.00    12  postgres
09:08:56 AM 100998   3302056    0.00    0.00    0.00    0.00    0.00    10  postgres
09:08:56 AM 100998   3302128    0.00    0.00    0.00    0.00    0.00    12  postgres

09:08:56 AM   UID       PID    %usr %system  %guest   %wait    %CPU   CPU  Command
09:08:57 AM 100998   3302052    0.00    0.00    0.00    0.00    0.00    14  postgres
09:08:57 AM 100998   3302053    0.00    0.00    0.00    0.00    0.00    10  postgres
09:08:57 AM 100998   3302055    0.00    0.00    0.00    0.00    0.00    12  postgres
09:08:57 AM 100998   3302056    0.00    0.00    0.00    0.00    0.00    10  postgres
09:08:57 AM 100998   3302128    0.00    0.00    0.00    0.00    0.00    12  postgres

09:08:57 AM   UID       PID    %usr %system  %guest   %wait    %CPU   CPU  Command
09:08:58 AM 100998   3302052    0.00    0.00    0.00    0.00    0.00    14  postgres
09:08:58 AM 100998   3302053    0.00    0.00    0.00    0.00    0.00    10  postgres
09:08:58 AM 100998   3302055    0.00    0.00    0.00    0.00    0.00    12  postgres
09:08:58 AM 100998   3302056    0.00    0.00    0.00    0.00    0.00    10  postgres
09:08:58 AM 100998   3302128    0.00    0.00    0.00    0.00    0.00    12  postgres

09:08:58 AM   UID       PID    %usr %system  %guest   %wait    %CPU   CPU  Command
09:08:59 AM 100998   3302052    0.00    0.00    0.00    0.00    0.00    14  postgres
09:08:59 AM 100998   3302053    0.00    0.00    0.00    0.00    0.00    10  postgres
09:08:59 AM 100998   3302055    0.00    0.00    0.00    0.00    0.00    12  postgres
09:08:59 AM 100998   3302056    0.00    0.00    0.00    0.00    0.00    10  postgres
09:08:59 AM 100998   3302128    0.00    0.00    0.00    0.00    0.00    12  postgres

09:08:59 AM   UID       PID    %usr %system  %guest   %wait    %CPU   CPU  Command
09:09:00 AM 100998   3302052    0.00    0.00    0.00    0.00    0.00    14  postgres
09:09:00 AM 100998   3302053    0.00    0.00    0.00    0.00    0.00    10  postgres
09:09:00 AM 100998   3302055    0.00    0.00    0.00    0.00    0.00    12  postgres
09:09:00 AM 100998   3302056    0.00    0.00    0.00    0.00    0.00    10  postgres
09:09:00 AM 100998   3302128    0.00    0.00    0.00    0.00    0.00    12  postgres

09:09:00 AM   UID       PID    %usr %system  %guest   %wait    %CPU   CPU  Command
09:09:01 AM 100998   3302052    0.00    0.00    0.00    0.00    0.00    14  postgres
09:09:01 AM 100998   3302053    0.00    0.00    0.00    0.00    0.00    10  postgres
09:09:01 AM 100998   3302055    0.00    0.00    0.00    0.00    0.00    12  postgres
09:09:01 AM 100998   3302056    0.00    0.00    0.00    0.00    0.00    10  postgres
09:09:01 AM 100998   3302128    0.00    0.00    0.00    0.00    0.00    12  postgres

09:09:01 AM   UID       PID    %usr %system  %guest   %wait    %CPU   CPU  Command
09:09:02 AM 100998   3302052    0.00    0.00    0.00    0.00    0.00    14  postgres
09:09:02 AM 100998   3302053    0.00    0.00    0.00    0.00    0.00    10  postgres
09:09:02 AM 100998   3302055    0.00    0.00    0.00    0.00    0.00    12  postgres
09:09:02 AM 100998   3302056    0.00    0.00    0.00    0.00    0.00    10  postgres
09:09:02 AM 100998   3302128    0.00    0.00    0.00    0.00    0.00    12  postgres

09:09:02 AM   UID       PID    %usr %system  %guest   %wait    %CPU   CPU  Command
09:09:03 AM 100998   3302052    0.00    0.00    0.00    0.00    0.00    14  postgres
09:09:03 AM 100998   3302053    0.00    0.00    0.00    0.00    0.00    10  postgres
09:09:03 AM 100998   3302055    0.00    0.00    0.00    0.00    0.00    12  postgres
09:09:03 AM 100998   3302056    0.00    0.00    0.00    0.00    0.00    10  postgres
09:09:03 AM 100998   3302128    0.00    0.00    0.00    0.00    0.00    12  postgres

09:09:03 AM   UID       PID    %usr %system  %guest   %wait    %CPU   CPU  Command
09:09:04 AM 100998   3302052    0.00    0.00    0.00    0.00    0.00    14  postgres
09:09:04 AM 100998   3302053    0.00    0.00    0.00    0.00    0.00    10  postgres
09:09:04 AM 100998   3302055    0.00    0.00    0.00    0.00    0.00    12  postgres
09:09:04 AM 100998   3302056    0.00    0.00    0.00    0.00    0.00    10  postgres
09:09:04 AM 100998   3302128    0.00    0.00    0.00    0.00    0.00    12  postgres

09:09:04 AM   UID       PID    %usr %system  %guest   %wait    %CPU   CPU  Command
09:09:05 AM 100998   3302052    0.00    0.00    0.00    0.00    0.00    14  postgres
09:09:05 AM 100998   3302053    0.00    0.00    0.00    0.00    0.00    10  postgres
09:09:05 AM 100998   3302055    0.00    0.00    0.00    0.00    0.00    12  postgres
09:09:05 AM 100998   3302056    0.00    0.00    0.00    0.00    0.00    10  postgres
09:09:05 AM 100998   3302128    0.00    0.00    0.00    0.00    0.00    12  postgres

09:09:05 AM   UID       PID    %usr %system  %guest   %wait    %CPU   CPU  Command
09:09:06 AM 100998   3302052    0.00    0.00    0.00    0.00    0.00    14  postgres
09:09:06 AM 100998   3302053    0.00    0.00    0.00    0.00    0.00    10  postgres
09:09:06 AM 100998   3302055    0.00    0.00    0.00    0.00    0.00    12  postgres
09:09:06 AM 100998   3302056    0.00    0.00    0.00    0.00    0.00    10  postgres
09:09:06 AM 100998   3302128    0.00    0.00    0.00    0.00    0.00    12  postgres

09:09:06 AM   UID       PID    %usr %system  %guest   %wait    %CPU   CPU  Command
09:09:07 AM 100998   3302052    0.00    0.00    0.00    0.00    0.00    14  postgres
09:09:07 AM 100998   3302053    0.00    0.00    0.00    0.00    0.00    10  postgres
09:09:07 AM 100998   3302055    0.00    0.00    0.00    0.00    0.00    12  postgres
09:09:07 AM 100998   3302056    0.00    0.00    0.00    0.00    0.00    10  postgres
09:09:07 AM 100998   3302128    0.00    0.00    0.00    0.00    0.00    12  postgres

09:09:07 AM   UID       PID    %usr %system  %guest   %wait    %CPU   CPU  Command
09:09:08 AM 100998   3302052    0.00    0.00    0.00    0.00    0.00    14  postgres
09:09:08 AM 100998   3302053    0.00    0.00    0.00    0.00    0.00    10  postgres
09:09:08 AM 100998   3302055    0.00    0.00    0.00    0.00    0.00    12  postgres
09:09:08 AM 100998   3302056    0.00    0.00    0.00    0.00    0.00    10  postgres
09:09:08 AM 100998   3302128    0.00    0.00    0.00    0.00    0.00    12  postgres

09:09:08 AM   UID       PID    %usr %system  %guest   %wait    %CPU   CPU  Command
09:09:09 AM 100998   3302052    0.00    0.00    0.00    0.00    0.00    14  postgres
09:09:09 AM 100998   3302053    0.00    0.00    0.00    0.00    0.00    10  postgres
09:09:09 AM 100998   3302055    0.00    0.00    0.00    0.00    0.00    12  postgres
09:09:09 AM 100998   3302056    0.00    0.00    0.00    0.00    0.00    10  postgres
09:09:09 AM 100998   3302128    0.00    0.00    0.00    0.00    0.00    12  postgres

09:09:09 AM   UID       PID    %usr %system  %guest   %wait    %CPU   CPU  Command
09:09:10 AM 100998   3302052    0.00    0.00    0.00    0.00    0.00    14  postgres
09:09:10 AM 100998   3302053    0.00    0.00    0.00    0.00    0.00    10  postgres
09:09:10 AM 100998   3302055    0.00    0.00    0.00    0.00    0.00    12  postgres
09:09:10 AM 100998   3302056    0.00    0.00    0.00    0.00    0.00    10  postgres
09:09:10 AM 100998   3302128    0.00    0.00    0.00    0.00    0.00    12  postgres

09:09:10 AM   UID       PID    %usr %system  %guest   %wait    %CPU   CPU  Command
09:09:11 AM 100998   3302052    0.00    0.00    0.00    0.00    0.00    14  postgres
09:09:11 AM 100998   3302053    0.00    0.00    0.00    0.00    0.00    10  postgres
09:09:11 AM 100998   3302055    0.00    0.00    0.00    0.00    0.00    12  postgres
09:09:11 AM 100998   3302056    0.00    0.00    0.00    0.00    0.00    10  postgres
09:09:11 AM 100998   3302128    0.00    0.00    0.00    0.00    0.00    12  postgres

09:09:11 AM   UID       PID    %usr %system  %guest   %wait    %CPU   CPU  Command
09:09:12 AM 100998   3302052    0.00    0.00    0.00    0.00    0.00    14  postgres
09:09:12 AM 100998   3302053    0.00    0.00    0.00    0.00    0.00    10  postgres
09:09:12 AM 100998   3302055    0.00    0.00    0.00    0.00    0.00    12  postgres
09:09:12 AM 100998   3302056    0.00    0.00    0.00    0.00    0.00    10  postgres
09:09:12 AM 100998   3302128    0.00    0.00    0.00    0.00    0.00    12  postgres

09:09:12 AM   UID       PID    %usr %system  %guest   %wait    %CPU   CPU  Command
09:09:13 AM 100998   3302052    0.00    0.00    0.00    0.00    0.00    14  postgres
09:09:13 AM 100998   3302053    0.00    0.00    0.00    0.00    0.00    10  postgres
09:09:13 AM 100998   3302055    0.00    0.00    0.00    0.00    0.00    12  postgres
09:09:13 AM 100998   3302056    0.00    0.00    0.00    0.00    0.00    10  postgres
09:09:13 AM 100998   3302128    0.00    0.00    0.00    0.00    0.00    12  postgres

09:09:13 AM   UID       PID    %usr %system  %guest   %wait    %CPU   CPU  Command
09:09:14 AM 100998   3302052    0.00    0.00    0.00    0.00    0.00    14  postgres
09:09:14 AM 100998   3302053    0.00    0.00    0.00    0.00    0.00    10  postgres
09:09:14 AM 100998   3302055    0.00    0.00    0.00    0.00    0.00    12  postgres
09:09:14 AM 100998   3302056    0.00    0.00    0.00    0.00    0.00    10  postgres
09:09:14 AM 100998   3302128    0.00    0.00    0.00    0.00    0.00    12  postgres

09:09:14 AM   UID       PID    %usr %system  %guest   %wait    %CPU   CPU  Command
09:09:15 AM 100998   3302052    0.00    0.00    0.00    0.00    0.00    14  postgres
09:09:15 AM 100998   3302053    0.00    0.00    0.00    0.00    0.00    10  postgres
09:09:15 AM 100998   3302055    0.00    0.00    0.00    0.00    0.00    12  postgres
09:09:15 AM 100998   3302056    0.00    0.00    0.00    0.00    0.00    10  postgres
09:09:15 AM 100998   3302128    0.00    0.00    0.00    0.00    0.00    12  postgres

09:09:15 AM   UID       PID    %usr %system  %guest   %wait    %CPU   CPU  Command
09:09:16 AM 100998   3302052    0.00    0.00    0.00    0.00    0.00    14  postgres
09:09:16 AM 100998   3302053    0.00    0.00    0.00    0.00    0.00    10  postgres
09:09:16 AM 100998   3302055    0.00    0.00    0.00    0.00    0.00    12  postgres
09:09:16 AM 100998   3302056    0.00    0.00    0.00    0.00    0.00    10  postgres
09:09:16 AM 100998   3302128    0.00    0.00    0.00    0.00    0.00    12  postgres

09:09:16 AM   UID       PID    %usr %system  %guest   %wait    %CPU   CPU  Command
09:09:17 AM 100998   3302052    0.00    0.00    0.00    0.00    0.00    14  postgres
09:09:17 AM 100998   3302053    0.00    0.00    0.00    0.00    0.00    10  postgres
09:09:17 AM 100998   3302055    0.00    0.00    0.00    0.00    0.00    12  postgres
09:09:17 AM 100998   3302056    0.00    0.00    0.00    0.00    0.00    10  postgres
09:09:17 AM 100998   3302128    1.00    1.00    0.00    0.00    2.00    10  postgres

09:09:17 AM   UID       PID    %usr %system  %guest   %wait    %CPU   CPU  Command
09:09:18 AM 100998   3302052    0.00    0.00    0.00    0.00    0.00    14  postgres
09:09:18 AM 100998   3302053    0.00    0.00    0.00    0.00    0.00    10  postgres
09:09:18 AM 100998   3302055    0.00    0.00    0.00    0.00    0.00    12  postgres
09:09:18 AM 100998   3302056    0.00    0.00    0.00    0.00    0.00    10  postgres
09:09:18 AM 100998   3302128    2.00    2.00    0.00    1.00    4.00    10  postgres

09:09:18 AM   UID       PID    %usr %system  %guest   %wait    %CPU   CPU  Command
09:09:19 AM 100998   3302052    0.00    0.00    0.00    0.00    0.00    14  postgres
09:09:19 AM 100998   3302053    0.00    0.00    0.00    0.00    0.00    10  postgres
09:09:19 AM 100998   3302055    0.00    0.00    0.00    0.00    0.00    12  postgres
09:09:19 AM 100998   3302056    0.00    0.00    0.00    0.00    0.00    10  postgres
09:09:19 AM 100998   3302128    3.00    2.00    0.00    0.00    5.00    12  postgres

09:09:19 AM   UID       PID    %usr %system  %guest   %wait    %CPU   CPU  Command
09:09:20 AM 100998   3302052    0.00    0.00    0.00    0.00    0.00    14  postgres
09:09:20 AM 100998   3302053    0.00    0.00    0.00    0.00    0.00    10  postgres
09:09:20 AM 100998   3302055    0.00    0.00    0.00    0.00    0.00    12  postgres
09:09:20 AM 100998   3302056    0.00    0.00    0.00    0.00    0.00    10  postgres
09:09:20 AM 100998   3302128    3.00    1.00    0.00    0.00    4.00    10  postgres

09:09:20 AM   UID       PID    %usr %system  %guest   %wait    %CPU   CPU  Command
09:09:21 AM 100998   3302052    0.00    0.00    0.00    0.00    0.00    14  postgres
09:09:21 AM 100998   3302053    0.00    0.00    0.00    0.00    0.00    10  postgres
09:09:21 AM 100998   3302055    0.00    0.00    0.00    0.00    0.00    12  postgres
09:09:21 AM 100998   3302056    0.00    0.00    0.00    0.00    0.00    10  postgres
09:09:21 AM 100998   3302128    3.00    1.00    0.00    0.00    4.00    12  postgres

09:09:21 AM   UID       PID    %usr %system  %guest   %wait    %CPU   CPU  Command
09:09:22 AM 100998   3302052    0.00    0.00    0.00    0.00    0.00    14  postgres
09:09:22 AM 100998   3302053    0.00    0.00    0.00    0.00    0.00    10  postgres
09:09:22 AM 100998   3302055    0.00    0.00    0.00    0.00    0.00    12  postgres
09:09:22 AM 100998   3302056    0.00    0.00    0.00    0.00    0.00    10  postgres
09:09:22 AM 100998   3302128    3.00    2.00    0.00    0.00    5.00    14  postgres

09:09:22 AM   UID       PID    %usr %system  %guest   %wait    %CPU   CPU  Command
09:09:23 AM 100998   3302052    0.00    0.00    0.00    0.00    0.00    14  postgres
09:09:23 AM 100998   3302053    0.00    0.00    0.00    0.00    0.00    10  postgres
09:09:23 AM 100998   3302055    0.00    0.00    0.00    0.00    0.00    12  postgres
09:09:23 AM 100998   3302056    0.00    0.00    0.00    0.00    0.00    10  postgres
09:09:23 AM 100998   3302128    2.00    2.00    0.00    0.00    4.00    10  postgres

09:09:23 AM   UID       PID    %usr %system  %guest   %wait    %CPU   CPU  Command
09:09:24 AM 100998   3302052    0.00    0.00    0.00    0.00    0.00    14  postgres
09:09:24 AM 100998   3302053    0.00    0.00    0.00    0.00    0.00    12  postgres
09:09:24 AM 100998   3302055    0.00    0.00    0.00    0.00    0.00    12  postgres
09:09:24 AM 100998   3302056    0.00    0.00    0.00    0.00    0.00    10  postgres
09:09:24 AM 100998   3302128    2.00    2.00    0.00    0.00    4.00    12  postgres

09:09:24 AM   UID       PID    %usr %system  %guest   %wait    %CPU   CPU  Command
09:09:25 AM 100998   3302052    0.00    0.00    0.00    0.00    0.00    14  postgres
09:09:25 AM 100998   3302053    0.00    0.00    0.00    0.00    0.00    12  postgres
09:09:25 AM 100998   3302055    0.00    0.00    0.00    0.00    0.00    12  postgres
09:09:25 AM 100998   3302056    0.00    0.00    0.00    0.00    0.00    10  postgres
09:09:25 AM 100998   3302128    2.00    2.00    0.00    0.00    4.00    14  postgres

09:09:25 AM   UID       PID    %usr %system  %guest   %wait    %CPU   CPU  Command
09:09:26 AM 100998   3302052    0.00    0.00    0.00    0.00    0.00    14  postgres
09:09:26 AM 100998   3302053    0.00    0.00    0.00    0.00    0.00    12  postgres
09:09:26 AM 100998   3302055    0.00    0.00    0.00    0.00    0.00    12  postgres
09:09:26 AM 100998   3302056    0.00    0.00    0.00    0.00    0.00    10  postgres
09:09:26 AM 100998   3302128    2.00    1.00    0.00    0.00    3.00    14  postgres

09:09:26 AM   UID       PID    %usr %system  %guest   %wait    %CPU   CPU  Command
09:09:27 AM 100998   3302052    0.00    0.00    0.00    0.00    0.00    14  postgres
09:09:27 AM 100998   3302053    0.00    0.00    0.00    0.00    0.00    12  postgres
09:09:27 AM 100998   3302055    0.00    0.00    0.00    0.00    0.00    12  postgres
09:09:27 AM 100998   3302056    0.00    0.00    0.00    0.00    0.00    10  postgres
09:09:27 AM 100998   3302128    2.00    2.00    0.00    0.00    4.00    14  postgres

09:09:27 AM   UID       PID    %usr %system  %guest   %wait    %CPU   CPU  Command
09:09:28 AM 100998   3302052    0.00    0.00    0.00    0.00    0.00    14  postgres
09:09:28 AM 100998   3302053    0.00    0.00    0.00    0.00    0.00    12  postgres
09:09:28 AM 100998   3302055    0.00    0.00    0.00    0.00    0.00    12  postgres
09:09:28 AM 100998   3302056    0.00    0.00    0.00    0.00    0.00    10  postgres
09:09:28 AM 100998   3302128    4.00    1.00    0.00    0.00    5.00    12  postgres

09:09:28 AM   UID       PID    %usr %system  %guest   %wait    %CPU   CPU  Command
09:09:29 AM 100998   3302052    0.00    0.00    0.00    0.00    0.00    14  postgres
09:09:29 AM 100998   3302053    0.00    0.00    0.00    0.00    0.00    12  postgres
09:09:29 AM 100998   3302055    0.00    0.00    0.00    0.00    0.00    12  postgres
09:09:29 AM 100998   3302056    0.00    0.00    0.00    0.00    0.00    10  postgres
09:09:29 AM 100998   3302128    1.00    3.00    0.00    0.00    4.00    10  postgres

09:09:29 AM   UID       PID    %usr %system  %guest   %wait    %CPU   CPU  Command
09:09:30 AM 100998   3302052    0.00    0.00    0.00    0.00    0.00    14  postgres
09:09:30 AM 100998   3302053    0.00    0.00    0.00    0.00    0.00    12  postgres
09:09:30 AM 100998   3302055    0.00    0.00    0.00    0.00    0.00    12  postgres
09:09:30 AM 100998   3302056    0.00    0.00    0.00    0.00    0.00    10  postgres
09:09:30 AM 100998   3302128    2.00    1.00    0.00    0.00    3.00    12  postgres

09:09:30 AM   UID       PID    %usr %system  %guest   %wait    %CPU   CPU  Command
09:09:31 AM 100998   3302052    0.00    0.00    0.00    0.00    0.00    14  postgres
09:09:31 AM 100998   3302053    0.00    0.00    0.00    0.00    0.00    12  postgres
09:09:31 AM 100998   3302055    0.00    0.00    0.00    0.00    0.00    12  postgres
09:09:31 AM 100998   3302056    0.00    0.00    0.00    0.00    0.00    10  postgres
09:09:31 AM 100998   3302128    2.00    2.00    0.00    0.00    4.00    12  postgres

09:09:31 AM   UID       PID    %usr %system  %guest   %wait    %CPU   CPU  Command
09:09:32 AM 100998   3302052    0.00    0.00    0.00    0.00    0.00    14  postgres
09:09:32 AM 100998   3302053    0.00    0.00    0.00    0.00    0.00    12  postgres
09:09:32 AM 100998   3302055    0.00    0.00    0.00    0.00    0.00    12  postgres
09:09:32 AM 100998   3302056    0.00    0.00    0.00    0.00    0.00    10  postgres
09:09:32 AM 100998   3302128    3.00    1.00    0.00    0.00    4.00    10  postgres

09:09:32 AM   UID       PID    %usr %system  %guest   %wait    %CPU   CPU  Command
09:09:33 AM 100998   3302052    0.00    0.00    0.00    0.00    0.00    14  postgres
09:09:33 AM 100998   3302053    0.00    0.00    0.00    0.00    0.00    12  postgres
09:09:33 AM 100998   3302055    0.00    0.00    0.00    0.00    0.00    12  postgres
09:09:33 AM 100998   3302056    0.00    0.00    0.00    0.00    0.00    10  postgres
09:09:33 AM 100998   3302128    2.00    2.00    0.00    0.00    4.00    14  postgres

09:09:33 AM   UID       PID    %usr %system  %guest   %wait    %CPU   CPU  Command
09:09:34 AM 100998   3302052    0.00    0.00    0.00    0.00    0.00    14  postgres
09:09:34 AM 100998   3302053    0.00    0.00    0.00    0.00    0.00    12  postgres
09:09:34 AM 100998   3302055    0.00    0.00    0.00    0.00    0.00    12  postgres
09:09:34 AM 100998   3302056    0.00    0.00    0.00    0.00    0.00    10  postgres
09:09:34 AM 100998   3302128    3.00    1.00    0.00    0.00    4.00    10  postgres

09:09:34 AM   UID       PID    %usr %system  %guest   %wait    %CPU   CPU  Command
09:09:35 AM 100998   3302052    0.00    0.00    0.00    0.00    0.00    14  postgres
09:09:35 AM 100998   3302053    0.00    0.00    0.00    0.00    0.00    12  postgres
09:09:35 AM 100998   3302055    0.00    0.00    0.00    0.00    0.00    12  postgres
09:09:35 AM 100998   3302056    0.00    0.00    0.00    0.00    0.00    10  postgres
09:09:35 AM 100998   3302128    2.00    1.00    0.00    0.00    3.00    10  postgres

09:09:35 AM   UID       PID    %usr %system  %guest   %wait    %CPU   CPU  Command
09:09:36 AM 100998   3302052    0.00    0.00    0.00    0.00    0.00    14  postgres
09:09:36 AM 100998   3302053    0.00    0.00    0.00    0.00    0.00    12  postgres
09:09:36 AM 100998   3302055    0.00    0.00    0.00    0.00    0.00    14  postgres
09:09:36 AM 100998   3302056    0.00    0.00    0.00    0.00    0.00    10  postgres
09:09:36 AM 100998   3302128    3.00    2.00    0.00    0.00    5.00    10  postgres

09:09:36 AM   UID       PID    %usr %system  %guest   %wait    %CPU   CPU  Command
09:09:37 AM 100998   3302052    0.00    0.00    0.00    0.00    0.00    14  postgres
09:09:37 AM 100998   3302053    0.00    0.00    0.00    0.00    0.00    12  postgres
09:09:37 AM 100998   3302055    0.00    0.00    0.00    0.00    0.00    14  postgres
09:09:37 AM 100998   3302056    0.00    0.00    0.00    0.00    0.00    10  postgres
09:09:37 AM 100998   3302128    2.00    1.00    0.00    0.00    3.00    10  postgres

09:09:37 AM   UID       PID    %usr %system  %guest   %wait    %CPU   CPU  Command
09:09:38 AM 100998   3302052    0.00    0.00    0.00    0.00    0.00    14  postgres
09:09:38 AM 100998   3302053    0.00    0.00    0.00    0.00    0.00    12  postgres
09:09:38 AM 100998   3302055    0.00    0.00    0.00    0.00    0.00    14  postgres
09:09:38 AM 100998   3302056    0.00    0.00    0.00    0.00    0.00    10  postgres
09:09:38 AM 100998   3302128    2.00    1.00    0.00    0.00    3.00    12  postgres

09:09:38 AM   UID       PID    %usr %system  %guest   %wait    %CPU   CPU  Command
09:09:39 AM 100998   3302052    0.00    0.00    0.00    0.00    0.00    14  postgres
09:09:39 AM 100998   3302053    0.00    0.00    0.00    0.00    0.00    12  postgres
09:09:39 AM 100998   3302055    0.00    0.00    0.00    0.00    0.00    14  postgres
09:09:39 AM 100998   3302056    0.00    0.00    0.00    0.00    0.00    10  postgres
09:09:39 AM 100998   3302128    3.00    2.00    0.00    0.00    5.00    12  postgres

09:09:39 AM   UID       PID    %usr %system  %guest   %wait    %CPU   CPU  Command
09:09:40 AM 100998   3302052    0.00    0.00    0.00    0.00    0.00    14  postgres
09:09:40 AM 100998   3302053    0.00    0.00    0.00    0.00    0.00    12  postgres
09:09:40 AM 100998   3302055    0.00    0.00    0.00    0.00    0.00    14  postgres
09:09:40 AM 100998   3302056    0.00    0.00    0.00    0.00    0.00    10  postgres
09:09:40 AM 100998   3302128    2.00    2.00    0.00    0.00    4.00    12  postgres

09:09:40 AM   UID       PID    %usr %system  %guest   %wait    %CPU   CPU  Command
09:09:41 AM 100998   3302052    0.00    0.00    0.00    0.00    0.00    14  postgres
09:09:41 AM 100998   3302053    0.00    0.00    0.00    0.00    0.00    12  postgres
09:09:41 AM 100998   3302055    0.00    0.00    0.00    0.00    0.00    14  postgres
09:09:41 AM 100998   3302056    0.00    0.00    0.00    0.00    0.00    10  postgres
09:09:41 AM 100998   3302128    3.00    1.00    0.00    0.00    4.00    10  postgres

09:09:41 AM   UID       PID    %usr %system  %guest   %wait    %CPU   CPU  Command
09:09:42 AM 100998   3302052    0.00    0.00    0.00    0.00    0.00    14  postgres
09:09:42 AM 100998   3302053    0.00    0.00    0.00    0.00    0.00    12  postgres
09:09:42 AM 100998   3302055    0.00    0.00    0.00    0.00    0.00    14  postgres
09:09:42 AM 100998   3302056    0.00    0.00    0.00    0.00    0.00    10  postgres
09:09:42 AM 100998   3302128    2.00    2.00    0.00    0.00    4.00    14  postgres

09:09:42 AM   UID       PID    %usr %system  %guest   %wait    %CPU   CPU  Command
09:09:43 AM 100998   3302052    0.00    0.00    0.00    0.00    0.00    14  postgres
09:09:43 AM 100998   3302053    0.00    0.00    0.00    0.00    0.00    12  postgres
09:09:43 AM 100998   3302055    0.00    0.00    0.00    0.00    0.00    14  postgres
09:09:43 AM 100998   3302056    0.00    0.00    0.00    0.00    0.00    10  postgres
09:09:43 AM 100998   3302128    2.00    2.00    0.00    0.00    4.00    12  postgres

09:09:43 AM   UID       PID    %usr %system  %guest   %wait    %CPU   CPU  Command
09:09:44 AM 100998   3302052    0.00    0.00    0.00    0.00    0.00    14  postgres
09:09:44 AM 100998   3302053    0.00    0.00    0.00    0.00    0.00    12  postgres
09:09:44 AM 100998   3302055    0.00    0.00    0.00    0.00    0.00    14  postgres
09:09:44 AM 100998   3302056    0.00    0.00    0.00    0.00    0.00    10  postgres
09:09:44 AM 100998   3302128    3.00    1.00    0.00    0.00    4.00    12  postgres

09:09:44 AM   UID       PID    %usr %system  %guest   %wait    %CPU   CPU  Command
09:09:45 AM 100998   3302052    0.00    0.00    0.00    0.00    0.00    14  postgres
09:09:45 AM 100998   3302053    0.00    0.00    0.00    0.00    0.00    12  postgres
09:09:45 AM 100998   3302055    0.00    0.00    0.00    0.00    0.00    14  postgres
09:09:45 AM 100998   3302056    0.00    0.00    0.00    0.00    0.00    10  postgres
09:09:45 AM 100998   3302128    2.00    2.00    0.00    0.00    4.00    14  postgres

09:09:45 AM   UID       PID    %usr %system  %guest   %wait    %CPU   CPU  Command
09:09:46 AM 100998   3302052    0.00    0.00    0.00    0.00    0.00    14  postgres
09:09:46 AM 100998   3302053    0.00    0.00    0.00    0.00    0.00    12  postgres
09:09:46 AM 100998   3302055    0.00    0.00    0.00    0.00    0.00    12  postgres
09:09:46 AM 100998   3302056    0.00    0.00    0.00    0.00    0.00    10  postgres
09:09:46 AM 100998   3302128    2.00    2.00    0.00    0.00    4.00    10  postgres

09:09:46 AM   UID       PID    %usr %system  %guest   %wait    %CPU   CPU  Command
09:09:47 AM 100998   3302052    0.00    0.00    0.00    0.00    0.00    14  postgres
09:09:47 AM 100998   3302053    0.00    0.00    0.00    0.00    0.00    12  postgres
09:09:47 AM 100998   3302055    0.00    0.00    0.00    0.00    0.00    12  postgres
09:09:47 AM 100998   3302056    0.00    0.00    0.00    0.00    0.00    10  postgres
09:09:47 AM 100998   3302128    2.00    2.00    0.00    0.00    4.00    14  postgres

09:09:47 AM   UID       PID    %usr %system  %guest   %wait    %CPU   CPU  Command
09:09:48 AM 100998   3302052    0.00    0.00    0.00    0.00    0.00    14  postgres
09:09:48 AM 100998   3302053    0.00    0.00    0.00    0.00    0.00    12  postgres
09:09:48 AM 100998   3302055    0.00    0.00    0.00    0.00    0.00    12  postgres
09:09:48 AM 100998   3302056    0.00    0.00    0.00    0.00    0.00    10  postgres
09:09:48 AM 100998   3302128    3.00    2.00    0.00    0.00    5.00    12  postgres

09:09:48 AM   UID       PID    %usr %system  %guest   %wait    %CPU   CPU  Command
09:09:49 AM 100998   3302052    0.00    0.00    0.00    0.00    0.00    14  postgres
09:09:49 AM 100998   3302053    0.00    0.00    0.00    0.00    0.00    12  postgres
09:09:49 AM 100998   3302055    0.00    0.00    0.00    0.00    0.00    12  postgres
09:09:49 AM 100998   3302056    0.00    0.00    0.00    0.00    0.00    10  postgres
09:09:49 AM 100998   3302128    2.00    1.00    0.00    0.00    3.00    14  postgres

09:09:49 AM   UID       PID    %usr %system  %guest   %wait    %CPU   CPU  Command
09:09:50 AM 100998   3302052    0.00    0.00    0.00    0.00    0.00    14  postgres
09:09:50 AM 100998   3302053    0.00    0.00    0.00    0.00    0.00    12  postgres
09:09:50 AM 100998   3302055    0.00    0.00    0.00    0.00    0.00    12  postgres
09:09:50 AM 100998   3302056    0.00    0.00    0.00    0.00    0.00    10  postgres
09:09:50 AM 100998   3302128    2.00    2.00    0.00    0.00    4.00    10  postgres

09:09:50 AM   UID       PID    %usr %system  %guest   %wait    %CPU   CPU  Command
09:09:51 AM 100998   3302052    0.00    0.00    0.00    0.00    0.00    14  postgres
09:09:51 AM 100998   3302053    0.00    0.00    0.00    0.00    0.00    12  postgres
09:09:51 AM 100998   3302055    0.00    0.00    0.00    0.00    0.00    14  postgres
09:09:51 AM 100998   3302056    0.00    0.00    0.00    0.00    0.00    10  postgres
09:09:51 AM 100998   3302128    1.00    2.00    0.00    0.00    3.00    14  postgres

09:09:51 AM   UID       PID    %usr %system  %guest   %wait    %CPU   CPU  Command
09:09:52 AM 100998   3302052    0.00    0.00    0.00    0.00    0.00    14  postgres
09:09:52 AM 100998   3302053    0.00    0.00    0.00    0.00    0.00    12  postgres
09:09:52 AM 100998   3302055    0.00    0.00    0.00    0.00    0.00    14  postgres
09:09:52 AM 100998   3302056    0.00    0.00    0.00    0.00    0.00    10  postgres
09:09:52 AM 100998   3302128    2.00    2.00    0.00    0.00    4.00    10  postgres

09:09:52 AM   UID       PID    %usr %system  %guest   %wait    %CPU   CPU  Command
09:09:53 AM 100998   3302052    0.00    0.00    0.00    0.00    0.00    14  postgres
09:09:53 AM 100998   3302053    0.00    0.00    0.00    0.00    0.00    12  postgres
09:09:53 AM 100998   3302055    0.00    0.00    0.00    0.00    0.00    14  postgres
09:09:53 AM 100998   3302056    0.00    0.00    0.00    0.00    0.00    10  postgres
09:09:53 AM 100998   3302128    1.00    1.00    0.00    0.00    2.00    14  postgres

09:09:53 AM   UID       PID    %usr %system  %guest   %wait    %CPU   CPU  Command
09:09:54 AM 100998   3302052    0.00    0.00    0.00    0.00    0.00    14  postgres
09:09:54 AM 100998   3302053    0.00    0.00    0.00    0.00    0.00    12  postgres
09:09:54 AM 100998   3302055    0.00    0.00    0.00    0.00    0.00    14  postgres
09:09:54 AM 100998   3302056    0.00    0.00    0.00    0.00    0.00    10  postgres
09:09:54 AM 100998   3302128    0.00    0.00    0.00    0.00    0.00    14  postgres

09:09:54 AM   UID       PID    %usr %system  %guest   %wait    %CPU   CPU  Command
09:09:55 AM 100998   3302052    0.00    0.00    0.00    0.00    0.00    14  postgres
09:09:55 AM 100998   3302053    0.00    0.00    0.00    0.00    0.00    12  postgres
09:09:55 AM 100998   3302055    0.00    0.00    0.00    0.00    0.00    14  postgres
09:09:55 AM 100998   3302056    0.00    0.00    0.00    0.00    0.00    10  postgres
09:09:55 AM 100998   3302128    0.00    0.00    0.00    0.00    0.00    14  postgres

09:09:55 AM   UID       PID    %usr %system  %guest   %wait    %CPU   CPU  Command
09:09:56 AM 100998   3302052    0.00    0.00    0.00    0.00    0.00    14  postgres
09:09:56 AM 100998   3302053    0.00    0.00    0.00    0.00    0.00    12  postgres
09:09:56 AM 100998   3302055    0.00    0.00    0.00    0.00    0.00    14  postgres
09:09:56 AM 100998   3302056    0.00    0.00    0.00    0.00    0.00    10  postgres
09:09:56 AM 100998   3302128    0.00    0.00    0.00    0.00    0.00    14  postgres
