Linux 5.14.0-570.60.1.el9_6.x86_64 *****) 	06/02/2026 	_x86_64_	(64 CPU)

02:05:07 PM   UID       PID    %usr %system  %guest   %wait    %CPU   CPU  Command
02:05:08 PM  1000   1809024    0.00    0.00    0.00    0.00    0.00    16  run-grafana.sh
02:05:08 PM  1000   1809026    0.00    0.00    0.00    0.00    0.00    16  run-loki.sh
02:05:08 PM  1000   1809028    0.00    0.00    0.00    0.00    0.00    16  grafana
02:05:08 PM  1000   1809029    0.00    0.00    0.00    0.00    0.00    20  run-otelcol.sh
02:05:08 PM  1000   1809032    0.00    0.00    0.00    0.00    0.00    16  run-prometheus.
02:05:08 PM  1000   1809036    0.97    0.00    0.00    0.00    0.97    18  otelcol-contrib
02:05:08 PM  1000   1809039    0.00    0.00    0.00    0.00    0.00    18  run-tempo.sh
02:05:08 PM  1000   1809042    0.00    0.00    0.00    0.00    0.00    16  prometheus
02:05:08 PM  1000   1809043    0.00    0.00    0.00    0.00    0.00    18  run-pyroscope.s
02:05:08 PM  1000   1809046    0.00    0.00    0.00    0.00    0.00    16  tempo
02:05:08 PM  1000   1809047    0.97    0.00    0.00    0.00    0.97    20  loki
02:05:08 PM  1000   1809077    0.00    0.00    0.00    0.00    0.00    18  pyroscope

02:05:07 PM   UID       PID   cswch/s nvcswch/s  Command
02:05:08 PM  1000   1809024      0.00      0.00  run-grafana.sh
02:05:08 PM  1000   1809026      0.00      0.00  run-loki.sh
02:05:08 PM  1000   1809028      0.00      0.00  grafana
02:05:08 PM  1000   1809029      0.00      0.00  run-otelcol.sh
02:05:08 PM  1000   1809032      0.00      0.00  run-prometheus.
02:05:08 PM  1000   1809036     16.50      0.00  otelcol-contrib
02:05:08 PM  1000   1809039      0.00      0.00  run-tempo.sh
02:05:08 PM  1000   1809042      0.97      0.00  prometheus
02:05:08 PM  1000   1809043      0.00      0.00  run-pyroscope.s
02:05:08 PM  1000   1809046      0.00      0.00  tempo
02:05:08 PM  1000   1809047      0.00      0.00  loki
02:05:08 PM  1000   1809077      0.00      0.00  pyroscope

02:05:08 PM   UID       PID    %usr %system  %guest   %wait    %CPU   CPU  Command
02:05:09 PM  1000   1809024    0.00    0.00    0.00    0.00    0.00    16  run-grafana.sh
02:05:09 PM  1000   1809026    0.00    0.00    0.00    0.00    0.00    16  run-loki.sh
02:05:09 PM  1000   1809028    0.00    0.00    0.00    0.00    0.00    16  grafana
02:05:09 PM  1000   1809029    0.00    0.00    0.00    0.00    0.00    20  run-otelcol.sh
02:05:09 PM  1000   1809032    0.00    0.00    0.00    0.00    0.00    16  run-prometheus.
02:05:09 PM  1000   1809036    0.00    0.00    0.00    0.00    0.00    18  otelcol-contrib
02:05:09 PM  1000   1809039    0.00    0.00    0.00    0.00    0.00    18  run-tempo.sh
02:05:09 PM  1000   1809042    1.00    0.00    0.00    0.00    1.00    16  prometheus
02:05:09 PM  1000   1809043    0.00    0.00    0.00    0.00    0.00    18  run-pyroscope.s
02:05:09 PM  1000   1809046    0.00    0.00    0.00    0.00    0.00    16  tempo
02:05:09 PM  1000   1809047    0.00    0.00    0.00    0.00    0.00    20  loki
02:05:09 PM  1000   1809077    0.00    0.00    0.00    0.00    0.00    18  pyroscope

02:05:08 PM   UID       PID   cswch/s nvcswch/s  Command
02:05:09 PM  1000   1809024      0.00      0.00  run-grafana.sh
02:05:09 PM  1000   1809026      0.00      0.00  run-loki.sh
02:05:09 PM  1000   1809028      0.00      0.00  grafana
02:05:09 PM  1000   1809029      0.00      0.00  run-otelcol.sh
02:05:09 PM  1000   1809032      0.00      0.00  run-prometheus.
02:05:09 PM  1000   1809036     26.00      0.00  otelcol-contrib
02:05:09 PM  1000   1809039      0.00      0.00  run-tempo.sh
02:05:09 PM  1000   1809042      1.00      0.00  prometheus
02:05:09 PM  1000   1809043      0.00      0.00  run-pyroscope.s
02:05:09 PM  1000   1809046      0.00      0.00  tempo
02:05:09 PM  1000   1809047      0.00      0.00  loki
02:05:09 PM  1000   1809077      0.00      0.00  pyroscope

02:05:09 PM   UID       PID    %usr %system  %guest   %wait    %CPU   CPU  Command
02:05:10 PM  1000   1809024    0.00    0.00    0.00    0.00    0.00    16  run-grafana.sh
02:05:10 PM  1000   1809026    0.00    0.00    0.00    0.00    0.00    16  run-loki.sh
02:05:10 PM  1000   1809028    0.00    0.00    0.00    0.00    0.00    16  grafana
02:05:10 PM  1000   1809029    0.00    0.00    0.00    0.00    0.00    20  run-otelcol.sh
02:05:10 PM  1000   1809032    0.00    0.00    0.00    0.00    0.00    16  run-prometheus.
02:05:10 PM  1000   1809036    0.00    0.00    0.00    0.00    0.00    20  otelcol-contrib
02:05:10 PM  1000   1809039    0.00    0.00    0.00    0.00    0.00    18  run-tempo.sh
02:05:10 PM  1000   1809042    0.00    0.00    0.00    0.00    0.00    16  prometheus
02:05:10 PM  1000   1809043    0.00    0.00    0.00    0.00    0.00    18  run-pyroscope.s
02:05:10 PM  1000   1809046    0.00    0.00    0.00    0.00    0.00    16  tempo
02:05:10 PM  1000   1809047    0.00    0.00    0.00    0.00    0.00    20  loki
02:05:10 PM  1000   1809077    0.00    0.00    0.00    0.00    0.00    18  pyroscope

02:05:09 PM   UID       PID   cswch/s nvcswch/s  Command
02:05:10 PM  1000   1809024      0.00      0.00  run-grafana.sh
02:05:10 PM  1000   1809026      0.00      0.00  run-loki.sh
02:05:10 PM  1000   1809028      0.00      0.00  grafana
02:05:10 PM  1000   1809029      0.00      0.00  run-otelcol.sh
02:05:10 PM  1000   1809032      0.00      0.00  run-prometheus.
02:05:10 PM  1000   1809036     27.00      0.00  otelcol-contrib
02:05:10 PM  1000   1809039      0.00      0.00  run-tempo.sh
02:05:10 PM  1000   1809042      4.00      0.00  prometheus
02:05:10 PM  1000   1809043      0.00      0.00  run-pyroscope.s
02:05:10 PM  1000   1809046      0.00      0.00  tempo
02:05:10 PM  1000   1809047      0.00      0.00  loki
02:05:10 PM  1000   1809077      0.00      0.00  pyroscope

02:05:10 PM   UID       PID    %usr %system  %guest   %wait    %CPU   CPU  Command
02:05:11 PM  1000   1809024    0.00    0.00    0.00    0.00    0.00    16  run-grafana.sh
02:05:11 PM  1000   1809026    0.00    0.00    0.00    0.00    0.00    16  run-loki.sh
02:05:11 PM  1000   1809028    0.00    0.00    0.00    0.00    0.00    16  grafana
02:05:11 PM  1000   1809029    0.00    0.00    0.00    0.00    0.00    20  run-otelcol.sh
02:05:11 PM  1000   1809032    0.00    0.00    0.00    0.00    0.00    16  run-prometheus.
02:05:11 PM  1000   1809036    1.00    0.00    0.00    0.00    1.00    20  otelcol-contrib
02:05:11 PM  1000   1809039    0.00    0.00    0.00    0.00    0.00    18  run-tempo.sh
02:05:11 PM  1000   1809042    0.00    0.00    0.00    0.00    0.00    20  prometheus
02:05:11 PM  1000   1809043    0.00    0.00    0.00    0.00    0.00    18  run-pyroscope.s
02:05:11 PM  1000   1809046    0.00    0.00    0.00    0.00    0.00    16  tempo
02:05:11 PM  1000   1809047    0.00    0.00    0.00    0.00    0.00    20  loki
02:05:11 PM  1000   1809077    0.00    0.00    0.00    0.00    0.00    18  pyroscope

02:05:10 PM   UID       PID   cswch/s nvcswch/s  Command
02:05:11 PM  1000   1809024      0.00      0.00  run-grafana.sh
02:05:11 PM  1000   1809026      0.00      0.00  run-loki.sh
02:05:11 PM  1000   1809028      0.00      0.00  grafana
02:05:11 PM  1000   1809029      0.00      0.00  run-otelcol.sh
02:05:11 PM  1000   1809032      0.00      0.00  run-prometheus.
02:05:11 PM  1000   1809036     21.00      0.00  otelcol-contrib
02:05:11 PM  1000   1809039      0.00      0.00  run-tempo.sh
02:05:11 PM  1000   1809042      4.00      0.00  prometheus
02:05:11 PM  1000   1809043      0.00      0.00  run-pyroscope.s
02:05:11 PM  1000   1809046      0.00      0.00  tempo
02:05:11 PM  1000   1809047      0.00      0.00  loki
02:05:11 PM  1000   1809077      0.00      0.00  pyroscope

02:05:11 PM   UID       PID    %usr %system  %guest   %wait    %CPU   CPU  Command
02:05:12 PM  1000   1809024    0.00    0.00    0.00    0.00    0.00    16  run-grafana.sh
02:05:12 PM  1000   1809026    0.00    0.00    0.00    0.00    0.00    16  run-loki.sh
02:05:12 PM  1000   1809028    0.00    0.00    0.00    0.00    0.00    16  grafana
02:05:12 PM  1000   1809029    0.00    0.00    0.00    0.00    0.00    20  run-otelcol.sh
02:05:12 PM  1000   1809032    0.00    0.00    0.00    0.00    0.00    16  run-prometheus.
02:05:12 PM  1000   1809036    0.00    0.00    0.00    0.00    0.00    18  otelcol-contrib
02:05:12 PM  1000   1809039    0.00    0.00    0.00    0.00    0.00    18  run-tempo.sh
02:05:12 PM  1000   1809042    0.00    0.00    0.00    0.00    0.00    20  prometheus
02:05:12 PM  1000   1809043    0.00    0.00    0.00    0.00    0.00    18  run-pyroscope.s
02:05:12 PM  1000   1809046    0.00    0.00    0.00    0.00    0.00    16  tempo
02:05:12 PM  1000   1809047    1.00    0.00    0.00    0.00    1.00    20  loki
02:05:12 PM  1000   1809077    0.00    1.00    0.00    0.00    1.00    18  pyroscope

02:05:11 PM   UID       PID   cswch/s nvcswch/s  Command
02:05:12 PM  1000   1809024      0.00      0.00  run-grafana.sh
02:05:12 PM  1000   1809026      0.00      0.00  run-loki.sh
02:05:12 PM  1000   1809028      0.00      0.00  grafana
02:05:12 PM  1000   1809029      0.00      0.00  run-otelcol.sh
02:05:12 PM  1000   1809032      0.00      0.00  run-prometheus.
02:05:12 PM  1000   1809036     16.00      0.00  otelcol-contrib
02:05:12 PM  1000   1809039      0.00      0.00  run-tempo.sh
02:05:12 PM  1000   1809042      3.00      0.00  prometheus
02:05:12 PM  1000   1809043      0.00      0.00  run-pyroscope.s
02:05:12 PM  1000   1809046      0.00      0.00  tempo
02:05:12 PM  1000   1809047      0.00      0.00  loki
02:05:12 PM  1000   1809077      0.00      0.00  pyroscope

02:05:12 PM   UID       PID    %usr %system  %guest   %wait    %CPU   CPU  Command
02:05:13 PM  1000   1809024    0.00    0.00    0.00    0.00    0.00    16  run-grafana.sh
02:05:13 PM  1000   1809026    0.00    0.00    0.00    0.00    0.00    16  run-loki.sh
02:05:13 PM  1000   1809028   74.00    6.00    0.00    0.00   80.00    16  grafana
02:05:13 PM  1000   1809029    0.00    0.00    0.00    0.00    0.00    20  run-otelcol.sh
02:05:13 PM  1000   1809032    0.00    0.00    0.00    0.00    0.00    16  run-prometheus.
02:05:13 PM  1000   1809036    0.00    0.00    0.00    0.00    0.00    20  otelcol-contrib
02:05:13 PM  1000   1809039    0.00    0.00    0.00    0.00    0.00    18  run-tempo.sh
02:05:13 PM  1000   1809042    0.00    0.00    0.00    0.00    0.00    16  prometheus
02:05:13 PM  1000   1809043    0.00    0.00    0.00    0.00    0.00    18  run-pyroscope.s
02:05:13 PM  1000   1809046    0.00    0.00    0.00    0.00    0.00    16  tempo
02:05:13 PM  1000   1809047    0.00    1.00    0.00    0.00    1.00    20  loki
02:05:13 PM  1000   1809077    2.00    0.00    0.00    0.00    2.00    18  pyroscope

02:05:12 PM   UID       PID   cswch/s nvcswch/s  Command
02:05:13 PM  1000   1809024      0.00      0.00  run-grafana.sh
02:05:13 PM  1000   1809026      0.00      0.00  run-loki.sh
02:05:13 PM  1000   1809028      0.00      0.00  grafana
02:05:13 PM  1000   1809029      0.00      0.00  run-otelcol.sh
02:05:13 PM  1000   1809032      0.00      0.00  run-prometheus.
02:05:13 PM  1000   1809036     18.00      0.00  otelcol-contrib
02:05:13 PM  1000   1809039      0.00      0.00  run-tempo.sh
02:05:13 PM  1000   1809042      4.00      0.00  prometheus
02:05:13 PM  1000   1809043      0.00      0.00  run-pyroscope.s
02:05:13 PM  1000   1809046      0.00      0.00  tempo
02:05:13 PM  1000   1809047      0.00      0.00  loki
02:05:13 PM  1000   1809077      0.00      0.00  pyroscope

02:05:13 PM   UID       PID    %usr %system  %guest   %wait    %CPU   CPU  Command
02:05:14 PM  1000   1809024    0.00    0.00    0.00    0.00    0.00    16  run-grafana.sh
02:05:14 PM  1000   1809026    0.00    0.00    0.00    0.00    0.00    16  run-loki.sh
02:05:14 PM  1000   1809028   33.00    3.00    0.00    0.00   36.00    16  grafana
02:05:14 PM  1000   1809029    0.00    0.00    0.00    0.00    0.00    20  run-otelcol.sh
02:05:14 PM  1000   1809032    0.00    0.00    0.00    0.00    0.00    16  run-prometheus.
02:05:14 PM  1000   1809036    0.00    1.00    0.00    0.00    1.00    20  otelcol-contrib
02:05:14 PM  1000   1809039    0.00    0.00    0.00    0.00    0.00    18  run-tempo.sh
02:05:14 PM  1000   1809042    0.00    0.00    0.00    0.00    0.00    20  prometheus
02:05:14 PM  1000   1809043    0.00    0.00    0.00    0.00    0.00    18  run-pyroscope.s
02:05:14 PM  1000   1809046    0.00    0.00    0.00    0.00    0.00    16  tempo
02:05:14 PM  1000   1809047    0.00    0.00    0.00    0.00    0.00    20  loki
02:05:14 PM  1000   1809077    0.00    0.00    0.00    0.00    0.00    20  pyroscope

02:05:13 PM   UID       PID   cswch/s nvcswch/s  Command
02:05:14 PM  1000   1809024      0.00      0.00  run-grafana.sh
02:05:14 PM  1000   1809026      0.00      0.00  run-loki.sh
02:05:14 PM  1000   1809028      0.00      0.00  grafana
02:05:14 PM  1000   1809029      0.00      0.00  run-otelcol.sh
02:05:14 PM  1000   1809032      0.00      0.00  run-prometheus.
02:05:14 PM  1000   1809036     14.00      0.00  otelcol-contrib
02:05:14 PM  1000   1809039      0.00      0.00  run-tempo.sh
02:05:14 PM  1000   1809042      2.00      0.00  prometheus
02:05:14 PM  1000   1809043      0.00      0.00  run-pyroscope.s
02:05:14 PM  1000   1809046      0.00      0.00  tempo
02:05:14 PM  1000   1809047      0.00      0.00  loki
02:05:14 PM  1000   1809077      1.00      0.00  pyroscope

02:05:14 PM   UID       PID    %usr %system  %guest   %wait    %CPU   CPU  Command
02:05:15 PM  1000   1809024    0.00    0.00    0.00    0.00    0.00    16  run-grafana.sh
02:05:15 PM  1000   1809026    0.00    0.00    0.00    0.00    0.00    16  run-loki.sh
02:05:15 PM  1000   1809028    1.00    0.00    0.00    0.00    1.00    16  grafana
02:05:15 PM  1000   1809029    0.00    0.00    0.00    0.00    0.00    20  run-otelcol.sh
02:05:15 PM  1000   1809032    0.00    0.00    0.00    0.00    0.00    16  run-prometheus.
02:05:15 PM  1000   1809036    1.00    0.00    0.00    0.00    1.00    20  otelcol-contrib
02:05:15 PM  1000   1809039    0.00    0.00    0.00    0.00    0.00    18  run-tempo.sh
02:05:15 PM  1000   1809042    0.00    0.00    0.00    0.00    0.00    16  prometheus
02:05:15 PM  1000   1809043    0.00    0.00    0.00    0.00    0.00    18  run-pyroscope.s
02:05:15 PM  1000   1809046    3.00    0.00    0.00    0.00    3.00    16  tempo
02:05:15 PM  1000   1809047    0.00    0.00    0.00    0.00    0.00    20  loki
02:05:15 PM  1000   1809077    0.00    0.00    0.00    0.00    0.00    20  pyroscope

02:05:14 PM   UID       PID   cswch/s nvcswch/s  Command
02:05:15 PM  1000   1809024      0.00      0.00  run-grafana.sh
02:05:15 PM  1000   1809026      0.00      0.00  run-loki.sh
02:05:15 PM  1000   1809028      0.00      0.00  grafana
02:05:15 PM  1000   1809029      0.00      0.00  run-otelcol.sh
02:05:15 PM  1000   1809032      0.00      0.00  run-prometheus.
02:05:15 PM  1000   1809036     30.00      0.00  otelcol-contrib
02:05:15 PM  1000   1809039      0.00      0.00  run-tempo.sh
02:05:15 PM  1000   1809042      1.00      0.00  prometheus
02:05:15 PM  1000   1809043      0.00      0.00  run-pyroscope.s
02:05:15 PM  1000   1809046      0.00      0.00  tempo
02:05:15 PM  1000   1809047      0.00      0.00  loki
02:05:15 PM  1000   1809077     10.00      0.00  pyroscope

02:05:15 PM   UID       PID    %usr %system  %guest   %wait    %CPU   CPU  Command
02:05:16 PM  1000   1809024    0.00    0.00    0.00    0.00    0.00    16  run-grafana.sh
02:05:16 PM  1000   1809026    0.00    0.00    0.00    0.00    0.00    16  run-loki.sh
02:05:16 PM  1000   1809028   23.00    3.00    0.00    0.00   26.00    16  grafana
02:05:16 PM  1000   1809029    0.00    0.00    0.00    0.00    0.00    20  run-otelcol.sh
02:05:16 PM  1000   1809032    0.00    0.00    0.00    0.00    0.00    16  run-prometheus.
02:05:16 PM  1000   1809036    1.00    0.00    0.00    0.00    1.00    20  otelcol-contrib
02:05:16 PM  1000   1809039    0.00    0.00    0.00    0.00    0.00    18  run-tempo.sh
02:05:16 PM  1000   1809042    0.00    0.00    0.00    0.00    0.00    16  prometheus
02:05:16 PM  1000   1809043    0.00    0.00    0.00    0.00    0.00    18  run-pyroscope.s
02:05:16 PM  1000   1809046    6.00    1.00    0.00    0.00    7.00    16  tempo
02:05:16 PM  1000   1809047    0.00    0.00    0.00    0.00    0.00    20  loki
02:05:16 PM  1000   1809077    0.00    0.00    0.00    0.00    0.00    20  pyroscope

02:05:15 PM   UID       PID   cswch/s nvcswch/s  Command
02:05:16 PM  1000   1809024      0.00      0.00  run-grafana.sh
02:05:16 PM  1000   1809026      0.00      0.00  run-loki.sh
02:05:16 PM  1000   1809028      0.00      0.00  grafana
02:05:16 PM  1000   1809029      0.00      0.00  run-otelcol.sh
02:05:16 PM  1000   1809032      0.00      0.00  run-prometheus.
02:05:16 PM  1000   1809036     32.00      0.00  otelcol-contrib
02:05:16 PM  1000   1809039      0.00      0.00  run-tempo.sh
02:05:16 PM  1000   1809042      2.00      0.00  prometheus
02:05:16 PM  1000   1809043      0.00      0.00  run-pyroscope.s
02:05:16 PM  1000   1809046      0.00      0.00  tempo
02:05:16 PM  1000   1809047      0.00      0.00  loki
02:05:16 PM  1000   1809077     44.00      0.00  pyroscope

02:05:16 PM   UID       PID    %usr %system  %guest   %wait    %CPU   CPU  Command
02:05:17 PM  1000   1809024    0.00    0.00    0.00    0.00    0.00    16  run-grafana.sh
02:05:17 PM  1000   1809026    0.00    0.00    0.00    0.00    0.00    16  run-loki.sh
02:05:17 PM  1000   1809028    0.00    0.00    0.00    0.00    0.00    16  grafana
02:05:17 PM  1000   1809029    0.00    0.00    0.00    0.00    0.00    20  run-otelcol.sh
02:05:17 PM  1000   1809032    0.00    0.00    0.00    0.00    0.00    16  run-prometheus.
02:05:17 PM  1000   1809036    1.00    0.00    0.00    0.00    1.00    16  otelcol-contrib
02:05:17 PM  1000   1809039    0.00    0.00    0.00    0.00    0.00    18  run-tempo.sh
02:05:17 PM  1000   1809042    0.00    0.00    0.00    0.00    0.00    16  prometheus
02:05:17 PM  1000   1809043    0.00    0.00    0.00    0.00    0.00    18  run-pyroscope.s
02:05:17 PM  1000   1809046    2.00    1.00    0.00    0.00    3.00    16  tempo
02:05:17 PM  1000   1809047    1.00    0.00    0.00    0.00    1.00    20  loki
02:05:17 PM  1000   1809077    0.00    0.00    0.00    0.00    0.00    16  pyroscope

02:05:16 PM   UID       PID   cswch/s nvcswch/s  Command
02:05:17 PM  1000   1809024      0.00      0.00  run-grafana.sh
02:05:17 PM  1000   1809026      0.00      0.00  run-loki.sh
02:05:17 PM  1000   1809028      0.00      0.00  grafana
02:05:17 PM  1000   1809029      0.00      0.00  run-otelcol.sh
02:05:17 PM  1000   1809032      0.00      0.00  run-prometheus.
02:05:17 PM  1000   1809036     40.00      0.00  otelcol-contrib
02:05:17 PM  1000   1809039      0.00      0.00  run-tempo.sh
02:05:17 PM  1000   1809042      9.00      0.00  prometheus
02:05:17 PM  1000   1809043      0.00      0.00  run-pyroscope.s
02:05:17 PM  1000   1809046      0.00      0.00  tempo
02:05:17 PM  1000   1809047      0.00      0.00  loki
02:05:17 PM  1000   1809077     45.00      0.00  pyroscope

02:05:17 PM   UID       PID    %usr %system  %guest   %wait    %CPU   CPU  Command
02:05:18 PM  1000   1809024    0.00    0.00    0.00    0.00    0.00    16  run-grafana.sh
02:05:18 PM  1000   1809026    0.00    0.00    0.00    0.00    0.00    16  run-loki.sh
02:05:18 PM  1000   1809028    0.00    0.00    0.00    0.00    0.00    16  grafana
02:05:18 PM  1000   1809029    0.00    0.00    0.00    0.00    0.00    20  run-otelcol.sh
02:05:18 PM  1000   1809032    0.00    0.00    0.00    0.00    0.00    16  run-prometheus.
02:05:18 PM  1000   1809036    3.00    0.00    0.00    0.00    3.00    16  otelcol-contrib
02:05:18 PM  1000   1809039    0.00    0.00    0.00    0.00    0.00    18  run-tempo.sh
02:05:18 PM  1000   1809042    0.00    0.00    0.00    0.00    0.00    18  prometheus
02:05:18 PM  1000   1809043    0.00    0.00    0.00    0.00    0.00    18  run-pyroscope.s
02:05:18 PM  1000   1809046    6.00    0.00    0.00    0.00    6.00    16  tempo
02:05:18 PM  1000   1809047    0.00    0.00    0.00    0.00    0.00    20  loki
02:05:18 PM  1000   1809077    0.00    0.00    0.00    0.00    0.00    20  pyroscope

02:05:17 PM   UID       PID   cswch/s nvcswch/s  Command
02:05:18 PM  1000   1809024      0.00      0.00  run-grafana.sh
02:05:18 PM  1000   1809026      0.00      0.00  run-loki.sh
02:05:18 PM  1000   1809028      0.00      0.00  grafana
02:05:18 PM  1000   1809029      0.00      0.00  run-otelcol.sh
02:05:18 PM  1000   1809032      0.00      0.00  run-prometheus.
02:05:18 PM  1000   1809036     32.00      1.00  otelcol-contrib
02:05:18 PM  1000   1809039      0.00      0.00  run-tempo.sh
02:05:18 PM  1000   1809042      4.00      0.00  prometheus
02:05:18 PM  1000   1809043      0.00      0.00  run-pyroscope.s
02:05:18 PM  1000   1809046      0.00      0.00  tempo
02:05:18 PM  1000   1809047      0.00      0.00  loki
02:05:18 PM  1000   1809077     39.00      0.00  pyroscope

02:05:18 PM   UID       PID    %usr %system  %guest   %wait    %CPU   CPU  Command
02:05:19 PM  1000   1809024    0.00    0.00    0.00    0.00    0.00    16  run-grafana.sh
02:05:19 PM  1000   1809026    0.00    0.00    0.00    0.00    0.00    16  run-loki.sh
02:05:19 PM  1000   1809028    1.00    0.00    0.00    0.00    1.00    16  grafana
02:05:19 PM  1000   1809029    0.00    0.00    0.00    0.00    0.00    20  run-otelcol.sh
02:05:19 PM  1000   1809032    0.00    0.00    0.00    0.00    0.00    16  run-prometheus.
02:05:19 PM  1000   1809036    2.00    0.00    0.00    0.00    2.00    20  otelcol-contrib
02:05:19 PM  1000   1809039    0.00    0.00    0.00    0.00    0.00    18  run-tempo.sh
02:05:19 PM  1000   1809042    1.00    0.00    0.00    0.00    1.00    18  prometheus
02:05:19 PM  1000   1809043    0.00    0.00    0.00    0.00    0.00    18  run-pyroscope.s
02:05:19 PM  1000   1809046   11.00    2.00    0.00    0.00   13.00    16  tempo
02:05:19 PM  1000   1809047    0.00    0.00    0.00    0.00    0.00    20  loki
02:05:19 PM  1000   1809077    0.00    0.00    0.00    0.00    0.00    16  pyroscope

02:05:18 PM   UID       PID   cswch/s nvcswch/s  Command
02:05:19 PM  1000   1809024      0.00      0.00  run-grafana.sh
02:05:19 PM  1000   1809026      0.00      0.00  run-loki.sh
02:05:19 PM  1000   1809028      0.00      0.00  grafana
02:05:19 PM  1000   1809029      0.00      0.00  run-otelcol.sh
02:05:19 PM  1000   1809032      0.00      0.00  run-prometheus.
02:05:19 PM  1000   1809036     53.00      0.00  otelcol-contrib
02:05:19 PM  1000   1809039      0.00      0.00  run-tempo.sh
02:05:19 PM  1000   1809042      2.00      0.00  prometheus
02:05:19 PM  1000   1809043      0.00      0.00  run-pyroscope.s
02:05:19 PM  1000   1809046      0.00      0.00  tempo
02:05:19 PM  1000   1809047      0.00      0.00  loki
02:05:19 PM  1000   1809077     32.00      0.00  pyroscope

02:05:19 PM   UID       PID    %usr %system  %guest   %wait    %CPU   CPU  Command
02:05:20 PM  1000   1809024    0.00    0.00    0.00    0.00    0.00    16  run-grafana.sh
02:05:20 PM  1000   1809026    0.00    0.00    0.00    0.00    0.00    16  run-loki.sh
02:05:20 PM  1000   1809028    0.00    1.00    0.00    0.00    1.00    16  grafana
02:05:20 PM  1000   1809029    0.00    0.00    0.00    0.00    0.00    20  run-otelcol.sh
02:05:20 PM  1000   1809032    0.00    0.00    0.00    0.00    0.00    16  run-prometheus.
02:05:20 PM  1000   1809036    1.00    1.00    0.00    0.00    2.00    16  otelcol-contrib
02:05:20 PM  1000   1809039    0.00    0.00    0.00    0.00    0.00    18  run-tempo.sh
02:05:20 PM  1000   1809042    0.00    0.00    0.00    0.00    0.00    18  prometheus
02:05:20 PM  1000   1809043    0.00    0.00    0.00    0.00    0.00    18  run-pyroscope.s
02:05:20 PM  1000   1809046   10.00    2.00    0.00    0.00   12.00    16  tempo
02:05:20 PM  1000   1809047    0.00    0.00    0.00    0.00    0.00    20  loki
02:05:20 PM  1000   1809077    0.00    0.00    0.00    0.00    0.00    16  pyroscope

02:05:19 PM   UID       PID   cswch/s nvcswch/s  Command
02:05:20 PM  1000   1809024      0.00      0.00  run-grafana.sh
02:05:20 PM  1000   1809026      0.00      0.00  run-loki.sh
02:05:20 PM  1000   1809028      0.00      0.00  grafana
02:05:20 PM  1000   1809029      0.00      0.00  run-otelcol.sh
02:05:20 PM  1000   1809032      0.00      0.00  run-prometheus.
02:05:20 PM  1000   1809036     32.00      3.00  otelcol-contrib
02:05:20 PM  1000   1809039      0.00      0.00  run-tempo.sh
02:05:20 PM  1000   1809042      2.00      0.00  prometheus
02:05:20 PM  1000   1809043      0.00      0.00  run-pyroscope.s
02:05:20 PM  1000   1809046      0.00      0.00  tempo
02:05:20 PM  1000   1809047      0.00      0.00  loki
02:05:20 PM  1000   1809077     14.00      0.00  pyroscope

02:05:20 PM   UID       PID    %usr %system  %guest   %wait    %CPU   CPU  Command
02:05:21 PM  1000   1809024    0.00    0.00    0.00    0.00    0.00    16  run-grafana.sh
02:05:21 PM  1000   1809026    0.00    0.00    0.00    0.00    0.00    16  run-loki.sh
02:05:21 PM  1000   1809028    0.00    0.00    0.00    0.00    0.00    16  grafana
02:05:21 PM  1000   1809029    0.00    0.00    0.00    0.00    0.00    20  run-otelcol.sh
02:05:21 PM  1000   1809032    0.00    0.00    0.00    0.00    0.00    16  run-prometheus.
02:05:21 PM  1000   1809036    2.00    0.00    0.00    0.00    2.00    20  otelcol-contrib
02:05:21 PM  1000   1809039    0.00    0.00    0.00    0.00    0.00    18  run-tempo.sh
02:05:21 PM  1000   1809042    0.00    0.00    0.00    0.00    0.00    20  prometheus
02:05:21 PM  1000   1809043    0.00    0.00    0.00    0.00    0.00    18  run-pyroscope.s
02:05:21 PM  1000   1809046   16.00    1.00    0.00    0.00   17.00    16  tempo
02:05:21 PM  1000   1809047    1.00    0.00    0.00    0.00    1.00    20  loki
02:05:21 PM  1000   1809077    1.00    0.00    0.00    0.00    1.00    16  pyroscope

02:05:20 PM   UID       PID   cswch/s nvcswch/s  Command
02:05:21 PM  1000   1809024      0.00      0.00  run-grafana.sh
02:05:21 PM  1000   1809026      0.00      0.00  run-loki.sh
02:05:21 PM  1000   1809028      0.00      0.00  grafana
02:05:21 PM  1000   1809029      0.00      0.00  run-otelcol.sh
02:05:21 PM  1000   1809032      0.00      0.00  run-prometheus.
02:05:21 PM  1000   1809036     32.00      0.00  otelcol-contrib
02:05:21 PM  1000   1809039      0.00      0.00  run-tempo.sh
02:05:21 PM  1000   1809042      2.00      0.00  prometheus
02:05:21 PM  1000   1809043      0.00      0.00  run-pyroscope.s
02:05:21 PM  1000   1809046      0.00      0.00  tempo
02:05:21 PM  1000   1809047      0.00      0.00  loki
02:05:21 PM  1000   1809077      0.00      0.00  pyroscope

02:05:21 PM   UID       PID    %usr %system  %guest   %wait    %CPU   CPU  Command
02:05:22 PM  1000   1809024    0.00    0.00    0.00    0.00    0.00    16  run-grafana.sh
02:05:22 PM  1000   1809026    0.00    0.00    0.00    0.00    0.00    16  run-loki.sh
02:05:22 PM  1000   1809028    0.00    0.00    0.00    0.00    0.00    16  grafana
02:05:22 PM  1000   1809029    0.00    0.00    0.00    0.00    0.00    20  run-otelcol.sh
02:05:22 PM  1000   1809032    0.00    0.00    0.00    0.00    0.00    16  run-prometheus.
02:05:22 PM  1000   1809036    1.00    0.00    0.00    0.00    1.00    20  otelcol-contrib
02:05:22 PM  1000   1809039    0.00    0.00    0.00    0.00    0.00    18  run-tempo.sh
02:05:22 PM  1000   1809042    0.00    0.00    0.00    0.00    0.00    20  prometheus
02:05:22 PM  1000   1809043    0.00    0.00    0.00    0.00    0.00    18  run-pyroscope.s
02:05:22 PM  1000   1809046    4.00    0.00    0.00    0.00    4.00    16  tempo
02:05:22 PM  1000   1809047    0.00    0.00    0.00    0.00    0.00    20  loki
02:05:22 PM  1000   1809077    0.00    0.00    0.00    0.00    0.00    18  pyroscope

02:05:21 PM   UID       PID   cswch/s nvcswch/s  Command
02:05:22 PM  1000   1809024      0.00      0.00  run-grafana.sh
02:05:22 PM  1000   1809026      0.00      0.00  run-loki.sh
02:05:22 PM  1000   1809028      0.00      0.00  grafana
02:05:22 PM  1000   1809029      0.00      0.00  run-otelcol.sh
02:05:22 PM  1000   1809032      0.00      0.00  run-prometheus.
02:05:22 PM  1000   1809036     39.00      0.00  otelcol-contrib
02:05:22 PM  1000   1809039      0.00      0.00  run-tempo.sh
02:05:22 PM  1000   1809042      4.00      0.00  prometheus
02:05:22 PM  1000   1809043      0.00      0.00  run-pyroscope.s
02:05:22 PM  1000   1809046      0.00      0.00  tempo
02:05:22 PM  1000   1809047      0.00      0.00  loki
02:05:22 PM  1000   1809077     10.00      0.00  pyroscope

02:05:22 PM   UID       PID    %usr %system  %guest   %wait    %CPU   CPU  Command
02:05:23 PM  1000   1809024    0.00    0.00    0.00    0.00    0.00    16  run-grafana.sh
02:05:23 PM  1000   1809026    0.00    0.00    0.00    0.00    0.00    16  run-loki.sh
02:05:23 PM  1000   1809028    0.00    0.00    0.00    0.00    0.00    16  grafana
02:05:23 PM  1000   1809029    0.00    0.00    0.00    0.00    0.00    20  run-otelcol.sh
02:05:23 PM  1000   1809032    0.00    0.00    0.00    0.00    0.00    16  run-prometheus.
02:05:23 PM  1000   1809036    2.00    0.00    0.00    0.00    2.00    18  otelcol-contrib
02:05:23 PM  1000   1809039    0.00    0.00    0.00    0.00    0.00    18  run-tempo.sh
02:05:23 PM  1000   1809042    0.00    0.00    0.00    0.00    0.00    18  prometheus
02:05:23 PM  1000   1809043    0.00    0.00    0.00    0.00    0.00    18  run-pyroscope.s
02:05:23 PM  1000   1809046    6.00    0.00    0.00    0.00    6.00    16  tempo
02:05:23 PM  1000   1809047    0.00    0.00    0.00    0.00    0.00    20  loki
02:05:23 PM  1000   1809077    0.00    0.00    0.00    0.00    0.00    16  pyroscope

02:05:22 PM   UID       PID   cswch/s nvcswch/s  Command
02:05:23 PM  1000   1809024      0.00      0.00  run-grafana.sh
02:05:23 PM  1000   1809026      0.00      0.00  run-loki.sh
02:05:23 PM  1000   1809028      0.00      0.00  grafana
02:05:23 PM  1000   1809029      0.00      0.00  run-otelcol.sh
02:05:23 PM  1000   1809032      0.00      0.00  run-prometheus.
02:05:23 PM  1000   1809036     33.00      0.00  otelcol-contrib
02:05:23 PM  1000   1809039      0.00      0.00  run-tempo.sh
02:05:23 PM  1000   1809042      1.00      0.00  prometheus
02:05:23 PM  1000   1809043      0.00      0.00  run-pyroscope.s
02:05:23 PM  1000   1809046      0.00      0.00  tempo
02:05:23 PM  1000   1809047      0.00      0.00  loki
02:05:23 PM  1000   1809077      8.00      0.00  pyroscope

02:05:23 PM   UID       PID    %usr %system  %guest   %wait    %CPU   CPU  Command
02:05:24 PM  1000   1809024    0.00    0.00    0.00    0.00    0.00    16  run-grafana.sh
02:05:24 PM  1000   1809026    0.00    0.00    0.00    0.00    0.00    16  run-loki.sh
02:05:24 PM  1000   1809028    0.00    0.00    0.00    0.00    0.00    16  grafana
02:05:24 PM  1000   1809029    0.00    0.00    0.00    0.00    0.00    20  run-otelcol.sh
02:05:24 PM  1000   1809032    0.00    0.00    0.00    0.00    0.00    16  run-prometheus.
02:05:24 PM  1000   1809036    1.00    1.00    0.00    0.00    2.00    18  otelcol-contrib
02:05:24 PM  1000   1809039    0.00    0.00    0.00    0.00    0.00    18  run-tempo.sh
02:05:24 PM  1000   1809042    0.00    1.00    0.00    0.00    1.00    16  prometheus
02:05:24 PM  1000   1809043    0.00    0.00    0.00    0.00    0.00    18  run-pyroscope.s
02:05:24 PM  1000   1809046   14.00    2.00    0.00    0.00   16.00    16  tempo
02:05:24 PM  1000   1809047    0.00    0.00    0.00    0.00    0.00    20  loki
02:05:24 PM  1000   1809077    0.00    0.00    0.00    0.00    0.00    16  pyroscope

02:05:23 PM   UID       PID   cswch/s nvcswch/s  Command
02:05:24 PM  1000   1809024      0.00      0.00  run-grafana.sh
02:05:24 PM  1000   1809026      0.00      0.00  run-loki.sh
02:05:24 PM  1000   1809028      0.00      0.00  grafana
02:05:24 PM  1000   1809029      0.00      0.00  run-otelcol.sh
02:05:24 PM  1000   1809032      0.00      0.00  run-prometheus.
02:05:24 PM  1000   1809036     42.00      2.00  otelcol-contrib
02:05:24 PM  1000   1809039      0.00      0.00  run-tempo.sh
02:05:24 PM  1000   1809042      2.00      0.00  prometheus
02:05:24 PM  1000   1809043      0.00      0.00  run-pyroscope.s
02:05:24 PM  1000   1809046      0.00      0.00  tempo
02:05:24 PM  1000   1809047      0.00      0.00  loki
02:05:24 PM  1000   1809077      0.00      0.00  pyroscope

02:05:24 PM   UID       PID    %usr %system  %guest   %wait    %CPU   CPU  Command
02:05:25 PM  1000   1809024    0.00    0.00    0.00    0.00    0.00    16  run-grafana.sh
02:05:25 PM  1000   1809026    0.00    0.00    0.00    0.00    0.00    16  run-loki.sh
02:05:25 PM  1000   1809028    0.00    0.00    0.00    0.00    0.00    16  grafana
02:05:25 PM  1000   1809029    0.00    0.00    0.00    0.00    0.00    20  run-otelcol.sh
02:05:25 PM  1000   1809032    0.00    0.00    0.00    0.00    0.00    16  run-prometheus.
02:05:25 PM  1000   1809036    2.00    0.00    0.00    0.00    2.00    18  otelcol-contrib
02:05:25 PM  1000   1809039    0.00    0.00    0.00    0.00    0.00    18  run-tempo.sh
02:05:25 PM  1000   1809042    0.00    0.00    0.00    0.00    0.00    16  prometheus
02:05:25 PM  1000   1809043    0.00    0.00    0.00    0.00    0.00    18  run-pyroscope.s
02:05:25 PM  1000   1809046   11.00    0.00    0.00    0.00   11.00    16  tempo
02:05:25 PM  1000   1809047    0.00    1.00    0.00    0.00    1.00    20  loki
02:05:25 PM  1000   1809077    0.00    0.00    0.00    0.00    0.00    20  pyroscope

02:05:24 PM   UID       PID   cswch/s nvcswch/s  Command
02:05:25 PM  1000   1809024      0.00      0.00  run-grafana.sh
02:05:25 PM  1000   1809026      0.00      0.00  run-loki.sh
02:05:25 PM  1000   1809028      0.00      0.00  grafana
02:05:25 PM  1000   1809029      0.00      0.00  run-otelcol.sh
02:05:25 PM  1000   1809032      0.00      0.00  run-prometheus.
02:05:25 PM  1000   1809036     36.00      0.00  otelcol-contrib
02:05:25 PM  1000   1809039      0.00      0.00  run-tempo.sh
02:05:25 PM  1000   1809042      2.00      0.00  prometheus
02:05:25 PM  1000   1809043      0.00      0.00  run-pyroscope.s
02:05:25 PM  1000   1809046      0.00      0.00  tempo
02:05:25 PM  1000   1809047      0.00      0.00  loki
02:05:25 PM  1000   1809077     22.00      0.00  pyroscope

02:05:25 PM   UID       PID    %usr %system  %guest   %wait    %CPU   CPU  Command
02:05:26 PM  1000   1809024    0.00    0.00    0.00    0.00    0.00    16  run-grafana.sh
02:05:26 PM  1000   1809026    0.00    0.00    0.00    0.00    0.00    16  run-loki.sh
02:05:26 PM  1000   1809028    0.00    0.00    0.00    0.00    0.00    16  grafana
02:05:26 PM  1000   1809029    0.00    0.00    0.00    0.00    0.00    20  run-otelcol.sh
02:05:26 PM  1000   1809032    0.00    0.00    0.00    0.00    0.00    16  run-prometheus.
02:05:26 PM  1000   1809036    2.00    0.00    0.00    0.00    2.00    16  otelcol-contrib
02:05:26 PM  1000   1809039    0.00    0.00    0.00    0.00    0.00    18  run-tempo.sh
02:05:26 PM  1000   1809042    0.00    0.00    0.00    0.00    0.00    18  prometheus
02:05:26 PM  1000   1809043    0.00    0.00    0.00    0.00    0.00    18  run-pyroscope.s
02:05:26 PM  1000   1809046    6.00    1.00    0.00    0.00    7.00    16  tempo
02:05:26 PM  1000   1809047    1.00    0.00    0.00    0.00    1.00    20  loki
02:05:26 PM  1000   1809077    1.00    0.00    0.00    0.00    1.00    16  pyroscope

02:05:25 PM   UID       PID   cswch/s nvcswch/s  Command
02:05:26 PM  1000   1809024      0.00      0.00  run-grafana.sh
02:05:26 PM  1000   1809026      0.00      0.00  run-loki.sh
02:05:26 PM  1000   1809028      0.00      0.00  grafana
02:05:26 PM  1000   1809029      0.00      0.00  run-otelcol.sh
02:05:26 PM  1000   1809032      0.00      0.00  run-prometheus.
02:05:26 PM  1000   1809036     42.00      0.00  otelcol-contrib
02:05:26 PM  1000   1809039      0.00      0.00  run-tempo.sh
02:05:26 PM  1000   1809042      1.00      0.00  prometheus
02:05:26 PM  1000   1809043      0.00      0.00  run-pyroscope.s
02:05:26 PM  1000   1809046      0.00      0.00  tempo
02:05:26 PM  1000   1809047      0.00      0.00  loki
02:05:26 PM  1000   1809077     31.00      0.00  pyroscope

02:05:26 PM   UID       PID    %usr %system  %guest   %wait    %CPU   CPU  Command
02:05:27 PM  1000   1809024    0.00    0.00    0.00    0.00    0.00    16  run-grafana.sh
02:05:27 PM  1000   1809026    0.00    0.00    0.00    0.00    0.00    16  run-loki.sh
02:05:27 PM  1000   1809028    0.00    0.00    0.00    0.00    0.00    16  grafana
02:05:27 PM  1000   1809029    0.00    0.00    0.00    0.00    0.00    20  run-otelcol.sh
02:05:27 PM  1000   1809032    0.00    0.00    0.00    0.00    0.00    16  run-prometheus.
02:05:27 PM  1000   1809036    3.00    1.00    0.00    1.00    4.00    20  otelcol-contrib
02:05:27 PM  1000   1809039    0.00    0.00    0.00    0.00    0.00    18  run-tempo.sh
02:05:27 PM  1000   1809042    0.00    0.00    0.00    0.00    0.00    20  prometheus
02:05:27 PM  1000   1809043    0.00    0.00    0.00    0.00    0.00    18  run-pyroscope.s
02:05:27 PM  1000   1809046   13.00    0.00    0.00    0.00   13.00    16  tempo
02:05:27 PM  1000   1809047    0.00    0.00    0.00    0.00    0.00    20  loki
02:05:27 PM  1000   1809077    0.00    0.00    0.00    0.00    0.00    20  pyroscope

02:05:26 PM   UID       PID   cswch/s nvcswch/s  Command
02:05:27 PM  1000   1809024      0.00      0.00  run-grafana.sh
02:05:27 PM  1000   1809026      0.00      0.00  run-loki.sh
02:05:27 PM  1000   1809028      0.00      0.00  grafana
02:05:27 PM  1000   1809029      0.00      0.00  run-otelcol.sh
02:05:27 PM  1000   1809032      0.00      0.00  run-prometheus.
02:05:27 PM  1000   1809036     70.00      8.00  otelcol-contrib
02:05:27 PM  1000   1809039      0.00      0.00  run-tempo.sh
02:05:27 PM  1000   1809042      4.00      0.00  prometheus
02:05:27 PM  1000   1809043      0.00      0.00  run-pyroscope.s
02:05:27 PM  1000   1809046      0.00      0.00  tempo
02:05:27 PM  1000   1809047      0.00      0.00  loki
02:05:27 PM  1000   1809077     27.00      0.00  pyroscope

02:05:27 PM   UID       PID    %usr %system  %guest   %wait    %CPU   CPU  Command
02:05:28 PM  1000   1809024    0.00    0.00    0.00    0.00    0.00    16  run-grafana.sh
02:05:28 PM  1000   1809026    0.00    0.00    0.00    0.00    0.00    16  run-loki.sh
02:05:28 PM  1000   1809028    0.00    0.00    0.00    0.00    0.00    16  grafana
02:05:28 PM  1000   1809029    0.00    0.00    0.00    0.00    0.00    20  run-otelcol.sh
02:05:28 PM  1000   1809032    0.00    0.00    0.00    0.00    0.00    16  run-prometheus.
02:05:28 PM  1000   1809036    1.00    0.00    0.00    0.00    1.00    18  otelcol-contrib
02:05:28 PM  1000   1809039    0.00    0.00    0.00    0.00    0.00    18  run-tempo.sh
02:05:28 PM  1000   1809042    0.00    0.00    0.00    0.00    0.00    18  prometheus
02:05:28 PM  1000   1809043    0.00    0.00    0.00    0.00    0.00    18  run-pyroscope.s
02:05:28 PM  1000   1809046    6.00    1.00    0.00    0.00    7.00    16  tempo
02:05:28 PM  1000   1809047    0.00    0.00    0.00    0.00    0.00    20  loki
02:05:28 PM  1000   1809077    3.00    2.00    0.00    0.00    5.00    16  pyroscope

02:05:27 PM   UID       PID   cswch/s nvcswch/s  Command
02:05:28 PM  1000   1809024      0.00      0.00  run-grafana.sh
02:05:28 PM  1000   1809026      0.00      0.00  run-loki.sh
02:05:28 PM  1000   1809028      0.00      0.00  grafana
02:05:28 PM  1000   1809029      0.00      0.00  run-otelcol.sh
02:05:28 PM  1000   1809032      0.00      0.00  run-prometheus.
02:05:28 PM  1000   1809036     32.00      0.00  otelcol-contrib
02:05:28 PM  1000   1809039      0.00      0.00  run-tempo.sh
02:05:28 PM  1000   1809042      1.00      0.00  prometheus
02:05:28 PM  1000   1809043      0.00      0.00  run-pyroscope.s
02:05:28 PM  1000   1809046      0.00      0.00  tempo
02:05:28 PM  1000   1809047      0.00      0.00  loki
02:05:28 PM  1000   1809077     94.00      0.00  pyroscope

02:05:28 PM   UID       PID    %usr %system  %guest   %wait    %CPU   CPU  Command
02:05:29 PM  1000   1809024    0.00    0.00    0.00    0.00    0.00    16  run-grafana.sh
02:05:29 PM  1000   1809026    0.00    0.00    0.00    0.00    0.00    16  run-loki.sh
02:05:29 PM  1000   1809028    0.00    0.00    0.00    0.00    0.00    16  grafana
02:05:29 PM  1000   1809029    0.00    0.00    0.00    0.00    0.00    20  run-otelcol.sh
02:05:29 PM  1000   1809032    0.00    0.00    0.00    0.00    0.00    16  run-prometheus.
02:05:29 PM  1000   1809036    2.00    0.00    0.00    0.00    2.00    16  otelcol-contrib
02:05:29 PM  1000   1809039    0.00    0.00    0.00    0.00    0.00    18  run-tempo.sh
02:05:29 PM  1000   1809042    1.00    0.00    0.00    0.00    1.00    18  prometheus
02:05:29 PM  1000   1809043    0.00    0.00    0.00    0.00    0.00    18  run-pyroscope.s
02:05:29 PM  1000   1809046    6.00    0.00    0.00    0.00    6.00    16  tempo
02:05:29 PM  1000   1809047    1.00    0.00    0.00    0.00    1.00    20  loki
02:05:29 PM  1000   1809077    1.00    0.00    0.00    0.00    1.00    18  pyroscope

02:05:28 PM   UID       PID   cswch/s nvcswch/s  Command
02:05:29 PM  1000   1809024      0.00      0.00  run-grafana.sh
02:05:29 PM  1000   1809026      0.00      0.00  run-loki.sh
02:05:29 PM  1000   1809028      0.00      0.00  grafana
02:05:29 PM  1000   1809029      0.00      0.00  run-otelcol.sh
02:05:29 PM  1000   1809032      0.00      0.00  run-prometheus.
02:05:29 PM  1000   1809036     34.00      0.00  otelcol-contrib
02:05:29 PM  1000   1809039      0.00      0.00  run-tempo.sh
02:05:29 PM  1000   1809042      1.00      0.00  prometheus
02:05:29 PM  1000   1809043      0.00      0.00  run-pyroscope.s
02:05:29 PM  1000   1809046      0.00      0.00  tempo
02:05:29 PM  1000   1809047      0.00      0.00  loki
02:05:29 PM  1000   1809077     17.00      0.00  pyroscope

02:05:29 PM   UID       PID    %usr %system  %guest   %wait    %CPU   CPU  Command
02:05:30 PM  1000   1809024    0.00    0.00    0.00    0.00    0.00    16  run-grafana.sh
02:05:30 PM  1000   1809026    0.00    0.00    0.00    0.00    0.00    16  run-loki.sh
02:05:30 PM  1000   1809028    2.00    0.00    0.00    0.00    2.00    16  grafana
02:05:30 PM  1000   1809029    0.00    0.00    0.00    0.00    0.00    20  run-otelcol.sh
02:05:30 PM  1000   1809032    0.00    0.00    0.00    0.00    0.00    16  run-prometheus.
02:05:30 PM  1000   1809036    2.00    0.00    0.00    0.00    2.00    16  otelcol-contrib
02:05:30 PM  1000   1809039    0.00    0.00    0.00    0.00    0.00    18  run-tempo.sh
02:05:30 PM  1000   1809042    0.00    0.00    0.00    0.00    0.00    18  prometheus
02:05:30 PM  1000   1809043    0.00    0.00    0.00    0.00    0.00    18  run-pyroscope.s
02:05:30 PM  1000   1809046   14.00    1.00    0.00    0.00   15.00    16  tempo
02:05:30 PM  1000   1809047    0.00    0.00    0.00    0.00    0.00    20  loki
02:05:30 PM  1000   1809077    0.00    0.00    0.00    0.00    0.00    18  pyroscope

02:05:29 PM   UID       PID   cswch/s nvcswch/s  Command
02:05:30 PM  1000   1809024      0.00      0.00  run-grafana.sh
02:05:30 PM  1000   1809026      0.00      0.00  run-loki.sh
02:05:30 PM  1000   1809028      0.00      0.00  grafana
02:05:30 PM  1000   1809029      0.00      0.00  run-otelcol.sh
02:05:30 PM  1000   1809032      0.00      0.00  run-prometheus.
02:05:30 PM  1000   1809036     46.00      0.00  otelcol-contrib
02:05:30 PM  1000   1809039      0.00      0.00  run-tempo.sh
02:05:30 PM  1000   1809042      2.00      0.00  prometheus
02:05:30 PM  1000   1809043      0.00      0.00  run-pyroscope.s
02:05:30 PM  1000   1809046      0.00      0.00  tempo
02:05:30 PM  1000   1809047      0.00      0.00  loki
02:05:30 PM  1000   1809077      0.00      0.00  pyroscope

02:05:30 PM   UID       PID    %usr %system  %guest   %wait    %CPU   CPU  Command
02:05:31 PM  1000   1809024    0.00    0.00    0.00    0.00    0.00    16  run-grafana.sh
02:05:31 PM  1000   1809026    0.00    0.00    0.00    0.00    0.00    16  run-loki.sh
02:05:31 PM  1000   1809028    0.00    0.00    0.00    0.00    0.00    16  grafana
02:05:31 PM  1000   1809029    0.00    0.00    0.00    0.00    0.00    20  run-otelcol.sh
02:05:31 PM  1000   1809032    0.00    0.00    0.00    0.00    0.00    16  run-prometheus.
02:05:31 PM  1000   1809036    1.00    1.00    0.00    0.00    2.00    18  otelcol-contrib
02:05:31 PM  1000   1809039    0.00    0.00    0.00    0.00    0.00    18  run-tempo.sh
02:05:31 PM  1000   1809042    0.00    0.00    0.00    0.00    0.00    20  prometheus
02:05:31 PM  1000   1809043    0.00    0.00    0.00    0.00    0.00    18  run-pyroscope.s
02:05:31 PM  1000   1809046    5.00    0.00    0.00    0.00    5.00    16  tempo
02:05:31 PM  1000   1809047    0.00    0.00    0.00    0.00    0.00    20  loki
02:05:31 PM  1000   1809077    0.00    0.00    0.00    0.00    0.00    16  pyroscope

02:05:30 PM   UID       PID   cswch/s nvcswch/s  Command
02:05:31 PM  1000   1809024      0.00      0.00  run-grafana.sh
02:05:31 PM  1000   1809026      0.00      0.00  run-loki.sh
02:05:31 PM  1000   1809028      0.00      0.00  grafana
02:05:31 PM  1000   1809029      0.00      0.00  run-otelcol.sh
02:05:31 PM  1000   1809032      0.00      0.00  run-prometheus.
02:05:31 PM  1000   1809036     30.00      0.00  otelcol-contrib
02:05:31 PM  1000   1809039      0.00      0.00  run-tempo.sh
02:05:31 PM  1000   1809042      4.00      0.00  prometheus
02:05:31 PM  1000   1809043      0.00      0.00  run-pyroscope.s
02:05:31 PM  1000   1809046      0.00      0.00  tempo
02:05:31 PM  1000   1809047      0.00      0.00  loki
02:05:31 PM  1000   1809077     19.00      0.00  pyroscope

02:05:31 PM   UID       PID    %usr %system  %guest   %wait    %CPU   CPU  Command
02:05:32 PM  1000   1809024    0.00    0.00    0.00    0.00    0.00    16  run-grafana.sh
02:05:32 PM  1000   1809026    0.00    0.00    0.00    0.00    0.00    16  run-loki.sh
02:05:32 PM  1000   1809028    0.00    0.00    0.00    0.00    0.00    16  grafana
02:05:32 PM  1000   1809029    0.00    0.00    0.00    0.00    0.00    20  run-otelcol.sh
02:05:32 PM  1000   1809032    0.00    0.00    0.00    0.00    0.00    16  run-prometheus.
02:05:32 PM  1000   1809036    2.00    0.00    0.00    0.00    2.00    18  otelcol-contrib
02:05:32 PM  1000   1809039    0.00    0.00    0.00    0.00    0.00    18  run-tempo.sh
02:05:32 PM  1000   1809042    0.00    0.00    0.00    0.00    0.00    16  prometheus
02:05:32 PM  1000   1809043    0.00    0.00    0.00    0.00    0.00    18  run-pyroscope.s
02:05:32 PM  1000   1809046    8.00    1.00    0.00    0.00    9.00    16  tempo
02:05:32 PM  1000   1809047    0.00    0.00    0.00    0.00    0.00    20  loki
02:05:32 PM  1000   1809077    0.00    0.00    0.00    0.00    0.00    18  pyroscope

02:05:31 PM   UID       PID   cswch/s nvcswch/s  Command
02:05:32 PM  1000   1809024      0.00      0.00  run-grafana.sh
02:05:32 PM  1000   1809026      0.00      0.00  run-loki.sh
02:05:32 PM  1000   1809028      0.00      0.00  grafana
02:05:32 PM  1000   1809029      0.00      0.00  run-otelcol.sh
02:05:32 PM  1000   1809032      0.00      0.00  run-prometheus.
02:05:32 PM  1000   1809036     51.00      0.00  otelcol-contrib
02:05:32 PM  1000   1809039      0.00      0.00  run-tempo.sh
02:05:32 PM  1000   1809042      4.00      0.00  prometheus
02:05:32 PM  1000   1809043      0.00      0.00  run-pyroscope.s
02:05:32 PM  1000   1809046      0.00      0.00  tempo
02:05:32 PM  1000   1809047      0.00      0.00  loki
02:05:32 PM  1000   1809077     42.00      0.00  pyroscope

02:05:32 PM   UID       PID    %usr %system  %guest   %wait    %CPU   CPU  Command
02:05:33 PM  1000   1809024    0.00    0.00    0.00    0.00    0.00    16  run-grafana.sh
02:05:33 PM  1000   1809026    0.00    0.00    0.00    0.00    0.00    16  run-loki.sh
02:05:33 PM  1000   1809028    0.00    0.00    0.00    0.00    0.00    16  grafana
02:05:33 PM  1000   1809029    0.00    0.00    0.00    0.00    0.00    20  run-otelcol.sh
02:05:33 PM  1000   1809032    0.00    0.00    0.00    0.00    0.00    16  run-prometheus.
02:05:33 PM  1000   1809036    2.00    0.00    0.00    0.00    2.00    18  otelcol-contrib
02:05:33 PM  1000   1809039    0.00    0.00    0.00    0.00    0.00    18  run-tempo.sh
02:05:33 PM  1000   1809042    0.00    0.00    0.00    0.00    0.00    18  prometheus
02:05:33 PM  1000   1809043    0.00    0.00    0.00    0.00    0.00    18  run-pyroscope.s
02:05:33 PM  1000   1809046   30.00    3.00    0.00    0.00   33.00    16  tempo
02:05:33 PM  1000   1809047    1.00    0.00    0.00    0.00    1.00    20  loki
02:05:33 PM  1000   1809077    0.00    0.00    0.00    0.00    0.00    18  pyroscope

02:05:32 PM   UID       PID   cswch/s nvcswch/s  Command
02:05:33 PM  1000   1809024      0.00      0.00  run-grafana.sh
02:05:33 PM  1000   1809026      0.00      0.00  run-loki.sh
02:05:33 PM  1000   1809028      0.00      0.00  grafana
02:05:33 PM  1000   1809029      0.00      0.00  run-otelcol.sh
02:05:33 PM  1000   1809032      0.00      0.00  run-prometheus.
02:05:33 PM  1000   1809036     30.00      0.00  otelcol-contrib
02:05:33 PM  1000   1809039      0.00      0.00  run-tempo.sh
02:05:33 PM  1000   1809042      1.00      0.00  prometheus
02:05:33 PM  1000   1809043      0.00      0.00  run-pyroscope.s
02:05:33 PM  1000   1809046      0.00      0.00  tempo
02:05:33 PM  1000   1809047      0.00      0.00  loki
02:05:33 PM  1000   1809077     52.00      0.00  pyroscope

02:05:33 PM   UID       PID    %usr %system  %guest   %wait    %CPU   CPU  Command
02:05:34 PM  1000   1809024    0.00    0.00    0.00    0.00    0.00    16  run-grafana.sh
02:05:34 PM  1000   1809026    0.00    0.00    0.00    0.00    0.00    16  run-loki.sh
02:05:34 PM  1000   1809028    0.00    0.00    0.00    0.00    0.00    16  grafana
02:05:34 PM  1000   1809029    0.00    0.00    0.00    0.00    0.00    20  run-otelcol.sh
02:05:34 PM  1000   1809032    0.00    0.00    0.00    0.00    0.00    16  run-prometheus.
02:05:34 PM  1000   1809036    1.00    1.00    0.00    0.00    2.00    18  otelcol-contrib
02:05:34 PM  1000   1809039    0.00    0.00    0.00    0.00    0.00    18  run-tempo.sh
02:05:34 PM  1000   1809042    0.00    0.00    0.00    0.00    0.00    20  prometheus
02:05:34 PM  1000   1809043    0.00    0.00    0.00    0.00    0.00    18  run-pyroscope.s
02:05:34 PM  1000   1809046   20.00    1.00    0.00    0.00   21.00    16  tempo
02:05:34 PM  1000   1809047    0.00    0.00    0.00    0.00    0.00    20  loki
02:05:34 PM  1000   1809077    0.00    0.00    0.00    0.00    0.00    20  pyroscope

02:05:33 PM   UID       PID   cswch/s nvcswch/s  Command
02:05:34 PM  1000   1809024      0.00      0.00  run-grafana.sh
02:05:34 PM  1000   1809026      0.00      0.00  run-loki.sh
02:05:34 PM  1000   1809028      0.00      0.00  grafana
02:05:34 PM  1000   1809029      0.00      0.00  run-otelcol.sh
02:05:34 PM  1000   1809032      0.00      0.00  run-prometheus.
02:05:34 PM  1000   1809036     36.00      0.00  otelcol-contrib
02:05:34 PM  1000   1809039      0.00      0.00  run-tempo.sh
02:05:34 PM  1000   1809042      2.00      0.00  prometheus
02:05:34 PM  1000   1809043      0.00      0.00  run-pyroscope.s
02:05:34 PM  1000   1809046      0.00      0.00  tempo
02:05:34 PM  1000   1809047      0.00      0.00  loki
02:05:34 PM  1000   1809077     48.00      0.00  pyroscope

02:05:34 PM   UID       PID    %usr %system  %guest   %wait    %CPU   CPU  Command
02:05:35 PM  1000   1809024    0.00    0.00    0.00    0.00    0.00    16  run-grafana.sh
02:05:35 PM  1000   1809026    0.00    0.00    0.00    0.00    0.00    16  run-loki.sh
02:05:35 PM  1000   1809028    0.00    0.00    0.00    0.00    0.00    16  grafana
02:05:35 PM  1000   1809029    0.00    0.00    0.00    0.00    0.00    20  run-otelcol.sh
02:05:35 PM  1000   1809032    0.00    0.00    0.00    0.00    0.00    16  run-prometheus.
02:05:35 PM  1000   1809036    2.00    0.00    0.00    0.00    2.00    16  otelcol-contrib
02:05:35 PM  1000   1809039    0.00    0.00    0.00    0.00    0.00    18  run-tempo.sh
02:05:35 PM  1000   1809042    1.00    0.00    0.00    0.00    1.00    20  prometheus
02:05:35 PM  1000   1809043    0.00    0.00    0.00    0.00    0.00    18  run-pyroscope.s
02:05:35 PM  1000   1809046   56.00    6.00    0.00    0.00   62.00    16  tempo
02:05:35 PM  1000   1809047    0.00    0.00    0.00    0.00    0.00    20  loki
02:05:35 PM  1000   1809077    0.00    0.00    0.00    0.00    0.00    20  pyroscope

02:05:34 PM   UID       PID   cswch/s nvcswch/s  Command
02:05:35 PM  1000   1809024      0.00      0.00  run-grafana.sh
02:05:35 PM  1000   1809026      0.00      0.00  run-loki.sh
02:05:35 PM  1000   1809028      0.00      0.00  grafana
02:05:35 PM  1000   1809029      0.00      0.00  run-otelcol.sh
02:05:35 PM  1000   1809032      0.00      0.00  run-prometheus.
02:05:35 PM  1000   1809036     19.00      0.00  otelcol-contrib
02:05:35 PM  1000   1809039      0.00      0.00  run-tempo.sh
02:05:35 PM  1000   1809042      2.00      0.00  prometheus
02:05:35 PM  1000   1809043      0.00      0.00  run-pyroscope.s
02:05:35 PM  1000   1809046      0.00      0.00  tempo
02:05:35 PM  1000   1809047      0.00      0.00  loki
02:05:35 PM  1000   1809077     37.00      0.00  pyroscope

02:05:35 PM   UID       PID    %usr %system  %guest   %wait    %CPU   CPU  Command
02:05:36 PM  1000   1809024    0.00    0.00    0.00    0.00    0.00    16  run-grafana.sh
02:05:36 PM  1000   1809026    0.00    0.00    0.00    0.00    0.00    16  run-loki.sh
02:05:36 PM  1000   1809028    0.00    0.00    0.00    0.00    0.00    16  grafana
02:05:36 PM  1000   1809029    0.00    0.00    0.00    0.00    0.00    20  run-otelcol.sh
02:05:36 PM  1000   1809032    0.00    0.00    0.00    0.00    0.00    16  run-prometheus.
02:05:36 PM  1000   1809036    4.00    0.00    0.00    1.00    4.00    18  otelcol-contrib
02:05:36 PM  1000   1809039    0.00    0.00    0.00    0.00    0.00    18  run-tempo.sh
02:05:36 PM  1000   1809042    0.00    0.00    0.00    0.00    0.00    20  prometheus
02:05:36 PM  1000   1809043    0.00    0.00    0.00    0.00    0.00    18  run-pyroscope.s
02:05:36 PM  1000   1809046    6.00    1.00    0.00    0.00    7.00    16  tempo
02:05:36 PM  1000   1809047    1.00    0.00    0.00    0.00    1.00    20  loki
02:05:36 PM  1000   1809077    1.00    0.00    0.00    0.00    1.00    20  pyroscope

02:05:35 PM   UID       PID   cswch/s nvcswch/s  Command
02:05:36 PM  1000   1809024      0.00      0.00  run-grafana.sh
02:05:36 PM  1000   1809026      0.00      0.00  run-loki.sh
02:05:36 PM  1000   1809028      0.00      0.00  grafana
02:05:36 PM  1000   1809029      0.00      0.00  run-otelcol.sh
02:05:36 PM  1000   1809032      0.00      0.00  run-prometheus.
02:05:36 PM  1000   1809036     42.00      9.00  otelcol-contrib
02:05:36 PM  1000   1809039      0.00      0.00  run-tempo.sh
02:05:36 PM  1000   1809042      1.00      0.00  prometheus
02:05:36 PM  1000   1809043      0.00      0.00  run-pyroscope.s
02:05:36 PM  1000   1809046      0.00      0.00  tempo
02:05:36 PM  1000   1809047      0.00      0.00  loki
02:05:36 PM  1000   1809077     45.00      0.00  pyroscope

02:05:36 PM   UID       PID    %usr %system  %guest   %wait    %CPU   CPU  Command
02:05:37 PM  1000   1809024    0.00    0.00    0.00    0.00    0.00    16  run-grafana.sh
02:05:37 PM  1000   1809026    0.00    0.00    0.00    0.00    0.00    16  run-loki.sh
02:05:37 PM  1000   1809028    1.00    0.00    0.00    0.00    1.00    16  grafana
02:05:37 PM  1000   1809029    0.00    0.00    0.00    0.00    0.00    20  run-otelcol.sh
02:05:37 PM  1000   1809032    0.00    0.00    0.00    0.00    0.00    16  run-prometheus.
02:05:37 PM  1000   1809036    2.00    0.00    0.00    0.00    2.00    18  otelcol-contrib
02:05:37 PM  1000   1809039    0.00    0.00    0.00    0.00    0.00    18  run-tempo.sh
02:05:37 PM  1000   1809042    0.00    0.00    0.00    0.00    0.00    20  prometheus
02:05:37 PM  1000   1809043    0.00    0.00    0.00    0.00    0.00    18  run-pyroscope.s
02:05:37 PM  1000   1809046   18.00    1.00    0.00    0.00   19.00    16  tempo
02:05:37 PM  1000   1809047    0.00    0.00    0.00    0.00    0.00    20  loki
02:05:37 PM  1000   1809077    0.00    0.00    0.00    0.00    0.00    18  pyroscope

02:05:36 PM   UID       PID   cswch/s nvcswch/s  Command
02:05:37 PM  1000   1809024      0.00      0.00  run-grafana.sh
02:05:37 PM  1000   1809026      0.00      0.00  run-loki.sh
02:05:37 PM  1000   1809028      0.00      0.00  grafana
02:05:37 PM  1000   1809029      0.00      0.00  run-otelcol.sh
02:05:37 PM  1000   1809032      0.00      0.00  run-prometheus.
02:05:37 PM  1000   1809036     36.00      0.00  otelcol-contrib
02:05:37 PM  1000   1809039      0.00      0.00  run-tempo.sh
02:05:37 PM  1000   1809042      4.00      0.00  prometheus
02:05:37 PM  1000   1809043      0.00      0.00  run-pyroscope.s
02:05:37 PM  1000   1809046      0.00      0.00  tempo
02:05:37 PM  1000   1809047      0.00      0.00  loki
02:05:37 PM  1000   1809077     49.00      0.00  pyroscope

02:05:37 PM   UID       PID    %usr %system  %guest   %wait    %CPU   CPU  Command
02:05:38 PM  1000   1809024    0.00    0.00    0.00    0.00    0.00    16  run-grafana.sh
02:05:38 PM  1000   1809026    0.00    0.00    0.00    0.00    0.00    16  run-loki.sh
02:05:38 PM  1000   1809028    0.00    0.00    0.00    0.00    0.00    16  grafana
02:05:38 PM  1000   1809029    0.00    0.00    0.00    0.00    0.00    20  run-otelcol.sh
02:05:38 PM  1000   1809032    0.00    0.00    0.00    0.00    0.00    16  run-prometheus.
02:05:38 PM  1000   1809036    1.00    0.00    0.00    0.00    1.00    18  otelcol-contrib
02:05:38 PM  1000   1809039    0.00    0.00    0.00    0.00    0.00    18  run-tempo.sh
02:05:38 PM  1000   1809042    0.00    0.00    0.00    0.00    0.00    20  prometheus
02:05:38 PM  1000   1809043    0.00    0.00    0.00    0.00    0.00    18  run-pyroscope.s
02:05:38 PM  1000   1809046   19.00    0.00    0.00    0.00   19.00    16  tempo
02:05:38 PM  1000   1809047    0.00    1.00    0.00    0.00    1.00    20  loki
02:05:38 PM  1000   1809077    0.00    0.00    0.00    0.00    0.00    18  pyroscope

02:05:37 PM   UID       PID   cswch/s nvcswch/s  Command
02:05:38 PM  1000   1809024      0.00      0.00  run-grafana.sh
02:05:38 PM  1000   1809026      0.00      0.00  run-loki.sh
02:05:38 PM  1000   1809028      0.00      0.00  grafana
02:05:38 PM  1000   1809029      0.00      0.00  run-otelcol.sh
02:05:38 PM  1000   1809032      0.00      0.00  run-prometheus.
02:05:38 PM  1000   1809036     26.00      0.00  otelcol-contrib
02:05:38 PM  1000   1809039      0.00      0.00  run-tempo.sh
02:05:38 PM  1000   1809042      2.00      0.00  prometheus
02:05:38 PM  1000   1809043      0.00      0.00  run-pyroscope.s
02:05:38 PM  1000   1809046      0.00      0.00  tempo
02:05:38 PM  1000   1809047      0.00      0.00  loki
02:05:38 PM  1000   1809077      7.00      0.00  pyroscope

02:05:38 PM   UID       PID    %usr %system  %guest   %wait    %CPU   CPU  Command
02:05:39 PM  1000   1809024    0.00    0.00    0.00    0.00    0.00    16  run-grafana.sh
02:05:39 PM  1000   1809026    0.00    0.00    0.00    0.00    0.00    16  run-loki.sh
02:05:39 PM  1000   1809028    0.00    0.00    0.00    0.00    0.00    16  grafana
02:05:39 PM  1000   1809029    0.00    0.00    0.00    0.00    0.00    20  run-otelcol.sh
02:05:39 PM  1000   1809032    0.00    0.00    0.00    0.00    0.00    16  run-prometheus.
02:05:39 PM  1000   1809036    2.00    0.00    0.00    0.00    2.00    18  otelcol-contrib
02:05:39 PM  1000   1809039    0.00    0.00    0.00    0.00    0.00    18  run-tempo.sh
02:05:39 PM  1000   1809042    1.00    0.00    0.00    0.00    1.00    18  prometheus
02:05:39 PM  1000   1809043    0.00    0.00    0.00    0.00    0.00    18  run-pyroscope.s
02:05:39 PM  1000   1809046   18.00    1.00    0.00    0.00   19.00    16  tempo
02:05:39 PM  1000   1809047    0.00    0.00    0.00    0.00    0.00    20  loki
02:05:39 PM  1000   1809077    1.00    0.00    0.00    0.00    1.00    18  pyroscope

02:05:38 PM   UID       PID   cswch/s nvcswch/s  Command
02:05:39 PM  1000   1809024      0.00      0.00  run-grafana.sh
02:05:39 PM  1000   1809026      0.00      0.00  run-loki.sh
02:05:39 PM  1000   1809028      0.00      0.00  grafana
02:05:39 PM  1000   1809029      0.00      0.00  run-otelcol.sh
02:05:39 PM  1000   1809032      0.00      0.00  run-prometheus.
02:05:39 PM  1000   1809036     44.00      0.00  otelcol-contrib
02:05:39 PM  1000   1809039      0.00      0.00  run-tempo.sh
02:05:39 PM  1000   1809042      1.00      0.00  prometheus
02:05:39 PM  1000   1809043      0.00      0.00  run-pyroscope.s
02:05:39 PM  1000   1809046      0.00      0.00  tempo
02:05:39 PM  1000   1809047      0.00      0.00  loki
02:05:39 PM  1000   1809077     42.00      0.00  pyroscope

02:05:39 PM   UID       PID    %usr %system  %guest   %wait    %CPU   CPU  Command
02:05:40 PM  1000   1809024    0.00    0.00    0.00    0.00    0.00    16  run-grafana.sh
02:05:40 PM  1000   1809026    0.00    0.00    0.00    0.00    0.00    16  run-loki.sh
02:05:40 PM  1000   1809028    0.00    0.00    0.00    0.00    0.00    16  grafana
02:05:40 PM  1000   1809029    0.00    0.00    0.00    0.00    0.00    20  run-otelcol.sh
02:05:40 PM  1000   1809032    0.00    0.00    0.00    0.00    0.00    16  run-prometheus.
02:05:40 PM  1000   1809036    2.00    0.00    0.00    0.00    2.00    18  otelcol-contrib
02:05:40 PM  1000   1809039    0.00    0.00    0.00    0.00    0.00    18  run-tempo.sh
02:05:40 PM  1000   1809042    0.00    0.00    0.00    0.00    0.00    16  prometheus
02:05:40 PM  1000   1809043    0.00    0.00    0.00    0.00    0.00    18  run-pyroscope.s
02:05:40 PM  1000   1809046    6.00    1.00    0.00    0.00    7.00    16  tempo
02:05:40 PM  1000   1809047    1.00    0.00    0.00    0.00    1.00    20  loki
02:05:40 PM  1000   1809077    0.00    0.00    0.00    0.00    0.00    18  pyroscope

02:05:39 PM   UID       PID   cswch/s nvcswch/s  Command
02:05:40 PM  1000   1809024      0.00      0.00  run-grafana.sh
02:05:40 PM  1000   1809026      0.00      0.00  run-loki.sh
02:05:40 PM  1000   1809028      0.00      0.00  grafana
02:05:40 PM  1000   1809029      0.00      0.00  run-otelcol.sh
02:05:40 PM  1000   1809032      0.00      0.00  run-prometheus.
02:05:40 PM  1000   1809036     43.00      0.00  otelcol-contrib
02:05:40 PM  1000   1809039      0.00      0.00  run-tempo.sh
02:05:40 PM  1000   1809042      1.00      0.00  prometheus
02:05:40 PM  1000   1809043      0.00      0.00  run-pyroscope.s
02:05:40 PM  1000   1809046      0.00      0.00  tempo
02:05:40 PM  1000   1809047      0.00      0.00  loki
02:05:40 PM  1000   1809077     20.00      0.00  pyroscope

02:05:40 PM   UID       PID    %usr %system  %guest   %wait    %CPU   CPU  Command
02:05:41 PM  1000   1809024    0.00    0.00    0.00    0.00    0.00    16  run-grafana.sh
02:05:41 PM  1000   1809026    0.00    0.00    0.00    0.00    0.00    16  run-loki.sh
02:05:41 PM  1000   1809028    0.00    0.00    0.00    0.00    0.00    16  grafana
02:05:41 PM  1000   1809029    0.00    0.00    0.00    0.00    0.00    20  run-otelcol.sh
02:05:41 PM  1000   1809032    0.00    0.00    0.00    0.00    0.00    16  run-prometheus.
02:05:41 PM  1000   1809036    2.00    0.00    0.00    0.00    2.00    20  otelcol-contrib
02:05:41 PM  1000   1809039    0.00    0.00    0.00    0.00    0.00    18  run-tempo.sh
02:05:41 PM  1000   1809042    0.00    0.00    0.00    0.00    0.00    16  prometheus
02:05:41 PM  1000   1809043    0.00    0.00    0.00    0.00    0.00    18  run-pyroscope.s
02:05:41 PM  1000   1809046   22.00    1.00    0.00    0.00   23.00    16  tempo
02:05:41 PM  1000   1809047    0.00    0.00    0.00    0.00    0.00    20  loki
02:05:41 PM  1000   1809077    0.00    0.00    0.00    0.00    0.00    20  pyroscope

02:05:40 PM   UID       PID   cswch/s nvcswch/s  Command
02:05:41 PM  1000   1809024      0.00      0.00  run-grafana.sh
02:05:41 PM  1000   1809026      0.00      0.00  run-loki.sh
02:05:41 PM  1000   1809028      0.00      0.00  grafana
02:05:41 PM  1000   1809029      0.00      0.00  run-otelcol.sh
02:05:41 PM  1000   1809032      0.00      0.00  run-prometheus.
02:05:41 PM  1000   1809036     49.00      0.00  otelcol-contrib
02:05:41 PM  1000   1809039      0.00      0.00  run-tempo.sh
02:05:41 PM  1000   1809042      1.00      0.00  prometheus
02:05:41 PM  1000   1809043      0.00      0.00  run-pyroscope.s
02:05:41 PM  1000   1809046      0.00      0.00  tempo
02:05:41 PM  1000   1809047      0.00      0.00  loki
02:05:41 PM  1000   1809077      1.00      0.00  pyroscope

02:05:41 PM   UID       PID    %usr %system  %guest   %wait    %CPU   CPU  Command
02:05:42 PM  1000   1809024    0.00    0.00    0.00    0.00    0.00    16  run-grafana.sh
02:05:42 PM  1000   1809026    0.00    0.00    0.00    0.00    0.00    16  run-loki.sh
02:05:42 PM  1000   1809028    0.00    0.00    0.00    0.00    0.00    16  grafana
02:05:42 PM  1000   1809029    0.00    0.00    0.00    0.00    0.00    20  run-otelcol.sh
02:05:42 PM  1000   1809032    0.00    0.00    0.00    0.00    0.00    16  run-prometheus.
02:05:42 PM  1000   1809036    1.00    1.00    0.00    0.00    2.00    20  otelcol-contrib
02:05:42 PM  1000   1809039    0.00    0.00    0.00    0.00    0.00    18  run-tempo.sh
02:05:42 PM  1000   1809042    0.00    0.00    0.00    0.00    0.00    20  prometheus
02:05:42 PM  1000   1809043    0.00    0.00    0.00    0.00    0.00    18  run-pyroscope.s
02:05:42 PM  1000   1809046   24.00    0.00    0.00    0.00   24.00    16  tempo
02:05:42 PM  1000   1809047    0.00    0.00    0.00    0.00    0.00    20  loki
02:05:42 PM  1000   1809077    0.00    0.00    0.00    0.00    0.00    16  pyroscope

02:05:41 PM   UID       PID   cswch/s nvcswch/s  Command
02:05:42 PM  1000   1809024      0.00      0.00  run-grafana.sh
02:05:42 PM  1000   1809026      0.00      0.00  run-loki.sh
02:05:42 PM  1000   1809028      0.00      0.00  grafana
02:05:42 PM  1000   1809029      0.00      0.00  run-otelcol.sh
02:05:42 PM  1000   1809032      0.00      0.00  run-prometheus.
02:05:42 PM  1000   1809036     38.00      0.00  otelcol-contrib
02:05:42 PM  1000   1809039      0.00      0.00  run-tempo.sh
02:05:42 PM  1000   1809042      2.00      0.00  prometheus
02:05:42 PM  1000   1809043      0.00      0.00  run-pyroscope.s
02:05:42 PM  1000   1809046      0.00      0.00  tempo
02:05:42 PM  1000   1809047      0.00      0.00  loki
02:05:42 PM  1000   1809077     14.00      0.00  pyroscope

02:05:42 PM   UID       PID    %usr %system  %guest   %wait    %CPU   CPU  Command
02:05:43 PM  1000   1809024    0.00    0.00    0.00    0.00    0.00    16  run-grafana.sh
02:05:43 PM  1000   1809026    0.00    0.00    0.00    0.00    0.00    16  run-loki.sh
02:05:43 PM  1000   1809028    0.00    0.00    0.00    0.00    0.00    16  grafana
02:05:43 PM  1000   1809029    0.00    0.00    0.00    0.00    0.00    20  run-otelcol.sh
02:05:43 PM  1000   1809032    0.00    0.00    0.00    0.00    0.00    16  run-prometheus.
02:05:43 PM  1000   1809036    2.00    0.00    0.00    0.00    2.00    16  otelcol-contrib
02:05:43 PM  1000   1809039    0.00    0.00    0.00    0.00    0.00    18  run-tempo.sh
02:05:43 PM  1000   1809042    0.00    0.00    0.00    0.00    0.00    20  prometheus
02:05:43 PM  1000   1809043    0.00    0.00    0.00    0.00    0.00    18  run-pyroscope.s
02:05:43 PM  1000   1809046    8.00    1.00    0.00    0.00    9.00    16  tempo
02:05:43 PM  1000   1809047    1.00    0.00    0.00    0.00    1.00    20  loki
02:05:43 PM  1000   1809077    4.00    1.00    0.00    0.00    5.00    16  pyroscope

02:05:42 PM   UID       PID   cswch/s nvcswch/s  Command
02:05:43 PM  1000   1809024      0.00      0.00  run-grafana.sh
02:05:43 PM  1000   1809026      0.00      0.00  run-loki.sh
02:05:43 PM  1000   1809028      0.00      0.00  grafana
02:05:43 PM  1000   1809029      0.00      0.00  run-otelcol.sh
02:05:43 PM  1000   1809032      0.00      0.00  run-prometheus.
02:05:43 PM  1000   1809036     48.00      0.00  otelcol-contrib
02:05:43 PM  1000   1809039      0.00      0.00  run-tempo.sh
02:05:43 PM  1000   1809042      2.00      0.00  prometheus
02:05:43 PM  1000   1809043      0.00      0.00  run-pyroscope.s
02:05:43 PM  1000   1809046      0.00      0.00  tempo
02:05:43 PM  1000   1809047      0.00      0.00  loki
02:05:43 PM  1000   1809077     35.00      0.00  pyroscope

02:05:43 PM   UID       PID    %usr %system  %guest   %wait    %CPU   CPU  Command
02:05:44 PM  1000   1809024    0.00    0.00    0.00    0.00    0.00    16  run-grafana.sh
02:05:44 PM  1000   1809026    0.00    0.00    0.00    0.00    0.00    16  run-loki.sh
02:05:44 PM  1000   1809028    0.00    0.00    0.00    0.00    0.00    16  grafana
02:05:44 PM  1000   1809029    0.00    0.00    0.00    0.00    0.00    20  run-otelcol.sh
02:05:44 PM  1000   1809032    0.00    0.00    0.00    0.00    0.00    16  run-prometheus.
02:05:44 PM  1000   1809036    2.00    0.00    0.00    0.00    2.00    18  otelcol-contrib
02:05:44 PM  1000   1809039    0.00    0.00    0.00    0.00    0.00    18  run-tempo.sh
02:05:44 PM  1000   1809042    0.00    0.00    0.00    0.00    0.00    20  prometheus
02:05:44 PM  1000   1809043    0.00    0.00    0.00    0.00    0.00    18  run-pyroscope.s
02:05:44 PM  1000   1809046   22.00    1.00    0.00    0.00   23.00    16  tempo
02:05:44 PM  1000   1809047    0.00    0.00    0.00    0.00    0.00    20  loki
02:05:44 PM  1000   1809077    0.00    0.00    0.00    0.00    0.00    20  pyroscope

02:05:43 PM   UID       PID   cswch/s nvcswch/s  Command
02:05:44 PM  1000   1809024      0.00      0.00  run-grafana.sh
02:05:44 PM  1000   1809026      0.00      0.00  run-loki.sh
02:05:44 PM  1000   1809028      0.00      0.00  grafana
02:05:44 PM  1000   1809029      0.00      0.00  run-otelcol.sh
02:05:44 PM  1000   1809032      0.00      0.00  run-prometheus.
02:05:44 PM  1000   1809036     44.00      0.00  otelcol-contrib
02:05:44 PM  1000   1809039      0.00      0.00  run-tempo.sh
02:05:44 PM  1000   1809042      1.00      0.00  prometheus
02:05:44 PM  1000   1809043      0.00      0.00  run-pyroscope.s
02:05:44 PM  1000   1809046      0.00      0.00  tempo
02:05:44 PM  1000   1809047      0.00      0.00  loki
02:05:44 PM  1000   1809077     36.00      0.00  pyroscope

02:05:44 PM   UID       PID    %usr %system  %guest   %wait    %CPU   CPU  Command
02:05:45 PM  1000   1809024    0.00    0.00    0.00    0.00    0.00    16  run-grafana.sh
02:05:45 PM  1000   1809026    0.00    0.00    0.00    0.00    0.00    16  run-loki.sh
02:05:45 PM  1000   1809028    0.00    0.00    0.00    0.00    0.00    16  grafana
02:05:45 PM  1000   1809029    0.00    0.00    0.00    0.00    0.00    20  run-otelcol.sh
02:05:45 PM  1000   1809032    0.00    0.00    0.00    0.00    0.00    16  run-prometheus.
02:05:45 PM  1000   1809036    3.00    0.00    0.00    0.00    3.00    18  otelcol-contrib
02:05:45 PM  1000   1809039    0.00    0.00    0.00    0.00    0.00    18  run-tempo.sh
02:05:45 PM  1000   1809042    0.00    0.00    0.00    0.00    0.00    18  prometheus
02:05:45 PM  1000   1809043    0.00    0.00    0.00    0.00    0.00    18  run-pyroscope.s
02:05:45 PM  1000   1809046   48.00    3.00    0.00    0.00   51.00    16  tempo
02:05:45 PM  1000   1809047    0.00    0.00    0.00    0.00    0.00    20  loki
02:05:45 PM  1000   1809077    0.00    0.00    0.00    0.00    0.00    20  pyroscope

02:05:44 PM   UID       PID   cswch/s nvcswch/s  Command
02:05:45 PM  1000   1809024      0.00      0.00  run-grafana.sh
02:05:45 PM  1000   1809026      0.00      0.00  run-loki.sh
02:05:45 PM  1000   1809028      0.00      0.00  grafana
02:05:45 PM  1000   1809029      0.00      0.00  run-otelcol.sh
02:05:45 PM  1000   1809032      0.00      0.00  run-prometheus.
02:05:45 PM  1000   1809036     27.00      4.00  otelcol-contrib
02:05:45 PM  1000   1809039      0.00      0.00  run-tempo.sh
02:05:45 PM  1000   1809042      3.00      0.00  prometheus
02:05:45 PM  1000   1809043      0.00      0.00  run-pyroscope.s
02:05:45 PM  1000   1809046      0.00      0.00  tempo
02:05:45 PM  1000   1809047      0.00      0.00  loki
02:05:45 PM  1000   1809077     30.00      0.00  pyroscope

02:05:45 PM   UID       PID    %usr %system  %guest   %wait    %CPU   CPU  Command
02:05:46 PM  1000   1809024    0.00    0.00    0.00    0.00    0.00    16  run-grafana.sh
02:05:46 PM  1000   1809026    0.00    0.00    0.00    0.00    0.00    16  run-loki.sh
02:05:46 PM  1000   1809028    0.00    0.00    0.00    0.00    0.00    16  grafana
02:05:46 PM  1000   1809029    0.00    0.00    0.00    0.00    0.00    20  run-otelcol.sh
02:05:46 PM  1000   1809032    0.00    0.00    0.00    0.00    0.00    16  run-prometheus.
02:05:46 PM  1000   1809036    2.00    1.00    0.00    0.00    3.00    16  otelcol-contrib
02:05:46 PM  1000   1809039    0.00    0.00    0.00    0.00    0.00    18  run-tempo.sh
02:05:46 PM  1000   1809042    0.00    0.00    0.00    0.00    0.00    20  prometheus
02:05:46 PM  1000   1809043    0.00    0.00    0.00    0.00    0.00    18  run-pyroscope.s
02:05:46 PM  1000   1809046   20.00    1.00    0.00    0.00   21.00    16  tempo
02:05:46 PM  1000   1809047    0.00    0.00    0.00    0.00    0.00    20  loki
02:05:46 PM  1000   1809077    0.00    0.00    0.00    0.00    0.00    18  pyroscope

02:05:45 PM   UID       PID   cswch/s nvcswch/s  Command
02:05:46 PM  1000   1809024      0.00      0.00  run-grafana.sh
02:05:46 PM  1000   1809026      0.00      0.00  run-loki.sh
02:05:46 PM  1000   1809028      0.00      0.00  grafana
02:05:46 PM  1000   1809029      0.00      0.00  run-otelcol.sh
02:05:46 PM  1000   1809032      0.00      0.00  run-prometheus.
02:05:46 PM  1000   1809036     27.00      0.00  otelcol-contrib
02:05:46 PM  1000   1809039      0.00      0.00  run-tempo.sh
02:05:46 PM  1000   1809042      2.00      0.00  prometheus
02:05:46 PM  1000   1809043      0.00      0.00  run-pyroscope.s
02:05:46 PM  1000   1809046      0.00      0.00  tempo
02:05:46 PM  1000   1809047      0.00      0.00  loki
02:05:46 PM  1000   1809077     39.00      0.00  pyroscope

02:05:46 PM   UID       PID    %usr %system  %guest   %wait    %CPU   CPU  Command
02:05:47 PM  1000   1809024    0.00    0.00    0.00    0.00    0.00    16  run-grafana.sh
02:05:47 PM  1000   1809026    0.00    0.00    0.00    0.00    0.00    16  run-loki.sh
02:05:47 PM  1000   1809028    0.00    0.00    0.00    0.00    0.00    16  grafana
02:05:47 PM  1000   1809029    0.00    0.00    0.00    0.00    0.00    20  run-otelcol.sh
02:05:47 PM  1000   1809032    0.00    0.00    0.00    0.00    0.00    16  run-prometheus.
02:05:47 PM  1000   1809036    2.00    0.00    0.00    0.00    2.00    18  otelcol-contrib
02:05:47 PM  1000   1809039    0.00    0.00    0.00    0.00    0.00    18  run-tempo.sh
02:05:47 PM  1000   1809042    0.00    0.00    0.00    0.00    0.00    20  prometheus
02:05:47 PM  1000   1809043    0.00    0.00    0.00    0.00    0.00    18  run-pyroscope.s
02:05:47 PM  1000   1809046    6.00    0.00    0.00    0.00    6.00    16  tempo
02:05:47 PM  1000   1809047    1.00    0.00    0.00    0.00    1.00    20  loki
02:05:47 PM  1000   1809077    0.00    0.00    0.00    0.00    0.00    18  pyroscope

02:05:46 PM   UID       PID   cswch/s nvcswch/s  Command
02:05:47 PM  1000   1809024      0.00      0.00  run-grafana.sh
02:05:47 PM  1000   1809026      0.00      0.00  run-loki.sh
02:05:47 PM  1000   1809028      0.00      0.00  grafana
02:05:47 PM  1000   1809029      0.00      0.00  run-otelcol.sh
02:05:47 PM  1000   1809032      0.00      0.00  run-prometheus.
02:05:47 PM  1000   1809036     42.00      0.00  otelcol-contrib
02:05:47 PM  1000   1809039      0.00      0.00  run-tempo.sh
02:05:47 PM  1000   1809042      5.00      0.00  prometheus
02:05:47 PM  1000   1809043      0.00      0.00  run-pyroscope.s
02:05:47 PM  1000   1809046      0.00      0.00  tempo
02:05:47 PM  1000   1809047      0.00      0.00  loki
02:05:47 PM  1000   1809077     35.00      0.00  pyroscope

02:05:47 PM   UID       PID    %usr %system  %guest   %wait    %CPU   CPU  Command
02:05:48 PM  1000   1809024    0.00    0.00    0.00    0.00    0.00    16  run-grafana.sh
02:05:48 PM  1000   1809026    0.00    0.00    0.00    0.00    0.00    16  run-loki.sh
02:05:48 PM  1000   1809028    0.00    0.00    0.00    0.00    0.00    16  grafana
02:05:48 PM  1000   1809029    0.00    0.00    0.00    0.00    0.00    20  run-otelcol.sh
02:05:48 PM  1000   1809032    0.00    0.00    0.00    0.00    0.00    16  run-prometheus.
02:05:48 PM  1000   1809036    1.00    0.00    0.00    0.00    1.00    16  otelcol-contrib
02:05:48 PM  1000   1809039    0.00    0.00    0.00    0.00    0.00    18  run-tempo.sh
02:05:48 PM  1000   1809042    1.00    0.00    0.00    0.00    1.00    20  prometheus
02:05:48 PM  1000   1809043    0.00    0.00    0.00    0.00    0.00    18  run-pyroscope.s
02:05:48 PM  1000   1809046    6.00    0.00    0.00    0.00    6.00    16  tempo
02:05:48 PM  1000   1809047    0.00    0.00    0.00    0.00    0.00    20  loki
02:05:48 PM  1000   1809077    0.00    0.00    0.00    0.00    0.00    18  pyroscope

02:05:47 PM   UID       PID   cswch/s nvcswch/s  Command
02:05:48 PM  1000   1809024      0.00      0.00  run-grafana.sh
02:05:48 PM  1000   1809026      0.00      0.00  run-loki.sh
02:05:48 PM  1000   1809028      0.00      0.00  grafana
02:05:48 PM  1000   1809029      0.00      0.00  run-otelcol.sh
02:05:48 PM  1000   1809032      0.00      0.00  run-prometheus.
02:05:48 PM  1000   1809036     42.00      0.00  otelcol-contrib
02:05:48 PM  1000   1809039      0.00      0.00  run-tempo.sh
02:05:48 PM  1000   1809042      1.00      0.00  prometheus
02:05:48 PM  1000   1809043      0.00      0.00  run-pyroscope.s
02:05:48 PM  1000   1809046      0.00      0.00  tempo
02:05:48 PM  1000   1809047      0.00      0.00  loki
02:05:48 PM  1000   1809077     43.00      0.00  pyroscope

02:05:48 PM   UID       PID    %usr %system  %guest   %wait    %CPU   CPU  Command
02:05:49 PM  1000   1809024    0.00    0.00    0.00    0.00    0.00    16  run-grafana.sh
02:05:49 PM  1000   1809026    0.00    0.00    0.00    0.00    0.00    16  run-loki.sh
02:05:49 PM  1000   1809028    0.00    0.00    0.00    0.00    0.00    16  grafana
02:05:49 PM  1000   1809029    0.00    0.00    0.00    0.00    0.00    20  run-otelcol.sh
02:05:49 PM  1000   1809032    0.00    0.00    0.00    0.00    0.00    16  run-prometheus.
02:05:49 PM  1000   1809036    3.00    0.00    0.00    0.00    3.00    18  otelcol-contrib
02:05:49 PM  1000   1809039    0.00    0.00    0.00    0.00    0.00    18  run-tempo.sh
02:05:49 PM  1000   1809042    0.00    0.00    0.00    0.00    0.00    16  prometheus
02:05:49 PM  1000   1809043    0.00    0.00    0.00    0.00    0.00    18  run-pyroscope.s
02:05:49 PM  1000   1809046    8.00    1.00    0.00    0.00    9.00    16  tempo
02:05:49 PM  1000   1809047    0.00    0.00    0.00    0.00    0.00    20  loki
02:05:49 PM  1000   1809077    0.00    0.00    0.00    0.00    0.00    16  pyroscope

02:05:48 PM   UID       PID   cswch/s nvcswch/s  Command
02:05:49 PM  1000   1809024      0.00      0.00  run-grafana.sh
02:05:49 PM  1000   1809026      0.00      0.00  run-loki.sh
02:05:49 PM  1000   1809028      0.00      0.00  grafana
02:05:49 PM  1000   1809029      0.00      0.00  run-otelcol.sh
02:05:49 PM  1000   1809032      0.00      0.00  run-prometheus.
02:05:49 PM  1000   1809036     40.00      0.00  otelcol-contrib
02:05:49 PM  1000   1809039      0.00      0.00  run-tempo.sh
02:05:49 PM  1000   1809042      2.00      0.00  prometheus
02:05:49 PM  1000   1809043      0.00      0.00  run-pyroscope.s
02:05:49 PM  1000   1809046      0.00      0.00  tempo
02:05:49 PM  1000   1809047      0.00      0.00  loki
02:05:49 PM  1000   1809077     28.00      0.00  pyroscope

02:05:49 PM   UID       PID    %usr %system  %guest   %wait    %CPU   CPU  Command
02:05:50 PM  1000   1809024    0.00    0.00    0.00    0.00    0.00    16  run-grafana.sh
02:05:50 PM  1000   1809026    0.00    0.00    0.00    0.00    0.00    16  run-loki.sh
02:05:50 PM  1000   1809028    1.00    0.00    0.00    0.00    1.00    16  grafana
02:05:50 PM  1000   1809029    0.00    0.00    0.00    0.00    0.00    20  run-otelcol.sh
02:05:50 PM  1000   1809032    0.00    0.00    0.00    0.00    0.00    16  run-prometheus.
02:05:50 PM  1000   1809036    1.00    0.00    0.00    0.00    1.00    16  otelcol-contrib
02:05:50 PM  1000   1809039    0.00    0.00    0.00    0.00    0.00    18  run-tempo.sh
02:05:50 PM  1000   1809042    0.00    0.00    0.00    0.00    0.00    18  prometheus
02:05:50 PM  1000   1809043    0.00    0.00    0.00    0.00    0.00    18  run-pyroscope.s
02:05:50 PM  1000   1809046    7.00    1.00    0.00    0.00    8.00    16  tempo
02:05:50 PM  1000   1809047    0.00    0.00    0.00    0.00    0.00    20  loki
02:05:50 PM  1000   1809077    0.00    0.00    0.00    0.00    0.00    20  pyroscope

02:05:49 PM   UID       PID   cswch/s nvcswch/s  Command
02:05:50 PM  1000   1809024      0.00      0.00  run-grafana.sh
02:05:50 PM  1000   1809026      0.00      0.00  run-loki.sh
02:05:50 PM  1000   1809028      0.00      0.00  grafana
02:05:50 PM  1000   1809029      0.00      0.00  run-otelcol.sh
02:05:50 PM  1000   1809032      0.00      0.00  run-prometheus.
02:05:50 PM  1000   1809036     38.00      0.00  otelcol-contrib
02:05:50 PM  1000   1809039      0.00      0.00  run-tempo.sh
02:05:50 PM  1000   1809042      5.00      0.00  prometheus
02:05:50 PM  1000   1809043      0.00      0.00  run-pyroscope.s
02:05:50 PM  1000   1809046      0.00      0.00  tempo
02:05:50 PM  1000   1809047      0.00      0.00  loki
02:05:50 PM  1000   1809077     35.00      0.00  pyroscope

02:05:50 PM   UID       PID    %usr %system  %guest   %wait    %CPU   CPU  Command
02:05:51 PM  1000   1809024    0.00    0.00    0.00    0.00    0.00    16  run-grafana.sh
02:05:51 PM  1000   1809026    0.00    0.00    0.00    0.00    0.00    16  run-loki.sh
02:05:51 PM  1000   1809028    0.00    0.00    0.00    0.00    0.00    16  grafana
02:05:51 PM  1000   1809029    0.00    0.00    0.00    0.00    0.00    20  run-otelcol.sh
02:05:51 PM  1000   1809032    0.00    0.00    0.00    0.00    0.00    16  run-prometheus.
02:05:51 PM  1000   1809036    2.00    1.00    0.00    0.00    3.00    18  otelcol-contrib
02:05:51 PM  1000   1809039    0.00    0.00    0.00    0.00    0.00    18  run-tempo.sh
02:05:51 PM  1000   1809042    0.00    0.00    0.00    0.00    0.00    20  prometheus
02:05:51 PM  1000   1809043    0.00    0.00    0.00    0.00    0.00    18  run-pyroscope.s
02:05:51 PM  1000   1809046   33.00    3.00    0.00    0.00   36.00    16  tempo
02:05:51 PM  1000   1809047    0.00    0.00    0.00    0.00    0.00    20  loki
02:05:51 PM  1000   1809077    1.00    0.00    0.00    0.00    1.00    16  pyroscope

02:05:50 PM   UID       PID   cswch/s nvcswch/s  Command
02:05:51 PM  1000   1809024      0.00      0.00  run-grafana.sh
02:05:51 PM  1000   1809026      0.00      0.00  run-loki.sh
02:05:51 PM  1000   1809028      0.00      0.00  grafana
02:05:51 PM  1000   1809029      0.00      0.00  run-otelcol.sh
02:05:51 PM  1000   1809032      0.00      0.00  run-prometheus.
02:05:51 PM  1000   1809036     37.00      0.00  otelcol-contrib
02:05:51 PM  1000   1809039      0.00      0.00  run-tempo.sh
02:05:51 PM  1000   1809042      2.00      0.00  prometheus
02:05:51 PM  1000   1809043      0.00      0.00  run-pyroscope.s
02:05:51 PM  1000   1809046      0.00      0.00  tempo
02:05:51 PM  1000   1809047      0.00      0.00  loki
02:05:51 PM  1000   1809077     42.00      0.00  pyroscope

02:05:51 PM   UID       PID    %usr %system  %guest   %wait    %CPU   CPU  Command
02:05:52 PM  1000   1809024    0.00    0.00    0.00    0.00    0.00    16  run-grafana.sh
02:05:52 PM  1000   1809026    0.00    0.00    0.00    0.00    0.00    16  run-loki.sh
02:05:52 PM  1000   1809028    0.00    0.00    0.00    0.00    0.00    16  grafana
02:05:52 PM  1000   1809029    0.00    0.00    0.00    0.00    0.00    20  run-otelcol.sh
02:05:52 PM  1000   1809032    0.00    0.00    0.00    0.00    0.00    16  run-prometheus.
02:05:52 PM  1000   1809036    1.00    0.00    0.00    0.00    1.00    18  otelcol-contrib
02:05:52 PM  1000   1809039    0.00    0.00    0.00    0.00    0.00    18  run-tempo.sh
02:05:52 PM  1000   1809042    0.00    0.00    0.00    0.00    0.00    16  prometheus
02:05:52 PM  1000   1809043    0.00    0.00    0.00    0.00    0.00    18  run-pyroscope.s
02:05:52 PM  1000   1809046   22.00    3.00    0.00    0.00   25.00    16  tempo
02:05:52 PM  1000   1809047    0.00    1.00    0.00    0.00    1.00    20  loki
02:05:52 PM  1000   1809077    0.00    0.00    0.00    0.00    0.00    16  pyroscope

02:05:51 PM   UID       PID   cswch/s nvcswch/s  Command
02:05:52 PM  1000   1809024      0.00      0.00  run-grafana.sh
02:05:52 PM  1000   1809026      0.00      0.00  run-loki.sh
02:05:52 PM  1000   1809028      0.00      0.00  grafana
02:05:52 PM  1000   1809029      0.00      0.00  run-otelcol.sh
02:05:52 PM  1000   1809032      0.00      0.00  run-prometheus.
02:05:52 PM  1000   1809036     30.00      0.00  otelcol-contrib
02:05:52 PM  1000   1809039      0.00      0.00  run-tempo.sh
02:05:52 PM  1000   1809042      5.00      0.00  prometheus
02:05:52 PM  1000   1809043      0.00      0.00  run-pyroscope.s
02:05:52 PM  1000   1809046      0.00      0.00  tempo
02:05:52 PM  1000   1809047      0.00      0.00  loki
02:05:52 PM  1000   1809077     37.00      0.00  pyroscope

02:05:52 PM   UID       PID    %usr %system  %guest   %wait    %CPU   CPU  Command
02:05:53 PM  1000   1809024    0.00    0.00    0.00    0.00    0.00    16  run-grafana.sh
02:05:53 PM  1000   1809026    0.00    0.00    0.00    0.00    0.00    16  run-loki.sh
02:05:53 PM  1000   1809028    0.00    0.00    0.00    0.00    0.00    16  grafana
02:05:53 PM  1000   1809029    0.00    0.00    0.00    0.00    0.00    20  run-otelcol.sh
02:05:53 PM  1000   1809032    0.00    0.00    0.00    0.00    0.00    16  run-prometheus.
02:05:53 PM  1000   1809036    3.00    0.00    0.00    0.00    3.00    18  otelcol-contrib
02:05:53 PM  1000   1809039    0.00    0.00    0.00    0.00    0.00    18  run-tempo.sh
02:05:53 PM  1000   1809042    0.00    0.00    0.00    0.00    0.00    16  prometheus
02:05:53 PM  1000   1809043    0.00    0.00    0.00    0.00    0.00    18  run-pyroscope.s
02:05:53 PM  1000   1809046    7.00    0.00    0.00    0.00    7.00    16  tempo
02:05:53 PM  1000   1809047    1.00    0.00    0.00    0.00    1.00    20  loki
02:05:53 PM  1000   1809077    0.00    0.00    0.00    0.00    0.00    20  pyroscope

02:05:52 PM   UID       PID   cswch/s nvcswch/s  Command
02:05:53 PM  1000   1809024      0.00      0.00  run-grafana.sh
02:05:53 PM  1000   1809026      0.00      0.00  run-loki.sh
02:05:53 PM  1000   1809028      0.00      0.00  grafana
02:05:53 PM  1000   1809029      0.00      0.00  run-otelcol.sh
02:05:53 PM  1000   1809032      0.00      0.00  run-prometheus.
02:05:53 PM  1000   1809036     46.00      0.00  otelcol-contrib
02:05:53 PM  1000   1809039      0.00      0.00  run-tempo.sh
02:05:53 PM  1000   1809042      2.00      0.00  prometheus
02:05:53 PM  1000   1809043      0.00      0.00  run-pyroscope.s
02:05:53 PM  1000   1809046      0.00      0.00  tempo
02:05:53 PM  1000   1809047      0.00      0.00  loki
02:05:53 PM  1000   1809077     32.00      0.00  pyroscope

02:05:53 PM   UID       PID    %usr %system  %guest   %wait    %CPU   CPU  Command
02:05:54 PM  1000   1809024    0.00    0.00    0.00    0.00    0.00    16  run-grafana.sh
02:05:54 PM  1000   1809026    0.00    0.00    0.00    0.00    0.00    16  run-loki.sh
02:05:54 PM  1000   1809028    0.00    0.00    0.00    0.00    0.00    16  grafana
02:05:54 PM  1000   1809029    0.00    0.00    0.00    0.00    0.00    20  run-otelcol.sh
02:05:54 PM  1000   1809032    0.00    0.00    0.00    0.00    0.00    16  run-prometheus.
02:05:54 PM  1000   1809036    3.00    0.00    0.00    0.00    3.00    18  otelcol-contrib
02:05:54 PM  1000   1809039    0.00    0.00    0.00    0.00    0.00    18  run-tempo.sh
02:05:54 PM  1000   1809042    0.00    0.00    0.00    0.00    0.00    16  prometheus
02:05:54 PM  1000   1809043    0.00    0.00    0.00    0.00    0.00    18  run-pyroscope.s
02:05:54 PM  1000   1809046    6.00    0.00    0.00    0.00    6.00    16  tempo
02:05:54 PM  1000   1809047    0.00    0.00    0.00    0.00    0.00    20  loki
02:05:54 PM  1000   1809077    0.00    0.00    0.00    0.00    0.00    18  pyroscope

02:05:53 PM   UID       PID   cswch/s nvcswch/s  Command
02:05:54 PM  1000   1809024      0.00      0.00  run-grafana.sh
02:05:54 PM  1000   1809026      0.00      0.00  run-loki.sh
02:05:54 PM  1000   1809028      0.00      0.00  grafana
02:05:54 PM  1000   1809029      0.00      0.00  run-otelcol.sh
02:05:54 PM  1000   1809032      0.00      0.00  run-prometheus.
02:05:54 PM  1000   1809036     30.00      0.00  otelcol-contrib
02:05:54 PM  1000   1809039      0.00      0.00  run-tempo.sh
02:05:54 PM  1000   1809042      4.00      0.00  prometheus
02:05:54 PM  1000   1809043      0.00      0.00  run-pyroscope.s
02:05:54 PM  1000   1809046      0.00      0.00  tempo
02:05:54 PM  1000   1809047      0.00      0.00  loki
02:05:54 PM  1000   1809077      1.00      0.00  pyroscope

02:05:54 PM   UID       PID    %usr %system  %guest   %wait    %CPU   CPU  Command
02:05:55 PM  1000   1809024    0.00    0.00    0.00    0.00    0.00    16  run-grafana.sh
02:05:55 PM  1000   1809026    0.00    0.00    0.00    0.00    0.00    16  run-loki.sh
02:05:55 PM  1000   1809028    0.00    0.00    0.00    0.00    0.00    16  grafana
02:05:55 PM  1000   1809029    0.00    0.00    0.00    0.00    0.00    20  run-otelcol.sh
02:05:55 PM  1000   1809032    0.00    0.00    0.00    0.00    0.00    16  run-prometheus.
02:05:55 PM  1000   1809036    2.00    0.00    0.00    0.00    2.00    16  otelcol-contrib
02:05:55 PM  1000   1809039    0.00    0.00    0.00    0.00    0.00    18  run-tempo.sh
02:05:55 PM  1000   1809042    0.00    0.00    0.00    0.00    0.00    16  prometheus
02:05:55 PM  1000   1809043    0.00    0.00    0.00    0.00    0.00    18  run-pyroscope.s
02:05:55 PM  1000   1809046   42.00    1.00    0.00    0.00   43.00    16  tempo
02:05:55 PM  1000   1809047    0.00    0.00    0.00    0.00    0.00    20  loki
02:05:55 PM  1000   1809077    0.00    0.00    0.00    0.00    0.00    18  pyroscope

02:05:54 PM   UID       PID   cswch/s nvcswch/s  Command
02:05:55 PM  1000   1809024      0.00      0.00  run-grafana.sh
02:05:55 PM  1000   1809026      0.00      0.00  run-loki.sh
02:05:55 PM  1000   1809028      0.00      0.00  grafana
02:05:55 PM  1000   1809029      0.00      0.00  run-otelcol.sh
02:05:55 PM  1000   1809032      0.00      0.00  run-prometheus.
02:05:55 PM  1000   1809036     45.00      0.00  otelcol-contrib
02:05:55 PM  1000   1809039      0.00      0.00  run-tempo.sh
02:05:55 PM  1000   1809042      3.00      0.00  prometheus
02:05:55 PM  1000   1809043      0.00      0.00  run-pyroscope.s
02:05:55 PM  1000   1809046      0.00      0.00  tempo
02:05:55 PM  1000   1809047      0.00      0.00  loki
02:05:55 PM  1000   1809077     10.00      0.00  pyroscope

02:05:55 PM   UID       PID    %usr %system  %guest   %wait    %CPU   CPU  Command
02:05:56 PM  1000   1809024    0.00    0.00    0.00    0.00    0.00    16  run-grafana.sh
02:05:56 PM  1000   1809026    0.00    0.00    0.00    0.00    0.00    16  run-loki.sh
02:05:56 PM  1000   1809028    0.00    0.00    0.00    0.00    0.00    16  grafana
02:05:56 PM  1000   1809029    0.00    0.00    0.00    0.00    0.00    20  run-otelcol.sh
02:05:56 PM  1000   1809032    0.00    0.00    0.00    0.00    0.00    16  run-prometheus.
02:05:56 PM  1000   1809036    2.00    0.00    0.00    0.00    2.00    16  otelcol-contrib
02:05:56 PM  1000   1809039    0.00    0.00    0.00    0.00    0.00    18  run-tempo.sh
02:05:56 PM  1000   1809042    0.00    0.00    0.00    0.00    0.00    18  prometheus
02:05:56 PM  1000   1809043    0.00    0.00    0.00    0.00    0.00    18  run-pyroscope.s
02:05:56 PM  1000   1809046   25.00    2.00    0.00    0.00   27.00    16  tempo
02:05:56 PM  1000   1809047    1.00    0.00    0.00    0.00    1.00    20  loki
02:05:56 PM  1000   1809077    0.00    0.00    0.00    0.00    0.00    16  pyroscope

02:05:55 PM   UID       PID   cswch/s nvcswch/s  Command
02:05:56 PM  1000   1809024      0.00      0.00  run-grafana.sh
02:05:56 PM  1000   1809026      0.00      0.00  run-loki.sh
02:05:56 PM  1000   1809028      0.00      0.00  grafana
02:05:56 PM  1000   1809029      0.00      0.00  run-otelcol.sh
02:05:56 PM  1000   1809032      0.00      0.00  run-prometheus.
02:05:56 PM  1000   1809036     47.00      0.00  otelcol-contrib
02:05:56 PM  1000   1809039      0.00      0.00  run-tempo.sh
02:05:56 PM  1000   1809042      4.00      0.00  prometheus
02:05:56 PM  1000   1809043      0.00      0.00  run-pyroscope.s
02:05:56 PM  1000   1809046      0.00      0.00  tempo
02:05:56 PM  1000   1809047      0.00      0.00  loki
02:05:56 PM  1000   1809077     41.00      0.00  pyroscope

02:05:56 PM   UID       PID    %usr %system  %guest   %wait    %CPU   CPU  Command
02:05:57 PM  1000   1809024    0.00    0.00    0.00    0.00    0.00    16  run-grafana.sh
02:05:57 PM  1000   1809026    0.00    0.00    0.00    0.00    0.00    16  run-loki.sh
02:05:57 PM  1000   1809028    0.00    0.00    0.00    0.00    0.00    16  grafana
02:05:57 PM  1000   1809029    0.00    0.00    0.00    0.00    0.00    20  run-otelcol.sh
02:05:57 PM  1000   1809032    0.00    0.00    0.00    0.00    0.00    16  run-prometheus.
02:05:57 PM  1000   1809036    1.00    1.00    0.00    0.00    2.00    18  otelcol-contrib
02:05:57 PM  1000   1809039    0.00    0.00    0.00    0.00    0.00    18  run-tempo.sh
02:05:57 PM  1000   1809042    1.00    0.00    0.00    0.00    1.00    18  prometheus
02:05:57 PM  1000   1809043    0.00    0.00    0.00    0.00    0.00    18  run-pyroscope.s
02:05:57 PM  1000   1809046   28.00    3.00    0.00    0.00   31.00    16  tempo
02:05:57 PM  1000   1809047    0.00    0.00    0.00    0.00    0.00    20  loki
02:05:57 PM  1000   1809077    1.00    0.00    0.00    1.00    1.00    20  pyroscope

02:05:56 PM   UID       PID   cswch/s nvcswch/s  Command
02:05:57 PM  1000   1809024      0.00      0.00  run-grafana.sh
02:05:57 PM  1000   1809026      0.00      0.00  run-loki.sh
02:05:57 PM  1000   1809028      0.00      0.00  grafana
02:05:57 PM  1000   1809029      0.00      0.00  run-otelcol.sh
02:05:57 PM  1000   1809032      0.00      0.00  run-prometheus.
02:05:57 PM  1000   1809036     38.00      0.00  otelcol-contrib
02:05:57 PM  1000   1809039      0.00      0.00  run-tempo.sh
02:05:57 PM  1000   1809042      7.00      0.00  prometheus
02:05:57 PM  1000   1809043      0.00      0.00  run-pyroscope.s
02:05:57 PM  1000   1809046      0.00      0.00  tempo
02:05:57 PM  1000   1809047      0.00      0.00  loki
02:05:57 PM  1000   1809077     34.00      0.00  pyroscope

02:05:57 PM   UID       PID    %usr %system  %guest   %wait    %CPU   CPU  Command
02:05:58 PM  1000   1809024    0.00    0.00    0.00    0.00    0.00    16  run-grafana.sh
02:05:58 PM  1000   1809026    0.00    0.00    0.00    0.00    0.00    16  run-loki.sh
02:05:58 PM  1000   1809028    0.00    0.00    0.00    0.00    0.00    16  grafana
02:05:58 PM  1000   1809029    0.00    0.00    0.00    0.00    0.00    20  run-otelcol.sh
02:05:58 PM  1000   1809032    0.00    0.00    0.00    0.00    0.00    16  run-prometheus.
02:05:58 PM  1000   1809036    2.00    0.00    0.00    0.00    2.00    18  otelcol-contrib
02:05:58 PM  1000   1809039    0.00    0.00    0.00    0.00    0.00    18  run-tempo.sh
02:05:58 PM  1000   1809042    0.00    0.00    0.00    0.00    0.00    18  prometheus
02:05:58 PM  1000   1809043    0.00    0.00    0.00    0.00    0.00    18  run-pyroscope.s
02:05:58 PM  1000   1809046   18.00    1.00    0.00    0.00   19.00    16  tempo
02:05:58 PM  1000   1809047    0.00    0.00    0.00    0.00    0.00    20  loki
02:05:58 PM  1000   1809077    4.00    1.00    0.00    0.00    5.00    20  pyroscope

02:05:57 PM   UID       PID   cswch/s nvcswch/s  Command
02:05:58 PM  1000   1809024      0.00      0.00  run-grafana.sh
02:05:58 PM  1000   1809026      0.00      0.00  run-loki.sh
02:05:58 PM  1000   1809028      0.00      0.00  grafana
02:05:58 PM  1000   1809029      0.00      0.00  run-otelcol.sh
02:05:58 PM  1000   1809032      0.00      0.00  run-prometheus.
02:05:58 PM  1000   1809036     51.00      0.00  otelcol-contrib
02:05:58 PM  1000   1809039      0.00      0.00  run-tempo.sh
02:05:58 PM  1000   1809042      1.00      0.00  prometheus
02:05:58 PM  1000   1809043      0.00      0.00  run-pyroscope.s
02:05:58 PM  1000   1809046      0.00      0.00  tempo
02:05:58 PM  1000   1809047      0.00      0.00  loki
02:05:58 PM  1000   1809077     63.00      2.00  pyroscope

02:05:58 PM   UID       PID    %usr %system  %guest   %wait    %CPU   CPU  Command
02:05:59 PM  1000   1809024    0.00    0.00    0.00    0.00    0.00    16  run-grafana.sh
02:05:59 PM  1000   1809026    0.00    0.00    0.00    0.00    0.00    16  run-loki.sh
02:05:59 PM  1000   1809028    0.00    0.00    0.00    0.00    0.00    16  grafana
02:05:59 PM  1000   1809029    0.00    0.00    0.00    0.00    0.00    20  run-otelcol.sh
02:05:59 PM  1000   1809032    0.00    0.00    0.00    0.00    0.00    16  run-prometheus.
02:05:59 PM  1000   1809036    2.00    0.00    0.00    0.00    2.00    20  otelcol-contrib
02:05:59 PM  1000   1809039    0.00    0.00    0.00    0.00    0.00    18  run-tempo.sh
02:05:59 PM  1000   1809042    0.00    0.00    0.00    0.00    0.00    20  prometheus
02:05:59 PM  1000   1809043    0.00    0.00    0.00    0.00    0.00    18  run-pyroscope.s
02:05:59 PM  1000   1809046   20.00    1.00    0.00    0.00   21.00    16  tempo
02:05:59 PM  1000   1809047    0.00    0.00    0.00    0.00    0.00    20  loki
02:05:59 PM  1000   1809077    0.00    0.00    0.00    0.00    0.00    20  pyroscope

02:05:58 PM   UID       PID   cswch/s nvcswch/s  Command
02:05:59 PM  1000   1809024      0.00      0.00  run-grafana.sh
02:05:59 PM  1000   1809026      0.00      0.00  run-loki.sh
02:05:59 PM  1000   1809028      0.00      0.00  grafana
02:05:59 PM  1000   1809029      0.00      0.00  run-otelcol.sh
02:05:59 PM  1000   1809032      0.00      0.00  run-prometheus.
02:05:59 PM  1000   1809036     35.00      0.00  otelcol-contrib
02:05:59 PM  1000   1809039      0.00      0.00  run-tempo.sh
02:05:59 PM  1000   1809042      3.00      0.00  prometheus
02:05:59 PM  1000   1809043      0.00      0.00  run-pyroscope.s
02:05:59 PM  1000   1809046      0.00      0.00  tempo
02:05:59 PM  1000   1809047      0.00      0.00  loki
02:05:59 PM  1000   1809077      0.00      0.00  pyroscope

02:05:59 PM   UID       PID    %usr %system  %guest   %wait    %CPU   CPU  Command
02:06:00 PM  1000   1809024    0.00    0.00    0.00    0.00    0.00    16  run-grafana.sh
02:06:00 PM  1000   1809026    0.00    0.00    0.00    0.00    0.00    16  run-loki.sh
02:06:00 PM  1000   1809028    2.00    1.00    0.00    0.00    3.00    16  grafana
02:06:00 PM  1000   1809029    0.00    0.00    0.00    0.00    0.00    20  run-otelcol.sh
02:06:00 PM  1000   1809032    0.00    0.00    0.00    0.00    0.00    16  run-prometheus.
02:06:00 PM  1000   1809036    2.00    0.00    0.00    0.00    2.00    20  otelcol-contrib
02:06:00 PM  1000   1809039    0.00    0.00    0.00    0.00    0.00    18  run-tempo.sh
02:06:00 PM  1000   1809042    1.00    0.00    0.00    1.00    1.00    20  prometheus
02:06:00 PM  1000   1809043    0.00    0.00    0.00    0.00    0.00    18  run-pyroscope.s
02:06:00 PM  1000   1809046    7.00    0.00    0.00    0.00    7.00    16  tempo
02:06:00 PM  1000   1809047    0.00    0.00    0.00    0.00    0.00    20  loki
02:06:00 PM  1000   1809077    0.00    0.00    0.00    0.00    0.00    20  pyroscope

02:05:59 PM   UID       PID   cswch/s nvcswch/s  Command
02:06:00 PM  1000   1809024      0.00      0.00  run-grafana.sh
02:06:00 PM  1000   1809026      0.00      0.00  run-loki.sh
02:06:00 PM  1000   1809028      0.00      0.00  grafana
02:06:00 PM  1000   1809029      0.00      0.00  run-otelcol.sh
02:06:00 PM  1000   1809032      0.00      0.00  run-prometheus.
02:06:00 PM  1000   1809036     49.00      0.00  otelcol-contrib
02:06:00 PM  1000   1809039      0.00      0.00  run-tempo.sh
02:06:00 PM  1000   1809042      6.00      0.00  prometheus
02:06:00 PM  1000   1809043      0.00      0.00  run-pyroscope.s
02:06:00 PM  1000   1809046      0.00      0.00  tempo
02:06:00 PM  1000   1809047      0.00      0.00  loki
02:06:00 PM  1000   1809077      0.00      0.00  pyroscope

02:06:00 PM   UID       PID    %usr %system  %guest   %wait    %CPU   CPU  Command
02:06:01 PM  1000   1809024    0.00    0.00    0.00    0.00    0.00    16  run-grafana.sh
02:06:01 PM  1000   1809026    0.00    0.00    0.00    0.00    0.00    16  run-loki.sh
02:06:01 PM  1000   1809028    1.00    0.00    0.00    0.00    1.00    16  grafana
02:06:01 PM  1000   1809029    0.00    0.00    0.00    0.00    0.00    20  run-otelcol.sh
02:06:01 PM  1000   1809032    0.00    0.00    0.00    0.00    0.00    16  run-prometheus.
02:06:01 PM  1000   1809036    2.00    0.00    0.00    0.00    2.00    16  otelcol-contrib
02:06:01 PM  1000   1809039    0.00    0.00    0.00    0.00    0.00    18  run-tempo.sh
02:06:01 PM  1000   1809042    0.00    0.00    0.00    0.00    0.00    20  prometheus
02:06:01 PM  1000   1809043    0.00    0.00    0.00    0.00    0.00    18  run-pyroscope.s
02:06:01 PM  1000   1809046    6.00    1.00    0.00    0.00    7.00    16  tempo
02:06:01 PM  1000   1809047    1.00    0.00    0.00    0.00    1.00    20  loki
02:06:01 PM  1000   1809077    0.00    0.00    0.00    0.00    0.00    20  pyroscope

02:06:00 PM   UID       PID   cswch/s nvcswch/s  Command
02:06:01 PM  1000   1809024      0.00      0.00  run-grafana.sh
02:06:01 PM  1000   1809026      0.00      0.00  run-loki.sh
02:06:01 PM  1000   1809028      0.00      0.00  grafana
02:06:01 PM  1000   1809029      0.00      0.00  run-otelcol.sh
02:06:01 PM  1000   1809032      0.00      0.00  run-prometheus.
02:06:01 PM  1000   1809036     48.00      0.00  otelcol-contrib
02:06:01 PM  1000   1809039      0.00      0.00  run-tempo.sh
02:06:01 PM  1000   1809042      1.00      0.00  prometheus
02:06:01 PM  1000   1809043      0.00      0.00  run-pyroscope.s
02:06:01 PM  1000   1809046      0.00      0.00  tempo
02:06:01 PM  1000   1809047      0.00      0.00  loki
02:06:01 PM  1000   1809077      0.00      0.00  pyroscope

02:06:01 PM   UID       PID    %usr %system  %guest   %wait    %CPU   CPU  Command
02:06:02 PM  1000   1809024    0.00    0.00    0.00    0.00    0.00    16  run-grafana.sh
02:06:02 PM  1000   1809026    0.00    0.00    0.00    0.00    0.00    16  run-loki.sh
02:06:02 PM  1000   1809028    0.00    0.00    0.00    0.00    0.00    16  grafana
02:06:02 PM  1000   1809029    0.00    0.00    0.00    0.00    0.00    20  run-otelcol.sh
02:06:02 PM  1000   1809032    0.00    0.00    0.00    0.00    0.00    16  run-prometheus.
02:06:02 PM  1000   1809036    1.00    0.00    0.00    0.00    1.00    16  otelcol-contrib
02:06:02 PM  1000   1809039    0.00    0.00    0.00    0.00    0.00    18  run-tempo.sh
02:06:02 PM  1000   1809042    0.00    0.00    0.00    0.00    0.00    20  prometheus
02:06:02 PM  1000   1809043    0.00    0.00    0.00    0.00    0.00    18  run-pyroscope.s
02:06:02 PM  1000   1809046   33.00    2.00    0.00    0.00   35.00    16  tempo
02:06:02 PM  1000   1809047    0.00    0.00    0.00    0.00    0.00    20  loki
02:06:02 PM  1000   1809077    0.00    0.00    0.00    0.00    0.00    20  pyroscope

02:06:01 PM   UID       PID   cswch/s nvcswch/s  Command
02:06:02 PM  1000   1809024      0.00      0.00  run-grafana.sh
02:06:02 PM  1000   1809026      0.00      0.00  run-loki.sh
02:06:02 PM  1000   1809028      0.00      0.00  grafana
02:06:02 PM  1000   1809029      0.00      0.00  run-otelcol.sh
02:06:02 PM  1000   1809032      0.00      0.00  run-prometheus.
02:06:02 PM  1000   1809036     32.00      0.00  otelcol-contrib
02:06:02 PM  1000   1809039      0.00      0.00  run-tempo.sh
02:06:02 PM  1000   1809042      5.00      0.00  prometheus
02:06:02 PM  1000   1809043      0.00      0.00  run-pyroscope.s
02:06:02 PM  1000   1809046      0.00      0.00  tempo
02:06:02 PM  1000   1809047      0.00      0.00  loki
02:06:02 PM  1000   1809077      0.00      0.00  pyroscope

02:06:02 PM   UID       PID    %usr %system  %guest   %wait    %CPU   CPU  Command
02:06:03 PM  1000   1809024    0.00    0.00    0.00    0.00    0.00    16  run-grafana.sh
02:06:03 PM  1000   1809026    0.00    0.00    0.00    0.00    0.00    16  run-loki.sh
02:06:03 PM  1000   1809028    0.00    0.00    0.00    0.00    0.00    16  grafana
02:06:03 PM  1000   1809029    0.00    0.00    0.00    0.00    0.00    20  run-otelcol.sh
02:06:03 PM  1000   1809032    0.00    0.00    0.00    0.00    0.00    16  run-prometheus.
02:06:03 PM  1000   1809036    5.00    1.00    0.00    0.00    6.00    16  otelcol-contrib
02:06:03 PM  1000   1809039    0.00    0.00    0.00    0.00    0.00    18  run-tempo.sh
02:06:03 PM  1000   1809042    0.00    0.00    0.00    0.00    0.00    16  prometheus
02:06:03 PM  1000   1809043    0.00    0.00    0.00    0.00    0.00    18  run-pyroscope.s
02:06:03 PM  1000   1809046    8.00    0.00    0.00    0.00    8.00    16  tempo
02:06:03 PM  1000   1809047    0.00    0.00    0.00    0.00    0.00    20  loki
02:06:03 PM  1000   1809077    1.00    0.00    0.00    0.00    1.00    18  pyroscope

02:06:02 PM   UID       PID   cswch/s nvcswch/s  Command
02:06:03 PM  1000   1809024      0.00      0.00  run-grafana.sh
02:06:03 PM  1000   1809026      0.00      0.00  run-loki.sh
02:06:03 PM  1000   1809028      0.00      0.00  grafana
02:06:03 PM  1000   1809029      0.00      0.00  run-otelcol.sh
02:06:03 PM  1000   1809032      0.00      0.00  run-prometheus.
02:06:03 PM  1000   1809036     61.00      2.00  otelcol-contrib
02:06:03 PM  1000   1809039      0.00      0.00  run-tempo.sh
02:06:03 PM  1000   1809042      3.00      0.00  prometheus
02:06:03 PM  1000   1809043      0.00      0.00  run-pyroscope.s
02:06:03 PM  1000   1809046      0.00      0.00  tempo
02:06:03 PM  1000   1809047      0.00      0.00  loki
02:06:03 PM  1000   1809077      4.00      0.00  pyroscope

02:06:03 PM   UID       PID    %usr %system  %guest   %wait    %CPU   CPU  Command
02:06:04 PM  1000   1809024    0.00    0.00    0.00    0.00    0.00    16  run-grafana.sh
02:06:04 PM  1000   1809026    0.00    0.00    0.00    0.00    0.00    16  run-loki.sh
02:06:04 PM  1000   1809028    0.00    0.00    0.00    0.00    0.00    16  grafana
02:06:04 PM  1000   1809029    0.00    0.00    0.00    0.00    0.00    20  run-otelcol.sh
02:06:04 PM  1000   1809032    0.00    0.00    0.00    0.00    0.00    16  run-prometheus.
02:06:04 PM  1000   1809036    2.00    0.00    0.00    0.00    2.00    18  otelcol-contrib
02:06:04 PM  1000   1809039    0.00    0.00    0.00    0.00    0.00    18  run-tempo.sh
02:06:04 PM  1000   1809042    0.00    0.00    0.00    0.00    0.00    20  prometheus
02:06:04 PM  1000   1809043    0.00    0.00    0.00    0.00    0.00    18  run-pyroscope.s
02:06:04 PM  1000   1809046    9.00    0.00    0.00    0.00    9.00    16  tempo
02:06:04 PM  1000   1809047    1.00    1.00    0.00    0.00    2.00    20  loki
02:06:04 PM  1000   1809077    0.00    0.00    0.00    0.00    0.00    16  pyroscope

02:06:03 PM   UID       PID   cswch/s nvcswch/s  Command
02:06:04 PM  1000   1809024      0.00      0.00  run-grafana.sh
02:06:04 PM  1000   1809026      0.00      0.00  run-loki.sh
02:06:04 PM  1000   1809028      0.00      0.00  grafana
02:06:04 PM  1000   1809029      0.00      0.00  run-otelcol.sh
02:06:04 PM  1000   1809032      0.00      0.00  run-prometheus.
02:06:04 PM  1000   1809036     36.00      1.00  otelcol-contrib
02:06:04 PM  1000   1809039      0.00      0.00  run-tempo.sh
02:06:04 PM  1000   1809042      2.00      0.00  prometheus
02:06:04 PM  1000   1809043      0.00      0.00  run-pyroscope.s
02:06:04 PM  1000   1809046      0.00      0.00  tempo
02:06:04 PM  1000   1809047      0.00      0.00  loki
02:06:04 PM  1000   1809077     37.00      0.00  pyroscope

02:06:04 PM   UID       PID    %usr %system  %guest   %wait    %CPU   CPU  Command
02:06:05 PM  1000   1809024    0.00    0.00    0.00    0.00    0.00    16  run-grafana.sh
02:06:05 PM  1000   1809026    0.00    0.00    0.00    0.00    0.00    16  run-loki.sh
02:06:05 PM  1000   1809028    0.00    0.00    0.00    0.00    0.00    16  grafana
02:06:05 PM  1000   1809029    0.00    0.00    0.00    0.00    0.00    20  run-otelcol.sh
02:06:05 PM  1000   1809032    0.00    0.00    0.00    0.00    0.00    16  run-prometheus.
02:06:05 PM  1000   1809036    3.00    0.00    0.00    0.00    3.00    16  otelcol-contrib
02:06:05 PM  1000   1809039    0.00    0.00    0.00    0.00    0.00    18  run-tempo.sh
02:06:05 PM  1000   1809042    1.00    0.00    0.00    0.00    1.00    16  prometheus
02:06:05 PM  1000   1809043    0.00    0.00    0.00    0.00    0.00    18  run-pyroscope.s
02:06:05 PM  1000   1809046   47.00    2.00    0.00    0.00   49.00    16  tempo
02:06:05 PM  1000   1809047    0.00    0.00    0.00    0.00    0.00    20  loki
02:06:05 PM  1000   1809077    0.00    0.00    0.00    0.00    0.00    18  pyroscope

02:06:04 PM   UID       PID   cswch/s nvcswch/s  Command
02:06:05 PM  1000   1809024      0.00      0.00  run-grafana.sh
02:06:05 PM  1000   1809026      0.00      0.00  run-loki.sh
02:06:05 PM  1000   1809028      0.00      0.00  grafana
02:06:05 PM  1000   1809029      0.00      0.00  run-otelcol.sh
02:06:05 PM  1000   1809032      0.00      0.00  run-prometheus.
02:06:05 PM  1000   1809036     51.00      0.00  otelcol-contrib
02:06:05 PM  1000   1809039      0.00      0.00  run-tempo.sh
02:06:05 PM  1000   1809042      4.00      0.00  prometheus
02:06:05 PM  1000   1809043      0.00      0.00  run-pyroscope.s
02:06:05 PM  1000   1809046      0.00      0.00  tempo
02:06:05 PM  1000   1809047      0.00      0.00  loki
02:06:05 PM  1000   1809077     52.00      0.00  pyroscope

02:06:05 PM   UID       PID    %usr %system  %guest   %wait    %CPU   CPU  Command
02:06:06 PM  1000   1809024    0.00    0.00    0.00    0.00    0.00    16  run-grafana.sh
02:06:06 PM  1000   1809026    0.00    0.00    0.00    0.00    0.00    16  run-loki.sh
02:06:06 PM  1000   1809028    0.00    0.00    0.00    0.00    0.00    16  grafana
02:06:06 PM  1000   1809029    0.00    0.00    0.00    0.00    0.00    20  run-otelcol.sh
02:06:06 PM  1000   1809032    0.00    0.00    0.00    0.00    0.00    16  run-prometheus.
02:06:06 PM  1000   1809036    3.00    0.00    0.00    0.00    3.00    16  otelcol-contrib
02:06:06 PM  1000   1809039    0.00    0.00    0.00    0.00    0.00    18  run-tempo.sh
02:06:06 PM  1000   1809042    0.00    0.00    0.00    0.00    0.00    18  prometheus
02:06:06 PM  1000   1809043    0.00    0.00    0.00    0.00    0.00    18  run-pyroscope.s
02:06:06 PM  1000   1809046   10.00    1.00    0.00    0.00   11.00    16  tempo
02:06:06 PM  1000   1809047    0.00    0.00    0.00    0.00    0.00    20  loki
02:06:06 PM  1000   1809077    0.00    0.00    0.00    0.00    0.00    18  pyroscope

02:06:05 PM   UID       PID   cswch/s nvcswch/s  Command
02:06:06 PM  1000   1809024      0.00      0.00  run-grafana.sh
02:06:06 PM  1000   1809026      0.00      0.00  run-loki.sh
02:06:06 PM  1000   1809028      0.00      0.00  grafana
02:06:06 PM  1000   1809029      0.00      0.00  run-otelcol.sh
02:06:06 PM  1000   1809032      0.00      0.00  run-prometheus.
02:06:06 PM  1000   1809036     58.00      0.00  otelcol-contrib
02:06:06 PM  1000   1809039      0.00      0.00  run-tempo.sh
02:06:06 PM  1000   1809042      2.00      0.00  prometheus
02:06:06 PM  1000   1809043      0.00      0.00  run-pyroscope.s
02:06:06 PM  1000   1809046      0.00      0.00  tempo
02:06:06 PM  1000   1809047      0.00      0.00  loki
02:06:06 PM  1000   1809077     33.00      0.00  pyroscope

02:06:06 PM   UID       PID    %usr %system  %guest   %wait    %CPU   CPU  Command
02:06:07 PM  1000   1809024    0.00    0.00    0.00    0.00    0.00    16  run-grafana.sh
02:06:07 PM  1000   1809026    0.00    0.00    0.00    0.00    0.00    16  run-loki.sh
02:06:07 PM  1000   1809028    0.00    0.00    0.00    0.00    0.00    16  grafana
02:06:07 PM  1000   1809029    0.00    0.00    0.00    0.00    0.00    20  run-otelcol.sh
02:06:07 PM  1000   1809032    0.00    0.00    0.00    0.00    0.00    16  run-prometheus.
02:06:07 PM  1000   1809036    3.00    1.00    0.00    0.00    4.00    16  otelcol-contrib
02:06:07 PM  1000   1809039    0.00    0.00    0.00    0.00    0.00    18  run-tempo.sh
02:06:07 PM  1000   1809042    0.00    0.00    0.00    0.00    0.00    20  prometheus
02:06:07 PM  1000   1809043    0.00    0.00    0.00    0.00    0.00    18  run-pyroscope.s
02:06:07 PM  1000   1809046   20.00    1.00    0.00    0.00   21.00    16  tempo
02:06:07 PM  1000   1809047    0.00    0.00    0.00    0.00    0.00    20  loki
02:06:07 PM  1000   1809077    0.00    0.00    0.00    0.00    0.00    16  pyroscope

02:06:06 PM   UID       PID   cswch/s nvcswch/s  Command
02:06:07 PM  1000   1809024      0.00      0.00  run-grafana.sh
02:06:07 PM  1000   1809026      0.00      0.00  run-loki.sh
02:06:07 PM  1000   1809028      0.00      0.00  grafana
02:06:07 PM  1000   1809029      0.00      0.00  run-otelcol.sh
02:06:07 PM  1000   1809032      0.00      0.00  run-prometheus.
02:06:07 PM  1000   1809036     49.00      0.00  otelcol-contrib
02:06:07 PM  1000   1809039      0.00      0.00  run-tempo.sh
02:06:07 PM  1000   1809042      9.00      0.00  prometheus
02:06:07 PM  1000   1809043      0.00      0.00  run-pyroscope.s
02:06:07 PM  1000   1809046      0.00      0.00  tempo
02:06:07 PM  1000   1809047      0.00      0.00  loki
02:06:07 PM  1000   1809077     45.00      0.00  pyroscope

02:06:07 PM   UID       PID    %usr %system  %guest   %wait    %CPU   CPU  Command
02:06:08 PM  1000   1809024    0.00    0.00    0.00    0.00    0.00    16  run-grafana.sh
02:06:08 PM  1000   1809026    0.00    0.00    0.00    0.00    0.00    16  run-loki.sh
02:06:08 PM  1000   1809028    0.00    0.00    0.00    0.00    0.00    16  grafana
02:06:08 PM  1000   1809029    0.00    0.00    0.00    0.00    0.00    20  run-otelcol.sh
02:06:08 PM  1000   1809032    0.00    0.00    0.00    0.00    0.00    16  run-prometheus.
02:06:08 PM  1000   1809036    2.00    0.00    0.00    0.00    2.00    18  otelcol-contrib
02:06:08 PM  1000   1809039    0.00    0.00    0.00    0.00    0.00    18  run-tempo.sh
02:06:08 PM  1000   1809042    0.00    0.00    0.00    0.00    0.00    18  prometheus
02:06:08 PM  1000   1809043    0.00    0.00    0.00    0.00    0.00    18  run-pyroscope.s
02:06:08 PM  1000   1809046   11.00    0.00    0.00    0.00   11.00    16  tempo
02:06:08 PM  1000   1809047    0.00    0.00    0.00    0.00    0.00    20  loki
02:06:08 PM  1000   1809077    0.00    0.00    0.00    0.00    0.00    20  pyroscope

02:06:07 PM   UID       PID   cswch/s nvcswch/s  Command
02:06:08 PM  1000   1809024      0.00      0.00  run-grafana.sh
02:06:08 PM  1000   1809026      0.00      0.00  run-loki.sh
02:06:08 PM  1000   1809028      0.00      0.00  grafana
02:06:08 PM  1000   1809029      0.00      0.00  run-otelcol.sh
02:06:08 PM  1000   1809032      0.00      0.00  run-prometheus.
02:06:08 PM  1000   1809036     53.00      0.00  otelcol-contrib
02:06:08 PM  1000   1809039      0.00      0.00  run-tempo.sh
02:06:08 PM  1000   1809042      1.00      0.00  prometheus
02:06:08 PM  1000   1809043      0.00      0.00  run-pyroscope.s
02:06:08 PM  1000   1809046      0.00      0.00  tempo
02:06:08 PM  1000   1809047      0.00      0.00  loki
02:06:08 PM  1000   1809077     34.00      0.00  pyroscope

02:06:08 PM   UID       PID    %usr %system  %guest   %wait    %CPU   CPU  Command
02:06:09 PM  1000   1809024    0.00    0.00    0.00    0.00    0.00    16  run-grafana.sh
02:06:09 PM  1000   1809026    0.00    0.00    0.00    0.00    0.00    16  run-loki.sh
02:06:09 PM  1000   1809028    0.00    0.00    0.00    0.00    0.00    16  grafana
02:06:09 PM  1000   1809029    0.00    0.00    0.00    0.00    0.00    20  run-otelcol.sh
02:06:09 PM  1000   1809032    0.00    0.00    0.00    0.00    0.00    16  run-prometheus.
02:06:09 PM  1000   1809036    5.00    0.00    0.00    0.00    5.00    20  otelcol-contrib
02:06:09 PM  1000   1809039    0.00    0.00    0.00    0.00    0.00    18  run-tempo.sh
02:06:09 PM  1000   1809042    0.00    0.00    0.00    0.00    0.00    18  prometheus
02:06:09 PM  1000   1809043    0.00    0.00    0.00    0.00    0.00    18  run-pyroscope.s
02:06:09 PM  1000   1809046   72.00   17.00    0.00    0.00   89.00    16  tempo
02:06:09 PM  1000   1809047    1.00    0.00    0.00    0.00    1.00    20  loki
02:06:09 PM  1000   1809077    0.00    0.00    0.00    0.00    0.00    18  pyroscope

02:06:08 PM   UID       PID   cswch/s nvcswch/s  Command
02:06:09 PM  1000   1809024      0.00      0.00  run-grafana.sh
02:06:09 PM  1000   1809026      0.00      0.00  run-loki.sh
02:06:09 PM  1000   1809028      0.00      0.00  grafana
02:06:09 PM  1000   1809029      0.00      0.00  run-otelcol.sh
02:06:09 PM  1000   1809032      0.00      0.00  run-prometheus.
02:06:09 PM  1000   1809036     46.00      0.00  otelcol-contrib
02:06:09 PM  1000   1809039      0.00      0.00  run-tempo.sh
02:06:09 PM  1000   1809042      1.00      0.00  prometheus
02:06:09 PM  1000   1809043      0.00      0.00  run-pyroscope.s
02:06:09 PM  1000   1809046      0.00      0.00  tempo
02:06:09 PM  1000   1809047      0.00      0.00  loki
02:06:09 PM  1000   1809077     30.00      0.00  pyroscope

02:06:09 PM   UID       PID    %usr %system  %guest   %wait    %CPU   CPU  Command
02:06:10 PM  1000   1809024    0.00    0.00    0.00    0.00    0.00    16  run-grafana.sh
02:06:10 PM  1000   1809026    0.00    0.00    0.00    0.00    0.00    16  run-loki.sh
02:06:10 PM  1000   1809028    1.00    0.00    0.00    0.00    1.00    16  grafana
02:06:10 PM  1000   1809029    0.00    0.00    0.00    0.00    0.00    20  run-otelcol.sh
02:06:10 PM  1000   1809032    0.00    0.00    0.00    0.00    0.00    16  run-prometheus.
02:06:10 PM  1000   1809036    3.00    1.00    0.00    1.00    4.00    20  otelcol-contrib
02:06:10 PM  1000   1809039    0.00    0.00    0.00    0.00    0.00    18  run-tempo.sh
02:06:10 PM  1000   1809042    0.00    0.00    0.00    0.00    0.00    18  prometheus
02:06:10 PM  1000   1809043    0.00    0.00    0.00    0.00    0.00    18  run-pyroscope.s
02:06:10 PM  1000   1809046   11.00    0.00    0.00    0.00   11.00    16  tempo
02:06:10 PM  1000   1809047    0.00    0.00    0.00    0.00    0.00    20  loki
02:06:10 PM  1000   1809077    1.00    0.00    0.00    0.00    1.00    18  pyroscope

02:06:09 PM   UID       PID   cswch/s nvcswch/s  Command
02:06:10 PM  1000   1809024      0.00      0.00  run-grafana.sh
02:06:10 PM  1000   1809026      0.00      0.00  run-loki.sh
02:06:10 PM  1000   1809028      0.00      0.00  grafana
02:06:10 PM  1000   1809029      0.00      0.00  run-otelcol.sh
02:06:10 PM  1000   1809032      0.00      0.00  run-prometheus.
02:06:10 PM  1000   1809036     44.00      2.00  otelcol-contrib
02:06:10 PM  1000   1809039      0.00      0.00  run-tempo.sh
02:06:10 PM  1000   1809042      1.00      0.00  prometheus
02:06:10 PM  1000   1809043      0.00      0.00  run-pyroscope.s
02:06:10 PM  1000   1809046      0.00      0.00  tempo
02:06:10 PM  1000   1809047      0.00      0.00  loki
02:06:10 PM  1000   1809077     38.00      0.00  pyroscope

02:06:10 PM   UID       PID    %usr %system  %guest   %wait    %CPU   CPU  Command
02:06:11 PM  1000   1809024    0.00    0.00    0.00    0.00    0.00    16  run-grafana.sh
02:06:11 PM  1000   1809026    0.00    0.00    0.00    0.00    0.00    16  run-loki.sh
02:06:11 PM  1000   1809028    0.00    0.00    0.00    0.00    0.00    16  grafana
02:06:11 PM  1000   1809029    0.00    0.00    0.00    0.00    0.00    20  run-otelcol.sh
02:06:11 PM  1000   1809032    0.00    0.00    0.00    0.00    0.00    16  run-prometheus.
02:06:11 PM  1000   1809036    3.00    0.00    0.00    0.00    3.00    16  otelcol-contrib
02:06:11 PM  1000   1809039    0.00    0.00    0.00    0.00    0.00    18  run-tempo.sh
02:06:11 PM  1000   1809042    0.00    0.00    0.00    0.00    0.00    18  prometheus
02:06:11 PM  1000   1809043    0.00    0.00    0.00    0.00    0.00    18  run-pyroscope.s
02:06:11 PM  1000   1809046   33.00    3.00    0.00    0.00   36.00    16  tempo
02:06:11 PM  1000   1809047    0.00    0.00    0.00    0.00    0.00    20  loki
02:06:11 PM  1000   1809077    0.00    0.00    0.00    0.00    0.00    16  pyroscope

02:06:10 PM   UID       PID   cswch/s nvcswch/s  Command
02:06:11 PM  1000   1809024      0.00      0.00  run-grafana.sh
02:06:11 PM  1000   1809026      0.00      0.00  run-loki.sh
02:06:11 PM  1000   1809028      0.00      0.00  grafana
02:06:11 PM  1000   1809029      0.00      0.00  run-otelcol.sh
02:06:11 PM  1000   1809032      0.00      0.00  run-prometheus.
02:06:11 PM  1000   1809036     47.00      0.00  otelcol-contrib
02:06:11 PM  1000   1809039      0.00      0.00  run-tempo.sh
02:06:11 PM  1000   1809042      3.00      0.00  prometheus
02:06:11 PM  1000   1809043      0.00      0.00  run-pyroscope.s
02:06:11 PM  1000   1809046      0.00      0.00  tempo
02:06:11 PM  1000   1809047      0.00      0.00  loki
02:06:11 PM  1000   1809077     39.00      0.00  pyroscope

02:06:11 PM   UID       PID    %usr %system  %guest   %wait    %CPU   CPU  Command
02:06:12 PM  1000   1809024    0.00    0.00    0.00    0.00    0.00    16  run-grafana.sh
02:06:12 PM  1000   1809026    0.00    0.00    0.00    0.00    0.00    16  run-loki.sh
02:06:12 PM  1000   1809028    0.00    0.00    0.00    0.00    0.00    16  grafana
02:06:12 PM  1000   1809029    0.00    0.00    0.00    0.00    0.00    20  run-otelcol.sh
02:06:12 PM  1000   1809032    0.00    0.00    0.00    0.00    0.00    16  run-prometheus.
02:06:12 PM  1000   1809036    4.00    0.00    0.00    0.00    4.00    20  otelcol-contrib
02:06:12 PM  1000   1809039    0.00    0.00    0.00    0.00    0.00    18  run-tempo.sh
02:06:12 PM  1000   1809042    0.00    0.00    0.00    0.00    0.00    16  prometheus
02:06:12 PM  1000   1809043    0.00    0.00    0.00    0.00    0.00    18  run-pyroscope.s
02:06:12 PM  1000   1809046   37.00    4.00    0.00    0.00   41.00    16  tempo
02:06:12 PM  1000   1809047    0.00    1.00    0.00    0.00    1.00    20  loki
02:06:12 PM  1000   1809077    0.00    0.00    0.00    0.00    0.00    18  pyroscope

02:06:11 PM   UID       PID   cswch/s nvcswch/s  Command
02:06:12 PM  1000   1809024      0.00      0.00  run-grafana.sh
02:06:12 PM  1000   1809026      0.00      0.00  run-loki.sh
02:06:12 PM  1000   1809028      0.00      0.00  grafana
02:06:12 PM  1000   1809029      0.00      0.00  run-otelcol.sh
02:06:12 PM  1000   1809032      0.00      0.00  run-prometheus.
02:06:12 PM  1000   1809036     57.00      1.00  otelcol-contrib
02:06:12 PM  1000   1809039      0.00      0.00  run-tempo.sh
02:06:12 PM  1000   1809042      4.00      0.00  prometheus
02:06:12 PM  1000   1809043      0.00      0.00  run-pyroscope.s
02:06:12 PM  1000   1809046      0.00      0.00  tempo
02:06:12 PM  1000   1809047      0.00      0.00  loki
02:06:12 PM  1000   1809077     45.00      0.00  pyroscope

02:06:12 PM   UID       PID    %usr %system  %guest   %wait    %CPU   CPU  Command
02:06:13 PM  1000   1809024    0.00    0.00    0.00    0.00    0.00    16  run-grafana.sh
02:06:13 PM  1000   1809026    0.00    0.00    0.00    0.00    0.00    16  run-loki.sh
02:06:13 PM  1000   1809028    0.00    0.00    0.00    0.00    0.00    16  grafana
02:06:13 PM  1000   1809029    0.00    0.00    0.00    0.00    0.00    20  run-otelcol.sh
02:06:13 PM  1000   1809032    0.00    0.00    0.00    0.00    0.00    16  run-prometheus.
02:06:13 PM  1000   1809036    3.00    0.00    0.00    0.00    3.00    20  otelcol-contrib
02:06:13 PM  1000   1809039    0.00    0.00    0.00    0.00    0.00    18  run-tempo.sh
02:06:13 PM  1000   1809042    1.00    0.00    0.00    0.00    1.00    16  prometheus
02:06:13 PM  1000   1809043    0.00    0.00    0.00    0.00    0.00    18  run-pyroscope.s
02:06:13 PM  1000   1809046   68.00    1.00    0.00    0.00   69.00    16  tempo
02:06:13 PM  1000   1809047    1.00    0.00    0.00    0.00    1.00    20  loki
02:06:13 PM  1000   1809077    3.00    0.00    0.00    0.00    3.00    18  pyroscope

02:06:12 PM   UID       PID   cswch/s nvcswch/s  Command
02:06:13 PM  1000   1809024      0.00      0.00  run-grafana.sh
02:06:13 PM  1000   1809026      0.00      0.00  run-loki.sh
02:06:13 PM  1000   1809028      0.00      0.00  grafana
02:06:13 PM  1000   1809029      0.00      0.00  run-otelcol.sh
02:06:13 PM  1000   1809032      0.00      0.00  run-prometheus.
02:06:13 PM  1000   1809036     56.00      0.00  otelcol-contrib
02:06:13 PM  1000   1809039      0.00      0.00  run-tempo.sh
02:06:13 PM  1000   1809042      1.00      0.00  prometheus
02:06:13 PM  1000   1809043      0.00      0.00  run-pyroscope.s
02:06:13 PM  1000   1809046      0.00      0.00  tempo
02:06:13 PM  1000   1809047      0.00      0.00  loki
02:06:13 PM  1000   1809077     62.00      2.00  pyroscope

02:06:13 PM   UID       PID    %usr %system  %guest   %wait    %CPU   CPU  Command
02:06:14 PM  1000   1809024    0.00    0.00    0.00    0.00    0.00    16  run-grafana.sh
02:06:14 PM  1000   1809026    0.00    0.00    0.00    0.00    0.00    16  run-loki.sh
02:06:14 PM  1000   1809028    0.00    0.00    0.00    0.00    0.00    16  grafana
02:06:14 PM  1000   1809029    0.00    0.00    0.00    0.00    0.00    20  run-otelcol.sh
02:06:14 PM  1000   1809032    0.00    0.00    0.00    0.00    0.00    16  run-prometheus.
02:06:14 PM  1000   1809036    5.00    1.00    0.00    0.00    6.00    20  otelcol-contrib
02:06:14 PM  1000   1809039    0.00    0.00    0.00    0.00    0.00    18  run-tempo.sh
02:06:14 PM  1000   1809042    0.00    0.00    0.00    0.00    0.00    20  prometheus
02:06:14 PM  1000   1809043    0.00    0.00    0.00    0.00    0.00    18  run-pyroscope.s
02:06:14 PM  1000   1809046   11.00    1.00    0.00    0.00   12.00    16  tempo
02:06:14 PM  1000   1809047    0.00    0.00    0.00    0.00    0.00    20  loki
02:06:14 PM  1000   1809077    0.00    0.00    0.00    0.00    0.00    18  pyroscope

02:06:13 PM   UID       PID   cswch/s nvcswch/s  Command
02:06:14 PM  1000   1809024      0.00      0.00  run-grafana.sh
02:06:14 PM  1000   1809026      0.00      0.00  run-loki.sh
02:06:14 PM  1000   1809028      0.00      0.00  grafana
02:06:14 PM  1000   1809029      0.00      0.00  run-otelcol.sh
02:06:14 PM  1000   1809032      0.00      0.00  run-prometheus.
02:06:14 PM  1000   1809036     54.00      2.00  otelcol-contrib
02:06:14 PM  1000   1809039      0.00      0.00  run-tempo.sh
02:06:14 PM  1000   1809042      3.00      0.00  prometheus
02:06:14 PM  1000   1809043      0.00      0.00  run-pyroscope.s
02:06:14 PM  1000   1809046      0.00      0.00  tempo
02:06:14 PM  1000   1809047      0.00      0.00  loki
02:06:14 PM  1000   1809077      0.00      0.00  pyroscope

02:06:14 PM   UID       PID    %usr %system  %guest   %wait    %CPU   CPU  Command
02:06:15 PM  1000   1809024    0.00    0.00    0.00    0.00    0.00    16  run-grafana.sh
02:06:15 PM  1000   1809026    0.00    0.00    0.00    0.00    0.00    16  run-loki.sh
02:06:15 PM  1000   1809028    0.00    0.00    0.00    0.00    0.00    16  grafana
02:06:15 PM  1000   1809029    0.00    0.00    0.00    0.00    0.00    20  run-otelcol.sh
02:06:15 PM  1000   1809032    0.00    0.00    0.00    0.00    0.00    16  run-prometheus.
02:06:15 PM  1000   1809036    4.00    0.00    0.00    0.00    4.00    20  otelcol-contrib
02:06:15 PM  1000   1809039    0.00    0.00    0.00    0.00    0.00    18  run-tempo.sh
02:06:15 PM  1000   1809042    0.00    0.00    0.00    0.00    0.00    18  prometheus
02:06:15 PM  1000   1809043    0.00    0.00    0.00    0.00    0.00    18  run-pyroscope.s
02:06:15 PM  1000   1809046   66.00    5.00    0.00    0.00   71.00    16  tempo
02:06:15 PM  1000   1809047    0.00    0.00    0.00    0.00    0.00    20  loki
02:06:15 PM  1000   1809077    1.00    0.00    0.00    0.00    1.00    18  pyroscope

02:06:14 PM   UID       PID   cswch/s nvcswch/s  Command
02:06:15 PM  1000   1809024      0.00      0.00  run-grafana.sh
02:06:15 PM  1000   1809026      0.00      0.00  run-loki.sh
02:06:15 PM  1000   1809028      0.00      0.00  grafana
02:06:15 PM  1000   1809029      0.00      0.00  run-otelcol.sh
02:06:15 PM  1000   1809032      0.00      0.00  run-prometheus.
02:06:15 PM  1000   1809036     60.00      0.00  otelcol-contrib
02:06:15 PM  1000   1809039      0.00      0.00  run-tempo.sh
02:06:15 PM  1000   1809042      2.00      0.00  prometheus
02:06:15 PM  1000   1809043      0.00      0.00  run-pyroscope.s
02:06:15 PM  1000   1809046      0.00      0.00  tempo
02:06:15 PM  1000   1809047      0.00      0.00  loki
02:06:15 PM  1000   1809077      0.00      0.00  pyroscope

02:06:15 PM   UID       PID    %usr %system  %guest   %wait    %CPU   CPU  Command
02:06:16 PM  1000   1809024    0.00    0.00    0.00    0.00    0.00    16  run-grafana.sh
02:06:16 PM  1000   1809026    0.00    0.00    0.00    0.00    0.00    16  run-loki.sh
02:06:16 PM  1000   1809028    0.00    0.00    0.00    0.00    0.00    16  grafana
02:06:16 PM  1000   1809029    0.00    0.00    0.00    0.00    0.00    20  run-otelcol.sh
02:06:16 PM  1000   1809032    0.00    0.00    0.00    0.00    0.00    16  run-prometheus.
02:06:16 PM  1000   1809036    3.00    0.00    0.00    0.00    3.00    16  otelcol-contrib
02:06:16 PM  1000   1809039    0.00    0.00    0.00    0.00    0.00    18  run-tempo.sh
02:06:16 PM  1000   1809042    0.00    0.00    0.00    0.00    0.00    20  prometheus
02:06:16 PM  1000   1809043    0.00    0.00    0.00    0.00    0.00    18  run-pyroscope.s
02:06:16 PM  1000   1809046   30.00    2.00    0.00    0.00   32.00    16  tempo
02:06:16 PM  1000   1809047    0.00    0.00    0.00    0.00    0.00    20  loki
02:06:16 PM  1000   1809077    0.00    0.00    0.00    0.00    0.00    18  pyroscope

02:06:15 PM   UID       PID   cswch/s nvcswch/s  Command
02:06:16 PM  1000   1809024      0.00      0.00  run-grafana.sh
02:06:16 PM  1000   1809026      0.00      0.00  run-loki.sh
02:06:16 PM  1000   1809028      0.00      0.00  grafana
02:06:16 PM  1000   1809029      0.00      0.00  run-otelcol.sh
02:06:16 PM  1000   1809032      0.00      0.00  run-prometheus.
02:06:16 PM  1000   1809036     60.00      0.00  otelcol-contrib
02:06:16 PM  1000   1809039      0.00      0.00  run-tempo.sh
02:06:16 PM  1000   1809042      2.00      0.00  prometheus
02:06:16 PM  1000   1809043      0.00      0.00  run-pyroscope.s
02:06:16 PM  1000   1809046      0.00      0.00  tempo
02:06:16 PM  1000   1809047      0.00      0.00  loki
02:06:16 PM  1000   1809077      0.00      0.00  pyroscope

02:06:16 PM   UID       PID    %usr %system  %guest   %wait    %CPU   CPU  Command
02:06:17 PM  1000   1809024    0.00    0.00    0.00    0.00    0.00    16  run-grafana.sh
02:06:17 PM  1000   1809026    0.00    0.00    0.00    0.00    0.00    16  run-loki.sh
02:06:17 PM  1000   1809028    0.00    0.00    0.00    0.00    0.00    16  grafana
02:06:17 PM  1000   1809029    0.00    0.00    0.00    0.00    0.00    20  run-otelcol.sh
02:06:17 PM  1000   1809032    0.00    0.00    0.00    0.00    0.00    16  run-prometheus.
02:06:17 PM  1000   1809036    4.00    0.00    0.00    0.00    4.00    18  otelcol-contrib
02:06:17 PM  1000   1809039    0.00    0.00    0.00    0.00    0.00    18  run-tempo.sh
02:06:17 PM  1000   1809042    0.00    0.00    0.00    0.00    0.00    16  prometheus
02:06:17 PM  1000   1809043    0.00    0.00    0.00    0.00    0.00    18  run-pyroscope.s
02:06:17 PM  1000   1809046   14.00    0.00    0.00    0.00   14.00    16  tempo
02:06:17 PM  1000   1809047    1.00    0.00    0.00    0.00    1.00    20  loki
02:06:17 PM  1000   1809077    0.00    0.00    0.00    0.00    0.00    18  pyroscope

02:06:16 PM   UID       PID   cswch/s nvcswch/s  Command
02:06:17 PM  1000   1809024      0.00      0.00  run-grafana.sh
02:06:17 PM  1000   1809026      0.00      0.00  run-loki.sh
02:06:17 PM  1000   1809028      0.00      0.00  grafana
02:06:17 PM  1000   1809029      0.00      0.00  run-otelcol.sh
02:06:17 PM  1000   1809032      0.00      0.00  run-prometheus.
02:06:17 PM  1000   1809036     61.00      3.00  otelcol-contrib
02:06:17 PM  1000   1809039      0.00      0.00  run-tempo.sh
02:06:17 PM  1000   1809042      9.00      0.00  prometheus
02:06:17 PM  1000   1809043      0.00      0.00  run-pyroscope.s
02:06:17 PM  1000   1809046      0.00      0.00  tempo
02:06:17 PM  1000   1809047      0.00      0.00  loki
02:06:17 PM  1000   1809077      0.00      0.00  pyroscope

02:06:17 PM   UID       PID    %usr %system  %guest   %wait    %CPU   CPU  Command
02:06:18 PM  1000   1809024    0.00    0.00    0.00    0.00    0.00    16  run-grafana.sh
02:06:18 PM  1000   1809026    0.00    0.00    0.00    0.00    0.00    16  run-loki.sh
02:06:18 PM  1000   1809028    0.00    0.00    0.00    0.00    0.00    16  grafana
02:06:18 PM  1000   1809029    0.00    0.00    0.00    0.00    0.00    20  run-otelcol.sh
02:06:18 PM  1000   1809032    0.00    0.00    0.00    0.00    0.00    16  run-prometheus.
02:06:18 PM  1000   1809036    5.00    1.00    0.00    0.00    6.00    16  otelcol-contrib
02:06:18 PM  1000   1809039    0.00    0.00    0.00    0.00    0.00    18  run-tempo.sh
02:06:18 PM  1000   1809042    0.00    0.00    0.00    0.00    0.00    16  prometheus
02:06:18 PM  1000   1809043    0.00    0.00    0.00    0.00    0.00    18  run-pyroscope.s
02:06:18 PM  1000   1809046   29.00    2.00    0.00    0.00   31.00    16  tempo
02:06:18 PM  1000   1809047    0.00    0.00    0.00    0.00    0.00    20  loki
02:06:18 PM  1000   1809077    0.00    1.00    0.00    0.00    1.00    18  pyroscope

02:06:17 PM   UID       PID   cswch/s nvcswch/s  Command
02:06:18 PM  1000   1809024      0.00      0.00  run-grafana.sh
02:06:18 PM  1000   1809026      0.00      0.00  run-loki.sh
02:06:18 PM  1000   1809028      0.00      0.00  grafana
02:06:18 PM  1000   1809029      0.00      0.00  run-otelcol.sh
02:06:18 PM  1000   1809032      0.00      0.00  run-prometheus.
02:06:18 PM  1000   1809036     72.00      1.00  otelcol-contrib
02:06:18 PM  1000   1809039      0.00      0.00  run-tempo.sh
02:06:18 PM  1000   1809042      1.00      0.00  prometheus
02:06:18 PM  1000   1809043      0.00      0.00  run-pyroscope.s
02:06:18 PM  1000   1809046      0.00      0.00  tempo
02:06:18 PM  1000   1809047      0.00      0.00  loki
02:06:18 PM  1000   1809077      0.00      0.00  pyroscope

02:06:18 PM   UID       PID    %usr %system  %guest   %wait    %CPU   CPU  Command
02:06:19 PM  1000   1809024    0.00    0.00    0.00    0.00    0.00    16  run-grafana.sh
02:06:19 PM  1000   1809026    0.00    0.00    0.00    0.00    0.00    16  run-loki.sh
02:06:19 PM  1000   1809028    1.00    0.00    0.00    0.00    1.00    16  grafana
02:06:19 PM  1000   1809029    0.00    0.00    0.00    0.00    0.00    20  run-otelcol.sh
02:06:19 PM  1000   1809032    0.00    0.00    0.00    0.00    0.00    16  run-prometheus.
02:06:19 PM  1000   1809036    5.00    0.00    0.00    1.00    5.00    18  otelcol-contrib
02:06:19 PM  1000   1809039    0.00    0.00    0.00    0.00    0.00    18  run-tempo.sh
02:06:19 PM  1000   1809042    0.00    0.00    0.00    0.00    0.00    20  prometheus
02:06:19 PM  1000   1809043    0.00    0.00    0.00    0.00    0.00    18  run-pyroscope.s
02:06:19 PM  1000   1809046   59.00    4.00    0.00    0.00   63.00    16  tempo
02:06:19 PM  1000   1809047    0.00    0.00    0.00    0.00    0.00    20  loki
02:06:19 PM  1000   1809077    0.00    0.00    0.00    0.00    0.00    18  pyroscope

02:06:18 PM   UID       PID   cswch/s nvcswch/s  Command
02:06:19 PM  1000   1809024      0.00      0.00  run-grafana.sh
02:06:19 PM  1000   1809026      0.00      0.00  run-loki.sh
02:06:19 PM  1000   1809028      0.00      0.00  grafana
02:06:19 PM  1000   1809029      0.00      0.00  run-otelcol.sh
02:06:19 PM  1000   1809032      0.00      0.00  run-prometheus.
02:06:19 PM  1000   1809036     60.00      1.00  otelcol-contrib
02:06:19 PM  1000   1809039      0.00      0.00  run-tempo.sh
02:06:19 PM  1000   1809042      1.00      0.00  prometheus
02:06:19 PM  1000   1809043      0.00      0.00  run-pyroscope.s
02:06:19 PM  1000   1809046      0.00      0.00  tempo
02:06:19 PM  1000   1809047      0.00      0.00  loki
02:06:19 PM  1000   1809077      0.00      0.00  pyroscope

02:06:19 PM   UID       PID    %usr %system  %guest   %wait    %CPU   CPU  Command
02:06:20 PM  1000   1809024    0.00    0.00    0.00    0.00    0.00    16  run-grafana.sh
02:06:20 PM  1000   1809026    0.00    0.00    0.00    0.00    0.00    16  run-loki.sh
02:06:20 PM  1000   1809028    0.00    0.00    0.00    0.00    0.00    16  grafana
02:06:20 PM  1000   1809029    0.00    0.00    0.00    0.00    0.00    20  run-otelcol.sh
02:06:20 PM  1000   1809032    0.00    0.00    0.00    0.00    0.00    16  run-prometheus.
02:06:20 PM  1000   1809036    3.00    0.00    0.00    0.00    3.00    16  otelcol-contrib
02:06:20 PM  1000   1809039    0.00    0.00    0.00    0.00    0.00    18  run-tempo.sh
02:06:20 PM  1000   1809042    0.00    0.00    0.00    0.00    0.00    18  prometheus
02:06:20 PM  1000   1809043    0.00    0.00    0.00    0.00    0.00    18  run-pyroscope.s
02:06:20 PM  1000   1809046   45.00    8.00    0.00    0.00   53.00    16  tempo
02:06:20 PM  1000   1809047    1.00    0.00    0.00    0.00    1.00    20  loki
02:06:20 PM  1000   1809077    0.00    0.00    0.00    0.00    0.00    16  pyroscope

02:06:19 PM   UID       PID   cswch/s nvcswch/s  Command
02:06:20 PM  1000   1809024      0.00      0.00  run-grafana.sh
02:06:20 PM  1000   1809026      0.00      0.00  run-loki.sh
02:06:20 PM  1000   1809028      0.00      0.00  grafana
02:06:20 PM  1000   1809029      0.00      0.00  run-otelcol.sh
02:06:20 PM  1000   1809032      0.00      0.00  run-prometheus.
02:06:20 PM  1000   1809036     59.00      1.00  otelcol-contrib
02:06:20 PM  1000   1809039      0.00      0.00  run-tempo.sh
02:06:20 PM  1000   1809042      3.00      0.00  prometheus
02:06:20 PM  1000   1809043      0.00      0.00  run-pyroscope.s
02:06:20 PM  1000   1809046      0.00      0.00  tempo
02:06:20 PM  1000   1809047      0.00      0.00  loki
02:06:20 PM  1000   1809077      8.00      0.00  pyroscope

02:06:20 PM   UID       PID    %usr %system  %guest   %wait    %CPU   CPU  Command
02:06:21 PM  1000   1809024    0.00    0.00    0.00    0.00    0.00    16  run-grafana.sh
02:06:21 PM  1000   1809026    0.00    0.00    0.00    0.00    0.00    16  run-loki.sh
02:06:21 PM  1000   1809028    0.00    0.00    0.00    0.00    0.00    16  grafana
02:06:21 PM  1000   1809029    0.00    0.00    0.00    0.00    0.00    20  run-otelcol.sh
02:06:21 PM  1000   1809032    0.00    0.00    0.00    0.00    0.00    16  run-prometheus.
02:06:21 PM  1000   1809036    4.00    0.00    0.00    0.00    4.00    18  otelcol-contrib
02:06:21 PM  1000   1809039    0.00    0.00    0.00    0.00    0.00    18  run-tempo.sh
02:06:21 PM  1000   1809042    0.00    0.00    0.00    0.00    0.00    18  prometheus
02:06:21 PM  1000   1809043    0.00    0.00    0.00    0.00    0.00    18  run-pyroscope.s
02:06:21 PM  1000   1809046   14.00    0.00    0.00    0.00   14.00    16  tempo
02:06:21 PM  1000   1809047    0.00    0.00    0.00    0.00    0.00    20  loki
02:06:21 PM  1000   1809077    0.00    0.00    0.00    0.00    0.00    16  pyroscope

02:06:20 PM   UID       PID   cswch/s nvcswch/s  Command
02:06:21 PM  1000   1809024      0.00      0.00  run-grafana.sh
02:06:21 PM  1000   1809026      0.00      0.00  run-loki.sh
02:06:21 PM  1000   1809028      0.00      0.00  grafana
02:06:21 PM  1000   1809029      0.00      0.00  run-otelcol.sh
02:06:21 PM  1000   1809032      0.00      0.00  run-prometheus.
02:06:21 PM  1000   1809036     48.00      0.00  otelcol-contrib
02:06:21 PM  1000   1809039      0.00      0.00  run-tempo.sh
02:06:21 PM  1000   1809042      2.00      0.00  prometheus
02:06:21 PM  1000   1809043      0.00      0.00  run-pyroscope.s
02:06:21 PM  1000   1809046      0.00      0.00  tempo
02:06:21 PM  1000   1809047      0.00      0.00  loki
02:06:21 PM  1000   1809077     32.00      0.00  pyroscope

02:06:21 PM   UID       PID    %usr %system  %guest   %wait    %CPU   CPU  Command
02:06:22 PM  1000   1809024    0.00    0.00    0.00    0.00    0.00    16  run-grafana.sh
02:06:22 PM  1000   1809026    0.00    0.00    0.00    0.00    0.00    16  run-loki.sh
02:06:22 PM  1000   1809028    0.00    0.00    0.00    0.00    0.00    16  grafana
02:06:22 PM  1000   1809029    0.00    0.00    0.00    0.00    0.00    20  run-otelcol.sh
02:06:22 PM  1000   1809032    0.00    0.00    0.00    0.00    0.00    16  run-prometheus.
02:06:22 PM  1000   1809036    6.00    0.00    0.00    0.00    6.00    20  otelcol-contrib
02:06:22 PM  1000   1809039    0.00    0.00    0.00    0.00    0.00    18  run-tempo.sh
02:06:22 PM  1000   1809042    1.00    0.00    0.00    0.00    1.00    18  prometheus
02:06:22 PM  1000   1809043    0.00    0.00    0.00    0.00    0.00    18  run-pyroscope.s
02:06:22 PM  1000   1809046   43.00    4.00    0.00    0.00   47.00    16  tempo
02:06:22 PM  1000   1809047    0.00    0.00    0.00    0.00    0.00    20  loki
02:06:22 PM  1000   1809077    1.00    0.00    0.00    0.00    1.00    18  pyroscope

02:06:21 PM   UID       PID   cswch/s nvcswch/s  Command
02:06:22 PM  1000   1809024      0.00      0.00  run-grafana.sh
02:06:22 PM  1000   1809026      0.00      0.00  run-loki.sh
02:06:22 PM  1000   1809028      0.00      0.00  grafana
02:06:22 PM  1000   1809029      0.00      0.00  run-otelcol.sh
02:06:22 PM  1000   1809032      0.00      0.00  run-prometheus.
02:06:22 PM  1000   1809036     64.00      0.00  otelcol-contrib
02:06:22 PM  1000   1809039      0.00      0.00  run-tempo.sh
02:06:22 PM  1000   1809042      6.00      0.00  prometheus
02:06:22 PM  1000   1809043      0.00      0.00  run-pyroscope.s
02:06:22 PM  1000   1809046      0.00      0.00  tempo
02:06:22 PM  1000   1809047      0.00      0.00  loki
02:06:22 PM  1000   1809077     45.00      0.00  pyroscope

02:06:22 PM   UID       PID    %usr %system  %guest   %wait    %CPU   CPU  Command
02:06:23 PM  1000   1809024    0.00    0.00    0.00    0.00    0.00    16  run-grafana.sh
02:06:23 PM  1000   1809026    0.00    0.00    0.00    0.00    0.00    16  run-loki.sh
02:06:23 PM  1000   1809028    0.00    0.00    0.00    0.00    0.00    16  grafana
02:06:23 PM  1000   1809029    0.00    0.00    0.00    0.00    0.00    20  run-otelcol.sh
02:06:23 PM  1000   1809032    0.00    0.00    0.00    0.00    0.00    16  run-prometheus.
02:06:23 PM  1000   1809036    4.00    1.00    0.00    0.00    5.00    18  otelcol-contrib
02:06:23 PM  1000   1809039    0.00    0.00    0.00    0.00    0.00    18  run-tempo.sh
02:06:23 PM  1000   1809042    0.00    0.00    0.00    0.00    0.00    18  prometheus
02:06:23 PM  1000   1809043    0.00    0.00    0.00    0.00    0.00    18  run-pyroscope.s
02:06:23 PM  1000   1809046   51.00    1.00    0.00    0.00   52.00    16  tempo
02:06:23 PM  1000   1809047    0.00    0.00    0.00    0.00    0.00    20  loki
02:06:23 PM  1000   1809077    0.00    0.00    0.00    0.00    0.00    16  pyroscope

02:06:22 PM   UID       PID   cswch/s nvcswch/s  Command
02:06:23 PM  1000   1809024      0.00      0.00  run-grafana.sh
02:06:23 PM  1000   1809026      0.00      0.00  run-loki.sh
02:06:23 PM  1000   1809028      0.00      0.00  grafana
02:06:23 PM  1000   1809029      0.00      0.00  run-otelcol.sh
02:06:23 PM  1000   1809032      0.00      0.00  run-prometheus.
02:06:23 PM  1000   1809036     65.00      0.00  otelcol-contrib
02:06:23 PM  1000   1809039      0.00      0.00  run-tempo.sh
02:06:23 PM  1000   1809042      2.00      0.00  prometheus
02:06:23 PM  1000   1809043      0.00      0.00  run-pyroscope.s
02:06:23 PM  1000   1809046      0.00      0.00  tempo
02:06:23 PM  1000   1809047      0.00      0.00  loki
02:06:23 PM  1000   1809077      5.00      0.00  pyroscope

02:06:23 PM   UID       PID    %usr %system  %guest   %wait    %CPU   CPU  Command
02:06:24 PM  1000   1809024    0.00    0.00    0.00    0.00    0.00    16  run-grafana.sh
02:06:24 PM  1000   1809026    0.00    0.00    0.00    0.00    0.00    16  run-loki.sh
02:06:24 PM  1000   1809028    0.00    0.00    0.00    0.00    0.00    16  grafana
02:06:24 PM  1000   1809029    0.00    0.00    0.00    0.00    0.00    20  run-otelcol.sh
02:06:24 PM  1000   1809032    0.00    0.00    0.00    0.00    0.00    16  run-prometheus.
02:06:24 PM  1000   1809036    5.00    0.00    0.00    1.00    5.00    16  otelcol-contrib
02:06:24 PM  1000   1809039    0.00    0.00    0.00    0.00    0.00    18  run-tempo.sh
02:06:24 PM  1000   1809042    1.00    0.00    0.00    0.00    1.00    20  prometheus
02:06:24 PM  1000   1809043    0.00    0.00    0.00    0.00    0.00    18  run-pyroscope.s
02:06:24 PM  1000   1809046   82.00    3.00    0.00    0.00   85.00    16  tempo
02:06:24 PM  1000   1809047    1.00    0.00    0.00    0.00    1.00    20  loki
02:06:24 PM  1000   1809077    0.00    0.00    0.00    0.00    0.00    16  pyroscope

02:06:23 PM   UID       PID   cswch/s nvcswch/s  Command
02:06:24 PM  1000   1809024      0.00      0.00  run-grafana.sh
02:06:24 PM  1000   1809026      0.00      0.00  run-loki.sh
02:06:24 PM  1000   1809028      0.00      0.00  grafana
02:06:24 PM  1000   1809029      0.00      0.00  run-otelcol.sh
02:06:24 PM  1000   1809032      0.00      0.00  run-prometheus.
02:06:24 PM  1000   1809036     43.00      1.00  otelcol-contrib
02:06:24 PM  1000   1809039      0.00      0.00  run-tempo.sh
02:06:24 PM  1000   1809042      5.00      5.00  prometheus
02:06:24 PM  1000   1809043      0.00      0.00  run-pyroscope.s
02:06:24 PM  1000   1809046      0.00      0.00  tempo
02:06:24 PM  1000   1809047      0.00      0.00  loki
02:06:24 PM  1000   1809077      8.00      0.00  pyroscope

02:06:24 PM   UID       PID    %usr %system  %guest   %wait    %CPU   CPU  Command
02:06:25 PM  1000   1809024    0.00    0.00    0.00    0.00    0.00    16  run-grafana.sh
02:06:25 PM  1000   1809026    0.00    0.00    0.00    0.00    0.00    16  run-loki.sh
02:06:25 PM  1000   1809028    0.00    0.00    0.00    0.00    0.00    16  grafana
02:06:25 PM  1000   1809029    0.00    0.00    0.00    0.00    0.00    20  run-otelcol.sh
02:06:25 PM  1000   1809032    0.00    0.00    0.00    0.00    0.00    16  run-prometheus.
02:06:25 PM  1000   1809036    4.00    0.00    0.00    0.00    4.00    20  otelcol-contrib
02:06:25 PM  1000   1809039    0.00    0.00    0.00    0.00    0.00    18  run-tempo.sh
02:06:25 PM  1000   1809042    0.00    0.00    0.00    0.00    0.00    18  prometheus
02:06:25 PM  1000   1809043    0.00    0.00    0.00    0.00    0.00    18  run-pyroscope.s
02:06:25 PM  1000   1809046   72.00    2.00    0.00    0.00   74.00    16  tempo
02:06:25 PM  1000   1809047    0.00    0.00    0.00    0.00    0.00    20  loki
02:06:25 PM  1000   1809077    0.00    0.00    0.00    0.00    0.00    18  pyroscope

02:06:24 PM   UID       PID   cswch/s nvcswch/s  Command
02:06:25 PM  1000   1809024      0.00      0.00  run-grafana.sh
02:06:25 PM  1000   1809026      0.00      0.00  run-loki.sh
02:06:25 PM  1000   1809028      0.00      0.00  grafana
02:06:25 PM  1000   1809029      0.00      0.00  run-otelcol.sh
02:06:25 PM  1000   1809032      0.00      0.00  run-prometheus.
02:06:25 PM  1000   1809036     56.00      8.00  otelcol-contrib
02:06:25 PM  1000   1809039      0.00      0.00  run-tempo.sh
02:06:25 PM  1000   1809042      2.00      0.00  prometheus
02:06:25 PM  1000   1809043      0.00      0.00  run-pyroscope.s
02:06:25 PM  1000   1809046      0.00      0.00  tempo
02:06:25 PM  1000   1809047      0.00      0.00  loki
02:06:25 PM  1000   1809077     44.00      0.00  pyroscope

02:06:25 PM   UID       PID    %usr %system  %guest   %wait    %CPU   CPU  Command
02:06:26 PM  1000   1809024    0.00    0.00    0.00    0.00    0.00    16  run-grafana.sh
02:06:26 PM  1000   1809026    0.00    0.00    0.00    0.00    0.00    16  run-loki.sh
02:06:26 PM  1000   1809028    0.00    0.00    0.00    0.00    0.00    16  grafana
02:06:26 PM  1000   1809029    0.00    0.00    0.00    0.00    0.00    20  run-otelcol.sh
02:06:26 PM  1000   1809032    0.00    0.00    0.00    0.00    0.00    16  run-prometheus.
02:06:26 PM  1000   1809036    7.00    0.00    0.00    0.00    7.00    20  otelcol-contrib
02:06:26 PM  1000   1809039    0.00    0.00    0.00    0.00    0.00    18  run-tempo.sh
02:06:26 PM  1000   1809042    0.00    0.00    0.00    0.00    0.00    18  prometheus
02:06:26 PM  1000   1809043    0.00    0.00    0.00    0.00    0.00    18  run-pyroscope.s
02:06:26 PM  1000   1809046  148.00   10.00    0.00    0.00  158.00    16  tempo
02:06:26 PM  1000   1809047    0.00    0.00    0.00    0.00    0.00    20  loki
02:06:26 PM  1000   1809077    0.00    0.00    0.00    0.00    0.00    16  pyroscope

02:06:25 PM   UID       PID   cswch/s nvcswch/s  Command
02:06:26 PM  1000   1809024      0.00      0.00  run-grafana.sh
02:06:26 PM  1000   1809026      0.00      0.00  run-loki.sh
02:06:26 PM  1000   1809028      0.00      0.00  grafana
02:06:26 PM  1000   1809029      0.00      0.00  run-otelcol.sh
02:06:26 PM  1000   1809032      0.00      0.00  run-prometheus.
02:06:26 PM  1000   1809036     45.00     15.00  otelcol-contrib
02:06:26 PM  1000   1809039      0.00      0.00  run-tempo.sh
02:06:26 PM  1000   1809042      2.00      0.00  prometheus
02:06:26 PM  1000   1809043      0.00      0.00  run-pyroscope.s
02:06:26 PM  1000   1809046      0.00      0.00  tempo
02:06:26 PM  1000   1809047      0.00      0.00  loki
02:06:26 PM  1000   1809077     36.00      0.00  pyroscope

02:06:26 PM   UID       PID    %usr %system  %guest   %wait    %CPU   CPU  Command
02:06:27 PM  1000   1809024    0.00    0.00    0.00    0.00    0.00    16  run-grafana.sh
02:06:27 PM  1000   1809026    0.00    0.00    0.00    0.00    0.00    16  run-loki.sh
02:06:27 PM  1000   1809028    0.00    0.00    0.00    0.00    0.00    16  grafana
02:06:27 PM  1000   1809029    0.00    0.00    0.00    0.00    0.00    20  run-otelcol.sh
02:06:27 PM  1000   1809032    0.00    0.00    0.00    0.00    0.00    16  run-prometheus.
02:06:27 PM  1000   1809036    4.00    1.00    0.00    0.00    5.00    20  otelcol-contrib
02:06:27 PM  1000   1809039    0.00    0.00    0.00    0.00    0.00    18  run-tempo.sh
02:06:27 PM  1000   1809042    0.00    0.00    0.00    0.00    0.00    18  prometheus
02:06:27 PM  1000   1809043    0.00    0.00    0.00    0.00    0.00    18  run-pyroscope.s
02:06:27 PM  1000   1809046  142.00    8.00    0.00    0.00  150.00    16  tempo
02:06:27 PM  1000   1809047    1.00    0.00    0.00    0.00    1.00    20  loki
02:06:27 PM  1000   1809077    1.00    0.00    0.00    0.00    1.00    16  pyroscope

02:06:26 PM   UID       PID   cswch/s nvcswch/s  Command
02:06:27 PM  1000   1809024      0.00      0.00  run-grafana.sh
02:06:27 PM  1000   1809026      0.00      0.00  run-loki.sh
02:06:27 PM  1000   1809028      0.00      0.00  grafana
02:06:27 PM  1000   1809029      0.00      0.00  run-otelcol.sh
02:06:27 PM  1000   1809032      0.00      0.00  run-prometheus.
02:06:27 PM  1000   1809036     43.00      0.00  otelcol-contrib
02:06:27 PM  1000   1809039      0.00      0.00  run-tempo.sh
02:06:27 PM  1000   1809042     11.00      0.00  prometheus
02:06:27 PM  1000   1809043      0.00      0.00  run-pyroscope.s
02:06:27 PM  1000   1809046      0.00      0.00  tempo
02:06:27 PM  1000   1809047      0.00      0.00  loki
02:06:27 PM  1000   1809077     24.00      0.00  pyroscope

02:06:27 PM   UID       PID    %usr %system  %guest   %wait    %CPU   CPU  Command
02:06:28 PM  1000   1809024    0.00    0.00    0.00    0.00    0.00    16  run-grafana.sh
02:06:28 PM  1000   1809026    0.00    0.00    0.00    0.00    0.00    16  run-loki.sh
02:06:28 PM  1000   1809028    0.00    0.00    0.00    0.00    0.00    16  grafana
02:06:28 PM  1000   1809029    0.00    0.00    0.00    0.00    0.00    20  run-otelcol.sh
02:06:28 PM  1000   1809032    0.00    0.00    0.00    0.00    0.00    16  run-prometheus.
02:06:28 PM  1000   1809036    6.00    0.00    0.00    0.00    6.00    20  otelcol-contrib
02:06:28 PM  1000   1809039    0.00    0.00    0.00    0.00    0.00    18  run-tempo.sh
02:06:28 PM  1000   1809042    0.00    0.00    0.00    0.00    0.00    18  prometheus
02:06:28 PM  1000   1809043    0.00    0.00    0.00    0.00    0.00    18  run-pyroscope.s
02:06:28 PM  1000   1809046   19.00    3.00    0.00    0.00   22.00    16  tempo
02:06:28 PM  1000   1809047    0.00    0.00    0.00    0.00    0.00    20  loki
02:06:28 PM  1000   1809077    3.00    0.00    0.00    0.00    3.00    20  pyroscope

02:06:27 PM   UID       PID   cswch/s nvcswch/s  Command
02:06:28 PM  1000   1809024      0.00      0.00  run-grafana.sh
02:06:28 PM  1000   1809026      0.00      0.00  run-loki.sh
02:06:28 PM  1000   1809028      0.00      0.00  grafana
02:06:28 PM  1000   1809029      0.00      0.00  run-otelcol.sh
02:06:28 PM  1000   1809032      0.00      0.00  run-prometheus.
02:06:28 PM  1000   1809036     65.00      2.00  otelcol-contrib
02:06:28 PM  1000   1809039      0.00      0.00  run-tempo.sh
02:06:28 PM  1000   1809042      1.00      0.00  prometheus
02:06:28 PM  1000   1809043      0.00      0.00  run-pyroscope.s
02:06:28 PM  1000   1809046      0.00      0.00  tempo
02:06:28 PM  1000   1809047      0.00      0.00  loki
02:06:28 PM  1000   1809077     50.00      2.00  pyroscope

02:06:28 PM   UID       PID    %usr %system  %guest   %wait    %CPU   CPU  Command
02:06:29 PM  1000   1809024    0.00    0.00    0.00    0.00    0.00    16  run-grafana.sh
02:06:29 PM  1000   1809026    0.00    0.00    0.00    0.00    0.00    16  run-loki.sh
02:06:29 PM  1000   1809028    0.00    0.00    0.00    0.00    0.00    16  grafana
02:06:29 PM  1000   1809029    0.00    0.00    0.00    0.00    0.00    20  run-otelcol.sh
02:06:29 PM  1000   1809032    0.00    0.00    0.00    0.00    0.00    16  run-prometheus.
02:06:29 PM  1000   1809036    7.00    0.00    0.00    2.00    7.00    16  otelcol-contrib
02:06:29 PM  1000   1809039    0.00    0.00    0.00    0.00    0.00    18  run-tempo.sh
02:06:29 PM  1000   1809042    0.00    0.00    0.00    0.00    0.00    16  prometheus
02:06:29 PM  1000   1809043    0.00    0.00    0.00    0.00    0.00    18  run-pyroscope.s
02:06:29 PM  1000   1809046   45.00    3.00    0.00    0.00   48.00    16  tempo
02:06:29 PM  1000   1809047    0.00    0.00    0.00    0.00    0.00    20  loki
02:06:29 PM  1000   1809077    1.00    0.00    0.00    0.00    1.00    18  pyroscope

02:06:28 PM   UID       PID   cswch/s nvcswch/s  Command
02:06:29 PM  1000   1809024      0.00      0.00  run-grafana.sh
02:06:29 PM  1000   1809026      0.00      0.00  run-loki.sh
02:06:29 PM  1000   1809028      0.00      0.00  grafana
02:06:29 PM  1000   1809029      0.00      0.00  run-otelcol.sh
02:06:29 PM  1000   1809032      0.00      0.00  run-prometheus.
02:06:29 PM  1000   1809036     71.00      5.00  otelcol-contrib
02:06:29 PM  1000   1809039      0.00      0.00  run-tempo.sh
02:06:29 PM  1000   1809042      1.00      0.00  prometheus
02:06:29 PM  1000   1809043      0.00      0.00  run-pyroscope.s
02:06:29 PM  1000   1809046      0.00      0.00  tempo
02:06:29 PM  1000   1809047      0.00      0.00  loki
02:06:29 PM  1000   1809077     35.00      0.00  pyroscope

02:06:29 PM   UID       PID    %usr %system  %guest   %wait    %CPU   CPU  Command
02:06:30 PM  1000   1809024    0.00    0.00    0.00    0.00    0.00    16  run-grafana.sh
02:06:30 PM  1000   1809026    0.00    0.00    0.00    0.00    0.00    16  run-loki.sh
02:06:30 PM  1000   1809028    2.00    0.00    0.00    0.00    2.00    16  grafana
02:06:30 PM  1000   1809029    0.00    0.00    0.00    0.00    0.00    20  run-otelcol.sh
02:06:30 PM  1000   1809032    0.00    0.00    0.00    0.00    0.00    16  run-prometheus.
02:06:30 PM  1000   1809036    5.00    1.00    0.00    0.00    6.00    18  otelcol-contrib
02:06:30 PM  1000   1809039    0.00    0.00    0.00    0.00    0.00    18  run-tempo.sh
02:06:30 PM  1000   1809042    0.00    0.00    0.00    0.00    0.00    20  prometheus
02:06:30 PM  1000   1809043    0.00    0.00    0.00    0.00    0.00    18  run-pyroscope.s
02:06:30 PM  1000   1809046   20.00    1.00    0.00    0.00   21.00    16  tempo
02:06:30 PM  1000   1809047    0.00    0.00    0.00    0.00    0.00    20  loki
02:06:30 PM  1000   1809077    0.00    1.00    0.00    0.00    1.00    18  pyroscope

02:06:29 PM   UID       PID   cswch/s nvcswch/s  Command
02:06:30 PM  1000   1809024      0.00      0.00  run-grafana.sh
02:06:30 PM  1000   1809026      0.00      0.00  run-loki.sh
02:06:30 PM  1000   1809028      0.00      0.00  grafana
02:06:30 PM  1000   1809029      0.00      0.00  run-otelcol.sh
02:06:30 PM  1000   1809032      0.00      0.00  run-prometheus.
02:06:30 PM  1000   1809036     94.00      5.00  otelcol-contrib
02:06:30 PM  1000   1809039      0.00      0.00  run-tempo.sh
02:06:30 PM  1000   1809042      5.00      0.00  prometheus
02:06:30 PM  1000   1809043      0.00      0.00  run-pyroscope.s
02:06:30 PM  1000   1809046      0.00      0.00  tempo
02:06:30 PM  1000   1809047      0.00      0.00  loki
02:06:30 PM  1000   1809077      5.00      0.00  pyroscope

02:06:30 PM   UID       PID    %usr %system  %guest   %wait    %CPU   CPU  Command
02:06:31 PM  1000   1809024    0.00    0.00    0.00    0.00    0.00    16  run-grafana.sh
02:06:31 PM  1000   1809026    0.00    0.00    0.00    0.00    0.00    16  run-loki.sh
02:06:31 PM  1000   1809028    0.00    0.00    0.00    0.00    0.00    16  grafana
02:06:31 PM  1000   1809029    0.00    0.00    0.00    0.00    0.00    20  run-otelcol.sh
02:06:31 PM  1000   1809032    0.00    0.00    0.00    0.00    0.00    16  run-prometheus.
02:06:31 PM  1000   1809036    5.00    0.00    0.00    0.00    5.00    20  otelcol-contrib
02:06:31 PM  1000   1809039    0.00    0.00    0.00    0.00    0.00    18  run-tempo.sh
02:06:31 PM  1000   1809042    1.00    0.00    0.00    0.00    1.00    20  prometheus
02:06:31 PM  1000   1809043    0.00    0.00    0.00    0.00    0.00    18  run-pyroscope.s
02:06:31 PM  1000   1809046   41.00    0.00    0.00    0.00   41.00    16  tempo
02:06:31 PM  1000   1809047    1.00    0.00    0.00    0.00    1.00    20  loki
02:06:31 PM  1000   1809077    0.00    0.00    0.00    0.00    0.00    18  pyroscope

02:06:30 PM   UID       PID   cswch/s nvcswch/s  Command
02:06:31 PM  1000   1809024      0.00      0.00  run-grafana.sh
02:06:31 PM  1000   1809026      0.00      0.00  run-loki.sh
02:06:31 PM  1000   1809028      0.00      0.00  grafana
02:06:31 PM  1000   1809029      0.00      0.00  run-otelcol.sh
02:06:31 PM  1000   1809032      0.00      0.00  run-prometheus.
02:06:31 PM  1000   1809036     53.00      0.00  otelcol-contrib
02:06:31 PM  1000   1809039      0.00      0.00  run-tempo.sh
02:06:31 PM  1000   1809042      2.00      0.00  prometheus
02:06:31 PM  1000   1809043      0.00      0.00  run-pyroscope.s
02:06:31 PM  1000   1809046      0.00      0.00  tempo
02:06:31 PM  1000   1809047      0.00      0.00  loki
02:06:31 PM  1000   1809077      0.00      0.00  pyroscope

02:06:31 PM   UID       PID    %usr %system  %guest   %wait    %CPU   CPU  Command
02:06:32 PM  1000   1809024    0.00    0.00    0.00    0.00    0.00    16  run-grafana.sh
02:06:32 PM  1000   1809026    0.00    0.00    0.00    0.00    0.00    16  run-loki.sh
02:06:32 PM  1000   1809028    0.00    0.00    0.00    0.00    0.00    16  grafana
02:06:32 PM  1000   1809029    0.00    0.00    0.00    0.00    0.00    20  run-otelcol.sh
02:06:32 PM  1000   1809032    0.00    0.00    0.00    0.00    0.00    16  run-prometheus.
02:06:32 PM  1000   1809036    7.00    0.00    0.00    1.00    7.00    20  otelcol-contrib
02:06:32 PM  1000   1809039    0.00    0.00    0.00    0.00    0.00    18  run-tempo.sh
02:06:32 PM  1000   1809042    0.00    0.00    0.00    0.00    0.00    16  prometheus
02:06:32 PM  1000   1809043    0.00    0.00    0.00    0.00    0.00    18  run-pyroscope.s
02:06:32 PM  1000   1809046   88.00    7.00    0.00    0.00   95.00    16  tempo
02:06:32 PM  1000   1809047    0.00    0.00    0.00    0.00    0.00    20  loki
02:06:32 PM  1000   1809077    0.00    0.00    0.00    0.00    0.00    18  pyroscope

02:06:31 PM   UID       PID   cswch/s nvcswch/s  Command
02:06:32 PM  1000   1809024      0.00      0.00  run-grafana.sh
02:06:32 PM  1000   1809026      0.00      0.00  run-loki.sh
02:06:32 PM  1000   1809028      0.00      0.00  grafana
02:06:32 PM  1000   1809029      0.00      0.00  run-otelcol.sh
02:06:32 PM  1000   1809032      0.00      0.00  run-prometheus.
02:06:32 PM  1000   1809036     68.00      1.00  otelcol-contrib
02:06:32 PM  1000   1809039      0.00      0.00  run-tempo.sh
02:06:32 PM  1000   1809042      6.00      0.00  prometheus
02:06:32 PM  1000   1809043      0.00      0.00  run-pyroscope.s
02:06:32 PM  1000   1809046      0.00      0.00  tempo
02:06:32 PM  1000   1809047      0.00      0.00  loki
02:06:32 PM  1000   1809077      0.00      0.00  pyroscope

02:06:32 PM   UID       PID    %usr %system  %guest   %wait    %CPU   CPU  Command
02:06:33 PM  1000   1809024    0.00    0.00    0.00    0.00    0.00    16  run-grafana.sh
02:06:33 PM  1000   1809026    0.00    0.00    0.00    0.00    0.00    16  run-loki.sh
02:06:33 PM  1000   1809028    0.00    0.00    0.00    0.00    0.00    16  grafana
02:06:33 PM  1000   1809029    0.00    0.00    0.00    0.00    0.00    20  run-otelcol.sh
02:06:33 PM  1000   1809032    0.00    0.00    0.00    0.00    0.00    16  run-prometheus.
02:06:33 PM  1000   1809036    4.00    1.00    0.00    1.00    5.00    16  otelcol-contrib
02:06:33 PM  1000   1809039    0.00    0.00    0.00    0.00    0.00    18  run-tempo.sh
02:06:33 PM  1000   1809042    0.00    0.00    0.00    0.00    0.00    16  prometheus
02:06:33 PM  1000   1809043    0.00    0.00    0.00    0.00    0.00    18  run-pyroscope.s
02:06:33 PM  1000   1809046   51.00    6.00    0.00    0.00   57.00    16  tempo
02:06:33 PM  1000   1809047    0.00    1.00    0.00    0.00    1.00    20  loki
02:06:33 PM  1000   1809077    0.00    0.00    0.00    0.00    0.00    18  pyroscope

02:06:32 PM   UID       PID   cswch/s nvcswch/s  Command
02:06:33 PM  1000   1809024      0.00      0.00  run-grafana.sh
02:06:33 PM  1000   1809026      0.00      0.00  run-loki.sh
02:06:33 PM  1000   1809028      0.00      0.00  grafana
02:06:33 PM  1000   1809029      0.00      0.00  run-otelcol.sh
02:06:33 PM  1000   1809032      0.00      0.00  run-prometheus.
02:06:33 PM  1000   1809036     65.00      4.00  otelcol-contrib
02:06:33 PM  1000   1809039      0.00      0.00  run-tempo.sh
02:06:33 PM  1000   1809042      1.00      0.00  prometheus
02:06:33 PM  1000   1809043      0.00      0.00  run-pyroscope.s
02:06:33 PM  1000   1809046      0.00      0.00  tempo
02:06:33 PM  1000   1809047      0.00      0.00  loki
02:06:33 PM  1000   1809077      6.00      0.00  pyroscope

02:06:33 PM   UID       PID    %usr %system  %guest   %wait    %CPU   CPU  Command
02:06:34 PM  1000   1809024    0.00    0.00    0.00    0.00    0.00    16  run-grafana.sh
02:06:34 PM  1000   1809026    0.00    0.00    0.00    0.00    0.00    16  run-loki.sh
02:06:34 PM  1000   1809028    0.00    0.00    0.00    0.00    0.00    16  grafana
02:06:34 PM  1000   1809029    0.00    0.00    0.00    0.00    0.00    20  run-otelcol.sh
02:06:34 PM  1000   1809032    0.00    0.00    0.00    0.00    0.00    16  run-prometheus.
02:06:34 PM  1000   1809036    5.00    0.00    0.00    0.00    5.00    16  otelcol-contrib
02:06:34 PM  1000   1809039    0.00    0.00    0.00    0.00    0.00    18  run-tempo.sh
02:06:34 PM  1000   1809042    0.00    0.00    0.00    0.00    0.00    18  prometheus
02:06:34 PM  1000   1809043    0.00    0.00    0.00    0.00    0.00    18  run-pyroscope.s
02:06:34 PM  1000   1809046   55.00    2.00    0.00    0.00   57.00    16  tempo
02:06:34 PM  1000   1809047    0.00    0.00    0.00    0.00    0.00    20  loki
02:06:34 PM  1000   1809077    0.00    0.00    0.00    0.00    0.00    18  pyroscope

02:06:33 PM   UID       PID   cswch/s nvcswch/s  Command
02:06:34 PM  1000   1809024      0.00      0.00  run-grafana.sh
02:06:34 PM  1000   1809026      0.00      0.00  run-loki.sh
02:06:34 PM  1000   1809028      0.00      0.00  grafana
02:06:34 PM  1000   1809029      0.00      0.00  run-otelcol.sh
02:06:34 PM  1000   1809032      0.00      0.00  run-prometheus.
02:06:34 PM  1000   1809036     61.00      3.00  otelcol-contrib
02:06:34 PM  1000   1809039      0.00      0.00  run-tempo.sh
02:06:34 PM  1000   1809042      2.00      0.00  prometheus
02:06:34 PM  1000   1809043      0.00      0.00  run-pyroscope.s
02:06:34 PM  1000   1809046      0.00      0.00  tempo
02:06:34 PM  1000   1809047      0.00      0.00  loki
02:06:34 PM  1000   1809077      0.00      0.00  pyroscope

02:06:34 PM   UID       PID    %usr %system  %guest   %wait    %CPU   CPU  Command
02:06:35 PM  1000   1809024    0.00    0.00    0.00    0.00    0.00    16  run-grafana.sh
02:06:35 PM  1000   1809026    0.00    0.00    0.00    0.00    0.00    16  run-loki.sh
02:06:35 PM  1000   1809028    0.00    0.00    0.00    0.00    0.00    16  grafana
02:06:35 PM  1000   1809029    0.00    0.00    0.00    0.00    0.00    20  run-otelcol.sh
02:06:35 PM  1000   1809032    0.00    0.00    0.00    0.00    0.00    16  run-prometheus.
02:06:35 PM  1000   1809036    7.00    0.00    0.00    1.00    7.00    18  otelcol-contrib
02:06:35 PM  1000   1809039    0.00    0.00    0.00    0.00    0.00    18  run-tempo.sh
02:06:35 PM  1000   1809042    0.00    0.00    0.00    0.00    0.00    16  prometheus
02:06:35 PM  1000   1809043    0.00    0.00    0.00    0.00    0.00    18  run-pyroscope.s
02:06:35 PM  1000   1809046   52.00    2.00    0.00    0.00   54.00    16  tempo
02:06:35 PM  1000   1809047    1.00    0.00    0.00    0.00    1.00    20  loki
02:06:35 PM  1000   1809077    0.00    0.00    0.00    0.00    0.00    18  pyroscope

02:06:34 PM   UID       PID   cswch/s nvcswch/s  Command
02:06:35 PM  1000   1809024      0.00      0.00  run-grafana.sh
02:06:35 PM  1000   1809026      0.00      0.00  run-loki.sh
02:06:35 PM  1000   1809028      0.00      0.00  grafana
02:06:35 PM  1000   1809029      0.00      0.00  run-otelcol.sh
02:06:35 PM  1000   1809032      0.00      0.00  run-prometheus.
02:06:35 PM  1000   1809036     61.00      1.00  otelcol-contrib
02:06:35 PM  1000   1809039      0.00      0.00  run-tempo.sh
02:06:35 PM  1000   1809042      2.00      0.00  prometheus
02:06:35 PM  1000   1809043      0.00      0.00  run-pyroscope.s
02:06:35 PM  1000   1809046      0.00      0.00  tempo
02:06:35 PM  1000   1809047      0.00      0.00  loki
02:06:35 PM  1000   1809077      0.00      0.00  pyroscope

02:06:35 PM   UID       PID    %usr %system  %guest   %wait    %CPU   CPU  Command
02:06:36 PM  1000   1809024    0.00    0.00    0.00    0.00    0.00    16  run-grafana.sh
02:06:36 PM  1000   1809026    0.00    0.00    0.00    0.00    0.00    16  run-loki.sh
02:06:36 PM  1000   1809028    0.00    1.00    0.00    0.00    1.00    16  grafana
02:06:36 PM  1000   1809029    0.00    0.00    0.00    0.00    0.00    20  run-otelcol.sh
02:06:36 PM  1000   1809032    0.00    0.00    0.00    0.00    0.00    16  run-prometheus.
02:06:36 PM  1000   1809036    6.00    0.00    0.00    0.00    6.00    20  otelcol-contrib
02:06:36 PM  1000   1809039    0.00    0.00    0.00    0.00    0.00    18  run-tempo.sh
02:06:36 PM  1000   1809042    0.00    0.00    0.00    0.00    0.00    20  prometheus
02:06:36 PM  1000   1809043    0.00    0.00    0.00    0.00    0.00    18  run-pyroscope.s
02:06:36 PM  1000   1809046   56.00    1.00    0.00    0.00   57.00    16  tempo
02:06:36 PM  1000   1809047    0.00    0.00    0.00    0.00    0.00    20  loki
02:06:36 PM  1000   1809077    0.00    0.00    0.00    0.00    0.00    18  pyroscope

02:06:35 PM   UID       PID   cswch/s nvcswch/s  Command
02:06:36 PM  1000   1809024      0.00      0.00  run-grafana.sh
02:06:36 PM  1000   1809026      0.00      0.00  run-loki.sh
02:06:36 PM  1000   1809028      0.00      0.00  grafana
02:06:36 PM  1000   1809029      0.00      0.00  run-otelcol.sh
02:06:36 PM  1000   1809032      0.00      0.00  run-prometheus.
02:06:36 PM  1000   1809036     82.00      4.00  otelcol-contrib
02:06:36 PM  1000   1809039      0.00      0.00  run-tempo.sh
02:06:36 PM  1000   1809042      1.00      0.00  prometheus
02:06:36 PM  1000   1809043      0.00      0.00  run-pyroscope.s
02:06:36 PM  1000   1809046      0.00      0.00  tempo
02:06:36 PM  1000   1809047      0.00      0.00  loki
02:06:36 PM  1000   1809077      0.00      0.00  pyroscope

02:06:36 PM   UID       PID    %usr %system  %guest   %wait    %CPU   CPU  Command
02:06:37 PM  1000   1809024    0.00    0.00    0.00    0.00    0.00    16  run-grafana.sh
02:06:37 PM  1000   1809026    0.00    0.00    0.00    0.00    0.00    16  run-loki.sh
02:06:37 PM  1000   1809028    1.00    0.00    0.00    0.00    1.00    16  grafana
02:06:37 PM  1000   1809029    0.00    0.00    0.00    0.00    0.00    20  run-otelcol.sh
02:06:37 PM  1000   1809032    0.00    0.00    0.00    0.00    0.00    16  run-prometheus.
02:06:37 PM  1000   1809036    5.00    0.00    0.00    0.00    5.00    16  otelcol-contrib
02:06:37 PM  1000   1809039    0.00    0.00    0.00    0.00    0.00    18  run-tempo.sh
02:06:37 PM  1000   1809042    0.00    0.00    0.00    0.00    0.00    16  prometheus
02:06:37 PM  1000   1809043    0.00    0.00    0.00    0.00    0.00    18  run-pyroscope.s
02:06:37 PM  1000   1809046   34.00    2.00    0.00    0.00   36.00    16  tempo
02:06:37 PM  1000   1809047    0.00    0.00    0.00    0.00    0.00    20  loki
02:06:37 PM  1000   1809077    1.00    0.00    0.00    0.00    1.00    18  pyroscope

02:06:36 PM   UID       PID   cswch/s nvcswch/s  Command
02:06:37 PM  1000   1809024      0.00      0.00  run-grafana.sh
02:06:37 PM  1000   1809026      0.00      0.00  run-loki.sh
02:06:37 PM  1000   1809028      0.00      0.00  grafana
02:06:37 PM  1000   1809029      0.00      0.00  run-otelcol.sh
02:06:37 PM  1000   1809032      0.00      0.00  run-prometheus.
02:06:37 PM  1000   1809036     78.00      1.00  otelcol-contrib
02:06:37 PM  1000   1809039      0.00      0.00  run-tempo.sh
02:06:37 PM  1000   1809042      4.00      0.00  prometheus
02:06:37 PM  1000   1809043      0.00      0.00  run-pyroscope.s
02:06:37 PM  1000   1809046      0.00      0.00  tempo
02:06:37 PM  1000   1809047      0.00      0.00  loki
02:06:37 PM  1000   1809077      0.00      0.00  pyroscope

02:06:37 PM   UID       PID    %usr %system  %guest   %wait    %CPU   CPU  Command
02:06:38 PM  1000   1809024    0.00    0.00    0.00    0.00    0.00    16  run-grafana.sh
02:06:38 PM  1000   1809026    0.00    0.00    0.00    0.00    0.00    16  run-loki.sh
02:06:38 PM  1000   1809028    0.00    0.00    0.00    0.00    0.00    16  grafana
02:06:38 PM  1000   1809029    0.00    0.00    0.00    0.00    0.00    20  run-otelcol.sh
02:06:38 PM  1000   1809032    0.00    0.00    0.00    0.00    0.00    16  run-prometheus.
02:06:38 PM  1000   1809036    7.00    1.00    0.00    0.00    8.00    18  otelcol-contrib
02:06:38 PM  1000   1809039    0.00    0.00    0.00    0.00    0.00    18  run-tempo.sh
02:06:38 PM  1000   1809042    0.00    0.00    0.00    0.00    0.00    18  prometheus
02:06:38 PM  1000   1809043    0.00    0.00    0.00    0.00    0.00    18  run-pyroscope.s
02:06:38 PM  1000   1809046   37.00    1.00    0.00    0.00   38.00    16  tempo
02:06:38 PM  1000   1809047    0.00    0.00    0.00    0.00    0.00    20  loki
02:06:38 PM  1000   1809077    0.00    0.00    0.00    0.00    0.00    18  pyroscope

02:06:37 PM   UID       PID   cswch/s nvcswch/s  Command
02:06:38 PM  1000   1809024      0.00      0.00  run-grafana.sh
02:06:38 PM  1000   1809026      0.00      0.00  run-loki.sh
02:06:38 PM  1000   1809028      0.00      0.00  grafana
02:06:38 PM  1000   1809029      0.00      0.00  run-otelcol.sh
02:06:38 PM  1000   1809032      0.00      0.00  run-prometheus.
02:06:38 PM  1000   1809036     66.00      2.00  otelcol-contrib
02:06:38 PM  1000   1809039      0.00      0.00  run-tempo.sh
02:06:38 PM  1000   1809042      1.00      0.00  prometheus
02:06:38 PM  1000   1809043      0.00      0.00  run-pyroscope.s
02:06:38 PM  1000   1809046      0.00      0.00  tempo
02:06:38 PM  1000   1809047      0.00      0.00  loki
02:06:38 PM  1000   1809077      0.00      0.00  pyroscope

02:06:38 PM   UID       PID    %usr %system  %guest   %wait    %CPU   CPU  Command
02:06:39 PM  1000   1809024    0.00    0.00    0.00    0.00    0.00    16  run-grafana.sh
02:06:39 PM  1000   1809026    0.00    0.00    0.00    0.00    0.00    16  run-loki.sh
02:06:39 PM  1000   1809028    0.00    0.00    0.00    0.00    0.00    16  grafana
02:06:39 PM  1000   1809029    0.00    0.00    0.00    0.00    0.00    20  run-otelcol.sh
02:06:39 PM  1000   1809032    0.00    0.00    0.00    0.00    0.00    16  run-prometheus.
02:06:39 PM  1000   1809036    6.00    0.00    0.00    0.00    6.00    20  otelcol-contrib
02:06:39 PM  1000   1809039    0.00    0.00    0.00    0.00    0.00    18  run-tempo.sh
02:06:39 PM  1000   1809042    0.00    0.00    0.00    0.00    0.00    16  prometheus
02:06:39 PM  1000   1809043    0.00    0.00    0.00    0.00    0.00    18  run-pyroscope.s
02:06:39 PM  1000   1809046   28.00    1.00    0.00    0.00   29.00    16  tempo
02:06:39 PM  1000   1809047    1.00    0.00    0.00    0.00    1.00    20  loki
02:06:39 PM  1000   1809077    0.00    0.00    0.00    0.00    0.00    18  pyroscope

02:06:38 PM   UID       PID   cswch/s nvcswch/s  Command
02:06:39 PM  1000   1809024      0.00      0.00  run-grafana.sh
02:06:39 PM  1000   1809026      0.00      0.00  run-loki.sh
02:06:39 PM  1000   1809028      0.00      0.00  grafana
02:06:39 PM  1000   1809029      0.00      0.00  run-otelcol.sh
02:06:39 PM  1000   1809032      0.00      0.00  run-prometheus.
02:06:39 PM  1000   1809036     63.00      0.00  otelcol-contrib
02:06:39 PM  1000   1809039      0.00      0.00  run-tempo.sh
02:06:39 PM  1000   1809042      2.00      0.00  prometheus
02:06:39 PM  1000   1809043      0.00      0.00  run-pyroscope.s
02:06:39 PM  1000   1809046      0.00      0.00  tempo
02:06:39 PM  1000   1809047      0.00      0.00  loki
02:06:39 PM  1000   1809077      0.00      0.00  pyroscope

02:06:39 PM   UID       PID    %usr %system  %guest   %wait    %CPU   CPU  Command
02:06:40 PM  1000   1809024    0.00    0.00    0.00    0.00    0.00    16  run-grafana.sh
02:06:40 PM  1000   1809026    0.00    0.00    0.00    0.00    0.00    16  run-loki.sh
02:06:40 PM  1000   1809028    0.00    0.00    0.00    0.00    0.00    16  grafana
02:06:40 PM  1000   1809029    0.00    0.00    0.00    0.00    0.00    20  run-otelcol.sh
02:06:40 PM  1000   1809032    0.00    0.00    0.00    0.00    0.00    16  run-prometheus.
02:06:40 PM  1000   1809036    5.00    0.00    0.00    0.00    5.00    20  otelcol-contrib
02:06:40 PM  1000   1809039    0.00    0.00    0.00    0.00    0.00    18  run-tempo.sh
02:06:40 PM  1000   1809042    0.00    1.00    0.00    0.00    1.00    20  prometheus
02:06:40 PM  1000   1809043    0.00    0.00    0.00    0.00    0.00    18  run-pyroscope.s
02:06:40 PM  1000   1809046   31.00    1.00    0.00    0.00   32.00    16  tempo
02:06:40 PM  1000   1809047    0.00    0.00    0.00    0.00    0.00    20  loki
02:06:40 PM  1000   1809077    0.00    0.00    0.00    0.00    0.00    18  pyroscope

02:06:39 PM   UID       PID   cswch/s nvcswch/s  Command
02:06:40 PM  1000   1809024      0.00      0.00  run-grafana.sh
02:06:40 PM  1000   1809026      0.00      0.00  run-loki.sh
02:06:40 PM  1000   1809028      0.00      0.00  grafana
02:06:40 PM  1000   1809029      0.00      0.00  run-otelcol.sh
02:06:40 PM  1000   1809032      0.00      0.00  run-prometheus.
02:06:40 PM  1000   1809036     72.00      0.00  otelcol-contrib
02:06:40 PM  1000   1809039      0.00      0.00  run-tempo.sh
02:06:40 PM  1000   1809042      2.00      0.00  prometheus
02:06:40 PM  1000   1809043      0.00      0.00  run-pyroscope.s
02:06:40 PM  1000   1809046      0.00      0.00  tempo
02:06:40 PM  1000   1809047      0.00      0.00  loki
02:06:40 PM  1000   1809077      0.00      0.00  pyroscope

02:06:40 PM   UID       PID    %usr %system  %guest   %wait    %CPU   CPU  Command
02:06:41 PM  1000   1809024    0.00    0.00    0.00    0.00    0.00    16  run-grafana.sh
02:06:41 PM  1000   1809026    0.00    0.00    0.00    0.00    0.00    16  run-loki.sh
02:06:41 PM  1000   1809028    0.00    0.00    0.00    0.00    0.00    16  grafana
02:06:41 PM  1000   1809029    0.00    0.00    0.00    0.00    0.00    20  run-otelcol.sh
02:06:41 PM  1000   1809032    0.00    0.00    0.00    0.00    0.00    16  run-prometheus.
02:06:41 PM  1000   1809036    7.00    0.00    0.00    0.00    7.00    16  otelcol-contrib
02:06:41 PM  1000   1809039    0.00    0.00    0.00    0.00    0.00    18  run-tempo.sh
02:06:41 PM  1000   1809042    1.00    0.00    0.00    0.00    1.00    16  prometheus
02:06:41 PM  1000   1809043    0.00    0.00    0.00    0.00    0.00    18  run-pyroscope.s
02:06:41 PM  1000   1809046   77.00    7.00    0.00    0.00   84.00    16  tempo
02:06:41 PM  1000   1809047    2.00    0.00    0.00    0.00    2.00    20  loki
02:06:41 PM  1000   1809077    0.00    0.00    0.00    0.00    0.00    18  pyroscope

02:06:40 PM   UID       PID   cswch/s nvcswch/s  Command
02:06:41 PM  1000   1809024      0.00      0.00  run-grafana.sh
02:06:41 PM  1000   1809026      0.00      0.00  run-loki.sh
02:06:41 PM  1000   1809028      0.00      0.00  grafana
02:06:41 PM  1000   1809029      0.00      0.00  run-otelcol.sh
02:06:41 PM  1000   1809032      0.00      0.00  run-prometheus.
02:06:41 PM  1000   1809036     67.00      0.00  otelcol-contrib
02:06:41 PM  1000   1809039      0.00      0.00  run-tempo.sh
02:06:41 PM  1000   1809042      1.00      0.00  prometheus
02:06:41 PM  1000   1809043      0.00      0.00  run-pyroscope.s
02:06:41 PM  1000   1809046      0.00      0.00  tempo
02:06:41 PM  1000   1809047      0.00      0.00  loki
02:06:41 PM  1000   1809077      0.00      0.00  pyroscope

02:06:41 PM   UID       PID    %usr %system  %guest   %wait    %CPU   CPU  Command
02:06:42 PM  1000   1809024    0.00    0.00    0.00    0.00    0.00    16  run-grafana.sh
02:06:42 PM  1000   1809026    0.00    0.00    0.00    0.00    0.00    16  run-loki.sh
02:06:42 PM  1000   1809028    0.00    0.00    0.00    0.00    0.00    16  grafana
02:06:42 PM  1000   1809029    0.00    0.00    0.00    0.00    0.00    20  run-otelcol.sh
02:06:42 PM  1000   1809032    0.00    0.00    0.00    0.00    0.00    16  run-prometheus.
02:06:42 PM  1000   1809036    5.00    1.00    0.00    0.00    6.00    18  otelcol-contrib
02:06:42 PM  1000   1809039    0.00    0.00    0.00    0.00    0.00    18  run-tempo.sh
02:06:42 PM  1000   1809042    0.00    0.00    0.00    0.00    0.00    20  prometheus
02:06:42 PM  1000   1809043    0.00    0.00    0.00    0.00    0.00    18  run-pyroscope.s
02:06:42 PM  1000   1809046   77.00    5.00    0.00    0.00   82.00    16  tempo
02:06:42 PM  1000   1809047    0.00    0.00    0.00    0.00    0.00    20  loki
02:06:42 PM  1000   1809077    0.00    0.00    0.00    0.00    0.00    18  pyroscope

02:06:41 PM   UID       PID   cswch/s nvcswch/s  Command
02:06:42 PM  1000   1809024      0.00      0.00  run-grafana.sh
02:06:42 PM  1000   1809026      0.00      0.00  run-loki.sh
02:06:42 PM  1000   1809028      0.00      0.00  grafana
02:06:42 PM  1000   1809029      0.00      0.00  run-otelcol.sh
02:06:42 PM  1000   1809032      0.00      0.00  run-prometheus.
02:06:42 PM  1000   1809036     67.00      2.00  otelcol-contrib
02:06:42 PM  1000   1809039      0.00      0.00  run-tempo.sh
02:06:42 PM  1000   1809042      4.00      0.00  prometheus
02:06:42 PM  1000   1809043      0.00      0.00  run-pyroscope.s
02:06:42 PM  1000   1809046      0.00      0.00  tempo
02:06:42 PM  1000   1809047      0.00      0.00  loki
02:06:42 PM  1000   1809077      0.00      0.00  pyroscope

02:06:42 PM   UID       PID    %usr %system  %guest   %wait    %CPU   CPU  Command
02:06:43 PM  1000   1809024    0.00    0.00    0.00    0.00    0.00    16  run-grafana.sh
02:06:43 PM  1000   1809026    0.00    0.00    0.00    0.00    0.00    16  run-loki.sh
02:06:43 PM  1000   1809028    0.00    0.00    0.00    0.00    0.00    16  grafana
02:06:43 PM  1000   1809029    0.00    0.00    0.00    0.00    0.00    20  run-otelcol.sh
02:06:43 PM  1000   1809032    0.00    0.00    0.00    0.00    0.00    16  run-prometheus.
02:06:43 PM  1000   1809036    5.00    0.00    0.00    1.00    5.00    20  otelcol-contrib
02:06:43 PM  1000   1809039    0.00    0.00    0.00    0.00    0.00    18  run-tempo.sh
02:06:43 PM  1000   1809042    0.00    0.00    0.00    0.00    0.00    16  prometheus
02:06:43 PM  1000   1809043    0.00    0.00    0.00    0.00    0.00    18  run-pyroscope.s
02:06:43 PM  1000   1809046   20.00    0.00    0.00    0.00   20.00    16  tempo
02:06:43 PM  1000   1809047    0.00    0.00    0.00    0.00    0.00    20  loki
02:06:43 PM  1000   1809077    4.00    1.00    0.00    0.00    5.00    20  pyroscope

02:06:42 PM   UID       PID   cswch/s nvcswch/s  Command
02:06:43 PM  1000   1809024      0.00      0.00  run-grafana.sh
02:06:43 PM  1000   1809026      0.00      0.00  run-loki.sh
02:06:43 PM  1000   1809028      0.00      0.00  grafana
02:06:43 PM  1000   1809029      0.00      0.00  run-otelcol.sh
02:06:43 PM  1000   1809032      0.00      0.00  run-prometheus.
02:06:43 PM  1000   1809036     61.00      0.00  otelcol-contrib
02:06:43 PM  1000   1809039      0.00      0.00  run-tempo.sh
02:06:43 PM  1000   1809042      2.00      0.00  prometheus
02:06:43 PM  1000   1809043      0.00      0.00  run-pyroscope.s
02:06:43 PM  1000   1809046      0.00      0.00  tempo
02:06:43 PM  1000   1809047      0.00      0.00  loki
02:06:43 PM  1000   1809077     38.00      2.00  pyroscope

02:06:43 PM   UID       PID    %usr %system  %guest   %wait    %CPU   CPU  Command
02:06:44 PM  1000   1809024    0.00    0.00    0.00    0.00    0.00    16  run-grafana.sh
02:06:44 PM  1000   1809026    0.00    0.00    0.00    0.00    0.00    16  run-loki.sh
02:06:44 PM  1000   1809028    0.00    0.00    0.00    0.00    0.00    16  grafana
02:06:44 PM  1000   1809029    0.00    0.00    0.00    0.00    0.00    20  run-otelcol.sh
02:06:44 PM  1000   1809032    0.00    0.00    0.00    0.00    0.00    16  run-prometheus.
02:06:44 PM  1000   1809036    7.00    1.00    0.00    0.00    8.00    18  otelcol-contrib
02:06:44 PM  1000   1809039    0.00    0.00    0.00    0.00    0.00    18  run-tempo.sh
02:06:44 PM  1000   1809042    0.00    0.00    0.00    0.00    0.00    20  prometheus
02:06:44 PM  1000   1809043    0.00    0.00    0.00    0.00    0.00    18  run-pyroscope.s
02:06:44 PM  1000   1809046   82.00    2.00    0.00    0.00   84.00    16  tempo
02:06:44 PM  1000   1809047    0.00    0.00    0.00    0.00    0.00    20  loki
02:06:44 PM  1000   1809077    0.00    0.00    0.00    0.00    0.00    18  pyroscope

02:06:43 PM   UID       PID   cswch/s nvcswch/s  Command
02:06:44 PM  1000   1809024      0.00      0.00  run-grafana.sh
02:06:44 PM  1000   1809026      0.00      0.00  run-loki.sh
02:06:44 PM  1000   1809028      0.00      0.00  grafana
02:06:44 PM  1000   1809029      0.00      0.00  run-otelcol.sh
02:06:44 PM  1000   1809032      0.00      0.00  run-prometheus.
02:06:44 PM  1000   1809036     60.00      0.00  otelcol-contrib
02:06:44 PM  1000   1809039      0.00      0.00  run-tempo.sh
02:06:44 PM  1000   1809042      1.00      0.00  prometheus
02:06:44 PM  1000   1809043      0.00      0.00  run-pyroscope.s
02:06:44 PM  1000   1809046      0.00      0.00  tempo
02:06:44 PM  1000   1809047      0.00      0.00  loki
02:06:44 PM  1000   1809077     44.00      0.00  pyroscope

02:06:44 PM   UID       PID    %usr %system  %guest   %wait    %CPU   CPU  Command
02:06:45 PM  1000   1809024    0.00    0.00    0.00    0.00    0.00    16  run-grafana.sh
02:06:45 PM  1000   1809026    0.00    0.00    0.00    0.00    0.00    16  run-loki.sh
02:06:45 PM  1000   1809028    0.00    0.00    0.00    0.00    0.00    16  grafana
02:06:45 PM  1000   1809029    0.00    0.00    0.00    0.00    0.00    20  run-otelcol.sh
02:06:45 PM  1000   1809032    0.00    0.00    0.00    0.00    0.00    16  run-prometheus.
02:06:45 PM  1000   1809036    4.00    0.00    0.00    0.00    4.00    16  otelcol-contrib
02:06:45 PM  1000   1809039    0.00    0.00    0.00    0.00    0.00    18  run-tempo.sh
02:06:45 PM  1000   1809042    0.00    0.00    0.00    0.00    0.00    18  prometheus
02:06:45 PM  1000   1809043    0.00    0.00    0.00    0.00    0.00    18  run-pyroscope.s
02:06:45 PM  1000   1809046  119.00   14.00    0.00    0.00  133.00    16  tempo
02:06:45 PM  1000   1809047    1.00    0.00    0.00    0.00    1.00    20  loki
02:06:45 PM  1000   1809077    0.00    0.00    0.00    0.00    0.00    18  pyroscope

02:06:44 PM   UID       PID   cswch/s nvcswch/s  Command
02:06:45 PM  1000   1809024      0.00      0.00  run-grafana.sh
02:06:45 PM  1000   1809026      0.00      0.00  run-loki.sh
02:06:45 PM  1000   1809028      0.00      0.00  grafana
02:06:45 PM  1000   1809029      0.00      0.00  run-otelcol.sh
02:06:45 PM  1000   1809032      0.00      0.00  run-prometheus.
02:06:45 PM  1000   1809036     38.00      0.00  otelcol-contrib
02:06:45 PM  1000   1809039      0.00      0.00  run-tempo.sh
02:06:45 PM  1000   1809042      6.00      0.00  prometheus
02:06:45 PM  1000   1809043      0.00      0.00  run-pyroscope.s
02:06:45 PM  1000   1809046      0.00      0.00  tempo
02:06:45 PM  1000   1809047      0.00      0.00  loki
02:06:45 PM  1000   1809077     29.00      0.00  pyroscope

02:06:45 PM   UID       PID    %usr %system  %guest   %wait    %CPU   CPU  Command
02:06:46 PM  1000   1809024    0.00    0.00    0.00    0.00    0.00    16  run-grafana.sh
02:06:46 PM  1000   1809026    0.00    0.00    0.00    0.00    0.00    16  run-loki.sh
02:06:46 PM  1000   1809028    2.00    0.00    0.00    0.00    2.00    16  grafana
02:06:46 PM  1000   1809029    0.00    0.00    0.00    0.00    0.00    20  run-otelcol.sh
02:06:46 PM  1000   1809032    0.00    0.00    0.00    0.00    0.00    16  run-prometheus.
02:06:46 PM  1000   1809036    5.00    1.00    0.00    0.00    6.00    16  otelcol-contrib
02:06:46 PM  1000   1809039    0.00    0.00    0.00    0.00    0.00    18  run-tempo.sh
02:06:46 PM  1000   1809042    0.00    0.00    0.00    0.00    0.00    16  prometheus
02:06:46 PM  1000   1809043    0.00    0.00    0.00    0.00    0.00    18  run-pyroscope.s
02:06:46 PM  1000   1809046   30.00    2.00    0.00    0.00   32.00    16  tempo
02:06:46 PM  1000   1809047    0.00    1.00    0.00    0.00    1.00    20  loki
02:06:46 PM  1000   1809077    0.00    0.00    0.00    0.00    0.00    16  pyroscope

02:06:45 PM   UID       PID   cswch/s nvcswch/s  Command
02:06:46 PM  1000   1809024      0.00      0.00  run-grafana.sh
02:06:46 PM  1000   1809026      0.00      0.00  run-loki.sh
02:06:46 PM  1000   1809028      0.00      0.00  grafana
02:06:46 PM  1000   1809029      0.00      0.00  run-otelcol.sh
02:06:46 PM  1000   1809032      0.00      0.00  run-prometheus.
02:06:46 PM  1000   1809036     82.00      0.00  otelcol-contrib
02:06:46 PM  1000   1809039      0.00      0.00  run-tempo.sh
02:06:46 PM  1000   1809042      3.00      0.00  prometheus
02:06:46 PM  1000   1809043      0.00      0.00  run-pyroscope.s
02:06:46 PM  1000   1809046      0.00      0.00  tempo
02:06:46 PM  1000   1809047      0.00      0.00  loki
02:06:46 PM  1000   1809077     38.00      0.00  pyroscope

02:06:46 PM   UID       PID    %usr %system  %guest   %wait    %CPU   CPU  Command
02:06:47 PM  1000   1809024    0.00    0.00    0.00    0.00    0.00    16  run-grafana.sh
02:06:47 PM  1000   1809026    0.00    0.00    0.00    0.00    0.00    16  run-loki.sh
02:06:47 PM  1000   1809028    0.00    0.00    0.00    0.00    0.00    16  grafana
02:06:47 PM  1000   1809029    0.00    0.00    0.00    0.00    0.00    20  run-otelcol.sh
02:06:47 PM  1000   1809032    0.00    0.00    0.00    0.00    0.00    16  run-prometheus.
02:06:47 PM  1000   1809036    7.00    0.00    0.00    0.00    7.00    16  otelcol-contrib
02:06:47 PM  1000   1809039    0.00    0.00    0.00    0.00    0.00    18  run-tempo.sh
02:06:47 PM  1000   1809042    0.00    0.00    0.00    0.00    0.00    18  prometheus
02:06:47 PM  1000   1809043    0.00    0.00    0.00    0.00    0.00    18  run-pyroscope.s
02:06:47 PM  1000   1809046   50.00    2.00    0.00    0.00   52.00    16  tempo
02:06:47 PM  1000   1809047    0.00    0.00    0.00    0.00    0.00    20  loki
02:06:47 PM  1000   1809077    1.00    0.00    0.00    0.00    1.00    18  pyroscope

02:06:46 PM   UID       PID   cswch/s nvcswch/s  Command
02:06:47 PM  1000   1809024      0.00      0.00  run-grafana.sh
02:06:47 PM  1000   1809026      0.00      0.00  run-loki.sh
02:06:47 PM  1000   1809028      0.00      0.00  grafana
02:06:47 PM  1000   1809029      0.00      0.00  run-otelcol.sh
02:06:47 PM  1000   1809032      0.00      0.00  run-prometheus.
02:06:47 PM  1000   1809036     58.00     54.00  otelcol-contrib
02:06:47 PM  1000   1809039      0.00      0.00  run-tempo.sh
02:06:47 PM  1000   1809042      5.00      0.00  prometheus
02:06:47 PM  1000   1809043      0.00      0.00  run-pyroscope.s
02:06:47 PM  1000   1809046      0.00      0.00  tempo
02:06:47 PM  1000   1809047      0.00      0.00  loki
02:06:47 PM  1000   1809077     45.00      0.00  pyroscope

02:06:47 PM   UID       PID    %usr %system  %guest   %wait    %CPU   CPU  Command
02:06:48 PM  1000   1809024    0.00    0.00    0.00    0.00    0.00    16  run-grafana.sh
02:06:48 PM  1000   1809026    0.00    0.00    0.00    0.00    0.00    16  run-loki.sh
02:06:48 PM  1000   1809028    0.00    0.00    0.00    0.00    0.00    16  grafana
02:06:48 PM  1000   1809029    0.00    0.00    0.00    0.00    0.00    20  run-otelcol.sh
02:06:48 PM  1000   1809032    0.00    0.00    0.00    0.00    0.00    16  run-prometheus.
02:06:48 PM  1000   1809036    6.00    0.00    0.00    0.00    6.00    18  otelcol-contrib
02:06:48 PM  1000   1809039    0.00    0.00    0.00    0.00    0.00    18  run-tempo.sh
02:06:48 PM  1000   1809042    0.00    0.00    0.00    0.00    0.00    18  prometheus
02:06:48 PM  1000   1809043    0.00    0.00    0.00    0.00    0.00    18  run-pyroscope.s
02:06:48 PM  1000   1809046   31.00    1.00    0.00    0.00   32.00    16  tempo
02:06:48 PM  1000   1809047    0.00    0.00    0.00    0.00    0.00    20  loki
02:06:48 PM  1000   1809077    0.00    0.00    0.00    0.00    0.00    16  pyroscope

02:06:47 PM   UID       PID   cswch/s nvcswch/s  Command
02:06:48 PM  1000   1809024      0.00      0.00  run-grafana.sh
02:06:48 PM  1000   1809026      0.00      0.00  run-loki.sh
02:06:48 PM  1000   1809028      0.00      0.00  grafana
02:06:48 PM  1000   1809029      0.00      0.00  run-otelcol.sh
02:06:48 PM  1000   1809032      0.00      0.00  run-prometheus.
02:06:48 PM  1000   1809036     66.00      3.00  otelcol-contrib
02:06:48 PM  1000   1809039      0.00      0.00  run-tempo.sh
02:06:48 PM  1000   1809042      2.00      0.00  prometheus
02:06:48 PM  1000   1809043      0.00      0.00  run-pyroscope.s
02:06:48 PM  1000   1809046      0.00      0.00  tempo
02:06:48 PM  1000   1809047      0.00      0.00  loki
02:06:48 PM  1000   1809077     34.00      0.00  pyroscope

02:06:48 PM   UID       PID    %usr %system  %guest   %wait    %CPU   CPU  Command
02:06:49 PM  1000   1809024    0.00    0.00    0.00    0.00    0.00    16  run-grafana.sh
02:06:49 PM  1000   1809026    0.00    0.00    0.00    0.00    0.00    16  run-loki.sh
02:06:49 PM  1000   1809028    0.00    0.00    0.00    0.00    0.00    16  grafana
02:06:49 PM  1000   1809029    0.00    0.00    0.00    0.00    0.00    20  run-otelcol.sh
02:06:49 PM  1000   1809032    0.00    0.00    0.00    0.00    0.00    16  run-prometheus.
02:06:49 PM  1000   1809036    7.00    1.00    0.00    0.00    8.00    16  otelcol-contrib
02:06:49 PM  1000   1809039    0.00    0.00    0.00    0.00    0.00    18  run-tempo.sh
02:06:49 PM  1000   1809042    2.00    0.00    0.00    0.00    2.00    20  prometheus
02:06:49 PM  1000   1809043    0.00    0.00    0.00    0.00    0.00    18  run-pyroscope.s
02:06:49 PM  1000   1809046   70.00    4.00    0.00    0.00   74.00    16  tempo
02:06:49 PM  1000   1809047    0.00    0.00    0.00    0.00    0.00    20  loki
02:06:49 PM  1000   1809077    0.00    0.00    0.00    0.00    0.00    16  pyroscope

02:06:48 PM   UID       PID   cswch/s nvcswch/s  Command
02:06:49 PM  1000   1809024      0.00      0.00  run-grafana.sh
02:06:49 PM  1000   1809026      0.00      0.00  run-loki.sh
02:06:49 PM  1000   1809028      0.00      0.00  grafana
02:06:49 PM  1000   1809029      0.00      0.00  run-otelcol.sh
02:06:49 PM  1000   1809032      0.00      0.00  run-prometheus.
02:06:49 PM  1000   1809036     67.00      2.00  otelcol-contrib
02:06:49 PM  1000   1809039      0.00      0.00  run-tempo.sh
02:06:49 PM  1000   1809042      2.00      0.00  prometheus
02:06:49 PM  1000   1809043      0.00      0.00  run-pyroscope.s
02:06:49 PM  1000   1809046      0.00      0.00  tempo
02:06:49 PM  1000   1809047      0.00      0.00  loki
02:06:49 PM  1000   1809077     44.00      0.00  pyroscope

02:06:49 PM   UID       PID    %usr %system  %guest   %wait    %CPU   CPU  Command
02:06:50 PM  1000   1809024    0.00    0.00    0.00    0.00    0.00    16  run-grafana.sh
02:06:50 PM  1000   1809026    0.00    0.00    0.00    0.00    0.00    16  run-loki.sh
02:06:50 PM  1000   1809028    0.00    0.00    0.00    0.00    0.00    16  grafana
02:06:50 PM  1000   1809029    0.00    0.00    0.00    0.00    0.00    20  run-otelcol.sh
02:06:50 PM  1000   1809032    0.00    0.00    0.00    0.00    0.00    16  run-prometheus.
02:06:50 PM  1000   1809036    4.00    0.00    0.00    0.00    4.00    20  otelcol-contrib
02:06:50 PM  1000   1809039    0.00    0.00    0.00    0.00    0.00    18  run-tempo.sh
02:06:50 PM  1000   1809042    0.00    0.00    0.00    0.00    0.00    18  prometheus
02:06:50 PM  1000   1809043    0.00    0.00    0.00    0.00    0.00    18  run-pyroscope.s
02:06:50 PM  1000   1809046   21.00    3.00    0.00    0.00   24.00    16  tempo
02:06:50 PM  1000   1809047    1.00    0.00    0.00    0.00    1.00    20  loki
02:06:50 PM  1000   1809077    0.00    0.00    0.00    0.00    0.00    16  pyroscope

02:06:49 PM   UID       PID   cswch/s nvcswch/s  Command
02:06:50 PM  1000   1809024      0.00      0.00  run-grafana.sh
02:06:50 PM  1000   1809026      0.00      0.00  run-loki.sh
02:06:50 PM  1000   1809028      0.00      0.00  grafana
02:06:50 PM  1000   1809029      0.00      0.00  run-otelcol.sh
02:06:50 PM  1000   1809032      0.00      0.00  run-prometheus.
02:06:50 PM  1000   1809036     76.00      3.00  otelcol-contrib
02:06:50 PM  1000   1809039      0.00      0.00  run-tempo.sh
02:06:50 PM  1000   1809042      1.00      0.00  prometheus
02:06:50 PM  1000   1809043      0.00      0.00  run-pyroscope.s
02:06:50 PM  1000   1809046      0.00      0.00  tempo
02:06:50 PM  1000   1809047      0.00      0.00  loki
02:06:50 PM  1000   1809077     29.00      0.00  pyroscope

02:06:50 PM   UID       PID    %usr %system  %guest   %wait    %CPU   CPU  Command
02:06:51 PM  1000   1809024    0.00    0.00    0.00    0.00    0.00    16  run-grafana.sh
02:06:51 PM  1000   1809026    0.00    0.00    0.00    0.00    0.00    16  run-loki.sh
02:06:51 PM  1000   1809028    0.00    0.00    0.00    0.00    0.00    16  grafana
02:06:51 PM  1000   1809029    0.00    0.00    0.00    0.00    0.00    20  run-otelcol.sh
02:06:51 PM  1000   1809032    0.00    0.00    0.00    0.00    0.00    16  run-prometheus.
02:06:51 PM  1000   1809036    5.00    0.00    0.00    0.00    5.00    18  otelcol-contrib
02:06:51 PM  1000   1809039    0.00    0.00    0.00    0.00    0.00    18  run-tempo.sh
02:06:51 PM  1000   1809042    0.00    0.00    0.00    0.00    0.00    18  prometheus
02:06:51 PM  1000   1809043    0.00    0.00    0.00    0.00    0.00    18  run-pyroscope.s
02:06:51 PM  1000   1809046   48.00    4.00    0.00    0.00   52.00    16  tempo
02:06:51 PM  1000   1809047    0.00    0.00    0.00    0.00    0.00    20  loki
02:06:51 PM  1000   1809077    0.00    0.00    0.00    0.00    0.00    18  pyroscope

02:06:50 PM   UID       PID   cswch/s nvcswch/s  Command
02:06:51 PM  1000   1809024      0.00      0.00  run-grafana.sh
02:06:51 PM  1000   1809026      0.00      0.00  run-loki.sh
02:06:51 PM  1000   1809028      0.00      0.00  grafana
02:06:51 PM  1000   1809029      0.00      0.00  run-otelcol.sh
02:06:51 PM  1000   1809032      0.00      0.00  run-prometheus.
02:06:51 PM  1000   1809036     63.00      0.00  otelcol-contrib
02:06:51 PM  1000   1809039      0.00      0.00  run-tempo.sh
02:06:51 PM  1000   1809042      1.00      0.00  prometheus
02:06:51 PM  1000   1809043      0.00      0.00  run-pyroscope.s
02:06:51 PM  1000   1809046      0.00      0.00  tempo
02:06:51 PM  1000   1809047      0.00      0.00  loki
02:06:51 PM  1000   1809077      7.00      0.00  pyroscope

02:06:51 PM   UID       PID    %usr %system  %guest   %wait    %CPU   CPU  Command
02:06:52 PM  1000   1809024    0.00    0.00    0.00    0.00    0.00    16  run-grafana.sh
02:06:52 PM  1000   1809026    0.00    0.00    0.00    0.00    0.00    16  run-loki.sh
02:06:52 PM  1000   1809028    1.00    0.00    0.00    0.00    1.00    16  grafana
02:06:52 PM  1000   1809029    0.00    0.00    0.00    0.00    0.00    20  run-otelcol.sh
02:06:52 PM  1000   1809032    0.00    0.00    0.00    0.00    0.00    16  run-prometheus.
02:06:52 PM  1000   1809036    8.00    1.00    0.00    0.00    9.00    20  otelcol-contrib
02:06:52 PM  1000   1809039    0.00    0.00    0.00    0.00    0.00    18  run-tempo.sh
02:06:52 PM  1000   1809042    0.00    0.00    0.00    0.00    0.00    16  prometheus
02:06:52 PM  1000   1809043    0.00    0.00    0.00    0.00    0.00    18  run-pyroscope.s
02:06:52 PM  1000   1809046   84.00    2.00    0.00    0.00   86.00    16  tempo
02:06:52 PM  1000   1809047    0.00    0.00    0.00    0.00    0.00    20  loki
02:06:52 PM  1000   1809077    1.00    0.00    0.00    0.00    1.00    20  pyroscope

02:06:51 PM   UID       PID   cswch/s nvcswch/s  Command
02:06:52 PM  1000   1809024      0.00      0.00  run-grafana.sh
02:06:52 PM  1000   1809026      0.00      0.00  run-loki.sh
02:06:52 PM  1000   1809028      0.00      0.00  grafana
02:06:52 PM  1000   1809029      0.00      0.00  run-otelcol.sh
02:06:52 PM  1000   1809032      0.00      0.00  run-prometheus.
02:06:52 PM  1000   1809036     59.00     26.00  otelcol-contrib
02:06:52 PM  1000   1809039      0.00      0.00  run-tempo.sh
02:06:52 PM  1000   1809042      7.00      0.00  prometheus
02:06:52 PM  1000   1809043      0.00      0.00  run-pyroscope.s
02:06:52 PM  1000   1809046      0.00      0.00  tempo
02:06:52 PM  1000   1809047      0.00      0.00  loki
02:06:52 PM  1000   1809077     32.00      0.00  pyroscope

02:06:52 PM   UID       PID    %usr %system  %guest   %wait    %CPU   CPU  Command
02:06:53 PM  1000   1809024    0.00    0.00    0.00    0.00    0.00    16  run-grafana.sh
02:06:53 PM  1000   1809026    0.00    0.00    0.00    0.00    0.00    16  run-loki.sh
02:06:53 PM  1000   1809028    0.00    0.00    0.00    0.00    0.00    16  grafana
02:06:53 PM  1000   1809029    0.00    0.00    0.00    0.00    0.00    20  run-otelcol.sh
02:06:53 PM  1000   1809032    0.00    0.00    0.00    0.00    0.00    16  run-prometheus.
02:06:53 PM  1000   1809036    5.00    0.00    0.00    0.00    5.00    16  otelcol-contrib
02:06:53 PM  1000   1809039    0.00    0.00    0.00    0.00    0.00    18  run-tempo.sh
02:06:53 PM  1000   1809042    0.00    0.00    0.00    0.00    0.00    20  prometheus
02:06:53 PM  1000   1809043    0.00    0.00    0.00    0.00    0.00    18  run-pyroscope.s
02:06:53 PM  1000   1809046   22.00    1.00    0.00    0.00   23.00    16  tempo
02:06:53 PM  1000   1809047    1.00    0.00    0.00    0.00    1.00    20  loki
02:06:53 PM  1000   1809077    0.00    0.00    0.00    0.00    0.00    20  pyroscope

02:06:52 PM   UID       PID   cswch/s nvcswch/s  Command
02:06:53 PM  1000   1809024      0.00      0.00  run-grafana.sh
02:06:53 PM  1000   1809026      0.00      0.00  run-loki.sh
02:06:53 PM  1000   1809028      0.00      0.00  grafana
02:06:53 PM  1000   1809029      0.00      0.00  run-otelcol.sh
02:06:53 PM  1000   1809032      0.00      0.00  run-prometheus.
02:06:53 PM  1000   1809036     66.00      0.00  otelcol-contrib
02:06:53 PM  1000   1809039      0.00      0.00  run-tempo.sh
02:06:53 PM  1000   1809042      3.00      0.00  prometheus
02:06:53 PM  1000   1809043      0.00      0.00  run-pyroscope.s
02:06:53 PM  1000   1809046      0.00      0.00  tempo
02:06:53 PM  1000   1809047      0.00      0.00  loki
02:06:53 PM  1000   1809077      0.00      0.00  pyroscope

02:06:53 PM   UID       PID    %usr %system  %guest   %wait    %CPU   CPU  Command
02:06:54 PM  1000   1809024    0.00    0.00    0.00    0.00    0.00    16  run-grafana.sh
02:06:54 PM  1000   1809026    0.00    0.00    0.00    0.00    0.00    16  run-loki.sh
02:06:54 PM  1000   1809028    0.00    0.00    0.00    0.00    0.00    16  grafana
02:06:54 PM  1000   1809029    0.00    0.00    0.00    0.00    0.00    20  run-otelcol.sh
02:06:54 PM  1000   1809032    0.00    0.00    0.00    0.00    0.00    16  run-prometheus.
02:06:54 PM  1000   1809036    5.00    0.00    0.00    0.00    5.00    20  otelcol-contrib
02:06:54 PM  1000   1809039    0.00    0.00    0.00    0.00    0.00    18  run-tempo.sh
02:06:54 PM  1000   1809042    0.00    0.00    0.00    0.00    0.00    18  prometheus
02:06:54 PM  1000   1809043    0.00    0.00    0.00    0.00    0.00    18  run-pyroscope.s
02:06:54 PM  1000   1809046   43.00    3.00    0.00    0.00   46.00    16  tempo
02:06:54 PM  1000   1809047    0.00    0.00    0.00    0.00    0.00    20  loki
02:06:54 PM  1000   1809077    0.00    0.00    0.00    0.00    0.00    20  pyroscope

02:06:53 PM   UID       PID   cswch/s nvcswch/s  Command
02:06:54 PM  1000   1809024      0.00      0.00  run-grafana.sh
02:06:54 PM  1000   1809026      0.00      0.00  run-loki.sh
02:06:54 PM  1000   1809028      0.00      0.00  grafana
02:06:54 PM  1000   1809029      0.00      0.00  run-otelcol.sh
02:06:54 PM  1000   1809032      0.00      0.00  run-prometheus.
02:06:54 PM  1000   1809036     56.00     11.00  otelcol-contrib
02:06:54 PM  1000   1809039      0.00      0.00  run-tempo.sh
02:06:54 PM  1000   1809042      4.00      0.00  prometheus
02:06:54 PM  1000   1809043      0.00      0.00  run-pyroscope.s
02:06:54 PM  1000   1809046      0.00      0.00  tempo
02:06:54 PM  1000   1809047      0.00      0.00  loki
02:06:54 PM  1000   1809077     29.00      0.00  pyroscope

02:06:54 PM   UID       PID    %usr %system  %guest   %wait    %CPU   CPU  Command
02:06:55 PM  1000   1809024    0.00    0.00    0.00    0.00    0.00    16  run-grafana.sh
02:06:55 PM  1000   1809026    0.00    0.00    0.00    0.00    0.00    16  run-loki.sh
02:06:55 PM  1000   1809028    0.00    0.00    0.00    0.00    0.00    16  grafana
02:06:55 PM  1000   1809029    0.00    0.00    0.00    0.00    0.00    20  run-otelcol.sh
02:06:55 PM  1000   1809032    0.00    0.00    0.00    0.00    0.00    16  run-prometheus.
02:06:55 PM  1000   1809036    8.00    0.00    0.00    0.00    8.00    16  otelcol-contrib
02:06:55 PM  1000   1809039    0.00    0.00    0.00    0.00    0.00    18  run-tempo.sh
02:06:55 PM  1000   1809042    0.00    0.00    0.00    0.00    0.00    16  prometheus
02:06:55 PM  1000   1809043    0.00    0.00    0.00    0.00    0.00    18  run-pyroscope.s
02:06:55 PM  1000   1809046   74.00    3.00    0.00    0.00   77.00    16  tempo
02:06:55 PM  1000   1809047    0.00    0.00    0.00    0.00    0.00    20  loki
02:06:55 PM  1000   1809077    0.00    0.00    0.00    0.00    0.00    16  pyroscope

02:06:54 PM   UID       PID   cswch/s nvcswch/s  Command
02:06:55 PM  1000   1809024      0.00      0.00  run-grafana.sh
02:06:55 PM  1000   1809026      0.00      0.00  run-loki.sh
02:06:55 PM  1000   1809028      0.00      0.00  grafana
02:06:55 PM  1000   1809029      0.00      0.00  run-otelcol.sh
02:06:55 PM  1000   1809032      0.00      0.00  run-prometheus.
02:06:55 PM  1000   1809036     61.00      3.00  otelcol-contrib
02:06:55 PM  1000   1809039      0.00      0.00  run-tempo.sh
02:06:55 PM  1000   1809042      2.00      0.00  prometheus
02:06:55 PM  1000   1809043      0.00      0.00  run-pyroscope.s
02:06:55 PM  1000   1809046      0.00      0.00  tempo
02:06:55 PM  1000   1809047      0.00      0.00  loki
02:06:55 PM  1000   1809077     49.00      0.00  pyroscope

02:06:55 PM   UID       PID    %usr %system  %guest   %wait    %CPU   CPU  Command
02:06:56 PM  1000   1809024    0.00    0.00    0.00    0.00    0.00    16  run-grafana.sh
02:06:56 PM  1000   1809026    0.00    0.00    0.00    0.00    0.00    16  run-loki.sh
02:06:56 PM  1000   1809028    0.00    0.00    0.00    0.00    0.00    16  grafana
02:06:56 PM  1000   1809029    0.00    0.00    0.00    0.00    0.00    20  run-otelcol.sh
02:06:56 PM  1000   1809032    0.00    0.00    0.00    0.00    0.00    16  run-prometheus.
02:06:56 PM  1000   1809036    5.00    1.00    0.00    0.00    6.00    16  otelcol-contrib
02:06:56 PM  1000   1809039    0.00    0.00    0.00    0.00    0.00    18  run-tempo.sh
02:06:56 PM  1000   1809042    0.00    0.00    0.00    0.00    0.00    20  prometheus
02:06:56 PM  1000   1809043    0.00    0.00    0.00    0.00    0.00    18  run-pyroscope.s
02:06:56 PM  1000   1809046   20.00    0.00    0.00    0.00   20.00    16  tempo
02:06:56 PM  1000   1809047    0.00    0.00    0.00    0.00    0.00    20  loki
02:06:56 PM  1000   1809077    0.00    0.00    0.00    0.00    0.00    16  pyroscope

02:06:55 PM   UID       PID   cswch/s nvcswch/s  Command
02:06:56 PM  1000   1809024      0.00      0.00  run-grafana.sh
02:06:56 PM  1000   1809026      0.00      0.00  run-loki.sh
02:06:56 PM  1000   1809028      0.00      0.00  grafana
02:06:56 PM  1000   1809029      0.00      0.00  run-otelcol.sh
02:06:56 PM  1000   1809032      0.00      0.00  run-prometheus.
02:06:56 PM  1000   1809036     68.00      5.00  otelcol-contrib
02:06:56 PM  1000   1809039      0.00      0.00  run-tempo.sh
02:06:56 PM  1000   1809042      1.00      0.00  prometheus
02:06:56 PM  1000   1809043      0.00      0.00  run-pyroscope.s
02:06:56 PM  1000   1809046      0.00      0.00  tempo
02:06:56 PM  1000   1809047      0.00      0.00  loki
02:06:56 PM  1000   1809077     31.00      0.00  pyroscope

02:06:56 PM   UID       PID    %usr %system  %guest   %wait    %CPU   CPU  Command
02:06:57 PM  1000   1809024    0.00    0.00    0.00    0.00    0.00    16  run-grafana.sh
02:06:57 PM  1000   1809026    0.00    0.00    0.00    0.00    0.00    16  run-loki.sh
02:06:57 PM  1000   1809028    0.00    0.00    0.00    0.00    0.00    16  grafana
02:06:57 PM  1000   1809029    0.00    0.00    0.00    0.00    0.00    20  run-otelcol.sh
02:06:57 PM  1000   1809032    0.00    0.00    0.00    0.00    0.00    16  run-prometheus.
02:06:57 PM  1000   1809036    5.00    0.00    0.00    0.00    5.00    18  otelcol-contrib
02:06:57 PM  1000   1809039    0.00    0.00    0.00    0.00    0.00    18  run-tempo.sh
02:06:57 PM  1000   1809042    1.00    0.00    0.00    0.00    1.00    18  prometheus
02:06:57 PM  1000   1809043    0.00    0.00    0.00    0.00    0.00    18  run-pyroscope.s
02:06:57 PM  1000   1809046   83.00    7.00    0.00    0.00   90.00    16  tempo
02:06:57 PM  1000   1809047    1.00    0.00    0.00    0.00    1.00    20  loki
02:06:57 PM  1000   1809077    0.00    0.00    0.00    0.00    0.00    20  pyroscope

02:06:56 PM   UID       PID   cswch/s nvcswch/s  Command
02:06:57 PM  1000   1809024      0.00      0.00  run-grafana.sh
02:06:57 PM  1000   1809026      0.00      0.00  run-loki.sh
02:06:57 PM  1000   1809028      0.00      0.00  grafana
02:06:57 PM  1000   1809029      0.00      0.00  run-otelcol.sh
02:06:57 PM  1000   1809032      0.00      0.00  run-prometheus.
02:06:57 PM  1000   1809036     59.00      3.00  otelcol-contrib
02:06:57 PM  1000   1809039      0.00      0.00  run-tempo.sh
02:06:57 PM  1000   1809042      7.00      0.00  prometheus
02:06:57 PM  1000   1809043      0.00      0.00  run-pyroscope.s
02:06:57 PM  1000   1809046      0.00      0.00  tempo
02:06:57 PM  1000   1809047      0.00      0.00  loki
02:06:57 PM  1000   1809077     36.00      0.00  pyroscope

02:06:57 PM   UID       PID    %usr %system  %guest   %wait    %CPU   CPU  Command
02:06:58 PM  1000   1809024    0.00    0.00    0.00    0.00    0.00    16  run-grafana.sh
02:06:58 PM  1000   1809026    0.00    0.00    0.00    0.00    0.00    16  run-loki.sh
02:06:58 PM  1000   1809028    0.00    0.00    0.00    0.00    0.00    16  grafana
02:06:58 PM  1000   1809029    0.00    0.00    0.00    0.00    0.00    20  run-otelcol.sh
02:06:58 PM  1000   1809032    0.00    0.00    0.00    0.00    0.00    16  run-prometheus.
02:06:58 PM  1000   1809036    7.00    1.00    0.00    1.00    8.00    20  otelcol-contrib
02:06:58 PM  1000   1809039    0.00    0.00    0.00    0.00    0.00    18  run-tempo.sh
02:06:58 PM  1000   1809042    0.00    0.00    0.00    0.00    0.00    16  prometheus
02:06:58 PM  1000   1809043    0.00    0.00    0.00    0.00    0.00    18  run-pyroscope.s
02:06:58 PM  1000   1809046   66.00    3.00    0.00    0.00   69.00    16  tempo
02:06:58 PM  1000   1809047    0.00    0.00    0.00    0.00    0.00    20  loki
02:06:58 PM  1000   1809077    4.00    1.00    0.00    0.00    5.00    20  pyroscope

02:06:57 PM   UID       PID   cswch/s nvcswch/s  Command
02:06:58 PM  1000   1809024      0.00      0.00  run-grafana.sh
02:06:58 PM  1000   1809026      0.00      0.00  run-loki.sh
02:06:58 PM  1000   1809028      0.00      0.00  grafana
02:06:58 PM  1000   1809029      0.00      0.00  run-otelcol.sh
02:06:58 PM  1000   1809032      0.00      0.00  run-prometheus.
02:06:58 PM  1000   1809036     64.00      9.00  otelcol-contrib
02:06:58 PM  1000   1809039      0.00      0.00  run-tempo.sh
02:06:58 PM  1000   1809042      3.00      0.00  prometheus
02:06:58 PM  1000   1809043      0.00      0.00  run-pyroscope.s
02:06:58 PM  1000   1809046      0.00      0.00  tempo
02:06:58 PM  1000   1809047      0.00      0.00  loki
02:06:58 PM  1000   1809077     81.00      0.00  pyroscope

02:06:58 PM   UID       PID    %usr %system  %guest   %wait    %CPU   CPU  Command
02:06:59 PM  1000   1809024    0.00    0.00    0.00    0.00    0.00    16  run-grafana.sh
02:06:59 PM  1000   1809026    0.00    0.00    0.00    0.00    0.00    16  run-loki.sh
02:06:59 PM  1000   1809028    0.00    0.00    0.00    0.00    0.00    16  grafana
02:06:59 PM  1000   1809029    0.00    0.00    0.00    0.00    0.00    20  run-otelcol.sh
02:06:59 PM  1000   1809032    0.00    0.00    0.00    0.00    0.00    16  run-prometheus.
02:06:59 PM  1000   1809036    5.00    0.00    0.00    0.00    5.00    16  otelcol-contrib
02:06:59 PM  1000   1809039    0.00    0.00    0.00    0.00    0.00    18  run-tempo.sh
02:06:59 PM  1000   1809042    0.00    0.00    0.00    0.00    0.00    18  prometheus
02:06:59 PM  1000   1809043    0.00    0.00    0.00    0.00    0.00    18  run-pyroscope.s
02:06:59 PM  1000   1809046   19.00    2.00    0.00    0.00   21.00    16  tempo
02:06:59 PM  1000   1809047    0.00    1.00    0.00    0.00    1.00    20  loki
02:06:59 PM  1000   1809077    0.00    0.00    0.00    0.00    0.00    16  pyroscope

02:06:58 PM   UID       PID   cswch/s nvcswch/s  Command
02:06:59 PM  1000   1809024      0.00      0.00  run-grafana.sh
02:06:59 PM  1000   1809026      0.00      0.00  run-loki.sh
02:06:59 PM  1000   1809028      0.00      0.00  grafana
02:06:59 PM  1000   1809029      0.00      0.00  run-otelcol.sh
02:06:59 PM  1000   1809032      0.00      0.00  run-prometheus.
02:06:59 PM  1000   1809036     48.00      3.00  otelcol-contrib
02:06:59 PM  1000   1809039      0.00      0.00  run-tempo.sh
02:06:59 PM  1000   1809042      1.00      0.00  prometheus
02:06:59 PM  1000   1809043      0.00      0.00  run-pyroscope.s
02:06:59 PM  1000   1809046      0.00      0.00  tempo
02:06:59 PM  1000   1809047      0.00      0.00  loki
02:06:59 PM  1000   1809077     46.00      0.00  pyroscope

02:06:59 PM   UID       PID    %usr %system  %guest   %wait    %CPU   CPU  Command
02:07:00 PM  1000   1809024    0.00    0.00    0.00    0.00    0.00    16  run-grafana.sh
02:07:00 PM  1000   1809026    0.00    0.00    0.00    0.00    0.00    16  run-loki.sh
02:07:00 PM  1000   1809028    2.00    1.00    0.00    0.00    3.00    16  grafana
02:07:00 PM  1000   1809029    0.00    0.00    0.00    0.00    0.00    20  run-otelcol.sh
02:07:00 PM  1000   1809032    0.00    0.00    0.00    0.00    0.00    16  run-prometheus.
02:07:00 PM  1000   1809036    5.00    0.00    0.00    0.00    5.00    16  otelcol-contrib
02:07:00 PM  1000   1809039    0.00    0.00    0.00    0.00    0.00    18  run-tempo.sh
02:07:00 PM  1000   1809042    0.00    0.00    0.00    0.00    0.00    16  prometheus
02:07:00 PM  1000   1809043    0.00    0.00    0.00    0.00    0.00    18  run-pyroscope.s
02:07:00 PM  1000   1809046   38.00    1.00    0.00    0.00   39.00    16  tempo
02:07:00 PM  1000   1809047    0.00    0.00    0.00    0.00    0.00    20  loki
02:07:00 PM  1000   1809077    1.00    0.00    0.00    0.00    1.00    18  pyroscope

02:06:59 PM   UID       PID   cswch/s nvcswch/s  Command
02:07:00 PM  1000   1809024      0.00      0.00  run-grafana.sh
02:07:00 PM  1000   1809026      0.00      0.00  run-loki.sh
02:07:00 PM  1000   1809028      0.00      0.00  grafana
02:07:00 PM  1000   1809029      0.00      0.00  run-otelcol.sh
02:07:00 PM  1000   1809032      0.00      0.00  run-prometheus.
02:07:00 PM  1000   1809036     60.00      4.00  otelcol-contrib
02:07:00 PM  1000   1809039      0.00      0.00  run-tempo.sh
02:07:00 PM  1000   1809042      1.00      0.00  prometheus
02:07:00 PM  1000   1809043      0.00      0.00  run-pyroscope.s
02:07:00 PM  1000   1809046      0.00      0.00  tempo
02:07:00 PM  1000   1809047      0.00      0.00  loki
02:07:00 PM  1000   1809077     40.00      0.00  pyroscope

02:07:00 PM   UID       PID    %usr %system  %guest   %wait    %CPU   CPU  Command
02:07:01 PM  1000   1809024    0.00    0.00    0.00    0.00    0.00    16  run-grafana.sh
02:07:01 PM  1000   1809026    0.00    0.00    0.00    0.00    0.00    16  run-loki.sh
02:07:01 PM  1000   1809028    0.00    0.00    0.00    0.00    0.00    16  grafana
02:07:01 PM  1000   1809029    0.00    0.00    0.00    0.00    0.00    20  run-otelcol.sh
02:07:01 PM  1000   1809032    0.00    0.00    0.00    0.00    0.00    16  run-prometheus.
02:07:01 PM  1000   1809036    7.00    1.00    0.00    0.00    8.00    20  otelcol-contrib
02:07:01 PM  1000   1809039    0.00    0.00    0.00    0.00    0.00    18  run-tempo.sh
02:07:01 PM  1000   1809042    0.00    0.00    0.00    0.00    0.00    16  prometheus
02:07:01 PM  1000   1809043    0.00    0.00    0.00    0.00    0.00    18  run-pyroscope.s
02:07:01 PM  1000   1809046   43.00    1.00    0.00    0.00   44.00    16  tempo
02:07:01 PM  1000   1809047    1.00    0.00    0.00    0.00    1.00    20  loki
02:07:01 PM  1000   1809077    0.00    0.00    0.00    0.00    0.00    20  pyroscope

02:07:00 PM   UID       PID   cswch/s nvcswch/s  Command
02:07:01 PM  1000   1809024      0.00      0.00  run-grafana.sh
02:07:01 PM  1000   1809026      0.00      0.00  run-loki.sh
02:07:01 PM  1000   1809028      0.00      0.00  grafana
02:07:01 PM  1000   1809029      0.00      0.00  run-otelcol.sh
02:07:01 PM  1000   1809032      0.00      0.00  run-prometheus.
02:07:01 PM  1000   1809036     53.00     61.00  otelcol-contrib
02:07:01 PM  1000   1809039      0.00      0.00  run-tempo.sh
02:07:01 PM  1000   1809042      1.00      0.00  prometheus
02:07:01 PM  1000   1809043      0.00      0.00  run-pyroscope.s
02:07:01 PM  1000   1809046      0.00      0.00  tempo
02:07:01 PM  1000   1809047      0.00      0.00  loki
02:07:01 PM  1000   1809077     53.00      0.00  pyroscope

02:07:01 PM   UID       PID    %usr %system  %guest   %wait    %CPU   CPU  Command
02:07:02 PM  1000   1809024    0.00    0.00    0.00    0.00    0.00    16  run-grafana.sh
02:07:02 PM  1000   1809026    0.00    0.00    0.00    0.00    0.00    16  run-loki.sh
02:07:02 PM  1000   1809028    0.00    0.00    0.00    0.00    0.00    16  grafana
02:07:02 PM  1000   1809029    0.00    0.00    0.00    0.00    0.00    20  run-otelcol.sh
02:07:02 PM  1000   1809032    0.00    0.00    0.00    0.00    0.00    16  run-prometheus.
02:07:02 PM  1000   1809036    4.00    0.00    0.00    0.00    4.00    18  otelcol-contrib
02:07:02 PM  1000   1809039    0.00    0.00    0.00    0.00    0.00    18  run-tempo.sh
02:07:02 PM  1000   1809042    0.00    0.00    0.00    0.00    0.00    20  prometheus
02:07:02 PM  1000   1809043    0.00    0.00    0.00    0.00    0.00    18  run-pyroscope.s
02:07:02 PM  1000   1809046   41.00    2.00    0.00    0.00   43.00    16  tempo
02:07:02 PM  1000   1809047    0.00    0.00    0.00    0.00    0.00    20  loki
02:07:02 PM  1000   1809077    0.00    0.00    0.00    0.00    0.00    16  pyroscope

02:07:01 PM   UID       PID   cswch/s nvcswch/s  Command
02:07:02 PM  1000   1809024      0.00      0.00  run-grafana.sh
02:07:02 PM  1000   1809026      0.00      0.00  run-loki.sh
02:07:02 PM  1000   1809028      0.00      0.00  grafana
02:07:02 PM  1000   1809029      0.00      0.00  run-otelcol.sh
02:07:02 PM  1000   1809032      0.00      0.00  run-prometheus.
02:07:02 PM  1000   1809036     47.00      0.00  otelcol-contrib
02:07:02 PM  1000   1809039      0.00      0.00  run-tempo.sh
02:07:02 PM  1000   1809042      5.00      0.00  prometheus
02:07:02 PM  1000   1809043      0.00      0.00  run-pyroscope.s
02:07:02 PM  1000   1809046      0.00      0.00  tempo
02:07:02 PM  1000   1809047      0.00      0.00  loki
02:07:02 PM  1000   1809077     52.00      0.00  pyroscope

02:07:02 PM   UID       PID    %usr %system  %guest   %wait    %CPU   CPU  Command
02:07:03 PM  1000   1809024    0.00    0.00    0.00    0.00    0.00    16  run-grafana.sh
02:07:03 PM  1000   1809026    0.00    0.00    0.00    0.00    0.00    16  run-loki.sh
02:07:03 PM  1000   1809028    0.00    0.00    0.00    0.00    0.00    16  grafana
02:07:03 PM  1000   1809029    0.00    0.00    0.00    0.00    0.00    20  run-otelcol.sh
02:07:03 PM  1000   1809032    0.00    0.00    0.00    0.00    0.00    16  run-prometheus.
02:07:03 PM  1000   1809036    5.00    1.00    0.00    0.00    6.00    18  otelcol-contrib
02:07:03 PM  1000   1809039    0.00    0.00    0.00    0.00    0.00    18  run-tempo.sh
02:07:03 PM  1000   1809042    0.00    0.00    0.00    0.00    0.00    16  prometheus
02:07:03 PM  1000   1809043    0.00    0.00    0.00    0.00    0.00    18  run-pyroscope.s
02:07:03 PM  1000   1809046   56.00    4.00    0.00    0.00   60.00    16  tempo
02:07:03 PM  1000   1809047    0.00    0.00    0.00    0.00    0.00    20  loki
02:07:03 PM  1000   1809077    0.00    0.00    0.00    0.00    0.00    18  pyroscope

02:07:02 PM   UID       PID   cswch/s nvcswch/s  Command
02:07:03 PM  1000   1809024      0.00      0.00  run-grafana.sh
02:07:03 PM  1000   1809026      0.00      0.00  run-loki.sh
02:07:03 PM  1000   1809028      0.00      0.00  grafana
02:07:03 PM  1000   1809029      0.00      0.00  run-otelcol.sh
02:07:03 PM  1000   1809032      0.00      0.00  run-prometheus.
02:07:03 PM  1000   1809036     46.00      0.00  otelcol-contrib
02:07:03 PM  1000   1809039      0.00      0.00  run-tempo.sh
02:07:03 PM  1000   1809042      2.00      0.00  prometheus
02:07:03 PM  1000   1809043      0.00      0.00  run-pyroscope.s
02:07:03 PM  1000   1809046      0.00      0.00  tempo
02:07:03 PM  1000   1809047      0.00      0.00  loki
02:07:03 PM  1000   1809077     54.00      0.00  pyroscope

02:07:03 PM   UID       PID    %usr %system  %guest   %wait    %CPU   CPU  Command
02:07:04 PM  1000   1809024    0.00    0.00    0.00    0.00    0.00    16  run-grafana.sh
02:07:04 PM  1000   1809026    0.00    0.00    0.00    0.00    0.00    16  run-loki.sh
02:07:04 PM  1000   1809028    0.00    0.00    0.00    0.00    0.00    16  grafana
02:07:04 PM  1000   1809029    0.00    0.00    0.00    0.00    0.00    20  run-otelcol.sh
02:07:04 PM  1000   1809032    0.00    0.00    0.00    0.00    0.00    16  run-prometheus.
02:07:04 PM  1000   1809036    7.00    0.00    0.00    0.00    7.00    18  otelcol-contrib
02:07:04 PM  1000   1809039    0.00    0.00    0.00    0.00    0.00    18  run-tempo.sh
02:07:04 PM  1000   1809042    0.00    0.00    0.00    0.00    0.00    18  prometheus
02:07:04 PM  1000   1809043    0.00    0.00    0.00    0.00    0.00    18  run-pyroscope.s
02:07:04 PM  1000   1809046   20.00    3.00    0.00    0.00   23.00    16  tempo
02:07:04 PM  1000   1809047    1.00    0.00    0.00    0.00    1.00    20  loki
02:07:04 PM  1000   1809077    0.00    0.00    0.00    0.00    0.00    18  pyroscope

02:07:03 PM   UID       PID   cswch/s nvcswch/s  Command
02:07:04 PM  1000   1809024      0.00      0.00  run-grafana.sh
02:07:04 PM  1000   1809026      0.00      0.00  run-loki.sh
02:07:04 PM  1000   1809028      0.00      0.00  grafana
02:07:04 PM  1000   1809029      0.00      0.00  run-otelcol.sh
02:07:04 PM  1000   1809032      0.00      0.00  run-prometheus.
02:07:04 PM  1000   1809036     59.00      0.00  otelcol-contrib
02:07:04 PM  1000   1809039      0.00      0.00  run-tempo.sh
02:07:04 PM  1000   1809042      2.00      0.00  prometheus
02:07:04 PM  1000   1809043      0.00      0.00  run-pyroscope.s
02:07:04 PM  1000   1809046      0.00      0.00  tempo
02:07:04 PM  1000   1809047      0.00      0.00  loki
02:07:04 PM  1000   1809077     47.00      0.00  pyroscope

02:07:04 PM   UID       PID    %usr %system  %guest   %wait    %CPU   CPU  Command
02:07:05 PM  1000   1809024    0.00    0.00    0.00    0.00    0.00    16  run-grafana.sh
02:07:05 PM  1000   1809026    0.00    0.00    0.00    0.00    0.00    16  run-loki.sh
02:07:05 PM  1000   1809028    0.00    0.00    0.00    0.00    0.00    16  grafana
02:07:05 PM  1000   1809029    0.00    0.00    0.00    0.00    0.00    20  run-otelcol.sh
02:07:05 PM  1000   1809032    0.00    0.00    0.00    0.00    0.00    16  run-prometheus.
02:07:05 PM  1000   1809036    5.00    0.00    0.00    0.00    5.00    16  otelcol-contrib
02:07:05 PM  1000   1809039    0.00    0.00    0.00    0.00    0.00    18  run-tempo.sh
02:07:05 PM  1000   1809042    1.00    0.00    0.00    0.00    1.00    18  prometheus
02:07:05 PM  1000   1809043    0.00    0.00    0.00    0.00    0.00    18  run-pyroscope.s
02:07:05 PM  1000   1809046  100.00    2.00    0.00    0.00  102.00    16  tempo
02:07:05 PM  1000   1809047    0.00    0.00    0.00    0.00    0.00    20  loki
02:07:05 PM  1000   1809077    0.00    0.00    0.00    0.00    0.00    20  pyroscope

02:07:04 PM   UID       PID   cswch/s nvcswch/s  Command
02:07:05 PM  1000   1809024      0.00      0.00  run-grafana.sh
02:07:05 PM  1000   1809026      0.00      0.00  run-loki.sh
02:07:05 PM  1000   1809028      0.00      0.00  grafana
02:07:05 PM  1000   1809029      0.00      0.00  run-otelcol.sh
02:07:05 PM  1000   1809032      0.00      0.00  run-prometheus.
02:07:05 PM  1000   1809036     57.00      0.00  otelcol-contrib
02:07:05 PM  1000   1809039      0.00      0.00  run-tempo.sh
02:07:05 PM  1000   1809042      3.00      0.00  prometheus
02:07:05 PM  1000   1809043      0.00      0.00  run-pyroscope.s
02:07:05 PM  1000   1809046      0.00      0.00  tempo
02:07:05 PM  1000   1809047      0.00      0.00  loki
02:07:05 PM  1000   1809077     36.00      0.00  pyroscope

02:07:05 PM   UID       PID    %usr %system  %guest   %wait    %CPU   CPU  Command
02:07:06 PM  1000   1809024    0.00    0.00    0.00    0.00    0.00    16  run-grafana.sh
02:07:06 PM  1000   1809026    0.00    0.00    0.00    0.00    0.00    16  run-loki.sh
02:07:06 PM  1000   1809028    0.00    0.00    0.00    0.00    0.00    16  grafana
02:07:06 PM  1000   1809029    0.00    0.00    0.00    0.00    0.00    20  run-otelcol.sh
02:07:06 PM  1000   1809032    0.00    0.00    0.00    0.00    0.00    16  run-prometheus.
02:07:06 PM  1000   1809036    6.00    0.00    0.00    0.00    6.00    16  otelcol-contrib
02:07:06 PM  1000   1809039    0.00    0.00    0.00    0.00    0.00    18  run-tempo.sh
02:07:06 PM  1000   1809042    0.00    0.00    0.00    0.00    0.00    16  prometheus
02:07:06 PM  1000   1809043    0.00    0.00    0.00    0.00    0.00    18  run-pyroscope.s
02:07:06 PM  1000   1809046   43.00    4.00    0.00    0.00   47.00    16  tempo
02:07:06 PM  1000   1809047    0.00    0.00    0.00    0.00    0.00    20  loki
02:07:06 PM  1000   1809077    1.00    0.00    0.00    0.00    1.00    18  pyroscope

02:07:05 PM   UID       PID   cswch/s nvcswch/s  Command
02:07:06 PM  1000   1809024      0.00      0.00  run-grafana.sh
02:07:06 PM  1000   1809026      0.00      0.00  run-loki.sh
02:07:06 PM  1000   1809028      0.00      0.00  grafana
02:07:06 PM  1000   1809029      0.00      0.00  run-otelcol.sh
02:07:06 PM  1000   1809032      0.00      0.00  run-prometheus.
02:07:06 PM  1000   1809036     63.00      6.00  otelcol-contrib
02:07:06 PM  1000   1809039      0.00      0.00  run-tempo.sh
02:07:06 PM  1000   1809042      2.00      0.00  prometheus
02:07:06 PM  1000   1809043      0.00      0.00  run-pyroscope.s
02:07:06 PM  1000   1809046      0.00      0.00  tempo
02:07:06 PM  1000   1809047      0.00      0.00  loki
02:07:06 PM  1000   1809077     31.00      0.00  pyroscope

02:07:06 PM   UID       PID    %usr %system  %guest   %wait    %CPU   CPU  Command
02:07:07 PM  1000   1809024    0.00    0.00    0.00    0.00    0.00    16  run-grafana.sh
02:07:07 PM  1000   1809026    0.00    0.00    0.00    0.00    0.00    16  run-loki.sh
02:07:07 PM  1000   1809028    1.00    0.00    0.00    0.00    1.00    16  grafana
02:07:07 PM  1000   1809029    0.00    0.00    0.00    0.00    0.00    20  run-otelcol.sh
02:07:07 PM  1000   1809032    0.00    0.00    0.00    0.00    0.00    16  run-prometheus.
02:07:07 PM  1000   1809036    5.00    1.00    0.00    0.00    6.00    20  otelcol-contrib
02:07:07 PM  1000   1809039    0.00    0.00    0.00    0.00    0.00    18  run-tempo.sh
02:07:07 PM  1000   1809042    0.00    0.00    0.00    0.00    0.00    20  prometheus
02:07:07 PM  1000   1809043    0.00    0.00    0.00    0.00    0.00    18  run-pyroscope.s
02:07:07 PM  1000   1809046   65.00    4.00    0.00    0.00   69.00    16  tempo
02:07:07 PM  1000   1809047    1.00    0.00    0.00    0.00    1.00    20  loki
02:07:07 PM  1000   1809077    0.00    0.00    0.00    0.00    0.00    18  pyroscope

02:07:06 PM   UID       PID   cswch/s nvcswch/s  Command
02:07:07 PM  1000   1809024      0.00      0.00  run-grafana.sh
02:07:07 PM  1000   1809026      0.00      0.00  run-loki.sh
02:07:07 PM  1000   1809028      0.00      0.00  grafana
02:07:07 PM  1000   1809029      0.00      0.00  run-otelcol.sh
02:07:07 PM  1000   1809032      0.00      0.00  run-prometheus.
02:07:07 PM  1000   1809036     48.00      0.00  otelcol-contrib
02:07:07 PM  1000   1809039      0.00      0.00  run-tempo.sh
02:07:07 PM  1000   1809042      9.00      0.00  prometheus
02:07:07 PM  1000   1809043      0.00      0.00  run-pyroscope.s
02:07:07 PM  1000   1809046      0.00      0.00  tempo
02:07:07 PM  1000   1809047      0.00      0.00  loki
02:07:07 PM  1000   1809077      0.00      0.00  pyroscope

02:07:07 PM   UID       PID    %usr %system  %guest   %wait    %CPU   CPU  Command
02:07:08 PM  1000   1809024    0.00    0.00    0.00    0.00    0.00    16  run-grafana.sh
02:07:08 PM  1000   1809026    0.00    0.00    0.00    0.00    0.00    16  run-loki.sh
02:07:08 PM  1000   1809028    0.00    0.00    0.00    0.00    0.00    16  grafana
02:07:08 PM  1000   1809029    0.00    0.00    0.00    0.00    0.00    20  run-otelcol.sh
02:07:08 PM  1000   1809032    0.00    0.00    0.00    0.00    0.00    16  run-prometheus.
02:07:08 PM  1000   1809036    6.00    0.00    0.00    0.00    6.00    18  otelcol-contrib
02:07:08 PM  1000   1809039    0.00    0.00    0.00    0.00    0.00    18  run-tempo.sh
02:07:08 PM  1000   1809042    0.00    0.00    0.00    0.00    0.00    20  prometheus
02:07:08 PM  1000   1809043    0.00    0.00    0.00    0.00    0.00    18  run-pyroscope.s
02:07:08 PM  1000   1809046   72.00    2.00    0.00    0.00   74.00    16  tempo
02:07:08 PM  1000   1809047    0.00    0.00    0.00    0.00    0.00    20  loki
02:07:08 PM  1000   1809077    0.00    0.00    0.00    0.00    0.00    18  pyroscope

02:07:07 PM   UID       PID   cswch/s nvcswch/s  Command
02:07:08 PM  1000   1809024      0.00      0.00  run-grafana.sh
02:07:08 PM  1000   1809026      0.00      0.00  run-loki.sh
02:07:08 PM  1000   1809028      0.00      0.00  grafana
02:07:08 PM  1000   1809029      0.00      0.00  run-otelcol.sh
02:07:08 PM  1000   1809032      0.00      0.00  run-prometheus.
02:07:08 PM  1000   1809036     71.00      0.00  otelcol-contrib
02:07:08 PM  1000   1809039      0.00      0.00  run-tempo.sh
02:07:08 PM  1000   1809042      2.00      0.00  prometheus
02:07:08 PM  1000   1809043      0.00      0.00  run-pyroscope.s
02:07:08 PM  1000   1809046      0.00      0.00  tempo
02:07:08 PM  1000   1809047      0.00      0.00  loki
02:07:08 PM  1000   1809077      0.00      0.00  pyroscope

02:07:08 PM   UID       PID    %usr %system  %guest   %wait    %CPU   CPU  Command
02:07:09 PM  1000   1809024    0.00    0.00    0.00    0.00    0.00    16  run-grafana.sh
02:07:09 PM  1000   1809026    0.00    0.00    0.00    0.00    0.00    16  run-loki.sh
02:07:09 PM  1000   1809028    0.00    0.00    0.00    0.00    0.00    16  grafana
02:07:09 PM  1000   1809029    0.00    0.00    0.00    0.00    0.00    20  run-otelcol.sh
02:07:09 PM  1000   1809032    0.00    0.00    0.00    0.00    0.00    16  run-prometheus.
02:07:09 PM  1000   1809036    7.00    0.00    0.00    1.00    7.00    20  otelcol-contrib
02:07:09 PM  1000   1809039    0.00    0.00    0.00    0.00    0.00    18  run-tempo.sh
02:07:09 PM  1000   1809042    0.00    0.00    0.00    0.00    0.00    16  prometheus
02:07:09 PM  1000   1809043    0.00    0.00    0.00    0.00    0.00    18  run-pyroscope.s
02:07:09 PM  1000   1809046   37.00    2.00    0.00    0.00   39.00    16  tempo
02:07:09 PM  1000   1809047    0.00    0.00    0.00    0.00    0.00    20  loki
02:07:09 PM  1000   1809077    0.00    0.00    0.00    0.00    0.00    18  pyroscope

02:07:08 PM   UID       PID   cswch/s nvcswch/s  Command
02:07:09 PM  1000   1809024      0.00      0.00  run-grafana.sh
02:07:09 PM  1000   1809026      0.00      0.00  run-loki.sh
02:07:09 PM  1000   1809028      0.00      0.00  grafana
02:07:09 PM  1000   1809029      0.00      0.00  run-otelcol.sh
02:07:09 PM  1000   1809032      0.00      0.00  run-prometheus.
02:07:09 PM  1000   1809036     71.00      3.00  otelcol-contrib
02:07:09 PM  1000   1809039      0.00      0.00  run-tempo.sh
02:07:09 PM  1000   1809042      1.00      0.00  prometheus
02:07:09 PM  1000   1809043      0.00      0.00  run-pyroscope.s
02:07:09 PM  1000   1809046      0.00      0.00  tempo
02:07:09 PM  1000   1809047      0.00      0.00  loki
02:07:09 PM  1000   1809077      0.00      0.00  pyroscope

02:07:09 PM   UID       PID    %usr %system  %guest   %wait    %CPU   CPU  Command
02:07:10 PM  1000   1809024    0.00    0.00    0.00    0.00    0.00    16  run-grafana.sh
02:07:10 PM  1000   1809026    0.00    0.00    0.00    0.00    0.00    16  run-loki.sh
02:07:10 PM  1000   1809028    0.00    0.00    0.00    0.00    0.00    16  grafana
02:07:10 PM  1000   1809029    0.00    0.00    0.00    0.00    0.00    20  run-otelcol.sh
02:07:10 PM  1000   1809032    0.00    0.00    0.00    0.00    0.00    16  run-prometheus.
02:07:10 PM  1000   1809036    5.00    0.00    0.00    0.00    5.00    20  otelcol-contrib
02:07:10 PM  1000   1809039    0.00    0.00    0.00    0.00    0.00    18  run-tempo.sh
02:07:10 PM  1000   1809042    0.00    0.00    0.00    0.00    0.00    16  prometheus
02:07:10 PM  1000   1809043    0.00    0.00    0.00    0.00    0.00    18  run-pyroscope.s
02:07:10 PM  1000   1809046   39.00    1.00    0.00    0.00   40.00    16  tempo
02:07:10 PM  1000   1809047    0.00    0.00    0.00    0.00    0.00    20  loki
02:07:10 PM  1000   1809077    0.00    0.00    0.00    0.00    0.00    18  pyroscope

02:07:09 PM   UID       PID   cswch/s nvcswch/s  Command
02:07:10 PM  1000   1809024      0.00      0.00  run-grafana.sh
02:07:10 PM  1000   1809026      0.00      0.00  run-loki.sh
02:07:10 PM  1000   1809028      0.00      0.00  grafana
02:07:10 PM  1000   1809029      0.00      0.00  run-otelcol.sh
02:07:10 PM  1000   1809032      0.00      0.00  run-prometheus.
02:07:10 PM  1000   1809036     74.00      0.00  otelcol-contrib
02:07:10 PM  1000   1809039      0.00      0.00  run-tempo.sh
02:07:10 PM  1000   1809042      2.00      0.00  prometheus
02:07:10 PM  1000   1809043      0.00      0.00  run-pyroscope.s
02:07:10 PM  1000   1809046      0.00      0.00  tempo
02:07:10 PM  1000   1809047      0.00      0.00  loki
02:07:10 PM  1000   1809077      0.00      0.00  pyroscope

02:07:10 PM   UID       PID    %usr %system  %guest   %wait    %CPU   CPU  Command
02:07:11 PM  1000   1809024    0.00    0.00    0.00    0.00    0.00    16  run-grafana.sh
02:07:11 PM  1000   1809026    0.00    0.00    0.00    0.00    0.00    16  run-loki.sh
02:07:11 PM  1000   1809028    0.00    0.00    0.00    0.00    0.00    16  grafana
02:07:11 PM  1000   1809029    0.00    0.00    0.00    0.00    0.00    20  run-otelcol.sh
02:07:11 PM  1000   1809032    0.00    0.00    0.00    0.00    0.00    16  run-prometheus.
02:07:11 PM  1000   1809036    5.00    1.00    0.00    0.00    6.00    18  otelcol-contrib
02:07:11 PM  1000   1809039    0.00    0.00    0.00    0.00    0.00    18  run-tempo.sh
02:07:11 PM  1000   1809042    0.00    0.00    0.00    0.00    0.00    18  prometheus
02:07:11 PM  1000   1809043    0.00    0.00    0.00    0.00    0.00    18  run-pyroscope.s
02:07:11 PM  1000   1809046   21.00    1.00    0.00    0.00   22.00    16  tempo
02:07:11 PM  1000   1809047    1.00    0.00    0.00    0.00    1.00    20  loki
02:07:11 PM  1000   1809077    0.00    0.00    0.00    0.00    0.00    18  pyroscope

02:07:10 PM   UID       PID   cswch/s nvcswch/s  Command
02:07:11 PM  1000   1809024      0.00      0.00  run-grafana.sh
02:07:11 PM  1000   1809026      0.00      0.00  run-loki.sh
02:07:11 PM  1000   1809028      0.00      0.00  grafana
02:07:11 PM  1000   1809029      0.00      0.00  run-otelcol.sh
02:07:11 PM  1000   1809032      0.00      0.00  run-prometheus.
02:07:11 PM  1000   1809036     75.00      2.00  otelcol-contrib
02:07:11 PM  1000   1809039      0.00      0.00  run-tempo.sh
02:07:11 PM  1000   1809042      1.00      0.00  prometheus
02:07:11 PM  1000   1809043      0.00      0.00  run-pyroscope.s
02:07:11 PM  1000   1809046      0.00      0.00  tempo
02:07:11 PM  1000   1809047      0.00      0.00  loki
02:07:11 PM  1000   1809077      0.00      0.00  pyroscope

02:07:11 PM   UID       PID    %usr %system  %guest   %wait    %CPU   CPU  Command
02:07:12 PM  1000   1809024    0.00    0.00    0.00    0.00    0.00    16  run-grafana.sh
02:07:12 PM  1000   1809026    0.00    0.00    0.00    0.00    0.00    16  run-loki.sh
02:07:12 PM  1000   1809028    0.00    0.00    0.00    0.00    0.00    16  grafana
02:07:12 PM  1000   1809029    0.00    0.00    0.00    0.00    0.00    20  run-otelcol.sh
02:07:12 PM  1000   1809032    0.00    0.00    0.00    0.00    0.00    16  run-prometheus.
02:07:12 PM  1000   1809036    7.00    0.00    0.00    0.00    7.00    16  otelcol-contrib
02:07:12 PM  1000   1809039    0.00    0.00    0.00    0.00    0.00    18  run-tempo.sh
02:07:12 PM  1000   1809042    0.00    0.00    0.00    0.00    0.00    16  prometheus
02:07:12 PM  1000   1809043    0.00    0.00    0.00    0.00    0.00    18  run-pyroscope.s
02:07:12 PM  1000   1809046   41.00    1.00    0.00    0.00   42.00    16  tempo
02:07:12 PM  1000   1809047    0.00    0.00    0.00    0.00    0.00    20  loki
02:07:12 PM  1000   1809077    1.00    0.00    0.00    0.00    1.00    18  pyroscope

02:07:11 PM   UID       PID   cswch/s nvcswch/s  Command
02:07:12 PM  1000   1809024      0.00      0.00  run-grafana.sh
02:07:12 PM  1000   1809026      0.00      0.00  run-loki.sh
02:07:12 PM  1000   1809028      0.00      0.00  grafana
02:07:12 PM  1000   1809029      0.00      0.00  run-otelcol.sh
02:07:12 PM  1000   1809032      0.00      0.00  run-prometheus.
02:07:12 PM  1000   1809036     59.00      8.00  otelcol-contrib
02:07:12 PM  1000   1809039      0.00      0.00  run-tempo.sh
02:07:12 PM  1000   1809042      2.00      0.00  prometheus
02:07:12 PM  1000   1809043      0.00      0.00  run-pyroscope.s
02:07:12 PM  1000   1809046      0.00      0.00  tempo
02:07:12 PM  1000   1809047      0.00      0.00  loki
02:07:12 PM  1000   1809077      9.00      0.00  pyroscope

02:07:12 PM   UID       PID    %usr %system  %guest   %wait    %CPU   CPU  Command
02:07:13 PM  1000   1809024    0.00    0.00    0.00    0.00    0.00    16  run-grafana.sh
02:07:13 PM  1000   1809026    0.00    0.00    0.00    0.00    0.00    16  run-loki.sh
02:07:13 PM  1000   1809028    0.00    0.00    0.00    0.00    0.00    16  grafana
02:07:13 PM  1000   1809029    0.00    0.00    0.00    0.00    0.00    20  run-otelcol.sh
02:07:13 PM  1000   1809032    0.00    0.00    0.00    0.00    0.00    16  run-prometheus.
02:07:13 PM  1000   1809036    1.00    0.00    0.00    0.00    1.00    16  otelcol-contrib
02:07:13 PM  1000   1809039    0.00    0.00    0.00    0.00    0.00    18  run-tempo.sh
02:07:13 PM  1000   1809042    0.00    0.00    0.00    0.00    0.00    20  prometheus
02:07:13 PM  1000   1809043    0.00    0.00    0.00    0.00    0.00    18  run-pyroscope.s
02:07:13 PM  1000   1809046    9.00    1.00    0.00    0.00   10.00    16  tempo
02:07:13 PM  1000   1809047    0.00    0.00    0.00    0.00    0.00    20  loki
02:07:13 PM  1000   1809077    3.00    1.00    0.00    0.00    4.00    16  pyroscope

02:07:12 PM   UID       PID   cswch/s nvcswch/s  Command
02:07:13 PM  1000   1809024      0.00      0.00  run-grafana.sh
02:07:13 PM  1000   1809026      0.00      0.00  run-loki.sh
02:07:13 PM  1000   1809028      0.00      0.00  grafana
02:07:13 PM  1000   1809029      0.00      0.00  run-otelcol.sh
02:07:13 PM  1000   1809032      0.00      0.00  run-prometheus.
02:07:13 PM  1000   1809036     19.00      2.00  otelcol-contrib
02:07:13 PM  1000   1809039      0.00      0.00  run-tempo.sh
02:07:13 PM  1000   1809042      1.00      0.00  prometheus
02:07:13 PM  1000   1809043      0.00      0.00  run-pyroscope.s
02:07:13 PM  1000   1809046      0.00      0.00  tempo
02:07:13 PM  1000   1809047      0.00      0.00  loki
02:07:13 PM  1000   1809077     45.00      0.00  pyroscope

02:07:13 PM   UID       PID    %usr %system  %guest   %wait    %CPU   CPU  Command
02:07:14 PM  1000   1809024    0.00    0.00    0.00    0.00    0.00    16  run-grafana.sh
02:07:14 PM  1000   1809026    0.00    0.00    0.00    0.00    0.00    16  run-loki.sh
02:07:14 PM  1000   1809028    0.00    0.00    0.00    0.00    0.00    16  grafana
02:07:14 PM  1000   1809029    0.00    0.00    0.00    0.00    0.00    20  run-otelcol.sh
02:07:14 PM  1000   1809032    0.00    0.00    0.00    0.00    0.00    16  run-prometheus.
02:07:14 PM  1000   1809036    0.00    0.00    0.00    0.00    0.00    20  otelcol-contrib
02:07:14 PM  1000   1809039    0.00    0.00    0.00    0.00    0.00    18  run-tempo.sh
02:07:14 PM  1000   1809042    0.00    0.00    0.00    0.00    0.00    16  prometheus
02:07:14 PM  1000   1809043    0.00    0.00    0.00    0.00    0.00    18  run-pyroscope.s
02:07:14 PM  1000   1809046   28.00    1.00    0.00    0.00   29.00    16  tempo
02:07:14 PM  1000   1809047    0.00    1.00    0.00    0.00    1.00    20  loki
02:07:14 PM  1000   1809077    0.00    0.00    0.00    0.00    0.00    18  pyroscope

02:07:13 PM   UID       PID   cswch/s nvcswch/s  Command
02:07:14 PM  1000   1809024      0.00      0.00  run-grafana.sh
02:07:14 PM  1000   1809026      0.00      0.00  run-loki.sh
02:07:14 PM  1000   1809028      0.00      0.00  grafana
02:07:14 PM  1000   1809029      0.00      0.00  run-otelcol.sh
02:07:14 PM  1000   1809032      0.00      0.00  run-prometheus.
02:07:14 PM  1000   1809036     19.00      0.00  otelcol-contrib
02:07:14 PM  1000   1809039      0.00      0.00  run-tempo.sh
02:07:14 PM  1000   1809042      1.00      0.00  prometheus
02:07:14 PM  1000   1809043      0.00      0.00  run-pyroscope.s
02:07:14 PM  1000   1809046      0.00      0.00  tempo
02:07:14 PM  1000   1809047      0.00      0.00  loki
02:07:14 PM  1000   1809077     30.00      0.00  pyroscope

02:07:14 PM   UID       PID    %usr %system  %guest   %wait    %CPU   CPU  Command
02:07:15 PM  1000   1809024    0.00    0.00    0.00    0.00    0.00    16  run-grafana.sh
02:07:15 PM  1000   1809026    0.00    0.00    0.00    0.00    0.00    16  run-loki.sh
02:07:15 PM  1000   1809028    0.00    0.00    0.00    0.00    0.00    16  grafana
02:07:15 PM  1000   1809029    0.00    0.00    0.00    0.00    0.00    20  run-otelcol.sh
02:07:15 PM  1000   1809032    0.00    0.00    0.00    0.00    0.00    16  run-prometheus.
02:07:15 PM  1000   1809036    1.00    0.00    0.00    0.00    1.00    16  otelcol-contrib
02:07:15 PM  1000   1809039    0.00    0.00    0.00    0.00    0.00    18  run-tempo.sh
02:07:15 PM  1000   1809042    1.00    0.00    0.00    0.00    1.00    20  prometheus
02:07:15 PM  1000   1809043    0.00    0.00    0.00    0.00    0.00    18  run-pyroscope.s
02:07:15 PM  1000   1809046   74.00    4.00    0.00    0.00   78.00    16  tempo
02:07:15 PM  1000   1809047    0.00    0.00    0.00    0.00    0.00    20  loki
02:07:15 PM  1000   1809077    0.00    0.00    0.00    0.00    0.00    20  pyroscope

02:07:14 PM   UID       PID   cswch/s nvcswch/s  Command
02:07:15 PM  1000   1809024      0.00      0.00  run-grafana.sh
02:07:15 PM  1000   1809026      0.00      0.00  run-loki.sh
02:07:15 PM  1000   1809028      0.00      0.00  grafana
02:07:15 PM  1000   1809029      0.00      0.00  run-otelcol.sh
02:07:15 PM  1000   1809032      0.00      0.00  run-prometheus.
02:07:15 PM  1000   1809036     13.00      0.00  otelcol-contrib
02:07:15 PM  1000   1809039      0.00      0.00  run-tempo.sh
02:07:15 PM  1000   1809042      3.00      0.00  prometheus
02:07:15 PM  1000   1809043      0.00      0.00  run-pyroscope.s
02:07:15 PM  1000   1809046      0.00      0.00  tempo
02:07:15 PM  1000   1809047      0.00      0.00  loki
02:07:15 PM  1000   1809077     44.00      0.00  pyroscope

02:07:15 PM   UID       PID    %usr %system  %guest   %wait    %CPU   CPU  Command
02:07:16 PM  1000   1809024    0.00    0.00    0.00    0.00    0.00    16  run-grafana.sh
02:07:16 PM  1000   1809026    0.00    0.00    0.00    0.00    0.00    16  run-loki.sh
02:07:16 PM  1000   1809028    5.00    0.00    0.00    0.00    5.00    16  grafana
02:07:16 PM  1000   1809029    0.00    0.00    0.00    0.00    0.00    20  run-otelcol.sh
02:07:16 PM  1000   1809032    0.00    0.00    0.00    0.00    0.00    16  run-prometheus.
02:07:16 PM  1000   1809036    0.00    0.00    0.00    0.00    0.00    16  otelcol-contrib
02:07:16 PM  1000   1809039    0.00    0.00    0.00    0.00    0.00    18  run-tempo.sh
02:07:16 PM  1000   1809042    0.00    0.00    0.00    0.00    0.00    20  prometheus
02:07:16 PM  1000   1809043    0.00    0.00    0.00    0.00    0.00    18  run-pyroscope.s
02:07:16 PM  1000   1809046    0.00    0.00    0.00    0.00    0.00    16  tempo
02:07:16 PM  1000   1809047    0.00    0.00    0.00    0.00    0.00    20  loki
02:07:16 PM  1000   1809077    0.00    0.00    0.00    1.00    0.00    20  pyroscope

02:07:15 PM   UID       PID   cswch/s nvcswch/s  Command
02:07:16 PM  1000   1809024      0.00      0.00  run-grafana.sh
02:07:16 PM  1000   1809026      0.00      0.00  run-loki.sh
02:07:16 PM  1000   1809028      0.00      0.00  grafana
02:07:16 PM  1000   1809029      0.00      0.00  run-otelcol.sh
02:07:16 PM  1000   1809032      0.00      0.00  run-prometheus.
02:07:16 PM  1000   1809036     16.00      0.00  otelcol-contrib
02:07:16 PM  1000   1809039      0.00      0.00  run-tempo.sh
02:07:16 PM  1000   1809042      1.00      0.00  prometheus
02:07:16 PM  1000   1809043      0.00      0.00  run-pyroscope.s
02:07:16 PM  1000   1809046      0.00      0.00  tempo
02:07:16 PM  1000   1809047      0.00      0.00  loki
02:07:16 PM  1000   1809077     48.00      0.00  pyroscope

02:07:16 PM   UID       PID    %usr %system  %guest   %wait    %CPU   CPU  Command
02:07:17 PM  1000   1809024    0.00    0.00    0.00    0.00    0.00    16  run-grafana.sh
02:07:17 PM  1000   1809026    0.00    0.00    0.00    0.00    0.00    16  run-loki.sh
02:07:17 PM  1000   1809028    0.00    0.00    0.00    0.00    0.00    16  grafana
02:07:17 PM  1000   1809029    0.00    0.00    0.00    0.00    0.00    20  run-otelcol.sh
02:07:17 PM  1000   1809032    0.00    0.00    0.00    0.00    0.00    16  run-prometheus.
02:07:17 PM  1000   1809036    0.00    0.00    0.00    0.00    0.00    16  otelcol-contrib
02:07:17 PM  1000   1809039    0.00    0.00    0.00    0.00    0.00    18  run-tempo.sh
02:07:17 PM  1000   1809042    0.00    0.00    0.00    0.00    0.00    16  prometheus
02:07:17 PM  1000   1809043    0.00    0.00    0.00    0.00    0.00    18  run-pyroscope.s
02:07:17 PM  1000   1809046   26.00    6.00    0.00    0.00   32.00    16  tempo
02:07:17 PM  1000   1809047    1.00    0.00    0.00    0.00    1.00    20  loki
02:07:17 PM  1000   1809077    0.00    0.00    0.00    0.00    0.00    18  pyroscope

02:07:16 PM   UID       PID   cswch/s nvcswch/s  Command
02:07:17 PM  1000   1809024      0.00      0.00  run-grafana.sh
02:07:17 PM  1000   1809026      0.00      0.00  run-loki.sh
02:07:17 PM  1000   1809028      0.00      0.00  grafana
02:07:17 PM  1000   1809029      0.00      0.00  run-otelcol.sh
02:07:17 PM  1000   1809032      0.00      0.00  run-prometheus.
02:07:17 PM  1000   1809036     16.00      0.00  otelcol-contrib
02:07:17 PM  1000   1809039      0.00      0.00  run-tempo.sh
02:07:17 PM  1000   1809042      3.00      0.00  prometheus
02:07:17 PM  1000   1809043      0.00      0.00  run-pyroscope.s
02:07:17 PM  1000   1809046      0.00      0.00  tempo
02:07:17 PM  1000   1809047      0.00      0.00  loki
02:07:17 PM  1000   1809077     38.00      0.00  pyroscope

02:07:17 PM   UID       PID    %usr %system  %guest   %wait    %CPU   CPU  Command
02:07:18 PM  1000   1809024    0.00    0.00    0.00    0.00    0.00    16  run-grafana.sh
02:07:18 PM  1000   1809026    0.00    0.00    0.00    0.00    0.00    16  run-loki.sh
02:07:18 PM  1000   1809028    0.00    0.00    0.00    0.00    0.00    16  grafana
02:07:18 PM  1000   1809029    0.00    0.00    0.00    0.00    0.00    20  run-otelcol.sh
02:07:18 PM  1000   1809032    0.00    0.00    0.00    0.00    0.00    16  run-prometheus.
02:07:18 PM  1000   1809036    1.00    0.00    0.00    0.00    1.00    20  otelcol-contrib
02:07:18 PM  1000   1809039    0.00    0.00    0.00    0.00    0.00    18  run-tempo.sh
02:07:18 PM  1000   1809042    0.00    0.00    0.00    0.00    0.00    16  prometheus
02:07:18 PM  1000   1809043    0.00    0.00    0.00    0.00    0.00    18  run-pyroscope.s
02:07:18 PM  1000   1809046   25.00    2.00    0.00    0.00   27.00    16  tempo
02:07:18 PM  1000   1809047    0.00    0.00    0.00    0.00    0.00    20  loki
02:07:18 PM  1000   1809077    0.00    0.00    0.00    0.00    0.00    20  pyroscope

02:07:17 PM   UID       PID   cswch/s nvcswch/s  Command
02:07:18 PM  1000   1809024      0.00      0.00  run-grafana.sh
02:07:18 PM  1000   1809026      0.00      0.00  run-loki.sh
02:07:18 PM  1000   1809028      0.00      0.00  grafana
02:07:18 PM  1000   1809029      0.00      0.00  run-otelcol.sh
02:07:18 PM  1000   1809032      0.00      0.00  run-prometheus.
02:07:18 PM  1000   1809036     20.00      0.00  otelcol-contrib
02:07:18 PM  1000   1809039      0.00      0.00  run-tempo.sh
02:07:18 PM  1000   1809042      1.00      0.00  prometheus
02:07:18 PM  1000   1809043      0.00      0.00  run-pyroscope.s
02:07:18 PM  1000   1809046      0.00      0.00  tempo
02:07:18 PM  1000   1809047      0.00      0.00  loki
02:07:18 PM  1000   1809077     47.00      0.00  pyroscope

02:07:18 PM   UID       PID    %usr %system  %guest   %wait    %CPU   CPU  Command
02:07:19 PM  1000   1809024    0.00    0.00    0.00    0.00    0.00    16  run-grafana.sh
02:07:19 PM  1000   1809026    0.00    0.00    0.00    0.00    0.00    16  run-loki.sh
02:07:19 PM  1000   1809028    0.00    0.00    0.00    0.00    0.00    16  grafana
02:07:19 PM  1000   1809029    0.00    0.00    0.00    0.00    0.00    20  run-otelcol.sh
02:07:19 PM  1000   1809032    0.00    0.00    0.00    0.00    0.00    16  run-prometheus.
02:07:19 PM  1000   1809036    0.00    0.00    0.00    0.00    0.00    18  otelcol-contrib
02:07:19 PM  1000   1809039    0.00    0.00    0.00    0.00    0.00    18  run-tempo.sh
02:07:19 PM  1000   1809042    0.00    0.00    0.00    0.00    0.00    20  prometheus
02:07:19 PM  1000   1809043    0.00    0.00    0.00    0.00    0.00    18  run-pyroscope.s
02:07:19 PM  1000   1809046   42.00    5.00    0.00    0.00   47.00    16  tempo
02:07:19 PM  1000   1809047    0.00    0.00    0.00    0.00    0.00    20  loki
02:07:19 PM  1000   1809077    0.00    0.00    0.00    0.00    0.00    20  pyroscope

02:07:18 PM   UID       PID   cswch/s nvcswch/s  Command
02:07:19 PM  1000   1809024      0.00      0.00  run-grafana.sh
02:07:19 PM  1000   1809026      0.00      0.00  run-loki.sh
02:07:19 PM  1000   1809028      0.00      0.00  grafana
02:07:19 PM  1000   1809029      0.00      0.00  run-otelcol.sh
02:07:19 PM  1000   1809032      0.00      0.00  run-prometheus.
02:07:19 PM  1000   1809036     15.00      0.00  otelcol-contrib
02:07:19 PM  1000   1809039      0.00      0.00  run-tempo.sh
02:07:19 PM  1000   1809042      3.00      0.00  prometheus
02:07:19 PM  1000   1809043      0.00      0.00  run-pyroscope.s
02:07:19 PM  1000   1809046      0.00      0.00  tempo
02:07:19 PM  1000   1809047      0.00      0.00  loki
02:07:19 PM  1000   1809077     31.00      0.00  pyroscope

02:07:19 PM   UID       PID    %usr %system  %guest   %wait    %CPU   CPU  Command
02:07:20 PM  1000   1809024    0.00    0.00    0.00    0.00    0.00    16  run-grafana.sh
02:07:20 PM  1000   1809026    0.00    0.00    0.00    0.00    0.00    16  run-loki.sh
02:07:20 PM  1000   1809028    0.00    0.00    0.00    0.00    0.00    16  grafana
02:07:20 PM  1000   1809029    0.00    0.00    0.00    0.00    0.00    20  run-otelcol.sh
02:07:20 PM  1000   1809032    0.00    0.00    0.00    0.00    0.00    16  run-prometheus.
02:07:20 PM  1000   1809036    1.00    0.00    0.00    0.00    1.00    18  otelcol-contrib
02:07:20 PM  1000   1809039    0.00    0.00    0.00    0.00    0.00    18  run-tempo.sh
02:07:20 PM  1000   1809042    0.00    0.00    0.00    0.00    0.00    16  prometheus
02:07:20 PM  1000   1809043    0.00    0.00    0.00    0.00    0.00    18  run-pyroscope.s
02:07:20 PM  1000   1809046    4.00    0.00    0.00    0.00    4.00    16  tempo
02:07:20 PM  1000   1809047    0.00    0.00    0.00    0.00    0.00    20  loki
02:07:20 PM  1000   1809077    0.00    0.00    0.00    0.00    0.00    20  pyroscope

02:07:19 PM   UID       PID   cswch/s nvcswch/s  Command
02:07:20 PM  1000   1809024      0.00      0.00  run-grafana.sh
02:07:20 PM  1000   1809026      0.00      0.00  run-loki.sh
02:07:20 PM  1000   1809028      0.00      0.00  grafana
02:07:20 PM  1000   1809029      0.00      0.00  run-otelcol.sh
02:07:20 PM  1000   1809032      0.00      0.00  run-prometheus.
02:07:20 PM  1000   1809036     23.00      0.00  otelcol-contrib
02:07:20 PM  1000   1809039      0.00      0.00  run-tempo.sh
02:07:20 PM  1000   1809042      3.00      0.00  prometheus
02:07:20 PM  1000   1809043      0.00      0.00  run-pyroscope.s
02:07:20 PM  1000   1809046      0.00      0.00  tempo
02:07:20 PM  1000   1809047      0.00      0.00  loki
02:07:20 PM  1000   1809077     29.00      0.00  pyroscope

02:07:20 PM   UID       PID    %usr %system  %guest   %wait    %CPU   CPU  Command
02:07:21 PM  1000   1809024    0.00    0.00    0.00    0.00    0.00    16  run-grafana.sh
02:07:21 PM  1000   1809026    0.00    0.00    0.00    0.00    0.00    16  run-loki.sh
02:07:21 PM  1000   1809028    0.00    0.00    0.00    0.00    0.00    16  grafana
02:07:21 PM  1000   1809029    0.00    0.00    0.00    0.00    0.00    20  run-otelcol.sh
02:07:21 PM  1000   1809032    0.00    0.00    0.00    0.00    0.00    16  run-prometheus.
02:07:21 PM  1000   1809036    0.00    0.00    0.00    0.00    0.00    18  otelcol-contrib
02:07:21 PM  1000   1809039    0.00    0.00    0.00    0.00    0.00    18  run-tempo.sh
02:07:21 PM  1000   1809042    0.00    0.00    0.00    0.00    0.00    16  prometheus
02:07:21 PM  1000   1809043    0.00    0.00    0.00    0.00    0.00    18  run-pyroscope.s
02:07:21 PM  1000   1809046   12.00    0.00    0.00    0.00   12.00    16  tempo
02:07:21 PM  1000   1809047    1.00    0.00    0.00    0.00    1.00    20  loki
02:07:21 PM  1000   1809077    1.00    0.00    0.00    0.00    1.00    20  pyroscope

02:07:20 PM   UID       PID   cswch/s nvcswch/s  Command
02:07:21 PM  1000   1809024      0.00      0.00  run-grafana.sh
02:07:21 PM  1000   1809026      0.00      0.00  run-loki.sh
02:07:21 PM  1000   1809028      0.00      0.00  grafana
02:07:21 PM  1000   1809029      0.00      0.00  run-otelcol.sh
02:07:21 PM  1000   1809032      0.00      0.00  run-prometheus.
02:07:21 PM  1000   1809036     15.00      0.00  otelcol-contrib
02:07:21 PM  1000   1809039      0.00      0.00  run-tempo.sh
02:07:21 PM  1000   1809042      1.00      0.00  prometheus
02:07:21 PM  1000   1809043      0.00      0.00  run-pyroscope.s
02:07:21 PM  1000   1809046      0.00      0.00  tempo
02:07:21 PM  1000   1809047      0.00      0.00  loki
02:07:21 PM  1000   1809077     43.00      0.00  pyroscope

02:07:21 PM   UID       PID    %usr %system  %guest   %wait    %CPU   CPU  Command
02:07:22 PM  1000   1809024    0.00    0.00    0.00    0.00    0.00    16  run-grafana.sh
02:07:22 PM  1000   1809026    0.00    0.00    0.00    0.00    0.00    16  run-loki.sh
02:07:22 PM  1000   1809028    0.00    0.00    0.00    0.00    0.00    16  grafana
02:07:22 PM  1000   1809029    0.00    0.00    0.00    0.00    0.00    20  run-otelcol.sh
02:07:22 PM  1000   1809032    0.00    0.00    0.00    0.00    0.00    16  run-prometheus.
02:07:22 PM  1000   1809036    0.00    0.00    0.00    0.00    0.00    18  otelcol-contrib
02:07:22 PM  1000   1809039    0.00    0.00    0.00    0.00    0.00    18  run-tempo.sh
02:07:22 PM  1000   1809042    1.00    0.00    0.00    0.00    1.00    16  prometheus
02:07:22 PM  1000   1809043    0.00    0.00    0.00    0.00    0.00    18  run-pyroscope.s
02:07:22 PM  1000   1809046    0.00    0.00    0.00    0.00    0.00    16  tempo
02:07:22 PM  1000   1809047    0.00    0.00    0.00    0.00    0.00    20  loki
02:07:22 PM  1000   1809077    0.00    0.00    0.00    0.00    0.00    16  pyroscope

02:07:21 PM   UID       PID   cswch/s nvcswch/s  Command
02:07:22 PM  1000   1809024      0.00      0.00  run-grafana.sh
02:07:22 PM  1000   1809026      0.00      0.00  run-loki.sh
02:07:22 PM  1000   1809028      0.00      0.00  grafana
02:07:22 PM  1000   1809029      0.00      0.00  run-otelcol.sh
02:07:22 PM  1000   1809032      0.00      0.00  run-prometheus.
02:07:22 PM  1000   1809036     22.00      0.00  otelcol-contrib
02:07:22 PM  1000   1809039      0.00      0.00  run-tempo.sh
02:07:22 PM  1000   1809042      9.00      0.00  prometheus
02:07:22 PM  1000   1809043      0.00      0.00  run-pyroscope.s
02:07:22 PM  1000   1809046      0.00      0.00  tempo
02:07:22 PM  1000   1809047      0.00      0.00  loki
02:07:22 PM  1000   1809077     28.00      0.00  pyroscope

02:07:22 PM   UID       PID    %usr %system  %guest   %wait    %CPU   CPU  Command
02:07:23 PM  1000   1809024    0.00    0.00    0.00    0.00    0.00    16  run-grafana.sh
02:07:23 PM  1000   1809026    0.00    0.00    0.00    0.00    0.00    16  run-loki.sh
02:07:23 PM  1000   1809028    0.00    0.00    0.00    0.00    0.00    16  grafana
02:07:23 PM  1000   1809029    0.00    0.00    0.00    0.00    0.00    20  run-otelcol.sh
02:07:23 PM  1000   1809032    0.00    0.00    0.00    0.00    0.00    16  run-prometheus.
02:07:23 PM  1000   1809036    1.00    0.00    0.00    0.00    1.00    20  otelcol-contrib
02:07:23 PM  1000   1809039    0.00    0.00    0.00    0.00    0.00    18  run-tempo.sh
02:07:23 PM  1000   1809042    0.00    0.00    0.00    0.00    0.00    20  prometheus
02:07:23 PM  1000   1809043    0.00    0.00    0.00    0.00    0.00    18  run-pyroscope.s
02:07:23 PM  1000   1809046    0.00    0.00    0.00    0.00    0.00    16  tempo
02:07:23 PM  1000   1809047    0.00    0.00    0.00    0.00    0.00    20  loki
02:07:23 PM  1000   1809077    0.00    0.00    0.00    0.00    0.00    16  pyroscope

02:07:22 PM   UID       PID   cswch/s nvcswch/s  Command
02:07:23 PM  1000   1809024      0.00      0.00  run-grafana.sh
02:07:23 PM  1000   1809026      0.00      0.00  run-loki.sh
02:07:23 PM  1000   1809028      0.00      0.00  grafana
02:07:23 PM  1000   1809029      0.00      0.00  run-otelcol.sh
02:07:23 PM  1000   1809032      0.00      0.00  run-prometheus.
02:07:23 PM  1000   1809036     14.00      0.00  otelcol-contrib
02:07:23 PM  1000   1809039      0.00      0.00  run-tempo.sh
02:07:23 PM  1000   1809042      3.00      0.00  prometheus
02:07:23 PM  1000   1809043      0.00      0.00  run-pyroscope.s
02:07:23 PM  1000   1809046      0.00      0.00  tempo
02:07:23 PM  1000   1809047      0.00      0.00  loki
02:07:23 PM  1000   1809077     45.00      0.00  pyroscope

02:07:23 PM   UID       PID    %usr %system  %guest   %wait    %CPU   CPU  Command
02:07:24 PM  1000   1809024    0.00    0.00    0.00    0.00    0.00    16  run-grafana.sh
02:07:24 PM  1000   1809026    0.00    0.00    0.00    0.00    0.00    16  run-loki.sh
02:07:24 PM  1000   1809028    0.00    0.00    0.00    0.00    0.00    16  grafana
02:07:24 PM  1000   1809029    0.00    0.00    0.00    0.00    0.00    20  run-otelcol.sh
02:07:24 PM  1000   1809032    0.00    0.00    0.00    0.00    0.00    16  run-prometheus.
02:07:24 PM  1000   1809036    0.00    0.00    0.00    0.00    0.00    18  otelcol-contrib
02:07:24 PM  1000   1809039    0.00    0.00    0.00    0.00    0.00    18  run-tempo.sh
02:07:24 PM  1000   1809042    1.00    0.00    0.00    0.00    1.00    16  prometheus
02:07:24 PM  1000   1809043    0.00    0.00    0.00    0.00    0.00    18  run-pyroscope.s
02:07:24 PM  1000   1809046    0.00    0.00    0.00    0.00    0.00    16  tempo
02:07:24 PM  1000   1809047    0.00    0.00    0.00    0.00    0.00    20  loki
02:07:24 PM  1000   1809077    0.00    0.00    0.00    0.00    0.00    16  pyroscope

02:07:23 PM   UID       PID   cswch/s nvcswch/s  Command
02:07:24 PM  1000   1809024      0.00      0.00  run-grafana.sh
02:07:24 PM  1000   1809026      0.00      0.00  run-loki.sh
02:07:24 PM  1000   1809028      0.00      0.00  grafana
02:07:24 PM  1000   1809029      0.00      0.00  run-otelcol.sh
02:07:24 PM  1000   1809032      0.00      0.00  run-prometheus.
02:07:24 PM  1000   1809036     32.00      0.00  otelcol-contrib
02:07:24 PM  1000   1809039      0.00      0.00  run-tempo.sh
02:07:24 PM  1000   1809042      3.00      0.00  prometheus
02:07:24 PM  1000   1809043      0.00      0.00  run-pyroscope.s
02:07:24 PM  1000   1809046      0.00      0.00  tempo
02:07:24 PM  1000   1809047      0.00      0.00  loki
02:07:24 PM  1000   1809077      7.00      0.00  pyroscope

02:07:24 PM   UID       PID    %usr %system  %guest   %wait    %CPU   CPU  Command
02:07:25 PM  1000   1809024    0.00    0.00    0.00    0.00    0.00    16  run-grafana.sh
02:07:25 PM  1000   1809026    0.00    0.00    0.00    0.00    0.00    16  run-loki.sh
02:07:25 PM  1000   1809028    0.00    0.00    0.00    0.00    0.00    16  grafana
02:07:25 PM  1000   1809029    0.00    0.00    0.00    0.00    0.00    20  run-otelcol.sh
02:07:25 PM  1000   1809032    0.00    0.00    0.00    0.00    0.00    16  run-prometheus.
02:07:25 PM  1000   1809036    0.00    1.00    0.00    0.00    1.00    20  otelcol-contrib
02:07:25 PM  1000   1809039    0.00    0.00    0.00    0.00    0.00    18  run-tempo.sh
02:07:25 PM  1000   1809042    0.00    0.00    0.00    0.00    0.00    20  prometheus
02:07:25 PM  1000   1809043    0.00    0.00    0.00    0.00    0.00    18  run-pyroscope.s
02:07:25 PM  1000   1809046   10.00    1.00    0.00    0.00   11.00    16  tempo
02:07:25 PM  1000   1809047    0.00    0.00    0.00    0.00    0.00    20  loki
02:07:25 PM  1000   1809077    0.00    1.00    0.00    0.00    1.00    16  pyroscope

02:07:24 PM   UID       PID   cswch/s nvcswch/s  Command
02:07:25 PM  1000   1809024      0.00      0.00  run-grafana.sh
02:07:25 PM  1000   1809026      0.00      0.00  run-loki.sh
02:07:25 PM  1000   1809028      0.00      0.00  grafana
02:07:25 PM  1000   1809029      0.00      0.00  run-otelcol.sh
02:07:25 PM  1000   1809032      0.00      0.00  run-prometheus.
02:07:25 PM  1000   1809036     13.00      0.00  otelcol-contrib
02:07:25 PM  1000   1809039      0.00      0.00  run-tempo.sh
02:07:25 PM  1000   1809042      4.00      0.00  prometheus
02:07:25 PM  1000   1809043      0.00      0.00  run-pyroscope.s
02:07:25 PM  1000   1809046      0.00      0.00  tempo
02:07:25 PM  1000   1809047      0.00      0.00  loki
02:07:25 PM  1000   1809077      0.00      0.00  pyroscope

02:07:25 PM   UID       PID    %usr %system  %guest   %wait    %CPU   CPU  Command
02:07:26 PM  1000   1809024    0.00    0.00    0.00    0.00    0.00    16  run-grafana.sh
02:07:26 PM  1000   1809026    0.00    0.00    0.00    0.00    0.00    16  run-loki.sh
02:07:26 PM  1000   1809028    0.00    0.00    0.00    0.00    0.00    16  grafana
02:07:26 PM  1000   1809029    0.00    0.00    0.00    0.00    0.00    20  run-otelcol.sh
02:07:26 PM  1000   1809032    0.00    0.00    0.00    0.00    0.00    16  run-prometheus.
02:07:26 PM  1000   1809036    1.00    0.00    0.00    0.00    1.00    16  otelcol-contrib
02:07:26 PM  1000   1809039    0.00    0.00    0.00    0.00    0.00    18  run-tempo.sh
02:07:26 PM  1000   1809042    0.00    0.00    0.00    0.00    0.00    20  prometheus
02:07:26 PM  1000   1809043    0.00    0.00    0.00    0.00    0.00    18  run-pyroscope.s
02:07:26 PM  1000   1809046    0.00    0.00    0.00    0.00    0.00    16  tempo
02:07:26 PM  1000   1809047    1.00    0.00    0.00    0.00    1.00    20  loki
02:07:26 PM  1000   1809077    0.00    0.00    0.00    0.00    0.00    16  pyroscope

02:07:25 PM   UID       PID   cswch/s nvcswch/s  Command
02:07:26 PM  1000   1809024      0.00      0.00  run-grafana.sh
02:07:26 PM  1000   1809026      0.00      0.00  run-loki.sh
02:07:26 PM  1000   1809028      0.00      0.00  grafana
02:07:26 PM  1000   1809029      0.00      0.00  run-otelcol.sh
02:07:26 PM  1000   1809032      0.00      0.00  run-prometheus.
02:07:26 PM  1000   1809036     17.00      0.00  otelcol-contrib
02:07:26 PM  1000   1809039      0.00      0.00  run-tempo.sh
02:07:26 PM  1000   1809042      4.00      0.00  prometheus
02:07:26 PM  1000   1809043      0.00      0.00  run-pyroscope.s
02:07:26 PM  1000   1809046      0.00      0.00  tempo
02:07:26 PM  1000   1809047      0.00      0.00  loki
02:07:26 PM  1000   1809077      0.00      0.00  pyroscope

02:07:26 PM   UID       PID    %usr %system  %guest   %wait    %CPU   CPU  Command
02:07:27 PM  1000   1809024    0.00    0.00    0.00    0.00    0.00    16  run-grafana.sh
02:07:27 PM  1000   1809026    0.00    0.00    0.00    0.00    0.00    16  run-loki.sh
02:07:27 PM  1000   1809028    0.00    0.00    0.00    0.00    0.00    16  grafana
02:07:27 PM  1000   1809029    0.00    0.00    0.00    0.00    0.00    20  run-otelcol.sh
02:07:27 PM  1000   1809032    0.00    0.00    0.00    0.00    0.00    16  run-prometheus.
02:07:27 PM  1000   1809036    0.00    0.00    0.00    0.00    0.00    16  otelcol-contrib
02:07:27 PM  1000   1809039    0.00    0.00    0.00    0.00    0.00    18  run-tempo.sh
02:07:27 PM  1000   1809042    0.00    0.00    0.00    0.00    0.00    18  prometheus
02:07:27 PM  1000   1809043    0.00    0.00    0.00    0.00    0.00    18  run-pyroscope.s
02:07:27 PM  1000   1809046    0.00    0.00    0.00    0.00    0.00    16  tempo
02:07:27 PM  1000   1809047    0.00    0.00    0.00    0.00    0.00    20  loki
02:07:27 PM  1000   1809077    0.00    0.00    0.00    0.00    0.00    16  pyroscope

02:07:26 PM   UID       PID   cswch/s nvcswch/s  Command
02:07:27 PM  1000   1809024      0.00      0.00  run-grafana.sh
02:07:27 PM  1000   1809026      0.00      0.00  run-loki.sh
02:07:27 PM  1000   1809028      0.00      0.00  grafana
02:07:27 PM  1000   1809029      0.00      0.00  run-otelcol.sh
02:07:27 PM  1000   1809032      0.00      0.00  run-prometheus.
02:07:27 PM  1000   1809036     12.00      0.00  otelcol-contrib
02:07:27 PM  1000   1809039      0.00      0.00  run-tempo.sh
02:07:27 PM  1000   1809042      6.00      0.00  prometheus
02:07:27 PM  1000   1809043      0.00      0.00  run-pyroscope.s
02:07:27 PM  1000   1809046      0.00      0.00  tempo
02:07:27 PM  1000   1809047      0.00      0.00  loki
02:07:27 PM  1000   1809077      0.00      0.00  pyroscope

02:07:27 PM   UID       PID    %usr %system  %guest   %wait    %CPU   CPU  Command
02:07:28 PM  1000   1809024    0.00    0.00    0.00    0.00    0.00    16  run-grafana.sh
02:07:28 PM  1000   1809026    0.00    0.00    0.00    0.00    0.00    16  run-loki.sh
02:07:28 PM  1000   1809028    0.00    1.00    0.00    0.00    1.00    16  grafana
02:07:28 PM  1000   1809029    0.00    0.00    0.00    0.00    0.00    20  run-otelcol.sh
02:07:28 PM  1000   1809032    0.00    0.00    0.00    0.00    0.00    16  run-prometheus.
02:07:28 PM  1000   1809036    0.00    0.00    0.00    0.00    0.00    18  otelcol-contrib
02:07:28 PM  1000   1809039    0.00    0.00    0.00    0.00    0.00    18  run-tempo.sh
02:07:28 PM  1000   1809042    0.00    0.00    0.00    0.00    0.00    18  prometheus
02:07:28 PM  1000   1809043    0.00    0.00    0.00    0.00    0.00    18  run-pyroscope.s
02:07:28 PM  1000   1809046    0.00    0.00    0.00    0.00    0.00    16  tempo
02:07:28 PM  1000   1809047    0.00    0.00    0.00    0.00    0.00    20  loki
02:07:28 PM  1000   1809077    4.00    0.00    0.00    0.00    4.00    16  pyroscope

02:07:27 PM   UID       PID   cswch/s nvcswch/s  Command
02:07:28 PM  1000   1809024      0.00      0.00  run-grafana.sh
02:07:28 PM  1000   1809026      0.00      0.00  run-loki.sh
02:07:28 PM  1000   1809028      0.00      0.00  grafana
02:07:28 PM  1000   1809029      0.00      0.00  run-otelcol.sh
02:07:28 PM  1000   1809032      0.00      0.00  run-prometheus.
02:07:28 PM  1000   1809036     21.00      0.00  otelcol-contrib
02:07:28 PM  1000   1809039      0.00      0.00  run-tempo.sh
02:07:28 PM  1000   1809042      1.00      0.00  prometheus
02:07:28 PM  1000   1809043      0.00      0.00  run-pyroscope.s
02:07:28 PM  1000   1809046      0.00      0.00  tempo
02:07:28 PM  1000   1809047      0.00      0.00  loki
02:07:28 PM  1000   1809077      0.00      0.00  pyroscope

02:07:28 PM   UID       PID    %usr %system  %guest   %wait    %CPU   CPU  Command
02:07:29 PM  1000   1809024    0.00    0.00    0.00    0.00    0.00    16  run-grafana.sh
02:07:29 PM  1000   1809026    0.00    0.00    0.00    0.00    0.00    16  run-loki.sh
02:07:29 PM  1000   1809028    0.00    0.00    0.00    0.00    0.00    16  grafana
02:07:29 PM  1000   1809029    0.00    0.00    0.00    0.00    0.00    20  run-otelcol.sh
02:07:29 PM  1000   1809032    0.00    0.00    0.00    0.00    0.00    16  run-prometheus.
02:07:29 PM  1000   1809036    1.00    0.00    0.00    0.00    1.00    18  otelcol-contrib
02:07:29 PM  1000   1809039    0.00    0.00    0.00    0.00    0.00    18  run-tempo.sh
02:07:29 PM  1000   1809042    0.00    0.00    0.00    0.00    0.00    18  prometheus
02:07:29 PM  1000   1809043    0.00    0.00    0.00    0.00    0.00    18  run-pyroscope.s
02:07:29 PM  1000   1809046    0.00    0.00    0.00    0.00    0.00    16  tempo
02:07:29 PM  1000   1809047    0.00    1.00    0.00    0.00    1.00    20  loki
02:07:29 PM  1000   1809077    0.00    0.00    0.00    0.00    0.00    16  pyroscope

02:07:28 PM   UID       PID   cswch/s nvcswch/s  Command
02:07:29 PM  1000   1809024      0.00      0.00  run-grafana.sh
02:07:29 PM  1000   1809026      0.00      0.00  run-loki.sh
02:07:29 PM  1000   1809028      0.00      0.00  grafana
02:07:29 PM  1000   1809029      0.00      0.00  run-otelcol.sh
02:07:29 PM  1000   1809032      0.00      0.00  run-prometheus.
02:07:29 PM  1000   1809036     36.00      0.00  otelcol-contrib
02:07:29 PM  1000   1809039      0.00      0.00  run-tempo.sh
02:07:29 PM  1000   1809042      3.00      0.00  prometheus
02:07:29 PM  1000   1809043      0.00      0.00  run-pyroscope.s
02:07:29 PM  1000   1809046      0.00      0.00  tempo
02:07:29 PM  1000   1809047      0.00      0.00  loki
02:07:29 PM  1000   1809077      0.00      0.00  pyroscope

02:07:29 PM   UID       PID    %usr %system  %guest   %wait    %CPU   CPU  Command
02:07:30 PM  1000   1809024    0.00    0.00    0.00    0.00    0.00    16  run-grafana.sh
02:07:30 PM  1000   1809026    0.00    0.00    0.00    0.00    0.00    16  run-loki.sh
02:07:30 PM  1000   1809028    2.00    0.00    0.00    0.00    2.00    16  grafana
02:07:30 PM  1000   1809029    0.00    0.00    0.00    0.00    0.00    20  run-otelcol.sh
02:07:30 PM  1000   1809032    0.00    0.00    0.00    0.00    0.00    16  run-prometheus.
02:07:30 PM  1000   1809036    0.00    0.00    0.00    0.00    0.00    18  otelcol-contrib
02:07:30 PM  1000   1809039    0.00    0.00    0.00    0.00    0.00    18  run-tempo.sh
02:07:30 PM  1000   1809042    0.00    0.00    0.00    0.00    0.00    18  prometheus
02:07:30 PM  1000   1809043    0.00    0.00    0.00    0.00    0.00    18  run-pyroscope.s
02:07:30 PM  1000   1809046    0.00    0.00    0.00    0.00    0.00    16  tempo
02:07:30 PM  1000   1809047    0.00    0.00    0.00    0.00    0.00    20  loki
02:07:30 PM  1000   1809077    0.00    0.00    0.00    0.00    0.00    16  pyroscope

02:07:29 PM   UID       PID   cswch/s nvcswch/s  Command
02:07:30 PM  1000   1809024      0.00      0.00  run-grafana.sh
02:07:30 PM  1000   1809026      0.00      0.00  run-loki.sh
02:07:30 PM  1000   1809028      0.00      0.00  grafana
02:07:30 PM  1000   1809029      0.00      0.00  run-otelcol.sh
02:07:30 PM  1000   1809032      0.00      0.00  run-prometheus.
02:07:30 PM  1000   1809036     33.00      0.00  otelcol-contrib
02:07:30 PM  1000   1809039      0.00      0.00  run-tempo.sh
02:07:30 PM  1000   1809042      3.00      0.00  prometheus
02:07:30 PM  1000   1809043      0.00      0.00  run-pyroscope.s
02:07:30 PM  1000   1809046      0.00      0.00  tempo
02:07:30 PM  1000   1809047      0.00      0.00  loki
02:07:30 PM  1000   1809077      0.00      0.00  pyroscope

02:07:30 PM   UID       PID    %usr %system  %guest   %wait    %CPU   CPU  Command
02:07:31 PM  1000   1809024    0.00    0.00    0.00    0.00    0.00    16  run-grafana.sh
02:07:31 PM  1000   1809026    0.00    0.00    0.00    0.00    0.00    16  run-loki.sh
02:07:31 PM  1000   1809028    0.00    0.00    0.00    0.00    0.00    16  grafana
02:07:31 PM  1000   1809029    0.00    0.00    0.00    0.00    0.00    20  run-otelcol.sh
02:07:31 PM  1000   1809032    0.00    0.00    0.00    0.00    0.00    16  run-prometheus.
02:07:31 PM  1000   1809036    0.00    0.00    0.00    0.00    0.00    18  otelcol-contrib
02:07:31 PM  1000   1809039    0.00    0.00    0.00    0.00    0.00    18  run-tempo.sh
02:07:31 PM  1000   1809042    0.00    0.00    0.00    0.00    0.00    18  prometheus
02:07:31 PM  1000   1809043    0.00    0.00    0.00    0.00    0.00    18  run-pyroscope.s
02:07:31 PM  1000   1809046    0.99    0.00    0.00    0.00    0.99    16  tempo
02:07:31 PM  1000   1809047    0.00    0.00    0.00    0.00    0.00    20  loki
02:07:31 PM  1000   1809077    0.00    0.00    0.00    0.00    0.00    16  pyroscope

02:07:30 PM   UID       PID   cswch/s nvcswch/s  Command
02:07:31 PM  1000   1809024      0.00      0.00  run-grafana.sh
02:07:31 PM  1000   1809026      0.00      0.00  run-loki.sh
02:07:31 PM  1000   1809028      0.00      0.00  grafana
02:07:31 PM  1000   1809029      0.00      0.00  run-otelcol.sh
02:07:31 PM  1000   1809032      0.00      0.00  run-prometheus.
02:07:31 PM  1000   1809036     13.86      0.00  otelcol-contrib
02:07:31 PM  1000   1809039      0.00      0.00  run-tempo.sh
02:07:31 PM  1000   1809042      1.98      0.00  prometheus
02:07:31 PM  1000   1809043      0.00      0.00  run-pyroscope.s
02:07:31 PM  1000   1809046      0.00      0.00  tempo
02:07:31 PM  1000   1809047      0.00      0.00  loki
02:07:31 PM  1000   1809077      0.00      0.00  pyroscope

02:07:31 PM   UID       PID    %usr %system  %guest   %wait    %CPU   CPU  Command
02:07:32 PM  1000   1809024    0.00    0.00    0.00    0.00    0.00    16  run-grafana.sh
02:07:32 PM  1000   1809026    0.00    0.00    0.00    0.00    0.00    16  run-loki.sh
02:07:32 PM  1000   1809028    0.00    0.00    0.00    0.00    0.00    16  grafana
02:07:32 PM  1000   1809029    0.00    0.00    0.00    0.00    0.00    20  run-otelcol.sh
02:07:32 PM  1000   1809032    0.00    0.00    0.00    0.00    0.00    16  run-prometheus.
02:07:32 PM  1000   1809036    0.00    0.00    0.00    0.00    0.00    18  otelcol-contrib
02:07:32 PM  1000   1809039    0.00    0.00    0.00    0.00    0.00    18  run-tempo.sh
02:07:32 PM  1000   1809042    0.00    0.00    0.00    0.00    0.00    16  prometheus
02:07:32 PM  1000   1809043    0.00    0.00    0.00    0.00    0.00    18  run-pyroscope.s
02:07:32 PM  1000   1809046    0.00    0.00    0.00    0.00    0.00    16  tempo
02:07:32 PM  1000   1809047    1.00    0.00    0.00    0.00    1.00    20  loki
02:07:32 PM  1000   1809077    0.00    0.00    0.00    0.00    0.00    16  pyroscope

02:07:31 PM   UID       PID   cswch/s nvcswch/s  Command
02:07:32 PM  1000   1809024      0.00      0.00  run-grafana.sh
02:07:32 PM  1000   1809026      0.00      0.00  run-loki.sh
02:07:32 PM  1000   1809028      0.00      0.00  grafana
02:07:32 PM  1000   1809029      0.00      0.00  run-otelcol.sh
02:07:32 PM  1000   1809032      0.00      0.00  run-prometheus.
02:07:32 PM  1000   1809036      6.00      0.00  otelcol-contrib
02:07:32 PM  1000   1809039      0.00      0.00  run-tempo.sh
02:07:32 PM  1000   1809042      6.00      0.00  prometheus
02:07:32 PM  1000   1809043      0.00      0.00  run-pyroscope.s
02:07:32 PM  1000   1809046      0.00      0.00  tempo
02:07:32 PM  1000   1809047      0.00      0.00  loki
02:07:32 PM  1000   1809077      0.00      0.00  pyroscope

02:07:32 PM   UID       PID    %usr %system  %guest   %wait    %CPU   CPU  Command
02:07:33 PM  1000   1809024    0.00    0.00    0.00    0.00    0.00    16  run-grafana.sh
02:07:33 PM  1000   1809026    0.00    0.00    0.00    0.00    0.00    16  run-loki.sh
02:07:33 PM  1000   1809028    0.00    0.00    0.00    0.00    0.00    16  grafana
02:07:33 PM  1000   1809029    0.00    0.00    0.00    0.00    0.00    20  run-otelcol.sh
02:07:33 PM  1000   1809032    0.00    0.00    0.00    0.00    0.00    16  run-prometheus.
02:07:33 PM  1000   1809036    1.00    0.00    0.00    0.00    1.00    18  otelcol-contrib
02:07:33 PM  1000   1809039    0.00    0.00    0.00    0.00    0.00    18  run-tempo.sh
02:07:33 PM  1000   1809042    0.00    0.00    0.00    0.00    0.00    16  prometheus
02:07:33 PM  1000   1809043    0.00    0.00    0.00    0.00    0.00    18  run-pyroscope.s
02:07:33 PM  1000   1809046    0.00    0.00    0.00    0.00    0.00    16  tempo
02:07:33 PM  1000   1809047    0.00    0.00    0.00    0.00    0.00    20  loki
02:07:33 PM  1000   1809077    0.00    0.00    0.00    0.00    0.00    16  pyroscope

02:07:32 PM   UID       PID   cswch/s nvcswch/s  Command
02:07:33 PM  1000   1809024      0.00      0.00  run-grafana.sh
02:07:33 PM  1000   1809026      0.00      0.00  run-loki.sh
02:07:33 PM  1000   1809028      0.00      0.00  grafana
02:07:33 PM  1000   1809029      0.00      0.00  run-otelcol.sh
02:07:33 PM  1000   1809032      0.00      0.00  run-prometheus.
02:07:33 PM  1000   1809036     17.00      0.00  otelcol-contrib
02:07:33 PM  1000   1809039      0.00      0.00  run-tempo.sh
02:07:33 PM  1000   1809042      1.00      0.00  prometheus
02:07:33 PM  1000   1809043      0.00      0.00  run-pyroscope.s
02:07:33 PM  1000   1809046      0.00      0.00  tempo
02:07:33 PM  1000   1809047      0.00      0.00  loki
02:07:33 PM  1000   1809077      0.00      0.00  pyroscope

02:07:33 PM   UID       PID    %usr %system  %guest   %wait    %CPU   CPU  Command
02:07:34 PM  1000   1809024    0.00    0.00    0.00    0.00    0.00    16  run-grafana.sh
02:07:34 PM  1000   1809026    0.00    0.00    0.00    0.00    0.00    16  run-loki.sh
02:07:34 PM  1000   1809028    0.00    0.00    0.00    0.00    0.00    16  grafana
02:07:34 PM  1000   1809029    0.00    0.00    0.00    0.00    0.00    20  run-otelcol.sh
02:07:34 PM  1000   1809032    0.00    0.00    0.00    0.00    0.00    16  run-prometheus.
02:07:34 PM  1000   1809036    0.00    0.00    0.00    0.00    0.00    16  otelcol-contrib
02:07:34 PM  1000   1809039    0.00    0.00    0.00    0.00    0.00    18  run-tempo.sh
02:07:34 PM  1000   1809042    0.00    0.00    0.00    0.00    0.00    18  prometheus
02:07:34 PM  1000   1809043    0.00    0.00    0.00    0.00    0.00    18  run-pyroscope.s
02:07:34 PM  1000   1809046    0.00    0.00    0.00    0.00    0.00    16  tempo
02:07:34 PM  1000   1809047    0.00    0.00    0.00    0.00    0.00    20  loki
02:07:34 PM  1000   1809077    0.00    0.00    0.00    0.00    0.00    16  pyroscope

02:07:33 PM   UID       PID   cswch/s nvcswch/s  Command
02:07:34 PM  1000   1809024      0.00      0.00  run-grafana.sh
02:07:34 PM  1000   1809026      0.00      0.00  run-loki.sh
02:07:34 PM  1000   1809028      0.00      0.00  grafana
02:07:34 PM  1000   1809029      0.00      0.00  run-otelcol.sh
02:07:34 PM  1000   1809032      0.00      0.00  run-prometheus.
02:07:34 PM  1000   1809036     20.00      0.00  otelcol-contrib
02:07:34 PM  1000   1809039      0.00      0.00  run-tempo.sh
02:07:34 PM  1000   1809042      1.00      0.00  prometheus
02:07:34 PM  1000   1809043      0.00      0.00  run-pyroscope.s
02:07:34 PM  1000   1809046      0.00      0.00  tempo
02:07:34 PM  1000   1809047      0.00      0.00  loki
02:07:34 PM  1000   1809077      0.00      0.00  pyroscope

02:07:34 PM   UID       PID    %usr %system  %guest   %wait    %CPU   CPU  Command
02:07:35 PM  1000   1809024    0.00    0.00    0.00    0.00    0.00    16  run-grafana.sh
02:07:35 PM  1000   1809026    0.00    0.00    0.00    0.00    0.00    16  run-loki.sh
02:07:35 PM  1000   1809028    0.00    0.00    0.00    0.00    0.00    16  grafana
02:07:35 PM  1000   1809029    0.00    0.00    0.00    0.00    0.00    20  run-otelcol.sh
02:07:35 PM  1000   1809032    0.00    0.00    0.00    0.00    0.00    16  run-prometheus.
02:07:35 PM  1000   1809036    0.00    0.00    0.00    0.00    0.00    20  otelcol-contrib
02:07:35 PM  1000   1809039    0.00    0.00    0.00    0.00    0.00    18  run-tempo.sh
02:07:35 PM  1000   1809042    1.00    0.00    0.00    0.00    1.00    18  prometheus
02:07:35 PM  1000   1809043    0.00    0.00    0.00    0.00    0.00    18  run-pyroscope.s
02:07:35 PM  1000   1809046   56.00    2.00    0.00    0.00   58.00    16  tempo
02:07:35 PM  1000   1809047    0.00    0.00    0.00    0.00    0.00    20  loki
02:07:35 PM  1000   1809077    0.00    0.00    0.00    0.00    0.00    16  pyroscope

02:07:34 PM   UID       PID   cswch/s nvcswch/s  Command
02:07:35 PM  1000   1809024      0.00      0.00  run-grafana.sh
02:07:35 PM  1000   1809026      0.00      0.00  run-loki.sh
02:07:35 PM  1000   1809028      0.00      0.00  grafana
02:07:35 PM  1000   1809029      0.00      0.00  run-otelcol.sh
02:07:35 PM  1000   1809032      0.00      0.00  run-prometheus.
02:07:35 PM  1000   1809036     19.00      0.00  otelcol-contrib
02:07:35 PM  1000   1809039      0.00      0.00  run-tempo.sh
02:07:35 PM  1000   1809042      0.00      0.00  prometheus
02:07:35 PM  1000   1809043      0.00      0.00  run-pyroscope.s
02:07:35 PM  1000   1809046      0.00      0.00  tempo
02:07:35 PM  1000   1809047      0.00      0.00  loki
02:07:35 PM  1000   1809077      0.00      0.00  pyroscope

02:07:35 PM   UID       PID    %usr %system  %guest   %wait    %CPU   CPU  Command
02:07:36 PM  1000   1809024    0.00    0.00    0.00    0.00    0.00    16  run-grafana.sh
02:07:36 PM  1000   1809026    0.00    0.00    0.00    0.00    0.00    16  run-loki.sh
02:07:36 PM  1000   1809028    0.00    0.00    0.00    0.00    0.00    16  grafana
02:07:36 PM  1000   1809029    0.00    0.00    0.00    0.00    0.00    20  run-otelcol.sh
02:07:36 PM  1000   1809032    0.00    0.00    0.00    0.00    0.00    16  run-prometheus.
02:07:36 PM  1000   1809036    1.00    0.00    0.00    0.00    1.00    16  otelcol-contrib
02:07:36 PM  1000   1809039    0.00    0.00    0.00    0.00    0.00    18  run-tempo.sh
02:07:36 PM  1000   1809042    0.00    0.00    0.00    0.00    0.00    16  prometheus
02:07:36 PM  1000   1809043    0.00    0.00    0.00    0.00    0.00    18  run-pyroscope.s
02:07:36 PM  1000   1809046  109.00    3.00    0.00    0.00  112.00    16  tempo
02:07:36 PM  1000   1809047    0.00    0.00    0.00    0.00    0.00    20  loki
02:07:36 PM  1000   1809077    0.00    0.00    0.00    0.00    0.00    16  pyroscope

02:07:35 PM   UID       PID   cswch/s nvcswch/s  Command
02:07:36 PM  1000   1809024      0.00      0.00  run-grafana.sh
02:07:36 PM  1000   1809026      0.00      0.00  run-loki.sh
02:07:36 PM  1000   1809028      0.00      0.00  grafana
02:07:36 PM  1000   1809029      0.00      0.00  run-otelcol.sh
02:07:36 PM  1000   1809032      0.00      0.00  run-prometheus.
02:07:36 PM  1000   1809036     34.00      0.00  otelcol-contrib
02:07:36 PM  1000   1809039      0.00      0.00  run-tempo.sh
02:07:36 PM  1000   1809042      2.00      0.00  prometheus
02:07:36 PM  1000   1809043      0.00      0.00  run-pyroscope.s
02:07:36 PM  1000   1809046      0.00      0.00  tempo
02:07:36 PM  1000   1809047      0.00      0.00  loki
02:07:36 PM  1000   1809077      0.00      0.00  pyroscope

02:07:36 PM   UID       PID    %usr %system  %guest   %wait    %CPU   CPU  Command
02:07:37 PM  1000   1809024    0.00    0.00    0.00    0.00    0.00    16  run-grafana.sh
02:07:37 PM  1000   1809026    0.00    0.00    0.00    0.00    0.00    16  run-loki.sh
02:07:37 PM  1000   1809028    0.00    0.00    0.00    0.00    0.00    16  grafana
02:07:37 PM  1000   1809029    0.00    0.00    0.00    0.00    0.00    20  run-otelcol.sh
02:07:37 PM  1000   1809032    0.00    0.00    0.00    0.00    0.00    16  run-prometheus.
02:07:37 PM  1000   1809036    0.00    1.00    0.00    0.00    1.00    18  otelcol-contrib
02:07:37 PM  1000   1809039    0.00    0.00    0.00    0.00    0.00    18  run-tempo.sh
02:07:37 PM  1000   1809042    0.00    0.00    0.00    0.00    0.00    20  prometheus
02:07:37 PM  1000   1809043    0.00    0.00    0.00    0.00    0.00    18  run-pyroscope.s
02:07:37 PM  1000   1809046   99.00    9.00    0.00    0.00  108.00    16  tempo
02:07:37 PM  1000   1809047    0.00    0.00    0.00    0.00    0.00    20  loki
02:07:37 PM  1000   1809077    0.00    0.00    0.00    0.00    0.00    16  pyroscope

02:07:36 PM   UID       PID   cswch/s nvcswch/s  Command
02:07:37 PM  1000   1809024      0.00      0.00  run-grafana.sh
02:07:37 PM  1000   1809026      0.00      0.00  run-loki.sh
02:07:37 PM  1000   1809028      0.00      0.00  grafana
02:07:37 PM  1000   1809029      0.00      0.00  run-otelcol.sh
02:07:37 PM  1000   1809032      0.00      0.00  run-prometheus.
02:07:37 PM  1000   1809036     14.00      0.00  otelcol-contrib
02:07:37 PM  1000   1809039      0.00      0.00  run-tempo.sh
02:07:37 PM  1000   1809042      5.00      0.00  prometheus
02:07:37 PM  1000   1809043      0.00      0.00  run-pyroscope.s
02:07:37 PM  1000   1809046      0.00      0.00  tempo
02:07:37 PM  1000   1809047      0.00      0.00  loki
02:07:37 PM  1000   1809077      0.00      0.00  pyroscope

02:07:37 PM   UID       PID    %usr %system  %guest   %wait    %CPU   CPU  Command
02:07:38 PM  1000   1809024    0.00    0.00    0.00    0.00    0.00    16  run-grafana.sh
02:07:38 PM  1000   1809026    0.00    0.00    0.00    0.00    0.00    16  run-loki.sh
02:07:38 PM  1000   1809028    0.00    0.00    0.00    0.00    0.00    16  grafana
02:07:38 PM  1000   1809029    0.00    0.00    0.00    0.00    0.00    20  run-otelcol.sh
02:07:38 PM  1000   1809032    0.00    0.00    0.00    0.00    0.00    16  run-prometheus.
02:07:38 PM  1000   1809036    0.00    0.00    0.00    0.00    0.00    18  otelcol-contrib
02:07:38 PM  1000   1809039    0.00    0.00    0.00    0.00    0.00    18  run-tempo.sh
02:07:38 PM  1000   1809042    0.00    0.00    0.00    0.00    0.00    18  prometheus
02:07:38 PM  1000   1809043    0.00    0.00    0.00    0.00    0.00    18  run-pyroscope.s
02:07:38 PM  1000   1809046    0.00    0.00    0.00    0.00    0.00    16  tempo
02:07:38 PM  1000   1809047    1.00    0.00    0.00    0.00    1.00    20  loki
02:07:38 PM  1000   1809077    0.00    0.00    0.00    0.00    0.00    16  pyroscope

02:07:37 PM   UID       PID   cswch/s nvcswch/s  Command
02:07:38 PM  1000   1809024      0.00      0.00  run-grafana.sh
02:07:38 PM  1000   1809026      0.00      0.00  run-loki.sh
02:07:38 PM  1000   1809028      0.00      0.00  grafana
02:07:38 PM  1000   1809029      0.00      0.00  run-otelcol.sh
02:07:38 PM  1000   1809032      0.00      0.00  run-prometheus.
02:07:38 PM  1000   1809036     13.00      0.00  otelcol-contrib
02:07:38 PM  1000   1809039      0.00      0.00  run-tempo.sh
02:07:38 PM  1000   1809042      4.00      0.00  prometheus
02:07:38 PM  1000   1809043      0.00      0.00  run-pyroscope.s
02:07:38 PM  1000   1809046      0.00      0.00  tempo
02:07:38 PM  1000   1809047      0.00      0.00  loki
02:07:38 PM  1000   1809077      0.00      0.00  pyroscope

02:07:38 PM   UID       PID    %usr %system  %guest   %wait    %CPU   CPU  Command
02:07:39 PM  1000   1809024    0.00    0.00    0.00    0.00    0.00    16  run-grafana.sh
02:07:39 PM  1000   1809026    0.00    0.00    0.00    0.00    0.00    16  run-loki.sh
02:07:39 PM  1000   1809028    0.00    0.00    0.00    0.00    0.00    16  grafana
02:07:39 PM  1000   1809029    0.00    0.00    0.00    0.00    0.00    20  run-otelcol.sh
02:07:39 PM  1000   1809032    0.00    0.00    0.00    0.00    0.00    16  run-prometheus.
02:07:39 PM  1000   1809036    1.00    0.00    0.00    0.00    1.00    16  otelcol-contrib
02:07:39 PM  1000   1809039    0.00    0.00    0.00    0.00    0.00    18  run-tempo.sh
02:07:39 PM  1000   1809042    0.00    0.00    0.00    0.00    0.00    20  prometheus
02:07:39 PM  1000   1809043    0.00    0.00    0.00    0.00    0.00    18  run-pyroscope.s
02:07:39 PM  1000   1809046    0.00    0.00    0.00    0.00    0.00    16  tempo
02:07:39 PM  1000   1809047    0.00    0.00    0.00    0.00    0.00    20  loki
02:07:39 PM  1000   1809077    1.00    0.00    0.00    0.00    1.00    16  pyroscope

02:07:38 PM   UID       PID   cswch/s nvcswch/s  Command
02:07:39 PM  1000   1809024      0.00      0.00  run-grafana.sh
02:07:39 PM  1000   1809026      0.00      0.00  run-loki.sh
02:07:39 PM  1000   1809028      0.00      0.00  grafana
02:07:39 PM  1000   1809029      0.00      0.00  run-otelcol.sh
02:07:39 PM  1000   1809032      0.00      0.00  run-prometheus.
02:07:39 PM  1000   1809036     32.00      0.00  otelcol-contrib
02:07:39 PM  1000   1809039      0.00      0.00  run-tempo.sh
02:07:39 PM  1000   1809042      4.00      0.00  prometheus
02:07:39 PM  1000   1809043      0.00      0.00  run-pyroscope.s
02:07:39 PM  1000   1809046      0.00      0.00  tempo
02:07:39 PM  1000   1809047      0.00      0.00  loki
02:07:39 PM  1000   1809077      0.00      0.00  pyroscope

02:07:39 PM   UID       PID    %usr %system  %guest   %wait    %CPU   CPU  Command
02:07:40 PM  1000   1809024    0.00    0.00    0.00    0.00    0.00    16  run-grafana.sh
02:07:40 PM  1000   1809026    0.00    0.00    0.00    0.00    0.00    16  run-loki.sh
02:07:40 PM  1000   1809028    0.00    0.00    0.00    0.00    0.00    16  grafana
02:07:40 PM  1000   1809029    0.00    0.00    0.00    0.00    0.00    20  run-otelcol.sh
02:07:40 PM  1000   1809032    0.00    0.00    0.00    0.00    0.00    16  run-prometheus.
02:07:40 PM  1000   1809036    0.00    0.00    0.00    0.00    0.00    18  otelcol-contrib
02:07:40 PM  1000   1809039    0.00    0.00    0.00    0.00    0.00    18  run-tempo.sh
02:07:40 PM  1000   1809042    0.00    0.00    0.00    0.00    0.00    18  prometheus
02:07:40 PM  1000   1809043    0.00    0.00    0.00    0.00    0.00    18  run-pyroscope.s
02:07:40 PM  1000   1809046    0.00    0.00    0.00    0.00    0.00    16  tempo
02:07:40 PM  1000   1809047    0.00    0.00    0.00    0.00    0.00    20  loki
02:07:40 PM  1000   1809077    0.00    1.00    0.00    0.00    1.00    16  pyroscope

02:07:39 PM   UID       PID   cswch/s nvcswch/s  Command
02:07:40 PM  1000   1809024      0.00      0.00  run-grafana.sh
02:07:40 PM  1000   1809026      0.00      0.00  run-loki.sh
02:07:40 PM  1000   1809028      0.00      0.00  grafana
02:07:40 PM  1000   1809029      0.00      0.00  run-otelcol.sh
02:07:40 PM  1000   1809032      0.00      0.00  run-prometheus.
02:07:40 PM  1000   1809036     16.00      0.00  otelcol-contrib
02:07:40 PM  1000   1809039      0.00      0.00  run-tempo.sh
02:07:40 PM  1000   1809042      3.00      0.00  prometheus
02:07:40 PM  1000   1809043      0.00      0.00  run-pyroscope.s
02:07:40 PM  1000   1809046      0.00      0.00  tempo
02:07:40 PM  1000   1809047      0.00      0.00  loki
02:07:40 PM  1000   1809077      0.00      0.00  pyroscope

02:07:40 PM   UID       PID    %usr %system  %guest   %wait    %CPU   CPU  Command
02:07:41 PM  1000   1809024    0.00    0.00    0.00    0.00    0.00    16  run-grafana.sh
02:07:41 PM  1000   1809026    0.00    0.00    0.00    0.00    0.00    16  run-loki.sh
02:07:41 PM  1000   1809028    0.00    0.00    0.00    0.00    0.00    16  grafana
02:07:41 PM  1000   1809029    0.00    0.00    0.00    0.00    0.00    20  run-otelcol.sh
02:07:41 PM  1000   1809032    0.00    0.00    0.00    0.00    0.00    16  run-prometheus.
02:07:41 PM  1000   1809036    0.00    0.00    0.00    0.00    0.00    18  otelcol-contrib
02:07:41 PM  1000   1809039    0.00    0.00    0.00    0.00    0.00    18  run-tempo.sh
02:07:41 PM  1000   1809042    0.00    0.00    0.00    0.00    0.00    18  prometheus
02:07:41 PM  1000   1809043    0.00    0.00    0.00    0.00    0.00    18  run-pyroscope.s
02:07:41 PM  1000   1809046    0.00    0.00    0.00    0.00    0.00    16  tempo
02:07:41 PM  1000   1809047    0.00    0.00    0.00    0.00    0.00    20  loki
02:07:41 PM  1000   1809077    0.00    0.00    0.00    0.00    0.00    16  pyroscope

02:07:40 PM   UID       PID   cswch/s nvcswch/s  Command
02:07:41 PM  1000   1809024      0.00      0.00  run-grafana.sh
02:07:41 PM  1000   1809026      0.00      0.00  run-loki.sh
02:07:41 PM  1000   1809028      0.00      0.00  grafana
02:07:41 PM  1000   1809029      0.00      0.00  run-otelcol.sh
02:07:41 PM  1000   1809032      0.00      0.00  run-prometheus.
02:07:41 PM  1000   1809036     20.00      0.00  otelcol-contrib
02:07:41 PM  1000   1809039      0.00      0.00  run-tempo.sh
02:07:41 PM  1000   1809042      2.00      0.00  prometheus
02:07:41 PM  1000   1809043      0.00      0.00  run-pyroscope.s
02:07:41 PM  1000   1809046      0.00      0.00  tempo
02:07:41 PM  1000   1809047      0.00      0.00  loki
02:07:41 PM  1000   1809077      0.00      0.00  pyroscope

02:07:41 PM   UID       PID    %usr %system  %guest   %wait    %CPU   CPU  Command
02:07:42 PM  1000   1809024    0.00    0.00    0.00    0.00    0.00    16  run-grafana.sh
02:07:42 PM  1000   1809026    0.00    0.00    0.00    0.00    0.00    16  run-loki.sh
02:07:42 PM  1000   1809028    0.00    0.00    0.00    0.00    0.00    16  grafana
02:07:42 PM  1000   1809029    0.00    0.00    0.00    0.00    0.00    20  run-otelcol.sh
02:07:42 PM  1000   1809032    0.00    0.00    0.00    0.00    0.00    16  run-prometheus.
02:07:42 PM  1000   1809036    1.00    0.00    0.00    0.00    1.00    20  otelcol-contrib
02:07:42 PM  1000   1809039    0.00    0.00    0.00    0.00    0.00    18  run-tempo.sh
02:07:42 PM  1000   1809042    0.00    0.00    0.00    0.00    0.00    18  prometheus
02:07:42 PM  1000   1809043    0.00    0.00    0.00    0.00    0.00    18  run-pyroscope.s
02:07:42 PM  1000   1809046    0.00    0.00    0.00    0.00    0.00    16  tempo
02:07:42 PM  1000   1809047    1.00    0.00    0.00    0.00    1.00    20  loki
02:07:42 PM  1000   1809077    0.00    0.00    0.00    0.00    0.00    16  pyroscope

02:07:41 PM   UID       PID   cswch/s nvcswch/s  Command
02:07:42 PM  1000   1809024      0.00      0.00  run-grafana.sh
02:07:42 PM  1000   1809026      0.00      0.00  run-loki.sh
02:07:42 PM  1000   1809028      0.00      0.00  grafana
02:07:42 PM  1000   1809029      0.00      0.00  run-otelcol.sh
02:07:42 PM  1000   1809032      0.00      0.00  run-prometheus.
02:07:42 PM  1000   1809036     32.00      0.00  otelcol-contrib
02:07:42 PM  1000   1809039      0.00      0.00  run-tempo.sh
02:07:42 PM  1000   1809042      1.00      0.00  prometheus
02:07:42 PM  1000   1809043      0.00      0.00  run-pyroscope.s
02:07:42 PM  1000   1809046      0.00      0.00  tempo
02:07:42 PM  1000   1809047      0.00      0.00  loki
02:07:42 PM  1000   1809077      0.00      0.00  pyroscope

02:07:42 PM   UID       PID    %usr %system  %guest   %wait    %CPU   CPU  Command
02:07:43 PM  1000   1809024    0.00    0.00    0.00    0.00    0.00    16  run-grafana.sh
02:07:43 PM  1000   1809026    0.00    0.00    0.00    0.00    0.00    16  run-loki.sh
02:07:43 PM  1000   1809028    0.00    0.00    0.00    0.00    0.00    16  grafana
02:07:43 PM  1000   1809029    0.00    0.00    0.00    0.00    0.00    20  run-otelcol.sh
02:07:43 PM  1000   1809032    0.00    0.00    0.00    0.00    0.00    16  run-prometheus.
02:07:43 PM  1000   1809036    4.00    0.00    0.00    0.00    4.00    16  otelcol-contrib
02:07:43 PM  1000   1809039    0.00    0.00    0.00    0.00    0.00    18  run-tempo.sh
02:07:43 PM  1000   1809042    0.00    0.00    0.00    0.00    0.00    16  prometheus
02:07:43 PM  1000   1809043    0.00    0.00    0.00    0.00    0.00    18  run-pyroscope.s
02:07:43 PM  1000   1809046   11.00    0.00    0.00    0.00   11.00    16  tempo
02:07:43 PM  1000   1809047    0.00    1.00    0.00    0.00    1.00    20  loki
02:07:43 PM  1000   1809077    3.00    0.00    0.00    0.00    3.00    16  pyroscope

02:07:42 PM   UID       PID   cswch/s nvcswch/s  Command
02:07:43 PM  1000   1809024      0.00      0.00  run-grafana.sh
02:07:43 PM  1000   1809026      0.00      0.00  run-loki.sh
02:07:43 PM  1000   1809028      0.00      0.00  grafana
02:07:43 PM  1000   1809029      0.00      0.00  run-otelcol.sh
02:07:43 PM  1000   1809032      0.00      0.00  run-prometheus.
02:07:43 PM  1000   1809036     67.00      2.00  otelcol-contrib
02:07:43 PM  1000   1809039      0.00      0.00  run-tempo.sh
02:07:43 PM  1000   1809042      1.00      0.00  prometheus
02:07:43 PM  1000   1809043      0.00      0.00  run-pyroscope.s
02:07:43 PM  1000   1809046      0.00      0.00  tempo
02:07:43 PM  1000   1809047      0.00      0.00  loki
02:07:43 PM  1000   1809077      0.00      0.00  pyroscope

02:07:43 PM   UID       PID    %usr %system  %guest   %wait    %CPU   CPU  Command
02:07:44 PM  1000   1809024    0.00    0.00    0.00    0.00    0.00    16  run-grafana.sh
02:07:44 PM  1000   1809026    0.00    0.00    0.00    0.00    0.00    16  run-loki.sh
02:07:44 PM  1000   1809028    1.00    0.00    0.00    0.00    1.00    16  grafana
02:07:44 PM  1000   1809029    0.00    0.00    0.00    0.00    0.00    20  run-otelcol.sh
02:07:44 PM  1000   1809032    0.00    0.00    0.00    0.00    0.00    16  run-prometheus.
02:07:44 PM  1000   1809036    7.00    0.00    0.00    0.00    7.00    18  otelcol-contrib
02:07:44 PM  1000   1809039    0.00    0.00    0.00    0.00    0.00    18  run-tempo.sh
02:07:44 PM  1000   1809042    1.00    0.00    0.00    0.00    1.00    18  prometheus
02:07:44 PM  1000   1809043    0.00    0.00    0.00    0.00    0.00    18  run-pyroscope.s
02:07:44 PM  1000   1809046   14.00    1.00    0.00    0.00   15.00    16  tempo
02:07:44 PM  1000   1809047    0.00    0.00    0.00    0.00    0.00    20  loki
02:07:44 PM  1000   1809077    1.00    0.00    0.00    0.00    1.00    16  pyroscope

02:07:43 PM   UID       PID   cswch/s nvcswch/s  Command
02:07:44 PM  1000   1809024      0.00      0.00  run-grafana.sh
02:07:44 PM  1000   1809026      0.00      0.00  run-loki.sh
02:07:44 PM  1000   1809028      0.00      0.00  grafana
02:07:44 PM  1000   1809029      0.00      0.00  run-otelcol.sh
02:07:44 PM  1000   1809032      0.00      0.00  run-prometheus.
02:07:44 PM  1000   1809036     72.00      1.00  otelcol-contrib
02:07:44 PM  1000   1809039      0.00      0.00  run-tempo.sh
02:07:44 PM  1000   1809042      3.00      0.00  prometheus
02:07:44 PM  1000   1809043      0.00      0.00  run-pyroscope.s
02:07:44 PM  1000   1809046      0.00      0.00  tempo
02:07:44 PM  1000   1809047      0.00      0.00  loki
02:07:44 PM  1000   1809077      0.00      0.00  pyroscope

02:07:44 PM   UID       PID    %usr %system  %guest   %wait    %CPU   CPU  Command
02:07:45 PM  1000   1809024    0.00    0.00    0.00    0.00    0.00    16  run-grafana.sh
02:07:45 PM  1000   1809026    0.00    0.00    0.00    0.00    0.00    16  run-loki.sh
02:07:45 PM  1000   1809028    0.00    0.00    0.00    0.00    0.00    16  grafana
02:07:45 PM  1000   1809029    0.00    0.00    0.00    0.00    0.00    20  run-otelcol.sh
02:07:45 PM  1000   1809032    0.00    0.00    0.00    0.00    0.00    16  run-prometheus.
02:07:45 PM  1000   1809036    5.00    0.00    0.00    0.00    5.00    20  otelcol-contrib
02:07:45 PM  1000   1809039    0.00    0.00    0.00    0.00    0.00    18  run-tempo.sh
02:07:45 PM  1000   1809042    0.00    0.00    0.00    0.00    0.00    16  prometheus
02:07:45 PM  1000   1809043    0.00    0.00    0.00    0.00    0.00    18  run-pyroscope.s
02:07:45 PM  1000   1809046   33.00    3.00    0.00    0.00   36.00    16  tempo
02:07:45 PM  1000   1809047    0.00    0.00    0.00    0.00    0.00    20  loki
02:07:45 PM  1000   1809077    0.00    0.00    0.00    0.00    0.00    20  pyroscope

02:07:44 PM   UID       PID   cswch/s nvcswch/s  Command
02:07:45 PM  1000   1809024      0.00      0.00  run-grafana.sh
02:07:45 PM  1000   1809026      0.00      0.00  run-loki.sh
02:07:45 PM  1000   1809028      0.00      0.00  grafana
02:07:45 PM  1000   1809029      0.00      0.00  run-otelcol.sh
02:07:45 PM  1000   1809032      0.00      0.00  run-prometheus.
02:07:45 PM  1000   1809036     54.00      5.00  otelcol-contrib
02:07:45 PM  1000   1809039      0.00      0.00  run-tempo.sh
02:07:45 PM  1000   1809042      3.00      0.00  prometheus
02:07:45 PM  1000   1809043      0.00      0.00  run-pyroscope.s
02:07:45 PM  1000   1809046      0.00      0.00  tempo
02:07:45 PM  1000   1809047      0.00      0.00  loki
02:07:45 PM  1000   1809077     35.00      0.00  pyroscope

02:07:45 PM   UID       PID    %usr %system  %guest   %wait    %CPU   CPU  Command
02:07:46 PM  1000   1809024    0.00    0.00    0.00    0.00    0.00    16  run-grafana.sh
02:07:46 PM  1000   1809026    0.00    0.00    0.00    0.00    0.00    16  run-loki.sh
02:07:46 PM  1000   1809028    0.00    0.00    0.00    0.00    0.00    16  grafana
02:07:46 PM  1000   1809029    0.00    0.00    0.00    0.00    0.00    20  run-otelcol.sh
02:07:46 PM  1000   1809032    0.00    0.00    0.00    0.00    0.00    16  run-prometheus.
02:07:46 PM  1000   1809036    5.00    1.00    0.00    1.00    6.00    20  otelcol-contrib
02:07:46 PM  1000   1809039    0.00    0.00    0.00    0.00    0.00    18  run-tempo.sh
02:07:46 PM  1000   1809042    0.00    0.00    0.00    0.00    0.00    18  prometheus
02:07:46 PM  1000   1809043    0.00    0.00    0.00    0.00    0.00    18  run-pyroscope.s
02:07:46 PM  1000   1809046   33.00    1.00    0.00    0.00   34.00    16  tempo
02:07:46 PM  1000   1809047    0.00    0.00    0.00    0.00    0.00    20  loki
02:07:46 PM  1000   1809077    0.00    0.00    0.00    0.00    0.00    18  pyroscope

02:07:45 PM   UID       PID   cswch/s nvcswch/s  Command
02:07:46 PM  1000   1809024      0.00      0.00  run-grafana.sh
02:07:46 PM  1000   1809026      0.00      0.00  run-loki.sh
02:07:46 PM  1000   1809028      0.00      0.00  grafana
02:07:46 PM  1000   1809029      0.00      0.00  run-otelcol.sh
02:07:46 PM  1000   1809032      0.00      0.00  run-prometheus.
02:07:46 PM  1000   1809036     71.00      2.00  otelcol-contrib
02:07:46 PM  1000   1809039      0.00      0.00  run-tempo.sh
02:07:46 PM  1000   1809042      3.00      0.00  prometheus
02:07:46 PM  1000   1809043      0.00      0.00  run-pyroscope.s
02:07:46 PM  1000   1809046      0.00      0.00  tempo
02:07:46 PM  1000   1809047      0.00      0.00  loki
02:07:46 PM  1000   1809077     39.00      0.00  pyroscope

02:07:46 PM   UID       PID    %usr %system  %guest   %wait    %CPU   CPU  Command
02:07:47 PM  1000   1809024    0.00    0.00    0.00    0.00    0.00    16  run-grafana.sh
02:07:47 PM  1000   1809026    0.00    0.00    0.00    0.00    0.00    16  run-loki.sh
02:07:47 PM  1000   1809028    0.00    0.00    0.00    0.00    0.00    16  grafana
02:07:47 PM  1000   1809029    0.00    0.00    0.00    0.00    0.00    20  run-otelcol.sh
02:07:47 PM  1000   1809032    0.00    0.00    0.00    0.00    0.00    16  run-prometheus.
02:07:47 PM  1000   1809036    7.00    0.00    0.00    0.00    7.00    20  otelcol-contrib
02:07:47 PM  1000   1809039    0.00    0.00    0.00    0.00    0.00    18  run-tempo.sh
02:07:47 PM  1000   1809042    0.00    0.00    0.00    0.00    0.00    16  prometheus
02:07:47 PM  1000   1809043    0.00    0.00    0.00    0.00    0.00    18  run-pyroscope.s
02:07:47 PM  1000   1809046   55.00    5.00    0.00    0.00   60.00    16  tempo
02:07:47 PM  1000   1809047    1.00    0.00    0.00    0.00    1.00    20  loki
02:07:47 PM  1000   1809077    0.00    0.00    0.00    0.00    0.00    18  pyroscope

02:07:46 PM   UID       PID   cswch/s nvcswch/s  Command
02:07:47 PM  1000   1809024      0.00      0.00  run-grafana.sh
02:07:47 PM  1000   1809026      0.00      0.00  run-loki.sh
02:07:47 PM  1000   1809028      0.00      0.00  grafana
02:07:47 PM  1000   1809029      0.00      0.00  run-otelcol.sh
02:07:47 PM  1000   1809032      0.00      0.00  run-prometheus.
02:07:47 PM  1000   1809036     59.00      0.00  otelcol-contrib
02:07:47 PM  1000   1809039      0.00      0.00  run-tempo.sh
02:07:47 PM  1000   1809042      5.00      0.00  prometheus
02:07:47 PM  1000   1809043      0.00      0.00  run-pyroscope.s
02:07:47 PM  1000   1809046      0.00      0.00  tempo
02:07:47 PM  1000   1809047      0.00      0.00  loki
02:07:47 PM  1000   1809077     18.00      0.00  pyroscope

02:07:47 PM   UID       PID    %usr %system  %guest   %wait    %CPU   CPU  Command
02:07:48 PM  1000   1809024    0.00    0.00    0.00    0.00    0.00    16  run-grafana.sh
02:07:48 PM  1000   1809026    0.00    0.00    0.00    0.00    0.00    16  run-loki.sh
02:07:48 PM  1000   1809028    0.00    0.00    0.00    0.00    0.00    16  grafana
02:07:48 PM  1000   1809029    0.00    0.00    0.00    0.00    0.00    20  run-otelcol.sh
02:07:48 PM  1000   1809032    0.00    0.00    0.00    0.00    0.00    16  run-prometheus.
02:07:48 PM  1000   1809036    5.00    0.00    0.00    0.00    5.00    18  otelcol-contrib
02:07:48 PM  1000   1809039    0.00    0.00    0.00    0.00    0.00    18  run-tempo.sh
02:07:48 PM  1000   1809042    0.00    0.00    0.00    0.00    0.00    18  prometheus
02:07:48 PM  1000   1809043    0.00    0.00    0.00    0.00    0.00    18  run-pyroscope.s
02:07:48 PM  1000   1809046   24.00    1.00    0.00    0.00   25.00    16  tempo
02:07:48 PM  1000   1809047    0.00    0.00    0.00    0.00    0.00    20  loki
02:07:48 PM  1000   1809077    0.00    0.00    0.00    0.00    0.00    20  pyroscope

02:07:47 PM   UID       PID   cswch/s nvcswch/s  Command
02:07:48 PM  1000   1809024      0.00      0.00  run-grafana.sh
02:07:48 PM  1000   1809026      0.00      0.00  run-loki.sh
02:07:48 PM  1000   1809028      0.00      0.00  grafana
02:07:48 PM  1000   1809029      0.00      0.00  run-otelcol.sh
02:07:48 PM  1000   1809032      0.00      0.00  run-prometheus.
02:07:48 PM  1000   1809036     60.00      0.00  otelcol-contrib
02:07:48 PM  1000   1809039      0.00      0.00  run-tempo.sh
02:07:48 PM  1000   1809042      3.00      0.00  prometheus
02:07:48 PM  1000   1809043      0.00      0.00  run-pyroscope.s
02:07:48 PM  1000   1809046      0.00      0.00  tempo
02:07:48 PM  1000   1809047      0.00      0.00  loki
02:07:48 PM  1000   1809077      4.00      0.00  pyroscope

02:07:48 PM   UID       PID    %usr %system  %guest   %wait    %CPU   CPU  Command
02:07:49 PM  1000   1809024    0.00    0.00    0.00    0.00    0.00    16  run-grafana.sh
02:07:49 PM  1000   1809026    0.00    0.00    0.00    0.00    0.00    16  run-loki.sh
02:07:49 PM  1000   1809028    0.00    0.00    0.00    0.00    0.00    16  grafana
02:07:49 PM  1000   1809029    0.00    0.00    0.00    0.00    0.00    20  run-otelcol.sh
02:07:49 PM  1000   1809032    0.00    0.00    0.00    0.00    0.00    16  run-prometheus.
02:07:49 PM  1000   1809036    5.00    1.00    0.00    0.00    6.00    18  otelcol-contrib
02:07:49 PM  1000   1809039    0.00    0.00    0.00    0.00    0.00    18  run-tempo.sh
02:07:49 PM  1000   1809042    0.00    0.00    0.00    0.00    0.00    20  prometheus
02:07:49 PM  1000   1809043    0.00    0.00    0.00    0.00    0.00    18  run-pyroscope.s
02:07:49 PM  1000   1809046   32.00    1.00    0.00    0.00   33.00    16  tempo
02:07:49 PM  1000   1809047    0.00    0.00    0.00    0.00    0.00    20  loki
02:07:49 PM  1000   1809077    1.00    0.00    0.00    0.00    1.00    18  pyroscope

02:07:48 PM   UID       PID   cswch/s nvcswch/s  Command
02:07:49 PM  1000   1809024      0.00      0.00  run-grafana.sh
02:07:49 PM  1000   1809026      0.00      0.00  run-loki.sh
02:07:49 PM  1000   1809028      0.00      0.00  grafana
02:07:49 PM  1000   1809029      0.00      0.00  run-otelcol.sh
02:07:49 PM  1000   1809032      0.00      0.00  run-prometheus.
02:07:49 PM  1000   1809036     62.00      0.00  otelcol-contrib
02:07:49 PM  1000   1809039      0.00      0.00  run-tempo.sh
02:07:49 PM  1000   1809042      3.00      0.00  prometheus
02:07:49 PM  1000   1809043      0.00      0.00  run-pyroscope.s
02:07:49 PM  1000   1809046      0.00      0.00  tempo
02:07:49 PM  1000   1809047      0.00      0.00  loki
02:07:49 PM  1000   1809077     42.00      0.00  pyroscope

02:07:49 PM   UID       PID    %usr %system  %guest   %wait    %CPU   CPU  Command
02:07:50 PM  1000   1809024    0.00    0.00    0.00    0.00    0.00    16  run-grafana.sh
02:07:50 PM  1000   1809026    0.00    0.00    0.00    0.00    0.00    16  run-loki.sh
02:07:50 PM  1000   1809028    0.00    0.00    0.00    0.00    0.00    16  grafana
02:07:50 PM  1000   1809029    0.00    0.00    0.00    0.00    0.00    20  run-otelcol.sh
02:07:50 PM  1000   1809032    0.00    0.00    0.00    0.00    0.00    16  run-prometheus.
02:07:50 PM  1000   1809036    7.00    0.00    0.00    0.00    7.00    16  otelcol-contrib
02:07:50 PM  1000   1809039    0.00    0.00    0.00    0.00    0.00    18  run-tempo.sh
02:07:50 PM  1000   1809042    0.00    0.00    0.00    0.00    0.00    18  prometheus
02:07:50 PM  1000   1809043    0.00    0.00    0.00    0.00    0.00    18  run-pyroscope.s
02:07:50 PM  1000   1809046   68.00    3.00    0.00    0.00   71.00    16  tempo
02:07:50 PM  1000   1809047    0.00    0.00    0.00    0.00    0.00    20  loki
02:07:50 PM  1000   1809077    0.00    0.00    0.00    0.00    0.00    16  pyroscope

02:07:49 PM   UID       PID   cswch/s nvcswch/s  Command
02:07:50 PM  1000   1809024      0.00      0.00  run-grafana.sh
02:07:50 PM  1000   1809026      0.00      0.00  run-loki.sh
02:07:50 PM  1000   1809028      0.00      0.00  grafana
02:07:50 PM  1000   1809029      0.00      0.00  run-otelcol.sh
02:07:50 PM  1000   1809032      0.00      0.00  run-prometheus.
02:07:50 PM  1000   1809036     71.00      6.00  otelcol-contrib
02:07:50 PM  1000   1809039      0.00      0.00  run-tempo.sh
02:07:50 PM  1000   1809042      2.00      0.00  prometheus
02:07:50 PM  1000   1809043      0.00      0.00  run-pyroscope.s
02:07:50 PM  1000   1809046      0.00      0.00  tempo
02:07:50 PM  1000   1809047      0.00      0.00  loki
02:07:50 PM  1000   1809077     34.00      0.00  pyroscope

02:07:50 PM   UID       PID    %usr %system  %guest   %wait    %CPU   CPU  Command
02:07:51 PM  1000   1809024    0.00    0.00    0.00    0.00    0.00    16  run-grafana.sh
02:07:51 PM  1000   1809026    0.00    0.00    0.00    0.00    0.00    16  run-loki.sh
02:07:51 PM  1000   1809028    0.00    0.00    0.00    0.00    0.00    16  grafana
02:07:51 PM  1000   1809029    0.00    0.00    0.00    0.00    0.00    20  run-otelcol.sh
02:07:51 PM  1000   1809032    0.00    0.00    0.00    0.00    0.00    16  run-prometheus.
02:07:51 PM  1000   1809036    5.00    0.00    0.00    0.00    5.00    18  otelcol-contrib
02:07:51 PM  1000   1809039    0.00    0.00    0.00    0.00    0.00    18  run-tempo.sh
02:07:51 PM  1000   1809042    0.00    0.00    0.00    0.00    0.00    18  prometheus
02:07:51 PM  1000   1809043    0.00    0.00    0.00    0.00    0.00    18  run-pyroscope.s
02:07:51 PM  1000   1809046   19.00    4.00    0.00    0.00   23.00    16  tempo
02:07:51 PM  1000   1809047    1.00    0.00    0.00    0.00    1.00    20  loki
02:07:51 PM  1000   1809077    0.00    0.00    0.00    0.00    0.00    18  pyroscope

02:07:50 PM   UID       PID   cswch/s nvcswch/s  Command
02:07:51 PM  1000   1809024      0.00      0.00  run-grafana.sh
02:07:51 PM  1000   1809026      0.00      0.00  run-loki.sh
02:07:51 PM  1000   1809028      0.00      0.00  grafana
02:07:51 PM  1000   1809029      0.00      0.00  run-otelcol.sh
02:07:51 PM  1000   1809032      0.00      0.00  run-prometheus.
02:07:51 PM  1000   1809036     53.00      2.00  otelcol-contrib
02:07:51 PM  1000   1809039      0.00      0.00  run-tempo.sh
02:07:51 PM  1000   1809042      1.00      0.00  prometheus
02:07:51 PM  1000   1809043      0.00      0.00  run-pyroscope.s
02:07:51 PM  1000   1809046      0.00      0.00  tempo
02:07:51 PM  1000   1809047      0.00      0.00  loki
02:07:51 PM  1000   1809077     39.00      0.00  pyroscope

02:07:51 PM   UID       PID    %usr %system  %guest   %wait    %CPU   CPU  Command
02:07:52 PM  1000   1809024    0.00    0.00    0.00    0.00    0.00    16  run-grafana.sh
02:07:52 PM  1000   1809026    0.00    0.00    0.00    0.00    0.00    16  run-loki.sh
02:07:52 PM  1000   1809028    0.00    0.00    0.00    0.00    0.00    16  grafana
02:07:52 PM  1000   1809029    0.00    0.00    0.00    0.00    0.00    20  run-otelcol.sh
02:07:52 PM  1000   1809032    0.00    0.00    0.00    0.00    0.00    16  run-prometheus.
02:07:52 PM  1000   1809036    5.00    1.00    0.00    0.00    6.00    16  otelcol-contrib
02:07:52 PM  1000   1809039    0.00    0.00    0.00    0.00    0.00    18  run-tempo.sh
02:07:52 PM  1000   1809042    0.00    0.00    0.00    0.00    0.00    20  prometheus
02:07:52 PM  1000   1809043    0.00    0.00    0.00    0.00    0.00    18  run-pyroscope.s
02:07:52 PM  1000   1809046   41.00    4.00    0.00    0.00   45.00    16  tempo
02:07:52 PM  1000   1809047    0.00    0.00    0.00    0.00    0.00    20  loki
02:07:52 PM  1000   1809077    0.00    0.00    0.00    0.00    0.00    20  pyroscope

02:07:51 PM   UID       PID   cswch/s nvcswch/s  Command
02:07:52 PM  1000   1809024      0.00      0.00  run-grafana.sh
02:07:52 PM  1000   1809026      0.00      0.00  run-loki.sh
02:07:52 PM  1000   1809028      0.00      0.00  grafana
02:07:52 PM  1000   1809029      0.00      0.00  run-otelcol.sh
02:07:52 PM  1000   1809032      0.00      0.00  run-prometheus.
02:07:52 PM  1000   1809036     61.00      3.00  otelcol-contrib
02:07:52 PM  1000   1809039      0.00      0.00  run-tempo.sh
02:07:52 PM  1000   1809042      5.00      0.00  prometheus
02:07:52 PM  1000   1809043      0.00      0.00  run-pyroscope.s
02:07:52 PM  1000   1809046      0.00      0.00  tempo
02:07:52 PM  1000   1809047      0.00      0.00  loki
02:07:52 PM  1000   1809077     18.00      0.00  pyroscope

02:07:52 PM   UID       PID    %usr %system  %guest   %wait    %CPU   CPU  Command
02:07:53 PM  1000   1809024    0.00    0.00    0.00    0.00    0.00    16  run-grafana.sh
02:07:53 PM  1000   1809026    0.00    0.00    0.00    0.00    0.00    16  run-loki.sh
02:07:53 PM  1000   1809028    1.00    0.00    0.00    0.00    1.00    16  grafana
02:07:53 PM  1000   1809029    0.00    0.00    0.00    0.00    0.00    20  run-otelcol.sh
02:07:53 PM  1000   1809032    0.00    0.00    0.00    0.00    0.00    16  run-prometheus.
02:07:53 PM  1000   1809036    7.00    0.00    0.00    0.00    7.00    18  otelcol-contrib
02:07:53 PM  1000   1809039    0.00    0.00    0.00    0.00    0.00    18  run-tempo.sh
02:07:53 PM  1000   1809042    1.00    0.00    0.00    0.00    1.00    16  prometheus
02:07:53 PM  1000   1809043    0.00    0.00    0.00    0.00    0.00    18  run-pyroscope.s
02:07:53 PM  1000   1809046   41.00    1.00    0.00    0.00   42.00    16  tempo
02:07:53 PM  1000   1809047    0.00    0.00    0.00    0.00    0.00    20  loki
02:07:53 PM  1000   1809077    0.00    0.00    0.00    0.00    0.00    20  pyroscope

02:07:52 PM   UID       PID   cswch/s nvcswch/s  Command
02:07:53 PM  1000   1809024      0.00      0.00  run-grafana.sh
02:07:53 PM  1000   1809026      0.00      0.00  run-loki.sh
02:07:53 PM  1000   1809028      0.00      0.00  grafana
02:07:53 PM  1000   1809029      0.00      0.00  run-otelcol.sh
02:07:53 PM  1000   1809032      0.00      0.00  run-prometheus.
02:07:53 PM  1000   1809036     62.00      1.00  otelcol-contrib
02:07:53 PM  1000   1809039      0.00      0.00  run-tempo.sh
02:07:53 PM  1000   1809042      2.00      0.00  prometheus
02:07:53 PM  1000   1809043      0.00      0.00  run-pyroscope.s
02:07:53 PM  1000   1809046      0.00      0.00  tempo
02:07:53 PM  1000   1809047      0.00      0.00  loki
02:07:53 PM  1000   1809077      0.00      0.00  pyroscope

02:07:53 PM   UID       PID    %usr %system  %guest   %wait    %CPU   CPU  Command
02:07:54 PM  1000   1809024    0.00    0.00    0.00    0.00    0.00    16  run-grafana.sh
02:07:54 PM  1000   1809026    0.00    0.00    0.00    0.00    0.00    16  run-loki.sh
02:07:54 PM  1000   1809028    0.00    0.00    0.00    0.00    0.00    16  grafana
02:07:54 PM  1000   1809029    0.00    0.00    0.00    0.00    0.00    20  run-otelcol.sh
02:07:54 PM  1000   1809032    0.00    0.00    0.00    0.00    0.00    16  run-prometheus.
02:07:54 PM  1000   1809036    4.00    0.00    0.00    0.00    4.00    18  otelcol-contrib
02:07:54 PM  1000   1809039    0.00    0.00    0.00    0.00    0.00    18  run-tempo.sh
02:07:54 PM  1000   1809042    0.00    1.00    0.00    0.00    1.00    18  prometheus
02:07:54 PM  1000   1809043    0.00    0.00    0.00    0.00    0.00    18  run-pyroscope.s
02:07:54 PM  1000   1809046   27.00    3.00    0.00    0.00   30.00    16  tempo
02:07:54 PM  1000   1809047    0.00    0.00    0.00    0.00    0.00    20  loki
02:07:54 PM  1000   1809077    0.00    0.00    0.00    0.00    0.00    20  pyroscope

02:07:53 PM   UID       PID   cswch/s nvcswch/s  Command
02:07:54 PM  1000   1809024      0.00      0.00  run-grafana.sh
02:07:54 PM  1000   1809026      0.00      0.00  run-loki.sh
02:07:54 PM  1000   1809028      0.00      0.00  grafana
02:07:54 PM  1000   1809029      0.00      0.00  run-otelcol.sh
02:07:54 PM  1000   1809032      0.00      0.00  run-prometheus.
02:07:54 PM  1000   1809036     61.00      0.00  otelcol-contrib
02:07:54 PM  1000   1809039      0.00      0.00  run-tempo.sh
02:07:54 PM  1000   1809042      1.00      0.00  prometheus
02:07:54 PM  1000   1809043      0.00      0.00  run-pyroscope.s
02:07:54 PM  1000   1809046      0.00      0.00  tempo
02:07:54 PM  1000   1809047      0.00      0.00  loki
02:07:54 PM  1000   1809077      0.00      0.00  pyroscope

02:07:54 PM   UID       PID    %usr %system  %guest   %wait    %CPU   CPU  Command
02:07:55 PM  1000   1809024    0.00    0.00    0.00    0.00    0.00    16  run-grafana.sh
02:07:55 PM  1000   1809026    0.00    0.00    0.00    0.00    0.00    16  run-loki.sh
02:07:55 PM  1000   1809028    0.00    0.00    0.00    0.00    0.00    16  grafana
02:07:55 PM  1000   1809029    0.00    0.00    0.00    0.00    0.00    20  run-otelcol.sh
02:07:55 PM  1000   1809032    0.00    0.00    0.00    0.00    0.00    16  run-prometheus.
02:07:55 PM  1000   1809036    6.00    0.00    0.00    1.00    6.00    16  otelcol-contrib
02:07:55 PM  1000   1809039    0.00    0.00    0.00    0.00    0.00    18  run-tempo.sh
02:07:55 PM  1000   1809042    0.00    0.00    0.00    0.00    0.00    18  prometheus
02:07:55 PM  1000   1809043    0.00    0.00    0.00    0.00    0.00    18  run-pyroscope.s
02:07:55 PM  1000   1809046  149.00   11.00    0.00    0.00  160.00    16  tempo
02:07:55 PM  1000   1809047    0.00    1.00    0.00    0.00    1.00    20  loki
02:07:55 PM  1000   1809077    1.00    0.00    0.00    0.00    1.00    20  pyroscope

02:07:54 PM   UID       PID   cswch/s nvcswch/s  Command
02:07:55 PM  1000   1809024      0.00      0.00  run-grafana.sh
02:07:55 PM  1000   1809026      0.00      0.00  run-loki.sh
02:07:55 PM  1000   1809028      0.00      0.00  grafana
02:07:55 PM  1000   1809029      0.00      0.00  run-otelcol.sh
02:07:55 PM  1000   1809032      0.00      0.00  run-prometheus.
02:07:55 PM  1000   1809036     47.00      2.00  otelcol-contrib
02:07:55 PM  1000   1809039      0.00      0.00  run-tempo.sh
02:07:55 PM  1000   1809042      2.00      0.00  prometheus
02:07:55 PM  1000   1809043      0.00      0.00  run-pyroscope.s
02:07:55 PM  1000   1809046      0.00      0.00  tempo
02:07:55 PM  1000   1809047      0.00      0.00  loki
02:07:55 PM  1000   1809077      0.00      0.00  pyroscope

02:07:55 PM   UID       PID    %usr %system  %guest   %wait    %CPU   CPU  Command
02:07:56 PM  1000   1809024    0.00    0.00    0.00    0.00    0.00    16  run-grafana.sh
02:07:56 PM  1000   1809026    0.00    0.00    0.00    0.00    0.00    16  run-loki.sh
02:07:56 PM  1000   1809028    0.00    0.00    0.00    0.00    0.00    16  grafana
02:07:56 PM  1000   1809029    0.00    0.00    0.00    0.00    0.00    20  run-otelcol.sh
02:07:56 PM  1000   1809032    0.00    0.00    0.00    0.00    0.00    16  run-prometheus.
02:07:56 PM  1000   1809036    7.00    1.00    0.00    0.00    8.00    20  otelcol-contrib
02:07:56 PM  1000   1809039    0.00    0.00    0.00    0.00    0.00    18  run-tempo.sh
02:07:56 PM  1000   1809042    0.00    0.00    0.00    0.00    0.00    20  prometheus
02:07:56 PM  1000   1809043    0.00    0.00    0.00    0.00    0.00    18  run-pyroscope.s
02:07:56 PM  1000   1809046   28.00    0.00    0.00    0.00   28.00    16  tempo
02:07:56 PM  1000   1809047    1.00    0.00    0.00    0.00    1.00    20  loki
02:07:56 PM  1000   1809077    0.00    0.00    0.00    0.00    0.00    20  pyroscope

02:07:55 PM   UID       PID   cswch/s nvcswch/s  Command
02:07:56 PM  1000   1809024      0.00      0.00  run-grafana.sh
02:07:56 PM  1000   1809026      0.00      0.00  run-loki.sh
02:07:56 PM  1000   1809028      0.00      0.00  grafana
02:07:56 PM  1000   1809029      0.00      0.00  run-otelcol.sh
02:07:56 PM  1000   1809032      0.00      0.00  run-prometheus.
02:07:56 PM  1000   1809036     70.00      4.00  otelcol-contrib
02:07:56 PM  1000   1809039      0.00      0.00  run-tempo.sh
02:07:56 PM  1000   1809042      2.00      0.00  prometheus
02:07:56 PM  1000   1809043      0.00      0.00  run-pyroscope.s
02:07:56 PM  1000   1809046      0.00      0.00  tempo
02:07:56 PM  1000   1809047      0.00      0.00  loki
02:07:56 PM  1000   1809077      0.00      0.00  pyroscope

02:07:56 PM   UID       PID    %usr %system  %guest   %wait    %CPU   CPU  Command
02:07:57 PM  1000   1809024    0.00    0.00    0.00    0.00    0.00    16  run-grafana.sh
02:07:57 PM  1000   1809026    0.00    0.00    0.00    0.00    0.00    16  run-loki.sh
02:07:57 PM  1000   1809028    0.00    0.00    0.00    0.00    0.00    16  grafana
02:07:57 PM  1000   1809029    0.00    0.00    0.00    0.00    0.00    20  run-otelcol.sh
02:07:57 PM  1000   1809032    0.00    0.00    0.00    0.00    0.00    16  run-prometheus.
02:07:57 PM  1000   1809036    4.00    0.00    0.00    0.00    4.00    20  otelcol-contrib
02:07:57 PM  1000   1809039    0.00    0.00    0.00    0.00    0.00    18  run-tempo.sh
02:07:57 PM  1000   1809042    1.00    0.00    0.00    0.00    1.00    16  prometheus
02:07:57 PM  1000   1809043    0.00    0.00    0.00    0.00    0.00    18  run-pyroscope.s
02:07:57 PM  1000   1809046   49.00    6.00    0.00    0.00   55.00    16  tempo
02:07:57 PM  1000   1809047    0.00    0.00    0.00    0.00    0.00    20  loki
02:07:57 PM  1000   1809077    0.00    0.00    0.00    0.00    0.00    20  pyroscope

02:07:56 PM   UID       PID   cswch/s nvcswch/s  Command
02:07:57 PM  1000   1809024      0.00      0.00  run-grafana.sh
02:07:57 PM  1000   1809026      0.00      0.00  run-loki.sh
02:07:57 PM  1000   1809028      0.00      0.00  grafana
02:07:57 PM  1000   1809029      0.00      0.00  run-otelcol.sh
02:07:57 PM  1000   1809032      0.00      0.00  run-prometheus.
02:07:57 PM  1000   1809036     69.00      1.00  otelcol-contrib
02:07:57 PM  1000   1809039      0.00      0.00  run-tempo.sh
02:07:57 PM  1000   1809042     15.00      1.00  prometheus
02:07:57 PM  1000   1809043      0.00      0.00  run-pyroscope.s
02:07:57 PM  1000   1809046      0.00      0.00  tempo
02:07:57 PM  1000   1809047      0.00      0.00  loki
02:07:57 PM  1000   1809077      0.00      0.00  pyroscope

02:07:57 PM   UID       PID    %usr %system  %guest   %wait    %CPU   CPU  Command
02:07:58 PM  1000   1809024    0.00    0.00    0.00    0.00    0.00    16  run-grafana.sh
02:07:58 PM  1000   1809026    0.00    0.00    0.00    0.00    0.00    16  run-loki.sh
02:07:58 PM  1000   1809028    0.00    0.00    0.00    0.00    0.00    16  grafana
02:07:58 PM  1000   1809029    0.00    0.00    0.00    0.00    0.00    20  run-otelcol.sh
02:07:58 PM  1000   1809032    0.00    0.00    0.00    0.00    0.00    16  run-prometheus.
02:07:58 PM  1000   1809036    5.00    1.00    0.00    0.00    6.00    18  otelcol-contrib
02:07:58 PM  1000   1809039    0.00    0.00    0.00    0.00    0.00    18  run-tempo.sh
02:07:58 PM  1000   1809042    0.00    0.00    0.00    0.00    0.00    20  prometheus
02:07:58 PM  1000   1809043    0.00    0.00    0.00    0.00    0.00    18  run-pyroscope.s
02:07:58 PM  1000   1809046   20.00    0.00    0.00    0.00   20.00    16  tempo
02:07:58 PM  1000   1809047    0.00    0.00    0.00    0.00    0.00    20  loki
02:07:58 PM  1000   1809077    3.00    1.00    0.00    0.00    4.00    18  pyroscope

02:07:57 PM   UID       PID   cswch/s nvcswch/s  Command
02:07:58 PM  1000   1809024      0.00      0.00  run-grafana.sh
02:07:58 PM  1000   1809026      0.00      0.00  run-loki.sh
02:07:58 PM  1000   1809028      0.00      0.00  grafana
02:07:58 PM  1000   1809029      0.00      0.00  run-otelcol.sh
02:07:58 PM  1000   1809032      0.00      0.00  run-prometheus.
02:07:58 PM  1000   1809036     74.00      5.00  otelcol-contrib
02:07:58 PM  1000   1809039      0.00      0.00  run-tempo.sh
02:07:58 PM  1000   1809042      2.00      0.00  prometheus
02:07:58 PM  1000   1809043      0.00      0.00  run-pyroscope.s
02:07:58 PM  1000   1809046      0.00      0.00  tempo
02:07:58 PM  1000   1809047      0.00      0.00  loki
02:07:58 PM  1000   1809077     40.00      0.00  pyroscope

02:07:58 PM   UID       PID    %usr %system  %guest   %wait    %CPU   CPU  Command
02:07:59 PM  1000   1809024    0.00    0.00    0.00    0.00    0.00    16  run-grafana.sh
02:07:59 PM  1000   1809026    0.00    0.00    0.00    0.00    0.00    16  run-loki.sh
02:07:59 PM  1000   1809028    0.00    0.00    0.00    0.00    0.00    16  grafana
02:07:59 PM  1000   1809029    0.00    0.00    0.00    0.00    0.00    20  run-otelcol.sh
02:07:59 PM  1000   1809032    0.00    0.00    0.00    0.00    0.00    16  run-prometheus.
02:07:59 PM  1000   1809036    7.00    0.00    0.00    0.00    7.00    20  otelcol-contrib
02:07:59 PM  1000   1809039    0.00    0.00    0.00    0.00    0.00    18  run-tempo.sh
02:07:59 PM  1000   1809042    0.00    0.00    0.00    0.00    0.00    20  prometheus
02:07:59 PM  1000   1809043    0.00    0.00    0.00    0.00    0.00    18  run-pyroscope.s
02:07:59 PM  1000   1809046   33.00    1.00    0.00    0.00   34.00    16  tempo
02:07:59 PM  1000   1809047    0.00    0.00    0.00    0.00    0.00    20  loki
02:07:59 PM  1000   1809077    0.00    0.00    0.00    0.00    0.00    18  pyroscope

02:07:58 PM   UID       PID   cswch/s nvcswch/s  Command
02:07:59 PM  1000   1809024      0.00      0.00  run-grafana.sh
02:07:59 PM  1000   1809026      0.00      0.00  run-loki.sh
02:07:59 PM  1000   1809028      0.00      0.00  grafana
02:07:59 PM  1000   1809029      0.00      0.00  run-otelcol.sh
02:07:59 PM  1000   1809032      0.00      0.00  run-prometheus.
02:07:59 PM  1000   1809036     58.00      1.00  otelcol-contrib
02:07:59 PM  1000   1809039      0.00      0.00  run-tempo.sh
02:07:59 PM  1000   1809042      2.00      0.00  prometheus
02:07:59 PM  1000   1809043      0.00      0.00  run-pyroscope.s
02:07:59 PM  1000   1809046      0.00      0.00  tempo
02:07:59 PM  1000   1809047      0.00      0.00  loki
02:07:59 PM  1000   1809077      0.00      0.00  pyroscope

02:07:59 PM   UID       PID    %usr %system  %guest   %wait    %CPU   CPU  Command
02:08:00 PM  1000   1809024    0.00    0.00    0.00    0.00    0.00    16  run-grafana.sh
02:08:00 PM  1000   1809026    0.00    0.00    0.00    0.00    0.00    16  run-loki.sh
02:08:00 PM  1000   1809028    2.00    1.00    0.00    0.00    3.00    16  grafana
02:08:00 PM  1000   1809029    0.00    0.00    0.00    0.00    0.00    20  run-otelcol.sh
02:08:00 PM  1000   1809032    0.00    0.00    0.00    0.00    0.00    16  run-prometheus.
02:08:00 PM  1000   1809036    5.00    0.00    0.00    0.00    5.00    16  otelcol-contrib
02:08:00 PM  1000   1809039    0.00    0.00    0.00    0.00    0.00    18  run-tempo.sh
02:08:00 PM  1000   1809042    1.00    0.00    0.00    0.00    1.00    16  prometheus
02:08:00 PM  1000   1809043    0.00    0.00    0.00    0.00    0.00    18  run-pyroscope.s
02:08:00 PM  1000   1809046   61.00    4.00    0.00    0.00   65.00    16  tempo
02:08:00 PM  1000   1809047    0.00    1.00    0.00    0.00    1.00    20  loki
02:08:00 PM  1000   1809077    0.00    0.00    0.00    0.00    0.00    18  pyroscope

02:07:59 PM   UID       PID   cswch/s nvcswch/s  Command
02:08:00 PM  1000   1809024      0.00      0.00  run-grafana.sh
02:08:00 PM  1000   1809026      0.00      0.00  run-loki.sh
02:08:00 PM  1000   1809028      0.00      0.00  grafana
02:08:00 PM  1000   1809029      0.00      0.00  run-otelcol.sh
02:08:00 PM  1000   1809032      0.00      0.00  run-prometheus.
02:08:00 PM  1000   1809036     51.00      1.00  otelcol-contrib
02:08:00 PM  1000   1809039      0.00      0.00  run-tempo.sh
02:08:00 PM  1000   1809042      4.00      0.00  prometheus
02:08:00 PM  1000   1809043      0.00      0.00  run-pyroscope.s
02:08:00 PM  1000   1809046      0.00      0.00  tempo
02:08:00 PM  1000   1809047      0.00      0.00  loki
02:08:00 PM  1000   1809077      0.00      0.00  pyroscope

02:08:00 PM   UID       PID    %usr %system  %guest   %wait    %CPU   CPU  Command
02:08:01 PM  1000   1809024    0.00    0.00    0.00    0.00    0.00    16  run-grafana.sh
02:08:01 PM  1000   1809026    0.00    0.00    0.00    0.00    0.00    16  run-loki.sh
02:08:01 PM  1000   1809028    0.00    0.00    0.00    0.00    0.00    16  grafana
02:08:01 PM  1000   1809029    0.00    0.00    0.00    0.00    0.00    20  run-otelcol.sh
02:08:01 PM  1000   1809032    0.00    0.00    0.00    0.00    0.00    16  run-prometheus.
02:08:01 PM  1000   1809036    5.00    1.00    0.00    0.00    6.00    16  otelcol-contrib
02:08:01 PM  1000   1809039    0.00    0.00    0.00    0.00    0.00    18  run-tempo.sh
02:08:01 PM  1000   1809042    0.00    0.00    0.00    0.00    0.00    16  prometheus
02:08:01 PM  1000   1809043    0.00    0.00    0.00    0.00    0.00    18  run-pyroscope.s
02:08:01 PM  1000   1809046   32.00    6.00    0.00    0.00   38.00    16  tempo
02:08:01 PM  1000   1809047    1.00    0.00    0.00    0.00    1.00    20  loki
02:08:01 PM  1000   1809077    0.00    0.00    0.00    0.00    0.00    18  pyroscope

02:08:00 PM   UID       PID   cswch/s nvcswch/s  Command
02:08:01 PM  1000   1809024      0.00      0.00  run-grafana.sh
02:08:01 PM  1000   1809026      0.00      0.00  run-loki.sh
02:08:01 PM  1000   1809028      0.00      0.00  grafana
02:08:01 PM  1000   1809029      0.00      0.00  run-otelcol.sh
02:08:01 PM  1000   1809032      0.00      0.00  run-prometheus.
02:08:01 PM  1000   1809036     85.00      6.00  otelcol-contrib
02:08:01 PM  1000   1809039      0.00      0.00  run-tempo.sh
02:08:01 PM  1000   1809042      3.00      0.00  prometheus
02:08:01 PM  1000   1809043      0.00      0.00  run-pyroscope.s
02:08:01 PM  1000   1809046      0.00      0.00  tempo
02:08:01 PM  1000   1809047      0.00      0.00  loki
02:08:01 PM  1000   1809077     31.00      0.00  pyroscope

02:08:01 PM   UID       PID    %usr %system  %guest   %wait    %CPU   CPU  Command
02:08:02 PM  1000   1809024    0.00    0.00    0.00    0.00    0.00    16  run-grafana.sh
02:08:02 PM  1000   1809026    0.00    0.00    0.00    0.00    0.00    16  run-loki.sh
02:08:02 PM  1000   1809028    0.00    0.00    0.00    0.00    0.00    16  grafana
02:08:02 PM  1000   1809029    0.00    0.00    0.00    0.00    0.00    20  run-otelcol.sh
02:08:02 PM  1000   1809032    0.00    0.00    0.00    0.00    0.00    16  run-prometheus.
02:08:02 PM  1000   1809036    8.00    0.00    0.00    0.00    8.00    16  otelcol-contrib
02:08:02 PM  1000   1809039    0.00    0.00    0.00    0.00    0.00    18  run-tempo.sh
02:08:02 PM  1000   1809042    0.00    0.00    0.00    0.00    0.00    16  prometheus
02:08:02 PM  1000   1809043    0.00    0.00    0.00    0.00    0.00    18  run-pyroscope.s
02:08:02 PM  1000   1809046  108.00    4.00    0.00    0.00  112.00    16  tempo
02:08:02 PM  1000   1809047    0.00    0.00    0.00    0.00    0.00    20  loki
02:08:02 PM  1000   1809077    1.00    0.00    0.00    0.00    1.00    16  pyroscope

02:08:01 PM   UID       PID   cswch/s nvcswch/s  Command
02:08:02 PM  1000   1809024      0.00      0.00  run-grafana.sh
02:08:02 PM  1000   1809026      0.00      0.00  run-loki.sh
02:08:02 PM  1000   1809028      0.00      0.00  grafana
02:08:02 PM  1000   1809029      0.00      0.00  run-otelcol.sh
02:08:02 PM  1000   1809032      0.00      0.00  run-prometheus.
02:08:02 PM  1000   1809036     63.00      3.00  otelcol-contrib
02:08:02 PM  1000   1809039      0.00      0.00  run-tempo.sh
02:08:02 PM  1000   1809042      4.00      0.00  prometheus
02:08:02 PM  1000   1809043      0.00      0.00  run-pyroscope.s
02:08:02 PM  1000   1809046      0.00      0.00  tempo
02:08:02 PM  1000   1809047      0.00      0.00  loki
02:08:02 PM  1000   1809077     38.00      0.00  pyroscope

02:08:02 PM   UID       PID    %usr %system  %guest   %wait    %CPU   CPU  Command
02:08:03 PM  1000   1809024    0.00    0.00    0.00    0.00    0.00    16  run-grafana.sh
02:08:03 PM  1000   1809026    0.00    0.00    0.00    0.00    0.00    16  run-loki.sh
02:08:03 PM  1000   1809028    0.00    0.00    0.00    0.00    0.00    16  grafana
02:08:03 PM  1000   1809029    0.00    0.00    0.00    0.00    0.00    20  run-otelcol.sh
02:08:03 PM  1000   1809032    0.00    0.00    0.00    0.00    0.00    16  run-prometheus.
02:08:03 PM  1000   1809036    5.00    0.00    0.00    0.00    5.00    16  otelcol-contrib
02:08:03 PM  1000   1809039    0.00    0.00    0.00    0.00    0.00    18  run-tempo.sh
02:08:03 PM  1000   1809042    0.00    0.00    0.00    0.00    0.00    16  prometheus
02:08:03 PM  1000   1809043    0.00    0.00    0.00    0.00    0.00    18  run-pyroscope.s
02:08:03 PM  1000   1809046   23.00    1.00    0.00    0.00   24.00    16  tempo
02:08:03 PM  1000   1809047    0.00    0.00    0.00    0.00    0.00    20  loki
02:08:03 PM  1000   1809077    0.00    0.00    0.00    0.00    0.00    16  pyroscope

02:08:02 PM   UID       PID   cswch/s nvcswch/s  Command
02:08:03 PM  1000   1809024      0.00      0.00  run-grafana.sh
02:08:03 PM  1000   1809026      0.00      0.00  run-loki.sh
02:08:03 PM  1000   1809028      0.00      0.00  grafana
02:08:03 PM  1000   1809029      0.00      0.00  run-otelcol.sh
02:08:03 PM  1000   1809032      0.00      0.00  run-prometheus.
02:08:03 PM  1000   1809036     72.00      1.00  otelcol-contrib
02:08:03 PM  1000   1809039      0.00      0.00  run-tempo.sh
02:08:03 PM  1000   1809042      1.00      0.00  prometheus
02:08:03 PM  1000   1809043      0.00      0.00  run-pyroscope.s
02:08:03 PM  1000   1809046      0.00      0.00  tempo
02:08:03 PM  1000   1809047      0.00      0.00  loki
02:08:03 PM  1000   1809077     45.00      0.00  pyroscope

02:08:03 PM   UID       PID    %usr %system  %guest   %wait    %CPU   CPU  Command
02:08:04 PM  1000   1809024    0.00    0.00    0.00    0.00    0.00    16  run-grafana.sh
02:08:04 PM  1000   1809026    0.00    0.00    0.00    0.00    0.00    16  run-loki.sh
02:08:04 PM  1000   1809028    0.00    0.00    0.00    0.00    0.00    16  grafana
02:08:04 PM  1000   1809029    0.00    0.00    0.00    0.00    0.00    20  run-otelcol.sh
02:08:04 PM  1000   1809032    0.00    0.00    0.00    0.00    0.00    16  run-prometheus.
02:08:04 PM  1000   1809036    5.00    0.00    0.00    0.00    5.00    16  otelcol-contrib
02:08:04 PM  1000   1809039    0.00    0.00    0.00    0.00    0.00    18  run-tempo.sh
02:08:04 PM  1000   1809042    0.00    0.00    0.00    0.00    0.00    20  prometheus
02:08:04 PM  1000   1809043    0.00    0.00    0.00    0.00    0.00    18  run-pyroscope.s
02:08:04 PM  1000   1809046   61.00    1.00    0.00    0.00   62.00    16  tempo
02:08:04 PM  1000   1809047    0.00    0.00    0.00    0.00    0.00    20  loki
02:08:04 PM  1000   1809077    0.00    0.00    0.00    0.00    0.00    20  pyroscope

02:08:03 PM   UID       PID   cswch/s nvcswch/s  Command
02:08:04 PM  1000   1809024      0.00      0.00  run-grafana.sh
02:08:04 PM  1000   1809026      0.00      0.00  run-loki.sh
02:08:04 PM  1000   1809028      0.00      0.00  grafana
02:08:04 PM  1000   1809029      0.00      0.00  run-otelcol.sh
02:08:04 PM  1000   1809032      0.00      0.00  run-prometheus.
02:08:04 PM  1000   1809036     74.00     10.00  otelcol-contrib
02:08:04 PM  1000   1809039      0.00      0.00  run-tempo.sh
02:08:04 PM  1000   1809042      3.00      0.00  prometheus
02:08:04 PM  1000   1809043      0.00      0.00  run-pyroscope.s
02:08:04 PM  1000   1809046      0.00      0.00  tempo
02:08:04 PM  1000   1809047      0.00      0.00  loki
02:08:04 PM  1000   1809077     45.00      0.00  pyroscope

02:08:04 PM   UID       PID    %usr %system  %guest   %wait    %CPU   CPU  Command
02:08:05 PM  1000   1809024    0.00    0.00    0.00    0.00    0.00    16  run-grafana.sh
02:08:05 PM  1000   1809026    0.00    0.00    0.00    0.00    0.00    16  run-loki.sh
02:08:05 PM  1000   1809028    0.00    0.00    0.00    0.00    0.00    16  grafana
02:08:05 PM  1000   1809029    0.00    0.00    0.00    0.00    0.00    20  run-otelcol.sh
02:08:05 PM  1000   1809032    0.00    0.00    0.00    0.00    0.00    16  run-prometheus.
02:08:05 PM  1000   1809036    7.00    1.00    0.00    1.00    8.00    18  otelcol-contrib
02:08:05 PM  1000   1809039    0.00    0.00    0.00    0.00    0.00    18  run-tempo.sh
02:08:05 PM  1000   1809042    0.00    0.00    0.00    0.00    0.00    16  prometheus
02:08:05 PM  1000   1809043    0.00    0.00    0.00    0.00    0.00    18  run-pyroscope.s
02:08:05 PM  1000   1809046   73.00    3.00    0.00    0.00   76.00    16  tempo
02:08:05 PM  1000   1809047    1.00    0.00    0.00    0.00    1.00    20  loki
02:08:05 PM  1000   1809077    0.00    1.00    0.00    0.00    1.00    18  pyroscope

02:08:04 PM   UID       PID   cswch/s nvcswch/s  Command
02:08:05 PM  1000   1809024      0.00      0.00  run-grafana.sh
02:08:05 PM  1000   1809026      0.00      0.00  run-loki.sh
02:08:05 PM  1000   1809028      0.00      0.00  grafana
02:08:05 PM  1000   1809029      0.00      0.00  run-otelcol.sh
02:08:05 PM  1000   1809032      0.00      0.00  run-prometheus.
02:08:05 PM  1000   1809036     64.00      0.00  otelcol-contrib
02:08:05 PM  1000   1809039      0.00      0.00  run-tempo.sh
02:08:05 PM  1000   1809042      2.00      0.00  prometheus
02:08:05 PM  1000   1809043      0.00      0.00  run-pyroscope.s
02:08:05 PM  1000   1809046      0.00      0.00  tempo
02:08:05 PM  1000   1809047      0.00      0.00  loki
02:08:05 PM  1000   1809077     32.00      0.00  pyroscope

02:08:05 PM   UID       PID    %usr %system  %guest   %wait    %CPU   CPU  Command
02:08:06 PM  1000   1809024    0.00    0.00    0.00    0.00    0.00    16  run-grafana.sh
02:08:06 PM  1000   1809026    0.00    0.00    0.00    0.00    0.00    16  run-loki.sh
02:08:06 PM  1000   1809028    0.00    0.00    0.00    0.00    0.00    16  grafana
02:08:06 PM  1000   1809029    0.00    0.00    0.00    0.00    0.00    20  run-otelcol.sh
02:08:06 PM  1000   1809032    0.00    0.00    0.00    0.00    0.00    16  run-prometheus.
02:08:06 PM  1000   1809036    5.00    0.00    0.00    0.00    5.00    20  otelcol-contrib
02:08:06 PM  1000   1809039    0.00    0.00    0.00    0.00    0.00    18  run-tempo.sh
02:08:06 PM  1000   1809042    0.00    0.00    0.00    0.00    0.00    16  prometheus
02:08:06 PM  1000   1809043    0.00    0.00    0.00    0.00    0.00    18  run-pyroscope.s
02:08:06 PM  1000   1809046   71.00    5.00    0.00    0.00   76.00    16  tempo
02:08:06 PM  1000   1809047    0.00    0.00    0.00    0.00    0.00    20  loki
02:08:06 PM  1000   1809077    0.00    0.00    0.00    0.00    0.00    18  pyroscope

02:08:05 PM   UID       PID   cswch/s nvcswch/s  Command
02:08:06 PM  1000   1809024      0.00      0.00  run-grafana.sh
02:08:06 PM  1000   1809026      0.00      0.00  run-loki.sh
02:08:06 PM  1000   1809028      0.00      0.00  grafana
02:08:06 PM  1000   1809029      0.00      0.00  run-otelcol.sh
02:08:06 PM  1000   1809032      0.00      0.00  run-prometheus.
02:08:06 PM  1000   1809036     71.00      0.00  otelcol-contrib
02:08:06 PM  1000   1809039      0.00      0.00  run-tempo.sh
02:08:06 PM  1000   1809042      3.00      0.00  prometheus
02:08:06 PM  1000   1809043      0.00      0.00  run-pyroscope.s
02:08:06 PM  1000   1809046      0.00      0.00  tempo
02:08:06 PM  1000   1809047      0.00      0.00  loki
02:08:06 PM  1000   1809077      0.00      0.00  pyroscope

02:08:06 PM   UID       PID    %usr %system  %guest   %wait    %CPU   CPU  Command
02:08:07 PM  1000   1809024    0.00    0.00    0.00    0.00    0.00    16  run-grafana.sh
02:08:07 PM  1000   1809026    0.00    0.00    0.00    0.00    0.00    16  run-loki.sh
02:08:07 PM  1000   1809028    0.00    0.00    0.00    0.00    0.00    16  grafana
02:08:07 PM  1000   1809029    0.00    0.00    0.00    0.00    0.00    20  run-otelcol.sh
02:08:07 PM  1000   1809032    0.00    0.00    0.00    0.00    0.00    16  run-prometheus.
02:08:07 PM  1000   1809036    7.00    0.00    0.00    0.00    7.00    18  otelcol-contrib
02:08:07 PM  1000   1809039    0.00    0.00    0.00    0.00    0.00    18  run-tempo.sh
02:08:07 PM  1000   1809042    0.00    0.00    0.00    0.00    0.00    18  prometheus
02:08:07 PM  1000   1809043    0.00    0.00    0.00    0.00    0.00    18  run-pyroscope.s
02:08:07 PM  1000   1809046   23.00    1.00    0.00    0.00   24.00    16  tempo
02:08:07 PM  1000   1809047    0.00    0.00    0.00    0.00    0.00    20  loki
02:08:07 PM  1000   1809077    0.00    0.00    0.00    0.00    0.00    16  pyroscope

02:08:06 PM   UID       PID   cswch/s nvcswch/s  Command
02:08:07 PM  1000   1809024      0.00      0.00  run-grafana.sh
02:08:07 PM  1000   1809026      0.00      0.00  run-loki.sh
02:08:07 PM  1000   1809028      0.00      0.00  grafana
02:08:07 PM  1000   1809029      0.00      0.00  run-otelcol.sh
02:08:07 PM  1000   1809032      0.00      0.00  run-prometheus.
02:08:07 PM  1000   1809036     66.00      0.00  otelcol-contrib
02:08:07 PM  1000   1809039      0.00      0.00  run-tempo.sh
02:08:07 PM  1000   1809042      4.00      0.00  prometheus
02:08:07 PM  1000   1809043      0.00      0.00  run-pyroscope.s
02:08:07 PM  1000   1809046      0.00      0.00  tempo
02:08:07 PM  1000   1809047      0.00      0.00  loki
02:08:07 PM  1000   1809077     14.00      0.00  pyroscope

02:08:07 PM   UID       PID    %usr %system  %guest   %wait    %CPU   CPU  Command
02:08:08 PM  1000   1809024    0.00    0.00    0.00    0.00    0.00    16  run-grafana.sh
02:08:08 PM  1000   1809026    0.00    0.00    0.00    0.00    0.00    16  run-loki.sh
02:08:08 PM  1000   1809028    0.00    0.00    0.00    0.00    0.00    16  grafana
02:08:08 PM  1000   1809029    0.00    0.00    0.00    0.00    0.00    20  run-otelcol.sh
02:08:08 PM  1000   1809032    0.00    0.00    0.00    0.00    0.00    16  run-prometheus.
02:08:08 PM  1000   1809036    5.00    1.00    0.00    0.00    6.00    20  otelcol-contrib
02:08:08 PM  1000   1809039    0.00    0.00    0.00    0.00    0.00    18  run-tempo.sh
02:08:08 PM  1000   1809042    0.00    0.00    0.00    0.00    0.00    18  prometheus
02:08:08 PM  1000   1809043    0.00    0.00    0.00    0.00    0.00    18  run-pyroscope.s
02:08:08 PM  1000   1809046   37.00    3.00    0.00    0.00   40.00    16  tempo
02:08:08 PM  1000   1809047    0.00    0.00    0.00    0.00    0.00    20  loki
02:08:08 PM  1000   1809077    0.00    0.00    0.00    0.00    0.00    16  pyroscope

02:08:07 PM   UID       PID   cswch/s nvcswch/s  Command
02:08:08 PM  1000   1809024      0.00      0.00  run-grafana.sh
02:08:08 PM  1000   1809026      0.00      0.00  run-loki.sh
02:08:08 PM  1000   1809028      0.00      0.00  grafana
02:08:08 PM  1000   1809029      0.00      0.00  run-otelcol.sh
02:08:08 PM  1000   1809032      0.00      0.00  run-prometheus.
02:08:08 PM  1000   1809036     75.00      2.00  otelcol-contrib
02:08:08 PM  1000   1809039      0.00      0.00  run-tempo.sh
02:08:08 PM  1000   1809042      1.00      0.00  prometheus
02:08:08 PM  1000   1809043      0.00      0.00  run-pyroscope.s
02:08:08 PM  1000   1809046      0.00      0.00  tempo
02:08:08 PM  1000   1809047      0.00      0.00  loki
02:08:08 PM  1000   1809077     20.00      0.00  pyroscope

02:08:08 PM   UID       PID    %usr %system  %guest   %wait    %CPU   CPU  Command
02:08:09 PM  1000   1809024    0.00    0.00    0.00    0.00    0.00    16  run-grafana.sh
02:08:09 PM  1000   1809026    0.00    0.00    0.00    0.00    0.00    16  run-loki.sh
02:08:09 PM  1000   1809028    0.00    0.00    0.00    0.00    0.00    16  grafana
02:08:09 PM  1000   1809029    0.00    0.00    0.00    0.00    0.00    20  run-otelcol.sh
02:08:09 PM  1000   1809032    0.00    0.00    0.00    0.00    0.00    16  run-prometheus.
02:08:09 PM  1000   1809036    5.00    0.00    0.00    0.00    5.00    16  otelcol-contrib
02:08:09 PM  1000   1809039    0.00    0.00    0.00    0.00    0.00    18  run-tempo.sh
02:08:09 PM  1000   1809042    1.00    0.00    0.00    0.00    1.00    18  prometheus
02:08:09 PM  1000   1809043    0.00    0.00    0.00    0.00    0.00    18  run-pyroscope.s
02:08:09 PM  1000   1809046   38.00    1.00    0.00    0.00   39.00    16  tempo
02:08:09 PM  1000   1809047    0.00    0.00    0.00    0.00    0.00    20  loki
02:08:09 PM  1000   1809077    1.00    0.00    0.00    0.00    1.00    16  pyroscope

02:08:08 PM   UID       PID   cswch/s nvcswch/s  Command
02:08:09 PM  1000   1809024      0.00      0.00  run-grafana.sh
02:08:09 PM  1000   1809026      0.00      0.00  run-loki.sh
02:08:09 PM  1000   1809028      0.00      0.00  grafana
02:08:09 PM  1000   1809029      0.00      0.00  run-otelcol.sh
02:08:09 PM  1000   1809032      0.00      0.00  run-prometheus.
02:08:09 PM  1000   1809036     59.00      2.00  otelcol-contrib
02:08:09 PM  1000   1809039      0.00      0.00  run-tempo.sh
02:08:09 PM  1000   1809042      2.00      0.00  prometheus
02:08:09 PM  1000   1809043      0.00      0.00  run-pyroscope.s
02:08:09 PM  1000   1809046      0.00      0.00  tempo
02:08:09 PM  1000   1809047      0.00      0.00  loki
02:08:09 PM  1000   1809077      0.00      0.00  pyroscope

02:08:09 PM   UID       PID    %usr %system  %guest   %wait    %CPU   CPU  Command
02:08:10 PM  1000   1809024    0.00    0.00    0.00    0.00    0.00    16  run-grafana.sh
02:08:10 PM  1000   1809026    0.00    0.00    0.00    0.00    0.00    16  run-loki.sh
02:08:10 PM  1000   1809028    0.00    0.00    0.00    0.00    0.00    16  grafana
02:08:10 PM  1000   1809029    0.00    0.00    0.00    0.00    0.00    20  run-otelcol.sh
02:08:10 PM  1000   1809032    0.00    0.00    0.00    0.00    0.00    16  run-prometheus.
02:08:10 PM  1000   1809036    7.00    0.00    0.00    0.00    7.00    20  otelcol-contrib
02:08:10 PM  1000   1809039    0.00    0.00    0.00    0.00    0.00    18  run-tempo.sh
02:08:10 PM  1000   1809042    0.00    0.00    0.00    0.00    0.00    16  prometheus
02:08:10 PM  1000   1809043    0.00    0.00    0.00    0.00    0.00    18  run-pyroscope.s
02:08:10 PM  1000   1809046   80.00    7.00    0.00    0.00   87.00    16  tempo
02:08:10 PM  1000   1809047    1.00    0.00    0.00    0.00    1.00    20  loki
02:08:10 PM  1000   1809077    0.00    0.00    0.00    0.00    0.00    16  pyroscope

02:08:09 PM   UID       PID   cswch/s nvcswch/s  Command
02:08:10 PM  1000   1809024      0.00      0.00  run-grafana.sh
02:08:10 PM  1000   1809026      0.00      0.00  run-loki.sh
02:08:10 PM  1000   1809028      0.00      0.00  grafana
02:08:10 PM  1000   1809029      0.00      0.00  run-otelcol.sh
02:08:10 PM  1000   1809032      0.00      0.00  run-prometheus.
02:08:10 PM  1000   1809036     76.00      1.00  otelcol-contrib
02:08:10 PM  1000   1809039      0.00      0.00  run-tempo.sh
02:08:10 PM  1000   1809042      1.00      0.00  prometheus
02:08:10 PM  1000   1809043      0.00      0.00  run-pyroscope.s
02:08:10 PM  1000   1809046      0.00      0.00  tempo
02:08:10 PM  1000   1809047      0.00      0.00  loki
02:08:10 PM  1000   1809077      0.00      0.00  pyroscope

02:08:10 PM   UID       PID    %usr %system  %guest   %wait    %CPU   CPU  Command
02:08:11 PM  1000   1809024    0.00    0.00    0.00    0.00    0.00    16  run-grafana.sh
02:08:11 PM  1000   1809026    0.00    0.00    0.00    0.00    0.00    16  run-loki.sh
02:08:11 PM  1000   1809028    0.00    1.00    0.00    0.00    1.00    16  grafana
02:08:11 PM  1000   1809029    0.00    0.00    0.00    0.00    0.00    20  run-otelcol.sh
02:08:11 PM  1000   1809032    0.00    0.00    0.00    0.00    0.00    16  run-prometheus.
02:08:11 PM  1000   1809036    5.00    0.00    0.00    0.00    5.00    18  otelcol-contrib
02:08:11 PM  1000   1809039    0.00    0.00    0.00    0.00    0.00    18  run-tempo.sh
02:08:11 PM  1000   1809042    0.00    0.00    0.00    0.00    0.00    16  prometheus
02:08:11 PM  1000   1809043    0.00    0.00    0.00    0.00    0.00    18  run-pyroscope.s
02:08:11 PM  1000   1809046   20.00    1.00    0.00    0.00   21.00    16  tempo
02:08:11 PM  1000   1809047    0.00    0.00    0.00    0.00    0.00    20  loki
02:08:11 PM  1000   1809077    0.00    0.00    0.00    0.00    0.00    16  pyroscope

02:08:10 PM   UID       PID   cswch/s nvcswch/s  Command
02:08:11 PM  1000   1809024      0.00      0.00  run-grafana.sh
02:08:11 PM  1000   1809026      0.00      0.00  run-loki.sh
02:08:11 PM  1000   1809028      0.00      0.00  grafana
02:08:11 PM  1000   1809029      0.00      0.00  run-otelcol.sh
02:08:11 PM  1000   1809032      0.00      0.00  run-prometheus.
02:08:11 PM  1000   1809036     76.00      4.00  otelcol-contrib
02:08:11 PM  1000   1809039      0.00      0.00  run-tempo.sh
02:08:11 PM  1000   1809042      1.00      0.00  prometheus
02:08:11 PM  1000   1809043      0.00      0.00  run-pyroscope.s
02:08:11 PM  1000   1809046      0.00      0.00  tempo
02:08:11 PM  1000   1809047      0.00      0.00  loki
02:08:11 PM  1000   1809077      0.00      0.00  pyroscope

02:08:11 PM   UID       PID    %usr %system  %guest   %wait    %CPU   CPU  Command
02:08:12 PM  1000   1809024    0.00    0.00    0.00    0.00    0.00    16  run-grafana.sh
02:08:12 PM  1000   1809026    0.00    0.00    0.00    0.00    0.00    16  run-loki.sh
02:08:12 PM  1000   1809028    0.00    0.00    0.00    0.00    0.00    16  grafana
02:08:12 PM  1000   1809029    0.00    0.00    0.00    0.00    0.00    20  run-otelcol.sh
02:08:12 PM  1000   1809032    0.00    0.00    0.00    0.00    0.00    16  run-prometheus.
02:08:12 PM  1000   1809036    5.00    0.00    0.00    0.00    5.00    16  otelcol-contrib
02:08:12 PM  1000   1809039    0.00    0.00    0.00    0.00    0.00    18  run-tempo.sh
02:08:12 PM  1000   1809042    0.00    0.00    0.00    0.00    0.00    20  prometheus
02:08:12 PM  1000   1809043    0.00    0.00    0.00    0.00    0.00    18  run-pyroscope.s
02:08:12 PM  1000   1809046   45.00    1.00    0.00    0.00   46.00    16  tempo
02:08:12 PM  1000   1809047    0.00    0.00    0.00    0.00    0.00    20  loki
02:08:12 PM  1000   1809077    0.00    0.00    0.00    0.00    0.00    16  pyroscope

02:08:11 PM   UID       PID   cswch/s nvcswch/s  Command
02:08:12 PM  1000   1809024      0.00      0.00  run-grafana.sh
02:08:12 PM  1000   1809026      0.00      0.00  run-loki.sh
02:08:12 PM  1000   1809028      0.00      0.00  grafana
02:08:12 PM  1000   1809029      0.00      0.00  run-otelcol.sh
02:08:12 PM  1000   1809032      0.00      0.00  run-prometheus.
02:08:12 PM  1000   1809036     64.00      1.00  otelcol-contrib
02:08:12 PM  1000   1809039      0.00      0.00  run-tempo.sh
02:08:12 PM  1000   1809042      6.00      0.00  prometheus
02:08:12 PM  1000   1809043      0.00      0.00  run-pyroscope.s
02:08:12 PM  1000   1809046      0.00      0.00  tempo
02:08:12 PM  1000   1809047      0.00      0.00  loki
02:08:12 PM  1000   1809077     10.00      0.00  pyroscope

02:08:12 PM   UID       PID    %usr %system  %guest   %wait    %CPU   CPU  Command
02:08:13 PM  1000   1809024    0.00    0.00    0.00    0.00    0.00    16  run-grafana.sh
02:08:13 PM  1000   1809026    0.00    0.00    0.00    0.00    0.00    16  run-loki.sh
02:08:13 PM  1000   1809028    0.00    0.00    0.00    0.00    0.00    16  grafana
02:08:13 PM  1000   1809029    0.00    0.00    0.00    0.00    0.00    20  run-otelcol.sh
02:08:13 PM  1000   1809032    0.00    0.00    0.00    0.00    0.00    16  run-prometheus.
02:08:13 PM  1000   1809036    1.00    0.00    0.00    0.00    1.00    20  otelcol-contrib
02:08:13 PM  1000   1809039    0.00    0.00    0.00    0.00    0.00    18  run-tempo.sh
02:08:13 PM  1000   1809042    0.00    0.00    0.00    0.00    0.00    16  prometheus
02:08:13 PM  1000   1809043    0.00    0.00    0.00    0.00    0.00    18  run-pyroscope.s
02:08:13 PM  1000   1809046   64.00    9.00    0.00    0.00   73.00    16  tempo
02:08:13 PM  1000   1809047    1.00    1.00    0.00    0.00    2.00    20  loki
02:08:13 PM  1000   1809077    4.00    1.00    0.00    2.00    5.00    16  pyroscope

02:08:12 PM   UID       PID   cswch/s nvcswch/s  Command
02:08:13 PM  1000   1809024      0.00      0.00  run-grafana.sh
02:08:13 PM  1000   1809026      0.00      0.00  run-loki.sh
02:08:13 PM  1000   1809028      0.00      0.00  grafana
02:08:13 PM  1000   1809029      0.00      0.00  run-otelcol.sh
02:08:13 PM  1000   1809032      0.00      0.00  run-prometheus.
02:08:13 PM  1000   1809036     32.00      0.00  otelcol-contrib
02:08:13 PM  1000   1809039      0.00      0.00  run-tempo.sh
02:08:13 PM  1000   1809042      1.00      0.00  prometheus
02:08:13 PM  1000   1809043      0.00      0.00  run-pyroscope.s
02:08:13 PM  1000   1809046      0.00      0.00  tempo
02:08:13 PM  1000   1809047      0.00      0.00  loki
02:08:13 PM  1000   1809077     16.00     24.00  pyroscope

02:08:13 PM   UID       PID    %usr %system  %guest   %wait    %CPU   CPU  Command
02:08:14 PM  1000   1809024    0.00    0.00    0.00    0.00    0.00    16  run-grafana.sh
02:08:14 PM  1000   1809026    0.00    0.00    0.00    0.00    0.00    16  run-loki.sh
02:08:14 PM  1000   1809028    0.00    0.00    0.00    0.00    0.00    16  grafana
02:08:14 PM  1000   1809029    0.00    0.00    0.00    0.00    0.00    20  run-otelcol.sh
02:08:14 PM  1000   1809032    0.00    0.00    0.00    0.00    0.00    16  run-prometheus.
02:08:14 PM  1000   1809036    0.00    0.00    0.00    0.00    0.00    18  otelcol-contrib
02:08:14 PM  1000   1809039    0.00    0.00    0.00    0.00    0.00    18  run-tempo.sh
02:08:14 PM  1000   1809042    0.00    0.00    0.00    0.00    0.00    16  prometheus
02:08:14 PM  1000   1809043    0.00    0.00    0.00    0.00    0.00    18  run-pyroscope.s
02:08:14 PM  1000   1809046   24.00    0.00    0.00    0.00   24.00    16  tempo
02:08:14 PM  1000   1809047    0.00    0.00    0.00    0.00    0.00    20  loki
02:08:14 PM  1000   1809077    0.00    0.00    0.00    0.00    0.00    20  pyroscope

02:08:13 PM   UID       PID   cswch/s nvcswch/s  Command
02:08:14 PM  1000   1809024      0.00      0.00  run-grafana.sh
02:08:14 PM  1000   1809026      0.00      0.00  run-loki.sh
02:08:14 PM  1000   1809028      0.00      0.00  grafana
02:08:14 PM  1000   1809029      0.00      0.00  run-otelcol.sh
02:08:14 PM  1000   1809032      0.00      0.00  run-prometheus.
02:08:14 PM  1000   1809036     19.00      0.00  otelcol-contrib
02:08:14 PM  1000   1809039      0.00      0.00  run-tempo.sh
02:08:14 PM  1000   1809042      1.00      0.00  prometheus
02:08:14 PM  1000   1809043      0.00      0.00  run-pyroscope.s
02:08:14 PM  1000   1809046      0.00      0.00  tempo
02:08:14 PM  1000   1809047      0.00      0.00  loki
02:08:14 PM  1000   1809077     53.00      0.00  pyroscope

02:08:14 PM   UID       PID    %usr %system  %guest   %wait    %CPU   CPU  Command
02:08:15 PM  1000   1809024    0.00    0.00    0.00    0.00    0.00    16  run-grafana.sh
02:08:15 PM  1000   1809026    0.00    0.00    0.00    0.00    0.00    16  run-loki.sh
02:08:15 PM  1000   1809028    0.00    0.00    0.00    0.00    0.00    16  grafana
02:08:15 PM  1000   1809029    0.00    0.00    0.00    0.00    0.00    20  run-otelcol.sh
02:08:15 PM  1000   1809032    0.00    0.00    0.00    0.00    0.00    16  run-prometheus.
02:08:15 PM  1000   1809036    1.00    1.00    0.00    0.00    2.00    16  otelcol-contrib
02:08:15 PM  1000   1809039    0.00    0.00    0.00    0.00    0.00    18  run-tempo.sh
02:08:15 PM  1000   1809042    0.00    0.00    0.00    0.00    0.00    18  prometheus
02:08:15 PM  1000   1809043    0.00    0.00    0.00    0.00    0.00    18  run-pyroscope.s
02:08:15 PM  1000   1809046   38.00    2.00    0.00    0.00   40.00    16  tempo
02:08:15 PM  1000   1809047    0.00    0.00    0.00    0.00    0.00    20  loki
02:08:15 PM  1000   1809077    0.00    0.00    0.00    0.00    0.00    20  pyroscope

02:08:14 PM   UID       PID   cswch/s nvcswch/s  Command
02:08:15 PM  1000   1809024      0.00      0.00  run-grafana.sh
02:08:15 PM  1000   1809026      0.00      0.00  run-loki.sh
02:08:15 PM  1000   1809028      0.00      0.00  grafana
02:08:15 PM  1000   1809029      0.00      0.00  run-otelcol.sh
02:08:15 PM  1000   1809032      0.00      0.00  run-prometheus.
02:08:15 PM  1000   1809036     23.00      0.00  otelcol-contrib
02:08:15 PM  1000   1809039      0.00      0.00  run-tempo.sh
02:08:15 PM  1000   1809042      3.00      0.00  prometheus
02:08:15 PM  1000   1809043      0.00      0.00  run-pyroscope.s
02:08:15 PM  1000   1809046      0.00      0.00  tempo
02:08:15 PM  1000   1809047      0.00      0.00  loki
02:08:15 PM  1000   1809077     36.00      0.00  pyroscope
