Linux 5.14.0-570.60.1.el9_6.x86_64 *****) 	06/02/2026 	_x86_64_	(64 CPU)

02:28:53 PM   UID       PID    %usr %system  %guest   %wait    %CPU   CPU  Command
02:28:54 PM  1000   1826233    0.00    0.00    0.00    0.00    0.00    20  run-grafana.sh
02:28:54 PM  1000   1826235    0.00    0.00    0.00    0.00    0.00    18  run-loki.sh
02:28:54 PM  1000   1826237    0.00    0.00    0.00    0.00    0.00    20  grafana
02:28:54 PM  1000   1826238    0.00    0.00    0.00    0.00    0.00    18  run-otelcol.sh
02:28:54 PM  1000   1826241    0.00    0.00    0.00    0.00    0.00    20  run-prometheus.
02:28:54 PM  1000   1826243    0.00    0.00    0.00    0.00    0.00    20  otelcol-contrib
02:28:54 PM  1000   1826247    0.00    0.00    0.00    0.00    0.00    18  run-tempo.sh
02:28:54 PM  1000   1826251    0.00    0.00    0.00    0.00    0.00    16  run-pyroscope.s
02:28:54 PM  1000   1826253    0.00    0.00    0.00    0.00    0.00    20  tempo
02:28:54 PM  1000   1826255    0.00    0.00    0.00    0.00    0.00    16  prometheus
02:28:54 PM  1000   1826257    0.00    0.00    0.00    0.00    0.00    18  loki
02:28:54 PM  1000   1826258    0.00    0.96    0.00    0.00    0.96    16  pyroscope

02:28:53 PM   UID       PID   cswch/s nvcswch/s  Command
02:28:54 PM  1000   1826233      0.00      0.00  run-grafana.sh
02:28:54 PM  1000   1826235      0.00      0.00  run-loki.sh
02:28:54 PM  1000   1826237     11.54      0.00  grafana
02:28:54 PM  1000   1826238      0.00      0.00  run-otelcol.sh
02:28:54 PM  1000   1826241      0.00      0.00  run-prometheus.
02:28:54 PM  1000   1826243      0.00      0.00  otelcol-contrib
02:28:54 PM  1000   1826247      0.00      0.00  run-tempo.sh
02:28:54 PM  1000   1826251      0.00      0.00  run-pyroscope.s
02:28:54 PM  1000   1826253     21.15      0.00  tempo
02:28:54 PM  1000   1826255      1.92      0.00  prometheus
02:28:54 PM  1000   1826257     31.73      0.00  loki
02:28:54 PM  1000   1826258      0.00      0.00  pyroscope

02:28:54 PM   UID       PID    %usr %system  %guest   %wait    %CPU   CPU  Command
02:28:55 PM  1000   1826233    0.00    0.00    0.00    0.00    0.00    20  run-grafana.sh
02:28:55 PM  1000   1826235    0.00    0.00    0.00    0.00    0.00    18  run-loki.sh
02:28:55 PM  1000   1826237    0.00    1.00    0.00    0.00    1.00    20  grafana
02:28:55 PM  1000   1826238    0.00    0.00    0.00    0.00    0.00    18  run-otelcol.sh
02:28:55 PM  1000   1826241    0.00    0.00    0.00    0.00    0.00    20  run-prometheus.
02:28:55 PM  1000   1826243    1.00    0.00    0.00    0.00    1.00    20  otelcol-contrib
02:28:55 PM  1000   1826247    0.00    0.00    0.00    0.00    0.00    18  run-tempo.sh
02:28:55 PM  1000   1826251    0.00    0.00    0.00    0.00    0.00    16  run-pyroscope.s
02:28:55 PM  1000   1826253    0.00    0.00    0.00    0.00    0.00    20  tempo
02:28:55 PM  1000   1826255    0.00    0.00    0.00    0.00    0.00    16  prometheus
02:28:55 PM  1000   1826257    0.00    0.00    0.00    0.00    0.00    20  loki
02:28:55 PM  1000   1826258    0.00    0.00    0.00    0.00    0.00    16  pyroscope

02:28:54 PM   UID       PID   cswch/s nvcswch/s  Command
02:28:55 PM  1000   1826233      0.00      0.00  run-grafana.sh
02:28:55 PM  1000   1826235      0.00      0.00  run-loki.sh
02:28:55 PM  1000   1826237     16.00      0.00  grafana
02:28:55 PM  1000   1826238      0.00      0.00  run-otelcol.sh
02:28:55 PM  1000   1826241      0.00      0.00  run-prometheus.
02:28:55 PM  1000   1826243      0.00      0.00  otelcol-contrib
02:28:55 PM  1000   1826247      0.00      0.00  run-tempo.sh
02:28:55 PM  1000   1826251      0.00      0.00  run-pyroscope.s
02:28:55 PM  1000   1826253     28.00      0.00  tempo
02:28:55 PM  1000   1826255      1.00      0.00  prometheus
02:28:55 PM  1000   1826257     28.00      0.00  loki
02:28:55 PM  1000   1826258      0.00      0.00  pyroscope

02:28:55 PM   UID       PID    %usr %system  %guest   %wait    %CPU   CPU  Command
02:28:56 PM  1000   1826233    0.00    0.00    0.00    0.00    0.00    20  run-grafana.sh
02:28:56 PM  1000   1826235    0.00    0.00    0.00    0.00    0.00    18  run-loki.sh
02:28:56 PM  1000   1826237    0.00    0.00    0.00    0.00    0.00    20  grafana
02:28:56 PM  1000   1826238    0.00    0.00    0.00    0.00    0.00    18  run-otelcol.sh
02:28:56 PM  1000   1826241    0.00    0.00    0.00    0.00    0.00    20  run-prometheus.
02:28:56 PM  1000   1826243    0.00    0.00    0.00    0.00    0.00    20  otelcol-contrib
02:28:56 PM  1000   1826247    0.00    0.00    0.00    0.00    0.00    18  run-tempo.sh
02:28:56 PM  1000   1826251    0.00    0.00    0.00    0.00    0.00    16  run-pyroscope.s
02:28:56 PM  1000   1826253    1.00    0.00    0.00    0.00    1.00    20  tempo
02:28:56 PM  1000   1826255    0.00    0.00    0.00    0.00    0.00    18  prometheus
02:28:56 PM  1000   1826257    0.00    0.00    0.00    0.00    0.00    16  loki
02:28:56 PM  1000   1826258    0.00    0.00    0.00    0.00    0.00    16  pyroscope

02:28:55 PM   UID       PID   cswch/s nvcswch/s  Command
02:28:56 PM  1000   1826233      0.00      0.00  run-grafana.sh
02:28:56 PM  1000   1826235      0.00      0.00  run-loki.sh
02:28:56 PM  1000   1826237     14.00      0.00  grafana
02:28:56 PM  1000   1826238      0.00      0.00  run-otelcol.sh
02:28:56 PM  1000   1826241      0.00      0.00  run-prometheus.
02:28:56 PM  1000   1826243      0.00      0.00  otelcol-contrib
02:28:56 PM  1000   1826247      0.00      0.00  run-tempo.sh
02:28:56 PM  1000   1826251      0.00      0.00  run-pyroscope.s
02:28:56 PM  1000   1826253     19.00      0.00  tempo
02:28:56 PM  1000   1826255      4.00      0.00  prometheus
02:28:56 PM  1000   1826257     53.00      0.00  loki
02:28:56 PM  1000   1826258      0.00      0.00  pyroscope

02:28:56 PM   UID       PID    %usr %system  %guest   %wait    %CPU   CPU  Command
02:28:57 PM  1000   1826233    0.00    0.00    0.00    0.00    0.00    20  run-grafana.sh
02:28:57 PM  1000   1826235    0.00    0.00    0.00    0.00    0.00    18  run-loki.sh
02:28:57 PM  1000   1826237    0.00    0.00    0.00    0.00    0.00    20  grafana
02:28:57 PM  1000   1826238    0.00    0.00    0.00    0.00    0.00    18  run-otelcol.sh
02:28:57 PM  1000   1826241    0.00    0.00    0.00    0.00    0.00    20  run-prometheus.
02:28:57 PM  1000   1826243    0.00    0.00    0.00    0.00    0.00    20  otelcol-contrib
02:28:57 PM  1000   1826247    0.00    0.00    0.00    0.00    0.00    18  run-tempo.sh
02:28:57 PM  1000   1826251    0.00    0.00    0.00    0.00    0.00    16  run-pyroscope.s
02:28:57 PM  1000   1826253    0.00    0.00    0.00    0.00    0.00    20  tempo
02:28:57 PM  1000   1826255    0.00    0.00    0.00    0.00    0.00    16  prometheus
02:28:57 PM  1000   1826257    1.00    0.00    0.00    0.00    1.00    16  loki
02:28:57 PM  1000   1826258    0.00    0.00    0.00    0.00    0.00    16  pyroscope

02:28:56 PM   UID       PID   cswch/s nvcswch/s  Command
02:28:57 PM  1000   1826233      0.00      0.00  run-grafana.sh
02:28:57 PM  1000   1826235      0.00      0.00  run-loki.sh
02:28:57 PM  1000   1826237     16.00      0.00  grafana
02:28:57 PM  1000   1826238      0.00      0.00  run-otelcol.sh
02:28:57 PM  1000   1826241      0.00      0.00  run-prometheus.
02:28:57 PM  1000   1826243      0.00      0.00  otelcol-contrib
02:28:57 PM  1000   1826247      0.00      0.00  run-tempo.sh
02:28:57 PM  1000   1826251      0.00      0.00  run-pyroscope.s
02:28:57 PM  1000   1826253     26.00      0.00  tempo
02:28:57 PM  1000   1826255      1.00      0.00  prometheus
02:28:57 PM  1000   1826257     44.00      0.00  loki
02:28:57 PM  1000   1826258      0.00      0.00  pyroscope

02:28:57 PM   UID       PID    %usr %system  %guest   %wait    %CPU   CPU  Command
02:28:58 PM  1000   1826233    0.00    0.00    0.00    0.00    0.00    20  run-grafana.sh
02:28:58 PM  1000   1826235    0.00    0.00    0.00    0.00    0.00    18  run-loki.sh
02:28:58 PM  1000   1826237    0.00    0.00    0.00    0.00    0.00    18  grafana
02:28:58 PM  1000   1826238    0.00    0.00    0.00    0.00    0.00    18  run-otelcol.sh
02:28:58 PM  1000   1826241    0.00    0.00    0.00    0.00    0.00    20  run-prometheus.
02:28:58 PM  1000   1826243    1.00    0.00    0.00    0.00    1.00    20  otelcol-contrib
02:28:58 PM  1000   1826247    0.00    0.00    0.00    0.00    0.00    18  run-tempo.sh
02:28:58 PM  1000   1826251    0.00    0.00    0.00    0.00    0.00    16  run-pyroscope.s
02:28:58 PM  1000   1826253    0.00    0.00    0.00    0.00    0.00    20  tempo
02:28:58 PM  1000   1826255    1.00    0.00    0.00    0.00    1.00    18  prometheus
02:28:58 PM  1000   1826257    0.00    0.00    0.00    0.00    0.00    18  loki
02:28:58 PM  1000   1826258    4.00    1.00    0.00    0.00    5.00    16  pyroscope

02:28:57 PM   UID       PID   cswch/s nvcswch/s  Command
02:28:58 PM  1000   1826233      0.00      0.00  run-grafana.sh
02:28:58 PM  1000   1826235      0.00      0.00  run-loki.sh
02:28:58 PM  1000   1826237     20.00      0.00  grafana
02:28:58 PM  1000   1826238      0.00      0.00  run-otelcol.sh
02:28:58 PM  1000   1826241      0.00      0.00  run-prometheus.
02:28:58 PM  1000   1826243      0.00      0.00  otelcol-contrib
02:28:58 PM  1000   1826247      0.00      0.00  run-tempo.sh
02:28:58 PM  1000   1826251      0.00      0.00  run-pyroscope.s
02:28:58 PM  1000   1826253     32.00      0.00  tempo
02:28:58 PM  1000   1826255      2.00      0.00  prometheus
02:28:58 PM  1000   1826257     63.00      0.00  loki
02:28:58 PM  1000   1826258      0.00      0.00  pyroscope

02:28:58 PM   UID       PID    %usr %system  %guest   %wait    %CPU   CPU  Command
02:28:59 PM  1000   1826233    0.00    0.00    0.00    0.00    0.00    20  run-grafana.sh
02:28:59 PM  1000   1826235    0.00    0.00    0.00    0.00    0.00    18  run-loki.sh
02:28:59 PM  1000   1826237    0.00    0.00    0.00    0.00    0.00    18  grafana
02:28:59 PM  1000   1826238    0.00    0.00    0.00    0.00    0.00    18  run-otelcol.sh
02:28:59 PM  1000   1826241    0.00    0.00    0.00    0.00    0.00    20  run-prometheus.
02:28:59 PM  1000   1826243    0.00    0.00    0.00    0.00    0.00    20  otelcol-contrib
02:28:59 PM  1000   1826247    0.00    0.00    0.00    0.00    0.00    18  run-tempo.sh
02:28:59 PM  1000   1826251    0.00    0.00    0.00    0.00    0.00    16  run-pyroscope.s
02:28:59 PM  1000   1826253    0.00    0.00    0.00    0.00    0.00    18  tempo
02:28:59 PM  1000   1826255    0.00    0.00    0.00    0.00    0.00    16  prometheus
02:28:59 PM  1000   1826257    0.00    0.00    0.00    0.00    0.00    18  loki
02:28:59 PM  1000   1826258    1.00    0.00    0.00    0.00    1.00    16  pyroscope

02:28:58 PM   UID       PID   cswch/s nvcswch/s  Command
02:28:59 PM  1000   1826233      0.00      0.00  run-grafana.sh
02:28:59 PM  1000   1826235      0.00      0.00  run-loki.sh
02:28:59 PM  1000   1826237     23.00      0.00  grafana
02:28:59 PM  1000   1826238      0.00      0.00  run-otelcol.sh
02:28:59 PM  1000   1826241      0.00      0.00  run-prometheus.
02:28:59 PM  1000   1826243      0.00      0.00  otelcol-contrib
02:28:59 PM  1000   1826247      0.00      0.00  run-tempo.sh
02:28:59 PM  1000   1826251      0.00      0.00  run-pyroscope.s
02:28:59 PM  1000   1826253     21.00      0.00  tempo
02:28:59 PM  1000   1826255      4.00      0.00  prometheus
02:28:59 PM  1000   1826257     42.00      0.00  loki
02:28:59 PM  1000   1826258      0.00      0.00  pyroscope

02:28:59 PM   UID       PID    %usr %system  %guest   %wait    %CPU   CPU  Command
02:29:00 PM  1000   1826233    0.00    0.00    0.00    0.00    0.00    20  run-grafana.sh
02:29:00 PM  1000   1826235    0.00    0.00    0.00    0.00    0.00    18  run-loki.sh
02:29:00 PM  1000   1826237    0.00    0.00    0.00    0.00    0.00    20  grafana
02:29:00 PM  1000   1826238    0.00    0.00    0.00    0.00    0.00    18  run-otelcol.sh
02:29:00 PM  1000   1826241    0.00    0.00    0.00    0.00    0.00    20  run-prometheus.
02:29:00 PM  1000   1826243    0.00    0.00    0.00    0.00    0.00    20  otelcol-contrib
02:29:00 PM  1000   1826247    0.00    0.00    0.00    0.00    0.00    18  run-tempo.sh
02:29:00 PM  1000   1826251    0.00    0.00    0.00    0.00    0.00    16  run-pyroscope.s
02:29:00 PM  1000   1826253    0.00    0.00    0.00    0.00    0.00    20  tempo
02:29:00 PM  1000   1826255    0.00    0.00    0.00    0.00    0.00    18  prometheus
02:29:00 PM  1000   1826257    0.00    1.00    0.00    0.00    1.00    18  loki
02:29:00 PM  1000   1826258    0.00    0.00    0.00    0.00    0.00    16  pyroscope

02:28:59 PM   UID       PID   cswch/s nvcswch/s  Command
02:29:00 PM  1000   1826233      0.00      0.00  run-grafana.sh
02:29:00 PM  1000   1826235      0.00      0.00  run-loki.sh
02:29:00 PM  1000   1826237     35.00      0.00  grafana
02:29:00 PM  1000   1826238      0.00      0.00  run-otelcol.sh
02:29:00 PM  1000   1826241      0.00      0.00  run-prometheus.
02:29:00 PM  1000   1826243      0.00      0.00  otelcol-contrib
02:29:00 PM  1000   1826247      0.00      0.00  run-tempo.sh
02:29:00 PM  1000   1826251      0.00      0.00  run-pyroscope.s
02:29:00 PM  1000   1826253     22.00      0.00  tempo
02:29:00 PM  1000   1826255      3.00      0.00  prometheus
02:29:00 PM  1000   1826257     32.00      0.00  loki
02:29:00 PM  1000   1826258      0.00      0.00  pyroscope

02:29:00 PM   UID       PID    %usr %system  %guest   %wait    %CPU   CPU  Command
02:29:01 PM  1000   1826233    0.00    0.00    0.00    0.00    0.00    20  run-grafana.sh
02:29:01 PM  1000   1826235    0.00    0.00    0.00    0.00    0.00    18  run-loki.sh
02:29:01 PM  1000   1826237    0.00    0.00    0.00    0.00    0.00    20  grafana
02:29:01 PM  1000   1826238    0.00    0.00    0.00    0.00    0.00    18  run-otelcol.sh
02:29:01 PM  1000   1826241    0.00    0.00    0.00    0.00    0.00    20  run-prometheus.
02:29:01 PM  1000   1826243    1.00    1.00    0.00    0.00    2.00    20  otelcol-contrib
02:29:01 PM  1000   1826247    0.00    0.00    0.00    0.00    0.00    18  run-tempo.sh
02:29:01 PM  1000   1826251    0.00    0.00    0.00    0.00    0.00    16  run-pyroscope.s
02:29:01 PM  1000   1826253    5.00    1.00    0.00    0.00    6.00    18  tempo
02:29:01 PM  1000   1826255    0.00    0.00    0.00    0.00    0.00    18  prometheus
02:29:01 PM  1000   1826257    0.00    0.00    0.00    0.00    0.00    18  loki
02:29:01 PM  1000   1826258    0.00    0.00    0.00    0.00    0.00    16  pyroscope

02:29:00 PM   UID       PID   cswch/s nvcswch/s  Command
02:29:01 PM  1000   1826233      0.00      0.00  run-grafana.sh
02:29:01 PM  1000   1826235      0.00      0.00  run-loki.sh
02:29:01 PM  1000   1826237     15.00      0.00  grafana
02:29:01 PM  1000   1826238      0.00      0.00  run-otelcol.sh
02:29:01 PM  1000   1826241      0.00      0.00  run-prometheus.
02:29:01 PM  1000   1826243      0.00      0.00  otelcol-contrib
02:29:01 PM  1000   1826247      0.00      0.00  run-tempo.sh
02:29:01 PM  1000   1826251      0.00      0.00  run-pyroscope.s
02:29:01 PM  1000   1826253     78.00      2.00  tempo
02:29:01 PM  1000   1826255      1.00      0.00  prometheus
02:29:01 PM  1000   1826257     52.00      0.00  loki
02:29:01 PM  1000   1826258      0.00      0.00  pyroscope

02:29:01 PM   UID       PID    %usr %system  %guest   %wait    %CPU   CPU  Command
02:29:02 PM  1000   1826233    0.00    0.00    0.00    0.00    0.00    20  run-grafana.sh
02:29:02 PM  1000   1826235    0.00    0.00    0.00    0.00    0.00    18  run-loki.sh
02:29:02 PM  1000   1826237    0.00    0.00    0.00    0.00    0.00    20  grafana
02:29:02 PM  1000   1826238    0.00    0.00    0.00    0.00    0.00    18  run-otelcol.sh
02:29:02 PM  1000   1826241    0.00    0.00    0.00    0.00    0.00    20  run-prometheus.
02:29:02 PM  1000   1826243    2.00    0.00    0.00    0.00    2.00    20  otelcol-contrib
02:29:02 PM  1000   1826247    0.00    0.00    0.00    0.00    0.00    18  run-tempo.sh
02:29:02 PM  1000   1826251    0.00    0.00    0.00    0.00    0.00    16  run-pyroscope.s
02:29:02 PM  1000   1826253    6.00    1.00    0.00    0.00    7.00    16  tempo
02:29:02 PM  1000   1826255    0.00    0.00    0.00    0.00    0.00    18  prometheus
02:29:02 PM  1000   1826257    1.00    0.00    0.00    0.00    1.00    18  loki
02:29:02 PM  1000   1826258    0.00    0.00    0.00    0.00    0.00    16  pyroscope

02:29:01 PM   UID       PID   cswch/s nvcswch/s  Command
02:29:02 PM  1000   1826233      0.00      0.00  run-grafana.sh
02:29:02 PM  1000   1826235      0.00      0.00  run-loki.sh
02:29:02 PM  1000   1826237     28.00      0.00  grafana
02:29:02 PM  1000   1826238      0.00      0.00  run-otelcol.sh
02:29:02 PM  1000   1826241      0.00      0.00  run-prometheus.
02:29:02 PM  1000   1826243      0.00      0.00  otelcol-contrib
02:29:02 PM  1000   1826247      0.00      0.00  run-tempo.sh
02:29:02 PM  1000   1826251      0.00      0.00  run-pyroscope.s
02:29:02 PM  1000   1826253     68.00      1.00  tempo
02:29:02 PM  1000   1826255      1.00      0.00  prometheus
02:29:02 PM  1000   1826257     46.00      0.00  loki
02:29:02 PM  1000   1826258      0.00      0.00  pyroscope

02:29:02 PM   UID       PID    %usr %system  %guest   %wait    %CPU   CPU  Command
02:29:03 PM  1000   1826233    0.00    0.00    0.00    0.00    0.00    20  run-grafana.sh
02:29:03 PM  1000   1826235    0.00    0.00    0.00    0.00    0.00    18  run-loki.sh
02:29:03 PM  1000   1826237    0.00    0.00    0.00    0.00    0.00    16  grafana
02:29:03 PM  1000   1826238    0.00    0.00    0.00    0.00    0.00    18  run-otelcol.sh
02:29:03 PM  1000   1826241    0.00    0.00    0.00    0.00    0.00    20  run-prometheus.
02:29:03 PM  1000   1826243    1.00    0.00    0.00    0.00    1.00    20  otelcol-contrib
02:29:03 PM  1000   1826247    0.00    0.00    0.00    0.00    0.00    18  run-tempo.sh
02:29:03 PM  1000   1826251    0.00    0.00    0.00    0.00    0.00    16  run-pyroscope.s
02:29:03 PM  1000   1826253   10.00    2.00    0.00    0.00   12.00    18  tempo
02:29:03 PM  1000   1826255    0.00    0.00    0.00    0.00    0.00    18  prometheus
02:29:03 PM  1000   1826257    0.00    0.00    0.00    0.00    0.00    20  loki
02:29:03 PM  1000   1826258    0.00    0.00    0.00    0.00    0.00    16  pyroscope

02:29:02 PM   UID       PID   cswch/s nvcswch/s  Command
02:29:03 PM  1000   1826233      0.00      0.00  run-grafana.sh
02:29:03 PM  1000   1826235      0.00      0.00  run-loki.sh
02:29:03 PM  1000   1826237     28.00      0.00  grafana
02:29:03 PM  1000   1826238      0.00      0.00  run-otelcol.sh
02:29:03 PM  1000   1826241      0.00      0.00  run-prometheus.
02:29:03 PM  1000   1826243      0.00      0.00  otelcol-contrib
02:29:03 PM  1000   1826247      0.00      0.00  run-tempo.sh
02:29:03 PM  1000   1826251      0.00      0.00  run-pyroscope.s
02:29:03 PM  1000   1826253     59.00     19.00  tempo
02:29:03 PM  1000   1826255      9.00      0.00  prometheus
02:29:03 PM  1000   1826257     48.00      0.00  loki
02:29:03 PM  1000   1826258      0.00      0.00  pyroscope

02:29:03 PM   UID       PID    %usr %system  %guest   %wait    %CPU   CPU  Command
02:29:04 PM  1000   1826233    0.00    0.00    0.00    0.00    0.00    20  run-grafana.sh
02:29:04 PM  1000   1826235    0.00    0.00    0.00    0.00    0.00    18  run-loki.sh
02:29:04 PM  1000   1826237    0.00    0.00    0.00    0.00    0.00    16  grafana
02:29:04 PM  1000   1826238    0.00    0.00    0.00    0.00    0.00    18  run-otelcol.sh
02:29:04 PM  1000   1826241    0.00    0.00    0.00    0.00    0.00    20  run-prometheus.
02:29:04 PM  1000   1826243    2.00    0.00    0.00    0.00    2.00    20  otelcol-contrib
02:29:04 PM  1000   1826247    0.00    0.00    0.00    0.00    0.00    18  run-tempo.sh
02:29:04 PM  1000   1826251    0.00    0.00    0.00    0.00    0.00    16  run-pyroscope.s
02:29:04 PM  1000   1826253    6.00    1.00    0.00    0.00    7.00    16  tempo
02:29:04 PM  1000   1826255    0.00    0.00    0.00    0.00    0.00    18  prometheus
02:29:04 PM  1000   1826257    0.00    0.00    0.00    0.00    0.00    20  loki
02:29:04 PM  1000   1826258    0.00    0.00    0.00    0.00    0.00    16  pyroscope

02:29:03 PM   UID       PID   cswch/s nvcswch/s  Command
02:29:04 PM  1000   1826233      0.00      0.00  run-grafana.sh
02:29:04 PM  1000   1826235      0.00      0.00  run-loki.sh
02:29:04 PM  1000   1826237     31.00      0.00  grafana
02:29:04 PM  1000   1826238      0.00      0.00  run-otelcol.sh
02:29:04 PM  1000   1826241      0.00      0.00  run-prometheus.
02:29:04 PM  1000   1826243      0.00      0.00  otelcol-contrib
02:29:04 PM  1000   1826247      0.00      0.00  run-tempo.sh
02:29:04 PM  1000   1826251      0.00      0.00  run-pyroscope.s
02:29:04 PM  1000   1826253     69.00      1.00  tempo
02:29:04 PM  1000   1826255      1.00      0.00  prometheus
02:29:04 PM  1000   1826257     44.00      0.00  loki
02:29:04 PM  1000   1826258      0.00      0.00  pyroscope

02:29:04 PM   UID       PID    %usr %system  %guest   %wait    %CPU   CPU  Command
02:29:05 PM  1000   1826233    0.00    0.00    0.00    0.00    0.00    20  run-grafana.sh
02:29:05 PM  1000   1826235    0.00    0.00    0.00    0.00    0.00    18  run-loki.sh
02:29:05 PM  1000   1826237    1.00    0.00    0.00    0.00    1.00    16  grafana
02:29:05 PM  1000   1826238    0.00    0.00    0.00    0.00    0.00    18  run-otelcol.sh
02:29:05 PM  1000   1826241    0.00    0.00    0.00    0.00    0.00    20  run-prometheus.
02:29:05 PM  1000   1826243    4.00    0.00    0.00    0.00    4.00    20  otelcol-contrib
02:29:05 PM  1000   1826247    0.00    0.00    0.00    0.00    0.00    18  run-tempo.sh
02:29:05 PM  1000   1826251    0.00    0.00    0.00    0.00    0.00    16  run-pyroscope.s
02:29:05 PM  1000   1826253    9.00    1.00    0.00    0.00   10.00    16  tempo
02:29:05 PM  1000   1826255    1.00    0.00    0.00    0.00    1.00    20  prometheus
02:29:05 PM  1000   1826257    0.00    0.00    0.00    0.00    0.00    18  loki
02:29:05 PM  1000   1826258    0.00    0.00    0.00    0.00    0.00    16  pyroscope

02:29:04 PM   UID       PID   cswch/s nvcswch/s  Command
02:29:05 PM  1000   1826233      0.00      0.00  run-grafana.sh
02:29:05 PM  1000   1826235      0.00      0.00  run-loki.sh
02:29:05 PM  1000   1826237      9.00      0.00  grafana
02:29:05 PM  1000   1826238      0.00      0.00  run-otelcol.sh
02:29:05 PM  1000   1826241      0.00      0.00  run-prometheus.
02:29:05 PM  1000   1826243      0.00      0.00  otelcol-contrib
02:29:05 PM  1000   1826247      0.00      0.00  run-tempo.sh
02:29:05 PM  1000   1826251      0.00      0.00  run-pyroscope.s
02:29:05 PM  1000   1826253     61.00      4.00  tempo
02:29:05 PM  1000   1826255      4.00      4.00  prometheus
02:29:05 PM  1000   1826257     47.00      0.00  loki
02:29:05 PM  1000   1826258      0.00      0.00  pyroscope

02:29:05 PM   UID       PID    %usr %system  %guest   %wait    %CPU   CPU  Command
02:29:06 PM  1000   1826233    0.00    0.00    0.00    0.00    0.00    20  run-grafana.sh
02:29:06 PM  1000   1826235    0.00    0.00    0.00    0.00    0.00    18  run-loki.sh
02:29:06 PM  1000   1826237    0.00    0.00    0.00    0.00    0.00    20  grafana
02:29:06 PM  1000   1826238    0.00    0.00    0.00    0.00    0.00    18  run-otelcol.sh
02:29:06 PM  1000   1826241    0.00    0.00    0.00    0.00    0.00    20  run-prometheus.
02:29:06 PM  1000   1826243    2.00    0.00    0.00    0.00    2.00    20  otelcol-contrib
02:29:06 PM  1000   1826247    0.00    0.00    0.00    0.00    0.00    18  run-tempo.sh
02:29:06 PM  1000   1826251    0.00    0.00    0.00    0.00    0.00    16  run-pyroscope.s
02:29:06 PM  1000   1826253    8.00    1.00    0.00    0.00    9.00    20  tempo
02:29:06 PM  1000   1826255    0.00    0.00    0.00    0.00    0.00    20  prometheus
02:29:06 PM  1000   1826257    1.00    0.00    0.00    0.00    1.00    20  loki
02:29:06 PM  1000   1826258    0.00    0.00    0.00    0.00    0.00    16  pyroscope

02:29:05 PM   UID       PID   cswch/s nvcswch/s  Command
02:29:06 PM  1000   1826233      0.00      0.00  run-grafana.sh
02:29:06 PM  1000   1826235      0.00      0.00  run-loki.sh
02:29:06 PM  1000   1826237     22.00      0.00  grafana
02:29:06 PM  1000   1826238      0.00      0.00  run-otelcol.sh
02:29:06 PM  1000   1826241      0.00      0.00  run-prometheus.
02:29:06 PM  1000   1826243      0.00      0.00  otelcol-contrib
02:29:06 PM  1000   1826247      0.00      0.00  run-tempo.sh
02:29:06 PM  1000   1826251      0.00      0.00  run-pyroscope.s
02:29:06 PM  1000   1826253     82.00      1.00  tempo
02:29:06 PM  1000   1826255      3.00      0.00  prometheus
02:29:06 PM  1000   1826257     25.00      0.00  loki
02:29:06 PM  1000   1826258      0.00      0.00  pyroscope

02:29:06 PM   UID       PID    %usr %system  %guest   %wait    %CPU   CPU  Command
02:29:07 PM  1000   1826233    0.00    0.00    0.00    0.00    0.00    20  run-grafana.sh
02:29:07 PM  1000   1826235    0.00    0.00    0.00    0.00    0.00    18  run-loki.sh
02:29:07 PM  1000   1826237    0.00    0.00    0.00    0.00    0.00    20  grafana
02:29:07 PM  1000   1826238    0.00    0.00    0.00    0.00    0.00    18  run-otelcol.sh
02:29:07 PM  1000   1826241    0.00    0.00    0.00    0.00    0.00    20  run-prometheus.
02:29:07 PM  1000   1826243    1.00    1.00    0.00    0.00    2.00    20  otelcol-contrib
02:29:07 PM  1000   1826247    0.00    0.00    0.00    0.00    0.00    18  run-tempo.sh
02:29:07 PM  1000   1826251    0.00    0.00    0.00    0.00    0.00    16  run-pyroscope.s
02:29:07 PM  1000   1826253   12.00    0.00    0.00    0.00   12.00    18  tempo
02:29:07 PM  1000   1826255    0.00    0.00    0.00    0.00    0.00    16  prometheus
02:29:07 PM  1000   1826257    0.00    0.00    0.00    0.00    0.00    18  loki
02:29:07 PM  1000   1826258    0.00    1.00    0.00    0.00    1.00    16  pyroscope

02:29:06 PM   UID       PID   cswch/s nvcswch/s  Command
02:29:07 PM  1000   1826233      0.00      0.00  run-grafana.sh
02:29:07 PM  1000   1826235      0.00      0.00  run-loki.sh
02:29:07 PM  1000   1826237     18.00      0.00  grafana
02:29:07 PM  1000   1826238      0.00      0.00  run-otelcol.sh
02:29:07 PM  1000   1826241      0.00      0.00  run-prometheus.
02:29:07 PM  1000   1826243      0.00      0.00  otelcol-contrib
02:29:07 PM  1000   1826247      0.00      0.00  run-tempo.sh
02:29:07 PM  1000   1826251      0.00      0.00  run-pyroscope.s
02:29:07 PM  1000   1826253     68.00      4.00  tempo
02:29:07 PM  1000   1826255      2.00      0.00  prometheus
02:29:07 PM  1000   1826257     20.00      0.00  loki
02:29:07 PM  1000   1826258      0.00      0.00  pyroscope

02:29:07 PM   UID       PID    %usr %system  %guest   %wait    %CPU   CPU  Command
02:29:08 PM  1000   1826233    0.00    0.00    0.00    0.00    0.00    20  run-grafana.sh
02:29:08 PM  1000   1826235    0.00    0.00    0.00    0.00    0.00    18  run-loki.sh
02:29:08 PM  1000   1826237    0.00    0.00    0.00    0.00    0.00    16  grafana
02:29:08 PM  1000   1826238    0.00    0.00    0.00    0.00    0.00    18  run-otelcol.sh
02:29:08 PM  1000   1826241    0.00    0.00    0.00    0.00    0.00    20  run-prometheus.
02:29:08 PM  1000   1826243    2.00    0.00    0.00    0.00    2.00    20  otelcol-contrib
02:29:08 PM  1000   1826247    0.00    0.00    0.00    0.00    0.00    18  run-tempo.sh
02:29:08 PM  1000   1826251    0.00    0.00    0.00    0.00    0.00    16  run-pyroscope.s
02:29:08 PM  1000   1826253   17.00    1.00    0.00    0.00   18.00    20  tempo
02:29:08 PM  1000   1826255    0.00    0.00    0.00    0.00    0.00    16  prometheus
02:29:08 PM  1000   1826257    0.00    0.00    0.00    0.00    0.00    18  loki
02:29:08 PM  1000   1826258    1.00    0.00    0.00    0.00    1.00    16  pyroscope

02:29:07 PM   UID       PID   cswch/s nvcswch/s  Command
02:29:08 PM  1000   1826233      0.00      0.00  run-grafana.sh
02:29:08 PM  1000   1826235      0.00      0.00  run-loki.sh
02:29:08 PM  1000   1826237     23.00      0.00  grafana
02:29:08 PM  1000   1826238      0.00      0.00  run-otelcol.sh
02:29:08 PM  1000   1826241      0.00      0.00  run-prometheus.
02:29:08 PM  1000   1826243      0.00      0.00  otelcol-contrib
02:29:08 PM  1000   1826247      0.00      0.00  run-tempo.sh
02:29:08 PM  1000   1826251      0.00      0.00  run-pyroscope.s
02:29:08 PM  1000   1826253     83.00     14.00  tempo
02:29:08 PM  1000   1826255      2.00      0.00  prometheus
02:29:08 PM  1000   1826257     51.00      0.00  loki
02:29:08 PM  1000   1826258      0.00      0.00  pyroscope

02:29:08 PM   UID       PID    %usr %system  %guest   %wait    %CPU   CPU  Command
02:29:09 PM  1000   1826233    0.00    0.00    0.00    0.00    0.00    20  run-grafana.sh
02:29:09 PM  1000   1826235    0.00    0.00    0.00    0.00    0.00    18  run-loki.sh
02:29:09 PM  1000   1826237    0.00    0.00    0.00    0.00    0.00    16  grafana
02:29:09 PM  1000   1826238    0.00    0.00    0.00    0.00    0.00    18  run-otelcol.sh
02:29:09 PM  1000   1826241    0.00    0.00    0.00    0.00    0.00    20  run-prometheus.
02:29:09 PM  1000   1826243    2.00    0.00    0.00    0.00    2.00    20  otelcol-contrib
02:29:09 PM  1000   1826247    0.00    0.00    0.00    0.00    0.00    18  run-tempo.sh
02:29:09 PM  1000   1826251    0.00    0.00    0.00    0.00    0.00    16  run-pyroscope.s
02:29:09 PM  1000   1826253   15.00    1.00    0.00    1.00   16.00    16  tempo
02:29:09 PM  1000   1826255    1.00    0.00    0.00    0.00    1.00    18  prometheus
02:29:09 PM  1000   1826257    0.00    0.00    0.00    0.00    0.00    16  loki
02:29:09 PM  1000   1826258    0.00    0.00    0.00    0.00    0.00    16  pyroscope

02:29:08 PM   UID       PID   cswch/s nvcswch/s  Command
02:29:09 PM  1000   1826233      0.00      0.00  run-grafana.sh
02:29:09 PM  1000   1826235      0.00      0.00  run-loki.sh
02:29:09 PM  1000   1826237     13.00      0.00  grafana
02:29:09 PM  1000   1826238      0.00      0.00  run-otelcol.sh
02:29:09 PM  1000   1826241      0.00      0.00  run-prometheus.
02:29:09 PM  1000   1826243      0.00      0.00  otelcol-contrib
02:29:09 PM  1000   1826247      0.00      0.00  run-tempo.sh
02:29:09 PM  1000   1826251      0.00      0.00  run-pyroscope.s
02:29:09 PM  1000   1826253     72.00      9.00  tempo
02:29:09 PM  1000   1826255      2.00      0.00  prometheus
02:29:09 PM  1000   1826257     48.00      0.00  loki
02:29:09 PM  1000   1826258      0.00      0.00  pyroscope

02:29:09 PM   UID       PID    %usr %system  %guest   %wait    %CPU   CPU  Command
02:29:10 PM  1000   1826233    0.00    0.00    0.00    0.00    0.00    20  run-grafana.sh
02:29:10 PM  1000   1826235    0.00    0.00    0.00    0.00    0.00    18  run-loki.sh
02:29:10 PM  1000   1826237    0.00    0.00    0.00    0.00    0.00    20  grafana
02:29:10 PM  1000   1826238    0.00    0.00    0.00    0.00    0.00    18  run-otelcol.sh
02:29:10 PM  1000   1826241    0.00    0.00    0.00    0.00    0.00    20  run-prometheus.
02:29:10 PM  1000   1826243    3.00    0.00    0.00    0.00    3.00    20  otelcol-contrib
02:29:10 PM  1000   1826247    0.00    0.00    0.00    0.00    0.00    18  run-tempo.sh
02:29:10 PM  1000   1826251    0.00    0.00    0.00    0.00    0.00    16  run-pyroscope.s
02:29:10 PM  1000   1826253    8.00    0.00    0.00    0.00    8.00    16  tempo
02:29:10 PM  1000   1826255    0.00    0.00    0.00    0.00    0.00    20  prometheus
02:29:10 PM  1000   1826257    1.00    0.00    0.00    0.00    1.00    16  loki
02:29:10 PM  1000   1826258    0.00    0.00    0.00    0.00    0.00    16  pyroscope

02:29:09 PM   UID       PID   cswch/s nvcswch/s  Command
02:29:10 PM  1000   1826233      0.00      0.00  run-grafana.sh
02:29:10 PM  1000   1826235      0.00      0.00  run-loki.sh
02:29:10 PM  1000   1826237     11.00      0.00  grafana
02:29:10 PM  1000   1826238      0.00      0.00  run-otelcol.sh
02:29:10 PM  1000   1826241      0.00      0.00  run-prometheus.
02:29:10 PM  1000   1826243      0.00      0.00  otelcol-contrib
02:29:10 PM  1000   1826247      0.00      0.00  run-tempo.sh
02:29:10 PM  1000   1826251      0.00      0.00  run-pyroscope.s
02:29:10 PM  1000   1826253     82.00      3.00  tempo
02:29:10 PM  1000   1826255      1.00      0.00  prometheus
02:29:10 PM  1000   1826257     43.00      0.00  loki
02:29:10 PM  1000   1826258      0.00      0.00  pyroscope

02:29:10 PM   UID       PID    %usr %system  %guest   %wait    %CPU   CPU  Command
02:29:11 PM  1000   1826233    0.00    0.00    0.00    0.00    0.00    20  run-grafana.sh
02:29:11 PM  1000   1826235    0.00    0.00    0.00    0.00    0.00    18  run-loki.sh
02:29:11 PM  1000   1826237    0.00    0.00    0.00    0.00    0.00    20  grafana
02:29:11 PM  1000   1826238    0.00    0.00    0.00    0.00    0.00    18  run-otelcol.sh
02:29:11 PM  1000   1826241    0.00    0.00    0.00    0.00    0.00    20  run-prometheus.
02:29:11 PM  1000   1826243    3.00    1.00    0.00    0.00    4.00    20  otelcol-contrib
02:29:11 PM  1000   1826247    0.00    0.00    0.00    0.00    0.00    18  run-tempo.sh
02:29:11 PM  1000   1826251    0.00    0.00    0.00    0.00    0.00    16  run-pyroscope.s
02:29:11 PM  1000   1826253   41.00    1.00    0.00    0.00   42.00    16  tempo
02:29:11 PM  1000   1826255    0.00    0.00    0.00    0.00    0.00    20  prometheus
02:29:11 PM  1000   1826257    0.00    1.00    0.00    0.00    1.00    16  loki
02:29:11 PM  1000   1826258    0.00    0.00    0.00    0.00    0.00    16  pyroscope

02:29:10 PM   UID       PID   cswch/s nvcswch/s  Command
02:29:11 PM  1000   1826233      0.00      0.00  run-grafana.sh
02:29:11 PM  1000   1826235      0.00      0.00  run-loki.sh
02:29:11 PM  1000   1826237      0.00      0.00  grafana
02:29:11 PM  1000   1826238      0.00      0.00  run-otelcol.sh
02:29:11 PM  1000   1826241      0.00      0.00  run-prometheus.
02:29:11 PM  1000   1826243      0.00      0.00  otelcol-contrib
02:29:11 PM  1000   1826247      0.00      0.00  run-tempo.sh
02:29:11 PM  1000   1826251      0.00      0.00  run-pyroscope.s
02:29:11 PM  1000   1826253     61.00     11.00  tempo
02:29:11 PM  1000   1826255      3.00      0.00  prometheus
02:29:11 PM  1000   1826257      7.00      0.00  loki
02:29:11 PM  1000   1826258      0.00      0.00  pyroscope

02:29:11 PM   UID       PID    %usr %system  %guest   %wait    %CPU   CPU  Command
02:29:12 PM  1000   1826233    0.00    0.00    0.00    0.00    0.00    20  run-grafana.sh
02:29:12 PM  1000   1826235    0.00    0.00    0.00    0.00    0.00    18  run-loki.sh
02:29:12 PM  1000   1826237    0.00    0.00    0.00    0.00    0.00    20  grafana
02:29:12 PM  1000   1826238    0.00    0.00    0.00    0.00    0.00    18  run-otelcol.sh
02:29:12 PM  1000   1826241    0.00    0.00    0.00    0.00    0.00    20  run-prometheus.
02:29:12 PM  1000   1826243    4.00    0.00    0.00    0.00    4.00    20  otelcol-contrib
02:29:12 PM  1000   1826247    0.00    0.00    0.00    0.00    0.00    18  run-tempo.sh
02:29:12 PM  1000   1826251    0.00    0.00    0.00    0.00    0.00    16  run-pyroscope.s
02:29:12 PM  1000   1826253   11.00    2.00    0.00    0.00   13.00    18  tempo
02:29:12 PM  1000   1826255    0.00    1.00    0.00    0.00    1.00    20  prometheus
02:29:12 PM  1000   1826257    0.00    0.00    0.00    0.00    0.00    20  loki
02:29:12 PM  1000   1826258    0.00    0.00    0.00    0.00    0.00    16  pyroscope

02:29:11 PM   UID       PID   cswch/s nvcswch/s  Command
02:29:12 PM  1000   1826233      0.00      0.00  run-grafana.sh
02:29:12 PM  1000   1826235      0.00      0.00  run-loki.sh
02:29:12 PM  1000   1826237      0.00      0.00  grafana
02:29:12 PM  1000   1826238      0.00      0.00  run-otelcol.sh
02:29:12 PM  1000   1826241      0.00      0.00  run-prometheus.
02:29:12 PM  1000   1826243      0.00      0.00  otelcol-contrib
02:29:12 PM  1000   1826247      0.00      0.00  run-tempo.sh
02:29:12 PM  1000   1826251      0.00      0.00  run-pyroscope.s
02:29:12 PM  1000   1826253     75.00      4.00  tempo
02:29:12 PM  1000   1826255      2.00      0.00  prometheus
02:29:12 PM  1000   1826257      5.00      0.00  loki
02:29:12 PM  1000   1826258      0.00      0.00  pyroscope

02:29:12 PM   UID       PID    %usr %system  %guest   %wait    %CPU   CPU  Command
02:29:13 PM  1000   1826233    0.00    0.00    0.00    0.00    0.00    20  run-grafana.sh
02:29:13 PM  1000   1826235    0.00    0.00    0.00    0.00    0.00    18  run-loki.sh
02:29:13 PM  1000   1826237    0.00    0.00    0.00    0.00    0.00    20  grafana
02:29:13 PM  1000   1826238    0.00    0.00    0.00    0.00    0.00    18  run-otelcol.sh
02:29:13 PM  1000   1826241    0.00    0.00    0.00    0.00    0.00    20  run-prometheus.
02:29:13 PM  1000   1826243    4.00    0.00    0.00    0.00    4.00    20  otelcol-contrib
02:29:13 PM  1000   1826247    0.00    0.00    0.00    0.00    0.00    18  run-tempo.sh
02:29:13 PM  1000   1826251    0.00    0.00    0.00    0.00    0.00    16  run-pyroscope.s
02:29:13 PM  1000   1826253   41.00    3.00    0.00    0.00   44.00    20  tempo
02:29:13 PM  1000   1826255    0.00    0.00    0.00    0.00    0.00    16  prometheus
02:29:13 PM  1000   1826257    0.00    0.00    0.00    0.00    0.00    16  loki
02:29:13 PM  1000   1826258    4.00    1.00    0.00    0.00    5.00    16  pyroscope

02:29:12 PM   UID       PID   cswch/s nvcswch/s  Command
02:29:13 PM  1000   1826233      0.00      0.00  run-grafana.sh
02:29:13 PM  1000   1826235      0.00      0.00  run-loki.sh
02:29:13 PM  1000   1826237      0.00      0.00  grafana
02:29:13 PM  1000   1826238      0.00      0.00  run-otelcol.sh
02:29:13 PM  1000   1826241      0.00      0.00  run-prometheus.
02:29:13 PM  1000   1826243      0.00      0.00  otelcol-contrib
02:29:13 PM  1000   1826247      0.00      0.00  run-tempo.sh
02:29:13 PM  1000   1826251      0.00      0.00  run-pyroscope.s
02:29:13 PM  1000   1826253    103.00     19.00  tempo
02:29:13 PM  1000   1826255      3.00      0.00  prometheus
02:29:13 PM  1000   1826257     15.00      0.00  loki
02:29:13 PM  1000   1826258      0.00      0.00  pyroscope

02:29:13 PM   UID       PID    %usr %system  %guest   %wait    %CPU   CPU  Command
02:29:14 PM  1000   1826233    0.00    0.00    0.00    0.00    0.00    20  run-grafana.sh
02:29:14 PM  1000   1826235    0.00    0.00    0.00    0.00    0.00    18  run-loki.sh
02:29:14 PM  1000   1826237    0.00    0.00    0.00    0.00    0.00    20  grafana
02:29:14 PM  1000   1826238    0.00    0.00    0.00    0.00    0.00    18  run-otelcol.sh
02:29:14 PM  1000   1826241    0.00    0.00    0.00    0.00    0.00    20  run-prometheus.
02:29:14 PM  1000   1826243    3.00    0.00    0.00    0.00    3.00    20  otelcol-contrib
02:29:14 PM  1000   1826247    0.00    0.00    0.00    0.00    0.00    18  run-tempo.sh
02:29:14 PM  1000   1826251    0.00    0.00    0.00    0.00    0.00    16  run-pyroscope.s
02:29:14 PM  1000   1826253   12.00    1.00    0.00    1.00   13.00    18  tempo
02:29:14 PM  1000   1826255    0.00    0.00    0.00    0.00    0.00    20  prometheus
02:29:14 PM  1000   1826257    0.00    0.00    0.00    0.00    0.00    18  loki
02:29:14 PM  1000   1826258    0.00    0.00    0.00    0.00    0.00    16  pyroscope

02:29:13 PM   UID       PID   cswch/s nvcswch/s  Command
02:29:14 PM  1000   1826233      0.00      0.00  run-grafana.sh
02:29:14 PM  1000   1826235      0.00      0.00  run-loki.sh
02:29:14 PM  1000   1826237      0.00      0.00  grafana
02:29:14 PM  1000   1826238      0.00      0.00  run-otelcol.sh
02:29:14 PM  1000   1826241      0.00      0.00  run-prometheus.
02:29:14 PM  1000   1826243      0.00      0.00  otelcol-contrib
02:29:14 PM  1000   1826247      0.00      0.00  run-tempo.sh
02:29:14 PM  1000   1826251      0.00      0.00  run-pyroscope.s
02:29:14 PM  1000   1826253     87.00      8.00  tempo
02:29:14 PM  1000   1826255      1.00      0.00  prometheus
02:29:14 PM  1000   1826257     40.00      0.00  loki
02:29:14 PM  1000   1826258      0.00      0.00  pyroscope

02:29:14 PM   UID       PID    %usr %system  %guest   %wait    %CPU   CPU  Command
02:29:15 PM  1000   1826233    0.00    0.00    0.00    0.00    0.00    20  run-grafana.sh
02:29:15 PM  1000   1826235    0.00    0.00    0.00    0.00    0.00    18  run-loki.sh
02:29:15 PM  1000   1826237    0.00    0.00    0.00    0.00    0.00    20  grafana
02:29:15 PM  1000   1826238    0.00    0.00    0.00    0.00    0.00    18  run-otelcol.sh
02:29:15 PM  1000   1826241    0.00    0.00    0.00    0.00    0.00    20  run-prometheus.
02:29:15 PM  1000   1826243    4.00    1.00    0.00    0.00    5.00    20  otelcol-contrib
02:29:15 PM  1000   1826247    0.00    0.00    0.00    0.00    0.00    18  run-tempo.sh
02:29:15 PM  1000   1826251    0.00    0.00    0.00    0.00    0.00    16  run-pyroscope.s
02:29:15 PM  1000   1826253   27.00    1.00    0.00    0.00   28.00    20  tempo
02:29:15 PM  1000   1826255    0.00    0.00    0.00    0.00    0.00    16  prometheus
02:29:15 PM  1000   1826257    1.00    0.00    0.00    0.00    1.00    18  loki
02:29:15 PM  1000   1826258    0.00    0.00    0.00    0.00    0.00    16  pyroscope

02:29:14 PM   UID       PID   cswch/s nvcswch/s  Command
02:29:15 PM  1000   1826233      0.00      0.00  run-grafana.sh
02:29:15 PM  1000   1826235      0.00      0.00  run-loki.sh
02:29:15 PM  1000   1826237      0.00      0.00  grafana
02:29:15 PM  1000   1826238      0.00      0.00  run-otelcol.sh
02:29:15 PM  1000   1826241      0.00      0.00  run-prometheus.
02:29:15 PM  1000   1826243      0.00      0.00  otelcol-contrib
02:29:15 PM  1000   1826247      0.00      0.00  run-tempo.sh
02:29:15 PM  1000   1826251      0.00      0.00  run-pyroscope.s
02:29:15 PM  1000   1826253     81.00     12.00  tempo
02:29:15 PM  1000   1826255      2.00      0.00  prometheus
02:29:15 PM  1000   1826257     47.00      0.00  loki
02:29:15 PM  1000   1826258      0.00      0.00  pyroscope

02:29:15 PM   UID       PID    %usr %system  %guest   %wait    %CPU   CPU  Command
02:29:16 PM  1000   1826233    0.00    0.00    0.00    0.00    0.00    20  run-grafana.sh
02:29:16 PM  1000   1826235    0.00    0.00    0.00    0.00    0.00    18  run-loki.sh
02:29:16 PM  1000   1826237    3.00    0.00    0.00    0.00    3.00    18  grafana
02:29:16 PM  1000   1826238    0.00    0.00    0.00    0.00    0.00    18  run-otelcol.sh
02:29:16 PM  1000   1826241    0.00    0.00    0.00    0.00    0.00    20  run-prometheus.
02:29:16 PM  1000   1826243    7.00    0.00    0.00    0.00    7.00    20  otelcol-contrib
02:29:16 PM  1000   1826247    0.00    0.00    0.00    0.00    0.00    18  run-tempo.sh
02:29:16 PM  1000   1826251    0.00    0.00    0.00    0.00    0.00    16  run-pyroscope.s
02:29:16 PM  1000   1826253   37.00    1.00    0.00    0.00   38.00    20  tempo
02:29:16 PM  1000   1826255    0.00    0.00    0.00    0.00    0.00    16  prometheus
02:29:16 PM  1000   1826257    0.00    0.00    0.00    0.00    0.00    16  loki
02:29:16 PM  1000   1826258    0.00    0.00    0.00    0.00    0.00    16  pyroscope

02:29:15 PM   UID       PID   cswch/s nvcswch/s  Command
02:29:16 PM  1000   1826233      0.00      0.00  run-grafana.sh
02:29:16 PM  1000   1826235      0.00      0.00  run-loki.sh
02:29:16 PM  1000   1826237     60.00      0.00  grafana
02:29:16 PM  1000   1826238      0.00      0.00  run-otelcol.sh
02:29:16 PM  1000   1826241      0.00      0.00  run-prometheus.
02:29:16 PM  1000   1826243      0.00      0.00  otelcol-contrib
02:29:16 PM  1000   1826247      0.00      0.00  run-tempo.sh
02:29:16 PM  1000   1826251      0.00      0.00  run-pyroscope.s
02:29:16 PM  1000   1826253    102.00     12.00  tempo
02:29:16 PM  1000   1826255      2.00      0.00  prometheus
02:29:16 PM  1000   1826257     42.00      0.00  loki
02:29:16 PM  1000   1826258      0.00      0.00  pyroscope

02:29:16 PM   UID       PID    %usr %system  %guest   %wait    %CPU   CPU  Command
02:29:17 PM  1000   1826233    0.00    0.00    0.00    0.00    0.00    20  run-grafana.sh
02:29:17 PM  1000   1826235    0.00    0.00    0.00    0.00    0.00    18  run-loki.sh
02:29:17 PM  1000   1826237    0.00    0.00    0.00    0.00    0.00    18  grafana
02:29:17 PM  1000   1826238    0.00    0.00    0.00    0.00    0.00    18  run-otelcol.sh
02:29:17 PM  1000   1826241    0.00    0.00    0.00    0.00    0.00    20  run-prometheus.
02:29:17 PM  1000   1826243    6.00    0.00    0.00    0.00    6.00    20  otelcol-contrib
02:29:17 PM  1000   1826247    0.00    0.00    0.00    0.00    0.00    18  run-tempo.sh
02:29:17 PM  1000   1826251    0.00    0.00    0.00    0.00    0.00    16  run-pyroscope.s
02:29:17 PM  1000   1826253   60.00    4.00    0.00    0.00   64.00    16  tempo
02:29:17 PM  1000   1826255    0.00    0.00    0.00    0.00    0.00    20  prometheus
02:29:17 PM  1000   1826257    0.00    0.00    0.00    0.00    0.00    20  loki
02:29:17 PM  1000   1826258    0.00    0.00    0.00    0.00    0.00    16  pyroscope

02:29:16 PM   UID       PID   cswch/s nvcswch/s  Command
02:29:17 PM  1000   1826233      0.00      0.00  run-grafana.sh
02:29:17 PM  1000   1826235      0.00      0.00  run-loki.sh
02:29:17 PM  1000   1826237      0.00      0.00  grafana
02:29:17 PM  1000   1826238      0.00      0.00  run-otelcol.sh
02:29:17 PM  1000   1826241      0.00      0.00  run-prometheus.
02:29:17 PM  1000   1826243      0.00      0.00  otelcol-contrib
02:29:17 PM  1000   1826247      0.00      0.00  run-tempo.sh
02:29:17 PM  1000   1826251      0.00      0.00  run-pyroscope.s
02:29:17 PM  1000   1826253     76.00     26.00  tempo
02:29:17 PM  1000   1826255      1.00      0.00  prometheus
02:29:17 PM  1000   1826257     44.00      0.00  loki
02:29:17 PM  1000   1826258      0.00      0.00  pyroscope

02:29:17 PM   UID       PID    %usr %system  %guest   %wait    %CPU   CPU  Command
02:29:18 PM  1000   1826233    0.00    0.00    0.00    0.00    0.00    20  run-grafana.sh
02:29:18 PM  1000   1826235    0.00    0.00    0.00    0.00    0.00    18  run-loki.sh
02:29:18 PM  1000   1826237    0.00    0.00    0.00    0.00    0.00    18  grafana
02:29:18 PM  1000   1826238    0.00    0.00    0.00    0.00    0.00    18  run-otelcol.sh
02:29:18 PM  1000   1826241    0.00    0.00    0.00    0.00    0.00    20  run-prometheus.
02:29:18 PM  1000   1826243    5.00    0.00    0.00    0.00    5.00    20  otelcol-contrib
02:29:18 PM  1000   1826247    0.00    0.00    0.00    0.00    0.00    18  run-tempo.sh
02:29:18 PM  1000   1826251    0.00    0.00    0.00    0.00    0.00    16  run-pyroscope.s
02:29:18 PM  1000   1826253   44.00    5.00    0.00    0.00   49.00    18  tempo
02:29:18 PM  1000   1826255    0.00    0.00    0.00    0.00    0.00    18  prometheus
02:29:18 PM  1000   1826257    1.00    0.00    0.00    0.00    1.00    20  loki
02:29:18 PM  1000   1826258    0.00    0.00    0.00    0.00    0.00    16  pyroscope

02:29:17 PM   UID       PID   cswch/s nvcswch/s  Command
02:29:18 PM  1000   1826233      0.00      0.00  run-grafana.sh
02:29:18 PM  1000   1826235      0.00      0.00  run-loki.sh
02:29:18 PM  1000   1826237      0.00      0.00  grafana
02:29:18 PM  1000   1826238      0.00      0.00  run-otelcol.sh
02:29:18 PM  1000   1826241      0.00      0.00  run-prometheus.
02:29:18 PM  1000   1826243      0.00      0.00  otelcol-contrib
02:29:18 PM  1000   1826247      0.00      0.00  run-tempo.sh
02:29:18 PM  1000   1826251      0.00      0.00  run-pyroscope.s
02:29:18 PM  1000   1826253     95.00      6.00  tempo
02:29:18 PM  1000   1826255      4.00      0.00  prometheus
02:29:18 PM  1000   1826257     36.00      0.00  loki
02:29:18 PM  1000   1826258      0.00      0.00  pyroscope

02:29:18 PM   UID       PID    %usr %system  %guest   %wait    %CPU   CPU  Command
02:29:19 PM  1000   1826233    0.00    0.00    0.00    0.00    0.00    20  run-grafana.sh
02:29:19 PM  1000   1826235    0.00    0.00    0.00    0.00    0.00    18  run-loki.sh
02:29:19 PM  1000   1826237    0.00    0.00    0.00    0.00    0.00    18  grafana
02:29:19 PM  1000   1826238    0.00    0.00    0.00    0.00    0.00    18  run-otelcol.sh
02:29:19 PM  1000   1826241    0.00    0.00    0.00    0.00    0.00    20  run-prometheus.
02:29:19 PM  1000   1826243    7.00    0.00    0.00    0.00    7.00    20  otelcol-contrib
02:29:19 PM  1000   1826247    0.00    0.00    0.00    0.00    0.00    18  run-tempo.sh
02:29:19 PM  1000   1826251    0.00    0.00    0.00    0.00    0.00    16  run-pyroscope.s
02:29:19 PM  1000   1826253   78.00    4.00    0.00    1.00   82.00    20  tempo
02:29:19 PM  1000   1826255    1.00    0.00    0.00    0.00    1.00    18  prometheus
02:29:19 PM  1000   1826257    0.00    0.00    0.00    0.00    0.00    18  loki
02:29:19 PM  1000   1826258    0.00    0.00    0.00    0.00    0.00    16  pyroscope

02:29:18 PM   UID       PID   cswch/s nvcswch/s  Command
02:29:19 PM  1000   1826233      0.00      0.00  run-grafana.sh
02:29:19 PM  1000   1826235      0.00      0.00  run-loki.sh
02:29:19 PM  1000   1826237      0.00      0.00  grafana
02:29:19 PM  1000   1826238      0.00      0.00  run-otelcol.sh
02:29:19 PM  1000   1826241      0.00      0.00  run-prometheus.
02:29:19 PM  1000   1826243      0.00      0.00  otelcol-contrib
02:29:19 PM  1000   1826247      0.00      0.00  run-tempo.sh
02:29:19 PM  1000   1826251      0.00      0.00  run-pyroscope.s
02:29:19 PM  1000   1826253     68.00      3.00  tempo
02:29:19 PM  1000   1826255      2.00      0.00  prometheus
02:29:19 PM  1000   1826257     13.00      0.00  loki
02:29:19 PM  1000   1826258      0.00      0.00  pyroscope

02:29:19 PM   UID       PID    %usr %system  %guest   %wait    %CPU   CPU  Command
02:29:20 PM  1000   1826233    0.00    0.00    0.00    0.00    0.00    20  run-grafana.sh
02:29:20 PM  1000   1826235    0.00    0.00    0.00    0.00    0.00    18  run-loki.sh
02:29:20 PM  1000   1826237    0.00    0.00    0.00    0.00    0.00    16  grafana
02:29:20 PM  1000   1826238    0.00    0.00    0.00    0.00    0.00    18  run-otelcol.sh
02:29:20 PM  1000   1826241    0.00    0.00    0.00    0.00    0.00    20  run-prometheus.
02:29:20 PM  1000   1826243    6.00    1.00    0.00    0.00    7.00    20  otelcol-contrib
02:29:20 PM  1000   1826247    0.00    0.00    0.00    0.00    0.00    18  run-tempo.sh
02:29:20 PM  1000   1826251    0.00    0.00    0.00    0.00    0.00    16  run-pyroscope.s
02:29:20 PM  1000   1826253   30.00    1.00    0.00    0.00   31.00    18  tempo
02:29:20 PM  1000   1826255    0.00    0.00    0.00    0.00    0.00    18  prometheus
02:29:20 PM  1000   1826257    0.00    0.00    0.00    0.00    0.00    20  loki
02:29:20 PM  1000   1826258    1.00    0.00    0.00    0.00    1.00    16  pyroscope

02:29:19 PM   UID       PID   cswch/s nvcswch/s  Command
02:29:20 PM  1000   1826233      0.00      0.00  run-grafana.sh
02:29:20 PM  1000   1826235      0.00      0.00  run-loki.sh
02:29:20 PM  1000   1826237      1.00      0.00  grafana
02:29:20 PM  1000   1826238      0.00      0.00  run-otelcol.sh
02:29:20 PM  1000   1826241      0.00      0.00  run-prometheus.
02:29:20 PM  1000   1826243      0.00      0.00  otelcol-contrib
02:29:20 PM  1000   1826247      0.00      0.00  run-tempo.sh
02:29:20 PM  1000   1826251      0.00      0.00  run-pyroscope.s
02:29:20 PM  1000   1826253     87.00      5.00  tempo
02:29:20 PM  1000   1826255      1.00      0.00  prometheus
02:29:20 PM  1000   1826257     42.00      0.00  loki
02:29:20 PM  1000   1826258      0.00      0.00  pyroscope

02:29:20 PM   UID       PID    %usr %system  %guest   %wait    %CPU   CPU  Command
02:29:21 PM  1000   1826233    0.00    0.00    0.00    0.00    0.00    20  run-grafana.sh
02:29:21 PM  1000   1826235    0.00    0.00    0.00    0.00    0.00    18  run-loki.sh
02:29:21 PM  1000   1826237    0.00    0.00    0.00    0.00    0.00    16  grafana
02:29:21 PM  1000   1826238    0.00    0.00    0.00    0.00    0.00    18  run-otelcol.sh
02:29:21 PM  1000   1826241    0.00    0.00    0.00    0.00    0.00    20  run-prometheus.
02:29:21 PM  1000   1826243    4.00    0.00    0.00    0.00    4.00    20  otelcol-contrib
02:29:21 PM  1000   1826247    0.00    0.00    0.00    0.00    0.00    18  run-tempo.sh
02:29:21 PM  1000   1826251    0.00    0.00    0.00    0.00    0.00    16  run-pyroscope.s
02:29:21 PM  1000   1826253   61.00    2.00    0.00    0.00   63.00    16  tempo
02:29:21 PM  1000   1826255    0.00    0.00    0.00    0.00    0.00    18  prometheus
02:29:21 PM  1000   1826257    0.00    0.00    0.00    0.00    0.00    20  loki
02:29:21 PM  1000   1826258    0.00    0.00    0.00    0.00    0.00    16  pyroscope

02:29:20 PM   UID       PID   cswch/s nvcswch/s  Command
02:29:21 PM  1000   1826233      0.00      0.00  run-grafana.sh
02:29:21 PM  1000   1826235      0.00      0.00  run-loki.sh
02:29:21 PM  1000   1826237      0.00      0.00  grafana
02:29:21 PM  1000   1826238      0.00      0.00  run-otelcol.sh
02:29:21 PM  1000   1826241      0.00      0.00  run-prometheus.
02:29:21 PM  1000   1826243      0.00      0.00  otelcol-contrib
02:29:21 PM  1000   1826247      0.00      0.00  run-tempo.sh
02:29:21 PM  1000   1826251      0.00      0.00  run-pyroscope.s
02:29:21 PM  1000   1826253     49.00      3.00  tempo
02:29:21 PM  1000   1826255      2.00      0.00  prometheus
02:29:21 PM  1000   1826257     40.00      0.00  loki
02:29:21 PM  1000   1826258      0.00      0.00  pyroscope

02:29:21 PM   UID       PID    %usr %system  %guest   %wait    %CPU   CPU  Command
02:29:22 PM  1000   1826233    0.00    0.00    0.00    0.00    0.00    20  run-grafana.sh
02:29:22 PM  1000   1826235    0.00    0.00    0.00    0.00    0.00    18  run-loki.sh
02:29:22 PM  1000   1826237    0.00    0.00    0.00    0.00    0.00    16  grafana
02:29:22 PM  1000   1826238    0.00    0.00    0.00    0.00    0.00    18  run-otelcol.sh
02:29:22 PM  1000   1826241    0.00    0.00    0.00    0.00    0.00    20  run-prometheus.
02:29:22 PM  1000   1826243    8.00    0.00    0.00    0.00    8.00    20  otelcol-contrib
02:29:22 PM  1000   1826247    0.00    0.00    0.00    0.00    0.00    18  run-tempo.sh
02:29:22 PM  1000   1826251    0.00    0.00    0.00    0.00    0.00    16  run-pyroscope.s
02:29:22 PM  1000   1826253   65.00    2.00    0.00    0.00   67.00    16  tempo
02:29:22 PM  1000   1826255    0.00    0.00    0.00    0.00    0.00    16  prometheus
02:29:22 PM  1000   1826257    1.00    0.00    0.00    0.00    1.00    20  loki
02:29:22 PM  1000   1826258    0.00    0.00    0.00    0.00    0.00    16  pyroscope

02:29:21 PM   UID       PID   cswch/s nvcswch/s  Command
02:29:22 PM  1000   1826233      0.00      0.00  run-grafana.sh
02:29:22 PM  1000   1826235      0.00      0.00  run-loki.sh
02:29:22 PM  1000   1826237      0.00      0.00  grafana
02:29:22 PM  1000   1826238      0.00      0.00  run-otelcol.sh
02:29:22 PM  1000   1826241      0.00      0.00  run-prometheus.
02:29:22 PM  1000   1826243      0.00      0.00  otelcol-contrib
02:29:22 PM  1000   1826247      0.00      0.00  run-tempo.sh
02:29:22 PM  1000   1826251      0.00      0.00  run-pyroscope.s
02:29:22 PM  1000   1826253      0.00      0.00  tempo
02:29:22 PM  1000   1826255      1.00      0.00  prometheus
02:29:22 PM  1000   1826257     39.00      0.00  loki
02:29:22 PM  1000   1826258      0.00      0.00  pyroscope

02:29:22 PM   UID       PID    %usr %system  %guest   %wait    %CPU   CPU  Command
02:29:23 PM  1000   1826233    0.00    0.00    0.00    0.00    0.00    20  run-grafana.sh
02:29:23 PM  1000   1826235    0.00    0.00    0.00    0.00    0.00    18  run-loki.sh
02:29:23 PM  1000   1826237    1.00    0.00    0.00    0.00    1.00    16  grafana
02:29:23 PM  1000   1826238    0.00    0.00    0.00    0.00    0.00    18  run-otelcol.sh
02:29:23 PM  1000   1826241    0.00    0.00    0.00    0.00    0.00    20  run-prometheus.
02:29:23 PM  1000   1826243    5.00    0.00    0.00    0.00    5.00    20  otelcol-contrib
02:29:23 PM  1000   1826247    0.00    0.00    0.00    0.00    0.00    18  run-tempo.sh
02:29:23 PM  1000   1826251    0.00    0.00    0.00    0.00    0.00    16  run-pyroscope.s
02:29:23 PM  1000   1826253   37.00    1.00    0.00    0.00   38.00    16  tempo
02:29:23 PM  1000   1826255    0.00    0.00    0.00    0.00    0.00    16  prometheus
02:29:23 PM  1000   1826257    0.00    1.00    0.00    0.00    1.00    16  loki
02:29:23 PM  1000   1826258    0.00    1.00    0.00    0.00    1.00    16  pyroscope

02:29:22 PM   UID       PID   cswch/s nvcswch/s  Command
02:29:23 PM  1000   1826233      0.00      0.00  run-grafana.sh
02:29:23 PM  1000   1826235      0.00      0.00  run-loki.sh
02:29:23 PM  1000   1826237      0.00      0.00  grafana
02:29:23 PM  1000   1826238      0.00      0.00  run-otelcol.sh
02:29:23 PM  1000   1826241      0.00      0.00  run-prometheus.
02:29:23 PM  1000   1826243      0.00      0.00  otelcol-contrib
02:29:23 PM  1000   1826247      0.00      0.00  run-tempo.sh
02:29:23 PM  1000   1826251      0.00      0.00  run-pyroscope.s
02:29:23 PM  1000   1826253      0.00      0.00  tempo
02:29:23 PM  1000   1826255     10.00      0.00  prometheus
02:29:23 PM  1000   1826257     27.00      0.00  loki
02:29:23 PM  1000   1826258      0.00      0.00  pyroscope

02:29:23 PM   UID       PID    %usr %system  %guest   %wait    %CPU   CPU  Command
02:29:24 PM  1000   1826233    0.00    0.00    0.00    0.00    0.00    20  run-grafana.sh
02:29:24 PM  1000   1826235    0.00    0.00    0.00    0.00    0.00    18  run-loki.sh
02:29:24 PM  1000   1826237    0.00    0.00    0.00    0.00    0.00    16  grafana
02:29:24 PM  1000   1826238    0.00    0.00    0.00    0.00    0.00    18  run-otelcol.sh
02:29:24 PM  1000   1826241    0.00    0.00    0.00    0.00    0.00    20  run-prometheus.
02:29:24 PM  1000   1826243    6.00    0.00    0.00    0.00    6.00    20  otelcol-contrib
02:29:24 PM  1000   1826247    0.00    0.00    0.00    0.00    0.00    18  run-tempo.sh
02:29:24 PM  1000   1826251    0.00    0.00    0.00    0.00    0.00    16  run-pyroscope.s
02:29:24 PM  1000   1826253   38.00    1.00    0.00    0.00   39.00    16  tempo
02:29:24 PM  1000   1826255    0.00    0.00    0.00    0.00    0.00    16  prometheus
02:29:24 PM  1000   1826257    0.00    0.00    0.00    0.00    0.00    16  loki
02:29:24 PM  1000   1826258    0.00    0.00    0.00    0.00    0.00    16  pyroscope

02:29:23 PM   UID       PID   cswch/s nvcswch/s  Command
02:29:24 PM  1000   1826233      0.00      0.00  run-grafana.sh
02:29:24 PM  1000   1826235      0.00      0.00  run-loki.sh
02:29:24 PM  1000   1826237      0.00      0.00  grafana
02:29:24 PM  1000   1826238      0.00      0.00  run-otelcol.sh
02:29:24 PM  1000   1826241      0.00      0.00  run-prometheus.
02:29:24 PM  1000   1826243      0.00      0.00  otelcol-contrib
02:29:24 PM  1000   1826247      0.00      0.00  run-tempo.sh
02:29:24 PM  1000   1826251      0.00      0.00  run-pyroscope.s
02:29:24 PM  1000   1826253      0.00      0.00  tempo
02:29:24 PM  1000   1826255      1.00      0.00  prometheus
02:29:24 PM  1000   1826257     27.00      0.00  loki
02:29:24 PM  1000   1826258      0.00      0.00  pyroscope

02:29:24 PM   UID       PID    %usr %system  %guest   %wait    %CPU   CPU  Command
02:29:25 PM  1000   1826233    0.00    0.00    0.00    0.00    0.00    20  run-grafana.sh
02:29:25 PM  1000   1826235    0.00    0.00    0.00    0.00    0.00    18  run-loki.sh
02:29:25 PM  1000   1826237    0.00    0.00    0.00    0.00    0.00    16  grafana
02:29:25 PM  1000   1826238    0.00    0.00    0.00    0.00    0.00    18  run-otelcol.sh
02:29:25 PM  1000   1826241    0.00    0.00    0.00    0.00    0.00    20  run-prometheus.
02:29:25 PM  1000   1826243    8.00    1.00    0.00    0.00    9.00    20  otelcol-contrib
02:29:25 PM  1000   1826247    0.00    0.00    0.00    0.00    0.00    18  run-tempo.sh
02:29:25 PM  1000   1826251    0.00    0.00    0.00    0.00    0.00    16  run-pyroscope.s
02:29:25 PM  1000   1826253   42.00    2.00    0.00    0.00   44.00    16  tempo
02:29:25 PM  1000   1826255    0.00    0.00    0.00    0.00    0.00    18  prometheus
02:29:25 PM  1000   1826257    0.00    0.00    0.00    0.00    0.00    20  loki
02:29:25 PM  1000   1826258    0.00    0.00    0.00    0.00    0.00    16  pyroscope

02:29:24 PM   UID       PID   cswch/s nvcswch/s  Command
02:29:25 PM  1000   1826233      0.00      0.00  run-grafana.sh
02:29:25 PM  1000   1826235      0.00      0.00  run-loki.sh
02:29:25 PM  1000   1826237      0.00      0.00  grafana
02:29:25 PM  1000   1826238      0.00      0.00  run-otelcol.sh
02:29:25 PM  1000   1826241      0.00      0.00  run-prometheus.
02:29:25 PM  1000   1826243      0.00      0.00  otelcol-contrib
02:29:25 PM  1000   1826247      0.00      0.00  run-tempo.sh
02:29:25 PM  1000   1826251      0.00      0.00  run-pyroscope.s
02:29:25 PM  1000   1826253      0.00      0.00  tempo
02:29:25 PM  1000   1826255      2.00      0.00  prometheus
02:29:25 PM  1000   1826257     33.00      0.00  loki
02:29:25 PM  1000   1826258      0.00      0.00  pyroscope

02:29:25 PM   UID       PID    %usr %system  %guest   %wait    %CPU   CPU  Command
02:29:26 PM  1000   1826233    0.00    0.00    0.00    0.00    0.00    20  run-grafana.sh
02:29:26 PM  1000   1826235    0.00    0.00    0.00    0.00    0.00    18  run-loki.sh
02:29:26 PM  1000   1826237    0.00    1.00    0.00    0.00    1.00    16  grafana
02:29:26 PM  1000   1826238    0.00    0.00    0.00    0.00    0.00    18  run-otelcol.sh
02:29:26 PM  1000   1826241    0.00    0.00    0.00    0.00    0.00    20  run-prometheus.
02:29:26 PM  1000   1826243    5.00    0.00    0.00    0.00    5.00    20  otelcol-contrib
02:29:26 PM  1000   1826247    0.00    0.00    0.00    0.00    0.00    18  run-tempo.sh
02:29:26 PM  1000   1826251    0.00    0.00    0.00    0.00    0.00    16  run-pyroscope.s
02:29:26 PM  1000   1826253   44.00    1.00    0.00    0.00   45.00    16  tempo
02:29:26 PM  1000   1826255    0.00    0.00    0.00    0.00    0.00    20  prometheus
02:29:26 PM  1000   1826257    1.00    0.00    0.00    0.00    1.00    16  loki
02:29:26 PM  1000   1826258    0.00    0.00    0.00    0.00    0.00    16  pyroscope

02:29:25 PM   UID       PID   cswch/s nvcswch/s  Command
02:29:26 PM  1000   1826233      0.00      0.00  run-grafana.sh
02:29:26 PM  1000   1826235      0.00      0.00  run-loki.sh
02:29:26 PM  1000   1826237      0.00      0.00  grafana
02:29:26 PM  1000   1826238      0.00      0.00  run-otelcol.sh
02:29:26 PM  1000   1826241      0.00      0.00  run-prometheus.
02:29:26 PM  1000   1826243      0.00      0.00  otelcol-contrib
02:29:26 PM  1000   1826247      0.00      0.00  run-tempo.sh
02:29:26 PM  1000   1826251      0.00      0.00  run-pyroscope.s
02:29:26 PM  1000   1826253      0.00      0.00  tempo
02:29:26 PM  1000   1826255      2.00      0.00  prometheus
02:29:26 PM  1000   1826257     47.00      0.00  loki
02:29:26 PM  1000   1826258      0.00      0.00  pyroscope

02:29:26 PM   UID       PID    %usr %system  %guest   %wait    %CPU   CPU  Command
02:29:27 PM  1000   1826233    0.00    0.00    0.00    0.00    0.00    20  run-grafana.sh
02:29:27 PM  1000   1826235    0.00    0.00    0.00    0.00    0.00    18  run-loki.sh
02:29:27 PM  1000   1826237    0.00    0.00    0.00    0.00    0.00    16  grafana
02:29:27 PM  1000   1826238    0.00    0.00    0.00    0.00    0.00    18  run-otelcol.sh
02:29:27 PM  1000   1826241    0.00    0.00    0.00    0.00    0.00    20  run-prometheus.
02:29:27 PM  1000   1826243    8.00    0.00    0.00    0.00    8.00    20  otelcol-contrib
02:29:27 PM  1000   1826247    0.00    0.00    0.00    0.00    0.00    18  run-tempo.sh
02:29:27 PM  1000   1826251    0.00    0.00    0.00    0.00    0.00    16  run-pyroscope.s
02:29:27 PM  1000   1826253   52.00    5.00    0.00    0.00   57.00    16  tempo
02:29:27 PM  1000   1826255    0.00    0.00    0.00    0.00    0.00    20  prometheus
02:29:27 PM  1000   1826257    0.00    0.00    0.00    0.00    0.00    20  loki
02:29:27 PM  1000   1826258    1.00    0.00    0.00    0.00    1.00    16  pyroscope

02:29:26 PM   UID       PID   cswch/s nvcswch/s  Command
02:29:27 PM  1000   1826233      0.00      0.00  run-grafana.sh
02:29:27 PM  1000   1826235      0.00      0.00  run-loki.sh
02:29:27 PM  1000   1826237      0.00      0.00  grafana
02:29:27 PM  1000   1826238      0.00      0.00  run-otelcol.sh
02:29:27 PM  1000   1826241      0.00      0.00  run-prometheus.
02:29:27 PM  1000   1826243      0.00      0.00  otelcol-contrib
02:29:27 PM  1000   1826247      0.00      0.00  run-tempo.sh
02:29:27 PM  1000   1826251      0.00      0.00  run-pyroscope.s
02:29:27 PM  1000   1826253      0.00      0.00  tempo
02:29:27 PM  1000   1826255      1.00      0.00  prometheus
02:29:27 PM  1000   1826257     30.00      0.00  loki
02:29:27 PM  1000   1826258      0.00      0.00  pyroscope

02:29:27 PM   UID       PID    %usr %system  %guest   %wait    %CPU   CPU  Command
02:29:28 PM  1000   1826233    0.00    0.00    0.00    0.00    0.00    20  run-grafana.sh
02:29:28 PM  1000   1826235    0.00    0.00    0.00    0.00    0.00    18  run-loki.sh
02:29:28 PM  1000   1826237    0.00    0.00    0.00    0.00    0.00    16  grafana
02:29:28 PM  1000   1826238    0.00    0.00    0.00    0.00    0.00    18  run-otelcol.sh
02:29:28 PM  1000   1826241    0.00    0.00    0.00    0.00    0.00    20  run-prometheus.
02:29:28 PM  1000   1826243    5.00    1.00    0.00    0.00    6.00    20  otelcol-contrib
02:29:28 PM  1000   1826247    0.00    0.00    0.00    0.00    0.00    18  run-tempo.sh
02:29:28 PM  1000   1826251    0.00    0.00    0.00    0.00    0.00    16  run-pyroscope.s
02:29:28 PM  1000   1826253   50.00    2.00    0.00    0.00   52.00    16  tempo
02:29:28 PM  1000   1826255    1.00    0.00    0.00    0.00    1.00    20  prometheus
02:29:28 PM  1000   1826257    0.00    0.00    0.00    0.00    0.00    18  loki
02:29:28 PM  1000   1826258    2.00    0.00    0.00    0.00    2.00    16  pyroscope

02:29:27 PM   UID       PID   cswch/s nvcswch/s  Command
02:29:28 PM  1000   1826233      0.00      0.00  run-grafana.sh
02:29:28 PM  1000   1826235      0.00      0.00  run-loki.sh
02:29:28 PM  1000   1826237      0.00      0.00  grafana
02:29:28 PM  1000   1826238      0.00      0.00  run-otelcol.sh
02:29:28 PM  1000   1826241      0.00      0.00  run-prometheus.
02:29:28 PM  1000   1826243      0.00      0.00  otelcol-contrib
02:29:28 PM  1000   1826247      0.00      0.00  run-tempo.sh
02:29:28 PM  1000   1826251      0.00      0.00  run-pyroscope.s
02:29:28 PM  1000   1826253      0.00      0.00  tempo
02:29:28 PM  1000   1826255      6.00      0.00  prometheus
02:29:28 PM  1000   1826257     38.00      0.00  loki
02:29:28 PM  1000   1826258      0.00      0.00  pyroscope

02:29:28 PM   UID       PID    %usr %system  %guest   %wait    %CPU   CPU  Command
02:29:29 PM  1000   1826233    0.00    0.00    0.00    0.00    0.00    20  run-grafana.sh
02:29:29 PM  1000   1826235    0.00    0.00    0.00    0.00    0.00    18  run-loki.sh
02:29:29 PM  1000   1826237    0.00    0.00    0.00    0.00    0.00    16  grafana
02:29:29 PM  1000   1826238    0.00    0.00    0.00    0.00    0.00    18  run-otelcol.sh
02:29:29 PM  1000   1826241    0.00    0.00    0.00    0.00    0.00    20  run-prometheus.
02:29:29 PM  1000   1826243    6.00    0.00    0.00    0.00    6.00    20  otelcol-contrib
02:29:29 PM  1000   1826247    0.00    0.00    0.00    0.00    0.00    18  run-tempo.sh
02:29:29 PM  1000   1826251    0.00    0.00    0.00    0.00    0.00    16  run-pyroscope.s
02:29:29 PM  1000   1826253   43.00    1.00    0.00    0.00   44.00    16  tempo
02:29:29 PM  1000   1826255    0.00    0.00    0.00    0.00    0.00    20  prometheus
02:29:29 PM  1000   1826257    0.00    0.00    0.00    0.00    0.00    16  loki
02:29:29 PM  1000   1826258    0.00    0.00    0.00    0.00    0.00    16  pyroscope

02:29:28 PM   UID       PID   cswch/s nvcswch/s  Command
02:29:29 PM  1000   1826233      0.00      0.00  run-grafana.sh
02:29:29 PM  1000   1826235      0.00      0.00  run-loki.sh
02:29:29 PM  1000   1826237      0.00      0.00  grafana
02:29:29 PM  1000   1826238      0.00      0.00  run-otelcol.sh
02:29:29 PM  1000   1826241      0.00      0.00  run-prometheus.
02:29:29 PM  1000   1826243      0.00      0.00  otelcol-contrib
02:29:29 PM  1000   1826247      0.00      0.00  run-tempo.sh
02:29:29 PM  1000   1826251      0.00      0.00  run-pyroscope.s
02:29:29 PM  1000   1826253     60.00      0.00  tempo
02:29:29 PM  1000   1826255      1.00      0.00  prometheus
02:29:29 PM  1000   1826257     17.00      0.00  loki
02:29:29 PM  1000   1826258      0.00      0.00  pyroscope

02:29:29 PM   UID       PID    %usr %system  %guest   %wait    %CPU   CPU  Command
02:29:30 PM  1000   1826233    0.00    0.00    0.00    0.00    0.00    20  run-grafana.sh
02:29:30 PM  1000   1826235    0.00    0.00    0.00    0.00    0.00    18  run-loki.sh
02:29:30 PM  1000   1826237    0.00    0.00    0.00    0.00    0.00    16  grafana
02:29:30 PM  1000   1826238    0.00    0.00    0.00    0.00    0.00    18  run-otelcol.sh
02:29:30 PM  1000   1826241    0.00    0.00    0.00    0.00    0.00    20  run-prometheus.
02:29:30 PM  1000   1826243    8.00    1.00    0.00    0.00    9.00    20  otelcol-contrib
02:29:30 PM  1000   1826247    0.00    0.00    0.00    0.00    0.00    18  run-tempo.sh
02:29:30 PM  1000   1826251    0.00    0.00    0.00    0.00    0.00    16  run-pyroscope.s
02:29:30 PM  1000   1826253   84.00    5.00    0.00    1.00   89.00    18  tempo
02:29:30 PM  1000   1826255    0.00    0.00    0.00    0.00    0.00    20  prometheus
02:29:30 PM  1000   1826257    1.00    0.00    0.00    0.00    1.00    16  loki
02:29:30 PM  1000   1826258    0.00    0.00    0.00    0.00    0.00    16  pyroscope

02:29:29 PM   UID       PID   cswch/s nvcswch/s  Command
02:29:30 PM  1000   1826233      0.00      0.00  run-grafana.sh
02:29:30 PM  1000   1826235      0.00      0.00  run-loki.sh
02:29:30 PM  1000   1826237      0.00      0.00  grafana
02:29:30 PM  1000   1826238      0.00      0.00  run-otelcol.sh
02:29:30 PM  1000   1826241      0.00      0.00  run-prometheus.
02:29:30 PM  1000   1826243      0.00      0.00  otelcol-contrib
02:29:30 PM  1000   1826247      0.00      0.00  run-tempo.sh
02:29:30 PM  1000   1826251      0.00      0.00  run-pyroscope.s
02:29:30 PM  1000   1826253     77.00     21.00  tempo
02:29:30 PM  1000   1826255      1.00      0.00  prometheus
02:29:30 PM  1000   1826257     32.00      0.00  loki
02:29:30 PM  1000   1826258      0.00      0.00  pyroscope

02:29:30 PM   UID       PID    %usr %system  %guest   %wait    %CPU   CPU  Command
02:29:31 PM  1000   1826233    0.00    0.00    0.00    0.00    0.00    20  run-grafana.sh
02:29:31 PM  1000   1826235    0.00    0.00    0.00    0.00    0.00    18  run-loki.sh
02:29:31 PM  1000   1826237    0.00    0.00    0.00    0.00    0.00    16  grafana
02:29:31 PM  1000   1826238    0.00    0.00    0.00    0.00    0.00    18  run-otelcol.sh
02:29:31 PM  1000   1826241    0.00    0.00    0.00    0.00    0.00    20  run-prometheus.
02:29:31 PM  1000   1826243    5.00    0.00    0.00    0.00    5.00    20  otelcol-contrib
02:29:31 PM  1000   1826247    0.00    0.00    0.00    0.00    0.00    18  run-tempo.sh
02:29:31 PM  1000   1826251    0.00    0.00    0.00    0.00    0.00    16  run-pyroscope.s
02:29:31 PM  1000   1826253   62.00    2.00    0.00    0.00   64.00    16  tempo
02:29:31 PM  1000   1826255    1.00    0.00    0.00    1.00    1.00    20  prometheus
02:29:31 PM  1000   1826257    0.00    0.00    0.00    0.00    0.00    18  loki
02:29:31 PM  1000   1826258    0.00    1.00    0.00    0.00    1.00    16  pyroscope

02:29:30 PM   UID       PID   cswch/s nvcswch/s  Command
02:29:31 PM  1000   1826233      0.00      0.00  run-grafana.sh
02:29:31 PM  1000   1826235      0.00      0.00  run-loki.sh
02:29:31 PM  1000   1826237      0.00      0.00  grafana
02:29:31 PM  1000   1826238      0.00      0.00  run-otelcol.sh
02:29:31 PM  1000   1826241      0.00      0.00  run-prometheus.
02:29:31 PM  1000   1826243      0.00      0.00  otelcol-contrib
02:29:31 PM  1000   1826247      0.00      0.00  run-tempo.sh
02:29:31 PM  1000   1826251      0.00      0.00  run-pyroscope.s
02:29:31 PM  1000   1826253     75.00     17.00  tempo
02:29:31 PM  1000   1826255      4.00     23.00  prometheus
02:29:31 PM  1000   1826257     51.00      0.00  loki
02:29:31 PM  1000   1826258      0.00      0.00  pyroscope

02:29:31 PM   UID       PID    %usr %system  %guest   %wait    %CPU   CPU  Command
02:29:32 PM  1000   1826233    0.00    0.00    0.00    0.00    0.00    20  run-grafana.sh
02:29:32 PM  1000   1826235    0.00    0.00    0.00    0.00    0.00    18  run-loki.sh
02:29:32 PM  1000   1826237    0.00    0.00    0.00    0.00    0.00    16  grafana
02:29:32 PM  1000   1826238    0.00    0.00    0.00    0.00    0.00    18  run-otelcol.sh
02:29:32 PM  1000   1826241    0.00    0.00    0.00    0.00    0.00    20  run-prometheus.
02:29:32 PM  1000   1826243    8.00    0.00    0.00    0.00    8.00    20  otelcol-contrib
02:29:32 PM  1000   1826247    0.00    0.00    0.00    0.00    0.00    18  run-tempo.sh
02:29:32 PM  1000   1826251    0.00    0.00    0.00    0.00    0.00    16  run-pyroscope.s
02:29:32 PM  1000   1826253   56.00    1.00    0.00    0.00   57.00    16  tempo
02:29:32 PM  1000   1826255    0.00    0.00    0.00    0.00    0.00    18  prometheus
02:29:32 PM  1000   1826257    0.00    1.00    0.00    0.00    1.00    20  loki
02:29:32 PM  1000   1826258    1.00    0.00    0.00    0.00    1.00    16  pyroscope

02:29:31 PM   UID       PID   cswch/s nvcswch/s  Command
02:29:32 PM  1000   1826233      0.00      0.00  run-grafana.sh
02:29:32 PM  1000   1826235      0.00      0.00  run-loki.sh
02:29:32 PM  1000   1826237      0.00      0.00  grafana
02:29:32 PM  1000   1826238      0.00      0.00  run-otelcol.sh
02:29:32 PM  1000   1826241      0.00      0.00  run-prometheus.
02:29:32 PM  1000   1826243      0.00      0.00  otelcol-contrib
02:29:32 PM  1000   1826247      0.00      0.00  run-tempo.sh
02:29:32 PM  1000   1826251      0.00      0.00  run-pyroscope.s
02:29:32 PM  1000   1826253     96.00      8.00  tempo
02:29:32 PM  1000   1826255      1.00      0.00  prometheus
02:29:32 PM  1000   1826257     36.00      0.00  loki
02:29:32 PM  1000   1826258      0.00      0.00  pyroscope

02:29:32 PM   UID       PID    %usr %system  %guest   %wait    %CPU   CPU  Command
02:29:33 PM  1000   1826233    0.00    0.00    0.00    0.00    0.00    20  run-grafana.sh
02:29:33 PM  1000   1826235    0.00    0.00    0.00    0.00    0.00    18  run-loki.sh
02:29:33 PM  1000   1826237    0.00    0.00    0.00    0.00    0.00    20  grafana
02:29:33 PM  1000   1826238    0.00    0.00    0.00    0.00    0.00    18  run-otelcol.sh
02:29:33 PM  1000   1826241    0.00    0.00    0.00    0.00    0.00    20  run-prometheus.
02:29:33 PM  1000   1826243    5.00    0.00    0.00    0.00    5.00    20  otelcol-contrib
02:29:33 PM  1000   1826247    0.00    0.00    0.00    0.00    0.00    18  run-tempo.sh
02:29:33 PM  1000   1826251    0.00    0.00    0.00    0.00    0.00    16  run-pyroscope.s
02:29:33 PM  1000   1826253   49.00    5.00    0.00    0.00   54.00    18  tempo
02:29:33 PM  1000   1826255    0.00    0.00    0.00    0.00    0.00    18  prometheus
02:29:33 PM  1000   1826257    0.00    0.00    0.00    0.00    0.00    16  loki
02:29:33 PM  1000   1826258    0.00    0.00    0.00    0.00    0.00    16  pyroscope

02:29:32 PM   UID       PID   cswch/s nvcswch/s  Command
02:29:33 PM  1000   1826233      0.00      0.00  run-grafana.sh
02:29:33 PM  1000   1826235      0.00      0.00  run-loki.sh
02:29:33 PM  1000   1826237     11.00      0.00  grafana
02:29:33 PM  1000   1826238      0.00      0.00  run-otelcol.sh
02:29:33 PM  1000   1826241      0.00      0.00  run-prometheus.
02:29:33 PM  1000   1826243      0.00      0.00  otelcol-contrib
02:29:33 PM  1000   1826247      0.00      0.00  run-tempo.sh
02:29:33 PM  1000   1826251      0.00      0.00  run-pyroscope.s
02:29:33 PM  1000   1826253    104.00     11.00  tempo
02:29:33 PM  1000   1826255      4.00      0.00  prometheus
02:29:33 PM  1000   1826257     53.00      0.00  loki
02:29:33 PM  1000   1826258      0.00      0.00  pyroscope

02:29:33 PM   UID       PID    %usr %system  %guest   %wait    %CPU   CPU  Command
02:29:34 PM  1000   1826233    0.00    0.00    0.00    0.00    0.00    20  run-grafana.sh
02:29:34 PM  1000   1826235    0.00    0.00    0.00    0.00    0.00    18  run-loki.sh
02:29:34 PM  1000   1826237    0.00    0.00    0.00    0.00    0.00    20  grafana
02:29:34 PM  1000   1826238    0.00    0.00    0.00    0.00    0.00    18  run-otelcol.sh
02:29:34 PM  1000   1826241    0.00    0.00    0.00    0.00    0.00    20  run-prometheus.
02:29:34 PM  1000   1826243    5.00    1.00    0.00    0.00    6.00    20  otelcol-contrib
02:29:34 PM  1000   1826247    0.00    0.00    0.00    0.00    0.00    18  run-tempo.sh
02:29:34 PM  1000   1826251    0.00    0.00    0.00    0.00    0.00    16  run-pyroscope.s
02:29:34 PM  1000   1826253   32.00    2.00    0.00    0.00   34.00    16  tempo
02:29:34 PM  1000   1826255    0.00    0.00    0.00    0.00    0.00    16  prometheus
02:29:34 PM  1000   1826257    1.00    0.00    0.00    0.00    1.00    18  loki
02:29:34 PM  1000   1826258    0.00    0.00    0.00    0.00    0.00    16  pyroscope

02:29:33 PM   UID       PID   cswch/s nvcswch/s  Command
02:29:34 PM  1000   1826233      0.00      0.00  run-grafana.sh
02:29:34 PM  1000   1826235      0.00      0.00  run-loki.sh
02:29:34 PM  1000   1826237     11.00      0.00  grafana
02:29:34 PM  1000   1826238      0.00      0.00  run-otelcol.sh
02:29:34 PM  1000   1826241      0.00      0.00  run-prometheus.
02:29:34 PM  1000   1826243      0.00      0.00  otelcol-contrib
02:29:34 PM  1000   1826247      0.00      0.00  run-tempo.sh
02:29:34 PM  1000   1826251      0.00      0.00  run-pyroscope.s
02:29:34 PM  1000   1826253     98.00     12.00  tempo
02:29:34 PM  1000   1826255      1.00      0.00  prometheus
02:29:34 PM  1000   1826257     38.00      0.00  loki
02:29:34 PM  1000   1826258      0.00      0.00  pyroscope

02:29:34 PM   UID       PID    %usr %system  %guest   %wait    %CPU   CPU  Command
02:29:35 PM  1000   1826233    0.00    0.00    0.00    0.00    0.00    20  run-grafana.sh
02:29:35 PM  1000   1826235    0.00    0.00    0.00    0.00    0.00    18  run-loki.sh
02:29:35 PM  1000   1826237    0.00    0.00    0.00    0.00    0.00    16  grafana
02:29:35 PM  1000   1826238    0.00    0.00    0.00    0.00    0.00    18  run-otelcol.sh
02:29:35 PM  1000   1826241    0.00    0.00    0.00    0.00    0.00    20  run-prometheus.
02:29:35 PM  1000   1826243    9.00    0.00    0.00    0.00    9.00    20  otelcol-contrib
02:29:35 PM  1000   1826247    0.00    0.00    0.00    0.00    0.00    18  run-tempo.sh
02:29:35 PM  1000   1826251    0.00    0.00    0.00    0.00    0.00    16  run-pyroscope.s
02:29:35 PM  1000   1826253   81.00    8.00    0.00    1.00   89.00    16  tempo
02:29:35 PM  1000   1826255    0.00    0.00    0.00    0.00    0.00    16  prometheus
02:29:35 PM  1000   1826257    0.00    0.00    0.00    0.00    0.00    18  loki
02:29:35 PM  1000   1826258    0.00    0.00    0.00    0.00    0.00    16  pyroscope

02:29:34 PM   UID       PID   cswch/s nvcswch/s  Command
02:29:35 PM  1000   1826233      0.00      0.00  run-grafana.sh
02:29:35 PM  1000   1826235      0.00      0.00  run-loki.sh
02:29:35 PM  1000   1826237     27.00      0.00  grafana
02:29:35 PM  1000   1826238      0.00      0.00  run-otelcol.sh
02:29:35 PM  1000   1826241      0.00      0.00  run-prometheus.
02:29:35 PM  1000   1826243      0.00      0.00  otelcol-contrib
02:29:35 PM  1000   1826247      0.00      0.00  run-tempo.sh
02:29:35 PM  1000   1826251      0.00      0.00  run-pyroscope.s
02:29:35 PM  1000   1826253     91.00     22.00  tempo
02:29:35 PM  1000   1826255      1.00      0.00  prometheus
02:29:35 PM  1000   1826257     51.00      0.00  loki
02:29:35 PM  1000   1826258      0.00      0.00  pyroscope

02:29:35 PM   UID       PID    %usr %system  %guest   %wait    %CPU   CPU  Command
02:29:36 PM  1000   1826233    0.00    0.00    0.00    0.00    0.00    20  run-grafana.sh
02:29:36 PM  1000   1826235    0.00    0.00    0.00    0.00    0.00    18  run-loki.sh
02:29:36 PM  1000   1826237    0.00    0.00    0.00    0.00    0.00    20  grafana
02:29:36 PM  1000   1826238    0.00    0.00    0.00    0.00    0.00    18  run-otelcol.sh
02:29:36 PM  1000   1826241    0.00    0.00    0.00    0.00    0.00    20  run-prometheus.
02:29:36 PM  1000   1826243    5.00    0.00    0.00    0.00    5.00    20  otelcol-contrib
02:29:36 PM  1000   1826247    0.00    0.00    0.00    0.00    0.00    18  run-tempo.sh
02:29:36 PM  1000   1826251    0.00    0.00    0.00    0.00    0.00    16  run-pyroscope.s
02:29:36 PM  1000   1826253   39.00    2.00    0.00    0.00   41.00    16  tempo
02:29:36 PM  1000   1826255    0.00    0.00    0.00    0.00    0.00    20  prometheus
02:29:36 PM  1000   1826257    0.00    0.00    0.00    1.00    0.00    18  loki
02:29:36 PM  1000   1826258    0.00    0.00    0.00    0.00    0.00    16  pyroscope

02:29:35 PM   UID       PID   cswch/s nvcswch/s  Command
02:29:36 PM  1000   1826233      0.00      0.00  run-grafana.sh
02:29:36 PM  1000   1826235      0.00      0.00  run-loki.sh
02:29:36 PM  1000   1826237     16.00      0.00  grafana
02:29:36 PM  1000   1826238      0.00      0.00  run-otelcol.sh
02:29:36 PM  1000   1826241      0.00      0.00  run-prometheus.
02:29:36 PM  1000   1826243      0.00      0.00  otelcol-contrib
02:29:36 PM  1000   1826247      0.00      0.00  run-tempo.sh
02:29:36 PM  1000   1826251      0.00      0.00  run-pyroscope.s
02:29:36 PM  1000   1826253     85.00      9.00  tempo
02:29:36 PM  1000   1826255      2.00      0.00  prometheus
02:29:36 PM  1000   1826257     38.00      0.00  loki
02:29:36 PM  1000   1826258      0.00      0.00  pyroscope

02:29:36 PM   UID       PID    %usr %system  %guest   %wait    %CPU   CPU  Command
02:29:37 PM  1000   1826233    0.00    0.00    0.00    0.00    0.00    20  run-grafana.sh
02:29:37 PM  1000   1826235    0.00    0.00    0.00    0.00    0.00    18  run-loki.sh
02:29:37 PM  1000   1826237    0.00    0.00    0.00    0.00    0.00    16  grafana
02:29:37 PM  1000   1826238    0.00    0.00    0.00    0.00    0.00    18  run-otelcol.sh
02:29:37 PM  1000   1826241    0.00    0.00    0.00    0.00    0.00    20  run-prometheus.
02:29:37 PM  1000   1826243    5.00    1.00    0.00    0.00    6.00    20  otelcol-contrib
02:29:37 PM  1000   1826247    0.00    0.00    0.00    0.00    0.00    18  run-tempo.sh
02:29:37 PM  1000   1826251    0.00    0.00    0.00    0.00    0.00    16  run-pyroscope.s
02:29:37 PM  1000   1826253   23.00    1.00    0.00    0.00   24.00    20  tempo
02:29:37 PM  1000   1826255    0.00    0.00    0.00    0.00    0.00    20  prometheus
02:29:37 PM  1000   1826257    0.00    0.00    0.00    0.00    0.00    18  loki
02:29:37 PM  1000   1826258    1.00    0.00    0.00    0.00    1.00    16  pyroscope

02:29:36 PM   UID       PID   cswch/s nvcswch/s  Command
02:29:37 PM  1000   1826233      0.00      0.00  run-grafana.sh
02:29:37 PM  1000   1826235      0.00      0.00  run-loki.sh
02:29:37 PM  1000   1826237     17.00      0.00  grafana
02:29:37 PM  1000   1826238      0.00      0.00  run-otelcol.sh
02:29:37 PM  1000   1826241      0.00      0.00  run-prometheus.
02:29:37 PM  1000   1826243      0.00      0.00  otelcol-contrib
02:29:37 PM  1000   1826247      0.00      0.00  run-tempo.sh
02:29:37 PM  1000   1826251      0.00      0.00  run-pyroscope.s
02:29:37 PM  1000   1826253    110.00      5.00  tempo
02:29:37 PM  1000   1826255      4.00      0.00  prometheus
02:29:37 PM  1000   1826257     31.00      0.00  loki
02:29:37 PM  1000   1826258      0.00      0.00  pyroscope

02:29:37 PM   UID       PID    %usr %system  %guest   %wait    %CPU   CPU  Command
02:29:38 PM  1000   1826233    0.00    0.00    0.00    0.00    0.00    20  run-grafana.sh
02:29:38 PM  1000   1826235    0.00    0.00    0.00    0.00    0.00    18  run-loki.sh
02:29:38 PM  1000   1826237    1.00    0.00    0.00    0.00    1.00    18  grafana
02:29:38 PM  1000   1826238    0.00    0.00    0.00    0.00    0.00    18  run-otelcol.sh
02:29:38 PM  1000   1826241    0.00    0.00    0.00    0.00    0.00    20  run-prometheus.
02:29:38 PM  1000   1826243    8.00    0.00    0.00    0.00    8.00    20  otelcol-contrib
02:29:38 PM  1000   1826247    0.00    0.00    0.00    0.00    0.00    18  run-tempo.sh
02:29:38 PM  1000   1826251    0.00    0.00    0.00    0.00    0.00    16  run-pyroscope.s
02:29:38 PM  1000   1826253   93.00    7.00    0.00    4.00  100.00    16  tempo
02:29:38 PM  1000   1826255    0.00    0.00    0.00    0.00    0.00    18  prometheus
02:29:38 PM  1000   1826257    1.00    0.00    0.00    0.00    1.00    18  loki
02:29:38 PM  1000   1826258    0.00    0.00    0.00    0.00    0.00    16  pyroscope

02:29:37 PM   UID       PID   cswch/s nvcswch/s  Command
02:29:38 PM  1000   1826233      0.00      0.00  run-grafana.sh
02:29:38 PM  1000   1826235      0.00      0.00  run-loki.sh
02:29:38 PM  1000   1826237     20.00      0.00  grafana
02:29:38 PM  1000   1826238      0.00      0.00  run-otelcol.sh
02:29:38 PM  1000   1826241      0.00      0.00  run-prometheus.
02:29:38 PM  1000   1826243      0.00      0.00  otelcol-contrib
02:29:38 PM  1000   1826247      0.00      0.00  run-tempo.sh
02:29:38 PM  1000   1826251      0.00      0.00  run-pyroscope.s
02:29:38 PM  1000   1826253    105.00     83.00  tempo
02:29:38 PM  1000   1826255      6.00      0.00  prometheus
02:29:38 PM  1000   1826257      4.00      0.00  loki
02:29:38 PM  1000   1826258      0.00      0.00  pyroscope

02:29:38 PM   UID       PID    %usr %system  %guest   %wait    %CPU   CPU  Command
02:29:39 PM  1000   1826233    0.00    0.00    0.00    0.00    0.00    20  run-grafana.sh
02:29:39 PM  1000   1826235    0.00    0.00    0.00    0.00    0.00    18  run-loki.sh
02:29:39 PM  1000   1826237    0.00    0.00    0.00    0.00    0.00    18  grafana
02:29:39 PM  1000   1826238    0.00    0.00    0.00    0.00    0.00    18  run-otelcol.sh
02:29:39 PM  1000   1826241    0.00    0.00    0.00    0.00    0.00    20  run-prometheus.
02:29:39 PM  1000   1826243    6.00    1.00    0.00    0.00    7.00    20  otelcol-contrib
02:29:39 PM  1000   1826247    0.00    0.00    0.00    0.00    0.00    18  run-tempo.sh
02:29:39 PM  1000   1826251    0.00    0.00    0.00    0.00    0.00    16  run-pyroscope.s
02:29:39 PM  1000   1826253   44.00    1.00    0.00    0.00   45.00    16  tempo
02:29:39 PM  1000   1826255    1.00    0.00    0.00    0.00    1.00    16  prometheus
02:29:39 PM  1000   1826257    0.00    0.00    0.00    0.00    0.00    20  loki
02:29:39 PM  1000   1826258    0.00    0.00    0.00    0.00    0.00    16  pyroscope

02:29:38 PM   UID       PID   cswch/s nvcswch/s  Command
02:29:39 PM  1000   1826233      0.00      0.00  run-grafana.sh
02:29:39 PM  1000   1826235      0.00      0.00  run-loki.sh
02:29:39 PM  1000   1826237     26.00      0.00  grafana
02:29:39 PM  1000   1826238      0.00      0.00  run-otelcol.sh
02:29:39 PM  1000   1826241      0.00      0.00  run-prometheus.
02:29:39 PM  1000   1826243      0.00      0.00  otelcol-contrib
02:29:39 PM  1000   1826247      0.00      0.00  run-tempo.sh
02:29:39 PM  1000   1826251      0.00      0.00  run-pyroscope.s
02:29:39 PM  1000   1826253     85.00     44.00  tempo
02:29:39 PM  1000   1826255      1.00      0.00  prometheus
02:29:39 PM  1000   1826257      4.00      0.00  loki
02:29:39 PM  1000   1826258      0.00      0.00  pyroscope

02:29:39 PM   UID       PID    %usr %system  %guest   %wait    %CPU   CPU  Command
02:29:40 PM  1000   1826233    0.00    0.00    0.00    0.00    0.00    20  run-grafana.sh
02:29:40 PM  1000   1826235    0.00    0.00    0.00    0.00    0.00    18  run-loki.sh
02:29:40 PM  1000   1826237    0.00    0.00    0.00    1.00    0.00    16  grafana
02:29:40 PM  1000   1826238    0.00    0.00    0.00    0.00    0.00    18  run-otelcol.sh
02:29:40 PM  1000   1826241    0.00    0.00    0.00    0.00    0.00    20  run-prometheus.
02:29:40 PM  1000   1826243    8.00    0.00    0.00    0.00    8.00    20  otelcol-contrib
02:29:40 PM  1000   1826247    0.00    0.00    0.00    0.00    0.00    18  run-tempo.sh
02:29:40 PM  1000   1826251    0.00    0.00    0.00    0.00    0.00    16  run-pyroscope.s
02:29:40 PM  1000   1826253   66.00    3.00    0.00    1.00   69.00    18  tempo
02:29:40 PM  1000   1826255    0.00    0.00    0.00    0.00    0.00    16  prometheus
02:29:40 PM  1000   1826257    0.00    0.00    0.00    0.00    0.00    20  loki
02:29:40 PM  1000   1826258    0.00    0.00    0.00    0.00    0.00    16  pyroscope

02:29:39 PM   UID       PID   cswch/s nvcswch/s  Command
02:29:40 PM  1000   1826233      0.00      0.00  run-grafana.sh
02:29:40 PM  1000   1826235      0.00      0.00  run-loki.sh
02:29:40 PM  1000   1826237     17.00      0.00  grafana
02:29:40 PM  1000   1826238      0.00      0.00  run-otelcol.sh
02:29:40 PM  1000   1826241      0.00      0.00  run-prometheus.
02:29:40 PM  1000   1826243      0.00      0.00  otelcol-contrib
02:29:40 PM  1000   1826247      0.00      0.00  run-tempo.sh
02:29:40 PM  1000   1826251      0.00      0.00  run-pyroscope.s
02:29:40 PM  1000   1826253     98.00     27.00  tempo
02:29:40 PM  1000   1826255      3.00      0.00  prometheus
02:29:40 PM  1000   1826257      0.00      0.00  loki
02:29:40 PM  1000   1826258      0.00      0.00  pyroscope

02:29:40 PM   UID       PID    %usr %system  %guest   %wait    %CPU   CPU  Command
02:29:41 PM  1000   1826233    0.00    0.00    0.00    0.00    0.00    20  run-grafana.sh
02:29:41 PM  1000   1826235    0.00    0.00    0.00    0.00    0.00    18  run-loki.sh
02:29:41 PM  1000   1826237    0.00    0.00    0.00    1.00    0.00    20  grafana
02:29:41 PM  1000   1826238    0.00    0.00    0.00    0.00    0.00    18  run-otelcol.sh
02:29:41 PM  1000   1826241    0.00    0.00    0.00    0.00    0.00    20  run-prometheus.
02:29:41 PM  1000   1826243    5.00    1.00    0.00    0.00    6.00    20  otelcol-contrib
02:29:41 PM  1000   1826247    0.00    0.00    0.00    0.00    0.00    18  run-tempo.sh
02:29:41 PM  1000   1826251    0.00    0.00    0.00    0.00    0.00    16  run-pyroscope.s
02:29:41 PM  1000   1826253  138.00   10.00    0.00    1.00  148.00    18  tempo
02:29:41 PM  1000   1826255    0.00    0.00    0.00    0.00    0.00    16  prometheus
02:29:41 PM  1000   1826257    0.00    0.00    0.00    0.00    0.00    16  loki
02:29:41 PM  1000   1826258    0.00    0.00    0.00    0.00    0.00    16  pyroscope

02:29:40 PM   UID       PID   cswch/s nvcswch/s  Command
02:29:41 PM  1000   1826233      0.00      0.00  run-grafana.sh
02:29:41 PM  1000   1826235      0.00      0.00  run-loki.sh
02:29:41 PM  1000   1826237     12.00      0.00  grafana
02:29:41 PM  1000   1826238      0.00      0.00  run-otelcol.sh
02:29:41 PM  1000   1826241      0.00      0.00  run-prometheus.
02:29:41 PM  1000   1826243      0.00      0.00  otelcol-contrib
02:29:41 PM  1000   1826247      0.00      0.00  run-tempo.sh
02:29:41 PM  1000   1826251      0.00      0.00  run-pyroscope.s
02:29:41 PM  1000   1826253     79.00    243.00  tempo
02:29:41 PM  1000   1826255      1.00      0.00  prometheus
02:29:41 PM  1000   1826257     18.00      0.00  loki
02:29:41 PM  1000   1826258      0.00      0.00  pyroscope

02:29:41 PM   UID       PID    %usr %system  %guest   %wait    %CPU   CPU  Command
02:29:42 PM  1000   1826233    0.00    0.00    0.00    0.00    0.00    20  run-grafana.sh
02:29:42 PM  1000   1826235    0.00    0.00    0.00    0.00    0.00    18  run-loki.sh
02:29:42 PM  1000   1826237    0.00    0.00    0.00    0.00    0.00    16  grafana
02:29:42 PM  1000   1826238    0.00    0.00    0.00    0.00    0.00    18  run-otelcol.sh
02:29:42 PM  1000   1826241    0.00    0.00    0.00    0.00    0.00    20  run-prometheus.
02:29:42 PM  1000   1826243    6.00    0.00    0.00    0.00    6.00    20  otelcol-contrib
02:29:42 PM  1000   1826247    0.00    0.00    0.00    0.00    0.00    18  run-tempo.sh
02:29:42 PM  1000   1826251    0.00    0.00    0.00    0.00    0.00    16  run-pyroscope.s
02:29:42 PM  1000   1826253   55.00    0.00    0.00    0.00   55.00    16  tempo
02:29:42 PM  1000   1826255    0.00    0.00    0.00    0.00    0.00    18  prometheus
02:29:42 PM  1000   1826257    1.00    0.00    0.00    0.00    1.00    18  loki
02:29:42 PM  1000   1826258    0.00    0.00    0.00    0.00    0.00    16  pyroscope

02:29:41 PM   UID       PID   cswch/s nvcswch/s  Command
02:29:42 PM  1000   1826233      0.00      0.00  run-grafana.sh
02:29:42 PM  1000   1826235      0.00      0.00  run-loki.sh
02:29:42 PM  1000   1826237     13.00      0.00  grafana
02:29:42 PM  1000   1826238      0.00      0.00  run-otelcol.sh
02:29:42 PM  1000   1826241      0.00      0.00  run-prometheus.
02:29:42 PM  1000   1826243      0.00      0.00  otelcol-contrib
02:29:42 PM  1000   1826247      0.00      0.00  run-tempo.sh
02:29:42 PM  1000   1826251      0.00      0.00  run-pyroscope.s
02:29:42 PM  1000   1826253     84.00      9.00  tempo
02:29:42 PM  1000   1826255      1.00      0.00  prometheus
02:29:42 PM  1000   1826257     35.00      0.00  loki
02:29:42 PM  1000   1826258      0.00      0.00  pyroscope

02:29:42 PM   UID       PID    %usr %system  %guest   %wait    %CPU   CPU  Command
02:29:43 PM  1000   1826233    0.00    0.00    0.00    0.00    0.00    20  run-grafana.sh
02:29:43 PM  1000   1826235    0.00    0.00    0.00    0.00    0.00    18  run-loki.sh
02:29:43 PM  1000   1826237    0.00    0.00    0.00    0.00    0.00    16  grafana
02:29:43 PM  1000   1826238    0.00    0.00    0.00    0.00    0.00    18  run-otelcol.sh
02:29:43 PM  1000   1826241    0.00    0.00    0.00    0.00    0.00    20  run-prometheus.
02:29:43 PM  1000   1826243    7.00    0.00    0.00    0.00    7.00    20  otelcol-contrib
02:29:43 PM  1000   1826247    0.00    0.00    0.00    0.00    0.00    18  run-tempo.sh
02:29:43 PM  1000   1826251    0.00    0.00    0.00    0.00    0.00    16  run-pyroscope.s
02:29:43 PM  1000   1826253   55.00    2.00    0.00    1.00   57.00    18  tempo
02:29:43 PM  1000   1826255    0.00    0.00    0.00    0.00    0.00    16  prometheus
02:29:43 PM  1000   1826257    0.00    0.00    0.00    0.00    0.00    16  loki
02:29:43 PM  1000   1826258    4.00    1.00    0.00    0.00    5.00    16  pyroscope

02:29:42 PM   UID       PID   cswch/s nvcswch/s  Command
02:29:43 PM  1000   1826233      0.00      0.00  run-grafana.sh
02:29:43 PM  1000   1826235      0.00      0.00  run-loki.sh
02:29:43 PM  1000   1826237     17.00      0.00  grafana
02:29:43 PM  1000   1826238      0.00      0.00  run-otelcol.sh
02:29:43 PM  1000   1826241      0.00      0.00  run-prometheus.
02:29:43 PM  1000   1826243      0.00      0.00  otelcol-contrib
02:29:43 PM  1000   1826247      0.00      0.00  run-tempo.sh
02:29:43 PM  1000   1826251      0.00      0.00  run-pyroscope.s
02:29:43 PM  1000   1826253     98.00     27.00  tempo
02:29:43 PM  1000   1826255      8.00      0.00  prometheus
02:29:43 PM  1000   1826257     52.00      0.00  loki
02:29:43 PM  1000   1826258      0.00      0.00  pyroscope

02:29:43 PM   UID       PID    %usr %system  %guest   %wait    %CPU   CPU  Command
02:29:44 PM  1000   1826233    0.00    0.00    0.00    0.00    0.00    20  run-grafana.sh
02:29:44 PM  1000   1826235    0.00    0.00    0.00    0.00    0.00    18  run-loki.sh
02:29:44 PM  1000   1826237    0.00    0.00    0.00    0.00    0.00    20  grafana
02:29:44 PM  1000   1826238    0.00    0.00    0.00    0.00    0.00    18  run-otelcol.sh
02:29:44 PM  1000   1826241    0.00    0.00    0.00    0.00    0.00    20  run-prometheus.
02:29:44 PM  1000   1826243    6.00    1.00    0.00    0.00    7.00    20  otelcol-contrib
02:29:44 PM  1000   1826247    0.00    0.00    0.00    0.00    0.00    18  run-tempo.sh
02:29:44 PM  1000   1826251    0.00    0.00    0.00    0.00    0.00    16  run-pyroscope.s
02:29:44 PM  1000   1826253   40.00    1.00    0.00    0.00   41.00    18  tempo
02:29:44 PM  1000   1826255    0.00    0.00    0.00    0.00    0.00    20  prometheus
02:29:44 PM  1000   1826257    0.00    0.00    0.00    0.00    0.00    18  loki
02:29:44 PM  1000   1826258    0.00    0.00    0.00    0.00    0.00    16  pyroscope

02:29:43 PM   UID       PID   cswch/s nvcswch/s  Command
02:29:44 PM  1000   1826233      0.00      0.00  run-grafana.sh
02:29:44 PM  1000   1826235      0.00      0.00  run-loki.sh
02:29:44 PM  1000   1826237     17.00      0.00  grafana
02:29:44 PM  1000   1826238      0.00      0.00  run-otelcol.sh
02:29:44 PM  1000   1826241      0.00      0.00  run-prometheus.
02:29:44 PM  1000   1826243      0.00      0.00  otelcol-contrib
02:29:44 PM  1000   1826247      0.00      0.00  run-tempo.sh
02:29:44 PM  1000   1826251      0.00      0.00  run-pyroscope.s
02:29:44 PM  1000   1826253     31.00      0.00  tempo
02:29:44 PM  1000   1826255      3.00      0.00  prometheus
02:29:44 PM  1000   1826257     40.00      0.00  loki
02:29:44 PM  1000   1826258      0.00      0.00  pyroscope

02:29:44 PM   UID       PID    %usr %system  %guest   %wait    %CPU   CPU  Command
02:29:45 PM  1000   1826233    0.00    0.00    0.00    0.00    0.00    20  run-grafana.sh
02:29:45 PM  1000   1826235    0.00    0.00    0.00    0.00    0.00    18  run-loki.sh
02:29:45 PM  1000   1826237    0.00    0.00    0.00    0.00    0.00    16  grafana
02:29:45 PM  1000   1826238    0.00    0.00    0.00    0.00    0.00    18  run-otelcol.sh
02:29:45 PM  1000   1826241    0.00    0.00    0.00    0.00    0.00    20  run-prometheus.
02:29:45 PM  1000   1826243    7.00    0.00    0.00    0.00    7.00    20  otelcol-contrib
02:29:45 PM  1000   1826247    0.00    0.00    0.00    0.00    0.00    18  run-tempo.sh
02:29:45 PM  1000   1826251    0.00    0.00    0.00    0.00    0.00    16  run-pyroscope.s
02:29:45 PM  1000   1826253   61.00    3.00    0.00    0.00   64.00    18  tempo
02:29:45 PM  1000   1826255    0.00    0.00    0.00    0.00    0.00    16  prometheus
02:29:45 PM  1000   1826257    0.00    0.00    0.00    0.00    0.00    18  loki
02:29:45 PM  1000   1826258    0.00    0.00    0.00    0.00    0.00    16  pyroscope

02:29:44 PM   UID       PID   cswch/s nvcswch/s  Command
02:29:45 PM  1000   1826233      0.00      0.00  run-grafana.sh
02:29:45 PM  1000   1826235      0.00      0.00  run-loki.sh
02:29:45 PM  1000   1826237     24.00      0.00  grafana
02:29:45 PM  1000   1826238      0.00      0.00  run-otelcol.sh
02:29:45 PM  1000   1826241      0.00      0.00  run-prometheus.
02:29:45 PM  1000   1826243      0.00      0.00  otelcol-contrib
02:29:45 PM  1000   1826247      0.00      0.00  run-tempo.sh
02:29:45 PM  1000   1826251      0.00      0.00  run-pyroscope.s
02:29:45 PM  1000   1826253      0.00      0.00  tempo
02:29:45 PM  1000   1826255      4.00      0.00  prometheus
02:29:45 PM  1000   1826257     45.00      0.00  loki
02:29:45 PM  1000   1826258      0.00      0.00  pyroscope

02:29:45 PM   UID       PID    %usr %system  %guest   %wait    %CPU   CPU  Command
02:29:46 PM  1000   1826233    0.00    0.00    0.00    0.00    0.00    20  run-grafana.sh
02:29:46 PM  1000   1826235    0.00    0.00    0.00    0.00    0.00    18  run-loki.sh
02:29:46 PM  1000   1826237    3.00    0.00    0.00    0.00    3.00    16  grafana
02:29:46 PM  1000   1826238    0.00    0.00    0.00    0.00    0.00    18  run-otelcol.sh
02:29:46 PM  1000   1826241    0.00    0.00    0.00    0.00    0.00    20  run-prometheus.
02:29:46 PM  1000   1826243    5.00    1.00    0.00    0.00    6.00    20  otelcol-contrib
02:29:46 PM  1000   1826247    0.00    0.00    0.00    0.00    0.00    18  run-tempo.sh
02:29:46 PM  1000   1826251    0.00    0.00    0.00    0.00    0.00    16  run-pyroscope.s
02:29:46 PM  1000   1826253   42.00    5.00    0.00    0.00   47.00    18  tempo
02:29:46 PM  1000   1826255    0.00    0.00    0.00    0.00    0.00    16  prometheus
02:29:46 PM  1000   1826257    1.00    1.00    0.00    0.00    2.00    16  loki
02:29:46 PM  1000   1826258    1.00    0.00    0.00    0.00    1.00    16  pyroscope

02:29:45 PM   UID       PID   cswch/s nvcswch/s  Command
02:29:46 PM  1000   1826233      0.00      0.00  run-grafana.sh
02:29:46 PM  1000   1826235      0.00      0.00  run-loki.sh
02:29:46 PM  1000   1826237     23.00      0.00  grafana
02:29:46 PM  1000   1826238      0.00      0.00  run-otelcol.sh
02:29:46 PM  1000   1826241      0.00      0.00  run-prometheus.
02:29:46 PM  1000   1826243      0.00      0.00  otelcol-contrib
02:29:46 PM  1000   1826247      0.00      0.00  run-tempo.sh
02:29:46 PM  1000   1826251      0.00      0.00  run-pyroscope.s
02:29:46 PM  1000   1826253      0.00      0.00  tempo
02:29:46 PM  1000   1826255      5.00      0.00  prometheus
02:29:46 PM  1000   1826257     39.00      0.00  loki
02:29:46 PM  1000   1826258      0.00      0.00  pyroscope

02:29:46 PM   UID       PID    %usr %system  %guest   %wait    %CPU   CPU  Command
02:29:47 PM  1000   1826233    0.00    0.00    0.00    0.00    0.00    20  run-grafana.sh
02:29:47 PM  1000   1826235    0.00    0.00    0.00    0.00    0.00    18  run-loki.sh
02:29:47 PM  1000   1826237    0.00    0.00    0.00    0.00    0.00    16  grafana
02:29:47 PM  1000   1826238    0.00    0.00    0.00    0.00    0.00    18  run-otelcol.sh
02:29:47 PM  1000   1826241    0.00    0.00    0.00    0.00    0.00    20  run-prometheus.
02:29:47 PM  1000   1826243    6.00    0.00    0.00    0.00    6.00    20  otelcol-contrib
02:29:47 PM  1000   1826247    0.00    0.00    0.00    0.00    0.00    18  run-tempo.sh
02:29:47 PM  1000   1826251    0.00    0.00    0.00    0.00    0.00    16  run-pyroscope.s
02:29:47 PM  1000   1826253   44.00    1.00    0.00    0.00   45.00    18  tempo
02:29:47 PM  1000   1826255    0.00    0.00    0.00    0.00    0.00    16  prometheus
02:29:47 PM  1000   1826257    0.00    0.00    0.00    0.00    0.00    20  loki
02:29:47 PM  1000   1826258    0.00    0.00    0.00    0.00    0.00    16  pyroscope

02:29:46 PM   UID       PID   cswch/s nvcswch/s  Command
02:29:47 PM  1000   1826233      0.00      0.00  run-grafana.sh
02:29:47 PM  1000   1826235      0.00      0.00  run-loki.sh
02:29:47 PM  1000   1826237      8.00      0.00  grafana
02:29:47 PM  1000   1826238      0.00      0.00  run-otelcol.sh
02:29:47 PM  1000   1826241      0.00      0.00  run-prometheus.
02:29:47 PM  1000   1826243      0.00      0.00  otelcol-contrib
02:29:47 PM  1000   1826247      0.00      0.00  run-tempo.sh
02:29:47 PM  1000   1826251      0.00      0.00  run-pyroscope.s
02:29:47 PM  1000   1826253      0.00      0.00  tempo
02:29:47 PM  1000   1826255      0.00      0.00  prometheus
02:29:47 PM  1000   1826257     36.00      0.00  loki
02:29:47 PM  1000   1826258      0.00      0.00  pyroscope

02:29:47 PM   UID       PID    %usr %system  %guest   %wait    %CPU   CPU  Command
02:29:48 PM  1000   1826233    0.00    0.00    0.00    0.00    0.00    20  run-grafana.sh
02:29:48 PM  1000   1826235    0.00    0.00    0.00    0.00    0.00    18  run-loki.sh
02:29:48 PM  1000   1826237    0.00    0.00    0.00    0.00    0.00    16  grafana
02:29:48 PM  1000   1826238    0.00    0.00    0.00    0.00    0.00    18  run-otelcol.sh
02:29:48 PM  1000   1826241    0.00    0.00    0.00    0.00    0.00    20  run-prometheus.
02:29:48 PM  1000   1826243    8.00    0.00    0.00    0.00    8.00    20  otelcol-contrib
02:29:48 PM  1000   1826247    0.00    0.00    0.00    0.00    0.00    18  run-tempo.sh
02:29:48 PM  1000   1826251    0.00    0.00    0.00    0.00    0.00    16  run-pyroscope.s
02:29:48 PM  1000   1826253   42.00    2.00    0.00    0.00   44.00    18  tempo
02:29:48 PM  1000   1826255    1.00    0.00    0.00    0.00    1.00    16  prometheus
02:29:48 PM  1000   1826257    0.00    0.00    0.00    0.00    0.00    20  loki
02:29:48 PM  1000   1826258    0.00    0.00    0.00    0.00    0.00    16  pyroscope

02:29:47 PM   UID       PID   cswch/s nvcswch/s  Command
02:29:48 PM  1000   1826233      0.00      0.00  run-grafana.sh
02:29:48 PM  1000   1826235      0.00      0.00  run-loki.sh
02:29:48 PM  1000   1826237     29.00      0.00  grafana
02:29:48 PM  1000   1826238      0.00      0.00  run-otelcol.sh
02:29:48 PM  1000   1826241      0.00      0.00  run-prometheus.
02:29:48 PM  1000   1826243      0.00      0.00  otelcol-contrib
02:29:48 PM  1000   1826247      0.00      0.00  run-tempo.sh
02:29:48 PM  1000   1826251      0.00      0.00  run-pyroscope.s
02:29:48 PM  1000   1826253      0.00      0.00  tempo
02:29:48 PM  1000   1826255      0.00      0.00  prometheus
02:29:48 PM  1000   1826257     42.00      0.00  loki
02:29:48 PM  1000   1826258      0.00      0.00  pyroscope

02:29:48 PM   UID       PID    %usr %system  %guest   %wait    %CPU   CPU  Command
02:29:49 PM  1000   1826233    0.00    0.00    0.00    0.00    0.00    20  run-grafana.sh
02:29:49 PM  1000   1826235    0.00    0.00    0.00    0.00    0.00    18  run-loki.sh
02:29:49 PM  1000   1826237    0.00    0.00    0.00    0.00    0.00    20  grafana
02:29:49 PM  1000   1826238    0.00    0.00    0.00    0.00    0.00    18  run-otelcol.sh
02:29:49 PM  1000   1826241    0.00    0.00    0.00    0.00    0.00    20  run-prometheus.
02:29:49 PM  1000   1826243    5.00    0.00    0.00    0.00    5.00    20  otelcol-contrib
02:29:49 PM  1000   1826247    0.00    0.00    0.00    0.00    0.00    18  run-tempo.sh
02:29:49 PM  1000   1826251    0.00    0.00    0.00    0.00    0.00    16  run-pyroscope.s
02:29:49 PM  1000   1826253   52.00    5.00    0.00    0.00   57.00    18  tempo
02:29:49 PM  1000   1826255    0.00    0.00    0.00    0.00    0.00    16  prometheus
02:29:49 PM  1000   1826257    0.00    0.00    0.00    0.00    0.00    20  loki
02:29:49 PM  1000   1826258    0.00    0.00    0.00    0.00    0.00    16  pyroscope

02:29:48 PM   UID       PID   cswch/s nvcswch/s  Command
02:29:49 PM  1000   1826233      0.00      0.00  run-grafana.sh
02:29:49 PM  1000   1826235      0.00      0.00  run-loki.sh
02:29:49 PM  1000   1826237     19.00      0.00  grafana
02:29:49 PM  1000   1826238      0.00      0.00  run-otelcol.sh
02:29:49 PM  1000   1826241      0.00      0.00  run-prometheus.
02:29:49 PM  1000   1826243      0.00      0.00  otelcol-contrib
02:29:49 PM  1000   1826247      0.00      0.00  run-tempo.sh
02:29:49 PM  1000   1826251      0.00      0.00  run-pyroscope.s
02:29:49 PM  1000   1826253     40.00      0.00  tempo
02:29:49 PM  1000   1826255      0.00      0.00  prometheus
02:29:49 PM  1000   1826257     56.00      0.00  loki
02:29:49 PM  1000   1826258      0.00      0.00  pyroscope

02:29:49 PM   UID       PID    %usr %system  %guest   %wait    %CPU   CPU  Command
02:29:50 PM  1000   1826233    0.00    0.00    0.00    0.00    0.00    20  run-grafana.sh
02:29:50 PM  1000   1826235    0.00    0.00    0.00    0.00    0.00    18  run-loki.sh
02:29:50 PM  1000   1826237    0.00    0.00    0.00    0.00    0.00    20  grafana
02:29:50 PM  1000   1826238    0.00    0.00    0.00    0.00    0.00    18  run-otelcol.sh
02:29:50 PM  1000   1826241    0.00    0.00    0.00    0.00    0.00    20  run-prometheus.
02:29:50 PM  1000   1826243    6.00    0.00    0.00    0.00    6.00    20  otelcol-contrib
02:29:50 PM  1000   1826247    0.00    0.00    0.00    0.00    0.00    18  run-tempo.sh
02:29:50 PM  1000   1826251    0.00    0.00    0.00    0.00    0.00    16  run-pyroscope.s
02:29:50 PM  1000   1826253  117.00   11.00    0.00    2.00  128.00    20  tempo
02:29:50 PM  1000   1826255    0.00    0.00    0.00    0.00    0.00    16  prometheus
02:29:50 PM  1000   1826257    0.00    0.00    0.00    0.00    0.00    20  loki
02:29:50 PM  1000   1826258    0.00    0.00    0.00    0.00    0.00    16  pyroscope

02:29:49 PM   UID       PID   cswch/s nvcswch/s  Command
02:29:50 PM  1000   1826233      0.00      0.00  run-grafana.sh
02:29:50 PM  1000   1826235      0.00      0.00  run-loki.sh
02:29:50 PM  1000   1826237      8.00      0.00  grafana
02:29:50 PM  1000   1826238      0.00      0.00  run-otelcol.sh
02:29:50 PM  1000   1826241      0.00      0.00  run-prometheus.
02:29:50 PM  1000   1826243      0.00      0.00  otelcol-contrib
02:29:50 PM  1000   1826247      0.00      0.00  run-tempo.sh
02:29:50 PM  1000   1826251      0.00      0.00  run-pyroscope.s
02:29:50 PM  1000   1826253     71.00     92.00  tempo
02:29:50 PM  1000   1826255      0.00      0.00  prometheus
02:29:50 PM  1000   1826257     35.00      0.00  loki
02:29:50 PM  1000   1826258      0.00      0.00  pyroscope

02:29:50 PM   UID       PID    %usr %system  %guest   %wait    %CPU   CPU  Command
02:29:51 PM  1000   1826233    0.00    0.00    0.00    0.00    0.00    20  run-grafana.sh
02:29:51 PM  1000   1826235    0.00    0.00    0.00    0.00    0.00    18  run-loki.sh
02:29:51 PM  1000   1826237    0.00    0.00    0.00    0.00    0.00    16  grafana
02:29:51 PM  1000   1826238    0.00    0.00    0.00    0.00    0.00    18  run-otelcol.sh
02:29:51 PM  1000   1826241    0.00    0.00    0.00    0.00    0.00    20  run-prometheus.
02:29:51 PM  1000   1826243    7.00    1.00    0.00    0.00    8.00    20  otelcol-contrib
02:29:51 PM  1000   1826247    0.00    0.00    0.00    0.00    0.00    18  run-tempo.sh
02:29:51 PM  1000   1826251    0.00    0.00    0.00    0.00    0.00    16  run-pyroscope.s
02:29:51 PM  1000   1826253   63.00    7.00    0.00    1.00   70.00    20  tempo
02:29:51 PM  1000   1826255    0.00    0.00    0.00    0.00    0.00    16  prometheus
02:29:51 PM  1000   1826257    1.00    0.00    0.00    0.00    1.00    18  loki
02:29:51 PM  1000   1826258    1.00    0.00    0.00    0.00    1.00    16  pyroscope

02:29:50 PM   UID       PID   cswch/s nvcswch/s  Command
02:29:51 PM  1000   1826233      0.00      0.00  run-grafana.sh
02:29:51 PM  1000   1826235      0.00      0.00  run-loki.sh
02:29:51 PM  1000   1826237     15.00      0.00  grafana
02:29:51 PM  1000   1826238      0.00      0.00  run-otelcol.sh
02:29:51 PM  1000   1826241      0.00      0.00  run-prometheus.
02:29:51 PM  1000   1826243      0.00      0.00  otelcol-contrib
02:29:51 PM  1000   1826247      0.00      0.00  run-tempo.sh
02:29:51 PM  1000   1826251      0.00      0.00  run-pyroscope.s
02:29:51 PM  1000   1826253    115.00     17.00  tempo
02:29:51 PM  1000   1826255      0.00      0.00  prometheus
02:29:51 PM  1000   1826257     38.00      0.00  loki
02:29:51 PM  1000   1826258      0.00      0.00  pyroscope

02:29:51 PM   UID       PID    %usr %system  %guest   %wait    %CPU   CPU  Command
02:29:52 PM  1000   1826233    0.00    0.00    0.00    0.00    0.00    20  run-grafana.sh
02:29:52 PM  1000   1826235    0.00    0.00    0.00    0.00    0.00    18  run-loki.sh
02:29:52 PM  1000   1826237    0.00    1.00    0.00    0.00    1.00    16  grafana
02:29:52 PM  1000   1826238    0.00    0.00    0.00    0.00    0.00    18  run-otelcol.sh
02:29:52 PM  1000   1826241    0.00    0.00    0.00    0.00    0.00    20  run-prometheus.
02:29:52 PM  1000   1826243    6.00    0.00    0.00    0.00    6.00    20  otelcol-contrib
02:29:52 PM  1000   1826247    0.00    0.00    0.00    0.00    0.00    18  run-tempo.sh
02:29:52 PM  1000   1826251    0.00    0.00    0.00    0.00    0.00    16  run-pyroscope.s
02:29:52 PM  1000   1826253   84.00    6.00    0.00    0.00   90.00    20  tempo
02:29:52 PM  1000   1826255    0.00    0.00    0.00    0.00    0.00    16  prometheus
02:29:52 PM  1000   1826257    0.00    0.00    0.00    0.00    0.00    16  loki
02:29:52 PM  1000   1826258    0.00    0.00    0.00    0.00    0.00    16  pyroscope

02:29:51 PM   UID       PID   cswch/s nvcswch/s  Command
02:29:52 PM  1000   1826233      0.00      0.00  run-grafana.sh
02:29:52 PM  1000   1826235      0.00      0.00  run-loki.sh
02:29:52 PM  1000   1826237     15.00      0.00  grafana
02:29:52 PM  1000   1826238      0.00      0.00  run-otelcol.sh
02:29:52 PM  1000   1826241      0.00      0.00  run-prometheus.
02:29:52 PM  1000   1826243      0.00      0.00  otelcol-contrib
02:29:52 PM  1000   1826247      0.00      0.00  run-tempo.sh
02:29:52 PM  1000   1826251      0.00      0.00  run-pyroscope.s
02:29:52 PM  1000   1826253     80.00     18.00  tempo
02:29:52 PM  1000   1826255      0.00      0.00  prometheus
02:29:52 PM  1000   1826257     41.00      1.00  loki
02:29:52 PM  1000   1826258      0.00      0.00  pyroscope

02:29:52 PM   UID       PID    %usr %system  %guest   %wait    %CPU   CPU  Command
02:29:53 PM  1000   1826233    0.00    0.00    0.00    0.00    0.00    20  run-grafana.sh
02:29:53 PM  1000   1826235    0.00    0.00    0.00    0.00    0.00    18  run-loki.sh
02:29:53 PM  1000   1826237    0.00    0.00    0.00    0.00    0.00    18  grafana
02:29:53 PM  1000   1826238    0.00    0.00    0.00    0.00    0.00    18  run-otelcol.sh
02:29:53 PM  1000   1826241    0.00    0.00    0.00    0.00    0.00    20  run-prometheus.
02:29:53 PM  1000   1826243    8.00    0.00    0.00    0.00    8.00    20  otelcol-contrib
02:29:53 PM  1000   1826247    0.00    0.00    0.00    0.00    0.00    18  run-tempo.sh
02:29:53 PM  1000   1826251    0.00    0.00    0.00    0.00    0.00    16  run-pyroscope.s
02:29:53 PM  1000   1826253   47.00    4.00    0.00    0.00   51.00    16  tempo
02:29:53 PM  1000   1826255    0.00    0.00    0.00    0.00    0.00    16  prometheus
02:29:53 PM  1000   1826257    0.00    0.00    0.00    0.00    0.00    18  loki
02:29:53 PM  1000   1826258    0.00    0.00    0.00    0.00    0.00    16  pyroscope

02:29:52 PM   UID       PID   cswch/s nvcswch/s  Command
02:29:53 PM  1000   1826233      0.00      0.00  run-grafana.sh
02:29:53 PM  1000   1826235      0.00      0.00  run-loki.sh
02:29:53 PM  1000   1826237     14.00      0.00  grafana
02:29:53 PM  1000   1826238      0.00      0.00  run-otelcol.sh
02:29:53 PM  1000   1826241      0.00      0.00  run-prometheus.
02:29:53 PM  1000   1826243      0.00      0.00  otelcol-contrib
02:29:53 PM  1000   1826247      0.00      0.00  run-tempo.sh
02:29:53 PM  1000   1826251      0.00      0.00  run-pyroscope.s
02:29:53 PM  1000   1826253    139.00     33.00  tempo
02:29:53 PM  1000   1826255      0.00      0.00  prometheus
02:29:53 PM  1000   1826257      2.00      0.00  loki
02:29:53 PM  1000   1826258      1.00      0.00  pyroscope

02:29:53 PM   UID       PID    %usr %system  %guest   %wait    %CPU   CPU  Command
02:29:54 PM  1000   1826233    0.00    0.00    0.00    0.00    0.00    20  run-grafana.sh
02:29:54 PM  1000   1826235    0.00    0.00    0.00    0.00    0.00    18  run-loki.sh
02:29:54 PM  1000   1826237    0.00    0.00    0.00    0.00    0.00    20  grafana
02:29:54 PM  1000   1826238    0.00    0.00    0.00    0.00    0.00    18  run-otelcol.sh
02:29:54 PM  1000   1826241    0.00    0.00    0.00    0.00    0.00    20  run-prometheus.
02:29:54 PM  1000   1826243    5.00    0.00    0.00    0.00    5.00    20  otelcol-contrib
02:29:54 PM  1000   1826247    0.00    0.00    0.00    0.00    0.00    18  run-tempo.sh
02:29:54 PM  1000   1826251    0.00    0.00    0.00    0.00    0.00    16  run-pyroscope.s
02:29:54 PM  1000   1826253   71.00    6.00    0.00    1.00   77.00    18  tempo
02:29:54 PM  1000   1826255    0.00    0.00    0.00    0.00    0.00    16  prometheus
02:29:54 PM  1000   1826257    0.00    0.00    0.00    0.00    0.00    20  loki
02:29:54 PM  1000   1826258    0.00    0.00    0.00    0.00    0.00    16  pyroscope

02:29:53 PM   UID       PID   cswch/s nvcswch/s  Command
02:29:54 PM  1000   1826233      0.00      0.00  run-grafana.sh
02:29:54 PM  1000   1826235      0.00      0.00  run-loki.sh
02:29:54 PM  1000   1826237     19.00      0.00  grafana
02:29:54 PM  1000   1826238      0.00      0.00  run-otelcol.sh
02:29:54 PM  1000   1826241      0.00      0.00  run-prometheus.
02:29:54 PM  1000   1826243      0.00      0.00  otelcol-contrib
02:29:54 PM  1000   1826247      0.00      0.00  run-tempo.sh
02:29:54 PM  1000   1826251      0.00      0.00  run-pyroscope.s
02:29:54 PM  1000   1826253    117.00     23.00  tempo
02:29:54 PM  1000   1826255      0.00      0.00  prometheus
02:29:54 PM  1000   1826257     34.00      0.00  loki
02:29:54 PM  1000   1826258      0.00      0.00  pyroscope

02:29:54 PM   UID       PID    %usr %system  %guest   %wait    %CPU   CPU  Command
02:29:55 PM  1000   1826233    0.00    0.00    0.00    0.00    0.00    20  run-grafana.sh
02:29:55 PM  1000   1826235    0.00    0.00    0.00    0.00    0.00    18  run-loki.sh
02:29:55 PM  1000   1826237    0.00    0.00    0.00    0.00    0.00    16  grafana
02:29:55 PM  1000   1826238    0.00    0.00    0.00    0.00    0.00    18  run-otelcol.sh
02:29:55 PM  1000   1826241    0.00    0.00    0.00    0.00    0.00    20  run-prometheus.
02:29:55 PM  1000   1826243    6.00    1.00    0.00    0.00    7.00    20  otelcol-contrib
02:29:55 PM  1000   1826247    0.00    0.00    0.00    0.00    0.00    18  run-tempo.sh
02:29:55 PM  1000   1826251    0.00    0.00    0.00    0.00    0.00    16  run-pyroscope.s
02:29:55 PM  1000   1826253   36.00    3.00    0.00    0.00   39.00    16  tempo
02:29:55 PM  1000   1826255    0.00    0.00    0.00    0.00    0.00    16  prometheus
02:29:55 PM  1000   1826257    1.00    0.00    0.00    0.00    1.00    16  loki
02:29:55 PM  1000   1826258    0.00    0.00    0.00    0.00    0.00    16  pyroscope

02:29:54 PM   UID       PID   cswch/s nvcswch/s  Command
02:29:55 PM  1000   1826233      0.00      0.00  run-grafana.sh
02:29:55 PM  1000   1826235      0.00      0.00  run-loki.sh
02:29:55 PM  1000   1826237     24.00      0.00  grafana
02:29:55 PM  1000   1826238      0.00      0.00  run-otelcol.sh
02:29:55 PM  1000   1826241      0.00      0.00  run-prometheus.
02:29:55 PM  1000   1826243      0.00      0.00  otelcol-contrib
02:29:55 PM  1000   1826247      0.00      0.00  run-tempo.sh
02:29:55 PM  1000   1826251      0.00      0.00  run-pyroscope.s
02:29:55 PM  1000   1826253    112.00      0.00  tempo
02:29:55 PM  1000   1826255      0.00      0.00  prometheus
02:29:55 PM  1000   1826257     33.00      0.00  loki
02:29:55 PM  1000   1826258      0.00      0.00  pyroscope

02:29:55 PM   UID       PID    %usr %system  %guest   %wait    %CPU   CPU  Command
02:29:56 PM  1000   1826233    0.00    0.00    0.00    0.00    0.00    20  run-grafana.sh
02:29:56 PM  1000   1826235    0.00    0.00    0.00    0.00    0.00    18  run-loki.sh
02:29:56 PM  1000   1826237    1.00    0.00    0.00    0.00    1.00    16  grafana
02:29:56 PM  1000   1826238    0.00    0.00    0.00    0.00    0.00    18  run-otelcol.sh
02:29:56 PM  1000   1826241    0.00    0.00    0.00    0.00    0.00    20  run-prometheus.
02:29:56 PM  1000   1826243    7.00    0.00    0.00    0.00    7.00    20  otelcol-contrib
02:29:56 PM  1000   1826247    0.00    0.00    0.00    0.00    0.00    18  run-tempo.sh
02:29:56 PM  1000   1826251    0.00    0.00    0.00    0.00    0.00    16  run-pyroscope.s
02:29:56 PM  1000   1826253   38.00    0.00    0.00    0.00   38.00    16  tempo
02:29:56 PM  1000   1826255    1.00    0.00    0.00    0.00    1.00    20  prometheus
02:29:56 PM  1000   1826257    0.00    1.00    0.00    0.00    1.00    20  loki
02:29:56 PM  1000   1826258    0.00    1.00    0.00    0.00    1.00    16  pyroscope

02:29:55 PM   UID       PID   cswch/s nvcswch/s  Command
02:29:56 PM  1000   1826233      0.00      0.00  run-grafana.sh
02:29:56 PM  1000   1826235      0.00      0.00  run-loki.sh
02:29:56 PM  1000   1826237     16.00      0.00  grafana
02:29:56 PM  1000   1826238      0.00      0.00  run-otelcol.sh
02:29:56 PM  1000   1826241      0.00      0.00  run-prometheus.
02:29:56 PM  1000   1826243      0.00      0.00  otelcol-contrib
02:29:56 PM  1000   1826247      0.00      0.00  run-tempo.sh
02:29:56 PM  1000   1826251      0.00      0.00  run-pyroscope.s
02:29:56 PM  1000   1826253     95.00      4.00  tempo
02:29:56 PM  1000   1826255      2.00      0.00  prometheus
02:29:56 PM  1000   1826257     45.00      1.00  loki
02:29:56 PM  1000   1826258      0.00      0.00  pyroscope

02:29:56 PM   UID       PID    %usr %system  %guest   %wait    %CPU   CPU  Command
02:29:57 PM  1000   1826233    0.00    0.00    0.00    0.00    0.00    20  run-grafana.sh
02:29:57 PM  1000   1826235    0.00    0.00    0.00    0.00    0.00    18  run-loki.sh
02:29:57 PM  1000   1826237    0.00    0.00    0.00    0.00    0.00    18  grafana
02:29:57 PM  1000   1826238    0.00    0.00    0.00    0.00    0.00    18  run-otelcol.sh
02:29:57 PM  1000   1826241    0.00    0.00    0.00    0.00    0.00    20  run-prometheus.
02:29:57 PM  1000   1826243    6.00    1.00    0.00    0.00    7.00    20  otelcol-contrib
02:29:57 PM  1000   1826247    0.00    0.00    0.00    0.00    0.00    18  run-tempo.sh
02:29:57 PM  1000   1826251    0.00    0.00    0.00    0.00    0.00    16  run-pyroscope.s
02:29:57 PM  1000   1826253   69.00    6.00    0.00    0.00   75.00    16  tempo
02:29:57 PM  1000   1826255    1.00    0.00    0.00    0.00    1.00    18  prometheus
02:29:57 PM  1000   1826257    0.00    0.00    0.00    0.00    0.00    20  loki
02:29:57 PM  1000   1826258    0.00    0.00    0.00    0.00    0.00    16  pyroscope

02:29:56 PM   UID       PID   cswch/s nvcswch/s  Command
02:29:57 PM  1000   1826233      0.00      0.00  run-grafana.sh
02:29:57 PM  1000   1826235      0.00      0.00  run-loki.sh
02:29:57 PM  1000   1826237     21.00      0.00  grafana
02:29:57 PM  1000   1826238      0.00      0.00  run-otelcol.sh
02:29:57 PM  1000   1826241      0.00      0.00  run-prometheus.
02:29:57 PM  1000   1826243      0.00      0.00  otelcol-contrib
02:29:57 PM  1000   1826247      0.00      0.00  run-tempo.sh
02:29:57 PM  1000   1826251      0.00      0.00  run-pyroscope.s
02:29:57 PM  1000   1826253    113.00     27.00  tempo
02:29:57 PM  1000   1826255      1.00      0.00  prometheus
02:29:57 PM  1000   1826257     48.00      0.00  loki
02:29:57 PM  1000   1826258      0.00      0.00  pyroscope

02:29:57 PM   UID       PID    %usr %system  %guest   %wait    %CPU   CPU  Command
02:29:58 PM  1000   1826233    0.00    0.00    0.00    0.00    0.00    20  run-grafana.sh
02:29:58 PM  1000   1826235    0.00    0.00    0.00    0.00    0.00    18  run-loki.sh
02:29:58 PM  1000   1826237    0.00    0.00    0.00    0.00    0.00    16  grafana
02:29:58 PM  1000   1826238    0.00    0.00    0.00    0.00    0.00    18  run-otelcol.sh
02:29:58 PM  1000   1826241    0.00    0.00    0.00    0.00    0.00    20  run-prometheus.
02:29:58 PM  1000   1826243    7.00    0.00    0.00    0.00    7.00    20  otelcol-contrib
02:29:58 PM  1000   1826247    0.00    0.00    0.00    0.00    0.00    18  run-tempo.sh
02:29:58 PM  1000   1826251    0.00    0.00    0.00    0.00    0.00    16  run-pyroscope.s
02:29:58 PM  1000   1826253   42.00    1.00    0.00    0.00   43.00    16  tempo
02:29:58 PM  1000   1826255    0.00    0.00    0.00    0.00    0.00    18  prometheus
02:29:58 PM  1000   1826257    1.00    0.00    0.00    0.00    1.00    20  loki
02:29:58 PM  1000   1826258    4.00    0.00    0.00    0.00    4.00    16  pyroscope

02:29:57 PM   UID       PID   cswch/s nvcswch/s  Command
02:29:58 PM  1000   1826233      0.00      0.00  run-grafana.sh
02:29:58 PM  1000   1826235      0.00      0.00  run-loki.sh
02:29:58 PM  1000   1826237     25.00      0.00  grafana
02:29:58 PM  1000   1826238      0.00      0.00  run-otelcol.sh
02:29:58 PM  1000   1826241      0.00      0.00  run-prometheus.
02:29:58 PM  1000   1826243      0.00      0.00  otelcol-contrib
02:29:58 PM  1000   1826247      0.00      0.00  run-tempo.sh
02:29:58 PM  1000   1826251      0.00      0.00  run-pyroscope.s
02:29:58 PM  1000   1826253     89.00     58.00  tempo
02:29:58 PM  1000   1826255      3.00      0.00  prometheus
02:29:58 PM  1000   1826257     52.00      0.00  loki
02:29:58 PM  1000   1826258      0.00      0.00  pyroscope

02:29:58 PM   UID       PID    %usr %system  %guest   %wait    %CPU   CPU  Command
02:29:59 PM  1000   1826233    0.00    0.00    0.00    0.00    0.00    20  run-grafana.sh
02:29:59 PM  1000   1826235    0.00    0.00    0.00    0.00    0.00    18  run-loki.sh
02:29:59 PM  1000   1826237    0.00    0.00    0.00    0.00    0.00    16  grafana
02:29:59 PM  1000   1826238    0.00    0.00    0.00    0.00    0.00    18  run-otelcol.sh
02:29:59 PM  1000   1826241    0.00    0.00    0.00    0.00    0.00    20  run-prometheus.
02:29:59 PM  1000   1826243    5.00    0.00    0.00    0.00    5.00    20  otelcol-contrib
02:29:59 PM  1000   1826247    0.00    0.00    0.00    0.00    0.00    18  run-tempo.sh
02:29:59 PM  1000   1826251    0.00    0.00    0.00    0.00    0.00    16  run-pyroscope.s
02:29:59 PM  1000   1826253   20.00    1.00    0.00    0.00   21.00    16  tempo
02:29:59 PM  1000   1826255    0.00    0.00    0.00    0.00    0.00    16  prometheus
02:29:59 PM  1000   1826257    0.00    0.00    0.00    0.00    0.00    16  loki
02:29:59 PM  1000   1826258    0.00    0.00    0.00    0.00    0.00    16  pyroscope

02:29:58 PM   UID       PID   cswch/s nvcswch/s  Command
02:29:59 PM  1000   1826233      0.00      0.00  run-grafana.sh
02:29:59 PM  1000   1826235      0.00      0.00  run-loki.sh
02:29:59 PM  1000   1826237     16.00      0.00  grafana
02:29:59 PM  1000   1826238      0.00      0.00  run-otelcol.sh
02:29:59 PM  1000   1826241      0.00      0.00  run-prometheus.
02:29:59 PM  1000   1826243      0.00      0.00  otelcol-contrib
02:29:59 PM  1000   1826247      0.00      0.00  run-tempo.sh
02:29:59 PM  1000   1826251      0.00      0.00  run-pyroscope.s
02:29:59 PM  1000   1826253      0.00      0.00  tempo
02:29:59 PM  1000   1826255      2.00      0.00  prometheus
02:29:59 PM  1000   1826257     42.00      0.00  loki
02:29:59 PM  1000   1826258      0.00      0.00  pyroscope

02:29:59 PM   UID       PID    %usr %system  %guest   %wait    %CPU   CPU  Command
02:30:00 PM  1000   1826233    0.00    0.00    0.00    0.00    0.00    20  run-grafana.sh
02:30:00 PM  1000   1826235    0.00    0.00    0.00    0.00    0.00    18  run-loki.sh
02:30:00 PM  1000   1826237    0.00    0.00    0.00    0.00    0.00    16  grafana
02:30:00 PM  1000   1826238    0.00    0.00    0.00    0.00    0.00    18  run-otelcol.sh
02:30:00 PM  1000   1826241    0.00    0.00    0.00    0.00    0.00    20  run-prometheus.
02:30:00 PM  1000   1826243    6.00    0.00    0.00    0.00    6.00    20  otelcol-contrib
02:30:00 PM  1000   1826247    0.00    0.00    0.00    0.00    0.00    18  run-tempo.sh
02:30:00 PM  1000   1826251    0.00    0.00    0.00    0.00    0.00    16  run-pyroscope.s
02:30:00 PM  1000   1826253   45.00    0.00    0.00    0.00   45.00    20  tempo
02:30:00 PM  1000   1826255    0.00    0.00    0.00    0.00    0.00    20  prometheus
02:30:00 PM  1000   1826257    0.00    0.00    0.00    0.00    0.00    16  loki
02:30:00 PM  1000   1826258    1.00    0.00    0.00    0.00    1.00    16  pyroscope

02:29:59 PM   UID       PID   cswch/s nvcswch/s  Command
02:30:00 PM  1000   1826233      0.00      0.00  run-grafana.sh
02:30:00 PM  1000   1826235      0.00      0.00  run-loki.sh
02:30:00 PM  1000   1826237     28.00      0.00  grafana
02:30:00 PM  1000   1826238      0.00      0.00  run-otelcol.sh
02:30:00 PM  1000   1826241      0.00      0.00  run-prometheus.
02:30:00 PM  1000   1826243      0.00      0.00  otelcol-contrib
02:30:00 PM  1000   1826247      0.00      0.00  run-tempo.sh
02:30:00 PM  1000   1826251      0.00      0.00  run-pyroscope.s
02:30:00 PM  1000   1826253     56.00      5.00  tempo
02:30:00 PM  1000   1826255      2.00      0.00  prometheus
02:30:00 PM  1000   1826257     33.00      0.00  loki
02:30:00 PM  1000   1826258      0.00      0.00  pyroscope

02:30:00 PM   UID       PID    %usr %system  %guest   %wait    %CPU   CPU  Command
02:30:01 PM  1000   1826233    0.00    0.00    0.00    0.00    0.00    20  run-grafana.sh
02:30:01 PM  1000   1826235    0.00    0.00    0.00    0.00    0.00    18  run-loki.sh
02:30:01 PM  1000   1826237    0.00    0.00    0.00    0.00    0.00    18  grafana
02:30:01 PM  1000   1826238    0.00    0.00    0.00    0.00    0.00    18  run-otelcol.sh
02:30:01 PM  1000   1826241    0.00    0.00    0.00    0.00    0.00    20  run-prometheus.
02:30:01 PM  1000   1826243    8.00    1.00    0.00    0.00    9.00    20  otelcol-contrib
02:30:01 PM  1000   1826247    0.00    0.00    0.00    0.00    0.00    18  run-tempo.sh
02:30:01 PM  1000   1826251    0.00    0.00    0.00    0.00    0.00    16  run-pyroscope.s
02:30:01 PM  1000   1826253   66.00    1.00    0.00    1.00   67.00    16  tempo
02:30:01 PM  1000   1826255    0.00    0.00    0.00    0.00    0.00    18  prometheus
02:30:01 PM  1000   1826257    0.00    0.00    0.00    0.00    0.00    18  loki
02:30:01 PM  1000   1826258    0.00    0.00    0.00    0.00    0.00    16  pyroscope

02:30:00 PM   UID       PID   cswch/s nvcswch/s  Command
02:30:01 PM  1000   1826233      0.00      0.00  run-grafana.sh
02:30:01 PM  1000   1826235      0.00      0.00  run-loki.sh
02:30:01 PM  1000   1826237     18.00      0.00  grafana
02:30:01 PM  1000   1826238      0.00      0.00  run-otelcol.sh
02:30:01 PM  1000   1826241      0.00      0.00  run-prometheus.
02:30:01 PM  1000   1826243      0.00      0.00  otelcol-contrib
02:30:01 PM  1000   1826247      0.00      0.00  run-tempo.sh
02:30:01 PM  1000   1826251      0.00      0.00  run-pyroscope.s
02:30:01 PM  1000   1826253     56.00     37.00  tempo
02:30:01 PM  1000   1826255      4.00      0.00  prometheus
02:30:01 PM  1000   1826257     37.00      0.00  loki
02:30:01 PM  1000   1826258      0.00      0.00  pyroscope

02:30:01 PM   UID       PID    %usr %system  %guest   %wait    %CPU   CPU  Command
02:30:02 PM  1000   1826233    0.00    0.00    0.00    0.00    0.00    20  run-grafana.sh
02:30:02 PM  1000   1826235    0.00    0.00    0.00    0.00    0.00    18  run-loki.sh
02:30:02 PM  1000   1826237    1.00    0.00    0.00    0.00    1.00    16  grafana
02:30:02 PM  1000   1826238    0.00    0.00    0.00    0.00    0.00    18  run-otelcol.sh
02:30:02 PM  1000   1826241    0.00    0.00    0.00    0.00    0.00    20  run-prometheus.
02:30:02 PM  1000   1826243    6.00    0.00    0.00    0.00    6.00    20  otelcol-contrib
02:30:02 PM  1000   1826247    0.00    0.00    0.00    0.00    0.00    18  run-tempo.sh
02:30:02 PM  1000   1826251    0.00    0.00    0.00    0.00    0.00    16  run-pyroscope.s
02:30:02 PM  1000   1826253   54.00    1.00    0.00    0.00   55.00    18  tempo
02:30:02 PM  1000   1826255    0.00    0.00    0.00    0.00    0.00    16  prometheus
02:30:02 PM  1000   1826257    0.00    0.00    0.00    0.00    0.00    18  loki
02:30:02 PM  1000   1826258    0.00    0.00    0.00    0.00    0.00    16  pyroscope

02:30:01 PM   UID       PID   cswch/s nvcswch/s  Command
02:30:02 PM  1000   1826233      0.00      0.00  run-grafana.sh
02:30:02 PM  1000   1826235      0.00      0.00  run-loki.sh
02:30:02 PM  1000   1826237     16.00      0.00  grafana
02:30:02 PM  1000   1826238      0.00      0.00  run-otelcol.sh
02:30:02 PM  1000   1826241      0.00      0.00  run-prometheus.
02:30:02 PM  1000   1826243      0.00      0.00  otelcol-contrib
02:30:02 PM  1000   1826247      0.00      0.00  run-tempo.sh
02:30:02 PM  1000   1826251      0.00      0.00  run-pyroscope.s
02:30:02 PM  1000   1826253    114.00      2.00  tempo
02:30:02 PM  1000   1826255      3.00      0.00  prometheus
02:30:02 PM  1000   1826257     18.00      0.00  loki
02:30:02 PM  1000   1826258      0.00      0.00  pyroscope

02:30:02 PM   UID       PID    %usr %system  %guest   %wait    %CPU   CPU  Command
02:30:03 PM  1000   1826233    0.00    0.00    0.00    0.00    0.00    20  run-grafana.sh
02:30:03 PM  1000   1826235    0.00    0.00    0.00    0.00    0.00    18  run-loki.sh
02:30:03 PM  1000   1826237    0.00    0.00    0.00    0.00    0.00    18  grafana
02:30:03 PM  1000   1826238    0.00    0.00    0.00    0.00    0.00    18  run-otelcol.sh
02:30:03 PM  1000   1826241    0.00    0.00    0.00    0.00    0.00    20  run-prometheus.
02:30:03 PM  1000   1826243    7.00    0.00    0.00    0.00    7.00    20  otelcol-contrib
02:30:03 PM  1000   1826247    0.00    0.00    0.00    0.00    0.00    18  run-tempo.sh
02:30:03 PM  1000   1826251    0.00    0.00    0.00    0.00    0.00    16  run-pyroscope.s
02:30:03 PM  1000   1826253   76.00    7.00    0.00    0.00   83.00    20  tempo
02:30:03 PM  1000   1826255    0.00    0.00    0.00    0.00    0.00    20  prometheus
02:30:03 PM  1000   1826257    0.00    0.00    0.00    0.00    0.00    18  loki
02:30:03 PM  1000   1826258    0.00    0.00    0.00    0.00    0.00    16  pyroscope

02:30:02 PM   UID       PID   cswch/s nvcswch/s  Command
02:30:03 PM  1000   1826233      0.00      0.00  run-grafana.sh
02:30:03 PM  1000   1826235      0.00      0.00  run-loki.sh
02:30:03 PM  1000   1826237     12.00      0.00  grafana
02:30:03 PM  1000   1826238      0.00      0.00  run-otelcol.sh
02:30:03 PM  1000   1826241      0.00      0.00  run-prometheus.
02:30:03 PM  1000   1826243      0.00      0.00  otelcol-contrib
02:30:03 PM  1000   1826247      0.00      0.00  run-tempo.sh
02:30:03 PM  1000   1826251      0.00      0.00  run-pyroscope.s
02:30:03 PM  1000   1826253     99.00     52.00  tempo
02:30:03 PM  1000   1826255     10.00      0.00  prometheus
02:30:03 PM  1000   1826257     39.00      0.00  loki
02:30:03 PM  1000   1826258      0.00      0.00  pyroscope

02:30:03 PM   UID       PID    %usr %system  %guest   %wait    %CPU   CPU  Command
02:30:04 PM  1000   1826233    0.00    0.00    0.00    0.00    0.00    20  run-grafana.sh
02:30:04 PM  1000   1826235    0.00    0.00    0.00    0.00    0.00    18  run-loki.sh
02:30:04 PM  1000   1826237    0.00    0.00    0.00    0.00    0.00    18  grafana
02:30:04 PM  1000   1826238    0.00    0.00    0.00    0.00    0.00    18  run-otelcol.sh
02:30:04 PM  1000   1826241    0.00    0.00    0.00    0.00    0.00    20  run-prometheus.
02:30:04 PM  1000   1826243    6.00    0.00    0.00    0.00    6.00    20  otelcol-contrib
02:30:04 PM  1000   1826247    0.00    0.00    0.00    0.00    0.00    18  run-tempo.sh
02:30:04 PM  1000   1826251    0.00    0.00    0.00    0.00    0.00    16  run-pyroscope.s
02:30:04 PM  1000   1826253   48.00    5.00    0.00    2.00   53.00    20  tempo
02:30:04 PM  1000   1826255    0.00    0.00    0.00    0.00    0.00    16  prometheus
02:30:04 PM  1000   1826257    1.00    0.00    0.00    0.00    1.00    20  loki
02:30:04 PM  1000   1826258    0.00    0.00    0.00    0.00    0.00    16  pyroscope

02:30:03 PM   UID       PID   cswch/s nvcswch/s  Command
02:30:04 PM  1000   1826233      0.00      0.00  run-grafana.sh
02:30:04 PM  1000   1826235      0.00      0.00  run-loki.sh
02:30:04 PM  1000   1826237     25.00      0.00  grafana
02:30:04 PM  1000   1826238      0.00      0.00  run-otelcol.sh
02:30:04 PM  1000   1826241      0.00      0.00  run-prometheus.
02:30:04 PM  1000   1826243      0.00      0.00  otelcol-contrib
02:30:04 PM  1000   1826247      0.00      0.00  run-tempo.sh
02:30:04 PM  1000   1826251      0.00      0.00  run-pyroscope.s
02:30:04 PM  1000   1826253     92.00     60.00  tempo
02:30:04 PM  1000   1826255      1.00      0.00  prometheus
02:30:04 PM  1000   1826257     39.00      0.00  loki
02:30:04 PM  1000   1826258      0.00      0.00  pyroscope

02:30:04 PM   UID       PID    %usr %system  %guest   %wait    %CPU   CPU  Command
02:30:05 PM  1000   1826233    0.00    0.00    0.00    0.00    0.00    20  run-grafana.sh
02:30:05 PM  1000   1826235    0.00    0.00    0.00    0.00    0.00    18  run-loki.sh
02:30:05 PM  1000   1826237    0.00    0.00    0.00    0.00    0.00    18  grafana
02:30:05 PM  1000   1826238    0.00    0.00    0.00    0.00    0.00    18  run-otelcol.sh
02:30:05 PM  1000   1826241    0.00    0.00    0.00    0.00    0.00    20  run-prometheus.
02:30:05 PM  1000   1826243    6.00    1.00    0.00    0.00    7.00    20  otelcol-contrib
02:30:05 PM  1000   1826247    0.00    0.00    0.00    0.00    0.00    18  run-tempo.sh
02:30:05 PM  1000   1826251    0.00    0.00    0.00    0.00    0.00    16  run-pyroscope.s
02:30:05 PM  1000   1826253   59.00    2.00    0.00    1.00   61.00    16  tempo
02:30:05 PM  1000   1826255    1.00    0.00    0.00    0.00    1.00    16  prometheus
02:30:05 PM  1000   1826257    0.00    1.00    0.00    0.00    1.00    18  loki
02:30:05 PM  1000   1826258    0.00    0.00    0.00    0.00    0.00    16  pyroscope

02:30:04 PM   UID       PID   cswch/s nvcswch/s  Command
02:30:05 PM  1000   1826233      0.00      0.00  run-grafana.sh
02:30:05 PM  1000   1826235      0.00      0.00  run-loki.sh
02:30:05 PM  1000   1826237      6.00      0.00  grafana
02:30:05 PM  1000   1826238      0.00      0.00  run-otelcol.sh
02:30:05 PM  1000   1826241      0.00      0.00  run-prometheus.
02:30:05 PM  1000   1826243      0.00      0.00  otelcol-contrib
02:30:05 PM  1000   1826247      0.00      0.00  run-tempo.sh
02:30:05 PM  1000   1826251      0.00      0.00  run-pyroscope.s
02:30:05 PM  1000   1826253     75.00     22.00  tempo
02:30:05 PM  1000   1826255      2.00      0.00  prometheus
02:30:05 PM  1000   1826257     38.00      0.00  loki
02:30:05 PM  1000   1826258      0.00      0.00  pyroscope

02:30:05 PM   UID       PID    %usr %system  %guest   %wait    %CPU   CPU  Command
02:30:06 PM  1000   1826233    0.00    0.00    0.00    0.00    0.00    20  run-grafana.sh
02:30:06 PM  1000   1826235    0.00    0.00    0.00    0.00    0.00    18  run-loki.sh
02:30:06 PM  1000   1826237    1.00    1.00    0.00    0.00    2.00    18  grafana
02:30:06 PM  1000   1826238    0.00    0.00    0.00    0.00    0.00    18  run-otelcol.sh
02:30:06 PM  1000   1826241    0.00    0.00    0.00    0.00    0.00    20  run-prometheus.
02:30:06 PM  1000   1826243    7.00    0.00    0.00    0.00    7.00    20  otelcol-contrib
02:30:06 PM  1000   1826247    0.00    0.00    0.00    0.00    0.00    18  run-tempo.sh
02:30:06 PM  1000   1826251    0.00    0.00    0.00    0.00    0.00    16  run-pyroscope.s
02:30:06 PM  1000   1826253   45.00    2.00    0.00    0.00   47.00    20  tempo
02:30:06 PM  1000   1826255    0.00    0.00    0.00    0.00    0.00    20  prometheus
02:30:06 PM  1000   1826257    0.00    0.00    0.00    0.00    0.00    20  loki
02:30:06 PM  1000   1826258    0.00    0.00    0.00    0.00    0.00    16  pyroscope

02:30:05 PM   UID       PID   cswch/s nvcswch/s  Command
02:30:06 PM  1000   1826233      0.00      0.00  run-grafana.sh
02:30:06 PM  1000   1826235      0.00      0.00  run-loki.sh
02:30:06 PM  1000   1826237     21.00      0.00  grafana
02:30:06 PM  1000   1826238      0.00      0.00  run-otelcol.sh
02:30:06 PM  1000   1826241      0.00      0.00  run-prometheus.
02:30:06 PM  1000   1826243      0.00      0.00  otelcol-contrib
02:30:06 PM  1000   1826247      0.00      0.00  run-tempo.sh
02:30:06 PM  1000   1826251      0.00      0.00  run-pyroscope.s
02:30:06 PM  1000   1826253    106.00      6.00  tempo
02:30:06 PM  1000   1826255      2.00      0.00  prometheus
02:30:06 PM  1000   1826257     39.00      0.00  loki
02:30:06 PM  1000   1826258      0.00      0.00  pyroscope

02:30:06 PM   UID       PID    %usr %system  %guest   %wait    %CPU   CPU  Command
02:30:07 PM  1000   1826233    0.00    0.00    0.00    0.00    0.00    20  run-grafana.sh
02:30:07 PM  1000   1826235    0.00    0.00    0.00    0.00    0.00    18  run-loki.sh
02:30:07 PM  1000   1826237    0.00    0.00    0.00    0.00    0.00    18  grafana
02:30:07 PM  1000   1826238    0.00    0.00    0.00    0.00    0.00    18  run-otelcol.sh
02:30:07 PM  1000   1826241    0.00    0.00    0.00    0.00    0.00    20  run-prometheus.
02:30:07 PM  1000   1826243    6.00    0.00    0.00    0.00    6.00    20  otelcol-contrib
02:30:07 PM  1000   1826247    0.00    0.00    0.00    0.00    0.00    18  run-tempo.sh
02:30:07 PM  1000   1826251    0.00    0.00    0.00    0.00    0.00    16  run-pyroscope.s
02:30:07 PM  1000   1826253   79.00    2.00    0.00    2.00   81.00    18  tempo
02:30:07 PM  1000   1826255    0.00    0.00    0.00    0.00    0.00    20  prometheus
02:30:07 PM  1000   1826257    0.00    0.00    0.00    0.00    0.00    20  loki
02:30:07 PM  1000   1826258    1.00    1.00    0.00    0.00    2.00    16  pyroscope

02:30:06 PM   UID       PID   cswch/s nvcswch/s  Command
02:30:07 PM  1000   1826233      0.00      0.00  run-grafana.sh
02:30:07 PM  1000   1826235      0.00      0.00  run-loki.sh
02:30:07 PM  1000   1826237     29.00      0.00  grafana
02:30:07 PM  1000   1826238      0.00      0.00  run-otelcol.sh
02:30:07 PM  1000   1826241      0.00      0.00  run-prometheus.
02:30:07 PM  1000   1826243      0.00      0.00  otelcol-contrib
02:30:07 PM  1000   1826247      0.00      0.00  run-tempo.sh
02:30:07 PM  1000   1826251      0.00      0.00  run-pyroscope.s
02:30:07 PM  1000   1826253     86.00     36.00  tempo
02:30:07 PM  1000   1826255      1.00      0.00  prometheus
02:30:07 PM  1000   1826257     38.00      0.00  loki
02:30:07 PM  1000   1826258      0.00      0.00  pyroscope

02:30:07 PM   UID       PID    %usr %system  %guest   %wait    %CPU   CPU  Command
02:30:08 PM  1000   1826233    0.00    0.00    0.00    0.00    0.00    20  run-grafana.sh
02:30:08 PM  1000   1826235    0.00    0.00    0.00    0.00    0.00    18  run-loki.sh
02:30:08 PM  1000   1826237    0.00    0.00    0.00    0.00    0.00    16  grafana
02:30:08 PM  1000   1826238    0.00    0.00    0.00    0.00    0.00    18  run-otelcol.sh
02:30:08 PM  1000   1826241    0.00    0.00    0.00    0.00    0.00    20  run-prometheus.
02:30:08 PM  1000   1826243    8.00    0.00    0.00    0.00    8.00    20  otelcol-contrib
02:30:08 PM  1000   1826247    0.00    0.00    0.00    0.00    0.00    18  run-tempo.sh
02:30:08 PM  1000   1826251    0.00    0.00    0.00    0.00    0.00    16  run-pyroscope.s
02:30:08 PM  1000   1826253   83.00    3.00    0.00    1.00   86.00    18  tempo
02:30:08 PM  1000   1826255    0.00    1.00    0.00    0.00    1.00    18  prometheus
02:30:08 PM  1000   1826257    0.00    0.00    0.00    0.00    0.00    20  loki
02:30:08 PM  1000   1826258    0.00    0.00    0.00    0.00    0.00    16  pyroscope

02:30:07 PM   UID       PID   cswch/s nvcswch/s  Command
02:30:08 PM  1000   1826233      0.00      0.00  run-grafana.sh
02:30:08 PM  1000   1826235      0.00      0.00  run-loki.sh
02:30:08 PM  1000   1826237     24.00      0.00  grafana
02:30:08 PM  1000   1826238      0.00      0.00  run-otelcol.sh
02:30:08 PM  1000   1826241      0.00      0.00  run-prometheus.
02:30:08 PM  1000   1826243      0.00      0.00  otelcol-contrib
02:30:08 PM  1000   1826247      0.00      0.00  run-tempo.sh
02:30:08 PM  1000   1826251      0.00      0.00  run-pyroscope.s
02:30:08 PM  1000   1826253     85.00     51.00  tempo
02:30:08 PM  1000   1826255      7.00      0.00  prometheus
02:30:08 PM  1000   1826257     20.00      0.00  loki
02:30:08 PM  1000   1826258      0.00      0.00  pyroscope

02:30:08 PM   UID       PID    %usr %system  %guest   %wait    %CPU   CPU  Command
02:30:09 PM  1000   1826233    0.00    0.00    0.00    0.00    0.00    20  run-grafana.sh
02:30:09 PM  1000   1826235    0.00    0.00    0.00    0.00    0.00    18  run-loki.sh
02:30:09 PM  1000   1826237    0.00    0.00    0.00    0.00    0.00    16  grafana
02:30:09 PM  1000   1826238    0.00    0.00    0.00    0.00    0.00    18  run-otelcol.sh
02:30:09 PM  1000   1826241    0.00    0.00    0.00    0.00    0.00    20  run-prometheus.
02:30:09 PM  1000   1826243    5.00    1.00    0.00    0.00    6.00    20  otelcol-contrib
02:30:09 PM  1000   1826247    0.00    0.00    0.00    0.00    0.00    18  run-tempo.sh
02:30:09 PM  1000   1826251    0.00    0.00    0.00    0.00    0.00    16  run-pyroscope.s
02:30:09 PM  1000   1826253   24.00    1.00    0.00    0.00   25.00    20  tempo
02:30:09 PM  1000   1826255    0.00    0.00    0.00    0.00    0.00    18  prometheus
02:30:09 PM  1000   1826257    1.00    0.00    0.00    0.00    1.00    18  loki
02:30:09 PM  1000   1826258    0.00    0.00    0.00    0.00    0.00    16  pyroscope

02:30:08 PM   UID       PID   cswch/s nvcswch/s  Command
02:30:09 PM  1000   1826233      0.00      0.00  run-grafana.sh
02:30:09 PM  1000   1826235      0.00      0.00  run-loki.sh
02:30:09 PM  1000   1826237     21.00      0.00  grafana
02:30:09 PM  1000   1826238      0.00      0.00  run-otelcol.sh
02:30:09 PM  1000   1826241      0.00      0.00  run-prometheus.
02:30:09 PM  1000   1826243      0.00      0.00  otelcol-contrib
02:30:09 PM  1000   1826247      0.00      0.00  run-tempo.sh
02:30:09 PM  1000   1826251      0.00      0.00  run-pyroscope.s
02:30:09 PM  1000   1826253    100.00      8.00  tempo
02:30:09 PM  1000   1826255      1.00      0.00  prometheus
02:30:09 PM  1000   1826257     43.00      0.00  loki
02:30:09 PM  1000   1826258      0.00      0.00  pyroscope

02:30:09 PM   UID       PID    %usr %system  %guest   %wait    %CPU   CPU  Command
02:30:10 PM  1000   1826233    0.00    0.00    0.00    0.00    0.00    20  run-grafana.sh
02:30:10 PM  1000   1826235    0.00    0.00    0.00    0.00    0.00    18  run-loki.sh
02:30:10 PM  1000   1826237    0.00    0.00    0.00    0.00    0.00    16  grafana
02:30:10 PM  1000   1826238    0.00    0.00    0.00    0.00    0.00    18  run-otelcol.sh
02:30:10 PM  1000   1826241    0.00    0.00    0.00    0.00    0.00    20  run-prometheus.
02:30:10 PM  1000   1826243    6.00    0.00    0.00    0.00    6.00    20  otelcol-contrib
02:30:10 PM  1000   1826247    0.00    0.00    0.00    0.00    0.00    18  run-tempo.sh
02:30:10 PM  1000   1826251    0.00    0.00    0.00    0.00    0.00    16  run-pyroscope.s
02:30:10 PM  1000   1826253  105.00    7.00    0.00    0.00  112.00    20  tempo
02:30:10 PM  1000   1826255    0.00    0.00    0.00    0.00    0.00    16  prometheus
02:30:10 PM  1000   1826257    0.00    0.00    0.00    0.00    0.00    20  loki
02:30:10 PM  1000   1826258    0.00    0.00    0.00    0.00    0.00    16  pyroscope

02:30:09 PM   UID       PID   cswch/s nvcswch/s  Command
02:30:10 PM  1000   1826233      0.00      0.00  run-grafana.sh
02:30:10 PM  1000   1826235      0.00      0.00  run-loki.sh
02:30:10 PM  1000   1826237     40.00      0.00  grafana
02:30:10 PM  1000   1826238      0.00      0.00  run-otelcol.sh
02:30:10 PM  1000   1826241      0.00      0.00  run-prometheus.
02:30:10 PM  1000   1826243      0.00      0.00  otelcol-contrib
02:30:10 PM  1000   1826247      0.00      0.00  run-tempo.sh
02:30:10 PM  1000   1826251      0.00      0.00  run-pyroscope.s
02:30:10 PM  1000   1826253     60.00      7.00  tempo
02:30:10 PM  1000   1826255      2.00      0.00  prometheus
02:30:10 PM  1000   1826257     41.00      0.00  loki
02:30:10 PM  1000   1826258      0.00      0.00  pyroscope

02:30:10 PM   UID       PID    %usr %system  %guest   %wait    %CPU   CPU  Command
02:30:11 PM  1000   1826233    0.00    0.00    0.00    0.00    0.00    20  run-grafana.sh
02:30:11 PM  1000   1826235    0.00    0.00    0.00    0.00    0.00    18  run-loki.sh
02:30:11 PM  1000   1826237    0.00    0.00    0.00    0.00    0.00    16  grafana
02:30:11 PM  1000   1826238    0.00    0.00    0.00    0.00    0.00    18  run-otelcol.sh
02:30:11 PM  1000   1826241    0.00    0.00    0.00    0.00    0.00    20  run-prometheus.
02:30:11 PM  1000   1826243    7.00    0.00    0.00    0.00    7.00    20  otelcol-contrib
02:30:11 PM  1000   1826247    0.00    0.00    0.00    0.00    0.00    18  run-tempo.sh
02:30:11 PM  1000   1826251    0.00    0.00    0.00    0.00    0.00    16  run-pyroscope.s
02:30:11 PM  1000   1826253   45.00    0.00    0.00    1.00   45.00    16  tempo
02:30:11 PM  1000   1826255    0.00    0.00    0.00    0.00    0.00    16  prometheus
02:30:11 PM  1000   1826257    0.00    0.00    0.00    0.00    0.00    16  loki
02:30:11 PM  1000   1826258    0.00    0.00    0.00    0.00    0.00    16  pyroscope

02:30:10 PM   UID       PID   cswch/s nvcswch/s  Command
02:30:11 PM  1000   1826233      0.00      0.00  run-grafana.sh
02:30:11 PM  1000   1826235      0.00      0.00  run-loki.sh
02:30:11 PM  1000   1826237     17.00      0.00  grafana
02:30:11 PM  1000   1826238      0.00      0.00  run-otelcol.sh
02:30:11 PM  1000   1826241      0.00      0.00  run-prometheus.
02:30:11 PM  1000   1826243      0.00      0.00  otelcol-contrib
02:30:11 PM  1000   1826247      0.00      0.00  run-tempo.sh
02:30:11 PM  1000   1826251      0.00      0.00  run-pyroscope.s
02:30:11 PM  1000   1826253     80.00     26.00  tempo
02:30:11 PM  1000   1826255      4.00      0.00  prometheus
02:30:11 PM  1000   1826257     38.00      0.00  loki
02:30:11 PM  1000   1826258      0.00      0.00  pyroscope

02:30:11 PM   UID       PID    %usr %system  %guest   %wait    %CPU   CPU  Command
02:30:12 PM  1000   1826233    0.00    0.00    0.00    0.00    0.00    20  run-grafana.sh
02:30:12 PM  1000   1826235    0.00    0.00    0.00    0.00    0.00    18  run-loki.sh
02:30:12 PM  1000   1826237    0.00    0.00    0.00    0.00    0.00    18  grafana
02:30:12 PM  1000   1826238    0.00    0.00    0.00    0.00    0.00    18  run-otelcol.sh
02:30:12 PM  1000   1826241    0.00    0.00    0.00    0.00    0.00    20  run-prometheus.
02:30:12 PM  1000   1826243    6.00    1.00    0.00    0.00    7.00    20  otelcol-contrib
02:30:12 PM  1000   1826247    0.00    0.00    0.00    0.00    0.00    18  run-tempo.sh
02:30:12 PM  1000   1826251    0.00    0.00    0.00    0.00    0.00    16  run-pyroscope.s
02:30:12 PM  1000   1826253  149.00    2.00    0.00    1.00  151.00    20  tempo
02:30:12 PM  1000   1826255    0.00    0.00    0.00    0.00    0.00    16  prometheus
02:30:12 PM  1000   1826257    0.00    0.00    0.00    0.00    0.00    20  loki
02:30:12 PM  1000   1826258    0.00    0.00    0.00    0.00    0.00    16  pyroscope

02:30:11 PM   UID       PID   cswch/s nvcswch/s  Command
02:30:12 PM  1000   1826233      0.00      0.00  run-grafana.sh
02:30:12 PM  1000   1826235      0.00      0.00  run-loki.sh
02:30:12 PM  1000   1826237     37.00      0.00  grafana
02:30:12 PM  1000   1826238      0.00      0.00  run-otelcol.sh
02:30:12 PM  1000   1826241      0.00      0.00  run-prometheus.
02:30:12 PM  1000   1826243      0.00      0.00  otelcol-contrib
02:30:12 PM  1000   1826247      0.00      0.00  run-tempo.sh
02:30:12 PM  1000   1826251      0.00      0.00  run-pyroscope.s
02:30:12 PM  1000   1826253     93.00     59.00  tempo
02:30:12 PM  1000   1826255      2.00      0.00  prometheus
02:30:12 PM  1000   1826257     45.00      0.00  loki
02:30:12 PM  1000   1826258      0.00      0.00  pyroscope

02:30:12 PM   UID       PID    %usr %system  %guest   %wait    %CPU   CPU  Command
02:30:13 PM  1000   1826233    0.00    0.00    0.00    0.00    0.00    20  run-grafana.sh
02:30:13 PM  1000   1826235    0.00    0.00    0.00    0.00    0.00    18  run-loki.sh
02:30:13 PM  1000   1826237    0.00    0.00    0.00    0.00    0.00    20  grafana
02:30:13 PM  1000   1826238    0.00    0.00    0.00    0.00    0.00    18  run-otelcol.sh
02:30:13 PM  1000   1826241    0.00    0.00    0.00    0.00    0.00    20  run-prometheus.
02:30:13 PM  1000   1826243    5.00    0.00    0.00    0.00    5.00    20  otelcol-contrib
02:30:13 PM  1000   1826247    0.00    0.00    0.00    0.00    0.00    18  run-tempo.sh
02:30:13 PM  1000   1826251    0.00    0.00    0.00    0.00    0.00    16  run-pyroscope.s
02:30:13 PM  1000   1826253  150.00    3.00    0.00    2.00  153.00    16  tempo
02:30:13 PM  1000   1826255    0.00    0.00    0.00    0.00    0.00    16  prometheus
02:30:13 PM  1000   1826257    1.00    0.00    0.00    0.00    1.00    20  loki
02:30:13 PM  1000   1826258    4.00    0.00    0.00    0.00    4.00    16  pyroscope

02:30:12 PM   UID       PID   cswch/s nvcswch/s  Command
02:30:13 PM  1000   1826233      0.00      0.00  run-grafana.sh
02:30:13 PM  1000   1826235      0.00      0.00  run-loki.sh
02:30:13 PM  1000   1826237      5.00      0.00  grafana
02:30:13 PM  1000   1826238      0.00      0.00  run-otelcol.sh
02:30:13 PM  1000   1826241      0.00      0.00  run-prometheus.
02:30:13 PM  1000   1826243      0.00      0.00  otelcol-contrib
02:30:13 PM  1000   1826247      0.00      0.00  run-tempo.sh
02:30:13 PM  1000   1826251      0.00      0.00  run-pyroscope.s
02:30:13 PM  1000   1826253     81.00    121.00  tempo
02:30:13 PM  1000   1826255      8.00      0.00  prometheus
02:30:13 PM  1000   1826257     31.00      0.00  loki
02:30:13 PM  1000   1826258      0.00      0.00  pyroscope

02:30:13 PM   UID       PID    %usr %system  %guest   %wait    %CPU   CPU  Command
02:30:14 PM  1000   1826233    0.00    0.00    0.00    0.00    0.00    20  run-grafana.sh
02:30:14 PM  1000   1826235    0.00    0.00    0.00    0.00    0.00    18  run-loki.sh
02:30:14 PM  1000   1826237    0.00    0.00    0.00    0.00    0.00    20  grafana
02:30:14 PM  1000   1826238    0.00    0.00    0.00    0.00    0.00    18  run-otelcol.sh
02:30:14 PM  1000   1826241    0.00    0.00    0.00    0.00    0.00    20  run-prometheus.
02:30:14 PM  1000   1826243    8.00    0.00    0.00    0.00    8.00    20  otelcol-contrib
02:30:14 PM  1000   1826247    0.00    0.00    0.00    0.00    0.00    18  run-tempo.sh
02:30:14 PM  1000   1826251    0.00    0.00    0.00    0.00    0.00    16  run-pyroscope.s
02:30:14 PM  1000   1826253  177.00   18.00    0.00    0.00  195.00    16  tempo
02:30:14 PM  1000   1826255    0.00    0.00    0.00    0.00    0.00    16  prometheus
02:30:14 PM  1000   1826257    0.00    0.00    0.00    0.00    0.00    18  loki
02:30:14 PM  1000   1826258    0.00    0.00    0.00    0.00    0.00    16  pyroscope

02:30:13 PM   UID       PID   cswch/s nvcswch/s  Command
02:30:14 PM  1000   1826233      0.00      0.00  run-grafana.sh
02:30:14 PM  1000   1826235      0.00      0.00  run-loki.sh
02:30:14 PM  1000   1826237     20.00      0.00  grafana
02:30:14 PM  1000   1826238      0.00      0.00  run-otelcol.sh
02:30:14 PM  1000   1826241      0.00      0.00  run-prometheus.
02:30:14 PM  1000   1826243      0.00      0.00  otelcol-contrib
02:30:14 PM  1000   1826247      0.00      0.00  run-tempo.sh
02:30:14 PM  1000   1826251      0.00      0.00  run-pyroscope.s
02:30:14 PM  1000   1826253     44.00     10.00  tempo
02:30:14 PM  1000   1826255      2.00      0.00  prometheus
02:30:14 PM  1000   1826257     58.00      0.00  loki
02:30:14 PM  1000   1826258      0.00      0.00  pyroscope

02:30:14 PM   UID       PID    %usr %system  %guest   %wait    %CPU   CPU  Command
02:30:15 PM  1000   1826233    0.00    0.00    0.00    0.00    0.00    20  run-grafana.sh
02:30:15 PM  1000   1826235    0.00    0.00    0.00    0.00    0.00    18  run-loki.sh
02:30:15 PM  1000   1826237    0.00    0.00    0.00    0.00    0.00    18  grafana
02:30:15 PM  1000   1826238    0.00    0.00    0.00    0.00    0.00    18  run-otelcol.sh
02:30:15 PM  1000   1826241    0.00    0.00    0.00    0.00    0.00    20  run-prometheus.
02:30:15 PM  1000   1826243    5.00    0.00    0.00    0.00    5.00    20  otelcol-contrib
02:30:15 PM  1000   1826247    0.00    0.00    0.00    0.00    0.00    18  run-tempo.sh
02:30:15 PM  1000   1826251    0.00    0.00    0.00    0.00    0.00    16  run-pyroscope.s
02:30:15 PM  1000   1826253  101.00    5.00    0.00    1.00  106.00    20  tempo
02:30:15 PM  1000   1826255    0.00    0.00    0.00    0.00    0.00    18  prometheus
02:30:15 PM  1000   1826257    0.00    1.00    0.00    0.00    1.00    20  loki
02:30:15 PM  1000   1826258    0.00    1.00    0.00    0.00    1.00    16  pyroscope

02:30:14 PM   UID       PID   cswch/s nvcswch/s  Command
02:30:15 PM  1000   1826233      0.00      0.00  run-grafana.sh
02:30:15 PM  1000   1826235      0.00      0.00  run-loki.sh
02:30:15 PM  1000   1826237     12.00      0.00  grafana
02:30:15 PM  1000   1826238      0.00      0.00  run-otelcol.sh
02:30:15 PM  1000   1826241      0.00      0.00  run-prometheus.
02:30:15 PM  1000   1826243      0.00      0.00  otelcol-contrib
02:30:15 PM  1000   1826247      0.00      0.00  run-tempo.sh
02:30:15 PM  1000   1826251      0.00      0.00  run-pyroscope.s
02:30:15 PM  1000   1826253     62.00     16.00  tempo
02:30:15 PM  1000   1826255      2.00      0.00  prometheus
02:30:15 PM  1000   1826257     48.00      0.00  loki
02:30:15 PM  1000   1826258      0.00      0.00  pyroscope

02:30:15 PM   UID       PID    %usr %system  %guest   %wait    %CPU   CPU  Command
02:30:16 PM  1000   1826233    0.00    0.00    0.00    0.00    0.00    20  run-grafana.sh
02:30:16 PM  1000   1826235    0.00    0.00    0.00    0.00    0.00    18  run-loki.sh
02:30:16 PM  1000   1826237    1.00    0.00    0.00    0.00    1.00    20  grafana
02:30:16 PM  1000   1826238    0.00    0.00    0.00    0.00    0.00    18  run-otelcol.sh
02:30:16 PM  1000   1826241    0.00    0.00    0.00    0.00    0.00    20  run-prometheus.
02:30:16 PM  1000   1826243    8.00    1.00    0.00    0.00    9.00    20  otelcol-contrib
02:30:16 PM  1000   1826247    0.00    0.00    0.00    0.00    0.00    18  run-tempo.sh
02:30:16 PM  1000   1826251    0.00    0.00    0.00    0.00    0.00    16  run-pyroscope.s
02:30:16 PM  1000   1826253   80.00    2.00    0.00    1.00   82.00    20  tempo
02:30:16 PM  1000   1826255    0.00    0.00    0.00    0.00    0.00    20  prometheus
02:30:16 PM  1000   1826257    0.00    0.00    0.00    0.00    0.00    20  loki
02:30:16 PM  1000   1826258    1.00    0.00    0.00    0.00    1.00    20  pyroscope

02:30:15 PM   UID       PID   cswch/s nvcswch/s  Command
02:30:16 PM  1000   1826233      0.00      0.00  run-grafana.sh
02:30:16 PM  1000   1826235      0.00      0.00  run-loki.sh
02:30:16 PM  1000   1826237     12.00      0.00  grafana
02:30:16 PM  1000   1826238      0.00      0.00  run-otelcol.sh
02:30:16 PM  1000   1826241      0.00      0.00  run-prometheus.
02:30:16 PM  1000   1826243      0.00      0.00  otelcol-contrib
02:30:16 PM  1000   1826247      0.00      0.00  run-tempo.sh
02:30:16 PM  1000   1826251      0.00      0.00  run-pyroscope.s
02:30:16 PM  1000   1826253     81.00     64.00  tempo
02:30:16 PM  1000   1826255      2.00      0.00  prometheus
02:30:16 PM  1000   1826257     39.00      0.00  loki
02:30:16 PM  1000   1826258      1.00      0.00  pyroscope

02:30:16 PM   UID       PID    %usr %system  %guest   %wait    %CPU   CPU  Command
02:30:17 PM  1000   1826233    0.00    0.00    0.00    0.00    0.00    20  run-grafana.sh
02:30:17 PM  1000   1826235    0.00    0.00    0.00    0.00    0.00    18  run-loki.sh
02:30:17 PM  1000   1826237    0.00    0.00    0.00    0.00    0.00    20  grafana
02:30:17 PM  1000   1826238    0.00    0.00    0.00    0.00    0.00    18  run-otelcol.sh
02:30:17 PM  1000   1826241    0.00    0.00    0.00    0.00    0.00    20  run-prometheus.
02:30:17 PM  1000   1826243    5.00    1.00    0.00    0.00    6.00    20  otelcol-contrib
02:30:17 PM  1000   1826247    0.00    0.00    0.00    0.00    0.00    18  run-tempo.sh
02:30:17 PM  1000   1826251    0.00    0.00    0.00    0.00    0.00    16  run-pyroscope.s
02:30:17 PM  1000   1826253   54.00    5.00    0.00    0.00   59.00    20  tempo
02:30:17 PM  1000   1826255    1.00    0.00    0.00    0.00    1.00    20  prometheus
02:30:17 PM  1000   1826257    1.00    0.00    0.00    0.00    1.00    16  loki
02:30:17 PM  1000   1826258    0.00    0.00    0.00    0.00    0.00    20  pyroscope

02:30:16 PM   UID       PID   cswch/s nvcswch/s  Command
02:30:17 PM  1000   1826233      0.00      0.00  run-grafana.sh
02:30:17 PM  1000   1826235      0.00      0.00  run-loki.sh
02:30:17 PM  1000   1826237      0.00      0.00  grafana
02:30:17 PM  1000   1826238      0.00      0.00  run-otelcol.sh
02:30:17 PM  1000   1826241      0.00      0.00  run-prometheus.
02:30:17 PM  1000   1826243      0.00      0.00  otelcol-contrib
02:30:17 PM  1000   1826247      0.00      0.00  run-tempo.sh
02:30:17 PM  1000   1826251      0.00      0.00  run-pyroscope.s
02:30:17 PM  1000   1826253     98.00     72.00  tempo
02:30:17 PM  1000   1826255      1.00      0.00  prometheus
02:30:17 PM  1000   1826257     47.00      0.00  loki
02:30:17 PM  1000   1826258      0.00      0.00  pyroscope

02:30:17 PM   UID       PID    %usr %system  %guest   %wait    %CPU   CPU  Command
02:30:18 PM  1000   1826233    0.00    0.00    0.00    0.00    0.00    20  run-grafana.sh
02:30:18 PM  1000   1826235    0.00    0.00    0.00    0.00    0.00    18  run-loki.sh
02:30:18 PM  1000   1826237    0.00    0.00    0.00    0.00    0.00    20  grafana
02:30:18 PM  1000   1826238    0.00    0.00    0.00    0.00    0.00    18  run-otelcol.sh
02:30:18 PM  1000   1826241    0.00    0.00    0.00    0.00    0.00    20  run-prometheus.
02:30:18 PM  1000   1826243    5.00    0.00    0.00    0.00    5.00    20  otelcol-contrib
02:30:18 PM  1000   1826247    0.00    0.00    0.00    0.00    0.00    18  run-tempo.sh
02:30:18 PM  1000   1826251    0.00    0.00    0.00    0.00    0.00    16  run-pyroscope.s
02:30:18 PM  1000   1826253   48.00    2.00    0.00    0.00   50.00    20  tempo
02:30:18 PM  1000   1826255    0.00    0.00    0.00    0.00    0.00    20  prometheus
02:30:18 PM  1000   1826257    0.00    0.00    0.00    1.00    0.00    20  loki
02:30:18 PM  1000   1826258    0.00    0.00    0.00    0.00    0.00    20  pyroscope

02:30:17 PM   UID       PID   cswch/s nvcswch/s  Command
02:30:18 PM  1000   1826233      0.00      0.00  run-grafana.sh
02:30:18 PM  1000   1826235      0.00      0.00  run-loki.sh
02:30:18 PM  1000   1826237      0.00      0.00  grafana
02:30:18 PM  1000   1826238      0.00      0.00  run-otelcol.sh
02:30:18 PM  1000   1826241      0.00      0.00  run-prometheus.
02:30:18 PM  1000   1826243      0.00      0.00  otelcol-contrib
02:30:18 PM  1000   1826247      0.00      0.00  run-tempo.sh
02:30:18 PM  1000   1826251      0.00      0.00  run-pyroscope.s
02:30:18 PM  1000   1826253     93.00     83.00  tempo
02:30:18 PM  1000   1826255      5.00      0.00  prometheus
02:30:18 PM  1000   1826257     44.00      0.00  loki
02:30:18 PM  1000   1826258      0.00      0.00  pyroscope

02:30:18 PM   UID       PID    %usr %system  %guest   %wait    %CPU   CPU  Command
02:30:19 PM  1000   1826233    0.00    0.00    0.00    0.00    0.00    20  run-grafana.sh
02:30:19 PM  1000   1826235    0.00    0.00    0.00    0.00    0.00    18  run-loki.sh
02:30:19 PM  1000   1826237    0.00    0.00    0.00    0.00    0.00    20  grafana
02:30:19 PM  1000   1826238    0.00    0.00    0.00    0.00    0.00    18  run-otelcol.sh
02:30:19 PM  1000   1826241    0.00    0.00    0.00    0.00    0.00    20  run-prometheus.
02:30:19 PM  1000   1826243    8.00    1.00    0.00    0.00    9.00    20  otelcol-contrib
02:30:19 PM  1000   1826247    0.00    0.00    0.00    0.00    0.00    18  run-tempo.sh
02:30:19 PM  1000   1826251    0.00    0.00    0.00    0.00    0.00    16  run-pyroscope.s
02:30:19 PM  1000   1826253   25.00    1.00    0.00    0.00   26.00    20  tempo
02:30:19 PM  1000   1826255    0.00    0.00    0.00    0.00    0.00    18  prometheus
02:30:19 PM  1000   1826257    0.00    0.00    0.00    0.00    0.00    18  loki
02:30:19 PM  1000   1826258    0.00    0.00    0.00    0.00    0.00    20  pyroscope

02:30:18 PM   UID       PID   cswch/s nvcswch/s  Command
02:30:19 PM  1000   1826233      0.00      0.00  run-grafana.sh
02:30:19 PM  1000   1826235      0.00      0.00  run-loki.sh
02:30:19 PM  1000   1826237      0.00      0.00  grafana
02:30:19 PM  1000   1826238      0.00      0.00  run-otelcol.sh
02:30:19 PM  1000   1826241      0.00      0.00  run-prometheus.
02:30:19 PM  1000   1826243      0.00      0.00  otelcol-contrib
02:30:19 PM  1000   1826247      0.00      0.00  run-tempo.sh
02:30:19 PM  1000   1826251      0.00      0.00  run-pyroscope.s
02:30:19 PM  1000   1826253    105.00      4.00  tempo
02:30:19 PM  1000   1826255      2.00      0.00  prometheus
02:30:19 PM  1000   1826257     19.00      1.00  loki
02:30:19 PM  1000   1826258      0.00      0.00  pyroscope

02:30:19 PM   UID       PID    %usr %system  %guest   %wait    %CPU   CPU  Command
02:30:20 PM  1000   1826233    0.00    0.00    0.00    0.00    0.00    20  run-grafana.sh
02:30:20 PM  1000   1826235    0.00    0.00    0.00    0.00    0.00    18  run-loki.sh
02:30:20 PM  1000   1826237    1.00    0.00    0.00    0.00    1.00    18  grafana
02:30:20 PM  1000   1826238    0.00    0.00    0.00    0.00    0.00    18  run-otelcol.sh
02:30:20 PM  1000   1826241    0.00    0.00    0.00    0.00    0.00    20  run-prometheus.
02:30:20 PM  1000   1826243    5.00    0.00    0.00    0.00    5.00    20  otelcol-contrib
02:30:20 PM  1000   1826247    0.00    0.00    0.00    0.00    0.00    18  run-tempo.sh
02:30:20 PM  1000   1826251    0.00    0.00    0.00    0.00    0.00    16  run-pyroscope.s
02:30:20 PM  1000   1826253   72.00    4.00    0.00    1.00   76.00    18  tempo
02:30:20 PM  1000   1826255    0.00    0.00    0.00    0.00    0.00    16  prometheus
02:30:20 PM  1000   1826257    0.00    0.00    0.00    0.00    0.00    16  loki
02:30:20 PM  1000   1826258    0.00    0.00    0.00    0.00    0.00    20  pyroscope

02:30:19 PM   UID       PID   cswch/s nvcswch/s  Command
02:30:20 PM  1000   1826233      0.00      0.00  run-grafana.sh
02:30:20 PM  1000   1826235      0.00      0.00  run-loki.sh
02:30:20 PM  1000   1826237     19.00      0.00  grafana
02:30:20 PM  1000   1826238      0.00      0.00  run-otelcol.sh
02:30:20 PM  1000   1826241      0.00      0.00  run-prometheus.
02:30:20 PM  1000   1826243      0.00      0.00  otelcol-contrib
02:30:20 PM  1000   1826247      0.00      0.00  run-tempo.sh
02:30:20 PM  1000   1826251      0.00      0.00  run-pyroscope.s
02:30:20 PM  1000   1826253     63.00     63.00  tempo
02:30:20 PM  1000   1826255      2.00      0.00  prometheus
02:30:20 PM  1000   1826257     39.00      0.00  loki
02:30:20 PM  1000   1826258      0.00      0.00  pyroscope

02:30:20 PM   UID       PID    %usr %system  %guest   %wait    %CPU   CPU  Command
02:30:21 PM  1000   1826233    0.00    0.00    0.00    0.00    0.00    20  run-grafana.sh
02:30:21 PM  1000   1826235    0.00    0.00    0.00    0.00    0.00    18  run-loki.sh
02:30:21 PM  1000   1826237    0.00    0.00    0.00    0.00    0.00    16  grafana
02:30:21 PM  1000   1826238    0.00    0.00    0.00    0.00    0.00    18  run-otelcol.sh
02:30:21 PM  1000   1826241    0.00    0.00    0.00    0.00    0.00    20  run-prometheus.
02:30:21 PM  1000   1826243    6.00    0.00    0.00    0.00    6.00    20  otelcol-contrib
02:30:21 PM  1000   1826247    0.00    0.00    0.00    0.00    0.00    18  run-tempo.sh
02:30:21 PM  1000   1826251    0.00    0.00    0.00    0.00    0.00    16  run-pyroscope.s
02:30:21 PM  1000   1826253  131.00   16.00    0.00    0.00  147.00    18  tempo
02:30:21 PM  1000   1826255    1.00    0.00    0.00    0.00    1.00    18  prometheus
02:30:21 PM  1000   1826257    1.00    0.00    0.00    0.00    1.00    18  loki
02:30:21 PM  1000   1826258    0.00    0.00    0.00    0.00    0.00    20  pyroscope

02:30:20 PM   UID       PID   cswch/s nvcswch/s  Command
02:30:21 PM  1000   1826233      0.00      0.00  run-grafana.sh
02:30:21 PM  1000   1826235      0.00      0.00  run-loki.sh
02:30:21 PM  1000   1826237     10.00      0.00  grafana
02:30:21 PM  1000   1826238      0.00      0.00  run-otelcol.sh
02:30:21 PM  1000   1826241      0.00      0.00  run-prometheus.
02:30:21 PM  1000   1826243      0.00      0.00  otelcol-contrib
02:30:21 PM  1000   1826247      0.00      0.00  run-tempo.sh
02:30:21 PM  1000   1826251      0.00      0.00  run-pyroscope.s
02:30:21 PM  1000   1826253      0.00      0.00  tempo
02:30:21 PM  1000   1826255      2.00      0.00  prometheus
02:30:21 PM  1000   1826257     47.00      0.00  loki
02:30:21 PM  1000   1826258      0.00      0.00  pyroscope

02:30:21 PM   UID       PID    %usr %system  %guest   %wait    %CPU   CPU  Command
02:30:22 PM  1000   1826233    0.00    0.00    0.00    0.00    0.00    20  run-grafana.sh
02:30:22 PM  1000   1826235    0.00    0.00    0.00    0.00    0.00    18  run-loki.sh
02:30:22 PM  1000   1826237    0.00    0.00    0.00    0.00    0.00    16  grafana
02:30:22 PM  1000   1826238    0.00    0.00    0.00    0.00    0.00    18  run-otelcol.sh
02:30:22 PM  1000   1826241    0.00    0.00    0.00    0.00    0.00    20  run-prometheus.
02:30:22 PM  1000   1826243    8.00    1.00    0.00    0.00    9.00    20  otelcol-contrib
02:30:22 PM  1000   1826247    0.00    0.00    0.00    0.00    0.00    18  run-tempo.sh
02:30:22 PM  1000   1826251    0.00    0.00    0.00    0.00    0.00    16  run-pyroscope.s
02:30:22 PM  1000   1826253   58.00    3.00    0.00    0.00   61.00    20  tempo
02:30:22 PM  1000   1826255    0.00    0.00    0.00    0.00    0.00    16  prometheus
02:30:22 PM  1000   1826257    0.00    0.00    0.00    0.00    0.00    16  loki
02:30:22 PM  1000   1826258    1.00    0.00    0.00    0.00    1.00    20  pyroscope

02:30:21 PM   UID       PID   cswch/s nvcswch/s  Command
02:30:22 PM  1000   1826233      0.00      0.00  run-grafana.sh
02:30:22 PM  1000   1826235      0.00      0.00  run-loki.sh
02:30:22 PM  1000   1826237     28.00      0.00  grafana
02:30:22 PM  1000   1826238      0.00      0.00  run-otelcol.sh
02:30:22 PM  1000   1826241      0.00      0.00  run-prometheus.
02:30:22 PM  1000   1826243      0.00      0.00  otelcol-contrib
02:30:22 PM  1000   1826247      0.00      0.00  run-tempo.sh
02:30:22 PM  1000   1826251      0.00      0.00  run-pyroscope.s
02:30:22 PM  1000   1826253     46.00      1.00  tempo
02:30:22 PM  1000   1826255      1.00      0.00  prometheus
02:30:22 PM  1000   1826257     12.00      0.00  loki
02:30:22 PM  1000   1826258      0.00      0.00  pyroscope

02:30:22 PM   UID       PID    %usr %system  %guest   %wait    %CPU   CPU  Command
02:30:23 PM  1000   1826233    0.00    0.00    0.00    0.00    0.00    20  run-grafana.sh
02:30:23 PM  1000   1826235    0.00    0.00    0.00    0.00    0.00    18  run-loki.sh
02:30:23 PM  1000   1826237    0.00    0.00    0.00    0.00    0.00    18  grafana
02:30:23 PM  1000   1826238    0.00    0.00    0.00    0.00    0.00    18  run-otelcol.sh
02:30:23 PM  1000   1826241    0.00    0.00    0.00    0.00    0.00    20  run-prometheus.
02:30:23 PM  1000   1826243    6.00    0.00    0.00    0.00    6.00    20  otelcol-contrib
02:30:23 PM  1000   1826247    0.00    0.00    0.00    0.00    0.00    18  run-tempo.sh
02:30:23 PM  1000   1826251    0.00    0.00    0.00    0.00    0.00    16  run-pyroscope.s
02:30:23 PM  1000   1826253   68.00    6.00    0.00    1.00   74.00    18  tempo
02:30:23 PM  1000   1826255    0.00    0.00    0.00    0.00    0.00    16  prometheus
02:30:23 PM  1000   1826257    0.00    0.00    0.00    0.00    0.00    20  loki
02:30:23 PM  1000   1826258    0.00    0.00    0.00    0.00    0.00    20  pyroscope

02:30:22 PM   UID       PID   cswch/s nvcswch/s  Command
02:30:23 PM  1000   1826233      0.00      0.00  run-grafana.sh
02:30:23 PM  1000   1826235      0.00      0.00  run-loki.sh
02:30:23 PM  1000   1826237     37.00      0.00  grafana
02:30:23 PM  1000   1826238      0.00      0.00  run-otelcol.sh
02:30:23 PM  1000   1826241      0.00      0.00  run-prometheus.
02:30:23 PM  1000   1826243      0.00      0.00  otelcol-contrib
02:30:23 PM  1000   1826247      0.00      0.00  run-tempo.sh
02:30:23 PM  1000   1826251      0.00      0.00  run-pyroscope.s
02:30:23 PM  1000   1826253    107.00     18.00  tempo
02:30:23 PM  1000   1826255      0.00      0.00  prometheus
02:30:23 PM  1000   1826257     58.00      0.00  loki
02:30:23 PM  1000   1826258      0.00      0.00  pyroscope

02:30:23 PM   UID       PID    %usr %system  %guest   %wait    %CPU   CPU  Command
02:30:24 PM  1000   1826233    0.00    0.00    0.00    0.00    0.00    20  run-grafana.sh
02:30:24 PM  1000   1826235    0.00    0.00    0.00    0.00    0.00    18  run-loki.sh
02:30:24 PM  1000   1826237    0.00    0.00    0.00    0.00    0.00    20  grafana
02:30:24 PM  1000   1826238    0.00    0.00    0.00    0.00    0.00    18  run-otelcol.sh
02:30:24 PM  1000   1826241    0.00    0.00    0.00    0.00    0.00    20  run-prometheus.
02:30:24 PM  1000   1826243    7.00    0.00    0.00    0.00    7.00    20  otelcol-contrib
02:30:24 PM  1000   1826247    0.00    0.00    0.00    0.00    0.00    18  run-tempo.sh
02:30:24 PM  1000   1826251    0.00    0.00    0.00    0.00    0.00    16  run-pyroscope.s
02:30:24 PM  1000   1826253   47.00    3.00    0.00    2.00   50.00    18  tempo
02:30:24 PM  1000   1826255    0.00    0.00    0.00    0.00    0.00    16  prometheus
02:30:24 PM  1000   1826257    0.00    0.00    0.00    0.00    0.00    18  loki
02:30:24 PM  1000   1826258    0.00    0.00    0.00    0.00    0.00    20  pyroscope

02:30:23 PM   UID       PID   cswch/s nvcswch/s  Command
02:30:24 PM  1000   1826233      0.00      0.00  run-grafana.sh
02:30:24 PM  1000   1826235      0.00      0.00  run-loki.sh
02:30:24 PM  1000   1826237     21.00      0.00  grafana
02:30:24 PM  1000   1826238      0.00      0.00  run-otelcol.sh
02:30:24 PM  1000   1826241      0.00      0.00  run-prometheus.
02:30:24 PM  1000   1826243      0.00      0.00  otelcol-contrib
02:30:24 PM  1000   1826247      0.00      0.00  run-tempo.sh
02:30:24 PM  1000   1826251      0.00      0.00  run-pyroscope.s
02:30:24 PM  1000   1826253     68.00      0.00  tempo
02:30:24 PM  1000   1826255      0.00      0.00  prometheus
02:30:24 PM  1000   1826257     55.00      0.00  loki
02:30:24 PM  1000   1826258      0.00      0.00  pyroscope

02:30:24 PM   UID       PID    %usr %system  %guest   %wait    %CPU   CPU  Command
02:30:25 PM  1000   1826233    0.00    0.00    0.00    0.00    0.00    20  run-grafana.sh
02:30:25 PM  1000   1826235    0.00    0.00    0.00    0.00    0.00    18  run-loki.sh
02:30:25 PM  1000   1826237    0.00    0.00    0.00    0.00    0.00    18  grafana
02:30:25 PM  1000   1826238    0.00    0.00    0.00    0.00    0.00    18  run-otelcol.sh
02:30:25 PM  1000   1826241    0.00    0.00    0.00    0.00    0.00    20  run-prometheus.
02:30:25 PM  1000   1826243    5.00    0.00    0.00    0.00    5.00    20  otelcol-contrib
02:30:25 PM  1000   1826247    0.00    0.00    0.00    0.00    0.00    18  run-tempo.sh
02:30:25 PM  1000   1826251    0.00    0.00    0.00    0.00    0.00    16  run-pyroscope.s
02:30:25 PM  1000   1826253   39.00    1.00    0.00    0.00   40.00    16  tempo
02:30:25 PM  1000   1826255    0.00    0.00    0.00    0.00    0.00    16  prometheus
02:30:25 PM  1000   1826257    2.00    0.00    0.00    0.00    2.00    18  loki
02:30:25 PM  1000   1826258    0.00    0.00    0.00    0.00    0.00    20  pyroscope

02:30:24 PM   UID       PID   cswch/s nvcswch/s  Command
02:30:25 PM  1000   1826233      0.00      0.00  run-grafana.sh
02:30:25 PM  1000   1826235      0.00      0.00  run-loki.sh
02:30:25 PM  1000   1826237     35.00      0.00  grafana
02:30:25 PM  1000   1826238      0.00      0.00  run-otelcol.sh
02:30:25 PM  1000   1826241      0.00      0.00  run-prometheus.
02:30:25 PM  1000   1826243      0.00      0.00  otelcol-contrib
02:30:25 PM  1000   1826247      0.00      0.00  run-tempo.sh
02:30:25 PM  1000   1826251      0.00      0.00  run-pyroscope.s
02:30:25 PM  1000   1826253    119.00     25.00  tempo
02:30:25 PM  1000   1826255      0.00      0.00  prometheus
02:30:25 PM  1000   1826257     49.00      0.00  loki
02:30:25 PM  1000   1826258      0.00      0.00  pyroscope

02:30:25 PM   UID       PID    %usr %system  %guest   %wait    %CPU   CPU  Command
02:30:26 PM  1000   1826233    0.00    0.00    0.00    0.00    0.00    20  run-grafana.sh
02:30:26 PM  1000   1826235    0.00    0.00    0.00    0.00    0.00    18  run-loki.sh
02:30:26 PM  1000   1826237    0.00    0.00    0.00    0.00    0.00    20  grafana
02:30:26 PM  1000   1826238    0.00    0.00    0.00    0.00    0.00    18  run-otelcol.sh
02:30:26 PM  1000   1826241    0.00    0.00    0.00    0.00    0.00    20  run-prometheus.
02:30:26 PM  1000   1826243    6.00    1.00    0.00    0.00    7.00    20  otelcol-contrib
02:30:26 PM  1000   1826247    0.00    0.00    0.00    0.00    0.00    18  run-tempo.sh
02:30:26 PM  1000   1826251    0.00    0.00    0.00    0.00    0.00    16  run-pyroscope.s
02:30:26 PM  1000   1826253   44.00    1.00    0.00    0.00   45.00    20  tempo
02:30:26 PM  1000   1826255    0.00    0.00    0.00    0.00    0.00    16  prometheus
02:30:26 PM  1000   1826257    0.00    1.00    0.00    0.00    1.00    18  loki
02:30:26 PM  1000   1826258    0.00    0.00    0.00    0.00    0.00    20  pyroscope

02:30:25 PM   UID       PID   cswch/s nvcswch/s  Command
02:30:26 PM  1000   1826233      0.00      0.00  run-grafana.sh
02:30:26 PM  1000   1826235      0.00      0.00  run-loki.sh
02:30:26 PM  1000   1826237     32.00      0.00  grafana
02:30:26 PM  1000   1826238      0.00      0.00  run-otelcol.sh
02:30:26 PM  1000   1826241      0.00      0.00  run-prometheus.
02:30:26 PM  1000   1826243      0.00      0.00  otelcol-contrib
02:30:26 PM  1000   1826247      0.00      0.00  run-tempo.sh
02:30:26 PM  1000   1826251      0.00      0.00  run-pyroscope.s
02:30:26 PM  1000   1826253     81.00     11.00  tempo
02:30:26 PM  1000   1826255      0.00      0.00  prometheus
02:30:26 PM  1000   1826257     39.00      0.00  loki
02:30:26 PM  1000   1826258      0.00      0.00  pyroscope

02:30:26 PM   UID       PID    %usr %system  %guest   %wait    %CPU   CPU  Command
02:30:27 PM  1000   1826233    0.00    0.00    0.00    0.00    0.00    20  run-grafana.sh
02:30:27 PM  1000   1826235    0.00    0.00    0.00    0.00    0.00    18  run-loki.sh
02:30:27 PM  1000   1826237    0.00    0.00    0.00    0.00    0.00    20  grafana
02:30:27 PM  1000   1826238    0.00    0.00    0.00    0.00    0.00    18  run-otelcol.sh
02:30:27 PM  1000   1826241    0.00    0.00    0.00    0.00    0.00    20  run-prometheus.
02:30:27 PM  1000   1826243    8.00    0.00    0.00    0.00    8.00    20  otelcol-contrib
02:30:27 PM  1000   1826247    0.00    0.00    0.00    0.00    0.00    18  run-tempo.sh
02:30:27 PM  1000   1826251    0.00    0.00    0.00    0.00    0.00    16  run-pyroscope.s
02:30:27 PM  1000   1826253   47.00    2.00    0.00    0.00   49.00    16  tempo
02:30:27 PM  1000   1826255    0.00    0.00    0.00    0.00    0.00    16  prometheus
02:30:27 PM  1000   1826257    0.00    0.00    0.00    0.00    0.00    20  loki
02:30:27 PM  1000   1826258    0.00    0.00    0.00    0.00    0.00    20  pyroscope

02:30:26 PM   UID       PID   cswch/s nvcswch/s  Command
02:30:27 PM  1000   1826233      0.00      0.00  run-grafana.sh
02:30:27 PM  1000   1826235      0.00      0.00  run-loki.sh
02:30:27 PM  1000   1826237     28.00      0.00  grafana
02:30:27 PM  1000   1826238      0.00      0.00  run-otelcol.sh
02:30:27 PM  1000   1826241      0.00      0.00  run-prometheus.
02:30:27 PM  1000   1826243      0.00      0.00  otelcol-contrib
02:30:27 PM  1000   1826247      0.00      0.00  run-tempo.sh
02:30:27 PM  1000   1826251      0.00      0.00  run-pyroscope.s
02:30:27 PM  1000   1826253     90.00      4.00  tempo
02:30:27 PM  1000   1826255      0.00      0.00  prometheus
02:30:27 PM  1000   1826257     50.00      0.00  loki
02:30:27 PM  1000   1826258      0.00      0.00  pyroscope

02:30:27 PM   UID       PID    %usr %system  %guest   %wait    %CPU   CPU  Command
02:30:28 PM  1000   1826233    0.00    0.00    0.00    0.00    0.00    20  run-grafana.sh
02:30:28 PM  1000   1826235    0.00    0.00    0.00    0.00    0.00    18  run-loki.sh
02:30:28 PM  1000   1826237    0.00    0.00    0.00    0.00    0.00    16  grafana
02:30:28 PM  1000   1826238    0.00    0.00    0.00    0.00    0.00    18  run-otelcol.sh
02:30:28 PM  1000   1826241    0.00    0.00    0.00    0.00    0.00    20  run-prometheus.
02:30:28 PM  1000   1826243    6.00    0.00    0.00    0.00    6.00    20  otelcol-contrib
02:30:28 PM  1000   1826247    0.00    0.00    0.00    0.00    0.00    18  run-tempo.sh
02:30:28 PM  1000   1826251    0.00    0.00    0.00    0.00    0.00    16  run-pyroscope.s
02:30:28 PM  1000   1826253   83.00   10.00    0.00    0.00   93.00    20  tempo
02:30:28 PM  1000   1826255    0.00    0.00    0.00    0.00    0.00    16  prometheus
02:30:28 PM  1000   1826257    1.00    0.00    0.00    0.00    1.00    18  loki
02:30:28 PM  1000   1826258    6.00    0.00    0.00    0.00    6.00    20  pyroscope

02:30:27 PM   UID       PID   cswch/s nvcswch/s  Command
02:30:28 PM  1000   1826233      0.00      0.00  run-grafana.sh
02:30:28 PM  1000   1826235      0.00      0.00  run-loki.sh
02:30:28 PM  1000   1826237     21.00      0.00  grafana
02:30:28 PM  1000   1826238      0.00      0.00  run-otelcol.sh
02:30:28 PM  1000   1826241      0.00      0.00  run-prometheus.
02:30:28 PM  1000   1826243      0.00      0.00  otelcol-contrib
02:30:28 PM  1000   1826247      0.00      0.00  run-tempo.sh
02:30:28 PM  1000   1826251      0.00      0.00  run-pyroscope.s
02:30:28 PM  1000   1826253     94.00      3.00  tempo
02:30:28 PM  1000   1826255      0.00      0.00  prometheus
02:30:28 PM  1000   1826257     45.00      0.00  loki
02:30:28 PM  1000   1826258      0.00      0.00  pyroscope

02:30:28 PM   UID       PID    %usr %system  %guest   %wait    %CPU   CPU  Command
02:30:29 PM  1000   1826233    0.00    0.00    0.00    0.00    0.00    20  run-grafana.sh
02:30:29 PM  1000   1826235    0.00    0.00    0.00    0.00    0.00    18  run-loki.sh
02:30:29 PM  1000   1826237    0.00    0.00    0.00    0.00    0.00    20  grafana
02:30:29 PM  1000   1826238    0.00    0.00    0.00    0.00    0.00    18  run-otelcol.sh
02:30:29 PM  1000   1826241    0.00    0.00    0.00    0.00    0.00    20  run-prometheus.
02:30:29 PM  1000   1826243    5.00    0.00    0.00    0.00    5.00    20  otelcol-contrib
02:30:29 PM  1000   1826247    0.00    0.00    0.00    0.00    0.00    18  run-tempo.sh
02:30:29 PM  1000   1826251    0.00    0.00    0.00    0.00    0.00    16  run-pyroscope.s
02:30:29 PM  1000   1826253   51.00    1.00    0.00    1.00   52.00    16  tempo
02:30:29 PM  1000   1826255    1.00    0.00    0.00    0.00    1.00    16  prometheus
02:30:29 PM  1000   1826257    0.00    0.00    0.00    0.00    0.00    16  loki
02:30:29 PM  1000   1826258    0.00    1.00    0.00    0.00    1.00    20  pyroscope

02:30:28 PM   UID       PID   cswch/s nvcswch/s  Command
02:30:29 PM  1000   1826233      0.00      0.00  run-grafana.sh
02:30:29 PM  1000   1826235      0.00      0.00  run-loki.sh
02:30:29 PM  1000   1826237     26.00      0.00  grafana
02:30:29 PM  1000   1826238      0.00      0.00  run-otelcol.sh
02:30:29 PM  1000   1826241      0.00      0.00  run-prometheus.
02:30:29 PM  1000   1826243      0.00      0.00  otelcol-contrib
02:30:29 PM  1000   1826247      0.00      0.00  run-tempo.sh
02:30:29 PM  1000   1826251      0.00      0.00  run-pyroscope.s
02:30:29 PM  1000   1826253     84.00      7.00  tempo
02:30:29 PM  1000   1826255      0.00      0.00  prometheus
02:30:29 PM  1000   1826257     41.00      0.00  loki
02:30:29 PM  1000   1826258      0.00      0.00  pyroscope

02:30:29 PM   UID       PID    %usr %system  %guest   %wait    %CPU   CPU  Command
02:30:30 PM  1000   1826233    0.00    0.00    0.00    0.00    0.00    20  run-grafana.sh
02:30:30 PM  1000   1826235    0.00    0.00    0.00    0.00    0.00    18  run-loki.sh
02:30:30 PM  1000   1826237    1.00    0.00    0.00    0.00    1.00    18  grafana
02:30:30 PM  1000   1826238    0.00    0.00    0.00    0.00    0.00    18  run-otelcol.sh
02:30:30 PM  1000   1826241    0.00    0.00    0.00    0.00    0.00    20  run-prometheus.
02:30:30 PM  1000   1826243    8.00    1.00    0.00    0.00    9.00    20  otelcol-contrib
02:30:30 PM  1000   1826247    0.00    0.00    0.00    0.00    0.00    18  run-tempo.sh
02:30:30 PM  1000   1826251    0.00    0.00    0.00    0.00    0.00    16  run-pyroscope.s
02:30:30 PM  1000   1826253   45.00    2.00    0.00    0.00   47.00    20  tempo
02:30:30 PM  1000   1826255    0.00    0.00    0.00    0.00    0.00    16  prometheus
02:30:30 PM  1000   1826257    0.00    0.00    0.00    0.00    0.00    18  loki
02:30:30 PM  1000   1826258    0.00    0.00    0.00    0.00    0.00    20  pyroscope

02:30:29 PM   UID       PID   cswch/s nvcswch/s  Command
02:30:30 PM  1000   1826233      0.00      0.00  run-grafana.sh
02:30:30 PM  1000   1826235      0.00      0.00  run-loki.sh
02:30:30 PM  1000   1826237     19.00      0.00  grafana
02:30:30 PM  1000   1826238      0.00      0.00  run-otelcol.sh
02:30:30 PM  1000   1826241      0.00      0.00  run-prometheus.
02:30:30 PM  1000   1826243      0.00      0.00  otelcol-contrib
02:30:30 PM  1000   1826247      0.00      0.00  run-tempo.sh
02:30:30 PM  1000   1826251      0.00      0.00  run-pyroscope.s
02:30:30 PM  1000   1826253     91.00     15.00  tempo
02:30:30 PM  1000   1826255      0.00      0.00  prometheus
02:30:30 PM  1000   1826257     33.00      0.00  loki
02:30:30 PM  1000   1826258      0.00      0.00  pyroscope

02:30:30 PM   UID       PID    %usr %system  %guest   %wait    %CPU   CPU  Command
02:30:31 PM  1000   1826233    0.00    0.00    0.00    0.00    0.00    20  run-grafana.sh
02:30:31 PM  1000   1826235    0.00    0.00    0.00    0.00    0.00    18  run-loki.sh
02:30:31 PM  1000   1826237    0.00    0.00    0.00    0.00    0.00    16  grafana
02:30:31 PM  1000   1826238    0.00    0.00    0.00    0.00    0.00    18  run-otelcol.sh
02:30:31 PM  1000   1826241    0.00    0.00    0.00    0.00    0.00    20  run-prometheus.
02:30:31 PM  1000   1826243    5.00    0.00    0.00    0.00    5.00    20  otelcol-contrib
02:30:31 PM  1000   1826247    0.00    0.00    0.00    0.00    0.00    18  run-tempo.sh
02:30:31 PM  1000   1826251    0.00    0.00    0.00    0.00    0.00    16  run-pyroscope.s
02:30:31 PM  1000   1826253   65.00    1.00    0.00    0.00   66.00    16  tempo
02:30:31 PM  1000   1826255    0.00    0.00    0.00    0.00    0.00    16  prometheus
02:30:31 PM  1000   1826257    0.00    0.00    0.00    0.00    0.00    18  loki
02:30:31 PM  1000   1826258    0.00    0.00    0.00    0.00    0.00    20  pyroscope

02:30:30 PM   UID       PID   cswch/s nvcswch/s  Command
02:30:31 PM  1000   1826233      0.00      0.00  run-grafana.sh
02:30:31 PM  1000   1826235      0.00      0.00  run-loki.sh
02:30:31 PM  1000   1826237      2.00      0.00  grafana
02:30:31 PM  1000   1826238      0.00      0.00  run-otelcol.sh
02:30:31 PM  1000   1826241      0.00      0.00  run-prometheus.
02:30:31 PM  1000   1826243      0.00      0.00  otelcol-contrib
02:30:31 PM  1000   1826247      0.00      0.00  run-tempo.sh
02:30:31 PM  1000   1826251      0.00      0.00  run-pyroscope.s
02:30:31 PM  1000   1826253     82.00     23.00  tempo
02:30:31 PM  1000   1826255      0.00      0.00  prometheus
02:30:31 PM  1000   1826257     14.00      0.00  loki
02:30:31 PM  1000   1826258      0.00      0.00  pyroscope

02:30:31 PM   UID       PID    %usr %system  %guest   %wait    %CPU   CPU  Command
02:30:32 PM  1000   1826233    0.00    0.00    0.00    0.00    0.00    20  run-grafana.sh
02:30:32 PM  1000   1826235    0.00    0.00    0.00    0.00    0.00    18  run-loki.sh
02:30:32 PM  1000   1826237    0.00    0.00    0.00    0.00    0.00    16  grafana
02:30:32 PM  1000   1826238    0.00    0.00    0.00    0.00    0.00    18  run-otelcol.sh
02:30:32 PM  1000   1826241    0.00    0.00    0.00    0.00    0.00    20  run-prometheus.
02:30:32 PM  1000   1826243    8.00    0.00    0.00    0.00    8.00    20  otelcol-contrib
02:30:32 PM  1000   1826247    0.00    0.00    0.00    0.00    0.00    18  run-tempo.sh
02:30:32 PM  1000   1826251    0.00    0.00    0.00    0.00    0.00    16  run-pyroscope.s
02:30:32 PM  1000   1826253   93.00    5.00    0.00    1.00   98.00    16  tempo
02:30:32 PM  1000   1826255    0.00    0.00    0.00    0.00    0.00    16  prometheus
02:30:32 PM  1000   1826257    0.00    0.00    0.00    0.00    0.00    18  loki
02:30:32 PM  1000   1826258    0.00    0.00    0.00    0.00    0.00    20  pyroscope

02:30:31 PM   UID       PID   cswch/s nvcswch/s  Command
02:30:32 PM  1000   1826233      0.00      0.00  run-grafana.sh
02:30:32 PM  1000   1826235      0.00      0.00  run-loki.sh
02:30:32 PM  1000   1826237     30.00      0.00  grafana
02:30:32 PM  1000   1826238      0.00      0.00  run-otelcol.sh
02:30:32 PM  1000   1826241      0.00      0.00  run-prometheus.
02:30:32 PM  1000   1826243      0.00      0.00  otelcol-contrib
02:30:32 PM  1000   1826247      0.00      0.00  run-tempo.sh
02:30:32 PM  1000   1826251      0.00      0.00  run-pyroscope.s
02:30:32 PM  1000   1826253     77.00     13.00  tempo
02:30:32 PM  1000   1826255      0.00      0.00  prometheus
02:30:32 PM  1000   1826257     26.00      0.00  loki
02:30:32 PM  1000   1826258      0.00      0.00  pyroscope

02:30:32 PM   UID       PID    %usr %system  %guest   %wait    %CPU   CPU  Command
02:30:33 PM  1000   1826233    0.00    0.00    0.00    0.00    0.00    20  run-grafana.sh
02:30:33 PM  1000   1826235    0.00    0.00    0.00    0.00    0.00    18  run-loki.sh
02:30:33 PM  1000   1826237    0.00    0.00    0.00    0.00    0.00    16  grafana
02:30:33 PM  1000   1826238    0.00    0.00    0.00    0.00    0.00    18  run-otelcol.sh
02:30:33 PM  1000   1826241    0.00    0.00    0.00    0.00    0.00    20  run-prometheus.
02:30:33 PM  1000   1826243    5.00    1.00    0.00    0.00    6.00    20  otelcol-contrib
02:30:33 PM  1000   1826247    0.00    0.00    0.00    0.00    0.00    18  run-tempo.sh
02:30:33 PM  1000   1826251    0.00    0.00    0.00    0.00    0.00    16  run-pyroscope.s
02:30:33 PM  1000   1826253   36.00    2.00    0.00    0.00   38.00    16  tempo
02:30:33 PM  1000   1826255    0.00    0.00    0.00    0.00    0.00    16  prometheus
02:30:33 PM  1000   1826257    1.00    0.00    0.00    0.00    1.00    20  loki
02:30:33 PM  1000   1826258    0.00    0.00    0.00    0.00    0.00    20  pyroscope

02:30:32 PM   UID       PID   cswch/s nvcswch/s  Command
02:30:33 PM  1000   1826233      0.00      0.00  run-grafana.sh
02:30:33 PM  1000   1826235      0.00      0.00  run-loki.sh
02:30:33 PM  1000   1826237      1.00      0.00  grafana
02:30:33 PM  1000   1826238      0.00      0.00  run-otelcol.sh
02:30:33 PM  1000   1826241      0.00      0.00  run-prometheus.
02:30:33 PM  1000   1826243      0.00      0.00  otelcol-contrib
02:30:33 PM  1000   1826247      0.00      0.00  run-tempo.sh
02:30:33 PM  1000   1826251      0.00      0.00  run-pyroscope.s
02:30:33 PM  1000   1826253    101.00      9.00  tempo
02:30:33 PM  1000   1826255      0.00      0.00  prometheus
02:30:33 PM  1000   1826257     40.00      0.00  loki
02:30:33 PM  1000   1826258      0.00      0.00  pyroscope

02:30:33 PM   UID       PID    %usr %system  %guest   %wait    %CPU   CPU  Command
02:30:34 PM  1000   1826233    0.00    0.00    0.00    0.00    0.00    20  run-grafana.sh
02:30:34 PM  1000   1826235    0.00    0.00    0.00    0.00    0.00    18  run-loki.sh
02:30:34 PM  1000   1826237    0.00    0.00    0.00    0.00    0.00    16  grafana
02:30:34 PM  1000   1826238    0.00    0.00    0.00    0.00    0.00    18  run-otelcol.sh
02:30:34 PM  1000   1826241    0.00    0.00    0.00    0.00    0.00    20  run-prometheus.
02:30:34 PM  1000   1826243    6.00    1.00    0.00    0.00    7.00    20  otelcol-contrib
02:30:34 PM  1000   1826247    0.00    0.00    0.00    0.00    0.00    18  run-tempo.sh
02:30:34 PM  1000   1826251    0.00    0.00    0.00    0.00    0.00    16  run-pyroscope.s
02:30:34 PM  1000   1826253   64.00    4.00    0.00    0.00   68.00    18  tempo
02:30:34 PM  1000   1826255    0.00    0.00    0.00    0.00    0.00    16  prometheus
02:30:34 PM  1000   1826257    0.00    0.00    0.00    0.00    0.00    16  loki
02:30:34 PM  1000   1826258    1.00    0.00    0.00    0.00    1.00    20  pyroscope

02:30:33 PM   UID       PID   cswch/s nvcswch/s  Command
02:30:34 PM  1000   1826233      0.00      0.00  run-grafana.sh
02:30:34 PM  1000   1826235      0.00      0.00  run-loki.sh
02:30:34 PM  1000   1826237     10.00      0.00  grafana
02:30:34 PM  1000   1826238      0.00      0.00  run-otelcol.sh
02:30:34 PM  1000   1826241      0.00      0.00  run-prometheus.
02:30:34 PM  1000   1826243      0.00      0.00  otelcol-contrib
02:30:34 PM  1000   1826247      0.00      0.00  run-tempo.sh
02:30:34 PM  1000   1826251      0.00      0.00  run-pyroscope.s
02:30:34 PM  1000   1826253    102.00      6.00  tempo
02:30:34 PM  1000   1826255      0.00      0.00  prometheus
02:30:34 PM  1000   1826257     44.00      0.00  loki
02:30:34 PM  1000   1826258      0.00      0.00  pyroscope

02:30:34 PM   UID       PID    %usr %system  %guest   %wait    %CPU   CPU  Command
02:30:35 PM  1000   1826233    0.00    0.00    0.00    0.00    0.00    20  run-grafana.sh
02:30:35 PM  1000   1826235    0.00    0.00    0.00    0.00    0.00    18  run-loki.sh
02:30:35 PM  1000   1826237    0.00    0.00    0.00    0.00    0.00    16  grafana
02:30:35 PM  1000   1826238    0.00    0.00    0.00    0.00    0.00    18  run-otelcol.sh
02:30:35 PM  1000   1826241    0.00    0.00    0.00    0.00    0.00    20  run-prometheus.
02:30:35 PM  1000   1826243    7.00    0.00    0.00    0.00    7.00    20  otelcol-contrib
02:30:35 PM  1000   1826247    0.00    0.00    0.00    0.00    0.00    18  run-tempo.sh
02:30:35 PM  1000   1826251    0.00    0.00    0.00    0.00    0.00    16  run-pyroscope.s
02:30:35 PM  1000   1826253   22.00    1.00    0.00    0.00   23.00    20  tempo
02:30:35 PM  1000   1826255    0.00    0.00    0.00    0.00    0.00    16  prometheus
02:30:35 PM  1000   1826257    0.00    0.00    0.00    0.00    0.00    18  loki
02:30:35 PM  1000   1826258    0.00    0.00    0.00    0.00    0.00    20  pyroscope

02:30:34 PM   UID       PID   cswch/s nvcswch/s  Command
02:30:35 PM  1000   1826233      0.00      0.00  run-grafana.sh
02:30:35 PM  1000   1826235      0.00      0.00  run-loki.sh
02:30:35 PM  1000   1826237     10.00      0.00  grafana
02:30:35 PM  1000   1826238      0.00      0.00  run-otelcol.sh
02:30:35 PM  1000   1826241      0.00      0.00  run-prometheus.
02:30:35 PM  1000   1826243      0.00      0.00  otelcol-contrib
02:30:35 PM  1000   1826247      0.00      0.00  run-tempo.sh
02:30:35 PM  1000   1826251      0.00      0.00  run-pyroscope.s
02:30:35 PM  1000   1826253    104.00      3.00  tempo
02:30:35 PM  1000   1826255      0.00      0.00  prometheus
02:30:35 PM  1000   1826257     54.00      0.00  loki
02:30:35 PM  1000   1826258      0.00      0.00  pyroscope

02:30:35 PM   UID       PID    %usr %system  %guest   %wait    %CPU   CPU  Command
02:30:36 PM  1000   1826233    0.00    0.00    0.00    0.00    0.00    20  run-grafana.sh
02:30:36 PM  1000   1826235    0.00    0.00    0.00    0.00    0.00    18  run-loki.sh
02:30:36 PM  1000   1826237    0.00    0.00    0.00    0.00    0.00    18  grafana
02:30:36 PM  1000   1826238    0.00    0.00    0.00    0.00    0.00    18  run-otelcol.sh
02:30:36 PM  1000   1826241    0.00    0.00    0.00    0.00    0.00    20  run-prometheus.
02:30:36 PM  1000   1826243    6.00    1.00    0.00    0.00    7.00    20  otelcol-contrib
02:30:36 PM  1000   1826247    0.00    0.00    0.00    0.00    0.00    18  run-tempo.sh
02:30:36 PM  1000   1826251    0.00    0.00    0.00    0.00    0.00    16  run-pyroscope.s
02:30:36 PM  1000   1826253   64.00    7.00    0.00    1.00   71.00    16  tempo
02:30:36 PM  1000   1826255    0.00    0.00    0.00    0.00    0.00    16  prometheus
02:30:36 PM  1000   1826257    0.00    1.00    0.00    0.00    1.00    18  loki
02:30:36 PM  1000   1826258    0.00    0.00    0.00    0.00    0.00    20  pyroscope

02:30:35 PM   UID       PID   cswch/s nvcswch/s  Command
02:30:36 PM  1000   1826233      0.00      0.00  run-grafana.sh
02:30:36 PM  1000   1826235      0.00      0.00  run-loki.sh
02:30:36 PM  1000   1826237     21.00      0.00  grafana
02:30:36 PM  1000   1826238      0.00      0.00  run-otelcol.sh
02:30:36 PM  1000   1826241      0.00      0.00  run-prometheus.
02:30:36 PM  1000   1826243      0.00      0.00  otelcol-contrib
02:30:36 PM  1000   1826247      0.00      0.00  run-tempo.sh
02:30:36 PM  1000   1826251      0.00      0.00  run-pyroscope.s
02:30:36 PM  1000   1826253    103.00     24.00  tempo
02:30:36 PM  1000   1826255      0.00      0.00  prometheus
02:30:36 PM  1000   1826257     49.00      0.00  loki
02:30:36 PM  1000   1826258      0.00      0.00  pyroscope

02:30:36 PM   UID       PID    %usr %system  %guest   %wait    %CPU   CPU  Command
02:30:37 PM  1000   1826233    0.00    0.00    0.00    0.00    0.00    20  run-grafana.sh
02:30:37 PM  1000   1826235    0.00    0.00    0.00    0.00    0.00    18  run-loki.sh
02:30:37 PM  1000   1826237    0.00    0.00    0.00    0.00    0.00    18  grafana
02:30:37 PM  1000   1826238    0.00    0.00    0.00    0.00    0.00    18  run-otelcol.sh
02:30:37 PM  1000   1826241    0.00    0.00    0.00    0.00    0.00    20  run-prometheus.
02:30:37 PM  1000   1826243    7.00    0.00    0.00    0.00    7.00    20  otelcol-contrib
02:30:37 PM  1000   1826247    0.00    0.00    0.00    0.00    0.00    18  run-tempo.sh
02:30:37 PM  1000   1826251    0.00    0.00    0.00    0.00    0.00    16  run-pyroscope.s
02:30:37 PM  1000   1826253  114.00   12.00    0.00    0.00  126.00    18  tempo
02:30:37 PM  1000   1826255    0.00    1.00    0.00    0.00    1.00    16  prometheus
02:30:37 PM  1000   1826257    0.00    0.00    0.00    0.00    0.00    16  loki
02:30:37 PM  1000   1826258    0.00    0.00    0.00    0.00    0.00    20  pyroscope

02:30:36 PM   UID       PID   cswch/s nvcswch/s  Command
02:30:37 PM  1000   1826233      0.00      0.00  run-grafana.sh
02:30:37 PM  1000   1826235      0.00      0.00  run-loki.sh
02:30:37 PM  1000   1826237      8.00      0.00  grafana
02:30:37 PM  1000   1826238      0.00      0.00  run-otelcol.sh
02:30:37 PM  1000   1826241      0.00      0.00  run-prometheus.
02:30:37 PM  1000   1826243      0.00      0.00  otelcol-contrib
02:30:37 PM  1000   1826247      0.00      0.00  run-tempo.sh
02:30:37 PM  1000   1826251      0.00      0.00  run-pyroscope.s
02:30:37 PM  1000   1826253     28.00      4.00  tempo
02:30:37 PM  1000   1826255      0.00      0.00  prometheus
02:30:37 PM  1000   1826257     57.00      0.00  loki
02:30:37 PM  1000   1826258      0.00      0.00  pyroscope

02:30:37 PM   UID       PID    %usr %system  %guest   %wait    %CPU   CPU  Command
02:30:38 PM  1000   1826233    0.00    0.00    0.00    0.00    0.00    20  run-grafana.sh
02:30:38 PM  1000   1826235    0.00    0.00    0.00    0.00    0.00    18  run-loki.sh
02:30:38 PM  1000   1826237    0.00    0.00    0.00    0.00    0.00    20  grafana
02:30:38 PM  1000   1826238    0.00    0.00    0.00    0.00    0.00    18  run-otelcol.sh
02:30:38 PM  1000   1826241    0.00    0.00    0.00    0.00    0.00    20  run-prometheus.
02:30:38 PM  1000   1826243    6.00    0.00    0.00    0.00    6.00    20  otelcol-contrib
02:30:38 PM  1000   1826247    0.00    0.00    0.00    0.00    0.00    18  run-tempo.sh
02:30:38 PM  1000   1826251    0.00    0.00    0.00    0.00    0.00    16  run-pyroscope.s
02:30:38 PM  1000   1826253   43.00    1.00    0.00    0.00   44.00    18  tempo
02:30:38 PM  1000   1826255    0.00    0.00    0.00    0.00    0.00    16  prometheus
02:30:38 PM  1000   1826257    1.00    0.00    0.00    0.00    1.00    16  loki
02:30:38 PM  1000   1826258    0.00    0.00    0.00    0.00    0.00    20  pyroscope

02:30:37 PM   UID       PID   cswch/s nvcswch/s  Command
02:30:38 PM  1000   1826233      0.00      0.00  run-grafana.sh
02:30:38 PM  1000   1826235      0.00      0.00  run-loki.sh
02:30:38 PM  1000   1826237     14.00      0.00  grafana
02:30:38 PM  1000   1826238      0.00      0.00  run-otelcol.sh
02:30:38 PM  1000   1826241      0.00      0.00  run-prometheus.
02:30:38 PM  1000   1826243      0.00      0.00  otelcol-contrib
02:30:38 PM  1000   1826247      0.00      0.00  run-tempo.sh
02:30:38 PM  1000   1826251      0.00      0.00  run-pyroscope.s
02:30:38 PM  1000   1826253      0.00      0.00  tempo
02:30:38 PM  1000   1826255      0.00      0.00  prometheus
02:30:38 PM  1000   1826257     44.00      0.00  loki
02:30:38 PM  1000   1826258      0.00      0.00  pyroscope

02:30:38 PM   UID       PID    %usr %system  %guest   %wait    %CPU   CPU  Command
02:30:39 PM  1000   1826233    0.00    0.00    0.00    0.00    0.00    20  run-grafana.sh
02:30:39 PM  1000   1826235    0.00    0.00    0.00    0.00    0.00    18  run-loki.sh
02:30:39 PM  1000   1826237    0.00    0.00    0.00    0.00    0.00    20  grafana
02:30:39 PM  1000   1826238    0.00    0.00    0.00    0.00    0.00    18  run-otelcol.sh
02:30:39 PM  1000   1826241    0.00    0.00    0.00    0.00    0.00    20  run-prometheus.
02:30:39 PM  1000   1826243    6.00    1.00    0.00    0.00    7.00    20  otelcol-contrib
02:30:39 PM  1000   1826247    0.00    0.00    0.00    0.00    0.00    18  run-tempo.sh
02:30:39 PM  1000   1826251    0.00    0.00    0.00    0.00    0.00    16  run-pyroscope.s
02:30:39 PM  1000   1826253   36.00    5.00    0.00    0.00   41.00    16  tempo
02:30:39 PM  1000   1826255    1.00    0.00    0.00    0.00    1.00    16  prometheus
02:30:39 PM  1000   1826257    0.00    0.00    0.00    0.00    0.00    20  loki
02:30:39 PM  1000   1826258    0.00    0.00    0.00    0.00    0.00    20  pyroscope

02:30:38 PM   UID       PID   cswch/s nvcswch/s  Command
02:30:39 PM  1000   1826233      0.00      0.00  run-grafana.sh
02:30:39 PM  1000   1826235      0.00      0.00  run-loki.sh
02:30:39 PM  1000   1826237     27.00      0.00  grafana
02:30:39 PM  1000   1826238      0.00      0.00  run-otelcol.sh
02:30:39 PM  1000   1826241      0.00      0.00  run-prometheus.
02:30:39 PM  1000   1826243      0.00      0.00  otelcol-contrib
02:30:39 PM  1000   1826247      0.00      0.00  run-tempo.sh
02:30:39 PM  1000   1826251      0.00      0.00  run-pyroscope.s
02:30:39 PM  1000   1826253     56.00      0.00  tempo
02:30:39 PM  1000   1826255      0.00      0.00  prometheus
02:30:39 PM  1000   1826257     41.00      0.00  loki
02:30:39 PM  1000   1826258      0.00      0.00  pyroscope

02:30:39 PM   UID       PID    %usr %system  %guest   %wait    %CPU   CPU  Command
02:30:40 PM  1000   1826233    0.00    0.00    0.00    0.00    0.00    20  run-grafana.sh
02:30:40 PM  1000   1826235    0.00    0.00    0.00    0.00    0.00    18  run-loki.sh
02:30:40 PM  1000   1826237    0.00    0.00    0.00    0.00    0.00    20  grafana
02:30:40 PM  1000   1826238    0.00    0.00    0.00    0.00    0.00    18  run-otelcol.sh
02:30:40 PM  1000   1826241    0.00    0.00    0.00    0.00    0.00    20  run-prometheus.
02:30:40 PM  1000   1826243    7.00    0.00    0.00    0.00    7.00    20  otelcol-contrib
02:30:40 PM  1000   1826247    0.00    0.00    0.00    0.00    0.00    18  run-tempo.sh
02:30:40 PM  1000   1826251    0.00    0.00    0.00    0.00    0.00    16  run-pyroscope.s
02:30:40 PM  1000   1826253   64.00    3.00    0.00    0.00   67.00    16  tempo
02:30:40 PM  1000   1826255    0.00    0.00    0.00    0.00    0.00    16  prometheus
02:30:40 PM  1000   1826257    0.00    0.00    0.00    0.00    0.00    20  loki
02:30:40 PM  1000   1826258    0.00    0.00    0.00    0.00    0.00    20  pyroscope

02:30:39 PM   UID       PID   cswch/s nvcswch/s  Command
02:30:40 PM  1000   1826233      0.00      0.00  run-grafana.sh
02:30:40 PM  1000   1826235      0.00      0.00  run-loki.sh
02:30:40 PM  1000   1826237      8.00      0.00  grafana
02:30:40 PM  1000   1826238      0.00      0.00  run-otelcol.sh
02:30:40 PM  1000   1826241      0.00      0.00  run-prometheus.
02:30:40 PM  1000   1826243      0.00      0.00  otelcol-contrib
02:30:40 PM  1000   1826247      0.00      0.00  run-tempo.sh
02:30:40 PM  1000   1826251      0.00      0.00  run-pyroscope.s
02:30:40 PM  1000   1826253      3.00      0.00  tempo
02:30:40 PM  1000   1826255      0.00      0.00  prometheus
02:30:40 PM  1000   1826257     18.00      0.00  loki
02:30:40 PM  1000   1826258      0.00      0.00  pyroscope

02:30:40 PM   UID       PID    %usr %system  %guest   %wait    %CPU   CPU  Command
02:30:41 PM  1000   1826233    0.00    0.00    0.00    0.00    0.00    20  run-grafana.sh
02:30:41 PM  1000   1826235    0.00    0.00    0.00    0.00    0.00    18  run-loki.sh
02:30:41 PM  1000   1826237    1.00    0.00    0.00    0.00    1.00    20  grafana
02:30:41 PM  1000   1826238    0.00    0.00    0.00    0.00    0.00    18  run-otelcol.sh
02:30:41 PM  1000   1826241    0.00    0.00    0.00    0.00    0.00    20  run-prometheus.
02:30:41 PM  1000   1826243    6.00    0.00    0.00    0.00    6.00    20  otelcol-contrib
02:30:41 PM  1000   1826247    0.00    0.00    0.00    0.00    0.00    18  run-tempo.sh
02:30:41 PM  1000   1826251    0.00    0.00    0.00    0.00    0.00    16  run-pyroscope.s
02:30:41 PM  1000   1826253   65.00    3.00    0.00    0.00   68.00    16  tempo
02:30:41 PM  1000   1826255    0.00    0.00    0.00    0.00    0.00    16  prometheus
02:30:41 PM  1000   1826257    0.00    0.00    0.00    0.00    0.00    18  loki
02:30:41 PM  1000   1826258    1.00    1.00    0.00    0.00    2.00    20  pyroscope

02:30:40 PM   UID       PID   cswch/s nvcswch/s  Command
02:30:41 PM  1000   1826233      0.00      0.00  run-grafana.sh
02:30:41 PM  1000   1826235      0.00      0.00  run-loki.sh
02:30:41 PM  1000   1826237     15.00      0.00  grafana
02:30:41 PM  1000   1826238      0.00      0.00  run-otelcol.sh
02:30:41 PM  1000   1826241      0.00      0.00  run-prometheus.
02:30:41 PM  1000   1826243      0.00      0.00  otelcol-contrib
02:30:41 PM  1000   1826247      0.00      0.00  run-tempo.sh
02:30:41 PM  1000   1826251      0.00      0.00  run-pyroscope.s
02:30:41 PM  1000   1826253      0.00      0.00  tempo
02:30:41 PM  1000   1826255      0.00      0.00  prometheus
02:30:41 PM  1000   1826257     34.00      0.00  loki
02:30:41 PM  1000   1826258      0.00      0.00  pyroscope

02:30:41 PM   UID       PID    %usr %system  %guest   %wait    %CPU   CPU  Command
02:30:42 PM  1000   1826233    0.00    0.00    0.00    0.00    0.00    20  run-grafana.sh
02:30:42 PM  1000   1826235    0.00    0.00    0.00    0.00    0.00    18  run-loki.sh
02:30:42 PM  1000   1826237    0.00    0.00    0.00    0.00    0.00    18  grafana
02:30:42 PM  1000   1826238    0.00    0.00    0.00    0.00    0.00    18  run-otelcol.sh
02:30:42 PM  1000   1826241    0.00    0.00    0.00    0.00    0.00    20  run-prometheus.
02:30:42 PM  1000   1826243    7.00    1.00    0.00    0.00    8.00    20  otelcol-contrib
02:30:42 PM  1000   1826247    0.00    0.00    0.00    0.00    0.00    18  run-tempo.sh
02:30:42 PM  1000   1826251    0.00    0.00    0.00    0.00    0.00    16  run-pyroscope.s
02:30:42 PM  1000   1826253   70.00    6.00    0.00    0.00   76.00    16  tempo
02:30:42 PM  1000   1826255    0.00    0.00    0.00    0.00    0.00    16  prometheus
02:30:42 PM  1000   1826257    1.00    0.00    0.00    0.00    1.00    16  loki
02:30:42 PM  1000   1826258    0.00    0.00    0.00    0.00    0.00    20  pyroscope

02:30:41 PM   UID       PID   cswch/s nvcswch/s  Command
02:30:42 PM  1000   1826233      0.00      0.00  run-grafana.sh
02:30:42 PM  1000   1826235      0.00      0.00  run-loki.sh
02:30:42 PM  1000   1826237     15.00      0.00  grafana
02:30:42 PM  1000   1826238      0.00      0.00  run-otelcol.sh
02:30:42 PM  1000   1826241      0.00      0.00  run-prometheus.
02:30:42 PM  1000   1826243      0.00      0.00  otelcol-contrib
02:30:42 PM  1000   1826247      0.00      0.00  run-tempo.sh
02:30:42 PM  1000   1826251      0.00      0.00  run-pyroscope.s
02:30:42 PM  1000   1826253      0.00      0.00  tempo
02:30:42 PM  1000   1826255      0.00      0.00  prometheus
02:30:42 PM  1000   1826257     38.00      0.00  loki
02:30:42 PM  1000   1826258      0.00      0.00  pyroscope

02:30:42 PM   UID       PID    %usr %system  %guest   %wait    %CPU   CPU  Command
02:30:43 PM  1000   1826233    0.00    0.00    0.00    0.00    0.00    20  run-grafana.sh
02:30:43 PM  1000   1826235    0.00    0.00    0.00    0.00    0.00    18  run-loki.sh
02:30:43 PM  1000   1826237    0.00    0.00    0.00    0.00    0.00    16  grafana
02:30:43 PM  1000   1826238    0.00    0.00    0.00    0.00    0.00    18  run-otelcol.sh
02:30:43 PM  1000   1826241    0.00    0.00    0.00    0.00    0.00    20  run-prometheus.
02:30:43 PM  1000   1826243    5.00    0.00    0.00    0.00    5.00    20  otelcol-contrib
02:30:43 PM  1000   1826247    0.00    0.00    0.00    0.00    0.00    18  run-tempo.sh
02:30:43 PM  1000   1826251    0.00    0.00    0.00    0.00    0.00    16  run-pyroscope.s
02:30:43 PM  1000   1826253   65.00    4.00    0.00    2.00   69.00    18  tempo
02:30:43 PM  1000   1826255    0.00    0.00    0.00    0.00    0.00    16  prometheus
02:30:43 PM  1000   1826257    0.00    0.00    0.00    0.00    0.00    20  loki
02:30:43 PM  1000   1826258    5.00    0.00    0.00    0.00    5.00    20  pyroscope

02:30:42 PM   UID       PID   cswch/s nvcswch/s  Command
02:30:43 PM  1000   1826233      0.00      0.00  run-grafana.sh
02:30:43 PM  1000   1826235      0.00      0.00  run-loki.sh
02:30:43 PM  1000   1826237     22.00      0.00  grafana
02:30:43 PM  1000   1826238      0.00      0.00  run-otelcol.sh
02:30:43 PM  1000   1826241      0.00      0.00  run-prometheus.
02:30:43 PM  1000   1826243      0.00      0.00  otelcol-contrib
02:30:43 PM  1000   1826247      0.00      0.00  run-tempo.sh
02:30:43 PM  1000   1826251      0.00      0.00  run-pyroscope.s
02:30:43 PM  1000   1826253     66.00      8.00  tempo
02:30:43 PM  1000   1826255      0.00      0.00  prometheus
02:30:43 PM  1000   1826257     48.00      0.00  loki
02:30:43 PM  1000   1826258      0.00      0.00  pyroscope

02:30:43 PM   UID       PID    %usr %system  %guest   %wait    %CPU   CPU  Command
02:30:44 PM  1000   1826233    0.00    0.00    0.00    0.00    0.00    20  run-grafana.sh
02:30:44 PM  1000   1826235    0.00    0.00    0.00    0.00    0.00    18  run-loki.sh
02:30:44 PM  1000   1826237    0.00    0.00    0.00    0.00    0.00    16  grafana
02:30:44 PM  1000   1826238    0.00    0.00    0.00    0.00    0.00    18  run-otelcol.sh
02:30:44 PM  1000   1826241    0.00    0.00    0.00    0.00    0.00    20  run-prometheus.
02:30:44 PM  1000   1826243    6.00    1.00    0.00    0.00    7.00    20  otelcol-contrib
02:30:44 PM  1000   1826247    0.00    0.00    0.00    0.00    0.00    18  run-tempo.sh
02:30:44 PM  1000   1826251    0.00    0.00    0.00    0.00    0.00    16  run-pyroscope.s
02:30:44 PM  1000   1826253   41.00    2.00    0.00    0.00   43.00    16  tempo
02:30:44 PM  1000   1826255    0.00    0.00    0.00    0.00    0.00    16  prometheus
02:30:44 PM  1000   1826257    1.00    0.00    0.00    0.00    1.00    16  loki
02:30:44 PM  1000   1826258    0.00    0.00    0.00    0.00    0.00    20  pyroscope

02:30:43 PM   UID       PID   cswch/s nvcswch/s  Command
02:30:44 PM  1000   1826233      0.00      0.00  run-grafana.sh
02:30:44 PM  1000   1826235      0.00      0.00  run-loki.sh
02:30:44 PM  1000   1826237     16.00      0.00  grafana
02:30:44 PM  1000   1826238      0.00      0.00  run-otelcol.sh
02:30:44 PM  1000   1826241      0.00      0.00  run-prometheus.
02:30:44 PM  1000   1826243      0.00      0.00  otelcol-contrib
02:30:44 PM  1000   1826247      0.00      0.00  run-tempo.sh
02:30:44 PM  1000   1826251      0.00      0.00  run-pyroscope.s
02:30:44 PM  1000   1826253     96.00      2.00  tempo
02:30:44 PM  1000   1826255      0.00      0.00  prometheus
02:30:44 PM  1000   1826257     13.00      0.00  loki
02:30:44 PM  1000   1826258      0.00      0.00  pyroscope

02:30:44 PM   UID       PID    %usr %system  %guest   %wait    %CPU   CPU  Command
02:30:45 PM  1000   1826233    0.00    0.00    0.00    0.00    0.00    20  run-grafana.sh
02:30:45 PM  1000   1826235    0.00    0.00    0.00    0.00    0.00    18  run-loki.sh
02:30:45 PM  1000   1826237    0.00    0.00    0.00    0.00    0.00    16  grafana
02:30:45 PM  1000   1826238    0.00    0.00    0.00    0.00    0.00    18  run-otelcol.sh
02:30:45 PM  1000   1826241    0.00    0.00    0.00    0.00    0.00    20  run-prometheus.
02:30:45 PM  1000   1826243    8.00    0.00    0.00    0.00    8.00    20  otelcol-contrib
02:30:45 PM  1000   1826247    0.00    0.00    0.00    0.00    0.00    18  run-tempo.sh
02:30:45 PM  1000   1826251    0.00    0.00    0.00    0.00    0.00    16  run-pyroscope.s
02:30:45 PM  1000   1826253   77.00    7.00    0.00    0.00   84.00    18  tempo
02:30:45 PM  1000   1826255    0.00    0.00    0.00    0.00    0.00    16  prometheus
02:30:45 PM  1000   1826257    0.00    0.00    0.00    0.00    0.00    16  loki
02:30:45 PM  1000   1826258    0.00    0.00    0.00    0.00    0.00    20  pyroscope

02:30:44 PM   UID       PID   cswch/s nvcswch/s  Command
02:30:45 PM  1000   1826233      0.00      0.00  run-grafana.sh
02:30:45 PM  1000   1826235      0.00      0.00  run-loki.sh
02:30:45 PM  1000   1826237      1.00      0.00  grafana
02:30:45 PM  1000   1826238      0.00      0.00  run-otelcol.sh
02:30:45 PM  1000   1826241      0.00      0.00  run-prometheus.
02:30:45 PM  1000   1826243      0.00      0.00  otelcol-contrib
02:30:45 PM  1000   1826247      0.00      0.00  run-tempo.sh
02:30:45 PM  1000   1826251      0.00      0.00  run-pyroscope.s
02:30:45 PM  1000   1826253     89.00      7.00  tempo
02:30:45 PM  1000   1826255      0.00      0.00  prometheus
02:30:45 PM  1000   1826257      0.00      0.00  loki
02:30:45 PM  1000   1826258      0.00      0.00  pyroscope

02:30:45 PM   UID       PID    %usr %system  %guest   %wait    %CPU   CPU  Command
02:30:46 PM  1000   1826233    0.00    0.00    0.00    0.00    0.00    20  run-grafana.sh
02:30:46 PM  1000   1826235    0.00    0.00    0.00    0.00    0.00    18  run-loki.sh
02:30:46 PM  1000   1826237    9.00    1.00    0.00    0.00   10.00    16  grafana
02:30:46 PM  1000   1826238    0.00    0.00    0.00    0.00    0.00    18  run-otelcol.sh
02:30:46 PM  1000   1826241    0.00    0.00    0.00    0.00    0.00    20  run-prometheus.
02:30:46 PM  1000   1826243    5.00    0.00    0.00    0.00    5.00    20  otelcol-contrib
02:30:46 PM  1000   1826247    0.00    0.00    0.00    0.00    0.00    18  run-tempo.sh
02:30:46 PM  1000   1826251    0.00    0.00    0.00    0.00    0.00    16  run-pyroscope.s
02:30:46 PM  1000   1826253   26.00    2.00    0.00    0.00   28.00    20  tempo
02:30:46 PM  1000   1826255    1.00    0.00    0.00    0.00    1.00    20  prometheus
02:30:46 PM  1000   1826257    0.00    0.00    0.00    0.00    0.00    16  loki
02:30:46 PM  1000   1826258    0.00    0.00    0.00    0.00    0.00    20  pyroscope

02:30:45 PM   UID       PID   cswch/s nvcswch/s  Command
02:30:46 PM  1000   1826233      0.00      0.00  run-grafana.sh
02:30:46 PM  1000   1826235      0.00      0.00  run-loki.sh
02:30:46 PM  1000   1826237     15.00      1.00  grafana
02:30:46 PM  1000   1826238      0.00      0.00  run-otelcol.sh
02:30:46 PM  1000   1826241      0.00      0.00  run-prometheus.
02:30:46 PM  1000   1826243      0.00      0.00  otelcol-contrib
02:30:46 PM  1000   1826247      0.00      0.00  run-tempo.sh
02:30:46 PM  1000   1826251      0.00      0.00  run-pyroscope.s
02:30:46 PM  1000   1826253     99.00      4.00  tempo
02:30:46 PM  1000   1826255      4.00      0.00  prometheus
02:30:46 PM  1000   1826257     12.00      0.00  loki
02:30:46 PM  1000   1826258      0.00      0.00  pyroscope

02:30:46 PM   UID       PID    %usr %system  %guest   %wait    %CPU   CPU  Command
02:30:47 PM  1000   1826233    0.00    0.00    0.00    0.00    0.00    20  run-grafana.sh
02:30:47 PM  1000   1826235    0.00    0.00    0.00    0.00    0.00    18  run-loki.sh
02:30:47 PM  1000   1826237    0.00    0.00    0.00    0.00    0.00    18  grafana
02:30:47 PM  1000   1826238    0.00    0.00    0.00    0.00    0.00    18  run-otelcol.sh
02:30:47 PM  1000   1826241    0.00    0.00    0.00    0.00    0.00    20  run-prometheus.
02:30:47 PM  1000   1826243    8.00    1.00    0.00    0.00    9.00    20  otelcol-contrib
02:30:47 PM  1000   1826247    0.00    0.00    0.00    0.00    0.00    18  run-tempo.sh
02:30:47 PM  1000   1826251    0.00    0.00    0.00    0.00    0.00    16  run-pyroscope.s
02:30:47 PM  1000   1826253   51.00    5.00    0.00    0.00   56.00    16  tempo
02:30:47 PM  1000   1826255    0.00    0.00    0.00    0.00    0.00    20  prometheus
02:30:47 PM  1000   1826257    0.00    0.00    0.00    0.00    0.00    16  loki
02:30:47 PM  1000   1826258    0.00    0.00    0.00    0.00    0.00    20  pyroscope

02:30:46 PM   UID       PID   cswch/s nvcswch/s  Command
02:30:47 PM  1000   1826233      0.00      0.00  run-grafana.sh
02:30:47 PM  1000   1826235      0.00      0.00  run-loki.sh
02:30:47 PM  1000   1826237      4.00      0.00  grafana
02:30:47 PM  1000   1826238      0.00      0.00  run-otelcol.sh
02:30:47 PM  1000   1826241      0.00      0.00  run-prometheus.
02:30:47 PM  1000   1826243      0.00      0.00  otelcol-contrib
02:30:47 PM  1000   1826247      0.00      0.00  run-tempo.sh
02:30:47 PM  1000   1826251      0.00      0.00  run-pyroscope.s
02:30:47 PM  1000   1826253     71.00      2.00  tempo
02:30:47 PM  1000   1826255      0.00      0.00  prometheus
02:30:47 PM  1000   1826257     41.00      0.00  loki
02:30:47 PM  1000   1826258      0.00      0.00  pyroscope

02:30:47 PM   UID       PID    %usr %system  %guest   %wait    %CPU   CPU  Command
02:30:48 PM  1000   1826233    0.00    0.00    0.00    0.00    0.00    20  run-grafana.sh
02:30:48 PM  1000   1826235    0.00    0.00    0.00    0.00    0.00    18  run-loki.sh
02:30:48 PM  1000   1826237    0.00    0.00    0.00    0.00    0.00    18  grafana
02:30:48 PM  1000   1826238    0.00    0.00    0.00    0.00    0.00    18  run-otelcol.sh
02:30:48 PM  1000   1826241    0.00    0.00    0.00    0.00    0.00    20  run-prometheus.
02:30:48 PM  1000   1826243    6.00    0.00    0.00    0.00    6.00    20  otelcol-contrib
02:30:48 PM  1000   1826247    0.00    0.00    0.00    0.00    0.00    18  run-tempo.sh
02:30:48 PM  1000   1826251    0.00    0.00    0.00    0.00    0.00    16  run-pyroscope.s
02:30:48 PM  1000   1826253   23.00    1.00    0.00    0.00   24.00    16  tempo
02:30:48 PM  1000   1826255    1.00    0.00    0.00    0.00    1.00    20  prometheus
02:30:48 PM  1000   1826257    0.00    0.00    0.00    0.00    0.00    20  loki
02:30:48 PM  1000   1826258    1.00    0.00    0.00    0.00    1.00    20  pyroscope

02:30:47 PM   UID       PID   cswch/s nvcswch/s  Command
02:30:48 PM  1000   1826233      0.00      0.00  run-grafana.sh
02:30:48 PM  1000   1826235      0.00      0.00  run-loki.sh
02:30:48 PM  1000   1826237     11.00      0.00  grafana
02:30:48 PM  1000   1826238      0.00      0.00  run-otelcol.sh
02:30:48 PM  1000   1826241      0.00      0.00  run-prometheus.
02:30:48 PM  1000   1826243      0.00      0.00  otelcol-contrib
02:30:48 PM  1000   1826247      0.00      0.00  run-tempo.sh
02:30:48 PM  1000   1826251      0.00      0.00  run-pyroscope.s
02:30:48 PM  1000   1826253    109.00     10.00  tempo
02:30:48 PM  1000   1826255      0.00      0.00  prometheus
02:30:48 PM  1000   1826257     43.00      0.00  loki
02:30:48 PM  1000   1826258      0.00      0.00  pyroscope

02:30:48 PM   UID       PID    %usr %system  %guest   %wait    %CPU   CPU  Command
02:30:49 PM  1000   1826233    0.00    0.00    0.00    0.00    0.00    20  run-grafana.sh
02:30:49 PM  1000   1826235    0.00    0.00    0.00    0.00    0.00    18  run-loki.sh
02:30:49 PM  1000   1826237    0.00    0.00    0.00    0.00    0.00    16  grafana
02:30:49 PM  1000   1826238    0.00    0.00    0.00    0.00    0.00    18  run-otelcol.sh
02:30:49 PM  1000   1826241    0.00    0.00    0.00    0.00    0.00    20  run-prometheus.
02:30:49 PM  1000   1826243    5.00    0.00    0.00    0.00    5.00    20  otelcol-contrib
02:30:49 PM  1000   1826247    0.00    0.00    0.00    0.00    0.00    18  run-tempo.sh
02:30:49 PM  1000   1826251    0.00    0.00    0.00    0.00    0.00    16  run-pyroscope.s
02:30:49 PM  1000   1826253   52.00    3.00    0.00    0.00   55.00    16  tempo
02:30:49 PM  1000   1826255    0.00    0.00    0.00    0.00    0.00    20  prometheus
02:30:49 PM  1000   1826257    1.00    0.00    0.00    0.00    1.00    20  loki
02:30:49 PM  1000   1826258    0.00    0.00    0.00    0.00    0.00    20  pyroscope

02:30:48 PM   UID       PID   cswch/s nvcswch/s  Command
02:30:49 PM  1000   1826233      0.00      0.00  run-grafana.sh
02:30:49 PM  1000   1826235      0.00      0.00  run-loki.sh
02:30:49 PM  1000   1826237     28.00      0.00  grafana
02:30:49 PM  1000   1826238      0.00      0.00  run-otelcol.sh
02:30:49 PM  1000   1826241      0.00      0.00  run-prometheus.
02:30:49 PM  1000   1826243      0.00      0.00  otelcol-contrib
02:30:49 PM  1000   1826247      0.00      0.00  run-tempo.sh
02:30:49 PM  1000   1826251      0.00      0.00  run-pyroscope.s
02:30:49 PM  1000   1826253     73.00     39.00  tempo
02:30:49 PM  1000   1826255      0.00      0.00  prometheus
02:30:49 PM  1000   1826257     38.00      0.00  loki
02:30:49 PM  1000   1826258      0.00      0.00  pyroscope

02:30:49 PM   UID       PID    %usr %system  %guest   %wait    %CPU   CPU  Command
02:30:50 PM  1000   1826233    0.00    0.00    0.00    0.00    0.00    20  run-grafana.sh
02:30:50 PM  1000   1826235    0.00    0.00    0.00    0.00    0.00    18  run-loki.sh
02:30:50 PM  1000   1826237    0.00    0.00    0.00    0.00    0.00    16  grafana
02:30:50 PM  1000   1826238    0.00    0.00    0.00    0.00    0.00    18  run-otelcol.sh
02:30:50 PM  1000   1826241    0.00    0.00    0.00    0.00    0.00    20  run-prometheus.
02:30:50 PM  1000   1826243    8.00    0.00    0.00    0.00    8.00    20  otelcol-contrib
02:30:50 PM  1000   1826247    0.00    0.00    0.00    0.00    0.00    18  run-tempo.sh
02:30:50 PM  1000   1826251    0.00    0.00    0.00    0.00    0.00    16  run-pyroscope.s
02:30:50 PM  1000   1826253   91.00    2.00    0.00    1.00   93.00    20  tempo
02:30:50 PM  1000   1826255    0.00    0.00    0.00    0.00    0.00    20  prometheus
02:30:50 PM  1000   1826257    0.00    1.00    0.00    0.00    1.00    16  loki
02:30:50 PM  1000   1826258    0.00    0.00    0.00    0.00    0.00    20  pyroscope

02:30:49 PM   UID       PID   cswch/s nvcswch/s  Command
02:30:50 PM  1000   1826233      0.00      0.00  run-grafana.sh
02:30:50 PM  1000   1826235      0.00      0.00  run-loki.sh
02:30:50 PM  1000   1826237     24.00      0.00  grafana
02:30:50 PM  1000   1826238      0.00      0.00  run-otelcol.sh
02:30:50 PM  1000   1826241      0.00      0.00  run-prometheus.
02:30:50 PM  1000   1826243      0.00      0.00  otelcol-contrib
02:30:50 PM  1000   1826247      0.00      0.00  run-tempo.sh
02:30:50 PM  1000   1826251      0.00      0.00  run-pyroscope.s
02:30:50 PM  1000   1826253     77.00     46.00  tempo
02:30:50 PM  1000   1826255      0.00      0.00  prometheus
02:30:50 PM  1000   1826257     36.00      0.00  loki
02:30:50 PM  1000   1826258      0.00      0.00  pyroscope

02:30:50 PM   UID       PID    %usr %system  %guest   %wait    %CPU   CPU  Command
02:30:51 PM  1000   1826233    0.00    0.00    0.00    0.00    0.00    20  run-grafana.sh
02:30:51 PM  1000   1826235    0.00    0.00    0.00    0.00    0.00    18  run-loki.sh
02:30:51 PM  1000   1826237    0.00    0.00    0.00    0.00    0.00    20  grafana
02:30:51 PM  1000   1826238    0.00    0.00    0.00    0.00    0.00    18  run-otelcol.sh
02:30:51 PM  1000   1826241    0.00    0.00    0.00    0.00    0.00    20  run-prometheus.
02:30:51 PM  1000   1826243    5.00    1.00    0.00    0.00    6.00    20  otelcol-contrib
02:30:51 PM  1000   1826247    0.00    0.00    0.00    0.00    0.00    18  run-tempo.sh
02:30:51 PM  1000   1826251    0.00    0.00    0.00    0.00    0.00    16  run-pyroscope.s
02:30:51 PM  1000   1826253  168.00   10.00    0.00    1.00  178.00    18  tempo
02:30:51 PM  1000   1826255    0.00    0.00    0.00    0.00    0.00    20  prometheus
02:30:51 PM  1000   1826257    0.00    0.00    0.00    0.00    0.00    16  loki
02:30:51 PM  1000   1826258    0.00    0.00    0.00    0.00    0.00    20  pyroscope

02:30:50 PM   UID       PID   cswch/s nvcswch/s  Command
02:30:51 PM  1000   1826233      0.00      0.00  run-grafana.sh
02:30:51 PM  1000   1826235      0.00      0.00  run-loki.sh
02:30:51 PM  1000   1826237     34.00      0.00  grafana
02:30:51 PM  1000   1826238      0.00      0.00  run-otelcol.sh
02:30:51 PM  1000   1826241      0.00      0.00  run-prometheus.
02:30:51 PM  1000   1826243      0.00      0.00  otelcol-contrib
02:30:51 PM  1000   1826247      0.00      0.00  run-tempo.sh
02:30:51 PM  1000   1826251      0.00      0.00  run-pyroscope.s
02:30:51 PM  1000   1826253     19.00      5.00  tempo
02:30:51 PM  1000   1826255      0.00      0.00  prometheus
02:30:51 PM  1000   1826257     48.00      0.00  loki
02:30:51 PM  1000   1826258      0.00      0.00  pyroscope

02:30:51 PM   UID       PID    %usr %system  %guest   %wait    %CPU   CPU  Command
02:30:52 PM  1000   1826233    0.00    0.00    0.00    0.00    0.00    20  run-grafana.sh
02:30:52 PM  1000   1826235    0.00    0.00    0.00    0.00    0.00    18  run-loki.sh
02:30:52 PM  1000   1826237    0.00    0.00    0.00    0.00    0.00    16  grafana
02:30:52 PM  1000   1826238    0.00    0.00    0.00    0.00    0.00    18  run-otelcol.sh
02:30:52 PM  1000   1826241    0.00    0.00    0.00    0.00    0.00    20  run-prometheus.
02:30:52 PM  1000   1826243    7.00    0.00    0.00    0.00    7.00    20  otelcol-contrib
02:30:52 PM  1000   1826247    0.00    0.00    0.00    0.00    0.00    18  run-tempo.sh
02:30:52 PM  1000   1826251    0.00    0.00    0.00    0.00    0.00    16  run-pyroscope.s
02:30:52 PM  1000   1826253   38.00    3.00    0.00    0.00   41.00    18  tempo
02:30:52 PM  1000   1826255    0.00    0.00    0.00    0.00    0.00    20  prometheus
02:30:52 PM  1000   1826257    0.00    0.00    0.00    0.00    0.00    16  loki
02:30:52 PM  1000   1826258    0.00    0.00    0.00    0.00    0.00    20  pyroscope

02:30:51 PM   UID       PID   cswch/s nvcswch/s  Command
02:30:52 PM  1000   1826233      0.00      0.00  run-grafana.sh
02:30:52 PM  1000   1826235      0.00      0.00  run-loki.sh
02:30:52 PM  1000   1826237     22.00      0.00  grafana
02:30:52 PM  1000   1826238      0.00      0.00  run-otelcol.sh
02:30:52 PM  1000   1826241      0.00      0.00  run-prometheus.
02:30:52 PM  1000   1826243      0.00      0.00  otelcol-contrib
02:30:52 PM  1000   1826247      0.00      0.00  run-tempo.sh
02:30:52 PM  1000   1826251      0.00      0.00  run-pyroscope.s
02:30:52 PM  1000   1826253     67.00      4.00  tempo
02:30:52 PM  1000   1826255      0.00      0.00  prometheus
02:30:52 PM  1000   1826257     22.00      1.00  loki
02:30:52 PM  1000   1826258      0.00      0.00  pyroscope

02:30:52 PM   UID       PID    %usr %system  %guest   %wait    %CPU   CPU  Command
02:30:53 PM  1000   1826233    0.00    0.00    0.00    0.00    0.00    20  run-grafana.sh
02:30:53 PM  1000   1826235    0.00    0.00    0.00    0.00    0.00    18  run-loki.sh
02:30:53 PM  1000   1826237    0.00    1.00    0.00    0.00    1.00    20  grafana
02:30:53 PM  1000   1826238    0.00    0.00    0.00    0.00    0.00    18  run-otelcol.sh
02:30:53 PM  1000   1826241    0.00    0.00    0.00    0.00    0.00    20  run-prometheus.
02:30:53 PM  1000   1826243    6.00    0.00    0.00    0.00    6.00    20  otelcol-contrib
02:30:53 PM  1000   1826247    0.00    0.00    0.00    0.00    0.00    18  run-tempo.sh
02:30:53 PM  1000   1826251    0.00    0.00    0.00    0.00    0.00    16  run-pyroscope.s
02:30:53 PM  1000   1826253   36.00    3.00    0.00    0.00   39.00    20  tempo
02:30:53 PM  1000   1826255    0.00    0.00    0.00    0.00    0.00    20  prometheus
02:30:53 PM  1000   1826257    1.00    0.00    0.00    0.00    1.00    18  loki
02:30:53 PM  1000   1826258    1.00    0.00    0.00    0.00    1.00    20  pyroscope

02:30:52 PM   UID       PID   cswch/s nvcswch/s  Command
02:30:53 PM  1000   1826233      0.00      0.00  run-grafana.sh
02:30:53 PM  1000   1826235      0.00      0.00  run-loki.sh
02:30:53 PM  1000   1826237     15.00      0.00  grafana
02:30:53 PM  1000   1826238      0.00      0.00  run-otelcol.sh
02:30:53 PM  1000   1826241      0.00      0.00  run-prometheus.
02:30:53 PM  1000   1826243      0.00      0.00  otelcol-contrib
02:30:53 PM  1000   1826247      0.00      0.00  run-tempo.sh
02:30:53 PM  1000   1826251      0.00      0.00  run-pyroscope.s
02:30:53 PM  1000   1826253     90.00      6.00  tempo
02:30:53 PM  1000   1826255      0.00      0.00  prometheus
02:30:53 PM  1000   1826257      7.00      0.00  loki
02:30:53 PM  1000   1826258      0.00      0.00  pyroscope

02:30:53 PM   UID       PID    %usr %system  %guest   %wait    %CPU   CPU  Command
02:30:54 PM  1000   1826233    0.00    0.00    0.00    0.00    0.00    20  run-grafana.sh
02:30:54 PM  1000   1826235    0.00    0.00    0.00    0.00    0.00    18  run-loki.sh
02:30:54 PM  1000   1826237    0.00    0.00    0.00    0.00    0.00    20  grafana
02:30:54 PM  1000   1826238    0.00    0.00    0.00    0.00    0.00    18  run-otelcol.sh
02:30:54 PM  1000   1826241    0.00    0.00    0.00    0.00    0.00    20  run-prometheus.
02:30:54 PM  1000   1826243    5.00    1.00    0.00    0.00    6.00    20  otelcol-contrib
02:30:54 PM  1000   1826247    0.00    0.00    0.00    0.00    0.00    18  run-tempo.sh
02:30:54 PM  1000   1826251    0.00    0.00    0.00    0.00    0.00    16  run-pyroscope.s
02:30:54 PM  1000   1826253   23.00    1.00    0.00    0.00   24.00    20  tempo
02:30:54 PM  1000   1826255    0.00    0.00    0.00    0.00    0.00    20  prometheus
02:30:54 PM  1000   1826257    0.00    0.00    0.00    0.00    0.00    18  loki
02:30:54 PM  1000   1826258    0.00    0.00    0.00    0.00    0.00    20  pyroscope

02:30:53 PM   UID       PID   cswch/s nvcswch/s  Command
02:30:54 PM  1000   1826233      0.00      0.00  run-grafana.sh
02:30:54 PM  1000   1826235      0.00      0.00  run-loki.sh
02:30:54 PM  1000   1826237     16.00      0.00  grafana
02:30:54 PM  1000   1826238      0.00      0.00  run-otelcol.sh
02:30:54 PM  1000   1826241      0.00      0.00  run-prometheus.
02:30:54 PM  1000   1826243      0.00      0.00  otelcol-contrib
02:30:54 PM  1000   1826247      0.00      0.00  run-tempo.sh
02:30:54 PM  1000   1826251      0.00      0.00  run-pyroscope.s
02:30:54 PM  1000   1826253    101.00      2.00  tempo
02:30:54 PM  1000   1826255      0.00      0.00  prometheus
02:30:54 PM  1000   1826257     35.00      0.00  loki
02:30:54 PM  1000   1826258      0.00      0.00  pyroscope

02:30:54 PM   UID       PID    %usr %system  %guest   %wait    %CPU   CPU  Command
02:30:55 PM  1000   1826233    0.00    0.00    0.00    0.00    0.00    20  run-grafana.sh
02:30:55 PM  1000   1826235    0.00    0.00    0.00    0.00    0.00    18  run-loki.sh
02:30:55 PM  1000   1826237    1.00    0.00    0.00    0.00    1.00    18  grafana
02:30:55 PM  1000   1826238    0.00    0.00    0.00    0.00    0.00    18  run-otelcol.sh
02:30:55 PM  1000   1826241    0.00    0.00    0.00    0.00    0.00    20  run-prometheus.
02:30:55 PM  1000   1826243    8.00    0.00    0.00    0.00    8.00    20  otelcol-contrib
02:30:55 PM  1000   1826247    0.00    0.00    0.00    0.00    0.00    18  run-tempo.sh
02:30:55 PM  1000   1826251    0.00    0.00    0.00    0.00    0.00    16  run-pyroscope.s
02:30:55 PM  1000   1826253  103.00    3.00    0.00    1.00  106.00    16  tempo
02:30:55 PM  1000   1826255    0.00    0.00    0.00    0.00    0.00    20  prometheus
02:30:55 PM  1000   1826257    0.00    0.00    0.00    0.00    0.00    18  loki
02:30:55 PM  1000   1826258    0.00    0.00    0.00    0.00    0.00    20  pyroscope

02:30:54 PM   UID       PID   cswch/s nvcswch/s  Command
02:30:55 PM  1000   1826233      0.00      0.00  run-grafana.sh
02:30:55 PM  1000   1826235      0.00      0.00  run-loki.sh
02:30:55 PM  1000   1826237     22.00      0.00  grafana
02:30:55 PM  1000   1826238      0.00      0.00  run-otelcol.sh
02:30:55 PM  1000   1826241      0.00      0.00  run-prometheus.
02:30:55 PM  1000   1826243      0.00      0.00  otelcol-contrib
02:30:55 PM  1000   1826247      0.00      0.00  run-tempo.sh
02:30:55 PM  1000   1826251      0.00      0.00  run-pyroscope.s
02:30:55 PM  1000   1826253     84.00     62.00  tempo
02:30:55 PM  1000   1826255      0.00      0.00  prometheus
02:30:55 PM  1000   1826257     36.00      0.00  loki
02:30:55 PM  1000   1826258      0.00      0.00  pyroscope

02:30:55 PM   UID       PID    %usr %system  %guest   %wait    %CPU   CPU  Command
02:30:56 PM  1000   1826233    0.00    0.00    0.00    0.00    0.00    20  run-grafana.sh
02:30:56 PM  1000   1826235    0.00    0.00    0.00    0.00    0.00    18  run-loki.sh
02:30:56 PM  1000   1826237    0.00    0.00    0.00    0.00    0.00    20  grafana
02:30:56 PM  1000   1826238    0.00    0.00    0.00    0.00    0.00    18  run-otelcol.sh
02:30:56 PM  1000   1826241    0.00    0.00    0.00    0.00    0.00    20  run-prometheus.
02:30:56 PM  1000   1826243    6.00    0.00    0.00    0.00    6.00    20  otelcol-contrib
02:30:56 PM  1000   1826247    0.00    0.00    0.00    0.00    0.00    18  run-tempo.sh
02:30:56 PM  1000   1826251    0.00    0.00    0.00    0.00    0.00    16  run-pyroscope.s
02:30:56 PM  1000   1826253   22.00    1.00    0.00    0.00   23.00    16  tempo
02:30:56 PM  1000   1826255    1.00    0.00    0.00    0.00    1.00    20  prometheus
02:30:56 PM  1000   1826257    0.00    0.00    0.00    0.00    0.00    16  loki
02:30:56 PM  1000   1826258    0.00    0.00    0.00    0.00    0.00    20  pyroscope

02:30:55 PM   UID       PID   cswch/s nvcswch/s  Command
02:30:56 PM  1000   1826233      0.00      0.00  run-grafana.sh
02:30:56 PM  1000   1826235      0.00      0.00  run-loki.sh
02:30:56 PM  1000   1826237     27.00      0.00  grafana
02:30:56 PM  1000   1826238      0.00      0.00  run-otelcol.sh
02:30:56 PM  1000   1826241      0.00      0.00  run-prometheus.
02:30:56 PM  1000   1826243      0.00      0.00  otelcol-contrib
02:30:56 PM  1000   1826247      0.00      0.00  run-tempo.sh
02:30:56 PM  1000   1826251      0.00      0.00  run-pyroscope.s
02:30:56 PM  1000   1826253     97.00      6.00  tempo
02:30:56 PM  1000   1826255      0.00      0.00  prometheus
02:30:56 PM  1000   1826257     42.00      0.00  loki
02:30:56 PM  1000   1826258      0.00      0.00  pyroscope

02:30:56 PM   UID       PID    %usr %system  %guest   %wait    %CPU   CPU  Command
02:30:57 PM  1000   1826233    0.00    0.00    0.00    0.00    0.00    20  run-grafana.sh
02:30:57 PM  1000   1826235    0.00    0.00    0.00    0.00    0.00    18  run-loki.sh
02:30:57 PM  1000   1826237    0.00    0.00    0.00    0.00    0.00    16  grafana
02:30:57 PM  1000   1826238    0.00    0.00    0.00    0.00    0.00    18  run-otelcol.sh
02:30:57 PM  1000   1826241    0.00    0.00    0.00    0.00    0.00    20  run-prometheus.
02:30:57 PM  1000   1826243    5.00    1.00    0.00    0.00    6.00    20  otelcol-contrib
02:30:57 PM  1000   1826247    0.00    0.00    0.00    0.00    0.00    18  run-tempo.sh
02:30:57 PM  1000   1826251    0.00    0.00    0.00    0.00    0.00    16  run-pyroscope.s
02:30:57 PM  1000   1826253   23.00    0.00    0.00    1.00   23.00    20  tempo
02:30:57 PM  1000   1826255    0.00    0.00    0.00    0.00    0.00    20  prometheus
02:30:57 PM  1000   1826257    0.00    0.00    0.00    0.00    0.00    20  loki
02:30:57 PM  1000   1826258    0.00    0.00    0.00    0.00    0.00    20  pyroscope

02:30:56 PM   UID       PID   cswch/s nvcswch/s  Command
02:30:57 PM  1000   1826233      0.00      0.00  run-grafana.sh
02:30:57 PM  1000   1826235      0.00      0.00  run-loki.sh
02:30:57 PM  1000   1826237     15.00      0.00  grafana
02:30:57 PM  1000   1826238      0.00      0.00  run-otelcol.sh
02:30:57 PM  1000   1826241      0.00      0.00  run-prometheus.
02:30:57 PM  1000   1826243      0.00      0.00  otelcol-contrib
02:30:57 PM  1000   1826247      0.00      0.00  run-tempo.sh
02:30:57 PM  1000   1826251      0.00      0.00  run-pyroscope.s
02:30:57 PM  1000   1826253    109.00      3.00  tempo
02:30:57 PM  1000   1826255      0.00      0.00  prometheus
02:30:57 PM  1000   1826257     13.00      0.00  loki
02:30:57 PM  1000   1826258      0.00      0.00  pyroscope

02:30:57 PM   UID       PID    %usr %system  %guest   %wait    %CPU   CPU  Command
02:30:58 PM  1000   1826233    0.00    0.00    0.00    0.00    0.00    20  run-grafana.sh
02:30:58 PM  1000   1826235    0.00    0.00    0.00    0.00    0.00    18  run-loki.sh
02:30:58 PM  1000   1826237    0.00    0.00    0.00    0.00    0.00    18  grafana
02:30:58 PM  1000   1826238    0.00    0.00    0.00    0.00    0.00    18  run-otelcol.sh
02:30:58 PM  1000   1826241    0.00    0.00    0.00    0.00    0.00    20  run-prometheus.
02:30:58 PM  1000   1826243    7.00    0.00    0.00    0.00    7.00    20  otelcol-contrib
02:30:58 PM  1000   1826247    0.00    0.00    0.00    0.00    0.00    18  run-tempo.sh
02:30:58 PM  1000   1826251    0.00    0.00    0.00    0.00    0.00    16  run-pyroscope.s
02:30:58 PM  1000   1826253  106.00    5.00    0.00    1.00  111.00    18  tempo
02:30:58 PM  1000   1826255    0.00    0.00    0.00    0.00    0.00    20  prometheus
02:30:58 PM  1000   1826257    1.00    0.00    0.00    0.00    1.00    20  loki
02:30:58 PM  1000   1826258    6.00    1.00    0.00    0.00    7.00    20  pyroscope

02:30:57 PM   UID       PID   cswch/s nvcswch/s  Command
02:30:58 PM  1000   1826233      0.00      0.00  run-grafana.sh
02:30:58 PM  1000   1826235      0.00      0.00  run-loki.sh
02:30:58 PM  1000   1826237     22.00      0.00  grafana
02:30:58 PM  1000   1826238      0.00      0.00  run-otelcol.sh
02:30:58 PM  1000   1826241      0.00      0.00  run-prometheus.
02:30:58 PM  1000   1826243      0.00      0.00  otelcol-contrib
02:30:58 PM  1000   1826247      0.00      0.00  run-tempo.sh
02:30:58 PM  1000   1826251      0.00      0.00  run-pyroscope.s
02:30:58 PM  1000   1826253     88.00     41.00  tempo
02:30:58 PM  1000   1826255      0.00      0.00  prometheus
02:30:58 PM  1000   1826257      0.00      0.00  loki
02:30:58 PM  1000   1826258      0.00      0.00  pyroscope

02:30:58 PM   UID       PID    %usr %system  %guest   %wait    %CPU   CPU  Command
02:30:59 PM  1000   1826233    0.00    0.00    0.00    0.00    0.00    20  run-grafana.sh
02:30:59 PM  1000   1826235    0.00    0.00    0.00    0.00    0.00    18  run-loki.sh
02:30:59 PM  1000   1826237    0.00    0.00    0.00    0.00    0.00    18  grafana
02:30:59 PM  1000   1826238    0.00    0.00    0.00    0.00    0.00    18  run-otelcol.sh
02:30:59 PM  1000   1826241    0.00    0.00    0.00    0.00    0.00    20  run-prometheus.
02:30:59 PM  1000   1826243    1.00    0.00    0.00    0.00    1.00    20  otelcol-contrib
02:30:59 PM  1000   1826247    0.00    0.00    0.00    0.00    0.00    18  run-tempo.sh
02:30:59 PM  1000   1826251    0.00    0.00    0.00    0.00    0.00    16  run-pyroscope.s
02:30:59 PM  1000   1826253   62.00    2.00    0.00    0.00   64.00    20  tempo
02:30:59 PM  1000   1826255    0.00    0.00    0.00    0.00    0.00    20  prometheus
02:30:59 PM  1000   1826257    0.00    0.00    0.00    0.00    0.00    20  loki
02:30:59 PM  1000   1826258    0.00    0.00    0.00    0.00    0.00    20  pyroscope

02:30:58 PM   UID       PID   cswch/s nvcswch/s  Command
02:30:59 PM  1000   1826233      0.00      0.00  run-grafana.sh
02:30:59 PM  1000   1826235      0.00      0.00  run-loki.sh
02:30:59 PM  1000   1826237     16.00      0.00  grafana
02:30:59 PM  1000   1826238      0.00      0.00  run-otelcol.sh
02:30:59 PM  1000   1826241      0.00      0.00  run-prometheus.
02:30:59 PM  1000   1826243      0.00      0.00  otelcol-contrib
02:30:59 PM  1000   1826247      0.00      0.00  run-tempo.sh
02:30:59 PM  1000   1826251      0.00      0.00  run-pyroscope.s
02:30:59 PM  1000   1826253     36.00     24.00  tempo
02:30:59 PM  1000   1826255      0.00      0.00  prometheus
02:30:59 PM  1000   1826257      0.00      0.00  loki
02:30:59 PM  1000   1826258      0.00      0.00  pyroscope

02:30:59 PM   UID       PID    %usr %system  %guest   %wait    %CPU   CPU  Command
02:31:00 PM  1000   1826233    0.00    0.00    0.00    0.00    0.00    20  run-grafana.sh
02:31:00 PM  1000   1826235    0.00    0.00    0.00    0.00    0.00    18  run-loki.sh
02:31:00 PM  1000   1826237    0.00    0.00    0.00    0.00    0.00    18  grafana
02:31:00 PM  1000   1826238    0.00    0.00    0.00    0.00    0.00    18  run-otelcol.sh
02:31:00 PM  1000   1826241    0.00    0.00    0.00    0.00    0.00    20  run-prometheus.
02:31:00 PM  1000   1826243    0.00    0.00    0.00    0.00    0.00    20  otelcol-contrib
02:31:00 PM  1000   1826247    0.00    0.00    0.00    0.00    0.00    18  run-tempo.sh
02:31:00 PM  1000   1826251    0.00    0.00    0.00    0.00    0.00    16  run-pyroscope.s
02:31:00 PM  1000   1826253    3.00    0.00    0.00    0.00    3.00    20  tempo
02:31:00 PM  1000   1826255    0.00    0.00    0.00    0.00    0.00    20  prometheus
02:31:00 PM  1000   1826257    0.00    0.00    0.00    0.00    0.00    20  loki
02:31:00 PM  1000   1826258    0.00    0.00    0.00    0.00    0.00    20  pyroscope

02:30:59 PM   UID       PID   cswch/s nvcswch/s  Command
02:31:00 PM  1000   1826233      0.00      0.00  run-grafana.sh
02:31:00 PM  1000   1826235      0.00      0.00  run-loki.sh
02:31:00 PM  1000   1826237      8.00      0.00  grafana
02:31:00 PM  1000   1826238      0.00      0.00  run-otelcol.sh
02:31:00 PM  1000   1826241      0.00      0.00  run-prometheus.
02:31:00 PM  1000   1826243      0.00      0.00  otelcol-contrib
02:31:00 PM  1000   1826247      0.00      0.00  run-tempo.sh
02:31:00 PM  1000   1826251      0.00      0.00  run-pyroscope.s
02:31:00 PM  1000   1826253      8.00      0.00  tempo
02:31:00 PM  1000   1826255      0.00      0.00  prometheus
02:31:00 PM  1000   1826257      0.00      0.00  loki
02:31:00 PM  1000   1826258      0.00      0.00  pyroscope

02:31:00 PM   UID       PID    %usr %system  %guest   %wait    %CPU   CPU  Command
02:31:01 PM  1000   1826233    0.00    0.00    0.00    0.00    0.00    20  run-grafana.sh
02:31:01 PM  1000   1826235    0.00    0.00    0.00    0.00    0.00    18  run-loki.sh
02:31:01 PM  1000   1826237    0.00    0.00    0.00    0.00    0.00    16  grafana
02:31:01 PM  1000   1826238    0.00    0.00    0.00    0.00    0.00    18  run-otelcol.sh
02:31:01 PM  1000   1826241    0.00    0.00    0.00    0.00    0.00    20  run-prometheus.
02:31:01 PM  1000   1826243    0.00    0.00    0.00    0.00    0.00    20  otelcol-contrib
02:31:01 PM  1000   1826247    0.00    0.00    0.00    0.00    0.00    18  run-tempo.sh
02:31:01 PM  1000   1826251    0.00    0.00    0.00    0.00    0.00    16  run-pyroscope.s
02:31:01 PM  1000   1826253   23.00    0.00    0.00    0.00   23.00    16  tempo
02:31:01 PM  1000   1826255    0.00    0.00    0.00    0.00    0.00    20  prometheus
02:31:01 PM  1000   1826257    0.00    0.00    0.00    0.00    0.00    20  loki
02:31:01 PM  1000   1826258    0.00    0.00    0.00    0.00    0.00    20  pyroscope

02:31:00 PM   UID       PID   cswch/s nvcswch/s  Command
02:31:01 PM  1000   1826233      0.00      0.00  run-grafana.sh
02:31:01 PM  1000   1826235      0.00      0.00  run-loki.sh
02:31:01 PM  1000   1826237     12.00      0.00  grafana
02:31:01 PM  1000   1826238      0.00      0.00  run-otelcol.sh
02:31:01 PM  1000   1826241      0.00      0.00  run-prometheus.
02:31:01 PM  1000   1826243      0.00      0.00  otelcol-contrib
02:31:01 PM  1000   1826247      0.00      0.00  run-tempo.sh
02:31:01 PM  1000   1826251      0.00      0.00  run-pyroscope.s
02:31:01 PM  1000   1826253     42.00      0.00  tempo
02:31:01 PM  1000   1826255      0.00      0.00  prometheus
02:31:01 PM  1000   1826257      0.00      0.00  loki
02:31:01 PM  1000   1826258      0.00      0.00  pyroscope

02:31:01 PM   UID       PID    %usr %system  %guest   %wait    %CPU   CPU  Command
02:31:02 PM  1000   1826233    0.00    0.00    0.00    0.00    0.00    20  run-grafana.sh
02:31:02 PM  1000   1826235    0.00    0.00    0.00    0.00    0.00    18  run-loki.sh
02:31:02 PM  1000   1826237    0.00    0.00    0.00    0.00    0.00    16  grafana
02:31:02 PM  1000   1826238    0.00    0.00    0.00    0.00    0.00    18  run-otelcol.sh
02:31:02 PM  1000   1826241    0.00    0.00    0.00    0.00    0.00    20  run-prometheus.
02:31:02 PM  1000   1826243    1.00    0.00    0.00    0.00    1.00    20  otelcol-contrib
02:31:02 PM  1000   1826247    0.00    0.00    0.00    0.00    0.00    18  run-tempo.sh
02:31:02 PM  1000   1826251    0.00    0.00    0.00    0.00    0.00    16  run-pyroscope.s
02:31:02 PM  1000   1826253    8.00    0.00    0.00    0.00    8.00    16  tempo
02:31:02 PM  1000   1826255    0.00    0.00    0.00    0.00    0.00    20  prometheus
02:31:02 PM  1000   1826257    1.00    1.00    0.00    0.00    2.00    20  loki
02:31:02 PM  1000   1826258    0.00    1.00    0.00    0.00    1.00    20  pyroscope

02:31:01 PM   UID       PID   cswch/s nvcswch/s  Command
02:31:02 PM  1000   1826233      0.00      0.00  run-grafana.sh
02:31:02 PM  1000   1826235      0.00      0.00  run-loki.sh
02:31:02 PM  1000   1826237     29.00      0.00  grafana
02:31:02 PM  1000   1826238      0.00      0.00  run-otelcol.sh
02:31:02 PM  1000   1826241      0.00      0.00  run-prometheus.
02:31:02 PM  1000   1826243      0.00      0.00  otelcol-contrib
02:31:02 PM  1000   1826247      0.00      0.00  run-tempo.sh
02:31:02 PM  1000   1826251      0.00      0.00  run-pyroscope.s
02:31:02 PM  1000   1826253     32.00      0.00  tempo
02:31:02 PM  1000   1826255      0.00      0.00  prometheus
02:31:02 PM  1000   1826257      0.00      0.00  loki
02:31:02 PM  1000   1826258      0.00      0.00  pyroscope

02:31:02 PM   UID       PID    %usr %system  %guest   %wait    %CPU   CPU  Command
02:31:03 PM  1000   1826233    0.00    0.00    0.00    0.00    0.00    20  run-grafana.sh
02:31:03 PM  1000   1826235    0.00    0.00    0.00    0.00    0.00    18  run-loki.sh
02:31:03 PM  1000   1826237    0.00    0.00    0.00    0.00    0.00    16  grafana
02:31:03 PM  1000   1826238    0.00    0.00    0.00    0.00    0.00    18  run-otelcol.sh
02:31:03 PM  1000   1826241    0.00    0.00    0.00    0.00    0.00    20  run-prometheus.
02:31:03 PM  1000   1826243    0.00    0.00    0.00    0.00    0.00    20  otelcol-contrib
02:31:03 PM  1000   1826247    0.00    0.00    0.00    0.00    0.00    18  run-tempo.sh
02:31:03 PM  1000   1826251    0.00    0.00    0.00    0.00    0.00    16  run-pyroscope.s
02:31:03 PM  1000   1826253    1.00    0.00    0.00    0.00    1.00    16  tempo
02:31:03 PM  1000   1826255    0.00    0.00    0.00    0.00    0.00    20  prometheus
02:31:03 PM  1000   1826257    0.00    0.00    0.00    0.00    0.00    20  loki
02:31:03 PM  1000   1826258    1.00    0.00    0.00    0.00    1.00    20  pyroscope

02:31:02 PM   UID       PID   cswch/s nvcswch/s  Command
02:31:03 PM  1000   1826233      0.00      0.00  run-grafana.sh
02:31:03 PM  1000   1826235      0.00      0.00  run-loki.sh
02:31:03 PM  1000   1826237     34.00      0.00  grafana
02:31:03 PM  1000   1826238      0.00      0.00  run-otelcol.sh
02:31:03 PM  1000   1826241      0.00      0.00  run-prometheus.
02:31:03 PM  1000   1826243      0.00      0.00  otelcol-contrib
02:31:03 PM  1000   1826247      0.00      0.00  run-tempo.sh
02:31:03 PM  1000   1826251      0.00      0.00  run-pyroscope.s
02:31:03 PM  1000   1826253      9.00      0.00  tempo
02:31:03 PM  1000   1826255      0.00      0.00  prometheus
02:31:03 PM  1000   1826257      0.00      0.00  loki
02:31:03 PM  1000   1826258      0.00      0.00  pyroscope

02:31:03 PM   UID       PID    %usr %system  %guest   %wait    %CPU   CPU  Command
02:31:04 PM  1000   1826233    0.00    0.00    0.00    0.00    0.00    20  run-grafana.sh
02:31:04 PM  1000   1826235    0.00    0.00    0.00    0.00    0.00    18  run-loki.sh
02:31:04 PM  1000   1826237    0.00    0.00    0.00    0.00    0.00    16  grafana
02:31:04 PM  1000   1826238    0.00    0.00    0.00    0.00    0.00    18  run-otelcol.sh
02:31:04 PM  1000   1826241    0.00    0.00    0.00    0.00    0.00    20  run-prometheus.
02:31:04 PM  1000   1826243    1.00    0.00    0.00    0.00    1.00    20  otelcol-contrib
02:31:04 PM  1000   1826247    0.00    0.00    0.00    0.00    0.00    18  run-tempo.sh
02:31:04 PM  1000   1826251    0.00    0.00    0.00    0.00    0.00    16  run-pyroscope.s
02:31:04 PM  1000   1826253    1.00    0.00    0.00    0.00    1.00    20  tempo
02:31:04 PM  1000   1826255    0.00    0.00    0.00    0.00    0.00    20  prometheus
02:31:04 PM  1000   1826257    0.00    0.00    0.00    0.00    0.00    20  loki
02:31:04 PM  1000   1826258    0.00    0.00    0.00    0.00    0.00    20  pyroscope

02:31:03 PM   UID       PID   cswch/s nvcswch/s  Command
02:31:04 PM  1000   1826233      0.00      0.00  run-grafana.sh
02:31:04 PM  1000   1826235      0.00      0.00  run-loki.sh
02:31:04 PM  1000   1826237     16.00      0.00  grafana
02:31:04 PM  1000   1826238      0.00      0.00  run-otelcol.sh
02:31:04 PM  1000   1826241      0.00      0.00  run-prometheus.
02:31:04 PM  1000   1826243      0.00      0.00  otelcol-contrib
02:31:04 PM  1000   1826247      0.00      0.00  run-tempo.sh
02:31:04 PM  1000   1826251      0.00      0.00  run-pyroscope.s
02:31:04 PM  1000   1826253     45.00      0.00  tempo
02:31:04 PM  1000   1826255      0.00      0.00  prometheus
02:31:04 PM  1000   1826257      0.00      0.00  loki
02:31:04 PM  1000   1826258      0.00      0.00  pyroscope

02:31:04 PM   UID       PID    %usr %system  %guest   %wait    %CPU   CPU  Command
02:31:05 PM  1000   1826233    0.00    0.00    0.00    0.00    0.00    20  run-grafana.sh
02:31:05 PM  1000   1826235    0.00    0.00    0.00    0.00    0.00    18  run-loki.sh
02:31:05 PM  1000   1826237    0.00    0.00    0.00    0.00    0.00    18  grafana
02:31:05 PM  1000   1826238    0.00    0.00    0.00    0.00    0.00    18  run-otelcol.sh
02:31:05 PM  1000   1826241    0.00    0.00    0.00    0.00    0.00    20  run-prometheus.
02:31:05 PM  1000   1826243    0.00    0.00    0.00    0.00    0.00    20  otelcol-contrib
02:31:05 PM  1000   1826247    0.00    0.00    0.00    0.00    0.00    18  run-tempo.sh
02:31:05 PM  1000   1826251    0.00    0.00    0.00    0.00    0.00    16  run-pyroscope.s
02:31:05 PM  1000   1826253   29.00    3.00    0.00    0.00   32.00    16  tempo
02:31:05 PM  1000   1826255    0.00    0.00    0.00    0.00    0.00    20  prometheus
02:31:05 PM  1000   1826257    0.00    0.00    0.00    0.00    0.00    20  loki
02:31:05 PM  1000   1826258    0.00    0.00    0.00    0.00    0.00    20  pyroscope

02:31:04 PM   UID       PID   cswch/s nvcswch/s  Command
02:31:05 PM  1000   1826233      0.00      0.00  run-grafana.sh
02:31:05 PM  1000   1826235      0.00      0.00  run-loki.sh
02:31:05 PM  1000   1826237     31.00      0.00  grafana
02:31:05 PM  1000   1826238      0.00      0.00  run-otelcol.sh
02:31:05 PM  1000   1826241      0.00      0.00  run-prometheus.
02:31:05 PM  1000   1826243      0.00      0.00  otelcol-contrib
02:31:05 PM  1000   1826247      0.00      0.00  run-tempo.sh
02:31:05 PM  1000   1826251      0.00      0.00  run-pyroscope.s
02:31:05 PM  1000   1826253     41.00      5.00  tempo
02:31:05 PM  1000   1826255      0.00      0.00  prometheus
02:31:05 PM  1000   1826257      0.00      0.00  loki
02:31:05 PM  1000   1826258      0.00      0.00  pyroscope

02:31:05 PM   UID       PID    %usr %system  %guest   %wait    %CPU   CPU  Command
02:31:06 PM  1000   1826233    0.00    0.00    0.00    0.00    0.00    20  run-grafana.sh
02:31:06 PM  1000   1826235    0.00    0.00    0.00    0.00    0.00    18  run-loki.sh
02:31:06 PM  1000   1826237    0.00    0.00    0.00    0.00    0.00    20  grafana
02:31:06 PM  1000   1826238    0.00    0.00    0.00    0.00    0.00    18  run-otelcol.sh
02:31:06 PM  1000   1826241    0.00    0.00    0.00    0.00    0.00    20  run-prometheus.
02:31:06 PM  1000   1826243    0.00    0.00    0.00    0.00    0.00    20  otelcol-contrib
02:31:06 PM  1000   1826247    0.00    0.00    0.00    0.00    0.00    18  run-tempo.sh
02:31:06 PM  1000   1826251    0.00    0.00    0.00    0.00    0.00    16  run-pyroscope.s
02:31:06 PM  1000   1826253    0.00    0.00    0.00    0.00    0.00    18  tempo
02:31:06 PM  1000   1826255    1.00    0.00    0.00    0.00    1.00    20  prometheus
02:31:06 PM  1000   1826257    0.00    0.00    0.00    0.00    0.00    20  loki
02:31:06 PM  1000   1826258    0.00    0.00    0.00    0.00    0.00    20  pyroscope

02:31:05 PM   UID       PID   cswch/s nvcswch/s  Command
02:31:06 PM  1000   1826233      0.00      0.00  run-grafana.sh
02:31:06 PM  1000   1826235      0.00      0.00  run-loki.sh
02:31:06 PM  1000   1826237     20.00      0.00  grafana
02:31:06 PM  1000   1826238      0.00      0.00  run-otelcol.sh
02:31:06 PM  1000   1826241      0.00      0.00  run-prometheus.
02:31:06 PM  1000   1826243      0.00      0.00  otelcol-contrib
02:31:06 PM  1000   1826247      0.00      0.00  run-tempo.sh
02:31:06 PM  1000   1826251      0.00      0.00  run-pyroscope.s
02:31:06 PM  1000   1826253     49.00      0.00  tempo
02:31:06 PM  1000   1826255      0.00      0.00  prometheus
02:31:06 PM  1000   1826257      0.00      0.00  loki
02:31:06 PM  1000   1826258      0.00      0.00  pyroscope

02:31:06 PM   UID       PID    %usr %system  %guest   %wait    %CPU   CPU  Command
02:31:07 PM  1000   1826233    0.00    0.00    0.00    0.00    0.00    20  run-grafana.sh
02:31:07 PM  1000   1826235    0.00    0.00    0.00    0.00    0.00    18  run-loki.sh
02:31:07 PM  1000   1826237    0.00    0.00    0.00    0.00    0.00    18  grafana
02:31:07 PM  1000   1826238    0.00    0.00    0.00    0.00    0.00    18  run-otelcol.sh
02:31:07 PM  1000   1826241    0.00    0.00    0.00    0.00    0.00    20  run-prometheus.
02:31:07 PM  1000   1826243    1.00    0.00    0.00    0.00    1.00    20  otelcol-contrib
02:31:07 PM  1000   1826247    0.00    0.00    0.00    0.00    0.00    18  run-tempo.sh
02:31:07 PM  1000   1826251    0.00    0.00    0.00    0.00    0.00    16  run-pyroscope.s
02:31:07 PM  1000   1826253    0.00    0.00    0.00    0.00    0.00    18  tempo
02:31:07 PM  1000   1826255    0.00    0.00    0.00    0.00    0.00    20  prometheus
02:31:07 PM  1000   1826257    1.00    0.00    0.00    0.00    1.00    20  loki
02:31:07 PM  1000   1826258    0.00    0.00    0.00    0.00    0.00    20  pyroscope

02:31:06 PM   UID       PID   cswch/s nvcswch/s  Command
02:31:07 PM  1000   1826233      0.00      0.00  run-grafana.sh
02:31:07 PM  1000   1826235      0.00      0.00  run-loki.sh
02:31:07 PM  1000   1826237     14.00      0.00  grafana
02:31:07 PM  1000   1826238      0.00      0.00  run-otelcol.sh
02:31:07 PM  1000   1826241      0.00      0.00  run-prometheus.
02:31:07 PM  1000   1826243      0.00      0.00  otelcol-contrib
02:31:07 PM  1000   1826247      0.00      0.00  run-tempo.sh
02:31:07 PM  1000   1826251      0.00      0.00  run-pyroscope.s
02:31:07 PM  1000   1826253     17.00      0.00  tempo
02:31:07 PM  1000   1826255      0.00      0.00  prometheus
02:31:07 PM  1000   1826257      0.00      0.00  loki
02:31:07 PM  1000   1826258      0.00      0.00  pyroscope

02:31:07 PM   UID       PID    %usr %system  %guest   %wait    %CPU   CPU  Command
02:31:08 PM  1000   1826233    0.00    0.00    0.00    0.00    0.00    20  run-grafana.sh
02:31:08 PM  1000   1826235    0.00    0.00    0.00    0.00    0.00    18  run-loki.sh
02:31:08 PM  1000   1826237    0.00    0.00    0.00    0.00    0.00    18  grafana
02:31:08 PM  1000   1826238    0.00    0.00    0.00    0.00    0.00    18  run-otelcol.sh
02:31:08 PM  1000   1826241    0.00    0.00    0.00    0.00    0.00    20  run-prometheus.
02:31:08 PM  1000   1826243    0.00    1.00    0.00    0.00    1.00    20  otelcol-contrib
02:31:08 PM  1000   1826247    0.00    0.00    0.00    0.00    0.00    18  run-tempo.sh
02:31:08 PM  1000   1826251    0.00    0.00    0.00    0.00    0.00    16  run-pyroscope.s
02:31:08 PM  1000   1826253   21.00    3.00    0.00    0.00   24.00    20  tempo
02:31:08 PM  1000   1826255    0.00    0.00    0.00    0.00    0.00    20  prometheus
02:31:08 PM  1000   1826257    0.00    0.00    0.00    0.00    0.00    20  loki
02:31:08 PM  1000   1826258    0.00    0.00    0.00    0.00    0.00    20  pyroscope

02:31:07 PM   UID       PID   cswch/s nvcswch/s  Command
02:31:08 PM  1000   1826233      0.00      0.00  run-grafana.sh
02:31:08 PM  1000   1826235      0.00      0.00  run-loki.sh
02:31:08 PM  1000   1826237     14.00      0.00  grafana
02:31:08 PM  1000   1826238      0.00      0.00  run-otelcol.sh
02:31:08 PM  1000   1826241      0.00      0.00  run-prometheus.
02:31:08 PM  1000   1826243      0.00      0.00  otelcol-contrib
02:31:08 PM  1000   1826247      0.00      0.00  run-tempo.sh
02:31:08 PM  1000   1826251      0.00      0.00  run-pyroscope.s
02:31:08 PM  1000   1826253     31.00      7.00  tempo
02:31:08 PM  1000   1826255      0.00      0.00  prometheus
02:31:08 PM  1000   1826257      0.00      0.00  loki
02:31:08 PM  1000   1826258      0.00      0.00  pyroscope

02:31:08 PM   UID       PID    %usr %system  %guest   %wait    %CPU   CPU  Command
02:31:09 PM  1000   1826233    0.00    0.00    0.00    0.00    0.00    20  run-grafana.sh
02:31:09 PM  1000   1826235    0.00    0.00    0.00    0.00    0.00    18  run-loki.sh
02:31:09 PM  1000   1826237    0.00    0.00    0.00    0.00    0.00    18  grafana
02:31:09 PM  1000   1826238    0.00    0.00    0.00    0.00    0.00    18  run-otelcol.sh
02:31:09 PM  1000   1826241    0.00    0.00    0.00    0.00    0.00    20  run-prometheus.
02:31:09 PM  1000   1826243    0.00    0.00    0.00    0.00    0.00    20  otelcol-contrib
02:31:09 PM  1000   1826247    0.00    0.00    0.00    0.00    0.00    18  run-tempo.sh
02:31:09 PM  1000   1826251    0.00    0.00    0.00    0.00    0.00    16  run-pyroscope.s
02:31:09 PM  1000   1826253    0.00    0.00    0.00    0.00    0.00    20  tempo
02:31:09 PM  1000   1826255    0.00    0.00    0.00    0.00    0.00    20  prometheus
02:31:09 PM  1000   1826257    0.00    0.00    0.00    0.00    0.00    20  loki
02:31:09 PM  1000   1826258    0.00    0.00    0.00    0.00    0.00    20  pyroscope

02:31:08 PM   UID       PID   cswch/s nvcswch/s  Command
02:31:09 PM  1000   1826233      0.00      0.00  run-grafana.sh
02:31:09 PM  1000   1826235      0.00      0.00  run-loki.sh
02:31:09 PM  1000   1826237     27.00      0.00  grafana
02:31:09 PM  1000   1826238      0.00      0.00  run-otelcol.sh
02:31:09 PM  1000   1826241      0.00      0.00  run-prometheus.
02:31:09 PM  1000   1826243      0.00      0.00  otelcol-contrib
02:31:09 PM  1000   1826247      0.00      0.00  run-tempo.sh
02:31:09 PM  1000   1826251      0.00      0.00  run-pyroscope.s
02:31:09 PM  1000   1826253      0.00      0.00  tempo
02:31:09 PM  1000   1826255      0.00      0.00  prometheus
02:31:09 PM  1000   1826257      0.00      0.00  loki
02:31:09 PM  1000   1826258      0.00      0.00  pyroscope

02:31:09 PM   UID       PID    %usr %system  %guest   %wait    %CPU   CPU  Command
02:31:10 PM  1000   1826233    0.00    0.00    0.00    0.00    0.00    20  run-grafana.sh
02:31:10 PM  1000   1826235    0.00    0.00    0.00    0.00    0.00    18  run-loki.sh
02:31:10 PM  1000   1826237    0.00    0.00    0.00    0.00    0.00    18  grafana
02:31:10 PM  1000   1826238    0.00    0.00    0.00    0.00    0.00    18  run-otelcol.sh
02:31:10 PM  1000   1826241    0.00    0.00    0.00    0.00    0.00    20  run-prometheus.
02:31:10 PM  1000   1826243    1.00    0.00    0.00    0.00    1.00    20  otelcol-contrib
02:31:10 PM  1000   1826247    0.00    0.00    0.00    0.00    0.00    18  run-tempo.sh
02:31:10 PM  1000   1826251    0.00    0.00    0.00    0.00    0.00    16  run-pyroscope.s
02:31:10 PM  1000   1826253    0.00    0.00    0.00    0.00    0.00    20  tempo
02:31:10 PM  1000   1826255    0.00    0.00    0.00    0.00    0.00    20  prometheus
02:31:10 PM  1000   1826257    0.00    0.00    0.00    0.00    0.00    20  loki
02:31:10 PM  1000   1826258    0.00    0.00    0.00    0.00    0.00    20  pyroscope

02:31:09 PM   UID       PID   cswch/s nvcswch/s  Command
02:31:10 PM  1000   1826233      0.00      0.00  run-grafana.sh
02:31:10 PM  1000   1826235      0.00      0.00  run-loki.sh
02:31:10 PM  1000   1826237     19.00      0.00  grafana
02:31:10 PM  1000   1826238      0.00      0.00  run-otelcol.sh
02:31:10 PM  1000   1826241      0.00      0.00  run-prometheus.
02:31:10 PM  1000   1826243      0.00      0.00  otelcol-contrib
02:31:10 PM  1000   1826247      0.00      0.00  run-tempo.sh
02:31:10 PM  1000   1826251      0.00      0.00  run-pyroscope.s
02:31:10 PM  1000   1826253      0.00      0.00  tempo
02:31:10 PM  1000   1826255      0.00      0.00  prometheus
02:31:10 PM  1000   1826257      0.00      0.00  loki
02:31:10 PM  1000   1826258      0.00      0.00  pyroscope

02:31:10 PM   UID       PID    %usr %system  %guest   %wait    %CPU   CPU  Command
02:31:11 PM  1000   1826233    0.00    0.00    0.00    0.00    0.00    20  run-grafana.sh
02:31:11 PM  1000   1826235    0.00    0.00    0.00    0.00    0.00    18  run-loki.sh
02:31:11 PM  1000   1826237    0.00    0.00    0.00    0.00    0.00    20  grafana
02:31:11 PM  1000   1826238    0.00    0.00    0.00    0.00    0.00    18  run-otelcol.sh
02:31:11 PM  1000   1826241    0.00    0.00    0.00    0.00    0.00    20  run-prometheus.
02:31:11 PM  1000   1826243    0.00    0.00    0.00    0.00    0.00    20  otelcol-contrib
02:31:11 PM  1000   1826247    0.00    0.00    0.00    0.00    0.00    18  run-tempo.sh
02:31:11 PM  1000   1826251    0.00    0.00    0.00    0.00    0.00    16  run-pyroscope.s
02:31:11 PM  1000   1826253    9.00    1.00    0.00    0.00   10.00    18  tempo
02:31:11 PM  1000   1826255    0.00    0.00    0.00    0.00    0.00    20  prometheus
02:31:11 PM  1000   1826257    0.00    0.00    0.00    0.00    0.00    20  loki
02:31:11 PM  1000   1826258    0.00    0.00    0.00    0.00    0.00    20  pyroscope

02:31:10 PM   UID       PID   cswch/s nvcswch/s  Command
02:31:11 PM  1000   1826233      0.00      0.00  run-grafana.sh
02:31:11 PM  1000   1826235      0.00      0.00  run-loki.sh
02:31:11 PM  1000   1826237     18.00      0.00  grafana
02:31:11 PM  1000   1826238      0.00      0.00  run-otelcol.sh
02:31:11 PM  1000   1826241      0.00      0.00  run-prometheus.
02:31:11 PM  1000   1826243      0.00      0.00  otelcol-contrib
02:31:11 PM  1000   1826247      0.00      0.00  run-tempo.sh
02:31:11 PM  1000   1826251      0.00      0.00  run-pyroscope.s
02:31:11 PM  1000   1826253      8.00      0.00  tempo
02:31:11 PM  1000   1826255      0.00      0.00  prometheus
02:31:11 PM  1000   1826257      0.00      0.00  loki
02:31:11 PM  1000   1826258      0.00      0.00  pyroscope

02:31:11 PM   UID       PID    %usr %system  %guest   %wait    %CPU   CPU  Command
02:31:12 PM  1000   1826233    0.00    0.00    0.00    0.00    0.00    20  run-grafana.sh
02:31:12 PM  1000   1826235    0.00    0.00    0.00    0.00    0.00    18  run-loki.sh
02:31:12 PM  1000   1826237    0.00    0.00    0.00    0.00    0.00    20  grafana
02:31:12 PM  1000   1826238    0.00    0.00    0.00    0.00    0.00    18  run-otelcol.sh
02:31:12 PM  1000   1826241    0.00    0.00    0.00    0.00    0.00    20  run-prometheus.
02:31:12 PM  1000   1826243    0.00    0.00    0.00    0.00    0.00    20  otelcol-contrib
02:31:12 PM  1000   1826247    0.00    0.00    0.00    0.00    0.00    18  run-tempo.sh
02:31:12 PM  1000   1826251    0.00    0.00    0.00    0.00    0.00    16  run-pyroscope.s
02:31:12 PM  1000   1826253    0.00    0.00    0.00    0.00    0.00    18  tempo
02:31:12 PM  1000   1826255    0.00    0.00    0.00    0.00    0.00    20  prometheus
02:31:12 PM  1000   1826257    1.00    0.00    0.00    0.00    1.00    20  loki
02:31:12 PM  1000   1826258    0.00    0.00    0.00    0.00    0.00    20  pyroscope

02:31:11 PM   UID       PID   cswch/s nvcswch/s  Command
02:31:12 PM  1000   1826233      0.00      0.00  run-grafana.sh
02:31:12 PM  1000   1826235      0.00      0.00  run-loki.sh
02:31:12 PM  1000   1826237     18.00      0.00  grafana
02:31:12 PM  1000   1826238      0.00      0.00  run-otelcol.sh
02:31:12 PM  1000   1826241      0.00      0.00  run-prometheus.
02:31:12 PM  1000   1826243      0.00      0.00  otelcol-contrib
02:31:12 PM  1000   1826247      0.00      0.00  run-tempo.sh
02:31:12 PM  1000   1826251      0.00      0.00  run-pyroscope.s
02:31:12 PM  1000   1826253     30.00      0.00  tempo
02:31:12 PM  1000   1826255      0.00      0.00  prometheus
02:31:12 PM  1000   1826257      0.00      0.00  loki
02:31:12 PM  1000   1826258      0.00      0.00  pyroscope

02:31:12 PM   UID       PID    %usr %system  %guest   %wait    %CPU   CPU  Command
02:31:13 PM  1000   1826233    0.00    0.00    0.00    0.00    0.00    20  run-grafana.sh
02:31:13 PM  1000   1826235    0.00    0.00    0.00    0.00    0.00    18  run-loki.sh
02:31:13 PM  1000   1826237    1.00    0.00    0.00    0.00    1.00    20  grafana
02:31:13 PM  1000   1826238    0.00    0.00    0.00    0.00    0.00    18  run-otelcol.sh
02:31:13 PM  1000   1826241    0.00    0.00    0.00    0.00    0.00    20  run-prometheus.
02:31:13 PM  1000   1826243    1.00    0.00    0.00    0.00    1.00    20  otelcol-contrib
02:31:13 PM  1000   1826247    0.00    0.00    0.00    0.00    0.00    18  run-tempo.sh
02:31:13 PM  1000   1826251    0.00    0.00    0.00    0.00    0.00    16  run-pyroscope.s
02:31:13 PM  1000   1826253    0.00    0.00    0.00    0.00    0.00    18  tempo
02:31:13 PM  1000   1826255    0.00    0.00    0.00    0.00    0.00    20  prometheus
02:31:13 PM  1000   1826257    0.00    0.00    0.00    0.00    0.00    20  loki
02:31:13 PM  1000   1826258    4.00    0.00    0.00    0.00    4.00    20  pyroscope

02:31:12 PM   UID       PID   cswch/s nvcswch/s  Command
02:31:13 PM  1000   1826233      0.00      0.00  run-grafana.sh
02:31:13 PM  1000   1826235      0.00      0.00  run-loki.sh
02:31:13 PM  1000   1826237     14.00      0.00  grafana
02:31:13 PM  1000   1826238      0.00      0.00  run-otelcol.sh
02:31:13 PM  1000   1826241      0.00      0.00  run-prometheus.
02:31:13 PM  1000   1826243      0.00      0.00  otelcol-contrib
02:31:13 PM  1000   1826247      0.00      0.00  run-tempo.sh
02:31:13 PM  1000   1826251      0.00      0.00  run-pyroscope.s
02:31:13 PM  1000   1826253     36.00      0.00  tempo
02:31:13 PM  1000   1826255      0.00      0.00  prometheus
02:31:13 PM  1000   1826257      0.00      0.00  loki
02:31:13 PM  1000   1826258      0.00      0.00  pyroscope

02:31:13 PM   UID       PID    %usr %system  %guest   %wait    %CPU   CPU  Command
02:31:14 PM  1000   1826233    0.00    0.00    0.00    0.00    0.00    20  run-grafana.sh
02:31:14 PM  1000   1826235    0.00    0.00    0.00    0.00    0.00    18  run-loki.sh
02:31:14 PM  1000   1826237    0.00    0.00    0.00    0.00    0.00    20  grafana
02:31:14 PM  1000   1826238    0.00    0.00    0.00    0.00    0.00    18  run-otelcol.sh
02:31:14 PM  1000   1826241    0.00    0.00    0.00    0.00    0.00    20  run-prometheus.
02:31:14 PM  1000   1826243    0.00    0.00    0.00    0.00    0.00    20  otelcol-contrib
02:31:14 PM  1000   1826247    0.00    0.00    0.00    0.00    0.00    18  run-tempo.sh
02:31:14 PM  1000   1826251    0.00    0.00    0.00    0.00    0.00    16  run-pyroscope.s
02:31:14 PM  1000   1826253    8.00    2.00    0.00    0.00   10.00    18  tempo
02:31:14 PM  1000   1826255    0.00    0.00    0.00    0.00    0.00    20  prometheus
02:31:14 PM  1000   1826257    0.00    0.00    0.00    0.00    0.00    20  loki
02:31:14 PM  1000   1826258    0.00    0.00    0.00    0.00    0.00    20  pyroscope

02:31:13 PM   UID       PID   cswch/s nvcswch/s  Command
02:31:14 PM  1000   1826233      0.00      0.00  run-grafana.sh
02:31:14 PM  1000   1826235      0.00      0.00  run-loki.sh
02:31:14 PM  1000   1826237     22.00      0.00  grafana
02:31:14 PM  1000   1826238      0.00      0.00  run-otelcol.sh
02:31:14 PM  1000   1826241      0.00      0.00  run-prometheus.
02:31:14 PM  1000   1826243      0.00      0.00  otelcol-contrib
02:31:14 PM  1000   1826247      0.00      0.00  run-tempo.sh
02:31:14 PM  1000   1826251      0.00      0.00  run-pyroscope.s
02:31:14 PM  1000   1826253     40.00      3.00  tempo
02:31:14 PM  1000   1826255      0.00      0.00  prometheus
02:31:14 PM  1000   1826257      0.00      0.00  loki
02:31:14 PM  1000   1826258      0.00      0.00  pyroscope

02:31:14 PM   UID       PID    %usr %system  %guest   %wait    %CPU   CPU  Command
02:31:15 PM  1000   1826233    0.00    0.00    0.00    0.00    0.00    20  run-grafana.sh
02:31:15 PM  1000   1826235    0.00    0.00    0.00    0.00    0.00    18  run-loki.sh
02:31:15 PM  1000   1826237    0.00    0.00    0.00    0.00    0.00    20  grafana
02:31:15 PM  1000   1826238    0.00    0.00    0.00    0.00    0.00    18  run-otelcol.sh
02:31:15 PM  1000   1826241    0.00    0.00    0.00    0.00    0.00    20  run-prometheus.
02:31:15 PM  1000   1826243    0.00    0.00    0.00    0.00    0.00    20  otelcol-contrib
02:31:15 PM  1000   1826247    0.00    0.00    0.00    0.00    0.00    18  run-tempo.sh
02:31:15 PM  1000   1826251    0.00    0.00    0.00    0.00    0.00    16  run-pyroscope.s
02:31:15 PM  1000   1826253    0.00    1.00    0.00    0.00    1.00    20  tempo
02:31:15 PM  1000   1826255    0.00    0.00    0.00    0.00    0.00    20  prometheus
02:31:15 PM  1000   1826257    0.00    0.00    0.00    0.00    0.00    20  loki
02:31:15 PM  1000   1826258    0.00    0.00    0.00    0.00    0.00    20  pyroscope

02:31:14 PM   UID       PID   cswch/s nvcswch/s  Command
02:31:15 PM  1000   1826233      0.00      0.00  run-grafana.sh
02:31:15 PM  1000   1826235      0.00      0.00  run-loki.sh
02:31:15 PM  1000   1826237     14.00      0.00  grafana
02:31:15 PM  1000   1826238      0.00      0.00  run-otelcol.sh
02:31:15 PM  1000   1826241      0.00      0.00  run-prometheus.
02:31:15 PM  1000   1826243      0.00      0.00  otelcol-contrib
02:31:15 PM  1000   1826247      0.00      0.00  run-tempo.sh
02:31:15 PM  1000   1826251      0.00      0.00  run-pyroscope.s
02:31:15 PM  1000   1826253     46.00      0.00  tempo
02:31:15 PM  1000   1826255      0.00      0.00  prometheus
02:31:15 PM  1000   1826257      0.00      0.00  loki
02:31:15 PM  1000   1826258      0.00      0.00  pyroscope

02:31:15 PM   UID       PID    %usr %system  %guest   %wait    %CPU   CPU  Command
02:31:16 PM  1000   1826233    0.00    0.00    0.00    0.00    0.00    20  run-grafana.sh
02:31:16 PM  1000   1826235    0.00    0.00    0.00    0.00    0.00    18  run-loki.sh
02:31:16 PM  1000   1826237    1.00    0.00    0.00    0.00    1.00    20  grafana
02:31:16 PM  1000   1826238    0.00    0.00    0.00    0.00    0.00    18  run-otelcol.sh
02:31:16 PM  1000   1826241    0.00    0.00    0.00    0.00    0.00    20  run-prometheus.
02:31:16 PM  1000   1826243    1.00    0.00    0.00    0.00    1.00    20  otelcol-contrib
02:31:16 PM  1000   1826247    0.00    0.00    0.00    0.00    0.00    18  run-tempo.sh
02:31:16 PM  1000   1826251    0.00    0.00    0.00    0.00    0.00    16  run-pyroscope.s
02:31:16 PM  1000   1826253    0.00    0.00    0.00    0.00    0.00    18  tempo
02:31:16 PM  1000   1826255    1.00    0.00    0.00    0.00    1.00    20  prometheus
02:31:16 PM  1000   1826257    0.00    0.00    0.00    0.00    0.00    20  loki
02:31:16 PM  1000   1826258    0.00    0.00    0.00    0.00    0.00    20  pyroscope

02:31:15 PM   UID       PID   cswch/s nvcswch/s  Command
02:31:16 PM  1000   1826233      0.00      0.00  run-grafana.sh
02:31:16 PM  1000   1826235      0.00      0.00  run-loki.sh
02:31:16 PM  1000   1826237     22.00      0.00  grafana
02:31:16 PM  1000   1826238      0.00      0.00  run-otelcol.sh
02:31:16 PM  1000   1826241      0.00      0.00  run-prometheus.
02:31:16 PM  1000   1826243      0.00      0.00  otelcol-contrib
02:31:16 PM  1000   1826247      0.00      0.00  run-tempo.sh
02:31:16 PM  1000   1826251      0.00      0.00  run-pyroscope.s
02:31:16 PM  1000   1826253     45.00      0.00  tempo
02:31:16 PM  1000   1826255      0.00      0.00  prometheus
02:31:16 PM  1000   1826257      0.00      0.00  loki
02:31:16 PM  1000   1826258      0.00      0.00  pyroscope

02:31:16 PM   UID       PID    %usr %system  %guest   %wait    %CPU   CPU  Command
02:31:17 PM  1000   1826233    0.00    0.00    0.00    0.00    0.00    20  run-grafana.sh
02:31:17 PM  1000   1826235    0.00    0.00    0.00    0.00    0.00    18  run-loki.sh
02:31:17 PM  1000   1826237    0.00    0.00    0.00    0.00    0.00    20  grafana
02:31:17 PM  1000   1826238    0.00    0.00    0.00    0.00    0.00    18  run-otelcol.sh
02:31:17 PM  1000   1826241    0.00    0.00    0.00    0.00    0.00    20  run-prometheus.
02:31:17 PM  1000   1826243    0.00    0.00    0.00    0.00    0.00    20  otelcol-contrib
02:31:17 PM  1000   1826247    0.00    0.00    0.00    0.00    0.00    18  run-tempo.sh
02:31:17 PM  1000   1826251    0.00    0.00    0.00    0.00    0.00    16  run-pyroscope.s
02:31:17 PM  1000   1826253    0.00    0.00    0.00    0.00    0.00    20  tempo
02:31:17 PM  1000   1826255    0.00    0.00    0.00    0.00    0.00    20  prometheus
02:31:17 PM  1000   1826257    0.00    0.00    0.00    0.00    0.00    20  loki
02:31:17 PM  1000   1826258    0.00    0.00    0.00    0.00    0.00    20  pyroscope

02:31:16 PM   UID       PID   cswch/s nvcswch/s  Command
02:31:17 PM  1000   1826233      0.00      0.00  run-grafana.sh
02:31:17 PM  1000   1826235      0.00      0.00  run-loki.sh
02:31:17 PM  1000   1826237      0.00      0.00  grafana
02:31:17 PM  1000   1826238      0.00      0.00  run-otelcol.sh
02:31:17 PM  1000   1826241      0.00      0.00  run-prometheus.
02:31:17 PM  1000   1826243      0.00      0.00  otelcol-contrib
02:31:17 PM  1000   1826247      0.00      0.00  run-tempo.sh
02:31:17 PM  1000   1826251      0.00      0.00  run-pyroscope.s
02:31:17 PM  1000   1826253     25.00      1.00  tempo
02:31:17 PM  1000   1826255      0.00      0.00  prometheus
02:31:17 PM  1000   1826257      0.00      0.00  loki
02:31:17 PM  1000   1826258      0.00      0.00  pyroscope

02:31:17 PM   UID       PID    %usr %system  %guest   %wait    %CPU   CPU  Command
02:31:18 PM  1000   1826233    0.00    0.00    0.00    0.00    0.00    20  run-grafana.sh
02:31:18 PM  1000   1826235    0.00    0.00    0.00    0.00    0.00    18  run-loki.sh
02:31:18 PM  1000   1826237    0.00    0.00    0.00    0.00    0.00    18  grafana
02:31:18 PM  1000   1826238    0.00    0.00    0.00    0.00    0.00    18  run-otelcol.sh
02:31:18 PM  1000   1826241    0.00    0.00    0.00    0.00    0.00    20  run-prometheus.
02:31:18 PM  1000   1826243    0.00    0.00    0.00    0.00    0.00    20  otelcol-contrib
02:31:18 PM  1000   1826247    0.00    0.00    0.00    0.00    0.00    18  run-tempo.sh
02:31:18 PM  1000   1826251    0.00    0.00    0.00    0.00    0.00    16  run-pyroscope.s
02:31:18 PM  1000   1826253    1.00    0.00    0.00    0.00    1.00    20  tempo
02:31:18 PM  1000   1826255    0.00    0.00    0.00    0.00    0.00    20  prometheus
02:31:18 PM  1000   1826257    1.00    0.00    0.00    0.00    1.00    20  loki
02:31:18 PM  1000   1826258    1.00    0.00    0.00    0.00    1.00    20  pyroscope

02:31:17 PM   UID       PID   cswch/s nvcswch/s  Command
02:31:18 PM  1000   1826233      0.00      0.00  run-grafana.sh
02:31:18 PM  1000   1826235      0.00      0.00  run-loki.sh
02:31:18 PM  1000   1826237     10.00      1.00  grafana
02:31:18 PM  1000   1826238      0.00      0.00  run-otelcol.sh
02:31:18 PM  1000   1826241      0.00      0.00  run-prometheus.
02:31:18 PM  1000   1826243      0.00      0.00  otelcol-contrib
02:31:18 PM  1000   1826247      0.00      0.00  run-tempo.sh
02:31:18 PM  1000   1826251      0.00      0.00  run-pyroscope.s
02:31:18 PM  1000   1826253     34.00      0.00  tempo
02:31:18 PM  1000   1826255      0.00      0.00  prometheus
02:31:18 PM  1000   1826257      0.00      0.00  loki
02:31:18 PM  1000   1826258      0.00      0.00  pyroscope

02:31:18 PM   UID       PID    %usr %system  %guest   %wait    %CPU   CPU  Command
02:31:19 PM  1000   1826233    0.00    0.00    0.00    0.00    0.00    20  run-grafana.sh
02:31:19 PM  1000   1826235    0.00    0.00    0.00    0.00    0.00    18  run-loki.sh
02:31:19 PM  1000   1826237    0.00    0.00    0.00    0.00    0.00    20  grafana
02:31:19 PM  1000   1826238    0.00    0.00    0.00    0.00    0.00    18  run-otelcol.sh
02:31:19 PM  1000   1826241    0.00    0.00    0.00    0.00    0.00    20  run-prometheus.
02:31:19 PM  1000   1826243    0.00    0.00    0.00    0.00    0.00    20  otelcol-contrib
02:31:19 PM  1000   1826247    0.00    0.00    0.00    0.00    0.00    18  run-tempo.sh
02:31:19 PM  1000   1826251    0.00    0.00    0.00    0.00    0.00    16  run-pyroscope.s
02:31:19 PM  1000   1826253    0.00    0.00    0.00    0.00    0.00    20  tempo
02:31:19 PM  1000   1826255    0.00    0.00    0.00    0.00    0.00    20  prometheus
02:31:19 PM  1000   1826257    0.00    0.00    0.00    0.00    0.00    18  loki
02:31:19 PM  1000   1826258    0.00    0.00    0.00    0.00    0.00    20  pyroscope

02:31:18 PM   UID       PID   cswch/s nvcswch/s  Command
02:31:19 PM  1000   1826233      0.00      0.00  run-grafana.sh
02:31:19 PM  1000   1826235      0.00      0.00  run-loki.sh
02:31:19 PM  1000   1826237      3.00      0.00  grafana
02:31:19 PM  1000   1826238      0.00      0.00  run-otelcol.sh
02:31:19 PM  1000   1826241      0.00      0.00  run-prometheus.
02:31:19 PM  1000   1826243      0.00      0.00  otelcol-contrib
02:31:19 PM  1000   1826247      0.00      0.00  run-tempo.sh
02:31:19 PM  1000   1826251      0.00      0.00  run-pyroscope.s
02:31:19 PM  1000   1826253     33.00      0.00  tempo
02:31:19 PM  1000   1826255      0.00      0.00  prometheus
02:31:19 PM  1000   1826257     10.00      0.00  loki
02:31:19 PM  1000   1826258      0.00      0.00  pyroscope

02:31:19 PM   UID       PID    %usr %system  %guest   %wait    %CPU   CPU  Command
02:31:20 PM  1000   1826233    0.00    0.00    0.00    0.00    0.00    20  run-grafana.sh
02:31:20 PM  1000   1826235    0.00    0.00    0.00    0.00    0.00    18  run-loki.sh
02:31:20 PM  1000   1826237    0.00    0.00    0.00    0.00    0.00    18  grafana
02:31:20 PM  1000   1826238    0.00    0.00    0.00    0.00    0.00    18  run-otelcol.sh
02:31:20 PM  1000   1826241    0.00    0.00    0.00    0.00    0.00    20  run-prometheus.
02:31:20 PM  1000   1826243    1.00    0.00    0.00    0.00    1.00    20  otelcol-contrib
02:31:20 PM  1000   1826247    0.00    0.00    0.00    0.00    0.00    18  run-tempo.sh
02:31:20 PM  1000   1826251    0.00    0.00    0.00    0.00    0.00    16  run-pyroscope.s
02:31:20 PM  1000   1826253    0.00    0.00    0.00    0.00    0.00    20  tempo
02:31:20 PM  1000   1826255    0.00    0.00    0.00    0.00    0.00    20  prometheus
02:31:20 PM  1000   1826257    0.00    0.00    0.00    0.00    0.00    18  loki
02:31:20 PM  1000   1826258    0.00    0.00    0.00    0.00    0.00    20  pyroscope

02:31:19 PM   UID       PID   cswch/s nvcswch/s  Command
02:31:20 PM  1000   1826233      0.00      0.00  run-grafana.sh
02:31:20 PM  1000   1826235      0.00      0.00  run-loki.sh
02:31:20 PM  1000   1826237     14.00      0.00  grafana
02:31:20 PM  1000   1826238      0.00      0.00  run-otelcol.sh
02:31:20 PM  1000   1826241      0.00      0.00  run-prometheus.
02:31:20 PM  1000   1826243      0.00      0.00  otelcol-contrib
02:31:20 PM  1000   1826247      0.00      0.00  run-tempo.sh
02:31:20 PM  1000   1826251      0.00      0.00  run-pyroscope.s
02:31:20 PM  1000   1826253     34.00      0.00  tempo
02:31:20 PM  1000   1826255      0.00      0.00  prometheus
02:31:20 PM  1000   1826257     45.00      0.00  loki
02:31:20 PM  1000   1826258      0.00      0.00  pyroscope

02:31:20 PM   UID       PID    %usr %system  %guest   %wait    %CPU   CPU  Command
02:31:21 PM  1000   1826233    0.00    0.00    0.00    0.00    0.00    20  run-grafana.sh
02:31:21 PM  1000   1826235    0.00    0.00    0.00    0.00    0.00    18  run-loki.sh
02:31:21 PM  1000   1826237    0.00    0.00    0.00    0.00    0.00    18  grafana
02:31:21 PM  1000   1826238    0.00    0.00    0.00    0.00    0.00    18  run-otelcol.sh
02:31:21 PM  1000   1826241    0.00    0.00    0.00    0.00    0.00    20  run-prometheus.
02:31:21 PM  1000   1826243    0.00    0.00    0.00    0.00    0.00    20  otelcol-contrib
02:31:21 PM  1000   1826247    0.00    0.00    0.00    0.00    0.00    18  run-tempo.sh
02:31:21 PM  1000   1826251    0.00    0.00    0.00    0.00    0.00    16  run-pyroscope.s
02:31:21 PM  1000   1826253   24.00    2.00    0.00    0.00   26.00    16  tempo
02:31:21 PM  1000   1826255    1.00    0.00    0.00    0.00    1.00    16  prometheus
02:31:21 PM  1000   1826257    0.00    0.00    0.00    0.00    0.00    20  loki
02:31:21 PM  1000   1826258    0.00    0.00    0.00    0.00    0.00    20  pyroscope

02:31:20 PM   UID       PID   cswch/s nvcswch/s  Command
02:31:21 PM  1000   1826233      0.00      0.00  run-grafana.sh
02:31:21 PM  1000   1826235      0.00      0.00  run-loki.sh
02:31:21 PM  1000   1826237      1.00      0.00  grafana
02:31:21 PM  1000   1826238      0.00      0.00  run-otelcol.sh
02:31:21 PM  1000   1826241      0.00      0.00  run-prometheus.
02:31:21 PM  1000   1826243      0.00      0.00  otelcol-contrib
02:31:21 PM  1000   1826247      0.00      0.00  run-tempo.sh
02:31:21 PM  1000   1826251      0.00      0.00  run-pyroscope.s
02:31:21 PM  1000   1826253     53.00      0.00  tempo
02:31:21 PM  1000   1826255      1.00      0.00  prometheus
02:31:21 PM  1000   1826257      4.00      0.00  loki
02:31:21 PM  1000   1826258      0.00      0.00  pyroscope

02:31:21 PM   UID       PID    %usr %system  %guest   %wait    %CPU   CPU  Command
02:31:22 PM  1000   1826233    0.00    0.00    0.00    0.00    0.00    20  run-grafana.sh
02:31:22 PM  1000   1826235    0.00    0.00    0.00    0.00    0.00    18  run-loki.sh
02:31:22 PM  1000   1826237    0.00    0.00    0.00    0.00    0.00    18  grafana
02:31:22 PM  1000   1826238    0.00    0.00    0.00    0.00    0.00    18  run-otelcol.sh
02:31:22 PM  1000   1826241    0.00    0.00    0.00    0.00    0.00    20  run-prometheus.
02:31:22 PM  1000   1826243    0.00    0.00    0.00    0.00    0.00    20  otelcol-contrib
02:31:22 PM  1000   1826247    0.00    0.00    0.00    0.00    0.00    18  run-tempo.sh
02:31:22 PM  1000   1826251    0.00    0.00    0.00    0.00    0.00    16  run-pyroscope.s
02:31:22 PM  1000   1826253  111.00    4.00    0.00    0.00  115.00    16  tempo
02:31:22 PM  1000   1826255    0.00    0.00    0.00    0.00    0.00    16  prometheus
02:31:22 PM  1000   1826257    1.00    1.00    0.00    0.00    2.00    18  loki
02:31:22 PM  1000   1826258    0.00    0.00    0.00    0.00    0.00    20  pyroscope

02:31:21 PM   UID       PID   cswch/s nvcswch/s  Command
02:31:22 PM  1000   1826233      0.00      0.00  run-grafana.sh
02:31:22 PM  1000   1826235      0.00      0.00  run-loki.sh
02:31:22 PM  1000   1826237      0.00      0.00  grafana
02:31:22 PM  1000   1826238      0.00      0.00  run-otelcol.sh
02:31:22 PM  1000   1826241      0.00      0.00  run-prometheus.
02:31:22 PM  1000   1826243      0.00      0.00  otelcol-contrib
02:31:22 PM  1000   1826247      0.00      0.00  run-tempo.sh
02:31:22 PM  1000   1826251      0.00      0.00  run-pyroscope.s
02:31:22 PM  1000   1826253     44.00      6.00  tempo
02:31:22 PM  1000   1826255      0.00      0.00  prometheus
02:31:22 PM  1000   1826257     12.00      0.00  loki
02:31:22 PM  1000   1826258      0.00      0.00  pyroscope

02:31:22 PM   UID       PID    %usr %system  %guest   %wait    %CPU   CPU  Command
02:31:23 PM  1000   1826233    0.00    0.00    0.00    0.00    0.00    20  run-grafana.sh
02:31:23 PM  1000   1826235    0.00    0.00    0.00    0.00    0.00    18  run-loki.sh
02:31:23 PM  1000   1826237    0.00    0.00    0.00    0.00    0.00    18  grafana
02:31:23 PM  1000   1826238    0.00    0.00    0.00    0.00    0.00    18  run-otelcol.sh
02:31:23 PM  1000   1826241    0.00    0.00    0.00    0.00    0.00    20  run-prometheus.
02:31:23 PM  1000   1826243    1.00    0.00    0.00    0.00    1.00    20  otelcol-contrib
02:31:23 PM  1000   1826247    0.00    0.00    0.00    0.00    0.00    18  run-tempo.sh
02:31:23 PM  1000   1826251    0.00    0.00    0.00    0.00    0.00    16  run-pyroscope.s
02:31:23 PM  1000   1826253  109.00    4.00    0.00    0.00  113.00    16  tempo
02:31:23 PM  1000   1826255    0.00    0.00    0.00    0.00    0.00    16  prometheus
02:31:23 PM  1000   1826257    0.00    0.00    0.00    0.00    0.00    20  loki
02:31:23 PM  1000   1826258    0.00    0.00    0.00    0.00    0.00    20  pyroscope

02:31:22 PM   UID       PID   cswch/s nvcswch/s  Command
02:31:23 PM  1000   1826233      0.00      0.00  run-grafana.sh
02:31:23 PM  1000   1826235      0.00      0.00  run-loki.sh
02:31:23 PM  1000   1826237      0.00      0.00  grafana
02:31:23 PM  1000   1826238      0.00      0.00  run-otelcol.sh
02:31:23 PM  1000   1826241      0.00      0.00  run-prometheus.
02:31:23 PM  1000   1826243      0.00      0.00  otelcol-contrib
02:31:23 PM  1000   1826247      0.00      0.00  run-tempo.sh
02:31:23 PM  1000   1826251      0.00      0.00  run-pyroscope.s
02:31:23 PM  1000   1826253     49.00      8.00  tempo
02:31:23 PM  1000   1826255      0.00      0.00  prometheus
02:31:23 PM  1000   1826257     55.00      0.00  loki
02:31:23 PM  1000   1826258      0.00      0.00  pyroscope

02:31:23 PM   UID       PID    %usr %system  %guest   %wait    %CPU   CPU  Command
02:31:24 PM  1000   1826233    0.00    0.00    0.00    0.00    0.00    20  run-grafana.sh
02:31:24 PM  1000   1826235    0.00    0.00    0.00    0.00    0.00    18  run-loki.sh
02:31:24 PM  1000   1826237    0.00    0.00    0.00    0.00    0.00    18  grafana
02:31:24 PM  1000   1826238    0.00    0.00    0.00    0.00    0.00    18  run-otelcol.sh
02:31:24 PM  1000   1826241    0.00    0.00    0.00    0.00    0.00    20  run-prometheus.
02:31:24 PM  1000   1826243    0.00    0.00    0.00    0.00    0.00    20  otelcol-contrib
02:31:24 PM  1000   1826247    0.00    0.00    0.00    0.00    0.00    18  run-tempo.sh
02:31:24 PM  1000   1826251    0.00    0.00    0.00    0.00    0.00    16  run-pyroscope.s
02:31:24 PM  1000   1826253   27.00    6.00    0.00    0.00   33.00    20  tempo
02:31:24 PM  1000   1826255    0.00    0.00    0.00    0.00    0.00    16  prometheus
02:31:24 PM  1000   1826257    0.00    0.00    0.00    0.00    0.00    16  loki
02:31:24 PM  1000   1826258    0.00    0.00    0.00    0.00    0.00    20  pyroscope

02:31:23 PM   UID       PID   cswch/s nvcswch/s  Command
02:31:24 PM  1000   1826233      0.00      0.00  run-grafana.sh
02:31:24 PM  1000   1826235      0.00      0.00  run-loki.sh
02:31:24 PM  1000   1826237     14.00      0.00  grafana
02:31:24 PM  1000   1826238      0.00      0.00  run-otelcol.sh
02:31:24 PM  1000   1826241      0.00      0.00  run-prometheus.
02:31:24 PM  1000   1826243      0.00      0.00  otelcol-contrib
02:31:24 PM  1000   1826247      0.00      0.00  run-tempo.sh
02:31:24 PM  1000   1826251      0.00      0.00  run-pyroscope.s
02:31:24 PM  1000   1826253     60.00      3.00  tempo
02:31:24 PM  1000   1826255      0.00      0.00  prometheus
02:31:24 PM  1000   1826257     44.00      0.00  loki
02:31:24 PM  1000   1826258      0.00      0.00  pyroscope

02:31:24 PM   UID       PID    %usr %system  %guest   %wait    %CPU   CPU  Command
02:31:25 PM  1000   1826233    0.00    0.00    0.00    0.00    0.00    20  run-grafana.sh
02:31:25 PM  1000   1826235    0.00    0.00    0.00    0.00    0.00    18  run-loki.sh
02:31:25 PM  1000   1826237    0.00    0.00    0.00    0.00    0.00    18  grafana
02:31:25 PM  1000   1826238    0.00    0.00    0.00    0.00    0.00    18  run-otelcol.sh
02:31:25 PM  1000   1826241    0.00    0.00    0.00    0.00    0.00    20  run-prometheus.
02:31:25 PM  1000   1826243    0.00    0.00    0.00    0.00    0.00    20  otelcol-contrib
02:31:25 PM  1000   1826247    0.00    0.00    0.00    0.00    0.00    18  run-tempo.sh
02:31:25 PM  1000   1826251    0.00    0.00    0.00    0.00    0.00    16  run-pyroscope.s
02:31:25 PM  1000   1826253    0.00    0.00    0.00    0.00    0.00    18  tempo
02:31:25 PM  1000   1826255    0.00    0.00    0.00    0.00    0.00    16  prometheus
02:31:25 PM  1000   1826257    0.00    0.00    0.00    0.00    0.00    16  loki
02:31:25 PM  1000   1826258    0.00    1.00    0.00    0.00    1.00    20  pyroscope

02:31:24 PM   UID       PID   cswch/s nvcswch/s  Command
02:31:25 PM  1000   1826233      0.00      0.00  run-grafana.sh
02:31:25 PM  1000   1826235      0.00      0.00  run-loki.sh
02:31:25 PM  1000   1826237     30.00      0.00  grafana
02:31:25 PM  1000   1826238      0.00      0.00  run-otelcol.sh
02:31:25 PM  1000   1826241      0.00      0.00  run-prometheus.
02:31:25 PM  1000   1826243      0.00      0.00  otelcol-contrib
02:31:25 PM  1000   1826247      0.00      0.00  run-tempo.sh
02:31:25 PM  1000   1826251      0.00      0.00  run-pyroscope.s
02:31:25 PM  1000   1826253     32.00      1.00  tempo
02:31:25 PM  1000   1826255      0.00      0.00  prometheus
02:31:25 PM  1000   1826257     39.00      0.00  loki
02:31:25 PM  1000   1826258      0.00      0.00  pyroscope

02:31:25 PM   UID       PID    %usr %system  %guest   %wait    %CPU   CPU  Command
02:31:26 PM  1000   1826233    0.00    0.00    0.00    0.00    0.00    20  run-grafana.sh
02:31:26 PM  1000   1826235    0.00    0.00    0.00    0.00    0.00    18  run-loki.sh
02:31:26 PM  1000   1826237    0.00    0.00    0.00    0.00    0.00    16  grafana
02:31:26 PM  1000   1826238    0.00    0.00    0.00    0.00    0.00    18  run-otelcol.sh
02:31:26 PM  1000   1826241    0.00    0.00    0.00    0.00    0.00    20  run-prometheus.
02:31:26 PM  1000   1826243    1.00    0.00    0.00    0.00    1.00    20  otelcol-contrib
02:31:26 PM  1000   1826247    0.00    0.00    0.00    0.00    0.00    18  run-tempo.sh
02:31:26 PM  1000   1826251    0.00    0.00    0.00    0.00    0.00    16  run-pyroscope.s
02:31:26 PM  1000   1826253    0.00    0.00    0.00    0.00    0.00    16  tempo
02:31:26 PM  1000   1826255    1.00    0.00    0.00    0.00    1.00    16  prometheus
02:31:26 PM  1000   1826257    0.00    0.00    0.00    0.00    0.00    16  loki
02:31:26 PM  1000   1826258    0.00    0.00    0.00    0.00    0.00    20  pyroscope

02:31:25 PM   UID       PID   cswch/s nvcswch/s  Command
02:31:26 PM  1000   1826233      0.00      0.00  run-grafana.sh
02:31:26 PM  1000   1826235      0.00      0.00  run-loki.sh
02:31:26 PM  1000   1826237     32.00      0.00  grafana
02:31:26 PM  1000   1826238      0.00      0.00  run-otelcol.sh
02:31:26 PM  1000   1826241      0.00      0.00  run-prometheus.
02:31:26 PM  1000   1826243      0.00      0.00  otelcol-contrib
02:31:26 PM  1000   1826247      0.00      0.00  run-tempo.sh
02:31:26 PM  1000   1826251      0.00      0.00  run-pyroscope.s
02:31:26 PM  1000   1826253     33.00      0.00  tempo
02:31:26 PM  1000   1826255      0.00      0.00  prometheus
02:31:26 PM  1000   1826257     42.00      0.00  loki
02:31:26 PM  1000   1826258      0.00      0.00  pyroscope

02:31:26 PM   UID       PID    %usr %system  %guest   %wait    %CPU   CPU  Command
02:31:27 PM  1000   1826233    0.00    0.00    0.00    0.00    0.00    20  run-grafana.sh
02:31:27 PM  1000   1826235    0.00    0.00    0.00    0.00    0.00    18  run-loki.sh
02:31:27 PM  1000   1826237    1.00    0.00    0.00    0.00    1.00    18  grafana
02:31:27 PM  1000   1826238    0.00    0.00    0.00    0.00    0.00    18  run-otelcol.sh
02:31:27 PM  1000   1826241    0.00    0.00    0.00    0.00    0.00    20  run-prometheus.
02:31:27 PM  1000   1826243    0.00    0.00    0.00    0.00    0.00    20  otelcol-contrib
02:31:27 PM  1000   1826247    0.00    0.00    0.00    0.00    0.00    18  run-tempo.sh
02:31:27 PM  1000   1826251    0.00    0.00    0.00    0.00    0.00    16  run-pyroscope.s
02:31:27 PM  1000   1826253    0.00    0.00    0.00    0.00    0.00    20  tempo
02:31:27 PM  1000   1826255    0.00    0.00    0.00    0.00    0.00    16  prometheus
02:31:27 PM  1000   1826257    0.00    0.00    0.00    0.00    0.00    18  loki
02:31:27 PM  1000   1826258    0.00    0.00    0.00    0.00    0.00    20  pyroscope

02:31:26 PM   UID       PID   cswch/s nvcswch/s  Command
02:31:27 PM  1000   1826233      0.00      0.00  run-grafana.sh
02:31:27 PM  1000   1826235      0.00      0.00  run-loki.sh
02:31:27 PM  1000   1826237     26.00      0.00  grafana
02:31:27 PM  1000   1826238      0.00      0.00  run-otelcol.sh
02:31:27 PM  1000   1826241      0.00      0.00  run-prometheus.
02:31:27 PM  1000   1826243      0.00      0.00  otelcol-contrib
02:31:27 PM  1000   1826247      0.00      0.00  run-tempo.sh
02:31:27 PM  1000   1826251      0.00      0.00  run-pyroscope.s
02:31:27 PM  1000   1826253     39.00      0.00  tempo
02:31:27 PM  1000   1826255      0.00      0.00  prometheus
02:31:27 PM  1000   1826257     26.00      0.00  loki
02:31:27 PM  1000   1826258      0.00      0.00  pyroscope

02:31:27 PM   UID       PID    %usr %system  %guest   %wait    %CPU   CPU  Command
02:31:28 PM  1000   1826233    0.00    0.00    0.00    0.00    0.00    20  run-grafana.sh
02:31:28 PM  1000   1826235    0.00    0.00    0.00    0.00    0.00    18  run-loki.sh
02:31:28 PM  1000   1826237    0.00    0.00    0.00    0.00    0.00    18  grafana
02:31:28 PM  1000   1826238    0.00    0.00    0.00    0.00    0.00    18  run-otelcol.sh
02:31:28 PM  1000   1826241    0.00    0.00    0.00    0.00    0.00    20  run-prometheus.
02:31:28 PM  1000   1826243    0.00    1.00    0.00    0.00    1.00    20  otelcol-contrib
02:31:28 PM  1000   1826247    0.00    0.00    0.00    0.00    0.00    18  run-tempo.sh
02:31:28 PM  1000   1826251    0.00    0.00    0.00    0.00    0.00    16  run-pyroscope.s
02:31:28 PM  1000   1826253    0.00    0.00    0.00    0.00    0.00    20  tempo
02:31:28 PM  1000   1826255    0.00    0.00    0.00    0.00    0.00    16  prometheus
02:31:28 PM  1000   1826257    1.00    0.00    0.00    0.00    1.00    18  loki
02:31:28 PM  1000   1826258    4.00    0.00    0.00    0.00    4.00    20  pyroscope

02:31:27 PM   UID       PID   cswch/s nvcswch/s  Command
02:31:28 PM  1000   1826233      0.00      0.00  run-grafana.sh
02:31:28 PM  1000   1826235      0.00      0.00  run-loki.sh
02:31:28 PM  1000   1826237     32.00      0.00  grafana
02:31:28 PM  1000   1826238      0.00      0.00  run-otelcol.sh
02:31:28 PM  1000   1826241      0.00      0.00  run-prometheus.
02:31:28 PM  1000   1826243      0.00      0.00  otelcol-contrib
02:31:28 PM  1000   1826247      0.00      0.00  run-tempo.sh
02:31:28 PM  1000   1826251      0.00      0.00  run-pyroscope.s
02:31:28 PM  1000   1826253     17.00      0.00  tempo
02:31:28 PM  1000   1826255      0.00      0.00  prometheus
02:31:28 PM  1000   1826257     48.00      0.00  loki
02:31:28 PM  1000   1826258      0.00      0.00  pyroscope

02:31:28 PM   UID       PID    %usr %system  %guest   %wait    %CPU   CPU  Command
02:31:29 PM  1000   1826233    0.00    0.00    0.00    0.00    0.00    20  run-grafana.sh
02:31:29 PM  1000   1826235    0.00    0.00    0.00    0.00    0.00    18  run-loki.sh
02:31:29 PM  1000   1826237    0.00    0.00    0.00    0.00    0.00    20  grafana
02:31:29 PM  1000   1826238    0.00    0.00    0.00    0.00    0.00    18  run-otelcol.sh
02:31:29 PM  1000   1826241    0.00    0.00    0.00    0.00    0.00    20  run-prometheus.
02:31:29 PM  1000   1826243    8.00    0.00    0.00    0.00    8.00    20  otelcol-contrib
02:31:29 PM  1000   1826247    0.00    0.00    0.00    0.00    0.00    18  run-tempo.sh
02:31:29 PM  1000   1826251    0.00    0.00    0.00    0.00    0.00    16  run-pyroscope.s
02:31:29 PM  1000   1826253   11.00    0.00    0.00    0.00   11.00    20  tempo
02:31:29 PM  1000   1826255    0.00    0.00    0.00    0.00    0.00    16  prometheus
02:31:29 PM  1000   1826257    0.00    0.00    0.00    0.00    0.00    20  loki
02:31:29 PM  1000   1826258    0.00    0.00    0.00    0.00    0.00    20  pyroscope

02:31:28 PM   UID       PID   cswch/s nvcswch/s  Command
02:31:29 PM  1000   1826233      0.00      0.00  run-grafana.sh
02:31:29 PM  1000   1826235      0.00      0.00  run-loki.sh
02:31:29 PM  1000   1826237     25.00      0.00  grafana
02:31:29 PM  1000   1826238      0.00      0.00  run-otelcol.sh
02:31:29 PM  1000   1826241      0.00      0.00  run-prometheus.
02:31:29 PM  1000   1826243      0.00      0.00  otelcol-contrib
02:31:29 PM  1000   1826247      0.00      0.00  run-tempo.sh
02:31:29 PM  1000   1826251      0.00      0.00  run-pyroscope.s
02:31:29 PM  1000   1826253     94.00      4.00  tempo
02:31:29 PM  1000   1826255      0.00      0.00  prometheus
02:31:29 PM  1000   1826257     36.00      0.00  loki
02:31:29 PM  1000   1826258      0.00      0.00  pyroscope

02:31:29 PM   UID       PID    %usr %system  %guest   %wait    %CPU   CPU  Command
02:31:30 PM  1000   1826233    0.00    0.00    0.00    0.00    0.00    20  run-grafana.sh
02:31:30 PM  1000   1826235    0.00    0.00    0.00    0.00    0.00    18  run-loki.sh
02:31:30 PM  1000   1826237    0.00    0.00    0.00    0.00    0.00    18  grafana
02:31:30 PM  1000   1826238    0.00    0.00    0.00    0.00    0.00    18  run-otelcol.sh
02:31:30 PM  1000   1826241    0.00    0.00    0.00    0.00    0.00    20  run-prometheus.
02:31:30 PM  1000   1826243    5.00    0.00    0.00    0.00    5.00    20  otelcol-contrib
02:31:30 PM  1000   1826247    0.00    0.00    0.00    0.00    0.00    18  run-tempo.sh
02:31:30 PM  1000   1826251    0.00    0.00    0.00    0.00    0.00    16  run-pyroscope.s
02:31:30 PM  1000   1826253   19.00    2.00    0.00    0.00   21.00    18  tempo
02:31:30 PM  1000   1826255    0.00    0.00    0.00    0.00    0.00    16  prometheus
02:31:30 PM  1000   1826257    0.00    0.00    0.00    0.00    0.00    16  loki
02:31:30 PM  1000   1826258    0.00    0.00    0.00    0.00    0.00    20  pyroscope

02:31:29 PM   UID       PID   cswch/s nvcswch/s  Command
02:31:30 PM  1000   1826233      0.00      0.00  run-grafana.sh
02:31:30 PM  1000   1826235      0.00      0.00  run-loki.sh
02:31:30 PM  1000   1826237     13.00      0.00  grafana
02:31:30 PM  1000   1826238      0.00      0.00  run-otelcol.sh
02:31:30 PM  1000   1826241      0.00      0.00  run-prometheus.
02:31:30 PM  1000   1826243      0.00      0.00  otelcol-contrib
02:31:30 PM  1000   1826247      0.00      0.00  run-tempo.sh
02:31:30 PM  1000   1826251      0.00      0.00  run-pyroscope.s
02:31:30 PM  1000   1826253    101.00      1.00  tempo
02:31:30 PM  1000   1826255      0.00      0.00  prometheus
02:31:30 PM  1000   1826257     42.00      0.00  loki
02:31:30 PM  1000   1826258      0.00      0.00  pyroscope

02:31:30 PM   UID       PID    %usr %system  %guest   %wait    %CPU   CPU  Command
02:31:31 PM  1000   1826233    0.00    0.00    0.00    0.00    0.00    20  run-grafana.sh
02:31:31 PM  1000   1826235    0.00    0.00    0.00    0.00    0.00    18  run-loki.sh
02:31:31 PM  1000   1826237    0.00    0.00    0.00    0.00    0.00    18  grafana
02:31:31 PM  1000   1826238    0.00    0.00    0.00    0.00    0.00    18  run-otelcol.sh
02:31:31 PM  1000   1826241    0.00    0.00    0.00    0.00    0.00    20  run-prometheus.
02:31:31 PM  1000   1826243    6.00    0.00    0.00    0.00    6.00    20  otelcol-contrib
02:31:31 PM  1000   1826247    0.00    0.00    0.00    0.00    0.00    18  run-tempo.sh
02:31:31 PM  1000   1826251    0.00    0.00    0.00    0.00    0.00    16  run-pyroscope.s
02:31:31 PM  1000   1826253   33.00    3.00    0.00    0.00   36.00    20  tempo
02:31:31 PM  1000   1826255    0.00    1.00    0.00    0.00    1.00    16  prometheus
02:31:31 PM  1000   1826257    0.00    1.00    0.00    0.00    1.00    16  loki
02:31:31 PM  1000   1826258    0.00    0.00    0.00    0.00    0.00    20  pyroscope

02:31:30 PM   UID       PID   cswch/s nvcswch/s  Command
02:31:31 PM  1000   1826233      0.00      0.00  run-grafana.sh
02:31:31 PM  1000   1826235      0.00      0.00  run-loki.sh
02:31:31 PM  1000   1826237     20.00      0.00  grafana
02:31:31 PM  1000   1826238      0.00      0.00  run-otelcol.sh
02:31:31 PM  1000   1826241      0.00      0.00  run-prometheus.
02:31:31 PM  1000   1826243      0.00      0.00  otelcol-contrib
02:31:31 PM  1000   1826247      0.00      0.00  run-tempo.sh
02:31:31 PM  1000   1826251      0.00      0.00  run-pyroscope.s
02:31:31 PM  1000   1826253    138.00      3.00  tempo
02:31:31 PM  1000   1826255      0.00      0.00  prometheus
02:31:31 PM  1000   1826257     43.00      0.00  loki
02:31:31 PM  1000   1826258      0.00      0.00  pyroscope

02:31:31 PM   UID       PID    %usr %system  %guest   %wait    %CPU   CPU  Command
02:31:32 PM  1000   1826233    0.00    0.00    0.00    0.00    0.00    20  run-grafana.sh
02:31:32 PM  1000   1826235    0.00    0.00    0.00    0.00    0.00    18  run-loki.sh
02:31:32 PM  1000   1826237    0.00    0.00    0.00    0.00    0.00    16  grafana
02:31:32 PM  1000   1826238    0.00    0.00    0.00    0.00    0.00    18  run-otelcol.sh
02:31:32 PM  1000   1826241    0.00    0.00    0.00    0.00    0.00    20  run-prometheus.
02:31:32 PM  1000   1826243    7.00    1.00    0.00    0.00    8.00    20  otelcol-contrib
02:31:32 PM  1000   1826247    0.00    0.00    0.00    0.00    0.00    18  run-tempo.sh
02:31:32 PM  1000   1826251    0.00    0.00    0.00    0.00    0.00    16  run-pyroscope.s
02:31:32 PM  1000   1826253   49.00    3.00    0.00    1.00   52.00    20  tempo
02:31:32 PM  1000   1826255    0.00    0.00    0.00    0.00    0.00    16  prometheus
02:31:32 PM  1000   1826257    0.00    0.00    0.00    0.00    0.00    20  loki
02:31:32 PM  1000   1826258    0.00    1.00    0.00    0.00    1.00    20  pyroscope

02:31:31 PM   UID       PID   cswch/s nvcswch/s  Command
02:31:32 PM  1000   1826233      0.00      0.00  run-grafana.sh
02:31:32 PM  1000   1826235      0.00      0.00  run-loki.sh
02:31:32 PM  1000   1826237     23.00      0.00  grafana
02:31:32 PM  1000   1826238      0.00      0.00  run-otelcol.sh
02:31:32 PM  1000   1826241      0.00      0.00  run-prometheus.
02:31:32 PM  1000   1826243      0.00      0.00  otelcol-contrib
02:31:32 PM  1000   1826247      0.00      0.00  run-tempo.sh
02:31:32 PM  1000   1826251      0.00      0.00  run-pyroscope.s
02:31:32 PM  1000   1826253    123.00     12.00  tempo
02:31:32 PM  1000   1826255      0.00      0.00  prometheus
02:31:32 PM  1000   1826257     55.00      0.00  loki
02:31:32 PM  1000   1826258      0.00      0.00  pyroscope

02:31:32 PM   UID       PID    %usr %system  %guest   %wait    %CPU   CPU  Command
02:31:33 PM  1000   1826233    0.00    0.00    0.00    0.00    0.00    20  run-grafana.sh
02:31:33 PM  1000   1826235    0.00    0.00    0.00    0.00    0.00    18  run-loki.sh
02:31:33 PM  1000   1826237    0.00    0.00    0.00    0.00    0.00    20  grafana
02:31:33 PM  1000   1826238    0.00    0.00    0.00    0.00    0.00    18  run-otelcol.sh
02:31:33 PM  1000   1826241    0.00    0.00    0.00    0.00    0.00    20  run-prometheus.
02:31:33 PM  1000   1826243    6.00    0.00    0.00    0.00    6.00    20  otelcol-contrib
02:31:33 PM  1000   1826247    0.00    0.00    0.00    0.00    0.00    18  run-tempo.sh
02:31:33 PM  1000   1826251    0.00    0.00    0.00    0.00    0.00    16  run-pyroscope.s
02:31:33 PM  1000   1826253   60.00    7.00    0.00    0.00   67.00    16  tempo
02:31:33 PM  1000   1826255    0.00    0.00    0.00    0.00    0.00    16  prometheus
02:31:33 PM  1000   1826257    1.00    0.00    0.00    1.00    1.00    18  loki
02:31:33 PM  1000   1826258    1.00    0.00    0.00    0.00    1.00    20  pyroscope

02:31:32 PM   UID       PID   cswch/s nvcswch/s  Command
02:31:33 PM  1000   1826233      0.00      0.00  run-grafana.sh
02:31:33 PM  1000   1826235      0.00      0.00  run-loki.sh
02:31:33 PM  1000   1826237     19.00      0.00  grafana
02:31:33 PM  1000   1826238      0.00      0.00  run-otelcol.sh
02:31:33 PM  1000   1826241      0.00      0.00  run-prometheus.
02:31:33 PM  1000   1826243      0.00      0.00  otelcol-contrib
02:31:33 PM  1000   1826247      0.00      0.00  run-tempo.sh
02:31:33 PM  1000   1826251      0.00      0.00  run-pyroscope.s
02:31:33 PM  1000   1826253    118.00     40.00  tempo
02:31:33 PM  1000   1826255      0.00      0.00  prometheus
02:31:33 PM  1000   1826257     50.00      0.00  loki
02:31:33 PM  1000   1826258      0.00      0.00  pyroscope

02:31:33 PM   UID       PID    %usr %system  %guest   %wait    %CPU   CPU  Command
02:31:34 PM  1000   1826233    0.00    0.00    0.00    0.00    0.00    20  run-grafana.sh
02:31:34 PM  1000   1826235    0.00    0.00    0.00    0.00    0.00    18  run-loki.sh
02:31:34 PM  1000   1826237    0.00    1.00    0.00    0.00    1.00    20  grafana
02:31:34 PM  1000   1826238    0.00    0.00    0.00    0.00    0.00    18  run-otelcol.sh
02:31:34 PM  1000   1826241    0.00    0.00    0.00    0.00    0.00    20  run-prometheus.
02:31:34 PM  1000   1826243    7.00    0.00    0.00    0.00    7.00    20  otelcol-contrib
02:31:34 PM  1000   1826247    0.00    0.00    0.00    0.00    0.00    18  run-tempo.sh
02:31:34 PM  1000   1826251    0.00    0.00    0.00    0.00    0.00    16  run-pyroscope.s
02:31:34 PM  1000   1826253   48.00    3.00    0.00    0.00   51.00    18  tempo
02:31:34 PM  1000   1826255    0.00    0.00    0.00    0.00    0.00    16  prometheus
02:31:34 PM  1000   1826257    0.00    0.00    0.00    0.00    0.00    18  loki
02:31:34 PM  1000   1826258    0.00    0.00    0.00    0.00    0.00    20  pyroscope

02:31:33 PM   UID       PID   cswch/s nvcswch/s  Command
02:31:34 PM  1000   1826233      0.00      0.00  run-grafana.sh
02:31:34 PM  1000   1826235      0.00      0.00  run-loki.sh
02:31:34 PM  1000   1826237     32.00      0.00  grafana
02:31:34 PM  1000   1826238      0.00      0.00  run-otelcol.sh
02:31:34 PM  1000   1826241      0.00      0.00  run-prometheus.
02:31:34 PM  1000   1826243      0.00      0.00  otelcol-contrib
02:31:34 PM  1000   1826247      0.00      0.00  run-tempo.sh
02:31:34 PM  1000   1826251      0.00      0.00  run-pyroscope.s
02:31:34 PM  1000   1826253     95.00     21.00  tempo
02:31:34 PM  1000   1826255      0.00      0.00  prometheus
02:31:34 PM  1000   1826257     47.00      0.00  loki
02:31:34 PM  1000   1826258      0.00      0.00  pyroscope

02:31:34 PM   UID       PID    %usr %system  %guest   %wait    %CPU   CPU  Command
02:31:35 PM  1000   1826233    0.00    0.00    0.00    0.00    0.00    20  run-grafana.sh
02:31:35 PM  1000   1826235    0.00    0.00    0.00    0.00    0.00    18  run-loki.sh
02:31:35 PM  1000   1826237    0.00    0.00    0.00    0.00    0.00    18  grafana
02:31:35 PM  1000   1826238    0.00    0.00    0.00    0.00    0.00    18  run-otelcol.sh
02:31:35 PM  1000   1826241    0.00    0.00    0.00    0.00    0.00    20  run-prometheus.
02:31:35 PM  1000   1826243    6.00    0.00    0.00    0.00    6.00    20  otelcol-contrib
02:31:35 PM  1000   1826247    0.00    0.00    0.00    0.00    0.00    18  run-tempo.sh
02:31:35 PM  1000   1826251    0.00    0.00    0.00    0.00    0.00    16  run-pyroscope.s
02:31:35 PM  1000   1826253   41.00    2.00    0.00    0.00   43.00    16  tempo
02:31:35 PM  1000   1826255    0.00    0.00    0.00    0.00    0.00    18  prometheus
02:31:35 PM  1000   1826257    0.00    0.00    0.00    0.00    0.00    18  loki
02:31:35 PM  1000   1826258    0.00    0.00    0.00    0.00    0.00    20  pyroscope

02:31:34 PM   UID       PID   cswch/s nvcswch/s  Command
02:31:35 PM  1000   1826233      0.00      0.00  run-grafana.sh
02:31:35 PM  1000   1826235      0.00      0.00  run-loki.sh
02:31:35 PM  1000   1826237     25.00      0.00  grafana
02:31:35 PM  1000   1826238      0.00      0.00  run-otelcol.sh
02:31:35 PM  1000   1826241      0.00      0.00  run-prometheus.
02:31:35 PM  1000   1826243      0.00      0.00  otelcol-contrib
02:31:35 PM  1000   1826247      0.00      0.00  run-tempo.sh
02:31:35 PM  1000   1826251      0.00      0.00  run-pyroscope.s
02:31:35 PM  1000   1826253     97.00      4.00  tempo
02:31:35 PM  1000   1826255      1.00      0.00  prometheus
02:31:35 PM  1000   1826257     10.00      0.00  loki
02:31:35 PM  1000   1826258      0.00      0.00  pyroscope

02:31:35 PM   UID       PID    %usr %system  %guest   %wait    %CPU   CPU  Command
02:31:36 PM  1000   1826233    0.00    0.00    0.00    0.00    0.00    20  run-grafana.sh
02:31:36 PM  1000   1826235    0.00    0.00    0.00    0.00    0.00    18  run-loki.sh
02:31:36 PM  1000   1826237    0.00    0.00    0.00    0.00    0.00    16  grafana
02:31:36 PM  1000   1826238    0.00    0.00    0.00    0.00    0.00    18  run-otelcol.sh
02:31:36 PM  1000   1826241    0.00    0.00    0.00    0.00    0.00    20  run-prometheus.
02:31:36 PM  1000   1826243    5.00    1.00    0.00    0.00    6.00    20  otelcol-contrib
02:31:36 PM  1000   1826247    0.00    0.00    0.00    0.00    0.00    18  run-tempo.sh
02:31:36 PM  1000   1826251    0.00    0.00    0.00    0.00    0.00    16  run-pyroscope.s
02:31:36 PM  1000   1826253   43.00    1.00    0.00    0.00   44.00    16  tempo
02:31:36 PM  1000   1826255    1.00    0.00    0.00    0.00    1.00    18  prometheus
02:31:36 PM  1000   1826257    0.00    0.00    0.00    0.00    0.00    18  loki
02:31:36 PM  1000   1826258    0.00    0.00    0.00    0.00    0.00    20  pyroscope

02:31:35 PM   UID       PID   cswch/s nvcswch/s  Command
02:31:36 PM  1000   1826233      0.00      0.00  run-grafana.sh
02:31:36 PM  1000   1826235      0.00      0.00  run-loki.sh
02:31:36 PM  1000   1826237      9.00      0.00  grafana
02:31:36 PM  1000   1826238      0.00      0.00  run-otelcol.sh
02:31:36 PM  1000   1826241      0.00      0.00  run-prometheus.
02:31:36 PM  1000   1826243      0.00      0.00  otelcol-contrib
02:31:36 PM  1000   1826247      0.00      0.00  run-tempo.sh
02:31:36 PM  1000   1826251      0.00      0.00  run-pyroscope.s
02:31:36 PM  1000   1826253     88.00     14.00  tempo
02:31:36 PM  1000   1826255      1.00      0.00  prometheus
02:31:36 PM  1000   1826257     38.00      0.00  loki
02:31:36 PM  1000   1826258      0.00      0.00  pyroscope

02:31:36 PM   UID       PID    %usr %system  %guest   %wait    %CPU   CPU  Command
02:31:37 PM  1000   1826233    0.00    0.00    0.00    0.00    0.00    20  run-grafana.sh
02:31:37 PM  1000   1826235    0.00    0.00    0.00    0.00    0.00    18  run-loki.sh
02:31:37 PM  1000   1826237    1.00    0.00    0.00    0.00    1.00    16  grafana
02:31:37 PM  1000   1826238    0.00    0.00    0.00    0.00    0.00    18  run-otelcol.sh
02:31:37 PM  1000   1826241    0.00    0.00    0.00    0.00    0.00    20  run-prometheus.
02:31:37 PM  1000   1826243    8.00    0.00    0.00    0.00    8.00    20  otelcol-contrib
02:31:37 PM  1000   1826247    0.00    0.00    0.00    0.00    0.00    18  run-tempo.sh
02:31:37 PM  1000   1826251    0.00    0.00    0.00    0.00    0.00    16  run-pyroscope.s
02:31:37 PM  1000   1826253   45.00    1.00    0.00    0.00   46.00    20  tempo
02:31:37 PM  1000   1826255    0.00    0.00    0.00    0.00    0.00    18  prometheus
02:31:37 PM  1000   1826257    1.00    0.00    0.00    0.00    1.00    18  loki
02:31:37 PM  1000   1826258    0.00    0.00    0.00    0.00    0.00    20  pyroscope

02:31:36 PM   UID       PID   cswch/s nvcswch/s  Command
02:31:37 PM  1000   1826233      0.00      0.00  run-grafana.sh
02:31:37 PM  1000   1826235      0.00      0.00  run-loki.sh
02:31:37 PM  1000   1826237      8.00      0.00  grafana
02:31:37 PM  1000   1826238      0.00      0.00  run-otelcol.sh
02:31:37 PM  1000   1826241      0.00      0.00  run-prometheus.
02:31:37 PM  1000   1826243      0.00      0.00  otelcol-contrib
02:31:37 PM  1000   1826247      0.00      0.00  run-tempo.sh
02:31:37 PM  1000   1826251      0.00      0.00  run-pyroscope.s
02:31:37 PM  1000   1826253    105.00     12.00  tempo
02:31:37 PM  1000   1826255      1.00      0.00  prometheus
02:31:37 PM  1000   1826257     44.00      0.00  loki
02:31:37 PM  1000   1826258      0.00      0.00  pyroscope

02:31:37 PM   UID       PID    %usr %system  %guest   %wait    %CPU   CPU  Command
02:31:38 PM  1000   1826233    0.00    0.00    0.00    0.00    0.00    20  run-grafana.sh
02:31:38 PM  1000   1826235    0.00    0.00    0.00    0.00    0.00    18  run-loki.sh
02:31:38 PM  1000   1826237    0.00    0.00    0.00    0.00    0.00    18  grafana
02:31:38 PM  1000   1826238    0.00    0.00    0.00    0.00    0.00    18  run-otelcol.sh
02:31:38 PM  1000   1826241    0.00    0.00    0.00    0.00    0.00    20  run-prometheus.
02:31:38 PM  1000   1826243    5.00    0.00    0.00    0.00    5.00    20  otelcol-contrib
02:31:38 PM  1000   1826247    0.00    0.00    0.00    0.00    0.00    18  run-tempo.sh
02:31:38 PM  1000   1826251    0.00    0.00    0.00    0.00    0.00    16  run-pyroscope.s
02:31:38 PM  1000   1826253   43.00    1.00    0.00    2.00   44.00    20  tempo
02:31:38 PM  1000   1826255    0.00    0.00    0.00    0.00    0.00    20  prometheus
02:31:38 PM  1000   1826257    0.00    0.00    0.00    0.00    0.00    16  loki
02:31:38 PM  1000   1826258    1.00    0.00    0.00    0.00    1.00    20  pyroscope

02:31:37 PM   UID       PID   cswch/s nvcswch/s  Command
02:31:38 PM  1000   1826233      0.00      0.00  run-grafana.sh
02:31:38 PM  1000   1826235      0.00      0.00  run-loki.sh
02:31:38 PM  1000   1826237     16.00      0.00  grafana
02:31:38 PM  1000   1826238      0.00      0.00  run-otelcol.sh
02:31:38 PM  1000   1826241      0.00      0.00  run-prometheus.
02:31:38 PM  1000   1826243      0.00      0.00  otelcol-contrib
02:31:38 PM  1000   1826247      0.00      0.00  run-tempo.sh
02:31:38 PM  1000   1826251      0.00      0.00  run-pyroscope.s
02:31:38 PM  1000   1826253     80.00     35.00  tempo
02:31:38 PM  1000   1826255      4.00      0.00  prometheus
02:31:38 PM  1000   1826257     36.00      0.00  loki
02:31:38 PM  1000   1826258      0.00      0.00  pyroscope

02:31:38 PM   UID       PID    %usr %system  %guest   %wait    %CPU   CPU  Command
02:31:39 PM  1000   1826233    0.00    0.00    0.00    0.00    0.00    20  run-grafana.sh
02:31:39 PM  1000   1826235    0.00    0.00    0.00    0.00    0.00    18  run-loki.sh
02:31:39 PM  1000   1826237    0.00    0.00    0.00    0.00    0.00    16  grafana
02:31:39 PM  1000   1826238    0.00    0.00    0.00    0.00    0.00    18  run-otelcol.sh
02:31:39 PM  1000   1826241    0.00    0.00    0.00    0.00    0.00    20  run-prometheus.
02:31:39 PM  1000   1826243    8.00    1.00    0.00    0.00    9.00    20  otelcol-contrib
02:31:39 PM  1000   1826247    0.00    0.00    0.00    0.00    0.00    18  run-tempo.sh
02:31:39 PM  1000   1826251    0.00    0.00    0.00    0.00    0.00    16  run-pyroscope.s
02:31:39 PM  1000   1826253   23.00    1.00    0.00    0.00   24.00    18  tempo
02:31:39 PM  1000   1826255    0.00    0.00    0.00    0.00    0.00    16  prometheus
02:31:39 PM  1000   1826257    0.00    0.00    0.00    0.00    0.00    18  loki
02:31:39 PM  1000   1826258    0.00    0.00    0.00    0.00    0.00    20  pyroscope

02:31:38 PM   UID       PID   cswch/s nvcswch/s  Command
02:31:39 PM  1000   1826233      0.00      0.00  run-grafana.sh
02:31:39 PM  1000   1826235      0.00      0.00  run-loki.sh
02:31:39 PM  1000   1826237     22.00      0.00  grafana
02:31:39 PM  1000   1826238      0.00      0.00  run-otelcol.sh
02:31:39 PM  1000   1826241      0.00      0.00  run-prometheus.
02:31:39 PM  1000   1826243      0.00      0.00  otelcol-contrib
02:31:39 PM  1000   1826247      0.00      0.00  run-tempo.sh
02:31:39 PM  1000   1826251      0.00      0.00  run-pyroscope.s
02:31:39 PM  1000   1826253    112.00      1.00  tempo
02:31:39 PM  1000   1826255      3.00      0.00  prometheus
02:31:39 PM  1000   1826257     46.00      0.00  loki
02:31:39 PM  1000   1826258      0.00      0.00  pyroscope

02:31:39 PM   UID       PID    %usr %system  %guest   %wait    %CPU   CPU  Command
02:31:40 PM  1000   1826233    0.00    0.00    0.00    0.00    0.00    20  run-grafana.sh
02:31:40 PM  1000   1826235    0.00    0.00    0.00    0.00    0.00    18  run-loki.sh
02:31:40 PM  1000   1826237    0.00    0.00    0.00    0.00    0.00    18  grafana
02:31:40 PM  1000   1826238    0.00    0.00    0.00    0.00    0.00    18  run-otelcol.sh
02:31:40 PM  1000   1826241    0.00    0.00    0.00    0.00    0.00    20  run-prometheus.
02:31:40 PM  1000   1826243    5.00    0.00    0.00    0.00    5.00    20  otelcol-contrib
02:31:40 PM  1000   1826247    0.00    0.00    0.00    0.00    0.00    18  run-tempo.sh
02:31:40 PM  1000   1826251    0.00    0.00    0.00    0.00    0.00    16  run-pyroscope.s
02:31:40 PM  1000   1826253  117.00    8.00    0.00    1.00  125.00    20  tempo
02:31:40 PM  1000   1826255    0.00    0.00    0.00    0.00    0.00    18  prometheus
02:31:40 PM  1000   1826257    1.00    0.00    0.00    0.00    1.00    16  loki
02:31:40 PM  1000   1826258    0.00    0.00    0.00    0.00    0.00    20  pyroscope

02:31:39 PM   UID       PID   cswch/s nvcswch/s  Command
02:31:40 PM  1000   1826233      0.00      0.00  run-grafana.sh
02:31:40 PM  1000   1826235      0.00      0.00  run-loki.sh
02:31:40 PM  1000   1826237     23.00      0.00  grafana
02:31:40 PM  1000   1826238      0.00      0.00  run-otelcol.sh
02:31:40 PM  1000   1826241      0.00      0.00  run-prometheus.
02:31:40 PM  1000   1826243      0.00      0.00  otelcol-contrib
02:31:40 PM  1000   1826247      0.00      0.00  run-tempo.sh
02:31:40 PM  1000   1826251      0.00      0.00  run-pyroscope.s
02:31:40 PM  1000   1826253     94.00     16.00  tempo
02:31:40 PM  1000   1826255      3.00      0.00  prometheus
02:31:40 PM  1000   1826257     36.00      0.00  loki
02:31:40 PM  1000   1826258      0.00      0.00  pyroscope

02:31:40 PM   UID       PID    %usr %system  %guest   %wait    %CPU   CPU  Command
02:31:41 PM  1000   1826233    0.00    0.00    0.00    0.00    0.00    20  run-grafana.sh
02:31:41 PM  1000   1826235    0.00    0.00    0.00    0.00    0.00    18  run-loki.sh
02:31:41 PM  1000   1826237    0.00    0.00    0.00    0.00    0.00    18  grafana
02:31:41 PM  1000   1826238    0.00    0.00    0.00    0.00    0.00    18  run-otelcol.sh
02:31:41 PM  1000   1826241    0.00    0.00    0.00    0.00    0.00    20  run-prometheus.
02:31:41 PM  1000   1826243    6.00    1.00    0.00    0.00    7.00    20  otelcol-contrib
02:31:41 PM  1000   1826247    0.00    0.00    0.00    0.00    0.00    18  run-tempo.sh
02:31:41 PM  1000   1826251    0.00    0.00    0.00    0.00    0.00    16  run-pyroscope.s
02:31:41 PM  1000   1826253   74.00    4.00    0.00    0.00   78.00    20  tempo
02:31:41 PM  1000   1826255    0.00    0.00    0.00    0.00    0.00    18  prometheus
02:31:41 PM  1000   1826257    0.00    0.00    0.00    0.00    0.00    18  loki
02:31:41 PM  1000   1826258    0.00    0.00    0.00    0.00    0.00    20  pyroscope

02:31:40 PM   UID       PID   cswch/s nvcswch/s  Command
02:31:41 PM  1000   1826233      0.00      0.00  run-grafana.sh
02:31:41 PM  1000   1826235      0.00      0.00  run-loki.sh
02:31:41 PM  1000   1826237     19.00      0.00  grafana
02:31:41 PM  1000   1826238      0.00      0.00  run-otelcol.sh
02:31:41 PM  1000   1826241      0.00      0.00  run-prometheus.
02:31:41 PM  1000   1826243      0.00      0.00  otelcol-contrib
02:31:41 PM  1000   1826247      0.00      0.00  run-tempo.sh
02:31:41 PM  1000   1826251      0.00      0.00  run-pyroscope.s
02:31:41 PM  1000   1826253     92.00      4.00  tempo
02:31:41 PM  1000   1826255      2.00      0.00  prometheus
02:31:41 PM  1000   1826257     38.00      0.00  loki
02:31:41 PM  1000   1826258      0.00      0.00  pyroscope

02:31:41 PM   UID       PID    %usr %system  %guest   %wait    %CPU   CPU  Command
02:31:42 PM  1000   1826233    0.00    0.00    0.00    0.00    0.00    20  run-grafana.sh
02:31:42 PM  1000   1826235    0.00    0.00    0.00    0.00    0.00    18  run-loki.sh
02:31:42 PM  1000   1826237    0.00    0.00    0.00    0.00    0.00    20  grafana
02:31:42 PM  1000   1826238    0.00    0.00    0.00    0.00    0.00    18  run-otelcol.sh
02:31:42 PM  1000   1826241    0.00    0.00    0.00    0.00    0.00    20  run-prometheus.
02:31:42 PM  1000   1826243    7.00    0.00    0.00    0.00    7.00    20  otelcol-contrib
02:31:42 PM  1000   1826247    0.00    0.00    0.00    0.00    0.00    18  run-tempo.sh
02:31:42 PM  1000   1826251    0.00    0.00    0.00    0.00    0.00    16  run-pyroscope.s
02:31:42 PM  1000   1826253   73.00    4.00    0.00    0.00   77.00    18  tempo
02:31:42 PM  1000   1826255    0.00    0.00    0.00    0.00    0.00    16  prometheus
02:31:42 PM  1000   1826257    0.00    0.00    0.00    0.00    0.00    18  loki
02:31:42 PM  1000   1826258    0.00    0.00    0.00    0.00    0.00    20  pyroscope

02:31:41 PM   UID       PID   cswch/s nvcswch/s  Command
02:31:42 PM  1000   1826233      0.00      0.00  run-grafana.sh
02:31:42 PM  1000   1826235      0.00      0.00  run-loki.sh
02:31:42 PM  1000   1826237     21.00      0.00  grafana
02:31:42 PM  1000   1826238      0.00      0.00  run-otelcol.sh
02:31:42 PM  1000   1826241      0.00      0.00  run-prometheus.
02:31:42 PM  1000   1826243      0.00      0.00  otelcol-contrib
02:31:42 PM  1000   1826247      0.00      0.00  run-tempo.sh
02:31:42 PM  1000   1826251      0.00      0.00  run-pyroscope.s
02:31:42 PM  1000   1826253    111.00     25.00  tempo
02:31:42 PM  1000   1826255      1.00      0.00  prometheus
02:31:42 PM  1000   1826257     42.00      1.00  loki
02:31:42 PM  1000   1826258      0.00      0.00  pyroscope

02:31:42 PM   UID       PID    %usr %system  %guest   %wait    %CPU   CPU  Command
02:31:43 PM  1000   1826233    0.00    0.00    0.00    0.00    0.00    20  run-grafana.sh
02:31:43 PM  1000   1826235    0.00    0.00    0.00    0.00    0.00    18  run-loki.sh
02:31:43 PM  1000   1826237    0.00    0.00    0.00    0.00    0.00    18  grafana
02:31:43 PM  1000   1826238    0.00    0.00    0.00    0.00    0.00    18  run-otelcol.sh
02:31:43 PM  1000   1826241    0.00    0.00    0.00    0.00    0.00    20  run-prometheus.
02:31:43 PM  1000   1826243    6.00    0.00    0.00    0.00    6.00    20  otelcol-contrib
02:31:43 PM  1000   1826247    0.00    0.00    0.00    0.00    0.00    18  run-tempo.sh
02:31:43 PM  1000   1826251    0.00    0.00    0.00    0.00    0.00    16  run-pyroscope.s
02:31:43 PM  1000   1826253   33.00    1.00    0.00    0.00   34.00    18  tempo
02:31:43 PM  1000   1826255    0.00    0.00    0.00    0.00    0.00    18  prometheus
02:31:43 PM  1000   1826257    0.00    0.00    0.00    0.00    0.00    18  loki
02:31:43 PM  1000   1826258    6.00    1.00    0.00    0.00    7.00    20  pyroscope

02:31:42 PM   UID       PID   cswch/s nvcswch/s  Command
02:31:43 PM  1000   1826233      0.00      0.00  run-grafana.sh
02:31:43 PM  1000   1826235      0.00      0.00  run-loki.sh
02:31:43 PM  1000   1826237     16.00      0.00  grafana
02:31:43 PM  1000   1826238      0.00      0.00  run-otelcol.sh
02:31:43 PM  1000   1826241      0.00      0.00  run-prometheus.
02:31:43 PM  1000   1826243      0.00      0.00  otelcol-contrib
02:31:43 PM  1000   1826247      0.00      0.00  run-tempo.sh
02:31:43 PM  1000   1826251      0.00      0.00  run-pyroscope.s
02:31:43 PM  1000   1826253     87.00     11.00  tempo
02:31:43 PM  1000   1826255     11.00      0.00  prometheus
02:31:43 PM  1000   1826257     48.00      0.00  loki
02:31:43 PM  1000   1826258      0.00      0.00  pyroscope

02:31:43 PM   UID       PID    %usr %system  %guest   %wait    %CPU   CPU  Command
02:31:44 PM  1000   1826233    0.00    0.00    0.00    0.00    0.00    20  run-grafana.sh
02:31:44 PM  1000   1826235    0.00    0.00    0.00    0.00    0.00    18  run-loki.sh
02:31:44 PM  1000   1826237    0.00    0.00    0.00    0.00    0.00    16  grafana
02:31:44 PM  1000   1826238    0.00    0.00    0.00    0.00    0.00    18  run-otelcol.sh
02:31:44 PM  1000   1826241    0.00    0.00    0.00    0.00    0.00    20  run-prometheus.
02:31:44 PM  1000   1826243    5.00    1.00    0.00    0.00    6.00    20  otelcol-contrib
02:31:44 PM  1000   1826247    0.00    0.00    0.00    0.00    0.00    18  run-tempo.sh
02:31:44 PM  1000   1826251    0.00    0.00    0.00    0.00    0.00    16  run-pyroscope.s
02:31:44 PM  1000   1826253   34.00    4.00    0.00    0.00   38.00    18  tempo
02:31:44 PM  1000   1826255    2.00    0.00    0.00    0.00    2.00    20  prometheus
02:31:44 PM  1000   1826257    1.00    0.00    0.00    0.00    1.00    16  loki
02:31:44 PM  1000   1826258    0.00    0.00    0.00    0.00    0.00    20  pyroscope

02:31:43 PM   UID       PID   cswch/s nvcswch/s  Command
02:31:44 PM  1000   1826233      0.00      0.00  run-grafana.sh
02:31:44 PM  1000   1826235      0.00      0.00  run-loki.sh
02:31:44 PM  1000   1826237      6.00      0.00  grafana
02:31:44 PM  1000   1826238      0.00      0.00  run-otelcol.sh
02:31:44 PM  1000   1826241      0.00      0.00  run-prometheus.
02:31:44 PM  1000   1826243      0.00      0.00  otelcol-contrib
02:31:44 PM  1000   1826247      0.00      0.00  run-tempo.sh
02:31:44 PM  1000   1826251      0.00      0.00  run-pyroscope.s
02:31:44 PM  1000   1826253    116.00      7.00  tempo
02:31:44 PM  1000   1826255      3.00      0.00  prometheus
02:31:44 PM  1000   1826257     53.00      0.00  loki
02:31:44 PM  1000   1826258      0.00      0.00  pyroscope

02:31:44 PM   UID       PID    %usr %system  %guest   %wait    %CPU   CPU  Command
02:31:45 PM  1000   1826233    0.00    0.00    0.00    0.00    0.00    20  run-grafana.sh
02:31:45 PM  1000   1826235    0.00    0.00    0.00    0.00    0.00    18  run-loki.sh
02:31:45 PM  1000   1826237    0.00    0.00    0.00    0.00    0.00    16  grafana
02:31:45 PM  1000   1826238    0.00    0.00    0.00    0.00    0.00    18  run-otelcol.sh
02:31:45 PM  1000   1826241    0.00    0.00    0.00    0.00    0.00    20  run-prometheus.
02:31:45 PM  1000   1826243    8.00    0.00    0.00    0.00    8.00    20  otelcol-contrib
02:31:45 PM  1000   1826247    0.00    0.00    0.00    0.00    0.00    18  run-tempo.sh
02:31:45 PM  1000   1826251    0.00    0.00    0.00    0.00    0.00    16  run-pyroscope.s
02:31:45 PM  1000   1826253   75.00    8.00    0.00    1.00   83.00    20  tempo
02:31:45 PM  1000   1826255    0.00    0.00    0.00    0.00    0.00    16  prometheus
02:31:45 PM  1000   1826257    0.00    0.00    0.00    0.00    0.00    20  loki
02:31:45 PM  1000   1826258    0.00    0.00    0.00    0.00    0.00    20  pyroscope

02:31:44 PM   UID       PID   cswch/s nvcswch/s  Command
02:31:45 PM  1000   1826233      0.00      0.00  run-grafana.sh
02:31:45 PM  1000   1826235      0.00      0.00  run-loki.sh
02:31:45 PM  1000   1826237     15.00      0.00  grafana
02:31:45 PM  1000   1826238      0.00      0.00  run-otelcol.sh
02:31:45 PM  1000   1826241      0.00      0.00  run-prometheus.
02:31:45 PM  1000   1826243      0.00      0.00  otelcol-contrib
02:31:45 PM  1000   1826247      0.00      0.00  run-tempo.sh
02:31:45 PM  1000   1826251      0.00      0.00  run-pyroscope.s
02:31:45 PM  1000   1826253     66.00     65.00  tempo
02:31:45 PM  1000   1826255      3.00      0.00  prometheus
02:31:45 PM  1000   1826257     46.00      0.00  loki
02:31:45 PM  1000   1826258      0.00      0.00  pyroscope

02:31:45 PM   UID       PID    %usr %system  %guest   %wait    %CPU   CPU  Command
02:31:46 PM  1000   1826233    0.00    0.00    0.00    0.00    0.00    20  run-grafana.sh
02:31:46 PM  1000   1826235    0.00    0.00    0.00    0.00    0.00    18  run-loki.sh
02:31:46 PM  1000   1826237    2.00    0.00    0.00    1.00    2.00    18  grafana
02:31:46 PM  1000   1826238    0.00    0.00    0.00    0.00    0.00    18  run-otelcol.sh
02:31:46 PM  1000   1826241    0.00    0.00    0.00    0.00    0.00    20  run-prometheus.
02:31:46 PM  1000   1826243    5.00    1.00    0.00    0.00    6.00    20  otelcol-contrib
02:31:46 PM  1000   1826247    0.00    0.00    0.00    0.00    0.00    18  run-tempo.sh
02:31:46 PM  1000   1826251    0.00    0.00    0.00    0.00    0.00    16  run-pyroscope.s
02:31:46 PM  1000   1826253   93.00   15.00    0.00    0.00  108.00    18  tempo
02:31:46 PM  1000   1826255    0.00    0.00    0.00    1.00    0.00    18  prometheus
02:31:46 PM  1000   1826257    0.00    1.00    0.00    0.00    1.00    16  loki
02:31:46 PM  1000   1826258    0.00    0.00    0.00    0.00    0.00    20  pyroscope

02:31:45 PM   UID       PID   cswch/s nvcswch/s  Command
02:31:46 PM  1000   1826233      0.00      0.00  run-grafana.sh
02:31:46 PM  1000   1826235      0.00      0.00  run-loki.sh
02:31:46 PM  1000   1826237     35.00      0.00  grafana
02:31:46 PM  1000   1826238      0.00      0.00  run-otelcol.sh
02:31:46 PM  1000   1826241      0.00      0.00  run-prometheus.
02:31:46 PM  1000   1826243      0.00      0.00  otelcol-contrib
02:31:46 PM  1000   1826247      0.00      0.00  run-tempo.sh
02:31:46 PM  1000   1826251      0.00      0.00  run-pyroscope.s
02:31:46 PM  1000   1826253    108.00     92.00  tempo
02:31:46 PM  1000   1826255      3.00      0.00  prometheus
02:31:46 PM  1000   1826257     23.00      0.00  loki
02:31:46 PM  1000   1826258      0.00      0.00  pyroscope

02:31:46 PM   UID       PID    %usr %system  %guest   %wait    %CPU   CPU  Command
02:31:47 PM  1000   1826233    0.00    0.00    0.00    0.00    0.00    20  run-grafana.sh
02:31:47 PM  1000   1826235    0.00    0.00    0.00    0.00    0.00    18  run-loki.sh
02:31:47 PM  1000   1826237    0.00    0.00    0.00    0.00    0.00    18  grafana
02:31:47 PM  1000   1826238    0.00    0.00    0.00    0.00    0.00    18  run-otelcol.sh
02:31:47 PM  1000   1826241    0.00    0.00    0.00    0.00    0.00    20  run-prometheus.
02:31:47 PM  1000   1826243    8.00    0.00    0.00    0.00    8.00    20  otelcol-contrib
02:31:47 PM  1000   1826247    0.00    0.00    0.00    0.00    0.00    18  run-tempo.sh
02:31:47 PM  1000   1826251    0.00    0.00    0.00    0.00    0.00    16  run-pyroscope.s
02:31:47 PM  1000   1826253   53.00    8.00    0.00    1.00   61.00    18  tempo
02:31:47 PM  1000   1826255    0.00    0.00    0.00    0.00    0.00    20  prometheus
02:31:47 PM  1000   1826257    0.00    0.00    0.00    0.00    0.00    16  loki
02:31:47 PM  1000   1826258    0.00    0.00    0.00    0.00    0.00    20  pyroscope

02:31:46 PM   UID       PID   cswch/s nvcswch/s  Command
02:31:47 PM  1000   1826233      0.00      0.00  run-grafana.sh
02:31:47 PM  1000   1826235      0.00      0.00  run-loki.sh
02:31:47 PM  1000   1826237     15.00      0.00  grafana
02:31:47 PM  1000   1826238      0.00      0.00  run-otelcol.sh
02:31:47 PM  1000   1826241      0.00      0.00  run-prometheus.
02:31:47 PM  1000   1826243      0.00      0.00  otelcol-contrib
02:31:47 PM  1000   1826247      0.00      0.00  run-tempo.sh
02:31:47 PM  1000   1826251      0.00      0.00  run-pyroscope.s
02:31:47 PM  1000   1826253     93.00     39.00  tempo
02:31:47 PM  1000   1826255      2.00      0.00  prometheus
02:31:47 PM  1000   1826257      0.00      0.00  loki
02:31:47 PM  1000   1826258      0.00      0.00  pyroscope

02:31:47 PM   UID       PID    %usr %system  %guest   %wait    %CPU   CPU  Command
02:31:48 PM  1000   1826233    0.00    0.00    0.00    0.00    0.00    20  run-grafana.sh
02:31:48 PM  1000   1826235    0.00    0.00    0.00    0.00    0.00    18  run-loki.sh
02:31:48 PM  1000   1826237    0.00    0.00    0.00    0.00    0.00    20  grafana
02:31:48 PM  1000   1826238    0.00    0.00    0.00    0.00    0.00    18  run-otelcol.sh
02:31:48 PM  1000   1826241    0.00    0.00    0.00    0.00    0.00    20  run-prometheus.
02:31:48 PM  1000   1826243    6.00    0.00    0.00    0.00    6.00    20  otelcol-contrib
02:31:48 PM  1000   1826247    0.00    0.00    0.00    0.00    0.00    18  run-tempo.sh
02:31:48 PM  1000   1826251    0.00    0.00    0.00    0.00    0.00    16  run-pyroscope.s
02:31:48 PM  1000   1826253   73.00    2.00    0.00    0.00   75.00    18  tempo
02:31:48 PM  1000   1826255    0.00    0.00    0.00    0.00    0.00    18  prometheus
02:31:48 PM  1000   1826257    1.00    0.00    0.00    0.00    1.00    16  loki
02:31:48 PM  1000   1826258    1.00    0.00    0.00    0.00    1.00    20  pyroscope

02:31:47 PM   UID       PID   cswch/s nvcswch/s  Command
02:31:48 PM  1000   1826233      0.00      0.00  run-grafana.sh
02:31:48 PM  1000   1826235      0.00      0.00  run-loki.sh
02:31:48 PM  1000   1826237     11.00      0.00  grafana
02:31:48 PM  1000   1826238      0.00      0.00  run-otelcol.sh
02:31:48 PM  1000   1826241      0.00      0.00  run-prometheus.
02:31:48 PM  1000   1826243      0.00      0.00  otelcol-contrib
02:31:48 PM  1000   1826247      0.00      0.00  run-tempo.sh
02:31:48 PM  1000   1826251      0.00      0.00  run-pyroscope.s
02:31:48 PM  1000   1826253    110.00     12.00  tempo
02:31:48 PM  1000   1826255      2.00      0.00  prometheus
02:31:48 PM  1000   1826257      0.00      0.00  loki
02:31:48 PM  1000   1826258      0.00      0.00  pyroscope

02:31:48 PM   UID       PID    %usr %system  %guest   %wait    %CPU   CPU  Command
02:31:49 PM  1000   1826233    0.00    0.00    0.00    0.00    0.00    20  run-grafana.sh
02:31:49 PM  1000   1826235    0.00    0.00    0.00    0.00    0.00    18  run-loki.sh
02:31:49 PM  1000   1826237    0.00    0.00    0.00    0.00    0.00    20  grafana
02:31:49 PM  1000   1826238    0.00    0.00    0.00    0.00    0.00    18  run-otelcol.sh
02:31:49 PM  1000   1826241    0.00    0.00    0.00    0.00    0.00    20  run-prometheus.
02:31:49 PM  1000   1826243    6.00    0.00    0.00    0.00    6.00    20  otelcol-contrib
02:31:49 PM  1000   1826247    0.00    0.00    0.00    0.00    0.00    18  run-tempo.sh
02:31:49 PM  1000   1826251    0.00    0.00    0.00    0.00    0.00    16  run-pyroscope.s
02:31:49 PM  1000   1826253   61.00    5.00    0.00    1.00   66.00    20  tempo
02:31:49 PM  1000   1826255    0.00    0.00    0.00    0.00    0.00    20  prometheus
02:31:49 PM  1000   1826257    0.00    0.00    0.00    0.00    0.00    16  loki
02:31:49 PM  1000   1826258    0.00    0.00    0.00    0.00    0.00    20  pyroscope

02:31:48 PM   UID       PID   cswch/s nvcswch/s  Command
02:31:49 PM  1000   1826233      0.00      0.00  run-grafana.sh
02:31:49 PM  1000   1826235      0.00      0.00  run-loki.sh
02:31:49 PM  1000   1826237      2.00      0.00  grafana
02:31:49 PM  1000   1826238      0.00      0.00  run-otelcol.sh
02:31:49 PM  1000   1826241      0.00      0.00  run-prometheus.
02:31:49 PM  1000   1826243      0.00      0.00  otelcol-contrib
02:31:49 PM  1000   1826247      0.00      0.00  run-tempo.sh
02:31:49 PM  1000   1826251      0.00      0.00  run-pyroscope.s
02:31:49 PM  1000   1826253     98.00      5.00  tempo
02:31:49 PM  1000   1826255      2.00      0.00  prometheus
02:31:49 PM  1000   1826257      0.00      0.00  loki
02:31:49 PM  1000   1826258      0.00      0.00  pyroscope

02:31:49 PM   UID       PID    %usr %system  %guest   %wait    %CPU   CPU  Command
02:31:50 PM  1000   1826233    0.00    0.00    0.00    0.00    0.00    20  run-grafana.sh
02:31:50 PM  1000   1826235    0.00    0.00    0.00    0.00    0.00    18  run-loki.sh
02:31:50 PM  1000   1826237    0.00    0.00    0.00    0.00    0.00    20  grafana
02:31:50 PM  1000   1826238    0.00    0.00    0.00    0.00    0.00    18  run-otelcol.sh
02:31:50 PM  1000   1826241    0.00    0.00    0.00    0.00    0.00    20  run-prometheus.
02:31:50 PM  1000   1826243    7.00    1.00    0.00    0.00    8.00    20  otelcol-contrib
02:31:50 PM  1000   1826247    0.00    0.00    0.00    0.00    0.00    18  run-tempo.sh
02:31:50 PM  1000   1826251    0.00    0.00    0.00    0.00    0.00    16  run-pyroscope.s
02:31:50 PM  1000   1826253   44.00    1.00    0.00    0.00   45.00    18  tempo
02:31:50 PM  1000   1826255    0.00    0.00    0.00    0.00    0.00    18  prometheus
02:31:50 PM  1000   1826257    0.00    0.00    0.00    0.00    0.00    16  loki
02:31:50 PM  1000   1826258    0.00    0.00    0.00    0.00    0.00    20  pyroscope

02:31:49 PM   UID       PID   cswch/s nvcswch/s  Command
02:31:50 PM  1000   1826233      0.00      0.00  run-grafana.sh
02:31:50 PM  1000   1826235      0.00      0.00  run-loki.sh
02:31:50 PM  1000   1826237      6.00      0.00  grafana
02:31:50 PM  1000   1826238      0.00      0.00  run-otelcol.sh
02:31:50 PM  1000   1826241      0.00      0.00  run-prometheus.
02:31:50 PM  1000   1826243      0.00      0.00  otelcol-contrib
02:31:50 PM  1000   1826247      0.00      0.00  run-tempo.sh
02:31:50 PM  1000   1826251      0.00      0.00  run-pyroscope.s
02:31:50 PM  1000   1826253     76.00     26.00  tempo
02:31:50 PM  1000   1826255      1.00      0.00  prometheus
02:31:50 PM  1000   1826257      0.00      0.00  loki
02:31:50 PM  1000   1826258      0.00      0.00  pyroscope

02:31:50 PM   UID       PID    %usr %system  %guest   %wait    %CPU   CPU  Command
02:31:51 PM  1000   1826233    0.00    0.00    0.00    0.00    0.00    20  run-grafana.sh
02:31:51 PM  1000   1826235    0.00    0.00    0.00    0.00    0.00    18  run-loki.sh
02:31:51 PM  1000   1826237    0.00    0.00    0.00    0.00    0.00    18  grafana
02:31:51 PM  1000   1826238    0.00    0.00    0.00    0.00    0.00    18  run-otelcol.sh
02:31:51 PM  1000   1826241    0.00    0.00    0.00    0.00    0.00    20  run-prometheus.
02:31:51 PM  1000   1826243    6.00    0.00    0.00    0.00    6.00    20  otelcol-contrib
02:31:51 PM  1000   1826247    0.00    0.00    0.00    0.00    0.00    18  run-tempo.sh
02:31:51 PM  1000   1826251    0.00    0.00    0.00    0.00    0.00    16  run-pyroscope.s
02:31:51 PM  1000   1826253   80.00    4.00    0.00    1.00   84.00    20  tempo
02:31:51 PM  1000   1826255    0.00    0.00    0.00    0.00    0.00    20  prometheus
02:31:51 PM  1000   1826257    0.00    0.00    0.00    0.00    0.00    16  loki
02:31:51 PM  1000   1826258    0.00    0.00    0.00    0.00    0.00    20  pyroscope

02:31:50 PM   UID       PID   cswch/s nvcswch/s  Command
02:31:51 PM  1000   1826233      0.00      0.00  run-grafana.sh
02:31:51 PM  1000   1826235      0.00      0.00  run-loki.sh
02:31:51 PM  1000   1826237     23.00      0.00  grafana
02:31:51 PM  1000   1826238      0.00      0.00  run-otelcol.sh
02:31:51 PM  1000   1826241      0.00      0.00  run-prometheus.
02:31:51 PM  1000   1826243      0.00      0.00  otelcol-contrib
02:31:51 PM  1000   1826247      0.00      0.00  run-tempo.sh
02:31:51 PM  1000   1826251      0.00      0.00  run-pyroscope.s
02:31:51 PM  1000   1826253     91.00     19.00  tempo
02:31:51 PM  1000   1826255      3.00      0.00  prometheus
02:31:51 PM  1000   1826257      0.00      0.00  loki
02:31:51 PM  1000   1826258      0.00      0.00  pyroscope

02:31:51 PM   UID       PID    %usr %system  %guest   %wait    %CPU   CPU  Command
02:31:52 PM  1000   1826233    0.00    0.00    0.00    0.00    0.00    20  run-grafana.sh
02:31:52 PM  1000   1826235    0.00    0.00    0.00    0.00    0.00    18  run-loki.sh
02:31:52 PM  1000   1826237    0.00    0.00    0.00    0.00    0.00    16  grafana
02:31:52 PM  1000   1826238    0.00    0.00    0.00    0.00    0.00    18  run-otelcol.sh
02:31:52 PM  1000   1826241    0.00    0.00    0.00    0.00    0.00    20  run-prometheus.
02:31:52 PM  1000   1826243    7.00    1.00    0.00    0.00    8.00    20  otelcol-contrib
02:31:52 PM  1000   1826247    0.00    0.00    0.00    0.00    0.00    18  run-tempo.sh
02:31:52 PM  1000   1826251    0.00    0.00    0.00    0.00    0.00    16  run-pyroscope.s
02:31:52 PM  1000   1826253   51.00    2.00    0.00    1.00   53.00    20  tempo
02:31:52 PM  1000   1826255    1.00    0.00    0.00    0.00    1.00    16  prometheus
02:31:52 PM  1000   1826257    1.00    0.00    0.00    0.00    1.00    16  loki
02:31:52 PM  1000   1826258    0.00    0.00    0.00    0.00    0.00    20  pyroscope

02:31:51 PM   UID       PID   cswch/s nvcswch/s  Command
02:31:52 PM  1000   1826233      0.00      0.00  run-grafana.sh
02:31:52 PM  1000   1826235      0.00      0.00  run-loki.sh
02:31:52 PM  1000   1826237     34.00      0.00  grafana
02:31:52 PM  1000   1826238      0.00      0.00  run-otelcol.sh
02:31:52 PM  1000   1826241      0.00      0.00  run-prometheus.
02:31:52 PM  1000   1826243      0.00      0.00  otelcol-contrib
02:31:52 PM  1000   1826247      0.00      0.00  run-tempo.sh
02:31:52 PM  1000   1826251      0.00      0.00  run-pyroscope.s
02:31:52 PM  1000   1826253    111.00     15.00  tempo
02:31:52 PM  1000   1826255      5.00      0.00  prometheus
02:31:52 PM  1000   1826257      0.00      0.00  loki
02:31:52 PM  1000   1826258      0.00      0.00  pyroscope

02:31:52 PM   UID       PID    %usr %system  %guest   %wait    %CPU   CPU  Command
02:31:53 PM  1000   1826233    0.00    0.00    0.00    0.00    0.00    20  run-grafana.sh
02:31:53 PM  1000   1826235    0.00    0.00    0.00    0.00    0.00    18  run-loki.sh
02:31:53 PM  1000   1826237    0.00    0.00    0.00    0.00    0.00    18  grafana
02:31:53 PM  1000   1826238    0.00    0.00    0.00    0.00    0.00    18  run-otelcol.sh
02:31:53 PM  1000   1826241    0.00    0.00    0.00    0.00    0.00    20  run-prometheus.
02:31:53 PM  1000   1826243    6.00    0.00    0.00    0.00    6.00    20  otelcol-contrib
02:31:53 PM  1000   1826247    0.00    0.00    0.00    0.00    0.00    18  run-tempo.sh
02:31:53 PM  1000   1826251    0.00    0.00    0.00    0.00    0.00    16  run-pyroscope.s
02:31:53 PM  1000   1826253   37.00    2.00    0.00    0.00   39.00    20  tempo
02:31:53 PM  1000   1826255    0.00    0.00    0.00    0.00    0.00    16  prometheus
02:31:53 PM  1000   1826257    0.00    0.00    0.00    0.00    0.00    16  loki
02:31:53 PM  1000   1826258    1.00    0.00    0.00    0.00    1.00    20  pyroscope

02:31:52 PM   UID       PID   cswch/s nvcswch/s  Command
02:31:53 PM  1000   1826233      0.00      0.00  run-grafana.sh
02:31:53 PM  1000   1826235      0.00      0.00  run-loki.sh
02:31:53 PM  1000   1826237     13.00      0.00  grafana
02:31:53 PM  1000   1826238      0.00      0.00  run-otelcol.sh
02:31:53 PM  1000   1826241      0.00      0.00  run-prometheus.
02:31:53 PM  1000   1826243      0.00      0.00  otelcol-contrib
02:31:53 PM  1000   1826247      0.00      0.00  run-tempo.sh
02:31:53 PM  1000   1826251      0.00      0.00  run-pyroscope.s
02:31:53 PM  1000   1826253     92.00     18.00  tempo
02:31:53 PM  1000   1826255      5.00      0.00  prometheus
02:31:53 PM  1000   1826257      0.00      0.00  loki
02:31:53 PM  1000   1826258      0.00      0.00  pyroscope

02:31:53 PM   UID       PID    %usr %system  %guest   %wait    %CPU   CPU  Command
02:31:54 PM  1000   1826233    0.00    0.00    0.00    0.00    0.00    20  run-grafana.sh
02:31:54 PM  1000   1826235    0.00    0.00    0.00    0.00    0.00    18  run-loki.sh
02:31:54 PM  1000   1826237    0.00    0.00    0.00    0.00    0.00    16  grafana
02:31:54 PM  1000   1826238    0.00    0.00    0.00    0.00    0.00    18  run-otelcol.sh
02:31:54 PM  1000   1826241    0.00    0.00    0.00    0.00    0.00    20  run-prometheus.
02:31:54 PM  1000   1826243    6.00    0.00    0.00    0.00    6.00    20  otelcol-contrib
02:31:54 PM  1000   1826247    0.00    0.00    0.00    0.00    0.00    18  run-tempo.sh
02:31:54 PM  1000   1826251    0.00    0.00    0.00    0.00    0.00    16  run-pyroscope.s
02:31:54 PM  1000   1826253   40.00    2.00    0.00    0.00   42.00    20  tempo
02:31:54 PM  1000   1826255    0.00    0.00    0.00    0.00    0.00    16  prometheus
02:31:54 PM  1000   1826257    0.00    0.00    0.00    0.00    0.00    16  loki
02:31:54 PM  1000   1826258    0.00    0.00    0.00    0.00    0.00    20  pyroscope

02:31:53 PM   UID       PID   cswch/s nvcswch/s  Command
02:31:54 PM  1000   1826233      0.00      0.00  run-grafana.sh
02:31:54 PM  1000   1826235      0.00      0.00  run-loki.sh
02:31:54 PM  1000   1826237     33.00      0.00  grafana
02:31:54 PM  1000   1826238      0.00      0.00  run-otelcol.sh
02:31:54 PM  1000   1826241      0.00      0.00  run-prometheus.
02:31:54 PM  1000   1826243      0.00      0.00  otelcol-contrib
02:31:54 PM  1000   1826247      0.00      0.00  run-tempo.sh
02:31:54 PM  1000   1826251      0.00      0.00  run-pyroscope.s
02:31:54 PM  1000   1826253    108.00     20.00  tempo
02:31:54 PM  1000   1826255      1.00      0.00  prometheus
02:31:54 PM  1000   1826257      0.00      0.00  loki
02:31:54 PM  1000   1826258      0.00      0.00  pyroscope

02:31:54 PM   UID       PID    %usr %system  %guest   %wait    %CPU   CPU  Command
02:31:55 PM  1000   1826233    0.00    0.00    0.00    0.00    0.00    20  run-grafana.sh
02:31:55 PM  1000   1826235    0.00    0.00    0.00    0.00    0.00    18  run-loki.sh
02:31:55 PM  1000   1826237    0.00    0.00    0.00    0.00    0.00    20  grafana
02:31:55 PM  1000   1826238    0.00    0.00    0.00    0.00    0.00    18  run-otelcol.sh
02:31:55 PM  1000   1826241    0.00    0.00    0.00    0.00    0.00    20  run-prometheus.
02:31:55 PM  1000   1826243    7.00    0.00    0.00    0.00    7.00    20  otelcol-contrib
02:31:55 PM  1000   1826247    0.00    0.00    0.00    0.00    0.00    18  run-tempo.sh
02:31:55 PM  1000   1826251    0.00    0.00    0.00    0.00    0.00    16  run-pyroscope.s
02:31:55 PM  1000   1826253   55.00    4.00    0.00    2.00   59.00    20  tempo
02:31:55 PM  1000   1826255    0.00    0.00    0.00    0.00    0.00    16  prometheus
02:31:55 PM  1000   1826257    1.00    0.00    0.00    0.00    1.00    16  loki
02:31:55 PM  1000   1826258    0.00    0.00    0.00    0.00    0.00    20  pyroscope

02:31:54 PM   UID       PID   cswch/s nvcswch/s  Command
02:31:55 PM  1000   1826233      0.00      0.00  run-grafana.sh
02:31:55 PM  1000   1826235      0.00      0.00  run-loki.sh
02:31:55 PM  1000   1826237     21.00      0.00  grafana
02:31:55 PM  1000   1826238      0.00      0.00  run-otelcol.sh
02:31:55 PM  1000   1826241      0.00      0.00  run-prometheus.
02:31:55 PM  1000   1826243      0.00      0.00  otelcol-contrib
02:31:55 PM  1000   1826247      0.00      0.00  run-tempo.sh
02:31:55 PM  1000   1826251      0.00      0.00  run-pyroscope.s
02:31:55 PM  1000   1826253     80.00     27.00  tempo
02:31:55 PM  1000   1826255      1.00      0.00  prometheus
02:31:55 PM  1000   1826257      0.00      0.00  loki
02:31:55 PM  1000   1826258      0.00      0.00  pyroscope

02:31:55 PM   UID       PID    %usr %system  %guest   %wait    %CPU   CPU  Command
02:31:56 PM  1000   1826233    0.00    0.00    0.00    0.00    0.00    20  run-grafana.sh
02:31:56 PM  1000   1826235    0.00    0.00    0.00    0.00    0.00    18  run-loki.sh
02:31:56 PM  1000   1826237    1.00    0.00    0.00    0.00    1.00    16  grafana
02:31:56 PM  1000   1826238    0.00    0.00    0.00    0.00    0.00    18  run-otelcol.sh
02:31:56 PM  1000   1826241    0.00    0.00    0.00    0.00    0.00    20  run-prometheus.
02:31:56 PM  1000   1826243    5.00    1.00    0.00    0.00    6.00    20  otelcol-contrib
02:31:56 PM  1000   1826247    0.00    0.00    0.00    0.00    0.00    18  run-tempo.sh
02:31:56 PM  1000   1826251    0.00    0.00    0.00    0.00    0.00    16  run-pyroscope.s
02:31:56 PM  1000   1826253   96.00   10.00    0.00    0.00  106.00    20  tempo
02:31:56 PM  1000   1826255    0.00    0.00    0.00    0.00    0.00    18  prometheus
02:31:56 PM  1000   1826257    0.00    0.00    0.00    0.00    0.00    16  loki
02:31:56 PM  1000   1826258    0.00    0.00    0.00    0.00    0.00    20  pyroscope

02:31:55 PM   UID       PID   cswch/s nvcswch/s  Command
02:31:56 PM  1000   1826233      0.00      0.00  run-grafana.sh
02:31:56 PM  1000   1826235      0.00      0.00  run-loki.sh
02:31:56 PM  1000   1826237     35.00      0.00  grafana
02:31:56 PM  1000   1826238      0.00      0.00  run-otelcol.sh
02:31:56 PM  1000   1826241      0.00      0.00  run-prometheus.
02:31:56 PM  1000   1826243      0.00      0.00  otelcol-contrib
02:31:56 PM  1000   1826247      0.00      0.00  run-tempo.sh
02:31:56 PM  1000   1826251      0.00      0.00  run-pyroscope.s
02:31:56 PM  1000   1826253     57.00      3.00  tempo
02:31:56 PM  1000   1826255      1.00      0.00  prometheus
02:31:56 PM  1000   1826257      0.00      0.00  loki
02:31:56 PM  1000   1826258      0.00      0.00  pyroscope

02:31:56 PM   UID       PID    %usr %system  %guest   %wait    %CPU   CPU  Command
02:31:57 PM  1000   1826233    0.00    0.00    0.00    0.00    0.00    20  run-grafana.sh
02:31:57 PM  1000   1826235    0.00    0.00    0.00    0.00    0.00    18  run-loki.sh
02:31:57 PM  1000   1826237    0.00    0.00    0.00    0.00    0.00    16  grafana
02:31:57 PM  1000   1826238    0.00    0.00    0.00    0.00    0.00    18  run-otelcol.sh
02:31:57 PM  1000   1826241    0.00    0.00    0.00    0.00    0.00    20  run-prometheus.
02:31:57 PM  1000   1826243    6.00    0.00    0.00    0.00    6.00    20  otelcol-contrib
02:31:57 PM  1000   1826247    0.00    0.00    0.00    0.00    0.00    18  run-tempo.sh
02:31:57 PM  1000   1826251    0.00    0.00    0.00    0.00    0.00    16  run-pyroscope.s
02:31:57 PM  1000   1826253   23.00    3.00    0.00    0.00   26.00    16  tempo
02:31:57 PM  1000   1826255    0.00    0.00    0.00    0.00    0.00    16  prometheus
02:31:57 PM  1000   1826257    0.00    0.00    0.00    0.00    0.00    16  loki
02:31:57 PM  1000   1826258    0.00    0.00    0.00    0.00    0.00    20  pyroscope

02:31:56 PM   UID       PID   cswch/s nvcswch/s  Command
02:31:57 PM  1000   1826233      0.00      0.00  run-grafana.sh
02:31:57 PM  1000   1826235      0.00      0.00  run-loki.sh
02:31:57 PM  1000   1826237     14.00      0.00  grafana
02:31:57 PM  1000   1826238      0.00      0.00  run-otelcol.sh
02:31:57 PM  1000   1826241      0.00      0.00  run-prometheus.
02:31:57 PM  1000   1826243      0.00      0.00  otelcol-contrib
02:31:57 PM  1000   1826247      0.00      0.00  run-tempo.sh
02:31:57 PM  1000   1826251      0.00      0.00  run-pyroscope.s
02:31:57 PM  1000   1826253     88.00      9.00  tempo
02:31:57 PM  1000   1826255      1.00      0.00  prometheus
02:31:57 PM  1000   1826257      0.00      0.00  loki
02:31:57 PM  1000   1826258      0.00      0.00  pyroscope

02:31:57 PM   UID       PID    %usr %system  %guest   %wait    %CPU   CPU  Command
02:31:58 PM  1000   1826233    0.00    0.00    0.00    0.00    0.00    20  run-grafana.sh
02:31:58 PM  1000   1826235    0.00    0.00    0.00    0.00    0.00    18  run-loki.sh
02:31:58 PM  1000   1826237    0.00    0.00    0.00    0.00    0.00    16  grafana
02:31:58 PM  1000   1826238    0.00    0.00    0.00    0.00    0.00    18  run-otelcol.sh
02:31:58 PM  1000   1826241    0.00    0.00    0.00    0.00    0.00    20  run-prometheus.
02:31:58 PM  1000   1826243    7.00    0.00    0.00    0.00    7.00    20  otelcol-contrib
02:31:58 PM  1000   1826247    0.00    0.00    0.00    0.00    0.00    18  run-tempo.sh
02:31:58 PM  1000   1826251    0.00    0.00    0.00    0.00    0.00    16  run-pyroscope.s
02:31:58 PM  1000   1826253   56.00    7.00    0.00    0.00   63.00    16  tempo
02:31:58 PM  1000   1826255    0.00    0.00    0.00    0.00    0.00    20  prometheus
02:31:58 PM  1000   1826257    0.00    0.00    0.00    0.00    0.00    16  loki
02:31:58 PM  1000   1826258    4.00    1.00    0.00    0.00    5.00    20  pyroscope

02:31:57 PM   UID       PID   cswch/s nvcswch/s  Command
02:31:58 PM  1000   1826233      0.00      0.00  run-grafana.sh
02:31:58 PM  1000   1826235      0.00      0.00  run-loki.sh
02:31:58 PM  1000   1826237     22.00      0.00  grafana
02:31:58 PM  1000   1826238      0.00      0.00  run-otelcol.sh
02:31:58 PM  1000   1826241      0.00      0.00  run-prometheus.
02:31:58 PM  1000   1826243      0.00      0.00  otelcol-contrib
02:31:58 PM  1000   1826247      0.00      0.00  run-tempo.sh
02:31:58 PM  1000   1826251      0.00      0.00  run-pyroscope.s
02:31:58 PM  1000   1826253    106.00     16.00  tempo
02:31:58 PM  1000   1826255      4.00      0.00  prometheus
02:31:58 PM  1000   1826257      0.00      0.00  loki
02:31:58 PM  1000   1826258      0.00      0.00  pyroscope

02:31:58 PM   UID       PID    %usr %system  %guest   %wait    %CPU   CPU  Command
02:31:59 PM  1000   1826233    0.00    0.00    0.00    0.00    0.00    20  run-grafana.sh
02:31:59 PM  1000   1826235    0.00    0.00    0.00    0.00    0.00    18  run-loki.sh
02:31:59 PM  1000   1826237    0.00    0.00    0.00    0.00    0.00    18  grafana
02:31:59 PM  1000   1826238    0.00    0.00    0.00    0.00    0.00    18  run-otelcol.sh
02:31:59 PM  1000   1826241    0.00    0.00    0.00    0.00    0.00    20  run-prometheus.
02:31:59 PM  1000   1826243    0.00    0.00    0.00    0.00    0.00    20  otelcol-contrib
02:31:59 PM  1000   1826247    0.00    0.00    0.00    0.00    0.00    18  run-tempo.sh
02:31:59 PM  1000   1826251    0.00    0.00    0.00    0.00    0.00    16  run-pyroscope.s
02:31:59 PM  1000   1826253   10.00    0.00    0.00    0.00   10.00    16  tempo
02:31:59 PM  1000   1826255    0.00    0.00    0.00    0.00    0.00    20  prometheus
02:31:59 PM  1000   1826257    1.00    0.00    0.00    0.00    1.00    20  loki
02:31:59 PM  1000   1826258    0.00    0.00    0.00    0.00    0.00    20  pyroscope

02:31:58 PM   UID       PID   cswch/s nvcswch/s  Command
02:31:59 PM  1000   1826233      0.00      0.00  run-grafana.sh
02:31:59 PM  1000   1826235      0.00      0.00  run-loki.sh
02:31:59 PM  1000   1826237     16.00      0.00  grafana
02:31:59 PM  1000   1826238      0.00      0.00  run-otelcol.sh
02:31:59 PM  1000   1826241      0.00      0.00  run-prometheus.
02:31:59 PM  1000   1826243      0.00      0.00  otelcol-contrib
02:31:59 PM  1000   1826247      0.00      0.00  run-tempo.sh
02:31:59 PM  1000   1826251      0.00      0.00  run-pyroscope.s
02:31:59 PM  1000   1826253     17.00      0.00  tempo
02:31:59 PM  1000   1826255      1.00      0.00  prometheus
02:31:59 PM  1000   1826257      2.00      0.00  loki
02:31:59 PM  1000   1826258      0.00      0.00  pyroscope

02:31:59 PM   UID       PID    %usr %system  %guest   %wait    %CPU   CPU  Command
02:32:00 PM  1000   1826233    0.00    0.00    0.00    0.00    0.00    20  run-grafana.sh
02:32:00 PM  1000   1826235    0.00    0.00    0.00    0.00    0.00    18  run-loki.sh
02:32:00 PM  1000   1826237    0.00    0.00    0.00    0.00    0.00    20  grafana
02:32:00 PM  1000   1826238    0.00    0.00    0.00    0.00    0.00    18  run-otelcol.sh
02:32:00 PM  1000   1826241    0.00    0.00    0.00    0.00    0.00    20  run-prometheus.
02:32:00 PM  1000   1826243    1.00    0.00    0.00    0.00    1.00    20  otelcol-contrib
02:32:00 PM  1000   1826247    0.00    0.00    0.00    0.00    0.00    18  run-tempo.sh
02:32:00 PM  1000   1826251    0.00    0.00    0.00    0.00    0.00    16  run-pyroscope.s
02:32:00 PM  1000   1826253    3.00    0.00    0.00    0.00    3.00    16  tempo
02:32:00 PM  1000   1826255    1.00    0.00    0.00    0.00    1.00    16  prometheus
02:32:00 PM  1000   1826257    0.00    0.00    0.00    0.00    0.00    20  loki
02:32:00 PM  1000   1826258    0.00    0.00    0.00    0.00    0.00    20  pyroscope

02:31:59 PM   UID       PID   cswch/s nvcswch/s  Command
02:32:00 PM  1000   1826233      0.00      0.00  run-grafana.sh
02:32:00 PM  1000   1826235      0.00      0.00  run-loki.sh
02:32:00 PM  1000   1826237     10.00      0.00  grafana
02:32:00 PM  1000   1826238      0.00      0.00  run-otelcol.sh
02:32:00 PM  1000   1826241      0.00      0.00  run-prometheus.
02:32:00 PM  1000   1826243      0.00      0.00  otelcol-contrib
02:32:00 PM  1000   1826247      0.00      0.00  run-tempo.sh
02:32:00 PM  1000   1826251      0.00      0.00  run-pyroscope.s
02:32:00 PM  1000   1826253     12.00      0.00  tempo
02:32:00 PM  1000   1826255      1.00      0.00  prometheus
02:32:00 PM  1000   1826257     22.00      0.00  loki
02:32:00 PM  1000   1826258      0.00      0.00  pyroscope
