Linux 5.14.0-570.60.1.el9_6.x86_64 *****) 	04/17/2026 	_x86_64_	(64 CPU)

12:57:49 PM   UID       PID    %usr %system  %guest   %wait    %CPU   CPU  Command
12:57:50 PM  1000    921496    0.00    0.00    0.00    0.00    0.00    20  run-grafana.sh
12:57:50 PM  1000    921498    0.00    0.00    0.00    0.00    0.00    20  run-loki.sh
12:57:50 PM  1000    921501    0.00    0.00    0.00    0.00    0.00    18  grafana
12:57:50 PM  1000    921502    0.00    0.00    0.00    0.00    0.00    18  run-otelcol.sh
12:57:50 PM  1000    921505    0.00    0.00    0.00    0.00    0.00    18  run-prometheus.
12:57:50 PM  1000    921507    0.97    0.00    0.00    0.00    0.97    18  otelcol-contrib
12:57:50 PM  1000    921508    0.00    0.00    0.00    0.00    0.00    18  run-tempo.sh
12:57:50 PM  1000    921510    0.00    0.00    0.00    0.00    0.00    16  loki
12:57:50 PM  1000    921511    0.00    0.00    0.00    0.00    0.00    20  run-pyroscope.s
12:57:50 PM  1000    921512    0.00    0.00    0.00    0.00    0.00    18  prometheus
12:57:50 PM  1000    921515    0.00    0.00    0.00    0.00    0.00    16  tempo
12:57:50 PM  1000    921535    0.00    0.00    0.00    0.00    0.00    16  pyroscope

12:57:49 PM   UID       PID   cswch/s nvcswch/s  Command
12:57:50 PM  1000    921496      0.00      0.00  run-grafana.sh
12:57:50 PM  1000    921498      0.00      0.00  run-loki.sh
12:57:50 PM  1000    921501      0.00      0.00  grafana
12:57:50 PM  1000    921502      0.00      0.00  run-otelcol.sh
12:57:50 PM  1000    921505      0.00      0.00  run-prometheus.
12:57:50 PM  1000    921507      0.00      0.00  otelcol-contrib
12:57:50 PM  1000    921508      0.00      0.00  run-tempo.sh
12:57:50 PM  1000    921510      4.85      0.00  loki
12:57:50 PM  1000    921511      0.00      0.00  run-pyroscope.s
12:57:50 PM  1000    921512      0.00      0.00  prometheus
12:57:50 PM  1000    921515      0.00      0.00  tempo
12:57:50 PM  1000    921535      0.00      0.00  pyroscope

12:57:50 PM   UID       PID    %usr %system  %guest   %wait    %CPU   CPU  Command
12:57:51 PM  1000    921496    0.00    0.00    0.00    0.00    0.00    20  run-grafana.sh
12:57:51 PM  1000    921498    0.00    0.00    0.00    0.00    0.00    20  run-loki.sh
12:57:51 PM  1000    921501    0.00    0.00    0.00    0.00    0.00    18  grafana
12:57:51 PM  1000    921502    0.00    0.00    0.00    0.00    0.00    18  run-otelcol.sh
12:57:51 PM  1000    921505    0.00    0.00    0.00    0.00    0.00    18  run-prometheus.
12:57:51 PM  1000    921507    0.00    1.00    0.00    0.00    1.00    18  otelcol-contrib
12:57:51 PM  1000    921508    0.00    0.00    0.00    0.00    0.00    18  run-tempo.sh
12:57:51 PM  1000    921510    0.00    0.00    0.00    0.00    0.00    16  loki
12:57:51 PM  1000    921511    0.00    0.00    0.00    0.00    0.00    20  run-pyroscope.s
12:57:51 PM  1000    921512    0.00    0.00    0.00    0.00    0.00    18  prometheus
12:57:51 PM  1000    921515    0.00    0.00    0.00    0.00    0.00    16  tempo
12:57:51 PM  1000    921535    1.00    0.00    0.00    0.00    1.00    16  pyroscope

12:57:50 PM   UID       PID   cswch/s nvcswch/s  Command
12:57:51 PM  1000    921496      0.00      0.00  run-grafana.sh
12:57:51 PM  1000    921498      0.00      0.00  run-loki.sh
12:57:51 PM  1000    921501      0.00      0.00  grafana
12:57:51 PM  1000    921502      0.00      0.00  run-otelcol.sh
12:57:51 PM  1000    921505      0.00      0.00  run-prometheus.
12:57:51 PM  1000    921507      0.00      0.00  otelcol-contrib
12:57:51 PM  1000    921508      0.00      0.00  run-tempo.sh
12:57:51 PM  1000    921510     23.00      0.00  loki
12:57:51 PM  1000    921511      0.00      0.00  run-pyroscope.s
12:57:51 PM  1000    921512      0.00      0.00  prometheus
12:57:51 PM  1000    921515      0.00      0.00  tempo
12:57:51 PM  1000    921535      0.00      0.00  pyroscope

12:57:51 PM   UID       PID    %usr %system  %guest   %wait    %CPU   CPU  Command
12:57:52 PM  1000    921496    0.00    0.00    0.00    0.00    0.00    20  run-grafana.sh
12:57:52 PM  1000    921498    0.00    0.00    0.00    0.00    0.00    20  run-loki.sh
12:57:52 PM  1000    921501    0.00    0.00    0.00    0.00    0.00    18  grafana
12:57:52 PM  1000    921502    0.00    0.00    0.00    0.00    0.00    18  run-otelcol.sh
12:57:52 PM  1000    921505    0.00    0.00    0.00    0.00    0.00    18  run-prometheus.
12:57:52 PM  1000    921507    0.00    0.00    0.00    0.00    0.00    18  otelcol-contrib
12:57:52 PM  1000    921508    0.00    0.00    0.00    0.00    0.00    18  run-tempo.sh
12:57:52 PM  1000    921510    0.00    0.00    0.00    0.00    0.00    16  loki
12:57:52 PM  1000    921511    0.00    0.00    0.00    0.00    0.00    20  run-pyroscope.s
12:57:52 PM  1000    921512    0.00    0.00    0.00    0.00    0.00    18  prometheus
12:57:52 PM  1000    921515    0.00    1.00    0.00    0.00    1.00    16  tempo
12:57:52 PM  1000    921535    3.00    1.00    0.00    0.00    4.00    16  pyroscope

12:57:51 PM   UID       PID   cswch/s nvcswch/s  Command
12:57:52 PM  1000    921496      0.00      0.00  run-grafana.sh
12:57:52 PM  1000    921498      0.00      0.00  run-loki.sh
12:57:52 PM  1000    921501      0.00      0.00  grafana
12:57:52 PM  1000    921502      0.00      0.00  run-otelcol.sh
12:57:52 PM  1000    921505      0.00      0.00  run-prometheus.
12:57:52 PM  1000    921507      0.00      0.00  otelcol-contrib
12:57:52 PM  1000    921508      0.00      0.00  run-tempo.sh
12:57:52 PM  1000    921510     40.00      0.00  loki
12:57:52 PM  1000    921511      0.00      0.00  run-pyroscope.s
12:57:52 PM  1000    921512      0.00      0.00  prometheus
12:57:52 PM  1000    921515      3.00      0.00  tempo
12:57:52 PM  1000    921535      0.00      0.00  pyroscope

12:57:52 PM   UID       PID    %usr %system  %guest   %wait    %CPU   CPU  Command
12:57:53 PM  1000    921496    0.00    0.00    0.00    0.00    0.00    20  run-grafana.sh
12:57:53 PM  1000    921498    0.00    0.00    0.00    0.00    0.00    20  run-loki.sh
12:57:53 PM  1000    921501    0.00    0.00    0.00    0.00    0.00    18  grafana
12:57:53 PM  1000    921502    0.00    0.00    0.00    0.00    0.00    18  run-otelcol.sh
12:57:53 PM  1000    921505    0.00    0.00    0.00    0.00    0.00    18  run-prometheus.
12:57:53 PM  1000    921507    0.00    0.00    0.00    0.00    0.00    18  otelcol-contrib
12:57:53 PM  1000    921508    0.00    0.00    0.00    0.00    0.00    18  run-tempo.sh
12:57:53 PM  1000    921510    1.00    0.00    0.00    0.00    1.00    16  loki
12:57:53 PM  1000    921511    0.00    0.00    0.00    0.00    0.00    20  run-pyroscope.s
12:57:53 PM  1000    921512    1.00    0.00    0.00    0.00    1.00    18  prometheus
12:57:53 PM  1000    921515    0.00    0.00    0.00    0.00    0.00    16  tempo
12:57:53 PM  1000    921535    0.00    0.00    0.00    0.00    0.00    16  pyroscope

12:57:52 PM   UID       PID   cswch/s nvcswch/s  Command
12:57:53 PM  1000    921496      0.00      0.00  run-grafana.sh
12:57:53 PM  1000    921498      0.00      0.00  run-loki.sh
12:57:53 PM  1000    921501      0.00      0.00  grafana
12:57:53 PM  1000    921502      0.00      0.00  run-otelcol.sh
12:57:53 PM  1000    921505      0.00      0.00  run-prometheus.
12:57:53 PM  1000    921507      0.00      0.00  otelcol-contrib
12:57:53 PM  1000    921508      0.00      0.00  run-tempo.sh
12:57:53 PM  1000    921510     51.00      0.00  loki
12:57:53 PM  1000    921511      0.00      0.00  run-pyroscope.s
12:57:53 PM  1000    921512      0.00      0.00  prometheus
12:57:53 PM  1000    921515      0.00      0.00  tempo
12:57:53 PM  1000    921535      0.00      0.00  pyroscope

12:57:53 PM   UID       PID    %usr %system  %guest   %wait    %CPU   CPU  Command
12:57:54 PM  1000    921496    0.00    0.00    0.00    0.00    0.00    20  run-grafana.sh
12:57:54 PM  1000    921498    0.00    0.00    0.00    0.00    0.00    20  run-loki.sh
12:57:54 PM  1000    921501    0.00    0.00    0.00    0.00    0.00    18  grafana
12:57:54 PM  1000    921502    0.00    0.00    0.00    0.00    0.00    18  run-otelcol.sh
12:57:54 PM  1000    921505    0.00    0.00    0.00    0.00    0.00    18  run-prometheus.
12:57:54 PM  1000    921507    1.00    0.00    0.00    0.00    1.00    18  otelcol-contrib
12:57:54 PM  1000    921508    0.00    0.00    0.00    0.00    0.00    18  run-tempo.sh
12:57:54 PM  1000    921510    0.00    0.00    0.00    0.00    0.00    20  loki
12:57:54 PM  1000    921511    0.00    0.00    0.00    0.00    0.00    20  run-pyroscope.s
12:57:54 PM  1000    921512    0.00    0.00    0.00    0.00    0.00    18  prometheus
12:57:54 PM  1000    921515    0.00    0.00    0.00    0.00    0.00    16  tempo
12:57:54 PM  1000    921535    1.00    0.00    0.00    0.00    1.00    16  pyroscope

12:57:53 PM   UID       PID   cswch/s nvcswch/s  Command
12:57:54 PM  1000    921496      0.00      0.00  run-grafana.sh
12:57:54 PM  1000    921498      0.00      0.00  run-loki.sh
12:57:54 PM  1000    921501      0.00      0.00  grafana
12:57:54 PM  1000    921502      0.00      0.00  run-otelcol.sh
12:57:54 PM  1000    921505      0.00      0.00  run-prometheus.
12:57:54 PM  1000    921507      0.00      0.00  otelcol-contrib
12:57:54 PM  1000    921508      0.00      0.00  run-tempo.sh
12:57:54 PM  1000    921510     36.00      0.00  loki
12:57:54 PM  1000    921511      0.00      0.00  run-pyroscope.s
12:57:54 PM  1000    921512      0.00      0.00  prometheus
12:57:54 PM  1000    921515      0.00      0.00  tempo
12:57:54 PM  1000    921535      0.00      0.00  pyroscope

12:57:54 PM   UID       PID    %usr %system  %guest   %wait    %CPU   CPU  Command
12:57:55 PM  1000    921496    0.00    0.00    0.00    0.00    0.00    20  run-grafana.sh
12:57:55 PM  1000    921498    0.00    0.00    0.00    0.00    0.00    20  run-loki.sh
12:57:55 PM  1000    921501    0.00    1.00    0.00    0.00    1.00    18  grafana
12:57:55 PM  1000    921502    0.00    0.00    0.00    0.00    0.00    18  run-otelcol.sh
12:57:55 PM  1000    921505    0.00    0.00    0.00    0.00    0.00    18  run-prometheus.
12:57:55 PM  1000    921507    0.00    0.00    0.00    0.00    0.00    18  otelcol-contrib
12:57:55 PM  1000    921508    0.00    0.00    0.00    0.00    0.00    18  run-tempo.sh
12:57:55 PM  1000    921510    0.00    1.00    0.00    0.00    1.00    16  loki
12:57:55 PM  1000    921511    0.00    0.00    0.00    0.00    0.00    20  run-pyroscope.s
12:57:55 PM  1000    921512    0.00    0.00    0.00    0.00    0.00    18  prometheus
12:57:55 PM  1000    921515    0.00    0.00    0.00    0.00    0.00    16  tempo
12:57:55 PM  1000    921535    0.00    0.00    0.00    0.00    0.00    16  pyroscope

12:57:54 PM   UID       PID   cswch/s nvcswch/s  Command
12:57:55 PM  1000    921496      0.00      0.00  run-grafana.sh
12:57:55 PM  1000    921498      0.00      0.00  run-loki.sh
12:57:55 PM  1000    921501      0.00      0.00  grafana
12:57:55 PM  1000    921502      0.00      0.00  run-otelcol.sh
12:57:55 PM  1000    921505      0.00      0.00  run-prometheus.
12:57:55 PM  1000    921507      0.00      0.00  otelcol-contrib
12:57:55 PM  1000    921508      0.00      0.00  run-tempo.sh
12:57:55 PM  1000    921510     53.00      0.00  loki
12:57:55 PM  1000    921511      0.00      0.00  run-pyroscope.s
12:57:55 PM  1000    921512      0.00      0.00  prometheus
12:57:55 PM  1000    921515      0.00      0.00  tempo
12:57:55 PM  1000    921535      0.00      0.00  pyroscope

12:57:55 PM   UID       PID    %usr %system  %guest   %wait    %CPU   CPU  Command
12:57:56 PM  1000    921496    0.00    0.00    0.00    0.00    0.00    20  run-grafana.sh
12:57:56 PM  1000    921498    0.00    0.00    0.00    0.00    0.00    20  run-loki.sh
12:57:56 PM  1000    921501    0.00    0.00    0.00    0.00    0.00    18  grafana
12:57:56 PM  1000    921502    0.00    0.00    0.00    0.00    0.00    18  run-otelcol.sh
12:57:56 PM  1000    921505    0.00    0.00    0.00    0.00    0.00    18  run-prometheus.
12:57:56 PM  1000    921507    1.00    0.00    0.00    0.00    1.00    18  otelcol-contrib
12:57:56 PM  1000    921508    0.00    0.00    0.00    0.00    0.00    18  run-tempo.sh
12:57:56 PM  1000    921510    0.00    0.00    0.00    0.00    0.00    16  loki
12:57:56 PM  1000    921511    0.00    0.00    0.00    0.00    0.00    20  run-pyroscope.s
12:57:56 PM  1000    921512    0.00    0.00    0.00    0.00    0.00    18  prometheus
12:57:56 PM  1000    921515    3.00    0.00    0.00    0.00    3.00    18  tempo
12:57:56 PM  1000    921535    0.00    0.00    0.00    0.00    0.00    16  pyroscope

12:57:55 PM   UID       PID   cswch/s nvcswch/s  Command
12:57:56 PM  1000    921496      0.00      0.00  run-grafana.sh
12:57:56 PM  1000    921498      0.00      0.00  run-loki.sh
12:57:56 PM  1000    921501      0.00      0.00  grafana
12:57:56 PM  1000    921502      0.00      0.00  run-otelcol.sh
12:57:56 PM  1000    921505      0.00      0.00  run-prometheus.
12:57:56 PM  1000    921507      0.00      0.00  otelcol-contrib
12:57:56 PM  1000    921508      0.00      0.00  run-tempo.sh
12:57:56 PM  1000    921510     36.00      0.00  loki
12:57:56 PM  1000    921511      0.00      0.00  run-pyroscope.s
12:57:56 PM  1000    921512      0.00      0.00  prometheus
12:57:56 PM  1000    921515     55.00      0.00  tempo
12:57:56 PM  1000    921535      0.00      0.00  pyroscope

12:57:56 PM   UID       PID    %usr %system  %guest   %wait    %CPU   CPU  Command
12:57:57 PM  1000    921496    0.00    0.00    0.00    0.00    0.00    20  run-grafana.sh
12:57:57 PM  1000    921498    0.00    0.00    0.00    0.00    0.00    20  run-loki.sh
12:57:57 PM  1000    921501    0.00    0.00    0.00    0.00    0.00    18  grafana
12:57:57 PM  1000    921502    0.00    0.00    0.00    0.00    0.00    18  run-otelcol.sh
12:57:57 PM  1000    921505    0.00    0.00    0.00    0.00    0.00    18  run-prometheus.
12:57:57 PM  1000    921507    2.00    0.00    0.00    0.00    2.00    18  otelcol-contrib
12:57:57 PM  1000    921508    0.00    0.00    0.00    0.00    0.00    18  run-tempo.sh
12:57:57 PM  1000    921510    0.00    0.00    0.00    0.00    0.00    20  loki
12:57:57 PM  1000    921511    0.00    0.00    0.00    0.00    0.00    20  run-pyroscope.s
12:57:57 PM  1000    921512    1.00    0.00    0.00    0.00    1.00    18  prometheus
12:57:57 PM  1000    921515    7.00    1.00    0.00    0.00    8.00    18  tempo
12:57:57 PM  1000    921535    0.00    0.00    0.00    0.00    0.00    16  pyroscope

12:57:56 PM   UID       PID   cswch/s nvcswch/s  Command
12:57:57 PM  1000    921496      0.00      0.00  run-grafana.sh
12:57:57 PM  1000    921498      0.00      0.00  run-loki.sh
12:57:57 PM  1000    921501      0.00      0.00  grafana
12:57:57 PM  1000    921502      0.00      0.00  run-otelcol.sh
12:57:57 PM  1000    921505      0.00      0.00  run-prometheus.
12:57:57 PM  1000    921507      0.00      0.00  otelcol-contrib
12:57:57 PM  1000    921508      0.00      0.00  run-tempo.sh
12:57:57 PM  1000    921510      4.00      0.00  loki
12:57:57 PM  1000    921511      0.00      0.00  run-pyroscope.s
12:57:57 PM  1000    921512      0.00      0.00  prometheus
12:57:57 PM  1000    921515      0.00      0.00  tempo
12:57:57 PM  1000    921535      0.00      0.00  pyroscope

12:57:57 PM   UID       PID    %usr %system  %guest   %wait    %CPU   CPU  Command
12:57:58 PM  1000    921496    0.00    0.00    0.00    0.00    0.00    20  run-grafana.sh
12:57:58 PM  1000    921498    0.00    0.00    0.00    0.00    0.00    20  run-loki.sh
12:57:58 PM  1000    921501    0.00    0.00    0.00    0.00    0.00    18  grafana
12:57:58 PM  1000    921502    0.00    0.00    0.00    0.00    0.00    18  run-otelcol.sh
12:57:58 PM  1000    921505    0.00    0.00    0.00    0.00    0.00    18  run-prometheus.
12:57:58 PM  1000    921507    2.00    0.00    0.00    0.00    2.00    18  otelcol-contrib
12:57:58 PM  1000    921508    0.00    0.00    0.00    0.00    0.00    18  run-tempo.sh
12:57:58 PM  1000    921510    1.00    0.00    0.00    0.00    1.00    18  loki
12:57:58 PM  1000    921511    0.00    0.00    0.00    0.00    0.00    20  run-pyroscope.s
12:57:58 PM  1000    921512    0.00    0.00    0.00    0.00    0.00    18  prometheus
12:57:58 PM  1000    921515    7.00    1.00    0.00    0.00    8.00    18  tempo
12:57:58 PM  1000    921535    0.00    0.00    0.00    0.00    0.00    16  pyroscope

12:57:57 PM   UID       PID   cswch/s nvcswch/s  Command
12:57:58 PM  1000    921496      0.00      0.00  run-grafana.sh
12:57:58 PM  1000    921498      0.00      0.00  run-loki.sh
12:57:58 PM  1000    921501      0.00      0.00  grafana
12:57:58 PM  1000    921502      0.00      0.00  run-otelcol.sh
12:57:58 PM  1000    921505      0.00      0.00  run-prometheus.
12:57:58 PM  1000    921507      0.00      0.00  otelcol-contrib
12:57:58 PM  1000    921508      0.00      0.00  run-tempo.sh
12:57:58 PM  1000    921510     13.00      0.00  loki
12:57:58 PM  1000    921511      0.00      0.00  run-pyroscope.s
12:57:58 PM  1000    921512      0.00      0.00  prometheus
12:57:58 PM  1000    921515      0.00      0.00  tempo
12:57:58 PM  1000    921535      0.00      0.00  pyroscope

12:57:58 PM   UID       PID    %usr %system  %guest   %wait    %CPU   CPU  Command
12:57:59 PM  1000    921496    0.00    0.00    0.00    0.00    0.00    20  run-grafana.sh
12:57:59 PM  1000    921498    0.00    0.00    0.00    0.00    0.00    20  run-loki.sh
12:57:59 PM  1000    921501    3.00    0.00    0.00    0.00    3.00    18  grafana
12:57:59 PM  1000    921502    0.00    0.00    0.00    0.00    0.00    18  run-otelcol.sh
12:57:59 PM  1000    921505    0.00    0.00    0.00    0.00    0.00    18  run-prometheus.
12:57:59 PM  1000    921507    4.00    0.00    0.00    0.00    4.00    18  otelcol-contrib
12:57:59 PM  1000    921508    0.00    0.00    0.00    0.00    0.00    18  run-tempo.sh
12:57:59 PM  1000    921510    0.00    0.00    0.00    0.00    0.00    18  loki
12:57:59 PM  1000    921511    0.00    0.00    0.00    0.00    0.00    20  run-pyroscope.s
12:57:59 PM  1000    921512    0.00    0.00    0.00    0.00    0.00    18  prometheus
12:57:59 PM  1000    921515   10.00    0.00    0.00    0.00   10.00    18  tempo
12:57:59 PM  1000    921535    0.00    0.00    0.00    0.00    0.00    16  pyroscope

12:57:58 PM   UID       PID   cswch/s nvcswch/s  Command
12:57:59 PM  1000    921496      0.00      0.00  run-grafana.sh
12:57:59 PM  1000    921498      0.00      0.00  run-loki.sh
12:57:59 PM  1000    921501      0.00      0.00  grafana
12:57:59 PM  1000    921502      0.00      0.00  run-otelcol.sh
12:57:59 PM  1000    921505      0.00      0.00  run-prometheus.
12:57:59 PM  1000    921507      0.00      0.00  otelcol-contrib
12:57:59 PM  1000    921508      0.00      0.00  run-tempo.sh
12:57:59 PM  1000    921510     53.00      0.00  loki
12:57:59 PM  1000    921511      0.00      0.00  run-pyroscope.s
12:57:59 PM  1000    921512      0.00      0.00  prometheus
12:57:59 PM  1000    921515     16.00      0.00  tempo
12:57:59 PM  1000    921535      0.00      0.00  pyroscope

12:57:59 PM   UID       PID    %usr %system  %guest   %wait    %CPU   CPU  Command
12:58:00 PM  1000    921496    0.00    0.00    0.00    0.00    0.00    20  run-grafana.sh
12:58:00 PM  1000    921498    0.00    0.00    0.00    0.00    0.00    20  run-loki.sh
12:58:00 PM  1000    921501    0.00    0.00    0.00    0.00    0.00    18  grafana
12:58:00 PM  1000    921502    0.00    0.00    0.00    0.00    0.00    18  run-otelcol.sh
12:58:00 PM  1000    921505    0.00    0.00    0.00    0.00    0.00    18  run-prometheus.
12:58:00 PM  1000    921507    2.00    1.00    0.00    0.00    3.00    18  otelcol-contrib
12:58:00 PM  1000    921508    0.00    0.00    0.00    0.00    0.00    18  run-tempo.sh
12:58:00 PM  1000    921510    0.00    0.00    0.00    0.00    0.00    18  loki
12:58:00 PM  1000    921511    0.00    0.00    0.00    0.00    0.00    20  run-pyroscope.s
12:58:00 PM  1000    921512    0.00    0.00    0.00    0.00    0.00    18  prometheus
12:58:00 PM  1000    921515    8.00    1.00    0.00    0.00    9.00    20  tempo
12:58:00 PM  1000    921535    1.00    0.00    0.00    0.00    1.00    16  pyroscope

12:57:59 PM   UID       PID   cswch/s nvcswch/s  Command
12:58:00 PM  1000    921496      0.00      0.00  run-grafana.sh
12:58:00 PM  1000    921498      0.00      0.00  run-loki.sh
12:58:00 PM  1000    921501      0.00      0.00  grafana
12:58:00 PM  1000    921502      0.00      0.00  run-otelcol.sh
12:58:00 PM  1000    921505      0.00      0.00  run-prometheus.
12:58:00 PM  1000    921507      0.00      0.00  otelcol-contrib
12:58:00 PM  1000    921508      0.00      0.00  run-tempo.sh
12:58:00 PM  1000    921510     33.00      0.00  loki
12:58:00 PM  1000    921511      0.00      0.00  run-pyroscope.s
12:58:00 PM  1000    921512      0.00      0.00  prometheus
12:58:00 PM  1000    921515     91.00      1.00  tempo
12:58:00 PM  1000    921535      0.00      0.00  pyroscope

12:58:00 PM   UID       PID    %usr %system  %guest   %wait    %CPU   CPU  Command
12:58:01 PM  1000    921496    0.00    0.00    0.00    0.00    0.00    20  run-grafana.sh
12:58:01 PM  1000    921498    0.00    0.00    0.00    0.00    0.00    20  run-loki.sh
12:58:01 PM  1000    921501    0.00    0.00    0.00    0.00    0.00    18  grafana
12:58:01 PM  1000    921502    0.00    0.00    0.00    0.00    0.00    18  run-otelcol.sh
12:58:01 PM  1000    921505    0.00    0.00    0.00    0.00    0.00    18  run-prometheus.
12:58:01 PM  1000    921507    2.00    0.00    0.00    0.00    2.00    18  otelcol-contrib
12:58:01 PM  1000    921508    0.00    0.00    0.00    0.00    0.00    18  run-tempo.sh
12:58:01 PM  1000    921510    0.00    0.00    0.00    0.00    0.00    18  loki
12:58:01 PM  1000    921511    0.00    0.00    0.00    0.00    0.00    20  run-pyroscope.s
12:58:01 PM  1000    921512    0.00    0.00    0.00    0.00    0.00    18  prometheus
12:58:01 PM  1000    921515   12.00    0.00    0.00    0.00   12.00    16  tempo
12:58:01 PM  1000    921535    0.00    0.00    0.00    0.00    0.00    16  pyroscope

12:58:00 PM   UID       PID   cswch/s nvcswch/s  Command
12:58:01 PM  1000    921496      0.00      0.00  run-grafana.sh
12:58:01 PM  1000    921498      0.00      0.00  run-loki.sh
12:58:01 PM  1000    921501      0.00      0.00  grafana
12:58:01 PM  1000    921502      0.00      0.00  run-otelcol.sh
12:58:01 PM  1000    921505      0.00      0.00  run-prometheus.
12:58:01 PM  1000    921507      0.00      0.00  otelcol-contrib
12:58:01 PM  1000    921508      0.00      0.00  run-tempo.sh
12:58:01 PM  1000    921510     13.00      0.00  loki
12:58:01 PM  1000    921511      0.00      0.00  run-pyroscope.s
12:58:01 PM  1000    921512      0.00      0.00  prometheus
12:58:01 PM  1000    921515     85.00      1.00  tempo
12:58:01 PM  1000    921535      0.00      0.00  pyroscope

12:58:01 PM   UID       PID    %usr %system  %guest   %wait    %CPU   CPU  Command
12:58:02 PM  1000    921496    0.00    0.00    0.00    0.00    0.00    20  run-grafana.sh
12:58:02 PM  1000    921498    0.00    0.00    0.00    0.00    0.00    20  run-loki.sh
12:58:02 PM  1000    921501    0.00    0.00    0.00    0.00    0.00    18  grafana
12:58:02 PM  1000    921502    0.00    0.00    0.00    0.00    0.00    18  run-otelcol.sh
12:58:02 PM  1000    921505    0.00    0.00    0.00    0.00    0.00    18  run-prometheus.
12:58:02 PM  1000    921507    3.00    0.00    0.00    0.00    3.00    18  otelcol-contrib
12:58:02 PM  1000    921508    0.00    0.00    0.00    0.00    0.00    18  run-tempo.sh
12:58:02 PM  1000    921510    1.00    0.00    0.00    0.00    1.00    18  loki
12:58:02 PM  1000    921511    0.00    0.00    0.00    0.00    0.00    20  run-pyroscope.s
12:58:02 PM  1000    921512    0.00    0.00    0.00    0.00    0.00    18  prometheus
12:58:02 PM  1000    921515   14.00    0.00    0.00    0.00   14.00    16  tempo
12:58:02 PM  1000    921535    0.00    0.00    0.00    0.00    0.00    16  pyroscope

12:58:01 PM   UID       PID   cswch/s nvcswch/s  Command
12:58:02 PM  1000    921496      0.00      0.00  run-grafana.sh
12:58:02 PM  1000    921498      0.00      0.00  run-loki.sh
12:58:02 PM  1000    921501      0.00      0.00  grafana
12:58:02 PM  1000    921502      0.00      0.00  run-otelcol.sh
12:58:02 PM  1000    921505      0.00      0.00  run-prometheus.
12:58:02 PM  1000    921507      0.00      0.00  otelcol-contrib
12:58:02 PM  1000    921508      0.00      0.00  run-tempo.sh
12:58:02 PM  1000    921510     32.00      0.00  loki
12:58:02 PM  1000    921511      0.00      0.00  run-pyroscope.s
12:58:02 PM  1000    921512      0.00      0.00  prometheus
12:58:02 PM  1000    921515     66.00      4.00  tempo
12:58:02 PM  1000    921535      0.00      0.00  pyroscope

12:58:02 PM   UID       PID    %usr %system  %guest   %wait    %CPU   CPU  Command
12:58:03 PM  1000    921496    0.00    0.00    0.00    0.00    0.00    20  run-grafana.sh
12:58:03 PM  1000    921498    0.00    0.00    0.00    0.00    0.00    20  run-loki.sh
12:58:03 PM  1000    921501    0.00    0.00    0.00    0.00    0.00    18  grafana
12:58:03 PM  1000    921502    0.00    0.00    0.00    0.00    0.00    18  run-otelcol.sh
12:58:03 PM  1000    921505    0.00    0.00    0.00    0.00    0.00    18  run-prometheus.
12:58:03 PM  1000    921507    2.00    0.00    0.00    0.00    2.00    18  otelcol-contrib
12:58:03 PM  1000    921508    0.00    0.00    0.00    0.00    0.00    18  run-tempo.sh
12:58:03 PM  1000    921510    0.00    0.00    0.00    0.00    0.00    18  loki
12:58:03 PM  1000    921511    0.00    0.00    0.00    0.00    0.00    20  run-pyroscope.s
12:58:03 PM  1000    921512    0.00    0.00    0.00    0.00    0.00    18  prometheus
12:58:03 PM  1000    921515    8.00    0.00    0.00    0.00    8.00    18  tempo
12:58:03 PM  1000    921535    0.00    0.00    0.00    0.00    0.00    16  pyroscope

12:58:02 PM   UID       PID   cswch/s nvcswch/s  Command
12:58:03 PM  1000    921496      0.00      0.00  run-grafana.sh
12:58:03 PM  1000    921498      0.00      0.00  run-loki.sh
12:58:03 PM  1000    921501      0.00      0.00  grafana
12:58:03 PM  1000    921502      0.00      0.00  run-otelcol.sh
12:58:03 PM  1000    921505      0.00      0.00  run-prometheus.
12:58:03 PM  1000    921507      0.00      0.00  otelcol-contrib
12:58:03 PM  1000    921508      0.00      0.00  run-tempo.sh
12:58:03 PM  1000    921510      0.00      0.00  loki
12:58:03 PM  1000    921511      0.00      0.00  run-pyroscope.s
12:58:03 PM  1000    921512      0.00      0.00  prometheus
12:58:03 PM  1000    921515     87.00      1.00  tempo
12:58:03 PM  1000    921535      0.00      0.00  pyroscope

12:58:03 PM   UID       PID    %usr %system  %guest   %wait    %CPU   CPU  Command
12:58:04 PM  1000    921496    0.00    0.00    0.00    0.00    0.00    20  run-grafana.sh
12:58:04 PM  1000    921498    0.00    0.00    0.00    0.00    0.00    20  run-loki.sh
12:58:04 PM  1000    921501    0.00    0.00    0.00    0.00    0.00    18  grafana
12:58:04 PM  1000    921502    0.00    0.00    0.00    0.00    0.00    18  run-otelcol.sh
12:58:04 PM  1000    921505    0.00    0.00    0.00    0.00    0.00    18  run-prometheus.
12:58:04 PM  1000    921507    3.00    1.00    0.00    0.00    4.00    18  otelcol-contrib
12:58:04 PM  1000    921508    0.00    0.00    0.00    0.00    0.00    18  run-tempo.sh
12:58:04 PM  1000    921510    0.00    0.00    0.00    0.00    0.00    20  loki
12:58:04 PM  1000    921511    0.00    0.00    0.00    0.00    0.00    20  run-pyroscope.s
12:58:04 PM  1000    921512    1.00    0.00    0.00    0.00    1.00    18  prometheus
12:58:04 PM  1000    921515   38.00    3.00    0.00    0.00   41.00    20  tempo
12:58:04 PM  1000    921535    0.00    1.00    0.00    0.00    1.00    16  pyroscope

12:58:03 PM   UID       PID   cswch/s nvcswch/s  Command
12:58:04 PM  1000    921496      0.00      0.00  run-grafana.sh
12:58:04 PM  1000    921498      0.00      0.00  run-loki.sh
12:58:04 PM  1000    921501      0.00      0.00  grafana
12:58:04 PM  1000    921502      0.00      0.00  run-otelcol.sh
12:58:04 PM  1000    921505      0.00      0.00  run-prometheus.
12:58:04 PM  1000    921507      0.00      0.00  otelcol-contrib
12:58:04 PM  1000    921508      0.00      0.00  run-tempo.sh
12:58:04 PM  1000    921510     41.00      0.00  loki
12:58:04 PM  1000    921511      0.00      0.00  run-pyroscope.s
12:58:04 PM  1000    921512      0.00      0.00  prometheus
12:58:04 PM  1000    921515     94.00     83.00  tempo
12:58:04 PM  1000    921535      0.00      0.00  pyroscope

12:58:04 PM   UID       PID    %usr %system  %guest   %wait    %CPU   CPU  Command
12:58:05 PM  1000    921496    0.00    0.00    0.00    0.00    0.00    20  run-grafana.sh
12:58:05 PM  1000    921498    0.00    0.00    0.00    0.00    0.00    20  run-loki.sh
12:58:05 PM  1000    921501    0.00    0.00    0.00    0.00    0.00    18  grafana
12:58:05 PM  1000    921502    0.00    0.00    0.00    0.00    0.00    18  run-otelcol.sh
12:58:05 PM  1000    921505    0.00    0.00    0.00    0.00    0.00    18  run-prometheus.
12:58:05 PM  1000    921507    5.00    0.00    0.00    0.00    5.00    18  otelcol-contrib
12:58:05 PM  1000    921508    0.00    0.00    0.00    0.00    0.00    18  run-tempo.sh
12:58:05 PM  1000    921510    1.00    0.00    0.00    0.00    1.00    18  loki
12:58:05 PM  1000    921511    0.00    0.00    0.00    0.00    0.00    20  run-pyroscope.s
12:58:05 PM  1000    921512    0.00    0.00    0.00    0.00    0.00    18  prometheus
12:58:05 PM  1000    921515   35.00    4.00    0.00    1.00   39.00    16  tempo
12:58:05 PM  1000    921535    0.00    0.00    0.00    0.00    0.00    16  pyroscope

12:58:04 PM   UID       PID   cswch/s nvcswch/s  Command
12:58:05 PM  1000    921496      0.00      0.00  run-grafana.sh
12:58:05 PM  1000    921498      0.00      0.00  run-loki.sh
12:58:05 PM  1000    921501      0.00      0.00  grafana
12:58:05 PM  1000    921502      0.00      0.00  run-otelcol.sh
12:58:05 PM  1000    921505      0.00      0.00  run-prometheus.
12:58:05 PM  1000    921507      0.00      0.00  otelcol-contrib
12:58:05 PM  1000    921508      0.00      0.00  run-tempo.sh
12:58:05 PM  1000    921510     29.00      0.00  loki
12:58:05 PM  1000    921511      0.00      0.00  run-pyroscope.s
12:58:05 PM  1000    921512      0.00      0.00  prometheus
12:58:05 PM  1000    921515     75.00     20.00  tempo
12:58:05 PM  1000    921535      0.00      0.00  pyroscope

12:58:05 PM   UID       PID    %usr %system  %guest   %wait    %CPU   CPU  Command
12:58:06 PM  1000    921496    0.00    0.00    0.00    0.00    0.00    20  run-grafana.sh
12:58:06 PM  1000    921498    0.00    0.00    0.00    0.00    0.00    20  run-loki.sh
12:58:06 PM  1000    921501    1.00    0.00    0.00    0.00    1.00    18  grafana
12:58:06 PM  1000    921502    0.00    0.00    0.00    0.00    0.00    18  run-otelcol.sh
12:58:06 PM  1000    921505    0.00    0.00    0.00    0.00    0.00    18  run-prometheus.
12:58:06 PM  1000    921507    3.00    0.00    0.00    0.00    3.00    18  otelcol-contrib
12:58:06 PM  1000    921508    0.00    0.00    0.00    0.00    0.00    18  run-tempo.sh
12:58:06 PM  1000    921510    0.00    0.00    0.00    0.00    0.00    18  loki
12:58:06 PM  1000    921511    0.00    0.00    0.00    0.00    0.00    20  run-pyroscope.s
12:58:06 PM  1000    921512    0.00    0.00    0.00    0.00    0.00    18  prometheus
12:58:06 PM  1000    921515   25.00    1.00    0.00    0.00   26.00    18  tempo
12:58:06 PM  1000    921535    0.00    0.00    0.00    0.00    0.00    16  pyroscope

12:58:05 PM   UID       PID   cswch/s nvcswch/s  Command
12:58:06 PM  1000    921496      0.00      0.00  run-grafana.sh
12:58:06 PM  1000    921498      0.00      0.00  run-loki.sh
12:58:06 PM  1000    921501      0.00      0.00  grafana
12:58:06 PM  1000    921502      0.00      0.00  run-otelcol.sh
12:58:06 PM  1000    921505      0.00      0.00  run-prometheus.
12:58:06 PM  1000    921507      0.00      0.00  otelcol-contrib
12:58:06 PM  1000    921508      0.00      0.00  run-tempo.sh
12:58:06 PM  1000    921510     35.00      0.00  loki
12:58:06 PM  1000    921511      0.00      0.00  run-pyroscope.s
12:58:06 PM  1000    921512      0.00      0.00  prometheus
12:58:06 PM  1000    921515     92.00      4.00  tempo
12:58:06 PM  1000    921535      0.00      0.00  pyroscope

12:58:06 PM   UID       PID    %usr %system  %guest   %wait    %CPU   CPU  Command
12:58:07 PM  1000    921496    0.00    0.00    0.00    0.00    0.00    20  run-grafana.sh
12:58:07 PM  1000    921498    0.00    0.00    0.00    0.00    0.00    20  run-loki.sh
12:58:07 PM  1000    921501    0.00    0.00    0.00    0.00    0.00    18  grafana
12:58:07 PM  1000    921502    0.00    0.00    0.00    0.00    0.00    18  run-otelcol.sh
12:58:07 PM  1000    921505    0.00    0.00    0.00    0.00    0.00    18  run-prometheus.
12:58:07 PM  1000    921507    3.00    1.00    0.00    0.00    4.00    18  otelcol-contrib
12:58:07 PM  1000    921508    0.00    0.00    0.00    0.00    0.00    18  run-tempo.sh
12:58:07 PM  1000    921510    0.00    0.00    0.00    0.00    0.00    16  loki
12:58:07 PM  1000    921511    0.00    0.00    0.00    0.00    0.00    20  run-pyroscope.s
12:58:07 PM  1000    921512    0.00    0.00    0.00    0.00    0.00    18  prometheus
12:58:07 PM  1000    921515   12.00    1.00    0.00    0.00   13.00    16  tempo
12:58:07 PM  1000    921535    4.00    0.00    0.00    0.00    4.00    18  pyroscope

12:58:06 PM   UID       PID   cswch/s nvcswch/s  Command
12:58:07 PM  1000    921496      0.00      0.00  run-grafana.sh
12:58:07 PM  1000    921498      0.00      0.00  run-loki.sh
12:58:07 PM  1000    921501      0.00      0.00  grafana
12:58:07 PM  1000    921502      0.00      0.00  run-otelcol.sh
12:58:07 PM  1000    921505      0.00      0.00  run-prometheus.
12:58:07 PM  1000    921507      0.00      0.00  otelcol-contrib
12:58:07 PM  1000    921508      0.00      0.00  run-tempo.sh
12:58:07 PM  1000    921510     42.00      0.00  loki
12:58:07 PM  1000    921511      0.00      0.00  run-pyroscope.s
12:58:07 PM  1000    921512      0.00      0.00  prometheus
12:58:07 PM  1000    921515    102.00      4.00  tempo
12:58:07 PM  1000    921535      1.00      0.00  pyroscope

12:58:07 PM   UID       PID    %usr %system  %guest   %wait    %CPU   CPU  Command
12:58:08 PM  1000    921496    0.00    0.00    0.00    0.00    0.00    20  run-grafana.sh
12:58:08 PM  1000    921498    0.00    0.00    0.00    0.00    0.00    20  run-loki.sh
12:58:08 PM  1000    921501    0.00    0.00    0.00    0.00    0.00    18  grafana
12:58:08 PM  1000    921502    0.00    0.00    0.00    0.00    0.00    18  run-otelcol.sh
12:58:08 PM  1000    921505    0.00    0.00    0.00    0.00    0.00    18  run-prometheus.
12:58:08 PM  1000    921507    4.00    0.00    0.00    0.00    4.00    18  otelcol-contrib
12:58:08 PM  1000    921508    0.00    0.00    0.00    0.00    0.00    18  run-tempo.sh
12:58:08 PM  1000    921510    0.00    0.00    0.00    0.00    0.00    20  loki
12:58:08 PM  1000    921511    0.00    0.00    0.00    0.00    0.00    20  run-pyroscope.s
12:58:08 PM  1000    921512    0.00    0.00    0.00    0.00    0.00    18  prometheus
12:58:08 PM  1000    921515   26.00    1.00    0.00    0.00   27.00    18  tempo
12:58:08 PM  1000    921535    0.00    0.00    0.00    0.00    0.00    18  pyroscope

12:58:07 PM   UID       PID   cswch/s nvcswch/s  Command
12:58:08 PM  1000    921496      0.00      0.00  run-grafana.sh
12:58:08 PM  1000    921498      0.00      0.00  run-loki.sh
12:58:08 PM  1000    921501      0.00      0.00  grafana
12:58:08 PM  1000    921502      0.00      0.00  run-otelcol.sh
12:58:08 PM  1000    921505      0.00      0.00  run-prometheus.
12:58:08 PM  1000    921507      0.00      0.00  otelcol-contrib
12:58:08 PM  1000    921508      0.00      0.00  run-tempo.sh
12:58:08 PM  1000    921510     14.00      0.00  loki
12:58:08 PM  1000    921511      0.00      0.00  run-pyroscope.s
12:58:08 PM  1000    921512      0.00      0.00  prometheus
12:58:08 PM  1000    921515    109.00      7.00  tempo
12:58:08 PM  1000    921535      0.00      0.00  pyroscope

12:58:08 PM   UID       PID    %usr %system  %guest   %wait    %CPU   CPU  Command
12:58:09 PM  1000    921496    0.00    0.00    0.00    0.00    0.00    20  run-grafana.sh
12:58:09 PM  1000    921498    0.00    0.00    0.00    0.00    0.00    20  run-loki.sh
12:58:09 PM  1000    921501    2.00    0.00    0.00    0.00    2.00    18  grafana
12:58:09 PM  1000    921502    0.00    0.00    0.00    0.00    0.00    18  run-otelcol.sh
12:58:09 PM  1000    921505    0.00    0.00    0.00    0.00    0.00    18  run-prometheus.
12:58:09 PM  1000    921507    6.00    0.00    0.00    0.00    6.00    18  otelcol-contrib
12:58:09 PM  1000    921508    0.00    0.00    0.00    0.00    0.00    18  run-tempo.sh
12:58:09 PM  1000    921510    0.00    0.00    0.00    0.00    0.00    20  loki
12:58:09 PM  1000    921511    0.00    0.00    0.00    0.00    0.00    20  run-pyroscope.s
12:58:09 PM  1000    921512    0.00    0.00    0.00    0.00    0.00    18  prometheus
12:58:09 PM  1000    921515   15.00    1.00    0.00    0.00   16.00    18  tempo
12:58:09 PM  1000    921535    0.00    0.00    0.00    0.00    0.00    18  pyroscope

12:58:08 PM   UID       PID   cswch/s nvcswch/s  Command
12:58:09 PM  1000    921496      0.00      0.00  run-grafana.sh
12:58:09 PM  1000    921498      0.00      0.00  run-loki.sh
12:58:09 PM  1000    921501      0.00      0.00  grafana
12:58:09 PM  1000    921502      0.00      0.00  run-otelcol.sh
12:58:09 PM  1000    921505      0.00      0.00  run-prometheus.
12:58:09 PM  1000    921507      0.00      0.00  otelcol-contrib
12:58:09 PM  1000    921508      0.00      0.00  run-tempo.sh
12:58:09 PM  1000    921510      4.00      0.00  loki
12:58:09 PM  1000    921511      0.00      0.00  run-pyroscope.s
12:58:09 PM  1000    921512      0.00      0.00  prometheus
12:58:09 PM  1000    921515     80.00      4.00  tempo
12:58:09 PM  1000    921535      0.00      0.00  pyroscope

12:58:09 PM   UID       PID    %usr %system  %guest   %wait    %CPU   CPU  Command
12:58:10 PM  1000    921496    0.00    0.00    0.00    0.00    0.00    20  run-grafana.sh
12:58:10 PM  1000    921498    0.00    0.00    0.00    0.00    0.00    20  run-loki.sh
12:58:10 PM  1000    921501    2.00    0.00    0.00    0.00    2.00    18  grafana
12:58:10 PM  1000    921502    0.00    0.00    0.00    0.00    0.00    18  run-otelcol.sh
12:58:10 PM  1000    921505    0.00    0.00    0.00    0.00    0.00    18  run-prometheus.
12:58:10 PM  1000    921507    5.00    1.00    0.00    0.00    6.00    18  otelcol-contrib
12:58:10 PM  1000    921508    0.00    0.00    0.00    0.00    0.00    18  run-tempo.sh
12:58:10 PM  1000    921510    1.00    0.00    0.00    0.00    1.00    18  loki
12:58:10 PM  1000    921511    0.00    0.00    0.00    0.00    0.00    20  run-pyroscope.s
12:58:10 PM  1000    921512    0.00    0.00    0.00    0.00    0.00    18  prometheus
12:58:10 PM  1000    921515   30.00    1.00    0.00    0.00   31.00    16  tempo
12:58:10 PM  1000    921535    0.00    0.00    0.00    0.00    0.00    18  pyroscope

12:58:09 PM   UID       PID   cswch/s nvcswch/s  Command
12:58:10 PM  1000    921496      0.00      0.00  run-grafana.sh
12:58:10 PM  1000    921498      0.00      0.00  run-loki.sh
12:58:10 PM  1000    921501      0.00      0.00  grafana
12:58:10 PM  1000    921502      0.00      0.00  run-otelcol.sh
12:58:10 PM  1000    921505      0.00      0.00  run-prometheus.
12:58:10 PM  1000    921507      0.00      0.00  otelcol-contrib
12:58:10 PM  1000    921508      0.00      0.00  run-tempo.sh
12:58:10 PM  1000    921510     34.00      0.00  loki
12:58:10 PM  1000    921511      0.00      0.00  run-pyroscope.s
12:58:10 PM  1000    921512      0.00      0.00  prometheus
12:58:10 PM  1000    921515     62.00      3.00  tempo
12:58:10 PM  1000    921535      0.00      0.00  pyroscope

12:58:10 PM   UID       PID    %usr %system  %guest   %wait    %CPU   CPU  Command
12:58:11 PM  1000    921496    0.00    0.00    0.00    0.00    0.00    20  run-grafana.sh
12:58:11 PM  1000    921498    0.00    0.00    0.00    0.00    0.00    20  run-loki.sh
12:58:11 PM  1000    921501    0.00    0.00    0.00    0.00    0.00    18  grafana
12:58:11 PM  1000    921502    0.00    0.00    0.00    0.00    0.00    18  run-otelcol.sh
12:58:11 PM  1000    921505    0.00    0.00    0.00    0.00    0.00    18  run-prometheus.
12:58:11 PM  1000    921507    6.00    0.00    0.00    0.00    6.00    18  otelcol-contrib
12:58:11 PM  1000    921508    0.00    0.00    0.00    0.00    0.00    18  run-tempo.sh
12:58:11 PM  1000    921510    0.00    0.00    0.00    0.00    0.00    18  loki
12:58:11 PM  1000    921511    0.00    0.00    0.00    0.00    0.00    20  run-pyroscope.s
12:58:11 PM  1000    921512    0.00    0.00    0.00    0.00    0.00    18  prometheus
12:58:11 PM  1000    921515   39.00    2.00    0.00    0.00   41.00    16  tempo
12:58:11 PM  1000    921535    1.00    0.00    0.00    0.00    1.00    18  pyroscope

12:58:10 PM   UID       PID   cswch/s nvcswch/s  Command
12:58:11 PM  1000    921496      0.00      0.00  run-grafana.sh
12:58:11 PM  1000    921498      0.00      0.00  run-loki.sh
12:58:11 PM  1000    921501      0.00      0.00  grafana
12:58:11 PM  1000    921502      0.00      0.00  run-otelcol.sh
12:58:11 PM  1000    921505      0.00      0.00  run-prometheus.
12:58:11 PM  1000    921507      0.00      0.00  otelcol-contrib
12:58:11 PM  1000    921508      0.00      0.00  run-tempo.sh
12:58:11 PM  1000    921510     20.00      0.00  loki
12:58:11 PM  1000    921511      0.00      0.00  run-pyroscope.s
12:58:11 PM  1000    921512      0.00      0.00  prometheus
12:58:11 PM  1000    921515      5.00      2.00  tempo
12:58:11 PM  1000    921535      0.00      0.00  pyroscope

12:58:11 PM   UID       PID    %usr %system  %guest   %wait    %CPU   CPU  Command
12:58:12 PM  1000    921496    0.00    0.00    0.00    0.00    0.00    20  run-grafana.sh
12:58:12 PM  1000    921498    0.00    0.00    0.00    0.00    0.00    20  run-loki.sh
12:58:12 PM  1000    921501    0.00    0.00    0.00    0.00    0.00    18  grafana
12:58:12 PM  1000    921502    0.00    0.00    0.00    0.00    0.00    18  run-otelcol.sh
12:58:12 PM  1000    921505    0.00    0.00    0.00    0.00    0.00    18  run-prometheus.
12:58:12 PM  1000    921507    8.00    0.00    0.00    0.00    8.00    18  otelcol-contrib
12:58:12 PM  1000    921508    0.00    0.00    0.00    0.00    0.00    18  run-tempo.sh
12:58:12 PM  1000    921510    0.00    0.00    0.00    0.00    0.00    20  loki
12:58:12 PM  1000    921511    0.00    0.00    0.00    0.00    0.00    20  run-pyroscope.s
12:58:12 PM  1000    921512    0.00    0.00    0.00    0.00    0.00    18  prometheus
12:58:12 PM  1000    921515   45.00    4.00    0.00    0.00   49.00    16  tempo
12:58:12 PM  1000    921535    0.00    0.00    0.00    0.00    0.00    18  pyroscope

12:58:11 PM   UID       PID   cswch/s nvcswch/s  Command
12:58:12 PM  1000    921496      0.00      0.00  run-grafana.sh
12:58:12 PM  1000    921498      0.00      0.00  run-loki.sh
12:58:12 PM  1000    921501      0.00      0.00  grafana
12:58:12 PM  1000    921502      0.00      0.00  run-otelcol.sh
12:58:12 PM  1000    921505      0.00      0.00  run-prometheus.
12:58:12 PM  1000    921507      0.00      0.00  otelcol-contrib
12:58:12 PM  1000    921508      0.00      0.00  run-tempo.sh
12:58:12 PM  1000    921510     28.00      0.00  loki
12:58:12 PM  1000    921511      0.00      0.00  run-pyroscope.s
12:58:12 PM  1000    921512      0.00      0.00  prometheus
12:58:12 PM  1000    921515      0.00      0.00  tempo
12:58:12 PM  1000    921535      0.00      0.00  pyroscope

12:58:12 PM   UID       PID    %usr %system  %guest   %wait    %CPU   CPU  Command
12:58:13 PM  1000    921496    0.00    0.00    0.00    0.00    0.00    20  run-grafana.sh
12:58:13 PM  1000    921498    0.00    0.00    0.00    0.00    0.00    20  run-loki.sh
12:58:13 PM  1000    921501    0.00    0.00    0.00    0.00    0.00    18  grafana
12:58:13 PM  1000    921502    0.00    0.00    0.00    0.00    0.00    18  run-otelcol.sh
12:58:13 PM  1000    921505    0.00    0.00    0.00    0.00    0.00    18  run-prometheus.
12:58:13 PM  1000    921507    5.00    1.00    0.00    0.00    6.00    18  otelcol-contrib
12:58:13 PM  1000    921508    0.00    0.00    0.00    0.00    0.00    18  run-tempo.sh
12:58:13 PM  1000    921510    1.00    0.00    0.00    0.00    1.00    20  loki
12:58:13 PM  1000    921511    0.00    0.00    0.00    0.00    0.00    20  run-pyroscope.s
12:58:13 PM  1000    921512    1.00    0.00    0.00    0.00    1.00    18  prometheus
12:58:13 PM  1000    921515   40.00    1.00    0.00    0.00   41.00    16  tempo
12:58:13 PM  1000    921535    0.00    0.00    0.00    0.00    0.00    18  pyroscope

12:58:12 PM   UID       PID   cswch/s nvcswch/s  Command
12:58:13 PM  1000    921496      0.00      0.00  run-grafana.sh
12:58:13 PM  1000    921498      0.00      0.00  run-loki.sh
12:58:13 PM  1000    921501      0.00      0.00  grafana
12:58:13 PM  1000    921502      0.00      0.00  run-otelcol.sh
12:58:13 PM  1000    921505      0.00      0.00  run-prometheus.
12:58:13 PM  1000    921507      0.00      0.00  otelcol-contrib
12:58:13 PM  1000    921508      0.00      0.00  run-tempo.sh
12:58:13 PM  1000    921510     47.00      0.00  loki
12:58:13 PM  1000    921511      0.00      0.00  run-pyroscope.s
12:58:13 PM  1000    921512      0.00      0.00  prometheus
12:58:13 PM  1000    921515      0.00      0.00  tempo
12:58:13 PM  1000    921535      0.00      0.00  pyroscope

12:58:13 PM   UID       PID    %usr %system  %guest   %wait    %CPU   CPU  Command
12:58:14 PM  1000    921496    0.00    0.00    0.00    0.00    0.00    20  run-grafana.sh
12:58:14 PM  1000    921498    0.00    0.00    0.00    0.00    0.00    20  run-loki.sh
12:58:14 PM  1000    921501    0.00    1.00    0.00    0.00    1.00    18  grafana
12:58:14 PM  1000    921502    0.00    0.00    0.00    0.00    0.00    18  run-otelcol.sh
12:58:14 PM  1000    921505    0.00    0.00    0.00    0.00    0.00    18  run-prometheus.
12:58:14 PM  1000    921507    8.00    0.00    0.00    0.00    8.00    18  otelcol-contrib
12:58:14 PM  1000    921508    0.00    0.00    0.00    0.00    0.00    18  run-tempo.sh
12:58:14 PM  1000    921510    0.00    0.00    0.00    0.00    0.00    20  loki
12:58:14 PM  1000    921511    0.00    0.00    0.00    0.00    0.00    20  run-pyroscope.s
12:58:14 PM  1000    921512    0.00    0.00    0.00    0.00    0.00    18  prometheus
12:58:14 PM  1000    921515   44.00    1.00    0.00    0.00   45.00    20  tempo
12:58:14 PM  1000    921535    0.00    0.00    0.00    0.00    0.00    18  pyroscope

12:58:13 PM   UID       PID   cswch/s nvcswch/s  Command
12:58:14 PM  1000    921496      0.00      0.00  run-grafana.sh
12:58:14 PM  1000    921498      0.00      0.00  run-loki.sh
12:58:14 PM  1000    921501      0.00      0.00  grafana
12:58:14 PM  1000    921502      0.00      0.00  run-otelcol.sh
12:58:14 PM  1000    921505      0.00      0.00  run-prometheus.
12:58:14 PM  1000    921507      0.00      0.00  otelcol-contrib
12:58:14 PM  1000    921508      0.00      0.00  run-tempo.sh
12:58:14 PM  1000    921510     34.00      0.00  loki
12:58:14 PM  1000    921511      0.00      0.00  run-pyroscope.s
12:58:14 PM  1000    921512      0.00      0.00  prometheus
12:58:14 PM  1000    921515     83.00     15.00  tempo
12:58:14 PM  1000    921535      0.00      0.00  pyroscope

12:58:14 PM   UID       PID    %usr %system  %guest   %wait    %CPU   CPU  Command
12:58:15 PM  1000    921496    0.00    0.00    0.00    0.00    0.00    20  run-grafana.sh
12:58:15 PM  1000    921498    0.00    0.00    0.00    0.00    0.00    20  run-loki.sh
12:58:15 PM  1000    921501    0.00    0.00    0.00    0.00    0.00    18  grafana
12:58:15 PM  1000    921502    0.00    0.00    0.00    0.00    0.00    18  run-otelcol.sh
12:58:15 PM  1000    921505    0.00    0.00    0.00    0.00    0.00    18  run-prometheus.
12:58:15 PM  1000    921507    5.00    0.00    0.00    0.00    5.00    18  otelcol-contrib
12:58:15 PM  1000    921508    0.00    0.00    0.00    0.00    0.00    18  run-tempo.sh
12:58:15 PM  1000    921510    0.00    0.00    0.00    0.00    0.00    20  loki
12:58:15 PM  1000    921511    0.00    0.00    0.00    0.00    0.00    20  run-pyroscope.s
12:58:15 PM  1000    921512    0.00    0.00    0.00    0.00    0.00    18  prometheus
12:58:15 PM  1000    921515   31.00    2.00    0.00    0.00   33.00    18  tempo
12:58:15 PM  1000    921535    0.00    1.00    0.00    0.00    1.00    18  pyroscope

12:58:14 PM   UID       PID   cswch/s nvcswch/s  Command
12:58:15 PM  1000    921496      0.00      0.00  run-grafana.sh
12:58:15 PM  1000    921498      0.00      0.00  run-loki.sh
12:58:15 PM  1000    921501      0.00      0.00  grafana
12:58:15 PM  1000    921502      0.00      0.00  run-otelcol.sh
12:58:15 PM  1000    921505      0.00      0.00  run-prometheus.
12:58:15 PM  1000    921507      0.00      0.00  otelcol-contrib
12:58:15 PM  1000    921508      0.00      0.00  run-tempo.sh
12:58:15 PM  1000    921510     27.00      0.00  loki
12:58:15 PM  1000    921511      0.00      0.00  run-pyroscope.s
12:58:15 PM  1000    921512      0.00      0.00  prometheus
12:58:15 PM  1000    921515     75.00      6.00  tempo
12:58:15 PM  1000    921535      0.00      0.00  pyroscope

12:58:15 PM   UID       PID    %usr %system  %guest   %wait    %CPU   CPU  Command
12:58:16 PM  1000    921496    0.00    0.00    0.00    0.00    0.00    20  run-grafana.sh
12:58:16 PM  1000    921498    0.00    0.00    0.00    0.00    0.00    20  run-loki.sh
12:58:16 PM  1000    921501    0.00    0.00    0.00    0.00    0.00    18  grafana
12:58:16 PM  1000    921502    0.00    0.00    0.00    0.00    0.00    18  run-otelcol.sh
12:58:16 PM  1000    921505    0.00    0.00    0.00    0.00    0.00    18  run-prometheus.
12:58:16 PM  1000    921507    6.00    0.00    0.00    0.00    6.00    18  otelcol-contrib
12:58:16 PM  1000    921508    0.00    0.00    0.00    0.00    0.00    18  run-tempo.sh
12:58:16 PM  1000    921510    0.00    1.00    0.00    0.00    1.00    20  loki
12:58:16 PM  1000    921511    0.00    0.00    0.00    0.00    0.00    20  run-pyroscope.s
12:58:16 PM  1000    921512    0.00    0.00    0.00    0.00    0.00    18  prometheus
12:58:16 PM  1000    921515   97.00    7.00    0.00    0.00  104.00    20  tempo
12:58:16 PM  1000    921535    1.00    0.00    0.00    0.00    1.00    18  pyroscope

12:58:15 PM   UID       PID   cswch/s nvcswch/s  Command
12:58:16 PM  1000    921496      0.00      0.00  run-grafana.sh
12:58:16 PM  1000    921498      0.00      0.00  run-loki.sh
12:58:16 PM  1000    921501      0.00      0.00  grafana
12:58:16 PM  1000    921502      0.00      0.00  run-otelcol.sh
12:58:16 PM  1000    921505      0.00      0.00  run-prometheus.
12:58:16 PM  1000    921507      0.00      0.00  otelcol-contrib
12:58:16 PM  1000    921508      0.00      0.00  run-tempo.sh
12:58:16 PM  1000    921510     26.00      0.00  loki
12:58:16 PM  1000    921511      0.00      0.00  run-pyroscope.s
12:58:16 PM  1000    921512      0.00      0.00  prometheus
12:58:16 PM  1000    921515     72.00     30.00  tempo
12:58:16 PM  1000    921535      0.00      0.00  pyroscope

12:58:16 PM   UID       PID    %usr %system  %guest   %wait    %CPU   CPU  Command
12:58:17 PM  1000    921496    0.00    0.00    0.00    0.00    0.00    20  run-grafana.sh
12:58:17 PM  1000    921498    0.00    0.00    0.00    0.00    0.00    20  run-loki.sh
12:58:17 PM  1000    921501    0.00    0.00    0.00    0.00    0.00    18  grafana
12:58:17 PM  1000    921502    0.00    0.00    0.00    0.00    0.00    18  run-otelcol.sh
12:58:17 PM  1000    921505    0.00    0.00    0.00    0.00    0.00    18  run-prometheus.
12:58:17 PM  1000    921507    8.00    1.00    0.00    0.00    9.00    18  otelcol-contrib
12:58:17 PM  1000    921508    0.00    0.00    0.00    0.00    0.00    18  run-tempo.sh
12:58:17 PM  1000    921510    1.00    0.00    0.00    0.00    1.00    16  loki
12:58:17 PM  1000    921511    0.00    0.00    0.00    0.00    0.00    20  run-pyroscope.s
12:58:17 PM  1000    921512    0.00    0.00    0.00    0.00    0.00    18  prometheus
12:58:17 PM  1000    921515   21.00    2.00    0.00    1.00   23.00    18  tempo
12:58:17 PM  1000    921535    0.00    0.00    0.00    0.00    0.00    18  pyroscope

12:58:16 PM   UID       PID   cswch/s nvcswch/s  Command
12:58:17 PM  1000    921496      0.00      0.00  run-grafana.sh
12:58:17 PM  1000    921498      0.00      0.00  run-loki.sh
12:58:17 PM  1000    921501      0.00      0.00  grafana
12:58:17 PM  1000    921502      0.00      0.00  run-otelcol.sh
12:58:17 PM  1000    921505      0.00      0.00  run-prometheus.
12:58:17 PM  1000    921507      0.00      0.00  otelcol-contrib
12:58:17 PM  1000    921508      0.00      0.00  run-tempo.sh
12:58:17 PM  1000    921510     49.00      0.00  loki
12:58:17 PM  1000    921511      0.00      0.00  run-pyroscope.s
12:58:17 PM  1000    921512      0.00      0.00  prometheus
12:58:17 PM  1000    921515     88.00      2.00  tempo
12:58:17 PM  1000    921535      0.00      0.00  pyroscope

12:58:17 PM   UID       PID    %usr %system  %guest   %wait    %CPU   CPU  Command
12:58:18 PM  1000    921496    0.00    0.00    0.00    0.00    0.00    20  run-grafana.sh
12:58:18 PM  1000    921498    0.00    0.00    0.00    0.00    0.00    20  run-loki.sh
12:58:18 PM  1000    921501    0.00    0.00    0.00    0.00    0.00    18  grafana
12:58:18 PM  1000    921502    0.00    0.00    0.00    0.00    0.00    18  run-otelcol.sh
12:58:18 PM  1000    921505    0.00    0.00    0.00    0.00    0.00    18  run-prometheus.
12:58:18 PM  1000    921507    5.00    0.00    0.00    0.00    5.00    18  otelcol-contrib
12:58:18 PM  1000    921508    0.00    0.00    0.00    0.00    0.00    18  run-tempo.sh
12:58:18 PM  1000    921510    0.00    0.00    0.00    0.00    0.00    18  loki
12:58:18 PM  1000    921511    0.00    0.00    0.00    0.00    0.00    20  run-pyroscope.s
12:58:18 PM  1000    921512    0.00    0.00    0.00    0.00    0.00    18  prometheus
12:58:18 PM  1000    921515   44.00    5.00    0.00    0.00   49.00    16  tempo
12:58:18 PM  1000    921535    0.00    0.00    0.00    0.00    0.00    18  pyroscope

12:58:17 PM   UID       PID   cswch/s nvcswch/s  Command
12:58:18 PM  1000    921496      0.00      0.00  run-grafana.sh
12:58:18 PM  1000    921498      0.00      0.00  run-loki.sh
12:58:18 PM  1000    921501      0.00      0.00  grafana
12:58:18 PM  1000    921502      0.00      0.00  run-otelcol.sh
12:58:18 PM  1000    921505      0.00      0.00  run-prometheus.
12:58:18 PM  1000    921507      0.00      0.00  otelcol-contrib
12:58:18 PM  1000    921508      0.00      0.00  run-tempo.sh
12:58:18 PM  1000    921510     59.00      0.00  loki
12:58:18 PM  1000    921511      0.00      0.00  run-pyroscope.s
12:58:18 PM  1000    921512      0.00      0.00  prometheus
12:58:18 PM  1000    921515     98.00      4.00  tempo
12:58:18 PM  1000    921535      0.00      0.00  pyroscope

12:58:18 PM   UID       PID    %usr %system  %guest   %wait    %CPU   CPU  Command
12:58:19 PM  1000    921496    0.00    0.00    0.00    0.00    0.00    20  run-grafana.sh
12:58:19 PM  1000    921498    0.00    0.00    0.00    0.00    0.00    20  run-loki.sh
12:58:19 PM  1000    921501    3.00    0.00    0.00    0.00    3.00    18  grafana
12:58:19 PM  1000    921502    0.00    0.00    0.00    0.00    0.00    18  run-otelcol.sh
12:58:19 PM  1000    921505    0.00    0.00    0.00    0.00    0.00    18  run-prometheus.
12:58:19 PM  1000    921507    8.00    0.00    0.00    0.00    8.00    18  otelcol-contrib
12:58:19 PM  1000    921508    0.00    0.00    0.00    0.00    0.00    18  run-tempo.sh
12:58:19 PM  1000    921510    0.00    0.00    0.00    0.00    0.00    18  loki
12:58:19 PM  1000    921511    0.00    0.00    0.00    0.00    0.00    20  run-pyroscope.s
12:58:19 PM  1000    921512    0.00    0.00    0.00    0.00    0.00    18  prometheus
12:58:19 PM  1000    921515   57.00    1.00    0.00    0.00   58.00    18  tempo
12:58:19 PM  1000    921535    0.00    0.00    0.00    0.00    0.00    18  pyroscope

12:58:18 PM   UID       PID   cswch/s nvcswch/s  Command
12:58:19 PM  1000    921496      0.00      0.00  run-grafana.sh
12:58:19 PM  1000    921498      0.00      0.00  run-loki.sh
12:58:19 PM  1000    921501      0.00      0.00  grafana
12:58:19 PM  1000    921502      0.00      0.00  run-otelcol.sh
12:58:19 PM  1000    921505      0.00      0.00  run-prometheus.
12:58:19 PM  1000    921507      0.00      0.00  otelcol-contrib
12:58:19 PM  1000    921508      0.00      0.00  run-tempo.sh
12:58:19 PM  1000    921510     41.00      0.00  loki
12:58:19 PM  1000    921511      0.00      0.00  run-pyroscope.s
12:58:19 PM  1000    921512      0.00      0.00  prometheus
12:58:19 PM  1000    921515     52.00     12.00  tempo
12:58:19 PM  1000    921535      0.00      0.00  pyroscope

12:58:19 PM   UID       PID    %usr %system  %guest   %wait    %CPU   CPU  Command
12:58:20 PM  1000    921496    0.00    0.00    0.00    0.00    0.00    20  run-grafana.sh
12:58:20 PM  1000    921498    0.00    0.00    0.00    0.00    0.00    20  run-loki.sh
12:58:20 PM  1000    921501    0.00    0.00    0.00    0.00    0.00    18  grafana
12:58:20 PM  1000    921502    0.00    0.00    0.00    0.00    0.00    18  run-otelcol.sh
12:58:20 PM  1000    921505    0.00    0.00    0.00    0.00    0.00    18  run-prometheus.
12:58:20 PM  1000    921507    5.00    1.00    0.00    0.00    6.00    18  otelcol-contrib
12:58:20 PM  1000    921508    0.00    0.00    0.00    0.00    0.00    18  run-tempo.sh
12:58:20 PM  1000    921510    1.00    0.00    0.00    0.00    1.00    20  loki
12:58:20 PM  1000    921511    0.00    0.00    0.00    0.00    0.00    20  run-pyroscope.s
12:58:20 PM  1000    921512    0.00    0.00    0.00    0.00    0.00    18  prometheus
12:58:20 PM  1000    921515   55.00    5.00    0.00    0.00   60.00    16  tempo
12:58:20 PM  1000    921535    0.00    0.00    0.00    0.00    0.00    18  pyroscope

12:58:19 PM   UID       PID   cswch/s nvcswch/s  Command
12:58:20 PM  1000    921496      0.00      0.00  run-grafana.sh
12:58:20 PM  1000    921498      0.00      0.00  run-loki.sh
12:58:20 PM  1000    921501      0.00      0.00  grafana
12:58:20 PM  1000    921502      0.00      0.00  run-otelcol.sh
12:58:20 PM  1000    921505      0.00      0.00  run-prometheus.
12:58:20 PM  1000    921507      0.00      0.00  otelcol-contrib
12:58:20 PM  1000    921508      0.00      0.00  run-tempo.sh
12:58:20 PM  1000    921510     38.00      0.00  loki
12:58:20 PM  1000    921511      0.00      0.00  run-pyroscope.s
12:58:20 PM  1000    921512      0.00      0.00  prometheus
12:58:20 PM  1000    921515    106.00      5.00  tempo
12:58:20 PM  1000    921535      0.00      0.00  pyroscope

12:58:20 PM   UID       PID    %usr %system  %guest   %wait    %CPU   CPU  Command
12:58:21 PM  1000    921496    0.00    0.00    0.00    0.00    0.00    20  run-grafana.sh
12:58:21 PM  1000    921498    0.00    0.00    0.00    0.00    0.00    20  run-loki.sh
12:58:21 PM  1000    921501    0.00    0.00    0.00    0.00    0.00    18  grafana
12:58:21 PM  1000    921502    0.00    0.00    0.00    0.00    0.00    18  run-otelcol.sh
12:58:21 PM  1000    921505    0.00    0.00    0.00    0.00    0.00    18  run-prometheus.
12:58:21 PM  1000    921507    6.00    0.00    0.00    0.00    6.00    18  otelcol-contrib
12:58:21 PM  1000    921508    0.00    0.00    0.00    0.00    0.00    18  run-tempo.sh
12:58:21 PM  1000    921510    0.00    0.00    0.00    0.00    0.00    16  loki
12:58:21 PM  1000    921511    0.00    0.00    0.00    0.00    0.00    20  run-pyroscope.s
12:58:21 PM  1000    921512    0.00    0.00    0.00    0.00    0.00    18  prometheus
12:58:21 PM  1000    921515   23.00    0.00    0.00    0.00   23.00    20  tempo
12:58:21 PM  1000    921535    0.00    0.00    0.00    0.00    0.00    18  pyroscope

12:58:20 PM   UID       PID   cswch/s nvcswch/s  Command
12:58:21 PM  1000    921496      0.00      0.00  run-grafana.sh
12:58:21 PM  1000    921498      0.00      0.00  run-loki.sh
12:58:21 PM  1000    921501      0.00      0.00  grafana
12:58:21 PM  1000    921502      0.00      0.00  run-otelcol.sh
12:58:21 PM  1000    921505      0.00      0.00  run-prometheus.
12:58:21 PM  1000    921507      0.00      0.00  otelcol-contrib
12:58:21 PM  1000    921508      0.00      0.00  run-tempo.sh
12:58:21 PM  1000    921510     39.00      0.00  loki
12:58:21 PM  1000    921511      0.00      0.00  run-pyroscope.s
12:58:21 PM  1000    921512      0.00      0.00  prometheus
12:58:21 PM  1000    921515     93.00      3.00  tempo
12:58:21 PM  1000    921535      0.00      0.00  pyroscope

12:58:21 PM   UID       PID    %usr %system  %guest   %wait    %CPU   CPU  Command
12:58:22 PM  1000    921496    0.00    0.00    0.00    0.00    0.00    20  run-grafana.sh
12:58:22 PM  1000    921498    0.00    0.00    0.00    0.00    0.00    20  run-loki.sh
12:58:22 PM  1000    921501    0.00    0.00    0.00    0.00    0.00    18  grafana
12:58:22 PM  1000    921502    0.00    0.00    0.00    0.00    0.00    18  run-otelcol.sh
12:58:22 PM  1000    921505    0.00    0.00    0.00    0.00    0.00    18  run-prometheus.
12:58:22 PM  1000    921507    8.00    1.00    0.00    0.00    9.00    18  otelcol-contrib
12:58:22 PM  1000    921508    0.00    0.00    0.00    0.00    0.00    18  run-tempo.sh
12:58:22 PM  1000    921510    0.00    0.00    0.00    0.00    0.00    20  loki
12:58:22 PM  1000    921511    0.00    0.00    0.00    0.00    0.00    20  run-pyroscope.s
12:58:22 PM  1000    921512    0.00    0.00    0.00    0.00    0.00    18  prometheus
12:58:22 PM  1000    921515   92.00    3.00    0.00    1.00   95.00    18  tempo
12:58:22 PM  1000    921535    4.00    0.00    0.00    0.00    4.00    18  pyroscope

12:58:21 PM   UID       PID   cswch/s nvcswch/s  Command
12:58:22 PM  1000    921496      0.00      0.00  run-grafana.sh
12:58:22 PM  1000    921498      0.00      0.00  run-loki.sh
12:58:22 PM  1000    921501      0.00      0.00  grafana
12:58:22 PM  1000    921502      0.00      0.00  run-otelcol.sh
12:58:22 PM  1000    921505      0.00      0.00  run-prometheus.
12:58:22 PM  1000    921507      0.00      0.00  otelcol-contrib
12:58:22 PM  1000    921508      0.00      0.00  run-tempo.sh
12:58:22 PM  1000    921510     39.00      0.00  loki
12:58:22 PM  1000    921511      0.00      0.00  run-pyroscope.s
12:58:22 PM  1000    921512      0.00      0.00  prometheus
12:58:22 PM  1000    921515     95.00     33.00  tempo
12:58:22 PM  1000    921535      0.00      0.00  pyroscope

12:58:22 PM   UID       PID    %usr %system  %guest   %wait    %CPU   CPU  Command
12:58:23 PM  1000    921496    0.00    0.00    0.00    0.00    0.00    20  run-grafana.sh
12:58:23 PM  1000    921498    0.00    0.00    0.00    0.00    0.00    20  run-loki.sh
12:58:23 PM  1000    921501    0.00    0.00    0.00    0.00    0.00    18  grafana
12:58:23 PM  1000    921502    0.00    0.00    0.00    0.00    0.00    18  run-otelcol.sh
12:58:23 PM  1000    921505    0.00    0.00    0.00    0.00    0.00    18  run-prometheus.
12:58:23 PM  1000    921507    6.00    0.00    0.00    0.00    6.00    18  otelcol-contrib
12:58:23 PM  1000    921508    0.00    0.00    0.00    0.00    0.00    18  run-tempo.sh
12:58:23 PM  1000    921510    0.00    0.00    0.00    0.00    0.00    20  loki
12:58:23 PM  1000    921511    0.00    0.00    0.00    0.00    0.00    20  run-pyroscope.s
12:58:23 PM  1000    921512    0.00    0.00    0.00    0.00    0.00    18  prometheus
12:58:23 PM  1000    921515  106.00   11.00    0.00    1.00  117.00    18  tempo
12:58:23 PM  1000    921535    0.00    1.00    0.00    0.00    1.00    18  pyroscope

12:58:22 PM   UID       PID   cswch/s nvcswch/s  Command
12:58:23 PM  1000    921496      0.00      0.00  run-grafana.sh
12:58:23 PM  1000    921498      0.00      0.00  run-loki.sh
12:58:23 PM  1000    921501      0.00      0.00  grafana
12:58:23 PM  1000    921502      0.00      0.00  run-otelcol.sh
12:58:23 PM  1000    921505      0.00      0.00  run-prometheus.
12:58:23 PM  1000    921507      0.00      0.00  otelcol-contrib
12:58:23 PM  1000    921508      0.00      0.00  run-tempo.sh
12:58:23 PM  1000    921510     39.00      0.00  loki
12:58:23 PM  1000    921511      0.00      0.00  run-pyroscope.s
12:58:23 PM  1000    921512      0.00      0.00  prometheus
12:58:23 PM  1000    921515     55.00     44.00  tempo
12:58:23 PM  1000    921535      0.00      0.00  pyroscope

12:58:23 PM   UID       PID    %usr %system  %guest   %wait    %CPU   CPU  Command
12:58:24 PM  1000    921496    0.00    0.00    0.00    0.00    0.00    20  run-grafana.sh
12:58:24 PM  1000    921498    0.00    0.00    0.00    0.00    0.00    20  run-loki.sh
12:58:24 PM  1000    921501    0.00    0.00    0.00    0.00    0.00    18  grafana
12:58:24 PM  1000    921502    0.00    0.00    0.00    0.00    0.00    18  run-otelcol.sh
12:58:24 PM  1000    921505    0.00    0.00    0.00    0.00    0.00    18  run-prometheus.
12:58:24 PM  1000    921507    8.00    0.00    0.00    0.00    8.00    18  otelcol-contrib
12:58:24 PM  1000    921508    0.00    0.00    0.00    0.00    0.00    18  run-tempo.sh
12:58:24 PM  1000    921510    0.00    1.00    0.00    0.00    1.00    20  loki
12:58:24 PM  1000    921511    0.00    0.00    0.00    0.00    0.00    20  run-pyroscope.s
12:58:24 PM  1000    921512    1.00    0.00    0.00    0.00    1.00    18  prometheus
12:58:24 PM  1000    921515   32.00    2.00    0.00    0.00   34.00    18  tempo
12:58:24 PM  1000    921535    1.00    0.00    0.00    0.00    1.00    18  pyroscope

12:58:23 PM   UID       PID   cswch/s nvcswch/s  Command
12:58:24 PM  1000    921496      0.00      0.00  run-grafana.sh
12:58:24 PM  1000    921498      0.00      0.00  run-loki.sh
12:58:24 PM  1000    921501      0.00      0.00  grafana
12:58:24 PM  1000    921502      0.00      0.00  run-otelcol.sh
12:58:24 PM  1000    921505      0.00      0.00  run-prometheus.
12:58:24 PM  1000    921507      0.00      0.00  otelcol-contrib
12:58:24 PM  1000    921508      0.00      0.00  run-tempo.sh
12:58:24 PM  1000    921510     45.00      0.00  loki
12:58:24 PM  1000    921511      0.00      0.00  run-pyroscope.s
12:58:24 PM  1000    921512      0.00      0.00  prometheus
12:58:24 PM  1000    921515     95.00      7.00  tempo
12:58:24 PM  1000    921535      0.00      0.00  pyroscope

12:58:24 PM   UID       PID    %usr %system  %guest   %wait    %CPU   CPU  Command
12:58:25 PM  1000    921496    0.00    0.00    0.00    0.00    0.00    20  run-grafana.sh
12:58:25 PM  1000    921498    0.00    0.00    0.00    0.00    0.00    20  run-loki.sh
12:58:25 PM  1000    921501    0.00    0.00    0.00    0.00    0.00    18  grafana
12:58:25 PM  1000    921502    0.00    0.00    0.00    0.00    0.00    18  run-otelcol.sh
12:58:25 PM  1000    921505    0.00    0.00    0.00    0.00    0.00    18  run-prometheus.
12:58:25 PM  1000    921507    5.00    0.00    0.00    0.00    5.00    18  otelcol-contrib
12:58:25 PM  1000    921508    0.00    0.00    0.00    0.00    0.00    18  run-tempo.sh
12:58:25 PM  1000    921510    1.00    0.00    0.00    0.00    1.00    16  loki
12:58:25 PM  1000    921511    0.00    0.00    0.00    0.00    0.00    20  run-pyroscope.s
12:58:25 PM  1000    921512    1.00    1.00    0.00    0.00    2.00    18  prometheus
12:58:25 PM  1000    921515   88.00    3.00    0.00    1.00   91.00    16  tempo
12:58:25 PM  1000    921535    0.00    0.00    0.00    0.00    0.00    18  pyroscope

12:58:24 PM   UID       PID   cswch/s nvcswch/s  Command
12:58:25 PM  1000    921496      0.00      0.00  run-grafana.sh
12:58:25 PM  1000    921498      0.00      0.00  run-loki.sh
12:58:25 PM  1000    921501      0.00      0.00  grafana
12:58:25 PM  1000    921502      0.00      0.00  run-otelcol.sh
12:58:25 PM  1000    921505      0.00      0.00  run-prometheus.
12:58:25 PM  1000    921507      0.00      0.00  otelcol-contrib
12:58:25 PM  1000    921508      0.00      0.00  run-tempo.sh
12:58:25 PM  1000    921510     35.00      0.00  loki
12:58:25 PM  1000    921511      0.00      0.00  run-pyroscope.s
12:58:25 PM  1000    921512      0.00      0.00  prometheus
12:58:25 PM  1000    921515     95.00     21.00  tempo
12:58:25 PM  1000    921535      0.00      0.00  pyroscope

12:58:25 PM   UID       PID    %usr %system  %guest   %wait    %CPU   CPU  Command
12:58:26 PM  1000    921496    0.00    0.00    0.00    0.00    0.00    20  run-grafana.sh
12:58:26 PM  1000    921498    0.00    0.00    0.00    0.00    0.00    20  run-loki.sh
12:58:26 PM  1000    921501    0.00    0.00    0.00    0.00    0.00    18  grafana
12:58:26 PM  1000    921502    0.00    0.00    0.00    0.00    0.00    18  run-otelcol.sh
12:58:26 PM  1000    921505    0.00    0.00    0.00    0.00    0.00    18  run-prometheus.
12:58:26 PM  1000    921507    6.00    1.00    0.00    0.00    7.00    18  otelcol-contrib
12:58:26 PM  1000    921508    0.00    0.00    0.00    0.00    0.00    18  run-tempo.sh
12:58:26 PM  1000    921510    0.00    0.00    0.00    0.00    0.00    20  loki
12:58:26 PM  1000    921511    0.00    0.00    0.00    0.00    0.00    20  run-pyroscope.s
12:58:26 PM  1000    921512    0.00    0.00    0.00    0.00    0.00    18  prometheus
12:58:26 PM  1000    921515   94.00    4.00    0.00    0.00   98.00    20  tempo
12:58:26 PM  1000    921535    0.00    0.00    0.00    0.00    0.00    18  pyroscope

12:58:25 PM   UID       PID   cswch/s nvcswch/s  Command
12:58:26 PM  1000    921496      0.00      0.00  run-grafana.sh
12:58:26 PM  1000    921498      0.00      0.00  run-loki.sh
12:58:26 PM  1000    921501      0.00      0.00  grafana
12:58:26 PM  1000    921502      0.00      0.00  run-otelcol.sh
12:58:26 PM  1000    921505      0.00      0.00  run-prometheus.
12:58:26 PM  1000    921507      0.00      0.00  otelcol-contrib
12:58:26 PM  1000    921508      0.00      0.00  run-tempo.sh
12:58:26 PM  1000    921510     35.00      0.00  loki
12:58:26 PM  1000    921511      0.00      0.00  run-pyroscope.s
12:58:26 PM  1000    921512      0.00      0.00  prometheus
12:58:26 PM  1000    921515     82.00     18.00  tempo
12:58:26 PM  1000    921535      0.00      0.00  pyroscope

12:58:26 PM   UID       PID    %usr %system  %guest   %wait    %CPU   CPU  Command
12:58:27 PM  1000    921496    0.00    0.00    0.00    0.00    0.00    20  run-grafana.sh
12:58:27 PM  1000    921498    0.00    0.00    0.00    0.00    0.00    20  run-loki.sh
12:58:27 PM  1000    921501    0.00    0.00    0.00    0.00    0.00    18  grafana
12:58:27 PM  1000    921502    0.00    0.00    0.00    0.00    0.00    18  run-otelcol.sh
12:58:27 PM  1000    921505    0.00    0.00    0.00    0.00    0.00    18  run-prometheus.
12:58:27 PM  1000    921507    8.00    0.00    0.00    0.00    8.00    18  otelcol-contrib
12:58:27 PM  1000    921508    0.00    0.00    0.00    0.00    0.00    18  run-tempo.sh
12:58:27 PM  1000    921510    0.00    0.00    0.00    0.00    0.00    20  loki
12:58:27 PM  1000    921511    0.00    0.00    0.00    0.00    0.00    20  run-pyroscope.s
12:58:27 PM  1000    921512    0.00    0.00    0.00    0.00    0.00    18  prometheus
12:58:27 PM  1000    921515   31.00    2.00    0.00    0.00   33.00    18  tempo
12:58:27 PM  1000    921535    0.00    0.00    0.00    0.00    0.00    18  pyroscope

12:58:26 PM   UID       PID   cswch/s nvcswch/s  Command
12:58:27 PM  1000    921496      0.00      0.00  run-grafana.sh
12:58:27 PM  1000    921498      0.00      0.00  run-loki.sh
12:58:27 PM  1000    921501      0.00      0.00  grafana
12:58:27 PM  1000    921502      0.00      0.00  run-otelcol.sh
12:58:27 PM  1000    921505      0.00      0.00  run-prometheus.
12:58:27 PM  1000    921507      0.00      0.00  otelcol-contrib
12:58:27 PM  1000    921508      0.00      0.00  run-tempo.sh
12:58:27 PM  1000    921510     45.00      0.00  loki
12:58:27 PM  1000    921511      0.00      0.00  run-pyroscope.s
12:58:27 PM  1000    921512      0.00      0.00  prometheus
12:58:27 PM  1000    921515    112.00      3.00  tempo
12:58:27 PM  1000    921535      0.00      0.00  pyroscope

12:58:27 PM   UID       PID    %usr %system  %guest   %wait    %CPU   CPU  Command
12:58:28 PM  1000    921496    0.00    0.00    0.00    0.00    0.00    20  run-grafana.sh
12:58:28 PM  1000    921498    0.00    0.00    0.00    0.00    0.00    20  run-loki.sh
12:58:28 PM  1000    921501    0.00    0.00    0.00    0.00    0.00    18  grafana
12:58:28 PM  1000    921502    0.00    0.00    0.00    0.00    0.00    18  run-otelcol.sh
12:58:28 PM  1000    921505    0.00    0.00    0.00    0.00    0.00    18  run-prometheus.
12:58:28 PM  1000    921507    5.00    1.00    0.00    0.00    6.00    18  otelcol-contrib
12:58:28 PM  1000    921508    0.00    0.00    0.00    0.00    0.00    18  run-tempo.sh
12:58:28 PM  1000    921510    1.00    0.00    0.00    0.00    1.00    20  loki
12:58:28 PM  1000    921511    0.00    0.00    0.00    0.00    0.00    20  run-pyroscope.s
12:58:28 PM  1000    921512    0.00    0.00    0.00    0.00    0.00    18  prometheus
12:58:28 PM  1000    921515   30.00    1.00    0.00    1.00   31.00    20  tempo
12:58:28 PM  1000    921535    0.00    0.00    0.00    0.00    0.00    18  pyroscope

12:58:27 PM   UID       PID   cswch/s nvcswch/s  Command
12:58:28 PM  1000    921496      0.00      0.00  run-grafana.sh
12:58:28 PM  1000    921498      0.00      0.00  run-loki.sh
12:58:28 PM  1000    921501      0.00      0.00  grafana
12:58:28 PM  1000    921502      0.00      0.00  run-otelcol.sh
12:58:28 PM  1000    921505      0.00      0.00  run-prometheus.
12:58:28 PM  1000    921507      0.00      0.00  otelcol-contrib
12:58:28 PM  1000    921508      0.00      0.00  run-tempo.sh
12:58:28 PM  1000    921510     14.00      0.00  loki
12:58:28 PM  1000    921511      0.00      0.00  run-pyroscope.s
12:58:28 PM  1000    921512      0.00      0.00  prometheus
12:58:28 PM  1000    921515    104.00     24.00  tempo
12:58:28 PM  1000    921535      0.00      0.00  pyroscope

12:58:28 PM   UID       PID    %usr %system  %guest   %wait    %CPU   CPU  Command
12:58:29 PM  1000    921496    0.00    0.00    0.00    0.00    0.00    20  run-grafana.sh
12:58:29 PM  1000    921498    0.00    0.00    0.00    0.00    0.00    20  run-loki.sh
12:58:29 PM  1000    921501    3.00    1.00    0.00    0.00    4.00    18  grafana
12:58:29 PM  1000    921502    0.00    0.00    0.00    0.00    0.00    18  run-otelcol.sh
12:58:29 PM  1000    921505    0.00    0.00    0.00    0.00    0.00    18  run-prometheus.
12:58:29 PM  1000    921507    8.00    0.00    0.00    0.00    8.00    18  otelcol-contrib
12:58:29 PM  1000    921508    0.00    0.00    0.00    0.00    0.00    18  run-tempo.sh
12:58:29 PM  1000    921510    0.00    0.00    0.00    0.00    0.00    20  loki
12:58:29 PM  1000    921511    0.00    0.00    0.00    0.00    0.00    20  run-pyroscope.s
12:58:29 PM  1000    921512    0.00    0.00    0.00    0.00    0.00    18  prometheus
12:58:29 PM  1000    921515   54.00    5.00    0.00    0.00   59.00    16  tempo
12:58:29 PM  1000    921535    1.00    0.00    0.00    0.00    1.00    18  pyroscope

12:58:28 PM   UID       PID   cswch/s nvcswch/s  Command
12:58:29 PM  1000    921496      0.00      0.00  run-grafana.sh
12:58:29 PM  1000    921498      0.00      0.00  run-loki.sh
12:58:29 PM  1000    921501      0.00      0.00  grafana
12:58:29 PM  1000    921502      0.00      0.00  run-otelcol.sh
12:58:29 PM  1000    921505      0.00      0.00  run-prometheus.
12:58:29 PM  1000    921507      0.00      0.00  otelcol-contrib
12:58:29 PM  1000    921508      0.00      0.00  run-tempo.sh
12:58:29 PM  1000    921510     37.00      0.00  loki
12:58:29 PM  1000    921511      0.00      0.00  run-pyroscope.s
12:58:29 PM  1000    921512      0.00      0.00  prometheus
12:58:29 PM  1000    921515     95.00     33.00  tempo
12:58:29 PM  1000    921535      0.00      0.00  pyroscope

12:58:29 PM   UID       PID    %usr %system  %guest   %wait    %CPU   CPU  Command
12:58:30 PM  1000    921496    0.00    0.00    0.00    0.00    0.00    20  run-grafana.sh
12:58:30 PM  1000    921498    0.00    0.00    0.00    0.00    0.00    20  run-loki.sh
12:58:30 PM  1000    921501    0.00    0.00    0.00    0.00    0.00    18  grafana
12:58:30 PM  1000    921502    0.00    0.00    0.00    0.00    0.00    18  run-otelcol.sh
12:58:30 PM  1000    921505    0.00    0.00    0.00    0.00    0.00    18  run-prometheus.
12:58:30 PM  1000    921507    6.00    0.00    0.00    0.00    6.00    18  otelcol-contrib
12:58:30 PM  1000    921508    0.00    0.00    0.00    0.00    0.00    18  run-tempo.sh
12:58:30 PM  1000    921510    0.00    0.00    0.00    0.00    0.00    20  loki
12:58:30 PM  1000    921511    0.00    0.00    0.00    0.00    0.00    20  run-pyroscope.s
12:58:30 PM  1000    921512    0.00    0.00    0.00    0.00    0.00    18  prometheus
12:58:30 PM  1000    921515   34.00    2.00    0.00    0.00   36.00    18  tempo
12:58:30 PM  1000    921535    0.00    0.00    0.00    0.00    0.00    18  pyroscope

12:58:29 PM   UID       PID   cswch/s nvcswch/s  Command
12:58:30 PM  1000    921496      0.00      0.00  run-grafana.sh
12:58:30 PM  1000    921498      0.00      0.00  run-loki.sh
12:58:30 PM  1000    921501      0.00      0.00  grafana
12:58:30 PM  1000    921502      0.00      0.00  run-otelcol.sh
12:58:30 PM  1000    921505      0.00      0.00  run-prometheus.
12:58:30 PM  1000    921507      0.00      0.00  otelcol-contrib
12:58:30 PM  1000    921508      0.00      0.00  run-tempo.sh
12:58:30 PM  1000    921510      0.00      0.00  loki
12:58:30 PM  1000    921511      0.00      0.00  run-pyroscope.s
12:58:30 PM  1000    921512      0.00      0.00  prometheus
12:58:30 PM  1000    921515     82.00     13.00  tempo
12:58:30 PM  1000    921535      0.00      0.00  pyroscope

12:58:30 PM   UID       PID    %usr %system  %guest   %wait    %CPU   CPU  Command
12:58:31 PM  1000    921496    0.00    0.00    0.00    0.00    0.00    20  run-grafana.sh
12:58:31 PM  1000    921498    0.00    0.00    0.00    0.00    0.00    20  run-loki.sh
12:58:31 PM  1000    921501    0.00    0.00    0.00    0.00    0.00    18  grafana
12:58:31 PM  1000    921502    0.00    0.00    0.00    0.00    0.00    18  run-otelcol.sh
12:58:31 PM  1000    921505    0.00    0.00    0.00    0.00    0.00    18  run-prometheus.
12:58:31 PM  1000    921507    6.00    0.00    0.00    0.00    6.00    18  otelcol-contrib
12:58:31 PM  1000    921508    0.00    0.00    0.00    0.00    0.00    18  run-tempo.sh
12:58:31 PM  1000    921510    0.00    0.00    0.00    0.00    0.00    20  loki
12:58:31 PM  1000    921511    0.00    0.00    0.00    0.00    0.00    20  run-pyroscope.s
12:58:31 PM  1000    921512    1.00    0.00    0.00    0.00    1.00    18  prometheus
12:58:31 PM  1000    921515   39.00    1.00    0.00    0.00   40.00    18  tempo
12:58:31 PM  1000    921535    0.00    0.00    0.00    0.00    0.00    18  pyroscope

12:58:30 PM   UID       PID   cswch/s nvcswch/s  Command
12:58:31 PM  1000    921496      0.00      0.00  run-grafana.sh
12:58:31 PM  1000    921498      0.00      0.00  run-loki.sh
12:58:31 PM  1000    921501      0.00      0.00  grafana
12:58:31 PM  1000    921502      0.00      0.00  run-otelcol.sh
12:58:31 PM  1000    921505      0.00      0.00  run-prometheus.
12:58:31 PM  1000    921507      0.00      0.00  otelcol-contrib
12:58:31 PM  1000    921508      0.00      0.00  run-tempo.sh
12:58:31 PM  1000    921510      0.00      0.00  loki
12:58:31 PM  1000    921511      0.00      0.00  run-pyroscope.s
12:58:31 PM  1000    921512      0.00      0.00  prometheus
12:58:31 PM  1000    921515     92.00     25.00  tempo
12:58:31 PM  1000    921535      0.00      0.00  pyroscope

12:58:31 PM   UID       PID    %usr %system  %guest   %wait    %CPU   CPU  Command
12:58:32 PM  1000    921496    0.00    0.00    0.00    0.00    0.00    20  run-grafana.sh
12:58:32 PM  1000    921498    0.00    0.00    0.00    0.00    0.00    20  run-loki.sh
12:58:32 PM  1000    921501    0.00    0.00    0.00    0.00    0.00    18  grafana
12:58:32 PM  1000    921502    0.00    0.00    0.00    0.00    0.00    18  run-otelcol.sh
12:58:32 PM  1000    921505    0.00    0.00    0.00    0.00    0.00    18  run-prometheus.
12:58:32 PM  1000    921507    7.00    0.00    0.00    0.00    7.00    18  otelcol-contrib
12:58:32 PM  1000    921508    0.00    0.00    0.00    0.00    0.00    18  run-tempo.sh
12:58:32 PM  1000    921510    0.00    0.00    0.00    0.00    0.00    20  loki
12:58:32 PM  1000    921511    0.00    0.00    0.00    0.00    0.00    20  run-pyroscope.s
12:58:32 PM  1000    921512    0.00    0.00    0.00    0.00    0.00    18  prometheus
12:58:32 PM  1000    921515   68.00    6.00    0.00    1.00   74.00    18  tempo
12:58:32 PM  1000    921535    0.00    0.00    0.00    0.00    0.00    18  pyroscope

12:58:31 PM   UID       PID   cswch/s nvcswch/s  Command
12:58:32 PM  1000    921496      0.00      0.00  run-grafana.sh
12:58:32 PM  1000    921498      0.00      0.00  run-loki.sh
12:58:32 PM  1000    921501      0.00      0.00  grafana
12:58:32 PM  1000    921502      0.00      0.00  run-otelcol.sh
12:58:32 PM  1000    921505      0.00      0.00  run-prometheus.
12:58:32 PM  1000    921507      0.00      0.00  otelcol-contrib
12:58:32 PM  1000    921508      0.00      0.00  run-tempo.sh
12:58:32 PM  1000    921510      0.00      0.00  loki
12:58:32 PM  1000    921511      0.00      0.00  run-pyroscope.s
12:58:32 PM  1000    921512      0.00      0.00  prometheus
12:58:32 PM  1000    921515    107.00     21.00  tempo
12:58:32 PM  1000    921535      0.00      0.00  pyroscope

12:58:32 PM   UID       PID    %usr %system  %guest   %wait    %CPU   CPU  Command
12:58:33 PM  1000    921496    0.00    0.00    0.00    0.00    0.00    20  run-grafana.sh
12:58:33 PM  1000    921498    0.00    0.00    0.00    0.00    0.00    20  run-loki.sh
12:58:33 PM  1000    921501    0.00    0.00    0.00    0.00    0.00    18  grafana
12:58:33 PM  1000    921502    0.00    0.00    0.00    0.00    0.00    18  run-otelcol.sh
12:58:33 PM  1000    921505    0.00    0.00    0.00    0.00    0.00    18  run-prometheus.
12:58:33 PM  1000    921507    6.00    1.00    0.00    0.00    7.00    18  otelcol-contrib
12:58:33 PM  1000    921508    0.00    0.00    0.00    0.00    0.00    18  run-tempo.sh
12:58:33 PM  1000    921510    1.00    0.00    0.00    0.00    1.00    20  loki
12:58:33 PM  1000    921511    0.00    0.00    0.00    0.00    0.00    20  run-pyroscope.s
12:58:33 PM  1000    921512    0.00    0.00    0.00    0.00    0.00    18  prometheus
12:58:33 PM  1000    921515   60.00    6.00    0.00    1.00   66.00    18  tempo
12:58:33 PM  1000    921535    0.00    0.00    0.00    0.00    0.00    18  pyroscope

12:58:32 PM   UID       PID   cswch/s nvcswch/s  Command
12:58:33 PM  1000    921496      0.00      0.00  run-grafana.sh
12:58:33 PM  1000    921498      0.00      0.00  run-loki.sh
12:58:33 PM  1000    921501      0.00      0.00  grafana
12:58:33 PM  1000    921502      0.00      0.00  run-otelcol.sh
12:58:33 PM  1000    921505      0.00      0.00  run-prometheus.
12:58:33 PM  1000    921507      0.00      0.00  otelcol-contrib
12:58:33 PM  1000    921508      0.00      0.00  run-tempo.sh
12:58:33 PM  1000    921510      0.00      0.00  loki
12:58:33 PM  1000    921511      0.00      0.00  run-pyroscope.s
12:58:33 PM  1000    921512      0.00      0.00  prometheus
12:58:33 PM  1000    921515     78.00     23.00  tempo
12:58:33 PM  1000    921535      0.00      0.00  pyroscope

12:58:33 PM   UID       PID    %usr %system  %guest   %wait    %CPU   CPU  Command
12:58:34 PM  1000    921496    0.00    0.00    0.00    0.00    0.00    20  run-grafana.sh
12:58:34 PM  1000    921498    0.00    0.00    0.00    0.00    0.00    20  run-loki.sh
12:58:34 PM  1000    921501    0.00    0.00    0.00    0.00    0.00    18  grafana
12:58:34 PM  1000    921502    0.00    0.00    0.00    0.00    0.00    18  run-otelcol.sh
12:58:34 PM  1000    921505    0.00    0.00    0.00    0.00    0.00    18  run-prometheus.
12:58:34 PM  1000    921507    8.00    0.00    0.00    0.00    8.00    18  otelcol-contrib
12:58:34 PM  1000    921508    0.00    0.00    0.00    0.00    0.00    18  run-tempo.sh
12:58:34 PM  1000    921510    0.00    0.00    0.00    0.00    0.00    20  loki
12:58:34 PM  1000    921511    0.00    0.00    0.00    0.00    0.00    20  run-pyroscope.s
12:58:34 PM  1000    921512    0.00    0.00    0.00    0.00    0.00    18  prometheus
12:58:34 PM  1000    921515   48.00    2.00    0.00    1.00   50.00    16  tempo
12:58:34 PM  1000    921535    0.00    0.00    0.00    0.00    0.00    18  pyroscope

12:58:33 PM   UID       PID   cswch/s nvcswch/s  Command
12:58:34 PM  1000    921496      0.00      0.00  run-grafana.sh
12:58:34 PM  1000    921498      0.00      0.00  run-loki.sh
12:58:34 PM  1000    921501      0.00      0.00  grafana
12:58:34 PM  1000    921502      0.00      0.00  run-otelcol.sh
12:58:34 PM  1000    921505      0.00      0.00  run-prometheus.
12:58:34 PM  1000    921507      0.00      0.00  otelcol-contrib
12:58:34 PM  1000    921508      0.00      0.00  run-tempo.sh
12:58:34 PM  1000    921510      0.00      0.00  loki
12:58:34 PM  1000    921511      0.00      0.00  run-pyroscope.s
12:58:34 PM  1000    921512      0.00      0.00  prometheus
12:58:34 PM  1000    921515     79.00     30.00  tempo
12:58:34 PM  1000    921535      0.00      0.00  pyroscope

12:58:34 PM   UID       PID    %usr %system  %guest   %wait    %CPU   CPU  Command
12:58:35 PM  1000    921496    0.00    0.00    0.00    0.00    0.00    20  run-grafana.sh
12:58:35 PM  1000    921498    0.00    0.00    0.00    0.00    0.00    20  run-loki.sh
12:58:35 PM  1000    921501    0.00    0.00    0.00    0.00    0.00    18  grafana
12:58:35 PM  1000    921502    0.00    0.00    0.00    0.00    0.00    18  run-otelcol.sh
12:58:35 PM  1000    921505    0.00    0.00    0.00    0.00    0.00    18  run-prometheus.
12:58:35 PM  1000    921507    6.00    0.00    0.00    0.00    6.00    18  otelcol-contrib
12:58:35 PM  1000    921508    0.00    0.00    0.00    0.00    0.00    18  run-tempo.sh
12:58:35 PM  1000    921510    0.00    0.00    0.00    0.00    0.00    20  loki
12:58:35 PM  1000    921511    0.00    0.00    0.00    0.00    0.00    20  run-pyroscope.s
12:58:35 PM  1000    921512    0.00    0.00    0.00    0.00    0.00    18  prometheus
12:58:35 PM  1000    921515   86.00    1.00    0.00    0.00   87.00    16  tempo
12:58:35 PM  1000    921535    1.00    0.00    0.00    0.00    1.00    18  pyroscope

12:58:34 PM   UID       PID   cswch/s nvcswch/s  Command
12:58:35 PM  1000    921496      0.00      0.00  run-grafana.sh
12:58:35 PM  1000    921498      0.00      0.00  run-loki.sh
12:58:35 PM  1000    921501      0.00      0.00  grafana
12:58:35 PM  1000    921502      0.00      0.00  run-otelcol.sh
12:58:35 PM  1000    921505      0.00      0.00  run-prometheus.
12:58:35 PM  1000    921507      0.00      0.00  otelcol-contrib
12:58:35 PM  1000    921508      0.00      0.00  run-tempo.sh
12:58:35 PM  1000    921510      0.00      0.00  loki
12:58:35 PM  1000    921511      0.00      0.00  run-pyroscope.s
12:58:35 PM  1000    921512      0.00      0.00  prometheus
12:58:35 PM  1000    921515     67.00     28.00  tempo
12:58:35 PM  1000    921535      0.00      0.00  pyroscope

12:58:35 PM   UID       PID    %usr %system  %guest   %wait    %CPU   CPU  Command
12:58:36 PM  1000    921496    0.00    0.00    0.00    0.00    0.00    20  run-grafana.sh
12:58:36 PM  1000    921498    0.00    0.00    0.00    0.00    0.00    20  run-loki.sh
12:58:36 PM  1000    921501    0.00    0.00    0.00    0.00    0.00    18  grafana
12:58:36 PM  1000    921502    0.00    0.00    0.00    0.00    0.00    18  run-otelcol.sh
12:58:36 PM  1000    921505    0.00    0.00    0.00    0.00    0.00    18  run-prometheus.
12:58:36 PM  1000    921507    6.00    0.00    0.00    0.00    6.00    18  otelcol-contrib
12:58:36 PM  1000    921508    0.00    0.00    0.00    0.00    0.00    18  run-tempo.sh
12:58:36 PM  1000    921510    0.00    0.00    0.00    0.00    0.00    20  loki
12:58:36 PM  1000    921511    0.00    0.00    0.00    0.00    0.00    20  run-pyroscope.s
12:58:36 PM  1000    921512    0.00    0.00    0.00    0.00    0.00    18  prometheus
12:58:36 PM  1000    921515  104.00    8.00    0.00    0.00  112.00    16  tempo
12:58:36 PM  1000    921535    0.00    0.00    0.00    0.00    0.00    18  pyroscope

12:58:35 PM   UID       PID   cswch/s nvcswch/s  Command
12:58:36 PM  1000    921496      0.00      0.00  run-grafana.sh
12:58:36 PM  1000    921498      0.00      0.00  run-loki.sh
12:58:36 PM  1000    921501      0.00      0.00  grafana
12:58:36 PM  1000    921502      0.00      0.00  run-otelcol.sh
12:58:36 PM  1000    921505      0.00      0.00  run-prometheus.
12:58:36 PM  1000    921507      0.00      0.00  otelcol-contrib
12:58:36 PM  1000    921508      0.00      0.00  run-tempo.sh
12:58:36 PM  1000    921510      0.00      0.00  loki
12:58:36 PM  1000    921511      0.00      0.00  run-pyroscope.s
12:58:36 PM  1000    921512      0.00      0.00  prometheus
12:58:36 PM  1000    921515     78.00     16.00  tempo
12:58:36 PM  1000    921535      0.00      0.00  pyroscope

12:58:36 PM   UID       PID    %usr %system  %guest   %wait    %CPU   CPU  Command
12:58:37 PM  1000    921496    0.00    0.00    0.00    0.00    0.00    20  run-grafana.sh
12:58:37 PM  1000    921498    0.00    0.00    0.00    0.00    0.00    20  run-loki.sh
12:58:37 PM  1000    921501    0.00    0.00    0.00    0.00    0.00    18  grafana
12:58:37 PM  1000    921502    0.00    0.00    0.00    0.00    0.00    18  run-otelcol.sh
12:58:37 PM  1000    921505    0.00    0.00    0.00    0.00    0.00    18  run-prometheus.
12:58:37 PM  1000    921507    8.00    1.00    0.00    0.00    9.00    18  otelcol-contrib
12:58:37 PM  1000    921508    0.00    0.00    0.00    0.00    0.00    18  run-tempo.sh
12:58:37 PM  1000    921510    1.00    0.00    0.00    0.00    1.00    18  loki
12:58:37 PM  1000    921511    0.00    0.00    0.00    0.00    0.00    20  run-pyroscope.s
12:58:37 PM  1000    921512    0.00    0.00    0.00    0.00    0.00    18  prometheus
12:58:37 PM  1000    921515   46.00    7.00    0.00    0.00   53.00    16  tempo
12:58:37 PM  1000    921535    4.00    0.00    0.00    0.00    4.00    18  pyroscope

12:58:36 PM   UID       PID   cswch/s nvcswch/s  Command
12:58:37 PM  1000    921496      0.00      0.00  run-grafana.sh
12:58:37 PM  1000    921498      0.00      0.00  run-loki.sh
12:58:37 PM  1000    921501      0.00      0.00  grafana
12:58:37 PM  1000    921502      0.00      0.00  run-otelcol.sh
12:58:37 PM  1000    921505      0.00      0.00  run-prometheus.
12:58:37 PM  1000    921507      0.00      0.00  otelcol-contrib
12:58:37 PM  1000    921508      0.00      0.00  run-tempo.sh
12:58:37 PM  1000    921510      2.00      0.00  loki
12:58:37 PM  1000    921511      0.00      0.00  run-pyroscope.s
12:58:37 PM  1000    921512      0.00      0.00  prometheus
12:58:37 PM  1000    921515    105.00     47.00  tempo
12:58:37 PM  1000    921535      0.00      0.00  pyroscope

12:58:37 PM   UID       PID    %usr %system  %guest   %wait    %CPU   CPU  Command
12:58:38 PM  1000    921496    0.00    0.00    0.00    0.00    0.00    20  run-grafana.sh
12:58:38 PM  1000    921498    0.00    0.00    0.00    0.00    0.00    20  run-loki.sh
12:58:38 PM  1000    921501    0.00    0.00    0.00    0.00    0.00    18  grafana
12:58:38 PM  1000    921502    0.00    0.00    0.00    0.00    0.00    18  run-otelcol.sh
12:58:38 PM  1000    921505    0.00    0.00    0.00    0.00    0.00    18  run-prometheus.
12:58:38 PM  1000    921507    5.00    0.00    0.00    0.00    5.00    18  otelcol-contrib
12:58:38 PM  1000    921508    0.00    0.00    0.00    0.00    0.00    18  run-tempo.sh
12:58:38 PM  1000    921510    0.00    0.00    0.00    0.00    0.00    16  loki
12:58:38 PM  1000    921511    0.00    0.00    0.00    0.00    0.00    20  run-pyroscope.s
12:58:38 PM  1000    921512    0.00    0.00    0.00    0.00    0.00    18  prometheus
12:58:38 PM  1000    921515   59.00    3.00    0.00    2.00   62.00    20  tempo
12:58:38 PM  1000    921535    0.00    0.00    0.00    0.00    0.00    18  pyroscope

12:58:37 PM   UID       PID   cswch/s nvcswch/s  Command
12:58:38 PM  1000    921496      0.00      0.00  run-grafana.sh
12:58:38 PM  1000    921498      0.00      0.00  run-loki.sh
12:58:38 PM  1000    921501      0.00      0.00  grafana
12:58:38 PM  1000    921502      0.00      0.00  run-otelcol.sh
12:58:38 PM  1000    921505      0.00      0.00  run-prometheus.
12:58:38 PM  1000    921507      0.00      0.00  otelcol-contrib
12:58:38 PM  1000    921508      0.00      0.00  run-tempo.sh
12:58:38 PM  1000    921510     55.00      0.00  loki
12:58:38 PM  1000    921511      0.00      0.00  run-pyroscope.s
12:58:38 PM  1000    921512      0.00      0.00  prometheus
12:58:38 PM  1000    921515    106.00      5.00  tempo
12:58:38 PM  1000    921535      0.00      0.00  pyroscope

12:58:38 PM   UID       PID    %usr %system  %guest   %wait    %CPU   CPU  Command
12:58:39 PM  1000    921496    0.00    0.00    0.00    0.00    0.00    20  run-grafana.sh
12:58:39 PM  1000    921498    0.00    0.00    0.00    0.00    0.00    20  run-loki.sh
12:58:39 PM  1000    921501    8.00    0.00    0.00    0.00    8.00    18  grafana
12:58:39 PM  1000    921502    0.00    0.00    0.00    0.00    0.00    18  run-otelcol.sh
12:58:39 PM  1000    921505    0.00    0.00    0.00    0.00    0.00    18  run-prometheus.
12:58:39 PM  1000    921507    8.00    0.00    0.00    0.00    8.00    18  otelcol-contrib
12:58:39 PM  1000    921508    0.00    0.00    0.00    0.00    0.00    18  run-tempo.sh
12:58:39 PM  1000    921510    0.00    0.00    0.00    1.00    0.00    16  loki
12:58:39 PM  1000    921511    0.00    0.00    0.00    0.00    0.00    20  run-pyroscope.s
12:58:39 PM  1000    921512    0.00    0.00    0.00    0.00    0.00    18  prometheus
12:58:39 PM  1000    921515   42.00    3.00    0.00    1.00   45.00    18  tempo
12:58:39 PM  1000    921535    0.00    0.00    0.00    0.00    0.00    18  pyroscope

12:58:38 PM   UID       PID   cswch/s nvcswch/s  Command
12:58:39 PM  1000    921496      0.00      0.00  run-grafana.sh
12:58:39 PM  1000    921498      0.00      0.00  run-loki.sh
12:58:39 PM  1000    921501      0.00      0.00  grafana
12:58:39 PM  1000    921502      0.00      0.00  run-otelcol.sh
12:58:39 PM  1000    921505      0.00      0.00  run-prometheus.
12:58:39 PM  1000    921507      0.00      0.00  otelcol-contrib
12:58:39 PM  1000    921508      0.00      0.00  run-tempo.sh
12:58:39 PM  1000    921510     49.00      0.00  loki
12:58:39 PM  1000    921511      0.00      0.00  run-pyroscope.s
12:58:39 PM  1000    921512      0.00      0.00  prometheus
12:58:39 PM  1000    921515     81.00     84.00  tempo
12:58:39 PM  1000    921535      0.00      0.00  pyroscope

12:58:39 PM   UID       PID    %usr %system  %guest   %wait    %CPU   CPU  Command
12:58:40 PM  1000    921496    0.00    0.00    0.00    0.00    0.00    20  run-grafana.sh
12:58:40 PM  1000    921498    0.00    0.00    0.00    0.00    0.00    20  run-loki.sh
12:58:40 PM  1000    921501    2.00    1.00    0.00    0.00    3.00    18  grafana
12:58:40 PM  1000    921502    0.00    0.00    0.00    0.00    0.00    18  run-otelcol.sh
12:58:40 PM  1000    921505    0.00    0.00    0.00    0.00    0.00    18  run-prometheus.
12:58:40 PM  1000    921507    6.00    0.00    0.00    0.00    6.00    18  otelcol-contrib
12:58:40 PM  1000    921508    0.00    0.00    0.00    0.00    0.00    18  run-tempo.sh
12:58:40 PM  1000    921510    0.00    1.00    0.00    0.00    1.00    16  loki
12:58:40 PM  1000    921511    0.00    0.00    0.00    0.00    0.00    20  run-pyroscope.s
12:58:40 PM  1000    921512    0.00    0.00    0.00    0.00    0.00    18  prometheus
12:58:40 PM  1000    921515   59.00    4.00    0.00    0.00   63.00    16  tempo
12:58:40 PM  1000    921535    0.00    0.00    0.00    0.00    0.00    18  pyroscope

12:58:39 PM   UID       PID   cswch/s nvcswch/s  Command
12:58:40 PM  1000    921496      0.00      0.00  run-grafana.sh
12:58:40 PM  1000    921498      0.00      0.00  run-loki.sh
12:58:40 PM  1000    921501      0.00      0.00  grafana
12:58:40 PM  1000    921502      0.00      0.00  run-otelcol.sh
12:58:40 PM  1000    921505      0.00      0.00  run-prometheus.
12:58:40 PM  1000    921507      0.00      0.00  otelcol-contrib
12:58:40 PM  1000    921508      0.00      0.00  run-tempo.sh
12:58:40 PM  1000    921510     43.00      0.00  loki
12:58:40 PM  1000    921511      0.00      0.00  run-pyroscope.s
12:58:40 PM  1000    921512      0.00      0.00  prometheus
12:58:40 PM  1000    921515    103.00      6.00  tempo
12:58:40 PM  1000    921535      0.00      0.00  pyroscope

12:58:40 PM   UID       PID    %usr %system  %guest   %wait    %CPU   CPU  Command
12:58:41 PM  1000    921496    0.00    0.00    0.00    0.00    0.00    20  run-grafana.sh
12:58:41 PM  1000    921498    0.00    0.00    0.00    0.00    0.00    20  run-loki.sh
12:58:41 PM  1000    921501    0.00    0.00    0.00    0.00    0.00    18  grafana
12:58:41 PM  1000    921502    0.00    0.00    0.00    0.00    0.00    18  run-otelcol.sh
12:58:41 PM  1000    921505    0.00    0.00    0.00    0.00    0.00    18  run-prometheus.
12:58:41 PM  1000    921507    6.00    1.00    0.00    0.00    7.00    18  otelcol-contrib
12:58:41 PM  1000    921508    0.00    0.00    0.00    0.00    0.00    18  run-tempo.sh
12:58:41 PM  1000    921510    1.00    0.00    0.00    0.00    1.00    20  loki
12:58:41 PM  1000    921511    0.00    0.00    0.00    0.00    0.00    20  run-pyroscope.s
12:58:41 PM  1000    921512    1.00    0.00    0.00    0.00    1.00    18  prometheus
12:58:41 PM  1000    921515   47.00    4.00    0.00    0.00   51.00    20  tempo
12:58:41 PM  1000    921535    0.00    0.00    0.00    0.00    0.00    18  pyroscope

12:58:40 PM   UID       PID   cswch/s nvcswch/s  Command
12:58:41 PM  1000    921496      0.00      0.00  run-grafana.sh
12:58:41 PM  1000    921498      0.00      0.00  run-loki.sh
12:58:41 PM  1000    921501      0.00      0.00  grafana
12:58:41 PM  1000    921502      0.00      0.00  run-otelcol.sh
12:58:41 PM  1000    921505      0.00      0.00  run-prometheus.
12:58:41 PM  1000    921507      0.00      0.00  otelcol-contrib
12:58:41 PM  1000    921508      0.00      0.00  run-tempo.sh
12:58:41 PM  1000    921510     20.00      0.00  loki
12:58:41 PM  1000    921511      0.00      0.00  run-pyroscope.s
12:58:41 PM  1000    921512      0.00      0.00  prometheus
12:58:41 PM  1000    921515     91.00     83.00  tempo
12:58:41 PM  1000    921535      1.00      0.00  pyroscope

12:58:41 PM   UID       PID    %usr %system  %guest   %wait    %CPU   CPU  Command
12:58:42 PM  1000    921496    0.00    0.00    0.00    0.00    0.00    20  run-grafana.sh
12:58:42 PM  1000    921498    0.00    0.00    0.00    0.00    0.00    20  run-loki.sh
12:58:42 PM  1000    921501    1.00    0.00    0.00    0.00    1.00    18  grafana
12:58:42 PM  1000    921502    0.00    0.00    0.00    0.00    0.00    18  run-otelcol.sh
12:58:42 PM  1000    921505    0.00    0.00    0.00    0.00    0.00    18  run-prometheus.
12:58:42 PM  1000    921507    8.00    0.00    0.00    0.00    8.00    18  otelcol-contrib
12:58:42 PM  1000    921508    0.00    0.00    0.00    0.00    0.00    18  run-tempo.sh
12:58:42 PM  1000    921510    0.00    0.00    0.00    0.00    0.00    18  loki
12:58:42 PM  1000    921511    0.00    0.00    0.00    0.00    0.00    20  run-pyroscope.s
12:58:42 PM  1000    921512    0.00    0.00    0.00    0.00    0.00    18  prometheus
12:58:42 PM  1000    921515   24.00    0.00    0.00    0.00   24.00    18  tempo
12:58:42 PM  1000    921535    1.00    0.00    0.00    0.00    1.00    18  pyroscope

12:58:41 PM   UID       PID   cswch/s nvcswch/s  Command
12:58:42 PM  1000    921496      0.00      0.00  run-grafana.sh
12:58:42 PM  1000    921498      0.00      0.00  run-loki.sh
12:58:42 PM  1000    921501      0.00      0.00  grafana
12:58:42 PM  1000    921502      0.00      0.00  run-otelcol.sh
12:58:42 PM  1000    921505      0.00      0.00  run-prometheus.
12:58:42 PM  1000    921507      0.00      0.00  otelcol-contrib
12:58:42 PM  1000    921508      0.00      0.00  run-tempo.sh
12:58:42 PM  1000    921510     41.00      0.00  loki
12:58:42 PM  1000    921511      0.00      0.00  run-pyroscope.s
12:58:42 PM  1000    921512      0.00      0.00  prometheus
12:58:42 PM  1000    921515    105.00      4.00  tempo
12:58:42 PM  1000    921535      0.00      0.00  pyroscope

12:58:42 PM   UID       PID    %usr %system  %guest   %wait    %CPU   CPU  Command
12:58:43 PM  1000    921496    0.00    0.00    0.00    0.00    0.00    20  run-grafana.sh
12:58:43 PM  1000    921498    0.00    0.00    0.00    0.00    0.00    20  run-loki.sh
12:58:43 PM  1000    921501    0.00    0.00    0.00    0.00    0.00    18  grafana
12:58:43 PM  1000    921502    0.00    0.00    0.00    0.00    0.00    18  run-otelcol.sh
12:58:43 PM  1000    921505    0.00    0.00    0.00    0.00    0.00    18  run-prometheus.
12:58:43 PM  1000    921507    6.00    1.00    0.00    0.00    7.00    18  otelcol-contrib
12:58:43 PM  1000    921508    0.00    0.00    0.00    0.00    0.00    18  run-tempo.sh
12:58:43 PM  1000    921510    0.00    0.00    0.00    0.00    0.00    18  loki
12:58:43 PM  1000    921511    0.00    0.00    0.00    0.00    0.00    20  run-pyroscope.s
12:58:43 PM  1000    921512    0.00    0.00    0.00    0.00    0.00    18  prometheus
12:58:43 PM  1000    921515   83.00    6.00    0.00    2.00   89.00    18  tempo
12:58:43 PM  1000    921535    0.00    0.00    0.00    0.00    0.00    18  pyroscope

12:58:42 PM   UID       PID   cswch/s nvcswch/s  Command
12:58:43 PM  1000    921496      0.00      0.00  run-grafana.sh
12:58:43 PM  1000    921498      0.00      0.00  run-loki.sh
12:58:43 PM  1000    921501      0.00      0.00  grafana
12:58:43 PM  1000    921502      0.00      0.00  run-otelcol.sh
12:58:43 PM  1000    921505      0.00      0.00  run-prometheus.
12:58:43 PM  1000    921507      0.00      0.00  otelcol-contrib
12:58:43 PM  1000    921508      0.00      0.00  run-tempo.sh
12:58:43 PM  1000    921510     55.00      0.00  loki
12:58:43 PM  1000    921511      0.00      0.00  run-pyroscope.s
12:58:43 PM  1000    921512      0.00      0.00  prometheus
12:58:43 PM  1000    921515     88.00     47.00  tempo
12:58:43 PM  1000    921535      0.00      0.00  pyroscope

12:58:43 PM   UID       PID    %usr %system  %guest   %wait    %CPU   CPU  Command
12:58:44 PM  1000    921496    0.00    0.00    0.00    0.00    0.00    20  run-grafana.sh
12:58:44 PM  1000    921498    0.00    0.00    0.00    0.00    0.00    20  run-loki.sh
12:58:44 PM  1000    921501    0.00    0.00    0.00    0.00    0.00    18  grafana
12:58:44 PM  1000    921502    0.00    0.00    0.00    0.00    0.00    18  run-otelcol.sh
12:58:44 PM  1000    921505    0.00    0.00    0.00    0.00    0.00    18  run-prometheus.
12:58:44 PM  1000    921507    8.00    0.00    0.00    0.00    8.00    18  otelcol-contrib
12:58:44 PM  1000    921508    0.00    0.00    0.00    0.00    0.00    18  run-tempo.sh
12:58:44 PM  1000    921510    1.00    0.00    0.00    0.00    1.00    16  loki
12:58:44 PM  1000    921511    0.00    0.00    0.00    0.00    0.00    20  run-pyroscope.s
12:58:44 PM  1000    921512    0.00    0.00    0.00    0.00    0.00    18  prometheus
12:58:44 PM  1000    921515   31.00    3.00    0.00    0.00   34.00    20  tempo
12:58:44 PM  1000    921535    0.00    0.00    0.00    0.00    0.00    18  pyroscope

12:58:43 PM   UID       PID   cswch/s nvcswch/s  Command
12:58:44 PM  1000    921496      0.00      0.00  run-grafana.sh
12:58:44 PM  1000    921498      0.00      0.00  run-loki.sh
12:58:44 PM  1000    921501      0.00      0.00  grafana
12:58:44 PM  1000    921502      0.00      0.00  run-otelcol.sh
12:58:44 PM  1000    921505      0.00      0.00  run-prometheus.
12:58:44 PM  1000    921507      0.00      0.00  otelcol-contrib
12:58:44 PM  1000    921508      0.00      0.00  run-tempo.sh
12:58:44 PM  1000    921510     39.00      0.00  loki
12:58:44 PM  1000    921511      0.00      0.00  run-pyroscope.s
12:58:44 PM  1000    921512      0.00      0.00  prometheus
12:58:44 PM  1000    921515     79.00      1.00  tempo
12:58:44 PM  1000    921535      0.00      0.00  pyroscope

12:58:44 PM   UID       PID    %usr %system  %guest   %wait    %CPU   CPU  Command
12:58:45 PM  1000    921496    0.00    0.00    0.00    0.00    0.00    20  run-grafana.sh
12:58:45 PM  1000    921498    0.00    0.00    0.00    0.00    0.00    20  run-loki.sh
12:58:45 PM  1000    921501    0.00    0.00    0.00    0.00    0.00    18  grafana
12:58:45 PM  1000    921502    0.00    0.00    0.00    0.00    0.00    18  run-otelcol.sh
12:58:45 PM  1000    921505    0.00    0.00    0.00    0.00    0.00    18  run-prometheus.
12:58:45 PM  1000    921507    5.00    0.00    0.00    0.00    5.00    18  otelcol-contrib
12:58:45 PM  1000    921508    0.00    0.00    0.00    0.00    0.00    18  run-tempo.sh
12:58:45 PM  1000    921510    0.00    0.00    0.00    0.00    0.00    18  loki
12:58:45 PM  1000    921511    0.00    0.00    0.00    0.00    0.00    20  run-pyroscope.s
12:58:45 PM  1000    921512    0.00    0.00    0.00    0.00    0.00    18  prometheus
12:58:45 PM  1000    921515   46.00    3.00    0.00    0.00   49.00    20  tempo
12:58:45 PM  1000    921535    0.00    0.00    0.00    0.00    0.00    18  pyroscope

12:58:44 PM   UID       PID   cswch/s nvcswch/s  Command
12:58:45 PM  1000    921496      0.00      0.00  run-grafana.sh
12:58:45 PM  1000    921498      0.00      0.00  run-loki.sh
12:58:45 PM  1000    921501      0.00      0.00  grafana
12:58:45 PM  1000    921502      0.00      0.00  run-otelcol.sh
12:58:45 PM  1000    921505      0.00      0.00  run-prometheus.
12:58:45 PM  1000    921507      0.00      0.00  otelcol-contrib
12:58:45 PM  1000    921508      0.00      0.00  run-tempo.sh
12:58:45 PM  1000    921510     21.00      1.00  loki
12:58:45 PM  1000    921511      0.00      0.00  run-pyroscope.s
12:58:45 PM  1000    921512      0.00      0.00  prometheus
12:58:45 PM  1000    921515     94.00     14.00  tempo
12:58:45 PM  1000    921535      0.00      0.00  pyroscope

12:58:45 PM   UID       PID    %usr %system  %guest   %wait    %CPU   CPU  Command
12:58:46 PM  1000    921496    0.00    0.00    0.00    0.00    0.00    20  run-grafana.sh
12:58:46 PM  1000    921498    0.00    0.00    0.00    0.00    0.00    20  run-loki.sh
12:58:46 PM  1000    921501    0.00    0.00    0.00    0.00    0.00    18  grafana
12:58:46 PM  1000    921502    0.00    0.00    0.00    0.00    0.00    18  run-otelcol.sh
12:58:46 PM  1000    921505    0.00    0.00    0.00    0.00    0.00    18  run-prometheus.
12:58:46 PM  1000    921507    6.00    1.00    0.00    0.00    7.00    18  otelcol-contrib
12:58:46 PM  1000    921508    0.00    0.00    0.00    0.00    0.00    18  run-tempo.sh
12:58:46 PM  1000    921510    0.00    0.00    0.00    0.00    0.00    18  loki
12:58:46 PM  1000    921511    0.00    0.00    0.00    0.00    0.00    20  run-pyroscope.s
12:58:46 PM  1000    921512    1.00    0.00    0.00    0.00    1.00    18  prometheus
12:58:46 PM  1000    921515  137.00    3.00    0.00    0.00  140.00    16  tempo
12:58:46 PM  1000    921535    1.00    0.00    0.00    0.00    1.00    18  pyroscope

12:58:45 PM   UID       PID   cswch/s nvcswch/s  Command
12:58:46 PM  1000    921496      0.00      0.00  run-grafana.sh
12:58:46 PM  1000    921498      0.00      0.00  run-loki.sh
12:58:46 PM  1000    921501      0.00      0.00  grafana
12:58:46 PM  1000    921502      0.00      0.00  run-otelcol.sh
12:58:46 PM  1000    921505      0.00      0.00  run-prometheus.
12:58:46 PM  1000    921507      0.00      0.00  otelcol-contrib
12:58:46 PM  1000    921508      0.00      0.00  run-tempo.sh
12:58:46 PM  1000    921510      0.00      0.00  loki
12:58:46 PM  1000    921511      0.00      0.00  run-pyroscope.s
12:58:46 PM  1000    921512      0.00      0.00  prometheus
12:58:46 PM  1000    921515    105.00     36.00  tempo
12:58:46 PM  1000    921535      0.00      0.00  pyroscope

12:58:46 PM   UID       PID    %usr %system  %guest   %wait    %CPU   CPU  Command
12:58:47 PM  1000    921496    0.00    0.00    0.00    0.00    0.00    20  run-grafana.sh
12:58:47 PM  1000    921498    0.00    0.00    0.00    0.00    0.00    20  run-loki.sh
12:58:47 PM  1000    921501    0.00    0.00    0.00    0.00    0.00    18  grafana
12:58:47 PM  1000    921502    0.00    0.00    0.00    0.00    0.00    18  run-otelcol.sh
12:58:47 PM  1000    921505    0.00    0.00    0.00    0.00    0.00    18  run-prometheus.
12:58:47 PM  1000    921507    8.00    0.00    0.00    0.00    8.00    18  otelcol-contrib
12:58:47 PM  1000    921508    0.00    0.00    0.00    0.00    0.00    18  run-tempo.sh
12:58:47 PM  1000    921510    0.00    0.00    0.00    0.00    0.00    20  loki
12:58:47 PM  1000    921511    0.00    0.00    0.00    0.00    0.00    20  run-pyroscope.s
12:58:47 PM  1000    921512    0.00    0.00    0.00    0.00    0.00    18  prometheus
12:58:47 PM  1000    921515   21.00    1.00    0.00    1.00   22.00    16  tempo
12:58:47 PM  1000    921535    0.00    0.00    0.00    0.00    0.00    18  pyroscope

12:58:46 PM   UID       PID   cswch/s nvcswch/s  Command
12:58:47 PM  1000    921496      0.00      0.00  run-grafana.sh
12:58:47 PM  1000    921498      0.00      0.00  run-loki.sh
12:58:47 PM  1000    921501      0.00      0.00  grafana
12:58:47 PM  1000    921502      0.00      0.00  run-otelcol.sh
12:58:47 PM  1000    921505      0.00      0.00  run-prometheus.
12:58:47 PM  1000    921507      0.00      0.00  otelcol-contrib
12:58:47 PM  1000    921508      0.00      0.00  run-tempo.sh
12:58:47 PM  1000    921510     29.00      0.00  loki
12:58:47 PM  1000    921511      0.00      0.00  run-pyroscope.s
12:58:47 PM  1000    921512      0.00      0.00  prometheus
12:58:47 PM  1000    921515     98.00      5.00  tempo
12:58:47 PM  1000    921535      0.00      0.00  pyroscope

12:58:47 PM   UID       PID    %usr %system  %guest   %wait    %CPU   CPU  Command
12:58:48 PM  1000    921496    0.00    0.00    0.00    0.00    0.00    20  run-grafana.sh
12:58:48 PM  1000    921498    0.00    0.00    0.00    0.00    0.00    20  run-loki.sh
12:58:48 PM  1000    921501    0.00    0.00    0.00    0.00    0.00    18  grafana
12:58:48 PM  1000    921502    0.00    0.00    0.00    0.00    0.00    18  run-otelcol.sh
12:58:48 PM  1000    921505    0.00    0.00    0.00    0.00    0.00    18  run-prometheus.
12:58:48 PM  1000    921507    6.00    0.00    0.00    0.00    6.00    18  otelcol-contrib
12:58:48 PM  1000    921508    0.00    0.00    0.00    0.00    0.00    18  run-tempo.sh
12:58:48 PM  1000    921510    1.00    0.00    0.00    0.00    1.00    20  loki
12:58:48 PM  1000    921511    0.00    0.00    0.00    0.00    0.00    20  run-pyroscope.s
12:58:48 PM  1000    921512    1.00    0.00    0.00    0.00    1.00    18  prometheus
12:58:48 PM  1000    921515   57.00    5.00    0.00    1.00   62.00    16  tempo
12:58:48 PM  1000    921535    0.00    0.00    0.00    0.00    0.00    18  pyroscope

12:58:47 PM   UID       PID   cswch/s nvcswch/s  Command
12:58:48 PM  1000    921496      0.00      0.00  run-grafana.sh
12:58:48 PM  1000    921498      0.00      0.00  run-loki.sh
12:58:48 PM  1000    921501      0.00      0.00  grafana
12:58:48 PM  1000    921502      0.00      0.00  run-otelcol.sh
12:58:48 PM  1000    921505      0.00      0.00  run-prometheus.
12:58:48 PM  1000    921507      0.00      0.00  otelcol-contrib
12:58:48 PM  1000    921508      0.00      0.00  run-tempo.sh
12:58:48 PM  1000    921510     23.00      1.00  loki
12:58:48 PM  1000    921511      0.00      0.00  run-pyroscope.s
12:58:48 PM  1000    921512      0.00      0.00  prometheus
12:58:48 PM  1000    921515    132.00     43.00  tempo
12:58:48 PM  1000    921535      0.00      0.00  pyroscope

12:58:48 PM   UID       PID    %usr %system  %guest   %wait    %CPU   CPU  Command
12:58:49 PM  1000    921496    0.00    0.00    0.00    0.00    0.00    20  run-grafana.sh
12:58:49 PM  1000    921498    0.00    0.00    0.00    0.00    0.00    20  run-loki.sh
12:58:49 PM  1000    921501    2.00    0.00    0.00    0.00    2.00    18  grafana
12:58:49 PM  1000    921502    0.00    0.00    0.00    0.00    0.00    18  run-otelcol.sh
12:58:49 PM  1000    921505    0.00    0.00    0.00    0.00    0.00    18  run-prometheus.
12:58:49 PM  1000    921507    7.00    1.00    0.00    0.00    8.00    18  otelcol-contrib
12:58:49 PM  1000    921508    0.00    0.00    0.00    0.00    0.00    18  run-tempo.sh
12:58:49 PM  1000    921510    0.00    0.00    0.00    0.00    0.00    16  loki
12:58:49 PM  1000    921511    0.00    0.00    0.00    0.00    0.00    20  run-pyroscope.s
12:58:49 PM  1000    921512    0.00    0.00    0.00    0.00    0.00    18  prometheus
12:58:49 PM  1000    921515   63.00    2.00    0.00    1.00   65.00    18  tempo
12:58:49 PM  1000    921535    0.00    0.00    0.00    0.00    0.00    18  pyroscope

12:58:48 PM   UID       PID   cswch/s nvcswch/s  Command
12:58:49 PM  1000    921496      0.00      0.00  run-grafana.sh
12:58:49 PM  1000    921498      0.00      0.00  run-loki.sh
12:58:49 PM  1000    921501      0.00      0.00  grafana
12:58:49 PM  1000    921502      0.00      0.00  run-otelcol.sh
12:58:49 PM  1000    921505      0.00      0.00  run-prometheus.
12:58:49 PM  1000    921507      0.00      0.00  otelcol-contrib
12:58:49 PM  1000    921508      0.00      0.00  run-tempo.sh
12:58:49 PM  1000    921510     14.00      0.00  loki
12:58:49 PM  1000    921511      0.00      0.00  run-pyroscope.s
12:58:49 PM  1000    921512      0.00      0.00  prometheus
12:58:49 PM  1000    921515     79.00     28.00  tempo
12:58:49 PM  1000    921535      0.00      0.00  pyroscope

12:58:49 PM   UID       PID    %usr %system  %guest   %wait    %CPU   CPU  Command
12:58:50 PM  1000    921496    0.00    0.00    0.00    0.00    0.00    20  run-grafana.sh
12:58:50 PM  1000    921498    0.00    0.00    0.00    0.00    0.00    20  run-loki.sh
12:58:50 PM  1000    921501    1.00    0.00    0.00    0.00    1.00    18  grafana
12:58:50 PM  1000    921502    0.00    0.00    0.00    0.00    0.00    18  run-otelcol.sh
12:58:50 PM  1000    921505    0.00    0.00    0.00    0.00    0.00    18  run-prometheus.
12:58:50 PM  1000    921507    6.00    0.00    0.00    0.00    6.00    18  otelcol-contrib
12:58:50 PM  1000    921508    0.00    0.00    0.00    0.00    0.00    18  run-tempo.sh
12:58:50 PM  1000    921510    0.00    0.00    0.00    0.00    0.00    20  loki
12:58:50 PM  1000    921511    0.00    0.00    0.00    0.00    0.00    20  run-pyroscope.s
12:58:50 PM  1000    921512    0.00    0.00    0.00    0.00    0.00    18  prometheus
12:58:50 PM  1000    921515   45.00    4.00    0.00    0.00   49.00    16  tempo
12:58:50 PM  1000    921535    0.00    0.00    0.00    0.00    0.00    18  pyroscope

12:58:49 PM   UID       PID   cswch/s nvcswch/s  Command
12:58:50 PM  1000    921496      0.00      0.00  run-grafana.sh
12:58:50 PM  1000    921498      0.00      0.00  run-loki.sh
12:58:50 PM  1000    921501      0.00      0.00  grafana
12:58:50 PM  1000    921502      0.00      0.00  run-otelcol.sh
12:58:50 PM  1000    921505      0.00      0.00  run-prometheus.
12:58:50 PM  1000    921507      0.00      0.00  otelcol-contrib
12:58:50 PM  1000    921508      0.00      0.00  run-tempo.sh
12:58:50 PM  1000    921510     46.00      0.00  loki
12:58:50 PM  1000    921511      0.00      0.00  run-pyroscope.s
12:58:50 PM  1000    921512      0.00      0.00  prometheus
12:58:50 PM  1000    921515     72.00     33.00  tempo
12:58:50 PM  1000    921535      0.00      0.00  pyroscope

12:58:50 PM   UID       PID    %usr %system  %guest   %wait    %CPU   CPU  Command
12:58:51 PM  1000    921496    0.00    0.00    0.00    0.00    0.00    20  run-grafana.sh
12:58:51 PM  1000    921498    0.00    0.00    0.00    0.00    0.00    20  run-loki.sh
12:58:51 PM  1000    921501    0.00    0.00    0.00    0.00    0.00    18  grafana
12:58:51 PM  1000    921502    0.00    0.00    0.00    0.00    0.00    18  run-otelcol.sh
12:58:51 PM  1000    921505    0.00    0.00    0.00    0.00    0.00    18  run-prometheus.
12:58:51 PM  1000    921507    8.00    1.00    0.00    0.00    9.00    18  otelcol-contrib
12:58:51 PM  1000    921508    0.00    0.00    0.00    0.00    0.00    18  run-tempo.sh
12:58:51 PM  1000    921510    0.00    0.00    0.00    0.00    0.00    20  loki
12:58:51 PM  1000    921511    0.00    0.00    0.00    0.00    0.00    20  run-pyroscope.s
12:58:51 PM  1000    921512    0.00    0.00    0.00    0.00    0.00    18  prometheus
12:58:51 PM  1000    921515   66.00    6.00    0.00    4.00   72.00    16  tempo
12:58:51 PM  1000    921535    1.00    1.00    0.00    0.00    2.00    18  pyroscope

12:58:50 PM   UID       PID   cswch/s nvcswch/s  Command
12:58:51 PM  1000    921496      0.00      0.00  run-grafana.sh
12:58:51 PM  1000    921498      0.00      0.00  run-loki.sh
12:58:51 PM  1000    921501      0.00      0.00  grafana
12:58:51 PM  1000    921502      0.00      0.00  run-otelcol.sh
12:58:51 PM  1000    921505      0.00      0.00  run-prometheus.
12:58:51 PM  1000    921507      0.00      0.00  otelcol-contrib
12:58:51 PM  1000    921508      0.00      0.00  run-tempo.sh
12:58:51 PM  1000    921510     44.00      0.00  loki
12:58:51 PM  1000    921511      0.00      0.00  run-pyroscope.s
12:58:51 PM  1000    921512      0.00      0.00  prometheus
12:58:51 PM  1000    921515    126.00     10.00  tempo
12:58:51 PM  1000    921535      0.00      0.00  pyroscope

12:58:51 PM   UID       PID    %usr %system  %guest   %wait    %CPU   CPU  Command
12:58:52 PM  1000    921496    0.00    0.00    0.00    0.00    0.00    20  run-grafana.sh
12:58:52 PM  1000    921498    0.00    0.00    0.00    0.00    0.00    20  run-loki.sh
12:58:52 PM  1000    921501    0.00    0.00    0.00    0.00    0.00    18  grafana
12:58:52 PM  1000    921502    0.00    0.00    0.00    0.00    0.00    18  run-otelcol.sh
12:58:52 PM  1000    921505    0.00    0.00    0.00    0.00    0.00    18  run-prometheus.
12:58:52 PM  1000    921507    5.00    0.00    0.00    0.00    5.00    18  otelcol-contrib
12:58:52 PM  1000    921508    0.00    0.00    0.00    0.00    0.00    18  run-tempo.sh
12:58:52 PM  1000    921510    0.00    0.00    0.00    0.00    0.00    16  loki
12:58:52 PM  1000    921511    0.00    0.00    0.00    0.00    0.00    20  run-pyroscope.s
12:58:52 PM  1000    921512    0.00    0.00    0.00    0.00    0.00    18  prometheus
12:58:52 PM  1000    921515   59.00    3.00    0.00    1.00   62.00    20  tempo
12:58:52 PM  1000    921535    4.00    0.00    0.00    0.00    4.00    18  pyroscope

12:58:51 PM   UID       PID   cswch/s nvcswch/s  Command
12:58:52 PM  1000    921496      0.00      0.00  run-grafana.sh
12:58:52 PM  1000    921498      0.00      0.00  run-loki.sh
12:58:52 PM  1000    921501      0.00      0.00  grafana
12:58:52 PM  1000    921502      0.00      0.00  run-otelcol.sh
12:58:52 PM  1000    921505      0.00      0.00  run-prometheus.
12:58:52 PM  1000    921507      0.00      0.00  otelcol-contrib
12:58:52 PM  1000    921508      0.00      0.00  run-tempo.sh
12:58:52 PM  1000    921510     43.00      0.00  loki
12:58:52 PM  1000    921511      0.00      0.00  run-pyroscope.s
12:58:52 PM  1000    921512      0.00      0.00  prometheus
12:58:52 PM  1000    921515     71.00      6.00  tempo
12:58:52 PM  1000    921535      0.00      0.00  pyroscope

12:58:52 PM   UID       PID    %usr %system  %guest   %wait    %CPU   CPU  Command
12:58:53 PM  1000    921496    0.00    0.00    0.00    0.00    0.00    20  run-grafana.sh
12:58:53 PM  1000    921498    0.00    0.00    0.00    0.00    0.00    20  run-loki.sh
12:58:53 PM  1000    921501    0.00    0.00    0.00    0.00    0.00    18  grafana
12:58:53 PM  1000    921502    0.00    0.00    0.00    0.00    0.00    18  run-otelcol.sh
12:58:53 PM  1000    921505    0.00    0.00    0.00    0.00    0.00    18  run-prometheus.
12:58:53 PM  1000    921507    6.00    1.00    0.00    0.00    7.00    18  otelcol-contrib
12:58:53 PM  1000    921508    0.00    0.00    0.00    0.00    0.00    18  run-tempo.sh
12:58:53 PM  1000    921510    1.00    0.00    0.00    0.00    1.00    20  loki
12:58:53 PM  1000    921511    0.00    0.00    0.00    0.00    0.00    20  run-pyroscope.s
12:58:53 PM  1000    921512    0.00    0.00    0.00    0.00    0.00    18  prometheus
12:58:53 PM  1000    921515  104.00    4.00    0.00    1.00  108.00    16  tempo
12:58:53 PM  1000    921535    0.00    0.00    0.00    0.00    0.00    18  pyroscope

12:58:52 PM   UID       PID   cswch/s nvcswch/s  Command
12:58:53 PM  1000    921496      0.00      0.00  run-grafana.sh
12:58:53 PM  1000    921498      0.00      0.00  run-loki.sh
12:58:53 PM  1000    921501      0.00      0.00  grafana
12:58:53 PM  1000    921502      0.00      0.00  run-otelcol.sh
12:58:53 PM  1000    921505      0.00      0.00  run-prometheus.
12:58:53 PM  1000    921507      0.00      0.00  otelcol-contrib
12:58:53 PM  1000    921508      0.00      0.00  run-tempo.sh
12:58:53 PM  1000    921510     44.00      1.00  loki
12:58:53 PM  1000    921511      0.00      0.00  run-pyroscope.s
12:58:53 PM  1000    921512      0.00      0.00  prometheus
12:58:53 PM  1000    921515     77.00     38.00  tempo
12:58:53 PM  1000    921535      0.00      0.00  pyroscope

12:58:53 PM   UID       PID    %usr %system  %guest   %wait    %CPU   CPU  Command
12:58:54 PM  1000    921496    0.00    0.00    0.00    0.00    0.00    20  run-grafana.sh
12:58:54 PM  1000    921498    0.00    0.00    0.00    0.00    0.00    20  run-loki.sh
12:58:54 PM  1000    921501    0.00    0.00    0.00    0.00    0.00    18  grafana
12:58:54 PM  1000    921502    0.00    0.00    0.00    0.00    0.00    18  run-otelcol.sh
12:58:54 PM  1000    921505    0.00    0.00    0.00    0.00    0.00    18  run-prometheus.
12:58:54 PM  1000    921507    8.00    0.00    0.00    0.00    8.00    18  otelcol-contrib
12:58:54 PM  1000    921508    0.00    0.00    0.00    0.00    0.00    18  run-tempo.sh
12:58:54 PM  1000    921510    0.00    0.00    0.00    0.00    0.00    20  loki
12:58:54 PM  1000    921511    0.00    0.00    0.00    0.00    0.00    20  run-pyroscope.s
12:58:54 PM  1000    921512    0.00    0.00    0.00    0.00    0.00    18  prometheus
12:58:54 PM  1000    921515   67.00    1.00    0.00    0.00   68.00    18  tempo
12:58:54 PM  1000    921535    0.00    0.00    0.00    0.00    0.00    18  pyroscope

12:58:53 PM   UID       PID   cswch/s nvcswch/s  Command
12:58:54 PM  1000    921496      0.00      0.00  run-grafana.sh
12:58:54 PM  1000    921498      0.00      0.00  run-loki.sh
12:58:54 PM  1000    921501      0.00      0.00  grafana
12:58:54 PM  1000    921502      0.00      0.00  run-otelcol.sh
12:58:54 PM  1000    921505      0.00      0.00  run-prometheus.
12:58:54 PM  1000    921507      0.00      0.00  otelcol-contrib
12:58:54 PM  1000    921508      0.00      0.00  run-tempo.sh
12:58:54 PM  1000    921510     36.00      0.00  loki
12:58:54 PM  1000    921511      0.00      0.00  run-pyroscope.s
12:58:54 PM  1000    921512      0.00      0.00  prometheus
12:58:54 PM  1000    921515     82.00      6.00  tempo
12:58:54 PM  1000    921535      0.00      0.00  pyroscope

12:58:54 PM   UID       PID    %usr %system  %guest   %wait    %CPU   CPU  Command
12:58:55 PM  1000    921496    0.00    0.00    0.00    0.00    0.00    20  run-grafana.sh
12:58:55 PM  1000    921498    0.00    0.00    0.00    0.00    0.00    20  run-loki.sh
12:58:55 PM  1000    921501    0.00    0.00    0.00    0.00    0.00    18  grafana
12:58:55 PM  1000    921502    0.00    0.00    0.00    0.00    0.00    18  run-otelcol.sh
12:58:55 PM  1000    921505    0.00    0.00    0.00    0.00    0.00    18  run-prometheus.
12:58:55 PM  1000    921507    6.00    0.00    0.00    0.00    6.00    18  otelcol-contrib
12:58:55 PM  1000    921508    0.00    0.00    0.00    0.00    0.00    18  run-tempo.sh
12:58:55 PM  1000    921510    0.00    0.00    0.00    0.00    0.00    18  loki
12:58:55 PM  1000    921511    0.00    0.00    0.00    0.00    0.00    20  run-pyroscope.s
12:58:55 PM  1000    921512    0.00    0.00    0.00    0.00    0.00    18  prometheus
12:58:55 PM  1000    921515   21.00    0.00    0.00    1.00   21.00    18  tempo
12:58:55 PM  1000    921535    0.00    0.00    0.00    0.00    0.00    18  pyroscope

12:58:54 PM   UID       PID   cswch/s nvcswch/s  Command
12:58:55 PM  1000    921496      0.00      0.00  run-grafana.sh
12:58:55 PM  1000    921498      0.00      0.00  run-loki.sh
12:58:55 PM  1000    921501      0.00      0.00  grafana
12:58:55 PM  1000    921502      0.00      0.00  run-otelcol.sh
12:58:55 PM  1000    921505      0.00      0.00  run-prometheus.
12:58:55 PM  1000    921507      0.00      0.00  otelcol-contrib
12:58:55 PM  1000    921508      0.00      0.00  run-tempo.sh
12:58:55 PM  1000    921510     40.00      0.00  loki
12:58:55 PM  1000    921511      0.00      0.00  run-pyroscope.s
12:58:55 PM  1000    921512      0.00      0.00  prometheus
12:58:55 PM  1000    921515     89.00      4.00  tempo
12:58:55 PM  1000    921535      0.00      0.00  pyroscope

12:58:55 PM   UID       PID    %usr %system  %guest   %wait    %CPU   CPU  Command
12:58:56 PM  1000    921496    0.00    0.00    0.00    0.00    0.00    20  run-grafana.sh
12:58:56 PM  1000    921498    0.00    0.00    0.00    0.00    0.00    20  run-loki.sh
12:58:56 PM  1000    921501    0.00    0.00    0.00    0.00    0.00    18  grafana
12:58:56 PM  1000    921502    0.00    0.00    0.00    0.00    0.00    18  run-otelcol.sh
12:58:56 PM  1000    921505    0.00    0.00    0.00    0.00    0.00    18  run-prometheus.
12:58:56 PM  1000    921507    7.00    1.00    0.00    0.00    8.00    18  otelcol-contrib
12:58:56 PM  1000    921508    0.00    0.00    0.00    0.00    0.00    18  run-tempo.sh
12:58:56 PM  1000    921510    1.00    0.00    0.00    0.00    1.00    20  loki
12:58:56 PM  1000    921511    0.00    0.00    0.00    0.00    0.00    20  run-pyroscope.s
12:58:56 PM  1000    921512    0.00    0.00    0.00    0.00    0.00    18  prometheus
12:58:56 PM  1000    921515   83.00    4.00    0.00    0.00   87.00    16  tempo
12:58:56 PM  1000    921535    0.00    0.00    0.00    0.00    0.00    18  pyroscope

12:58:55 PM   UID       PID   cswch/s nvcswch/s  Command
12:58:56 PM  1000    921496      0.00      0.00  run-grafana.sh
12:58:56 PM  1000    921498      0.00      0.00  run-loki.sh
12:58:56 PM  1000    921501      0.00      0.00  grafana
12:58:56 PM  1000    921502      0.00      0.00  run-otelcol.sh
12:58:56 PM  1000    921505      0.00      0.00  run-prometheus.
12:58:56 PM  1000    921507      0.00      0.00  otelcol-contrib
12:58:56 PM  1000    921508      0.00      0.00  run-tempo.sh
12:58:56 PM  1000    921510     40.00      0.00  loki
12:58:56 PM  1000    921511      0.00      0.00  run-pyroscope.s
12:58:56 PM  1000    921512      0.00      0.00  prometheus
12:58:56 PM  1000    921515     97.00     26.00  tempo
12:58:56 PM  1000    921535      0.00      0.00  pyroscope

12:58:56 PM   UID       PID    %usr %system  %guest   %wait    %CPU   CPU  Command
12:58:57 PM  1000    921496    0.00    0.00    0.00    0.00    0.00    20  run-grafana.sh
12:58:57 PM  1000    921498    0.00    0.00    0.00    0.00    0.00    20  run-loki.sh
12:58:57 PM  1000    921501    0.00    0.00    0.00    0.00    0.00    18  grafana
12:58:57 PM  1000    921502    0.00    0.00    0.00    0.00    0.00    18  run-otelcol.sh
12:58:57 PM  1000    921505    0.00    0.00    0.00    0.00    0.00    18  run-prometheus.
12:58:57 PM  1000    921507    6.00    1.00    0.00    0.00    7.00    18  otelcol-contrib
12:58:57 PM  1000    921508    0.00    0.00    0.00    0.00    0.00    18  run-tempo.sh
12:58:57 PM  1000    921510    0.00    1.00    0.00    0.00    1.00    18  loki
12:58:57 PM  1000    921511    0.00    0.00    0.00    0.00    0.00    20  run-pyroscope.s
12:58:57 PM  1000    921512    1.00    0.00    0.00    0.00    1.00    18  prometheus
12:58:57 PM  1000    921515   38.00    1.00    0.00    0.00   39.00    18  tempo
12:58:57 PM  1000    921535    0.00    0.00    0.00    0.00    0.00    18  pyroscope

12:58:56 PM   UID       PID   cswch/s nvcswch/s  Command
12:58:57 PM  1000    921496      0.00      0.00  run-grafana.sh
12:58:57 PM  1000    921498      0.00      0.00  run-loki.sh
12:58:57 PM  1000    921501      0.00      0.00  grafana
12:58:57 PM  1000    921502      0.00      0.00  run-otelcol.sh
12:58:57 PM  1000    921505      0.00      0.00  run-prometheus.
12:58:57 PM  1000    921507      0.00      0.00  otelcol-contrib
12:58:57 PM  1000    921508      0.00      0.00  run-tempo.sh
12:58:57 PM  1000    921510     43.00      0.00  loki
12:58:57 PM  1000    921511      0.00      0.00  run-pyroscope.s
12:58:57 PM  1000    921512      0.00      0.00  prometheus
12:58:57 PM  1000    921515     63.00     25.00  tempo
12:58:57 PM  1000    921535      0.00      0.00  pyroscope

12:58:57 PM   UID       PID    %usr %system  %guest   %wait    %CPU   CPU  Command
12:58:58 PM  1000    921496    0.00    0.00    0.00    0.00    0.00    20  run-grafana.sh
12:58:58 PM  1000    921498    0.00    0.00    0.00    0.00    0.00    20  run-loki.sh
12:58:58 PM  1000    921501    0.00    1.00    0.00    0.00    1.00    18  grafana
12:58:58 PM  1000    921502    0.00    0.00    0.00    0.00    0.00    18  run-otelcol.sh
12:58:58 PM  1000    921505    0.00    0.00    0.00    0.00    0.00    18  run-prometheus.
12:58:58 PM  1000    921507    6.00    0.00    0.00    0.00    6.00    18  otelcol-contrib
12:58:58 PM  1000    921508    0.00    0.00    0.00    0.00    0.00    18  run-tempo.sh
12:58:58 PM  1000    921510    0.00    0.00    0.00    0.00    0.00    20  loki
12:58:58 PM  1000    921511    0.00    0.00    0.00    0.00    0.00    20  run-pyroscope.s
12:58:58 PM  1000    921512    0.00    0.00    0.00    0.00    0.00    18  prometheus
12:58:58 PM  1000    921515   23.00    2.00    0.00    0.00   25.00    16  tempo
12:58:58 PM  1000    921535    0.00    0.00    0.00    0.00    0.00    18  pyroscope

12:58:57 PM   UID       PID   cswch/s nvcswch/s  Command
12:58:58 PM  1000    921496      0.00      0.00  run-grafana.sh
12:58:58 PM  1000    921498      0.00      0.00  run-loki.sh
12:58:58 PM  1000    921501      0.00      0.00  grafana
12:58:58 PM  1000    921502      0.00      0.00  run-otelcol.sh
12:58:58 PM  1000    921505      0.00      0.00  run-prometheus.
12:58:58 PM  1000    921507      0.00      0.00  otelcol-contrib
12:58:58 PM  1000    921508      0.00      0.00  run-tempo.sh
12:58:58 PM  1000    921510     47.00      0.00  loki
12:58:58 PM  1000    921511      0.00      0.00  run-pyroscope.s
12:58:58 PM  1000    921512      0.00      0.00  prometheus
12:58:58 PM  1000    921515    106.00      2.00  tempo
12:58:58 PM  1000    921535      0.00      0.00  pyroscope

12:58:58 PM   UID       PID    %usr %system  %guest   %wait    %CPU   CPU  Command
12:58:59 PM  1000    921496    0.00    0.00    0.00    0.00    0.00    20  run-grafana.sh
12:58:59 PM  1000    921498    0.00    0.00    0.00    0.00    0.00    20  run-loki.sh
12:58:59 PM  1000    921501    2.00    0.00    0.00    0.00    2.00    18  grafana
12:58:59 PM  1000    921502    0.00    0.00    0.00    0.00    0.00    18  run-otelcol.sh
12:58:59 PM  1000    921505    0.00    0.00    0.00    0.00    0.00    18  run-prometheus.
12:58:59 PM  1000    921507    8.00    1.00    0.00    0.00    9.00    18  otelcol-contrib
12:58:59 PM  1000    921508    0.00    0.00    0.00    0.00    0.00    18  run-tempo.sh
12:58:59 PM  1000    921510    0.00    0.00    0.00    0.00    0.00    18  loki
12:58:59 PM  1000    921511    0.00    0.00    0.00    0.00    0.00    20  run-pyroscope.s
12:58:59 PM  1000    921512    0.00    0.00    0.00    0.00    0.00    18  prometheus
12:58:59 PM  1000    921515   45.00    1.00    0.00    0.00   46.00    18  tempo
12:58:59 PM  1000    921535    0.00    0.00    0.00    0.00    0.00    18  pyroscope

12:58:58 PM   UID       PID   cswch/s nvcswch/s  Command
12:58:59 PM  1000    921496      0.00      0.00  run-grafana.sh
12:58:59 PM  1000    921498      0.00      0.00  run-loki.sh
12:58:59 PM  1000    921501      0.00      0.00  grafana
12:58:59 PM  1000    921502      0.00      0.00  run-otelcol.sh
12:58:59 PM  1000    921505      0.00      0.00  run-prometheus.
12:58:59 PM  1000    921507      0.00      0.00  otelcol-contrib
12:58:59 PM  1000    921508      0.00      0.00  run-tempo.sh
12:58:59 PM  1000    921510     39.00      0.00  loki
12:58:59 PM  1000    921511      0.00      0.00  run-pyroscope.s
12:58:59 PM  1000    921512      0.00      0.00  prometheus
12:58:59 PM  1000    921515     91.00      5.00  tempo
12:58:59 PM  1000    921535      0.00      0.00  pyroscope

12:58:59 PM   UID       PID    %usr %system  %guest   %wait    %CPU   CPU  Command
12:59:00 PM  1000    921496    0.00    0.00    0.00    0.00    0.00    20  run-grafana.sh
12:59:00 PM  1000    921498    0.00    0.00    0.00    0.00    0.00    20  run-loki.sh
12:59:00 PM  1000    921501    1.00    0.00    0.00    0.00    1.00    18  grafana
12:59:00 PM  1000    921502    0.00    0.00    0.00    0.00    0.00    18  run-otelcol.sh
12:59:00 PM  1000    921505    0.00    0.00    0.00    0.00    0.00    18  run-prometheus.
12:59:00 PM  1000    921507    6.00    0.00    0.00    0.00    6.00    18  otelcol-contrib
12:59:00 PM  1000    921508    0.00    0.00    0.00    0.00    0.00    18  run-tempo.sh
12:59:00 PM  1000    921510    1.00    0.00    0.00    0.00    1.00    18  loki
12:59:00 PM  1000    921511    0.00    0.00    0.00    0.00    0.00    20  run-pyroscope.s
12:59:00 PM  1000    921512    0.00    0.00    0.00    0.00    0.00    18  prometheus
12:59:00 PM  1000    921515   44.00    1.00    0.00    1.00   45.00    16  tempo
12:59:00 PM  1000    921535    1.00    0.00    0.00    0.00    1.00    18  pyroscope

12:58:59 PM   UID       PID   cswch/s nvcswch/s  Command
12:59:00 PM  1000    921496      0.00      0.00  run-grafana.sh
12:59:00 PM  1000    921498      0.00      0.00  run-loki.sh
12:59:00 PM  1000    921501      0.00      0.00  grafana
12:59:00 PM  1000    921502      0.00      0.00  run-otelcol.sh
12:59:00 PM  1000    921505      0.00      0.00  run-prometheus.
12:59:00 PM  1000    921507      0.00      0.00  otelcol-contrib
12:59:00 PM  1000    921508      0.00      0.00  run-tempo.sh
12:59:00 PM  1000    921510      4.00      0.00  loki
12:59:00 PM  1000    921511      0.00      0.00  run-pyroscope.s
12:59:00 PM  1000    921512      0.00      0.00  prometheus
12:59:00 PM  1000    921515     85.00     62.00  tempo
12:59:00 PM  1000    921535      0.00      0.00  pyroscope

12:59:00 PM   UID       PID    %usr %system  %guest   %wait    %CPU   CPU  Command
12:59:01 PM  1000    921496    0.00    0.00    0.00    0.00    0.00    20  run-grafana.sh
12:59:01 PM  1000    921498    0.00    0.00    0.00    0.00    0.00    20  run-loki.sh
12:59:01 PM  1000    921501    0.00    0.00    0.00    0.00    0.00    18  grafana
12:59:01 PM  1000    921502    0.00    0.00    0.00    0.00    0.00    18  run-otelcol.sh
12:59:01 PM  1000    921505    0.00    0.00    0.00    0.00    0.00    18  run-prometheus.
12:59:01 PM  1000    921507    7.00    1.00    0.00    0.00    8.00    18  otelcol-contrib
12:59:01 PM  1000    921508    0.00    0.00    0.00    0.00    0.00    18  run-tempo.sh
12:59:01 PM  1000    921510    0.00    0.00    0.00    0.00    0.00    20  loki
12:59:01 PM  1000    921511    0.00    0.00    0.00    0.00    0.00    20  run-pyroscope.s
12:59:01 PM  1000    921512    0.00    0.00    0.00    0.00    0.00    18  prometheus
12:59:01 PM  1000    921515   61.00    5.00    0.00    1.00   66.00    16  tempo
12:59:01 PM  1000    921535    0.00    0.00    0.00    0.00    0.00    18  pyroscope

12:59:00 PM   UID       PID   cswch/s nvcswch/s  Command
12:59:01 PM  1000    921496      0.00      0.00  run-grafana.sh
12:59:01 PM  1000    921498      0.00      0.00  run-loki.sh
12:59:01 PM  1000    921501      0.00      0.00  grafana
12:59:01 PM  1000    921502      0.00      0.00  run-otelcol.sh
12:59:01 PM  1000    921505      0.00      0.00  run-prometheus.
12:59:01 PM  1000    921507      0.00      0.00  otelcol-contrib
12:59:01 PM  1000    921508      0.00      0.00  run-tempo.sh
12:59:01 PM  1000    921510      4.00      0.00  loki
12:59:01 PM  1000    921511      0.00      0.00  run-pyroscope.s
12:59:01 PM  1000    921512      0.00      0.00  prometheus
12:59:01 PM  1000    921515     88.00      8.00  tempo
12:59:01 PM  1000    921535      0.00      0.00  pyroscope

12:59:01 PM   UID       PID    %usr %system  %guest   %wait    %CPU   CPU  Command
12:59:02 PM  1000    921496    0.00    0.00    0.00    0.00    0.00    20  run-grafana.sh
12:59:02 PM  1000    921498    0.00    0.00    0.00    0.00    0.00    20  run-loki.sh
12:59:02 PM  1000    921501    0.00    0.00    0.00    0.00    0.00    18  grafana
12:59:02 PM  1000    921502    0.00    0.00    0.00    0.00    0.00    18  run-otelcol.sh
12:59:02 PM  1000    921505    0.00    0.00    0.00    0.00    0.00    18  run-prometheus.
12:59:02 PM  1000    921507    7.00    0.00    0.00    0.00    7.00    18  otelcol-contrib
12:59:02 PM  1000    921508    0.00    0.00    0.00    0.00    0.00    18  run-tempo.sh
12:59:02 PM  1000    921510    0.00    0.00    0.00    0.00    0.00    16  loki
12:59:02 PM  1000    921511    0.00    0.00    0.00    0.00    0.00    20  run-pyroscope.s
12:59:02 PM  1000    921512    0.00    0.00    0.00    0.00    0.00    18  prometheus
12:59:02 PM  1000    921515   57.00    5.00    0.00    0.00   62.00    16  tempo
12:59:02 PM  1000    921535    0.00    0.00    0.00    0.00    0.00    18  pyroscope

12:59:01 PM   UID       PID   cswch/s nvcswch/s  Command
12:59:02 PM  1000    921496      0.00      0.00  run-grafana.sh
12:59:02 PM  1000    921498      0.00      0.00  run-loki.sh
12:59:02 PM  1000    921501      0.00      0.00  grafana
12:59:02 PM  1000    921502      0.00      0.00  run-otelcol.sh
12:59:02 PM  1000    921505      0.00      0.00  run-prometheus.
12:59:02 PM  1000    921507      0.00      0.00  otelcol-contrib
12:59:02 PM  1000    921508      0.00      0.00  run-tempo.sh
12:59:02 PM  1000    921510     42.00      0.00  loki
12:59:02 PM  1000    921511      0.00      0.00  run-pyroscope.s
12:59:02 PM  1000    921512      0.00      0.00  prometheus
12:59:02 PM  1000    921515     81.00     16.00  tempo
12:59:02 PM  1000    921535      0.00      0.00  pyroscope

12:59:02 PM   UID       PID    %usr %system  %guest   %wait    %CPU   CPU  Command
12:59:03 PM  1000    921496    0.00    0.00    0.00    0.00    0.00    20  run-grafana.sh
12:59:03 PM  1000    921498    0.00    0.00    0.00    0.00    0.00    20  run-loki.sh
12:59:03 PM  1000    921501    0.00    0.00    0.00    0.00    0.00    18  grafana
12:59:03 PM  1000    921502    0.00    0.00    0.00    0.00    0.00    18  run-otelcol.sh
12:59:03 PM  1000    921505    0.00    0.00    0.00    0.00    0.00    18  run-prometheus.
12:59:03 PM  1000    921507    7.00    0.00    0.00    0.00    7.00    18  otelcol-contrib
12:59:03 PM  1000    921508    0.00    0.00    0.00    0.00    0.00    18  run-tempo.sh
12:59:03 PM  1000    921510    0.00    0.00    0.00    0.00    0.00    18  loki
12:59:03 PM  1000    921511    0.00    0.00    0.00    0.00    0.00    20  run-pyroscope.s
12:59:03 PM  1000    921512    0.00    0.00    0.00    0.00    0.00    18  prometheus
12:59:03 PM  1000    921515   71.00    2.00    0.00    0.00   73.00    16  tempo
12:59:03 PM  1000    921535    0.00    1.00    0.00    0.00    1.00    18  pyroscope

12:59:02 PM   UID       PID   cswch/s nvcswch/s  Command
12:59:03 PM  1000    921496      0.00      0.00  run-grafana.sh
12:59:03 PM  1000    921498      0.00      0.00  run-loki.sh
12:59:03 PM  1000    921501      0.00      0.00  grafana
12:59:03 PM  1000    921502      0.00      0.00  run-otelcol.sh
12:59:03 PM  1000    921505      0.00      0.00  run-prometheus.
12:59:03 PM  1000    921507      0.00      0.00  otelcol-contrib
12:59:03 PM  1000    921508      0.00      0.00  run-tempo.sh
12:59:03 PM  1000    921510     38.00      0.00  loki
12:59:03 PM  1000    921511      0.00      0.00  run-pyroscope.s
12:59:03 PM  1000    921512      0.00      0.00  prometheus
12:59:03 PM  1000    921515     62.00     35.00  tempo
12:59:03 PM  1000    921535      0.00      0.00  pyroscope

12:59:03 PM   UID       PID    %usr %system  %guest   %wait    %CPU   CPU  Command
12:59:04 PM  1000    921496    0.00    0.00    0.00    0.00    0.00    20  run-grafana.sh
12:59:04 PM  1000    921498    0.00    0.00    0.00    0.00    0.00    20  run-loki.sh
12:59:04 PM  1000    921501    0.00    0.00    0.00    0.00    0.00    18  grafana
12:59:04 PM  1000    921502    0.00    0.00    0.00    0.00    0.00    18  run-otelcol.sh
12:59:04 PM  1000    921505    0.00    0.00    0.00    0.00    0.00    18  run-prometheus.
12:59:04 PM  1000    921507    6.00    0.00    0.00    0.00    6.00    18  otelcol-contrib
12:59:04 PM  1000    921508    0.00    0.00    0.00    0.00    0.00    18  run-tempo.sh
12:59:04 PM  1000    921510    1.00    0.00    0.00    0.00    1.00    18  loki
12:59:04 PM  1000    921511    0.00    0.00    0.00    0.00    0.00    20  run-pyroscope.s
12:59:04 PM  1000    921512    0.00    0.00    0.00    0.00    0.00    18  prometheus
12:59:04 PM  1000    921515   57.00    1.00    0.00    1.00   58.00    16  tempo
12:59:04 PM  1000    921535    0.00    0.00    0.00    0.00    0.00    18  pyroscope

12:59:03 PM   UID       PID   cswch/s nvcswch/s  Command
12:59:04 PM  1000    921496      0.00      0.00  run-grafana.sh
12:59:04 PM  1000    921498      0.00      0.00  run-loki.sh
12:59:04 PM  1000    921501      0.00      0.00  grafana
12:59:04 PM  1000    921502      0.00      0.00  run-otelcol.sh
12:59:04 PM  1000    921505      0.00      0.00  run-prometheus.
12:59:04 PM  1000    921507      0.00      0.00  otelcol-contrib
12:59:04 PM  1000    921508      0.00      0.00  run-tempo.sh
12:59:04 PM  1000    921510     33.00      1.00  loki
12:59:04 PM  1000    921511      0.00      0.00  run-pyroscope.s
12:59:04 PM  1000    921512      0.00      0.00  prometheus
12:59:04 PM  1000    921515     69.00     43.00  tempo
12:59:04 PM  1000    921535      0.00      0.00  pyroscope

12:59:04 PM   UID       PID    %usr %system  %guest   %wait    %CPU   CPU  Command
12:59:05 PM  1000    921496    0.00    0.00    0.00    0.00    0.00    20  run-grafana.sh
12:59:05 PM  1000    921498    0.00    0.00    0.00    0.00    0.00    20  run-loki.sh
12:59:05 PM  1000    921501    0.00    0.00    0.00    0.00    0.00    18  grafana
12:59:05 PM  1000    921502    0.00    0.00    0.00    0.00    0.00    18  run-otelcol.sh
12:59:05 PM  1000    921505    0.00    0.00    0.00    0.00    0.00    18  run-prometheus.
12:59:05 PM  1000    921507    6.00    1.00    0.00    0.00    7.00    18  otelcol-contrib
12:59:05 PM  1000    921508    0.00    0.00    0.00    0.00    0.00    18  run-tempo.sh
12:59:05 PM  1000    921510    0.00    0.00    0.00    0.00    0.00    16  loki
12:59:05 PM  1000    921511    0.00    0.00    0.00    0.00    0.00    20  run-pyroscope.s
12:59:05 PM  1000    921512    0.00    0.00    0.00    0.00    0.00    18  prometheus
12:59:05 PM  1000    921515   46.00    1.00    0.00    0.00   47.00    18  tempo
12:59:05 PM  1000    921535    0.00    0.00    0.00    0.00    0.00    18  pyroscope

12:59:04 PM   UID       PID   cswch/s nvcswch/s  Command
12:59:05 PM  1000    921496      0.00      0.00  run-grafana.sh
12:59:05 PM  1000    921498      0.00      0.00  run-loki.sh
12:59:05 PM  1000    921501      0.00      0.00  grafana
12:59:05 PM  1000    921502      0.00      0.00  run-otelcol.sh
12:59:05 PM  1000    921505      0.00      0.00  run-prometheus.
12:59:05 PM  1000    921507      0.00      0.00  otelcol-contrib
12:59:05 PM  1000    921508      0.00      0.00  run-tempo.sh
12:59:05 PM  1000    921510     45.00      0.00  loki
12:59:05 PM  1000    921511      0.00      0.00  run-pyroscope.s
12:59:05 PM  1000    921512      0.00      0.00  prometheus
12:59:05 PM  1000    921515     37.00      3.00  tempo
12:59:05 PM  1000    921535      0.00      0.00  pyroscope

12:59:05 PM   UID       PID    %usr %system  %guest   %wait    %CPU   CPU  Command
12:59:06 PM  1000    921496    0.00    0.00    0.00    0.00    0.00    20  run-grafana.sh
12:59:06 PM  1000    921498    0.00    0.00    0.00    0.00    0.00    20  run-loki.sh
12:59:06 PM  1000    921501    0.00    0.00    0.00    0.00    0.00    18  grafana
12:59:06 PM  1000    921502    0.00    0.00    0.00    0.00    0.00    18  run-otelcol.sh
12:59:06 PM  1000    921505    0.00    0.00    0.00    0.00    0.00    18  run-prometheus.
12:59:06 PM  1000    921507    7.00    0.00    0.00    0.00    7.00    18  otelcol-contrib
12:59:06 PM  1000    921508    0.00    0.00    0.00    0.00    0.00    18  run-tempo.sh
12:59:06 PM  1000    921510    0.00    0.00    0.00    0.00    0.00    16  loki
12:59:06 PM  1000    921511    0.00    0.00    0.00    0.00    0.00    20  run-pyroscope.s
12:59:06 PM  1000    921512    1.00    0.00    0.00    0.00    1.00    18  prometheus
12:59:06 PM  1000    921515  149.00    7.00    0.00    0.00  156.00    18  tempo
12:59:06 PM  1000    921535    0.00    0.00    0.00    0.00    0.00    18  pyroscope

12:59:05 PM   UID       PID   cswch/s nvcswch/s  Command
12:59:06 PM  1000    921496      0.00      0.00  run-grafana.sh
12:59:06 PM  1000    921498      0.00      0.00  run-loki.sh
12:59:06 PM  1000    921501      0.00      0.00  grafana
12:59:06 PM  1000    921502      0.00      0.00  run-otelcol.sh
12:59:06 PM  1000    921505      0.00      0.00  run-prometheus.
12:59:06 PM  1000    921507      0.00      0.00  otelcol-contrib
12:59:06 PM  1000    921508      0.00      0.00  run-tempo.sh
12:59:06 PM  1000    921510     40.00      0.00  loki
12:59:06 PM  1000    921511      0.00      0.00  run-pyroscope.s
12:59:06 PM  1000    921512      0.00      0.00  prometheus
12:59:06 PM  1000    921515      0.00      0.00  tempo
12:59:06 PM  1000    921535      0.00      0.00  pyroscope

12:59:06 PM   UID       PID    %usr %system  %guest   %wait    %CPU   CPU  Command
12:59:07 PM  1000    921496    0.00    0.00    0.00    0.00    0.00    20  run-grafana.sh
12:59:07 PM  1000    921498    0.00    0.00    0.00    0.00    0.00    20  run-loki.sh
12:59:07 PM  1000    921501    0.00    0.00    0.00    0.00    0.00    18  grafana
12:59:07 PM  1000    921502    0.00    0.00    0.00    0.00    0.00    18  run-otelcol.sh
12:59:07 PM  1000    921505    0.00    0.00    0.00    0.00    0.00    18  run-prometheus.
12:59:07 PM  1000    921507    6.00    0.00    0.00    0.00    6.00    18  otelcol-contrib
12:59:07 PM  1000    921508    0.00    0.00    0.00    0.00    0.00    18  run-tempo.sh
12:59:07 PM  1000    921510    0.00    0.00    0.00    0.00    0.00    16  loki
12:59:07 PM  1000    921511    0.00    0.00    0.00    0.00    0.00    20  run-pyroscope.s
12:59:07 PM  1000    921512    0.00    0.00    0.00    0.00    0.00    18  prometheus
12:59:07 PM  1000    921515  154.00    4.00    0.00    0.00  158.00    16  tempo
12:59:07 PM  1000    921535    5.00    0.00    0.00    0.00    5.00    18  pyroscope

12:59:06 PM   UID       PID   cswch/s nvcswch/s  Command
12:59:07 PM  1000    921496      0.00      0.00  run-grafana.sh
12:59:07 PM  1000    921498      0.00      0.00  run-loki.sh
12:59:07 PM  1000    921501      0.00      0.00  grafana
12:59:07 PM  1000    921502      0.00      0.00  run-otelcol.sh
12:59:07 PM  1000    921505      0.00      0.00  run-prometheus.
12:59:07 PM  1000    921507      0.00      0.00  otelcol-contrib
12:59:07 PM  1000    921508      0.00      0.00  run-tempo.sh
12:59:07 PM  1000    921510     48.00      0.00  loki
12:59:07 PM  1000    921511      0.00      0.00  run-pyroscope.s
12:59:07 PM  1000    921512      0.00      0.00  prometheus
12:59:07 PM  1000    921515     60.00      8.00  tempo
12:59:07 PM  1000    921535      0.00      0.00  pyroscope

12:59:07 PM   UID       PID    %usr %system  %guest   %wait    %CPU   CPU  Command
12:59:08 PM  1000    921496    0.00    0.00    0.00    0.00    0.00    20  run-grafana.sh
12:59:08 PM  1000    921498    0.00    0.00    0.00    0.00    0.00    20  run-loki.sh
12:59:08 PM  1000    921501    0.00    0.00    0.00    0.00    0.00    18  grafana
12:59:08 PM  1000    921502    0.00    0.00    0.00    0.00    0.00    18  run-otelcol.sh
12:59:08 PM  1000    921505    0.00    0.00    0.00    0.00    0.00    18  run-prometheus.
12:59:08 PM  1000    921507    6.00    1.00    0.00    0.00    7.00    18  otelcol-contrib
12:59:08 PM  1000    921508    0.00    0.00    0.00    0.00    0.00    18  run-tempo.sh
12:59:08 PM  1000    921510    1.00    0.00    0.00    0.00    1.00    18  loki
12:59:08 PM  1000    921511    0.00    0.00    0.00    0.00    0.00    20  run-pyroscope.s
12:59:08 PM  1000    921512    0.00    0.00    0.00    0.00    0.00    18  prometheus
12:59:08 PM  1000    921515  159.00   14.00    0.00    0.00  173.00    18  tempo
12:59:08 PM  1000    921535    1.00    0.00    0.00    0.00    1.00    18  pyroscope

12:59:07 PM   UID       PID   cswch/s nvcswch/s  Command
12:59:08 PM  1000    921496      0.00      0.00  run-grafana.sh
12:59:08 PM  1000    921498      0.00      0.00  run-loki.sh
12:59:08 PM  1000    921501      0.00      0.00  grafana
12:59:08 PM  1000    921502      0.00      0.00  run-otelcol.sh
12:59:08 PM  1000    921505      0.00      0.00  run-prometheus.
12:59:08 PM  1000    921507      0.00      0.00  otelcol-contrib
12:59:08 PM  1000    921508      0.00      0.00  run-tempo.sh
12:59:08 PM  1000    921510     30.00      0.00  loki
12:59:08 PM  1000    921511      0.00      0.00  run-pyroscope.s
12:59:08 PM  1000    921512      0.00      0.00  prometheus
12:59:08 PM  1000    921515     52.00     30.00  tempo
12:59:08 PM  1000    921535      0.00      0.00  pyroscope

12:59:08 PM   UID       PID    %usr %system  %guest   %wait    %CPU   CPU  Command
12:59:09 PM  1000    921496    0.00    0.00    0.00    0.00    0.00    20  run-grafana.sh
12:59:09 PM  1000    921498    0.00    0.00    0.00    0.00    0.00    20  run-loki.sh
12:59:09 PM  1000    921501    3.00    0.00    0.00    0.00    3.00    18  grafana
12:59:09 PM  1000    921502    0.00    0.00    0.00    0.00    0.00    18  run-otelcol.sh
12:59:09 PM  1000    921505    0.00    0.00    0.00    0.00    0.00    18  run-prometheus.
12:59:09 PM  1000    921507    8.00    0.00    0.00    0.00    8.00    18  otelcol-contrib
12:59:09 PM  1000    921508    0.00    0.00    0.00    0.00    0.00    18  run-tempo.sh
12:59:09 PM  1000    921510    0.00    1.00    0.00    0.00    1.00    16  loki
12:59:09 PM  1000    921511    0.00    0.00    0.00    0.00    0.00    20  run-pyroscope.s
12:59:09 PM  1000    921512    0.00    0.00    0.00    0.00    0.00    18  prometheus
12:59:09 PM  1000    921515  144.00    4.00    0.00    2.00  148.00    18  tempo
12:59:09 PM  1000    921535    0.00    1.00    0.00    0.00    1.00    18  pyroscope

12:59:08 PM   UID       PID   cswch/s nvcswch/s  Command
12:59:09 PM  1000    921496      0.00      0.00  run-grafana.sh
12:59:09 PM  1000    921498      0.00      0.00  run-loki.sh
12:59:09 PM  1000    921501      0.00      0.00  grafana
12:59:09 PM  1000    921502      0.00      0.00  run-otelcol.sh
12:59:09 PM  1000    921505      0.00      0.00  run-prometheus.
12:59:09 PM  1000    921507      0.00      0.00  otelcol-contrib
12:59:09 PM  1000    921508      0.00      0.00  run-tempo.sh
12:59:09 PM  1000    921510     17.00      0.00  loki
12:59:09 PM  1000    921511      0.00      0.00  run-pyroscope.s
12:59:09 PM  1000    921512      0.00      0.00  prometheus
12:59:09 PM  1000    921515     81.00     62.00  tempo
12:59:09 PM  1000    921535      0.00      0.00  pyroscope

12:59:09 PM   UID       PID    %usr %system  %guest   %wait    %CPU   CPU  Command
12:59:10 PM  1000    921496    0.00    0.00    0.00    0.00    0.00    20  run-grafana.sh
12:59:10 PM  1000    921498    0.00    0.00    0.00    0.00    0.00    20  run-loki.sh
12:59:10 PM  1000    921501    1.00    1.00    0.00    0.00    2.00    18  grafana
12:59:10 PM  1000    921502    0.00    0.00    0.00    0.00    0.00    18  run-otelcol.sh
12:59:10 PM  1000    921505    0.00    0.00    0.00    0.00    0.00    18  run-prometheus.
12:59:10 PM  1000    921507    6.00    0.00    0.00    0.00    6.00    18  otelcol-contrib
12:59:10 PM  1000    921508    0.00    0.00    0.00    0.00    0.00    18  run-tempo.sh
12:59:10 PM  1000    921510    0.00    0.00    0.00    0.00    0.00    16  loki
12:59:10 PM  1000    921511    0.00    0.00    0.00    0.00    0.00    20  run-pyroscope.s
12:59:10 PM  1000    921512    0.00    0.00    0.00    0.00    0.00    18  prometheus
12:59:10 PM  1000    921515  105.00    9.00    0.00    1.00  114.00    16  tempo
12:59:10 PM  1000    921535    0.00    0.00    0.00    0.00    0.00    18  pyroscope

12:59:09 PM   UID       PID   cswch/s nvcswch/s  Command
12:59:10 PM  1000    921496      0.00      0.00  run-grafana.sh
12:59:10 PM  1000    921498      0.00      0.00  run-loki.sh
12:59:10 PM  1000    921501      0.00      0.00  grafana
12:59:10 PM  1000    921502      0.00      0.00  run-otelcol.sh
12:59:10 PM  1000    921505      0.00      0.00  run-prometheus.
12:59:10 PM  1000    921507      0.00      0.00  otelcol-contrib
12:59:10 PM  1000    921508      0.00      0.00  run-tempo.sh
12:59:10 PM  1000    921510      0.00      0.00  loki
12:59:10 PM  1000    921511      0.00      0.00  run-pyroscope.s
12:59:10 PM  1000    921512      0.00      0.00  prometheus
12:59:10 PM  1000    921515     89.00     12.00  tempo
12:59:10 PM  1000    921535      0.00      0.00  pyroscope

12:59:10 PM   UID       PID    %usr %system  %guest   %wait    %CPU   CPU  Command
12:59:11 PM  1000    921496    0.00    0.00    0.00    0.00    0.00    20  run-grafana.sh
12:59:11 PM  1000    921498    0.00    0.00    0.00    0.00    0.00    20  run-loki.sh
12:59:11 PM  1000    921501    0.00    0.00    0.00    0.00    0.00    18  grafana
12:59:11 PM  1000    921502    0.00    0.00    0.00    0.00    0.00    18  run-otelcol.sh
12:59:11 PM  1000    921505    0.00    0.00    0.00    0.00    0.00    18  run-prometheus.
12:59:11 PM  1000    921507    7.00    1.00    0.00    0.00    8.00    18  otelcol-contrib
12:59:11 PM  1000    921508    0.00    0.00    0.00    0.00    0.00    18  run-tempo.sh
12:59:11 PM  1000    921510    0.00    0.00    0.00    0.00    0.00    20  loki
12:59:11 PM  1000    921511    0.00    0.00    0.00    0.00    0.00    20  run-pyroscope.s
12:59:11 PM  1000    921512    2.00    0.00    0.00    0.00    2.00    18  prometheus
12:59:11 PM  1000    921515   46.00    3.00    0.00    0.00   49.00    20  tempo
12:59:11 PM  1000    921535    0.00    0.00    0.00    0.00    0.00    18  pyroscope

12:59:10 PM   UID       PID   cswch/s nvcswch/s  Command
12:59:11 PM  1000    921496      0.00      0.00  run-grafana.sh
12:59:11 PM  1000    921498      0.00      0.00  run-loki.sh
12:59:11 PM  1000    921501      0.00      0.00  grafana
12:59:11 PM  1000    921502      0.00      0.00  run-otelcol.sh
12:59:11 PM  1000    921505      0.00      0.00  run-prometheus.
12:59:11 PM  1000    921507      0.00      0.00  otelcol-contrib
12:59:11 PM  1000    921508      0.00      0.00  run-tempo.sh
12:59:11 PM  1000    921510     28.00      0.00  loki
12:59:11 PM  1000    921511      0.00      0.00  run-pyroscope.s
12:59:11 PM  1000    921512      0.00      0.00  prometheus
12:59:11 PM  1000    921515     90.00      4.00  tempo
12:59:11 PM  1000    921535      0.00      0.00  pyroscope

12:59:11 PM   UID       PID    %usr %system  %guest   %wait    %CPU   CPU  Command
12:59:12 PM  1000    921496    0.00    0.00    0.00    0.00    0.00    20  run-grafana.sh
12:59:12 PM  1000    921498    0.00    0.00    0.00    0.00    0.00    20  run-loki.sh
12:59:12 PM  1000    921501    0.00    0.00    0.00    0.00    0.00    18  grafana
12:59:12 PM  1000    921502    0.00    0.00    0.00    0.00    0.00    18  run-otelcol.sh
12:59:12 PM  1000    921505    0.00    0.00    0.00    0.00    0.00    18  run-prometheus.
12:59:12 PM  1000    921507    6.00    0.00    0.00    0.00    6.00    18  otelcol-contrib
12:59:12 PM  1000    921508    0.00    0.00    0.00    0.00    0.00    18  run-tempo.sh
12:59:12 PM  1000    921510    1.00    0.00    0.00    0.00    1.00    18  loki
12:59:12 PM  1000    921511    0.00    0.00    0.00    0.00    0.00    20  run-pyroscope.s
12:59:12 PM  1000    921512    0.00    0.00    0.00    0.00    0.00    18  prometheus
12:59:12 PM  1000    921515   58.00    5.00    0.00    1.00   63.00    18  tempo
12:59:12 PM  1000    921535    0.00    0.00    0.00    0.00    0.00    18  pyroscope

12:59:11 PM   UID       PID   cswch/s nvcswch/s  Command
12:59:12 PM  1000    921496      0.00      0.00  run-grafana.sh
12:59:12 PM  1000    921498      0.00      0.00  run-loki.sh
12:59:12 PM  1000    921501      0.00      0.00  grafana
12:59:12 PM  1000    921502      0.00      0.00  run-otelcol.sh
12:59:12 PM  1000    921505      0.00      0.00  run-prometheus.
12:59:12 PM  1000    921507      0.00      0.00  otelcol-contrib
12:59:12 PM  1000    921508      0.00      0.00  run-tempo.sh
12:59:12 PM  1000    921510     29.00      0.00  loki
12:59:12 PM  1000    921511      0.00      0.00  run-pyroscope.s
12:59:12 PM  1000    921512      0.00      0.00  prometheus
12:59:12 PM  1000    921515    126.00     18.00  tempo
12:59:12 PM  1000    921535      0.00      0.00  pyroscope

12:59:12 PM   UID       PID    %usr %system  %guest   %wait    %CPU   CPU  Command
12:59:13 PM  1000    921496    0.00    0.00    0.00    0.00    0.00    20  run-grafana.sh
12:59:13 PM  1000    921498    0.00    0.00    0.00    0.00    0.00    20  run-loki.sh
12:59:13 PM  1000    921501    0.00    0.00    0.00    0.00    0.00    18  grafana
12:59:13 PM  1000    921502    0.00    0.00    0.00    0.00    0.00    18  run-otelcol.sh
12:59:13 PM  1000    921505    0.00    0.00    0.00    0.00    0.00    18  run-prometheus.
12:59:13 PM  1000    921507    8.00    0.00    0.00    0.00    8.00    18  otelcol-contrib
12:59:13 PM  1000    921508    0.00    0.00    0.00    0.00    0.00    18  run-tempo.sh
12:59:13 PM  1000    921510    0.00    0.00    0.00    0.00    0.00    18  loki
12:59:13 PM  1000    921511    0.00    0.00    0.00    0.00    0.00    20  run-pyroscope.s
12:59:13 PM  1000    921512    0.00    0.00    0.00    0.00    0.00    18  prometheus
12:59:13 PM  1000    921515   43.00    3.00    0.00    0.00   46.00    16  tempo
12:59:13 PM  1000    921535    0.00    0.00    0.00    0.00    0.00    18  pyroscope

12:59:12 PM   UID       PID   cswch/s nvcswch/s  Command
12:59:13 PM  1000    921496      0.00      0.00  run-grafana.sh
12:59:13 PM  1000    921498      0.00      0.00  run-loki.sh
12:59:13 PM  1000    921501      0.00      0.00  grafana
12:59:13 PM  1000    921502      0.00      0.00  run-otelcol.sh
12:59:13 PM  1000    921505      0.00      0.00  run-prometheus.
12:59:13 PM  1000    921507      0.00      0.00  otelcol-contrib
12:59:13 PM  1000    921508      0.00      0.00  run-tempo.sh
12:59:13 PM  1000    921510     26.00      0.00  loki
12:59:13 PM  1000    921511      0.00      0.00  run-pyroscope.s
12:59:13 PM  1000    921512      0.00      0.00  prometheus
12:59:13 PM  1000    921515    113.00     72.00  tempo
12:59:13 PM  1000    921535      0.00      0.00  pyroscope

12:59:13 PM   UID       PID    %usr %system  %guest   %wait    %CPU   CPU  Command
12:59:14 PM  1000    921496    0.00    0.00    0.00    0.00    0.00    20  run-grafana.sh
12:59:14 PM  1000    921498    0.00    0.00    0.00    0.00    0.00    20  run-loki.sh
12:59:14 PM  1000    921501    0.00    0.00    0.00    0.00    0.00    18  grafana
12:59:14 PM  1000    921502    0.00    0.00    0.00    0.00    0.00    18  run-otelcol.sh
12:59:14 PM  1000    921505    0.00    0.00    0.00    0.00    0.00    18  run-prometheus.
12:59:14 PM  1000    921507    6.00    1.00    0.00    0.00    7.00    18  otelcol-contrib
12:59:14 PM  1000    921508    0.00    0.00    0.00    0.00    0.00    18  run-tempo.sh
12:59:14 PM  1000    921510    0.00    0.00    0.00    0.00    0.00    20  loki
12:59:14 PM  1000    921511    0.00    0.00    0.00    0.00    0.00    20  run-pyroscope.s
12:59:14 PM  1000    921512    0.00    0.00    0.00    0.00    0.00    18  prometheus
12:59:14 PM  1000    921515   83.00    5.00    0.00    1.00   88.00    16  tempo
12:59:14 PM  1000    921535    1.00    0.00    0.00    0.00    1.00    18  pyroscope

12:59:13 PM   UID       PID   cswch/s nvcswch/s  Command
12:59:14 PM  1000    921496      0.00      0.00  run-grafana.sh
12:59:14 PM  1000    921498      0.00      0.00  run-loki.sh
12:59:14 PM  1000    921501      0.00      0.00  grafana
12:59:14 PM  1000    921502      0.00      0.00  run-otelcol.sh
12:59:14 PM  1000    921505      0.00      0.00  run-prometheus.
12:59:14 PM  1000    921507      0.00      0.00  otelcol-contrib
12:59:14 PM  1000    921508      0.00      0.00  run-tempo.sh
12:59:14 PM  1000    921510     32.00      0.00  loki
12:59:14 PM  1000    921511      0.00      0.00  run-pyroscope.s
12:59:14 PM  1000    921512      0.00      0.00  prometheus
12:59:14 PM  1000    921515    104.00     48.00  tempo
12:59:14 PM  1000    921535      0.00      0.00  pyroscope

12:59:14 PM   UID       PID    %usr %system  %guest   %wait    %CPU   CPU  Command
12:59:15 PM  1000    921496    0.00    0.00    0.00    0.00    0.00    20  run-grafana.sh
12:59:15 PM  1000    921498    0.00    0.00    0.00    0.00    0.00    20  run-loki.sh
12:59:15 PM  1000    921501    0.00    0.00    0.00    0.00    0.00    18  grafana
12:59:15 PM  1000    921502    0.00    0.00    0.00    0.00    0.00    18  run-otelcol.sh
12:59:15 PM  1000    921505    0.00    0.00    0.00    0.00    0.00    18  run-prometheus.
12:59:15 PM  1000    921507    5.00    1.00    0.00    0.00    6.00    18  otelcol-contrib
12:59:15 PM  1000    921508    0.00    0.00    0.00    0.00    0.00    18  run-tempo.sh
12:59:15 PM  1000    921510    0.00    0.00    0.00    0.00    0.00    20  loki
12:59:15 PM  1000    921511    0.00    0.00    0.00    0.00    0.00    20  run-pyroscope.s
12:59:15 PM  1000    921512    0.00    0.00    0.00    0.00    0.00    18  prometheus
12:59:15 PM  1000    921515   22.00    2.00    0.00    0.00   24.00    16  tempo
12:59:15 PM  1000    921535    0.00    0.00    0.00    0.00    0.00    18  pyroscope

12:59:14 PM   UID       PID   cswch/s nvcswch/s  Command
12:59:15 PM  1000    921496      0.00      0.00  run-grafana.sh
12:59:15 PM  1000    921498      0.00      0.00  run-loki.sh
12:59:15 PM  1000    921501      0.00      0.00  grafana
12:59:15 PM  1000    921502      0.00      0.00  run-otelcol.sh
12:59:15 PM  1000    921505      0.00      0.00  run-prometheus.
12:59:15 PM  1000    921507      0.00      0.00  otelcol-contrib
12:59:15 PM  1000    921508      0.00      0.00  run-tempo.sh
12:59:15 PM  1000    921510     43.00      0.00  loki
12:59:15 PM  1000    921511      0.00      0.00  run-pyroscope.s
12:59:15 PM  1000    921512      0.00      0.00  prometheus
12:59:15 PM  1000    921515    113.00      1.00  tempo
12:59:15 PM  1000    921535      0.00      0.00  pyroscope

12:59:15 PM   UID       PID    %usr %system  %guest   %wait    %CPU   CPU  Command
12:59:16 PM  1000    921496    0.00    0.00    0.00    0.00    0.00    20  run-grafana.sh
12:59:16 PM  1000    921498    0.00    0.00    0.00    0.00    0.00    20  run-loki.sh
12:59:16 PM  1000    921501    0.00    0.00    0.00    0.00    0.00    18  grafana
12:59:16 PM  1000    921502    0.00    0.00    0.00    0.00    0.00    18  run-otelcol.sh
12:59:16 PM  1000    921505    0.00    0.00    0.00    0.00    0.00    18  run-prometheus.
12:59:16 PM  1000    921507    8.00    0.00    0.00    0.00    8.00    18  otelcol-contrib
12:59:16 PM  1000    921508    0.00    0.00    0.00    0.00    0.00    18  run-tempo.sh
12:59:16 PM  1000    921510    0.00    0.00    0.00    0.00    0.00    16  loki
12:59:16 PM  1000    921511    0.00    0.00    0.00    0.00    0.00    20  run-pyroscope.s
12:59:16 PM  1000    921512    0.00    0.00    0.00    0.00    0.00    18  prometheus
12:59:16 PM  1000    921515   83.00    4.00    0.00    0.00   87.00    18  tempo
12:59:16 PM  1000    921535    0.00    0.00    0.00    0.00    0.00    18  pyroscope

12:59:15 PM   UID       PID   cswch/s nvcswch/s  Command
12:59:16 PM  1000    921496      0.00      0.00  run-grafana.sh
12:59:16 PM  1000    921498      0.00      0.00  run-loki.sh
12:59:16 PM  1000    921501      0.00      0.00  grafana
12:59:16 PM  1000    921502      0.00      0.00  run-otelcol.sh
12:59:16 PM  1000    921505      0.00      0.00  run-prometheus.
12:59:16 PM  1000    921507      0.00      0.00  otelcol-contrib
12:59:16 PM  1000    921508      0.00      0.00  run-tempo.sh
12:59:16 PM  1000    921510     39.00      0.00  loki
12:59:16 PM  1000    921511      0.00      0.00  run-pyroscope.s
12:59:16 PM  1000    921512      0.00      0.00  prometheus
12:59:16 PM  1000    921515     94.00     12.00  tempo
12:59:16 PM  1000    921535      0.00      0.00  pyroscope

12:59:16 PM   UID       PID    %usr %system  %guest   %wait    %CPU   CPU  Command
12:59:17 PM  1000    921496    0.00    0.00    0.00    0.00    0.00    20  run-grafana.sh
12:59:17 PM  1000    921498    0.00    0.00    0.00    0.00    0.00    20  run-loki.sh
12:59:17 PM  1000    921501    0.00    0.00    0.00    0.00    0.00    18  grafana
12:59:17 PM  1000    921502    0.00    0.00    0.00    0.00    0.00    18  run-otelcol.sh
12:59:17 PM  1000    921505    0.00    0.00    0.00    0.00    0.00    18  run-prometheus.
12:59:17 PM  1000    921507    6.00    0.00    0.00    0.00    6.00    18  otelcol-contrib
12:59:17 PM  1000    921508    0.00    0.00    0.00    0.00    0.00    18  run-tempo.sh
12:59:17 PM  1000    921510    1.00    0.00    0.00    0.00    1.00    18  loki
12:59:17 PM  1000    921511    0.00    0.00    0.00    0.00    0.00    20  run-pyroscope.s
12:59:17 PM  1000    921512    0.00    0.00    0.00    0.00    0.00    18  prometheus
12:59:17 PM  1000    921515   23.00    2.00    0.00    0.00   25.00    20  tempo
12:59:17 PM  1000    921535    0.00    0.00    0.00    0.00    0.00    18  pyroscope

12:59:16 PM   UID       PID   cswch/s nvcswch/s  Command
12:59:17 PM  1000    921496      0.00      0.00  run-grafana.sh
12:59:17 PM  1000    921498      0.00      0.00  run-loki.sh
12:59:17 PM  1000    921501      0.00      0.00  grafana
12:59:17 PM  1000    921502      0.00      0.00  run-otelcol.sh
12:59:17 PM  1000    921505      0.00      0.00  run-prometheus.
12:59:17 PM  1000    921507      0.00      0.00  otelcol-contrib
12:59:17 PM  1000    921508      0.00      0.00  run-tempo.sh
12:59:17 PM  1000    921510     26.00      0.00  loki
12:59:17 PM  1000    921511      0.00      0.00  run-pyroscope.s
12:59:17 PM  1000    921512      0.00      0.00  prometheus
12:59:17 PM  1000    921515     99.00      4.00  tempo
12:59:17 PM  1000    921535      0.00      0.00  pyroscope

12:59:17 PM   UID       PID    %usr %system  %guest   %wait    %CPU   CPU  Command
12:59:18 PM  1000    921496    0.00    0.00    0.00    0.00    0.00    20  run-grafana.sh
12:59:18 PM  1000    921498    0.00    0.00    0.00    0.00    0.00    20  run-loki.sh
12:59:18 PM  1000    921501    0.00    0.00    0.00    0.00    0.00    18  grafana
12:59:18 PM  1000    921502    0.00    0.00    0.00    0.00    0.00    18  run-otelcol.sh
12:59:18 PM  1000    921505    0.00    0.00    0.00    0.00    0.00    18  run-prometheus.
12:59:18 PM  1000    921507    8.00    0.00    0.00    0.00    8.00    18  otelcol-contrib
12:59:18 PM  1000    921508    0.00    0.00    0.00    0.00    0.00    18  run-tempo.sh
12:59:18 PM  1000    921510    0.00    0.00    0.00    0.00    0.00    18  loki
12:59:18 PM  1000    921511    0.00    0.00    0.00    0.00    0.00    20  run-pyroscope.s
12:59:18 PM  1000    921512    0.00    0.00    0.00    0.00    0.00    18  prometheus
12:59:18 PM  1000    921515   37.00    2.00    0.00    0.00   39.00    20  tempo
12:59:18 PM  1000    921535    0.00    0.00    0.00    0.00    0.00    18  pyroscope

12:59:17 PM   UID       PID   cswch/s nvcswch/s  Command
12:59:18 PM  1000    921496      0.00      0.00  run-grafana.sh
12:59:18 PM  1000    921498      0.00      0.00  run-loki.sh
12:59:18 PM  1000    921501      0.00      0.00  grafana
12:59:18 PM  1000    921502      0.00      0.00  run-otelcol.sh
12:59:18 PM  1000    921505      0.00      0.00  run-prometheus.
12:59:18 PM  1000    921507      0.00      0.00  otelcol-contrib
12:59:18 PM  1000    921508      0.00      0.00  run-tempo.sh
12:59:18 PM  1000    921510     24.00      0.00  loki
12:59:18 PM  1000    921511      0.00      0.00  run-pyroscope.s
12:59:18 PM  1000    921512      0.00      0.00  prometheus
12:59:18 PM  1000    921515    110.00     60.00  tempo
12:59:18 PM  1000    921535      0.00      0.00  pyroscope

12:59:18 PM   UID       PID    %usr %system  %guest   %wait    %CPU   CPU  Command
12:59:19 PM  1000    921496    0.00    0.00    0.00    0.00    0.00    20  run-grafana.sh
12:59:19 PM  1000    921498    0.00    0.00    0.00    0.00    0.00    20  run-loki.sh
12:59:19 PM  1000    921501    3.00    0.00    0.00    0.00    3.00    18  grafana
12:59:19 PM  1000    921502    0.00    0.00    0.00    0.00    0.00    18  run-otelcol.sh
12:59:19 PM  1000    921505    0.00    0.00    0.00    0.00    0.00    18  run-prometheus.
12:59:19 PM  1000    921507    6.00    1.00    0.00    0.00    7.00    18  otelcol-contrib
12:59:19 PM  1000    921508    0.00    0.00    0.00    0.00    0.00    18  run-tempo.sh
12:59:19 PM  1000    921510    0.00    1.00    0.00    0.00    1.00    18  loki
12:59:19 PM  1000    921511    0.00    0.00    0.00    0.00    0.00    20  run-pyroscope.s
12:59:19 PM  1000    921512    0.00    0.00    0.00    0.00    0.00    18  prometheus
12:59:19 PM  1000    921515   41.00    3.00    0.00    1.00   44.00    16  tempo
12:59:19 PM  1000    921535    0.00    0.00    0.00    0.00    0.00    18  pyroscope

12:59:18 PM   UID       PID   cswch/s nvcswch/s  Command
12:59:19 PM  1000    921496      0.00      0.00  run-grafana.sh
12:59:19 PM  1000    921498      0.00      0.00  run-loki.sh
12:59:19 PM  1000    921501      0.00      0.00  grafana
12:59:19 PM  1000    921502      0.00      0.00  run-otelcol.sh
12:59:19 PM  1000    921505      0.00      0.00  run-prometheus.
12:59:19 PM  1000    921507      0.00      0.00  otelcol-contrib
12:59:19 PM  1000    921508      0.00      0.00  run-tempo.sh
12:59:19 PM  1000    921510     35.00      0.00  loki
12:59:19 PM  1000    921511      0.00      0.00  run-pyroscope.s
12:59:19 PM  1000    921512      0.00      0.00  prometheus
12:59:19 PM  1000    921515    109.00     29.00  tempo
12:59:19 PM  1000    921535      0.00      0.00  pyroscope

12:59:19 PM   UID       PID    %usr %system  %guest   %wait    %CPU   CPU  Command
12:59:20 PM  1000    921496    0.00    0.00    0.00    0.00    0.00    20  run-grafana.sh
12:59:20 PM  1000    921498    0.00    0.00    0.00    0.00    0.00    20  run-loki.sh
12:59:20 PM  1000    921501    0.00    1.00    0.00    0.00    1.00    18  grafana
12:59:20 PM  1000    921502    0.00    0.00    0.00    0.00    0.00    18  run-otelcol.sh
12:59:20 PM  1000    921505    0.00    0.00    0.00    0.00    0.00    18  run-prometheus.
12:59:20 PM  1000    921507    5.00    0.00    0.00    0.00    5.00    18  otelcol-contrib
12:59:20 PM  1000    921508    0.00    0.00    0.00    0.00    0.00    18  run-tempo.sh
12:59:20 PM  1000    921510    0.00    0.00    0.00    0.00    0.00    16  loki
12:59:20 PM  1000    921511    0.00    0.00    0.00    0.00    0.00    20  run-pyroscope.s
12:59:20 PM  1000    921512    1.00    0.00    0.00    0.00    1.00    18  prometheus
12:59:20 PM  1000    921515   84.00    7.00    0.00    0.00   91.00    18  tempo
12:59:20 PM  1000    921535    1.00    0.00    0.00    0.00    1.00    18  pyroscope

12:59:19 PM   UID       PID   cswch/s nvcswch/s  Command
12:59:20 PM  1000    921496      0.00      0.00  run-grafana.sh
12:59:20 PM  1000    921498      0.00      0.00  run-loki.sh
12:59:20 PM  1000    921501      0.00      0.00  grafana
12:59:20 PM  1000    921502      0.00      0.00  run-otelcol.sh
12:59:20 PM  1000    921505      0.00      0.00  run-prometheus.
12:59:20 PM  1000    921507      0.00      0.00  otelcol-contrib
12:59:20 PM  1000    921508      0.00      0.00  run-tempo.sh
12:59:20 PM  1000    921510      3.00      0.00  loki
12:59:20 PM  1000    921511      0.00      0.00  run-pyroscope.s
12:59:20 PM  1000    921512      0.00      0.00  prometheus
12:59:20 PM  1000    921515     66.00     12.00  tempo
12:59:20 PM  1000    921535      0.00      0.00  pyroscope

12:59:20 PM   UID       PID    %usr %system  %guest   %wait    %CPU   CPU  Command
12:59:21 PM  1000    921496    0.00    0.00    0.00    0.00    0.00    20  run-grafana.sh
12:59:21 PM  1000    921498    0.00    0.00    0.00    0.00    0.00    20  run-loki.sh
12:59:21 PM  1000    921501    0.00    0.00    0.00    0.00    0.00    18  grafana
12:59:21 PM  1000    921502    0.00    0.00    0.00    0.00    0.00    18  run-otelcol.sh
12:59:21 PM  1000    921505    0.00    0.00    0.00    0.00    0.00    18  run-prometheus.
12:59:21 PM  1000    921507    8.00    1.00    0.00    0.00    9.00    18  otelcol-contrib
12:59:21 PM  1000    921508    0.00    0.00    0.00    0.00    0.00    18  run-tempo.sh
12:59:21 PM  1000    921510    0.00    0.00    0.00    0.00    0.00    18  loki
12:59:21 PM  1000    921511    0.00    0.00    0.00    0.00    0.00    20  run-pyroscope.s
12:59:21 PM  1000    921512    0.00    0.00    0.00    0.00    0.00    18  prometheus
12:59:21 PM  1000    921515  116.00   13.00    0.00    0.00  129.00    16  tempo
12:59:21 PM  1000    921535    0.00    0.00    0.00    0.00    0.00    18  pyroscope

12:59:20 PM   UID       PID   cswch/s nvcswch/s  Command
12:59:21 PM  1000    921496      0.00      0.00  run-grafana.sh
12:59:21 PM  1000    921498      0.00      0.00  run-loki.sh
12:59:21 PM  1000    921501      0.00      0.00  grafana
12:59:21 PM  1000    921502      0.00      0.00  run-otelcol.sh
12:59:21 PM  1000    921505      0.00      0.00  run-prometheus.
12:59:21 PM  1000    921507      0.00      0.00  otelcol-contrib
12:59:21 PM  1000    921508      0.00      0.00  run-tempo.sh
12:59:21 PM  1000    921510     21.00      0.00  loki
12:59:21 PM  1000    921511      0.00      0.00  run-pyroscope.s
12:59:21 PM  1000    921512      0.00      0.00  prometheus
12:59:21 PM  1000    921515     83.00     57.00  tempo
12:59:21 PM  1000    921535      0.00      0.00  pyroscope

12:59:21 PM   UID       PID    %usr %system  %guest   %wait    %CPU   CPU  Command
12:59:22 PM  1000    921496    0.00    0.00    0.00    0.00    0.00    20  run-grafana.sh
12:59:22 PM  1000    921498    0.00    0.00    0.00    0.00    0.00    20  run-loki.sh
12:59:22 PM  1000    921501    0.00    0.00    0.00    0.00    0.00    18  grafana
12:59:22 PM  1000    921502    0.00    0.00    0.00    0.00    0.00    18  run-otelcol.sh
12:59:22 PM  1000    921505    0.00    0.00    0.00    0.00    0.00    18  run-prometheus.
12:59:22 PM  1000    921507    5.00    0.00    0.00    0.00    5.00    18  otelcol-contrib
12:59:22 PM  1000    921508    0.00    0.00    0.00    0.00    0.00    18  run-tempo.sh
12:59:22 PM  1000    921510    1.00    0.00    0.00    0.00    1.00    18  loki
12:59:22 PM  1000    921511    0.00    0.00    0.00    0.00    0.00    20  run-pyroscope.s
12:59:22 PM  1000    921512    0.00    0.00    0.00    0.00    0.00    18  prometheus
12:59:22 PM  1000    921515   22.00    1.00    0.00    0.00   23.00    20  tempo
12:59:22 PM  1000    921535    4.00    0.00    0.00    0.00    4.00    18  pyroscope

12:59:21 PM   UID       PID   cswch/s nvcswch/s  Command
12:59:22 PM  1000    921496      0.00      0.00  run-grafana.sh
12:59:22 PM  1000    921498      0.00      0.00  run-loki.sh
12:59:22 PM  1000    921501      0.00      0.00  grafana
12:59:22 PM  1000    921502      0.00      0.00  run-otelcol.sh
12:59:22 PM  1000    921505      0.00      0.00  run-prometheus.
12:59:22 PM  1000    921507      0.00      0.00  otelcol-contrib
12:59:22 PM  1000    921508      0.00      0.00  run-tempo.sh
12:59:22 PM  1000    921510     45.00      0.00  loki
12:59:22 PM  1000    921511      0.00      0.00  run-pyroscope.s
12:59:22 PM  1000    921512      0.00      0.00  prometheus
12:59:22 PM  1000    921515    116.00      4.00  tempo
12:59:22 PM  1000    921535      0.00      0.00  pyroscope

12:59:22 PM   UID       PID    %usr %system  %guest   %wait    %CPU   CPU  Command
12:59:23 PM  1000    921496    0.00    0.00    0.00    0.00    0.00    20  run-grafana.sh
12:59:23 PM  1000    921498    0.00    0.00    0.00    0.00    0.00    20  run-loki.sh
12:59:23 PM  1000    921501    0.00    0.00    0.00    0.00    0.00    18  grafana
12:59:23 PM  1000    921502    0.00    0.00    0.00    0.00    0.00    18  run-otelcol.sh
12:59:23 PM  1000    921505    0.00    0.00    0.00    0.00    0.00    18  run-prometheus.
12:59:23 PM  1000    921507    8.00    0.00    0.00    0.00    8.00    18  otelcol-contrib
12:59:23 PM  1000    921508    0.00    0.00    0.00    0.00    0.00    18  run-tempo.sh
12:59:23 PM  1000    921510    0.00    0.00    0.00    0.00    0.00    16  loki
12:59:23 PM  1000    921511    0.00    0.00    0.00    0.00    0.00    20  run-pyroscope.s
12:59:23 PM  1000    921512    0.00    0.00    0.00    0.00    0.00    18  prometheus
12:59:23 PM  1000    921515   47.00    3.00    0.00    0.00   50.00    18  tempo
12:59:23 PM  1000    921535    0.00    1.00    0.00    0.00    1.00    18  pyroscope

12:59:22 PM   UID       PID   cswch/s nvcswch/s  Command
12:59:23 PM  1000    921496      0.00      0.00  run-grafana.sh
12:59:23 PM  1000    921498      0.00      0.00  run-loki.sh
12:59:23 PM  1000    921501      0.00      0.00  grafana
12:59:23 PM  1000    921502      0.00      0.00  run-otelcol.sh
12:59:23 PM  1000    921505      0.00      0.00  run-prometheus.
12:59:23 PM  1000    921507      0.00      0.00  otelcol-contrib
12:59:23 PM  1000    921508      0.00      0.00  run-tempo.sh
12:59:23 PM  1000    921510     46.00      0.00  loki
12:59:23 PM  1000    921511      0.00      0.00  run-pyroscope.s
12:59:23 PM  1000    921512      0.00      0.00  prometheus
12:59:23 PM  1000    921515     93.00      0.00  tempo
12:59:23 PM  1000    921535      0.00      0.00  pyroscope

12:59:23 PM   UID       PID    %usr %system  %guest   %wait    %CPU   CPU  Command
12:59:24 PM  1000    921496    0.00    0.00    0.00    0.00    0.00    20  run-grafana.sh
12:59:24 PM  1000    921498    0.00    0.00    0.00    0.00    0.00    20  run-loki.sh
12:59:24 PM  1000    921501    0.00    0.00    0.00    0.00    0.00    18  grafana
12:59:24 PM  1000    921502    0.00    0.00    0.00    0.00    0.00    18  run-otelcol.sh
12:59:24 PM  1000    921505    0.00    0.00    0.00    0.00    0.00    18  run-prometheus.
12:59:24 PM  1000    921507    6.00    0.00    0.00    0.00    6.00    18  otelcol-contrib
12:59:24 PM  1000    921508    0.00    0.00    0.00    0.00    0.00    18  run-tempo.sh
12:59:24 PM  1000    921510    0.00    0.00    0.00    0.00    0.00    16  loki
12:59:24 PM  1000    921511    0.00    0.00    0.00    0.00    0.00    20  run-pyroscope.s
12:59:24 PM  1000    921512    0.00    0.00    0.00    0.00    0.00    18  prometheus
12:59:24 PM  1000    921515   63.00    3.00    0.00    1.00   66.00    16  tempo
12:59:24 PM  1000    921535    0.00    0.00    0.00    0.00    0.00    18  pyroscope

12:59:23 PM   UID       PID   cswch/s nvcswch/s  Command
12:59:24 PM  1000    921496      0.00      0.00  run-grafana.sh
12:59:24 PM  1000    921498      0.00      0.00  run-loki.sh
12:59:24 PM  1000    921501      0.00      0.00  grafana
12:59:24 PM  1000    921502      0.00      0.00  run-otelcol.sh
12:59:24 PM  1000    921505      0.00      0.00  run-prometheus.
12:59:24 PM  1000    921507      0.00      0.00  otelcol-contrib
12:59:24 PM  1000    921508      0.00      0.00  run-tempo.sh
12:59:24 PM  1000    921510     34.00      0.00  loki
12:59:24 PM  1000    921511      0.00      0.00  run-pyroscope.s
12:59:24 PM  1000    921512      0.00      0.00  prometheus
12:59:24 PM  1000    921515    103.00     36.00  tempo
12:59:24 PM  1000    921535      0.00      0.00  pyroscope

12:59:24 PM   UID       PID    %usr %system  %guest   %wait    %CPU   CPU  Command
12:59:25 PM  1000    921496    0.00    0.00    0.00    0.00    0.00    20  run-grafana.sh
12:59:25 PM  1000    921498    0.00    0.00    0.00    0.00    0.00    20  run-loki.sh
12:59:25 PM  1000    921501    0.00    0.00    0.00    0.00    0.00    18  grafana
12:59:25 PM  1000    921502    0.00    0.00    0.00    0.00    0.00    18  run-otelcol.sh
12:59:25 PM  1000    921505    0.00    0.00    0.00    0.00    0.00    18  run-prometheus.
12:59:25 PM  1000    921507    6.00    1.00    0.00    0.00    7.00    18  otelcol-contrib
12:59:25 PM  1000    921508    0.00    0.00    0.00    0.00    0.00    18  run-tempo.sh
12:59:25 PM  1000    921510    1.00    0.00    0.00    0.00    1.00    16  loki
12:59:25 PM  1000    921511    0.00    0.00    0.00    0.00    0.00    20  run-pyroscope.s
12:59:25 PM  1000    921512    0.00    0.00    0.00    0.00    0.00    18  prometheus
12:59:25 PM  1000    921515   94.00    1.00    0.00    1.00   95.00    16  tempo
12:59:25 PM  1000    921535    0.00    0.00    0.00    0.00    0.00    18  pyroscope

12:59:24 PM   UID       PID   cswch/s nvcswch/s  Command
12:59:25 PM  1000    921496      0.00      0.00  run-grafana.sh
12:59:25 PM  1000    921498      0.00      0.00  run-loki.sh
12:59:25 PM  1000    921501      0.00      0.00  grafana
12:59:25 PM  1000    921502      0.00      0.00  run-otelcol.sh
12:59:25 PM  1000    921505      0.00      0.00  run-prometheus.
12:59:25 PM  1000    921507      0.00      0.00  otelcol-contrib
12:59:25 PM  1000    921508      0.00      0.00  run-tempo.sh
12:59:25 PM  1000    921510     47.00      0.00  loki
12:59:25 PM  1000    921511      0.00      0.00  run-pyroscope.s
12:59:25 PM  1000    921512      0.00      0.00  prometheus
12:59:25 PM  1000    921515     80.00     33.00  tempo
12:59:25 PM  1000    921535      0.00      0.00  pyroscope

12:59:25 PM   UID       PID    %usr %system  %guest   %wait    %CPU   CPU  Command
12:59:26 PM  1000    921496    0.00    0.00    0.00    0.00    0.00    20  run-grafana.sh
12:59:26 PM  1000    921498    0.00    0.00    0.00    0.00    0.00    20  run-loki.sh
12:59:26 PM  1000    921501    0.00    0.00    0.00    0.00    0.00    18  grafana
12:59:26 PM  1000    921502    0.00    0.00    0.00    0.00    0.00    18  run-otelcol.sh
12:59:26 PM  1000    921505    0.00    0.00    0.00    0.00    0.00    18  run-prometheus.
12:59:26 PM  1000    921507    7.00    0.00    0.00    0.00    7.00    18  otelcol-contrib
12:59:26 PM  1000    921508    0.00    0.00    0.00    0.00    0.00    18  run-tempo.sh
12:59:26 PM  1000    921510    0.00    0.00    0.00    0.00    0.00    18  loki
12:59:26 PM  1000    921511    0.00    0.00    0.00    0.00    0.00    20  run-pyroscope.s
12:59:26 PM  1000    921512    0.00    1.00    0.00    0.00    1.00    18  prometheus
12:59:26 PM  1000    921515   97.00    4.00    0.00    0.00  101.00    18  tempo
12:59:26 PM  1000    921535    1.00    0.00    0.00    0.00    1.00    18  pyroscope

12:59:25 PM   UID       PID   cswch/s nvcswch/s  Command
12:59:26 PM  1000    921496      0.00      0.00  run-grafana.sh
12:59:26 PM  1000    921498      0.00      0.00  run-loki.sh
12:59:26 PM  1000    921501      0.00      0.00  grafana
12:59:26 PM  1000    921502      0.00      0.00  run-otelcol.sh
12:59:26 PM  1000    921505      0.00      0.00  run-prometheus.
12:59:26 PM  1000    921507      0.00      0.00  otelcol-contrib
12:59:26 PM  1000    921508      0.00      0.00  run-tempo.sh
12:59:26 PM  1000    921510     33.00      0.00  loki
12:59:26 PM  1000    921511      0.00      0.00  run-pyroscope.s
12:59:26 PM  1000    921512      0.00      0.00  prometheus
12:59:26 PM  1000    921515     65.00     66.00  tempo
12:59:26 PM  1000    921535      0.00      0.00  pyroscope

12:59:26 PM   UID       PID    %usr %system  %guest   %wait    %CPU   CPU  Command
12:59:27 PM  1000    921496    0.00    0.00    0.00    0.00    0.00    20  run-grafana.sh
12:59:27 PM  1000    921498    0.00    0.00    0.00    0.00    0.00    20  run-loki.sh
12:59:27 PM  1000    921501    0.00    0.00    0.00    0.00    0.00    18  grafana
12:59:27 PM  1000    921502    0.00    0.00    0.00    0.00    0.00    18  run-otelcol.sh
12:59:27 PM  1000    921505    0.00    0.00    0.00    0.00    0.00    18  run-prometheus.
12:59:27 PM  1000    921507    7.00    0.00    0.00    0.00    7.00    18  otelcol-contrib
12:59:27 PM  1000    921508    0.00    0.00    0.00    0.00    0.00    18  run-tempo.sh
12:59:27 PM  1000    921510    0.00    0.00    0.00    0.00    0.00    16  loki
12:59:27 PM  1000    921511    0.00    0.00    0.00    0.00    0.00    20  run-pyroscope.s
12:59:27 PM  1000    921512    0.00    0.00    0.00    0.00    0.00    18  prometheus
12:59:27 PM  1000    921515   75.00    6.00    0.00    0.00   81.00    18  tempo
12:59:27 PM  1000    921535    0.00    0.00    0.00    0.00    0.00    18  pyroscope

12:59:26 PM   UID       PID   cswch/s nvcswch/s  Command
12:59:27 PM  1000    921496      0.00      0.00  run-grafana.sh
12:59:27 PM  1000    921498      0.00      0.00  run-loki.sh
12:59:27 PM  1000    921501      0.00      0.00  grafana
12:59:27 PM  1000    921502      0.00      0.00  run-otelcol.sh
12:59:27 PM  1000    921505      0.00      0.00  run-prometheus.
12:59:27 PM  1000    921507      0.00      0.00  otelcol-contrib
12:59:27 PM  1000    921508      0.00      0.00  run-tempo.sh
12:59:27 PM  1000    921510     30.00      0.00  loki
12:59:27 PM  1000    921511      0.00      0.00  run-pyroscope.s
12:59:27 PM  1000    921512      0.00      0.00  prometheus
12:59:27 PM  1000    921515      0.00      0.00  tempo
12:59:27 PM  1000    921535      0.00      0.00  pyroscope

12:59:27 PM   UID       PID    %usr %system  %guest   %wait    %CPU   CPU  Command
12:59:28 PM  1000    921496    0.00    0.00    0.00    0.00    0.00    20  run-grafana.sh
12:59:28 PM  1000    921498    0.00    0.00    0.00    0.00    0.00    20  run-loki.sh
12:59:28 PM  1000    921501    1.00    0.00    0.00    0.00    1.00    18  grafana
12:59:28 PM  1000    921502    0.00    0.00    0.00    0.00    0.00    18  run-otelcol.sh
12:59:28 PM  1000    921505    0.00    0.00    0.00    0.00    0.00    18  run-prometheus.
12:59:28 PM  1000    921507    8.00    0.00    0.00    0.00    8.00    18  otelcol-contrib
12:59:28 PM  1000    921508    0.00    0.00    0.00    0.00    0.00    18  run-tempo.sh
12:59:28 PM  1000    921510    0.00    0.00    0.00    0.00    0.00    18  loki
12:59:28 PM  1000    921511    0.00    0.00    0.00    0.00    0.00    20  run-pyroscope.s
12:59:28 PM  1000    921512    0.00    0.00    0.00    0.00    0.00    18  prometheus
12:59:28 PM  1000    921515   33.00    2.00    0.00    0.00   35.00    18  tempo
12:59:28 PM  1000    921535    0.00    0.00    0.00    0.00    0.00    18  pyroscope

12:59:27 PM   UID       PID   cswch/s nvcswch/s  Command
12:59:28 PM  1000    921496      0.00      0.00  run-grafana.sh
12:59:28 PM  1000    921498      0.00      0.00  run-loki.sh
12:59:28 PM  1000    921501      0.00      0.00  grafana
12:59:28 PM  1000    921502      0.00      0.00  run-otelcol.sh
12:59:28 PM  1000    921505      0.00      0.00  run-prometheus.
12:59:28 PM  1000    921507      0.00      0.00  otelcol-contrib
12:59:28 PM  1000    921508      0.00      0.00  run-tempo.sh
12:59:28 PM  1000    921510      3.00      0.00  loki
12:59:28 PM  1000    921511      0.00      0.00  run-pyroscope.s
12:59:28 PM  1000    921512      0.00      0.00  prometheus
12:59:28 PM  1000    921515      0.00      0.00  tempo
12:59:28 PM  1000    921535      0.00      0.00  pyroscope

12:59:28 PM   UID       PID    %usr %system  %guest   %wait    %CPU   CPU  Command
12:59:29 PM  1000    921496    0.00    0.00    0.00    0.00    0.00    20  run-grafana.sh
12:59:29 PM  1000    921498    0.00    0.00    0.00    0.00    0.00    20  run-loki.sh
12:59:29 PM  1000    921501    2.00    0.00    0.00    0.00    2.00    18  grafana
12:59:29 PM  1000    921502    0.00    0.00    0.00    0.00    0.00    18  run-otelcol.sh
12:59:29 PM  1000    921505    0.00    0.00    0.00    0.00    0.00    18  run-prometheus.
12:59:29 PM  1000    921507    6.00    1.00    0.00    0.00    7.00    18  otelcol-contrib
12:59:29 PM  1000    921508    0.00    0.00    0.00    0.00    0.00    18  run-tempo.sh
12:59:29 PM  1000    921510    2.00    0.00    0.00    0.00    2.00    18  loki
12:59:29 PM  1000    921511    0.00    0.00    0.00    0.00    0.00    20  run-pyroscope.s
12:59:29 PM  1000    921512    1.00    0.00    0.00    0.00    1.00    18  prometheus
12:59:29 PM  1000    921515   48.00    4.00    0.00    0.00   52.00    18  tempo
12:59:29 PM  1000    921535    0.00    0.00    0.00    0.00    0.00    18  pyroscope

12:59:28 PM   UID       PID   cswch/s nvcswch/s  Command
12:59:29 PM  1000    921496      0.00      0.00  run-grafana.sh
12:59:29 PM  1000    921498      0.00      0.00  run-loki.sh
12:59:29 PM  1000    921501      0.00      0.00  grafana
12:59:29 PM  1000    921502      0.00      0.00  run-otelcol.sh
12:59:29 PM  1000    921505      0.00      0.00  run-prometheus.
12:59:29 PM  1000    921507      0.00      0.00  otelcol-contrib
12:59:29 PM  1000    921508      0.00      0.00  run-tempo.sh
12:59:29 PM  1000    921510      0.00      0.00  loki
12:59:29 PM  1000    921511      0.00      0.00  run-pyroscope.s
12:59:29 PM  1000    921512      0.00      0.00  prometheus
12:59:29 PM  1000    921515      0.00      0.00  tempo
12:59:29 PM  1000    921535      0.00      0.00  pyroscope

12:59:29 PM   UID       PID    %usr %system  %guest   %wait    %CPU   CPU  Command
12:59:30 PM  1000    921496    0.00    0.00    0.00    0.00    0.00    20  run-grafana.sh
12:59:30 PM  1000    921498    0.00    0.00    0.00    0.00    0.00    20  run-loki.sh
12:59:30 PM  1000    921501    0.00    0.00    0.00    0.00    0.00    18  grafana
12:59:30 PM  1000    921502    0.00    0.00    0.00    0.00    0.00    18  run-otelcol.sh
12:59:30 PM  1000    921505    0.00    0.00    0.00    0.00    0.00    18  run-prometheus.
12:59:30 PM  1000    921507    8.00    0.00    0.00    0.00    8.00    18  otelcol-contrib
12:59:30 PM  1000    921508    0.00    0.00    0.00    0.00    0.00    18  run-tempo.sh
12:59:30 PM  1000    921510    0.00    0.00    0.00    0.00    0.00    18  loki
12:59:30 PM  1000    921511    0.00    0.00    0.00    0.00    0.00    20  run-pyroscope.s
12:59:30 PM  1000    921512    0.00    0.00    0.00    0.00    0.00    18  prometheus
12:59:30 PM  1000    921515   47.00    5.00    0.00    0.00   52.00    18  tempo
12:59:30 PM  1000    921535    0.00    0.00    0.00    0.00    0.00    18  pyroscope

12:59:29 PM   UID       PID   cswch/s nvcswch/s  Command
12:59:30 PM  1000    921496      0.00      0.00  run-grafana.sh
12:59:30 PM  1000    921498      0.00      0.00  run-loki.sh
12:59:30 PM  1000    921501      0.00      0.00  grafana
12:59:30 PM  1000    921502      0.00      0.00  run-otelcol.sh
12:59:30 PM  1000    921505      0.00      0.00  run-prometheus.
12:59:30 PM  1000    921507      0.00      0.00  otelcol-contrib
12:59:30 PM  1000    921508      0.00      0.00  run-tempo.sh
12:59:30 PM  1000    921510     41.00      0.00  loki
12:59:30 PM  1000    921511      0.00      0.00  run-pyroscope.s
12:59:30 PM  1000    921512      0.00      0.00  prometheus
12:59:30 PM  1000    921515      0.00      0.00  tempo
12:59:30 PM  1000    921535      0.00      0.00  pyroscope

12:59:30 PM   UID       PID    %usr %system  %guest   %wait    %CPU   CPU  Command
12:59:31 PM  1000    921496    0.00    0.00    0.00    0.00    0.00    20  run-grafana.sh
12:59:31 PM  1000    921498    0.00    0.00    0.00    0.00    0.00    20  run-loki.sh
12:59:31 PM  1000    921501    0.00    0.00    0.00    0.00    0.00    18  grafana
12:59:31 PM  1000    921502    0.00    0.00    0.00    0.00    0.00    18  run-otelcol.sh
12:59:31 PM  1000    921505    0.00    0.00    0.00    0.00    0.00    18  run-prometheus.
12:59:31 PM  1000    921507    6.00    0.00    0.00    0.00    6.00    18  otelcol-contrib
12:59:31 PM  1000    921508    0.00    0.00    0.00    0.00    0.00    18  run-tempo.sh
12:59:31 PM  1000    921510    0.00    1.00    0.00    0.00    1.00    20  loki
12:59:31 PM  1000    921511    0.00    0.00    0.00    0.00    0.00    20  run-pyroscope.s
12:59:31 PM  1000    921512    0.00    0.00    0.00    0.00    0.00    18  prometheus
12:59:31 PM  1000    921515   40.00    2.00    0.00    0.00   42.00    18  tempo
12:59:31 PM  1000    921535    0.00    0.00    0.00    0.00    0.00    18  pyroscope

12:59:30 PM   UID       PID   cswch/s nvcswch/s  Command
12:59:31 PM  1000    921496      0.00      0.00  run-grafana.sh
12:59:31 PM  1000    921498      0.00      0.00  run-loki.sh
12:59:31 PM  1000    921501      0.00      0.00  grafana
12:59:31 PM  1000    921502      0.00      0.00  run-otelcol.sh
12:59:31 PM  1000    921505      0.00      0.00  run-prometheus.
12:59:31 PM  1000    921507      0.00      0.00  otelcol-contrib
12:59:31 PM  1000    921508      0.00      0.00  run-tempo.sh
12:59:31 PM  1000    921510     38.00      0.00  loki
12:59:31 PM  1000    921511      0.00      0.00  run-pyroscope.s
12:59:31 PM  1000    921512      0.00      0.00  prometheus
12:59:31 PM  1000    921515      0.00      0.00  tempo
12:59:31 PM  1000    921535      0.00      0.00  pyroscope

12:59:31 PM   UID       PID    %usr %system  %guest   %wait    %CPU   CPU  Command
12:59:32 PM  1000    921496    0.00    0.00    0.00    0.00    0.00    20  run-grafana.sh
12:59:32 PM  1000    921498    0.00    0.00    0.00    0.00    0.00    20  run-loki.sh
12:59:32 PM  1000    921501    2.00    0.00    0.00    0.00    2.00    18  grafana
12:59:32 PM  1000    921502    0.00    0.00    0.00    0.00    0.00    18  run-otelcol.sh
12:59:32 PM  1000    921505    0.00    0.00    0.00    0.00    0.00    18  run-prometheus.
12:59:32 PM  1000    921507    6.00    1.00    0.00    0.00    7.00    18  otelcol-contrib
12:59:32 PM  1000    921508    0.00    0.00    0.00    0.00    0.00    18  run-tempo.sh
12:59:32 PM  1000    921510    0.00    0.00    0.00    0.00    0.00    18  loki
12:59:32 PM  1000    921511    0.00    0.00    0.00    0.00    0.00    20  run-pyroscope.s
12:59:32 PM  1000    921512    0.00    0.00    0.00    0.00    0.00    18  prometheus
12:59:32 PM  1000    921515   81.00    5.00    0.00    0.00   86.00    18  tempo
12:59:32 PM  1000    921535    0.00    0.00    0.00    0.00    0.00    18  pyroscope

12:59:31 PM   UID       PID   cswch/s nvcswch/s  Command
12:59:32 PM  1000    921496      0.00      0.00  run-grafana.sh
12:59:32 PM  1000    921498      0.00      0.00  run-loki.sh
12:59:32 PM  1000    921501      0.00      0.00  grafana
12:59:32 PM  1000    921502      0.00      0.00  run-otelcol.sh
12:59:32 PM  1000    921505      0.00      0.00  run-prometheus.
12:59:32 PM  1000    921507      0.00      0.00  otelcol-contrib
12:59:32 PM  1000    921508      0.00      0.00  run-tempo.sh
12:59:32 PM  1000    921510      8.00      0.00  loki
12:59:32 PM  1000    921511      0.00      0.00  run-pyroscope.s
12:59:32 PM  1000    921512      0.00      0.00  prometheus
12:59:32 PM  1000    921515      0.00      0.00  tempo
12:59:32 PM  1000    921535      0.00      0.00  pyroscope

12:59:32 PM   UID       PID    %usr %system  %guest   %wait    %CPU   CPU  Command
12:59:33 PM  1000    921496    0.00    0.00    0.00    0.00    0.00    20  run-grafana.sh
12:59:33 PM  1000    921498    0.00    0.00    0.00    0.00    0.00    20  run-loki.sh
12:59:33 PM  1000    921501    0.00    0.00    0.00    0.00    0.00    18  grafana
12:59:33 PM  1000    921502    0.00    0.00    0.00    0.00    0.00    18  run-otelcol.sh
12:59:33 PM  1000    921505    0.00    0.00    0.00    0.00    0.00    18  run-prometheus.
12:59:33 PM  1000    921507    7.00    0.00    0.00    0.00    7.00    18  otelcol-contrib
12:59:33 PM  1000    921508    0.00    0.00    0.00    0.00    0.00    18  run-tempo.sh
12:59:33 PM  1000    921510    1.00    0.00    0.00    0.00    1.00    16  loki
12:59:33 PM  1000    921511    0.00    0.00    0.00    0.00    0.00    20  run-pyroscope.s
12:59:33 PM  1000    921512    0.00    0.00    0.00    0.00    0.00    18  prometheus
12:59:33 PM  1000    921515   47.00    3.00    0.00    0.00   50.00    18  tempo
12:59:33 PM  1000    921535    0.00    0.00    0.00    0.00    0.00    18  pyroscope

12:59:32 PM   UID       PID   cswch/s nvcswch/s  Command
12:59:33 PM  1000    921496      0.00      0.00  run-grafana.sh
12:59:33 PM  1000    921498      0.00      0.00  run-loki.sh
12:59:33 PM  1000    921501      0.00      0.00  grafana
12:59:33 PM  1000    921502      0.00      0.00  run-otelcol.sh
12:59:33 PM  1000    921505      0.00      0.00  run-prometheus.
12:59:33 PM  1000    921507      0.00      0.00  otelcol-contrib
12:59:33 PM  1000    921508      0.00      0.00  run-tempo.sh
12:59:33 PM  1000    921510     35.00      0.00  loki
12:59:33 PM  1000    921511      0.00      0.00  run-pyroscope.s
12:59:33 PM  1000    921512      0.00      0.00  prometheus
12:59:33 PM  1000    921515      0.00      0.00  tempo
12:59:33 PM  1000    921535      0.00      0.00  pyroscope

12:59:33 PM   UID       PID    %usr %system  %guest   %wait    %CPU   CPU  Command
12:59:34 PM  1000    921496    0.00    0.00    0.00    0.00    0.00    20  run-grafana.sh
12:59:34 PM  1000    921498    0.00    0.00    0.00    0.00    0.00    20  run-loki.sh
12:59:34 PM  1000    921501    0.00    0.00    0.00    0.00    0.00    18  grafana
12:59:34 PM  1000    921502    0.00    0.00    0.00    0.00    0.00    18  run-otelcol.sh
12:59:34 PM  1000    921505    0.00    0.00    0.00    0.00    0.00    18  run-prometheus.
12:59:34 PM  1000    921507    6.00    0.00    0.00    0.00    6.00    18  otelcol-contrib
12:59:34 PM  1000    921508    0.00    0.00    0.00    0.00    0.00    18  run-tempo.sh
12:59:34 PM  1000    921510    0.00    0.00    0.00    0.00    0.00    16  loki
12:59:34 PM  1000    921511    0.00    0.00    0.00    0.00    0.00    20  run-pyroscope.s
12:59:34 PM  1000    921512    0.00    0.00    0.00    0.00    0.00    18  prometheus
12:59:34 PM  1000    921515   21.00    1.00    0.00    0.00   22.00    20  tempo
12:59:34 PM  1000    921535    0.00    0.00    0.00    0.00    0.00    18  pyroscope

12:59:33 PM   UID       PID   cswch/s nvcswch/s  Command
12:59:34 PM  1000    921496      0.00      0.00  run-grafana.sh
12:59:34 PM  1000    921498      0.00      0.00  run-loki.sh
12:59:34 PM  1000    921501      0.00      0.00  grafana
12:59:34 PM  1000    921502      0.00      0.00  run-otelcol.sh
12:59:34 PM  1000    921505      0.00      0.00  run-prometheus.
12:59:34 PM  1000    921507      0.00      0.00  otelcol-contrib
12:59:34 PM  1000    921508      0.00      0.00  run-tempo.sh
12:59:34 PM  1000    921510     50.00      0.00  loki
12:59:34 PM  1000    921511      0.00      0.00  run-pyroscope.s
12:59:34 PM  1000    921512      0.00      0.00  prometheus
12:59:34 PM  1000    921515     19.00      1.00  tempo
12:59:34 PM  1000    921535      0.00      0.00  pyroscope

12:59:34 PM   UID       PID    %usr %system  %guest   %wait    %CPU   CPU  Command
12:59:35 PM  1000    921496    0.00    0.00    0.00    0.00    0.00    20  run-grafana.sh
12:59:35 PM  1000    921498    0.00    0.00    0.00    0.00    0.00    20  run-loki.sh
12:59:35 PM  1000    921501    0.00    0.00    0.00    0.00    0.00    18  grafana
12:59:35 PM  1000    921502    0.00    0.00    0.00    0.00    0.00    18  run-otelcol.sh
12:59:35 PM  1000    921505    0.00    0.00    0.00    0.00    0.00    18  run-prometheus.
12:59:35 PM  1000    921507    8.00    1.00    0.00    0.00    9.00    18  otelcol-contrib
12:59:35 PM  1000    921508    0.00    0.00    0.00    0.00    0.00    18  run-tempo.sh
12:59:35 PM  1000    921510    0.00    0.00    0.00    0.00    0.00    20  loki
12:59:35 PM  1000    921511    0.00    0.00    0.00    0.00    0.00    20  run-pyroscope.s
12:59:35 PM  1000    921512    0.00    0.00    0.00    0.00    0.00    18  prometheus
12:59:35 PM  1000    921515  111.00   11.00    0.00    3.00  122.00    20  tempo
12:59:35 PM  1000    921535    1.00    1.00    0.00    0.00    2.00    18  pyroscope

12:59:34 PM   UID       PID   cswch/s nvcswch/s  Command
12:59:35 PM  1000    921496      0.00      0.00  run-grafana.sh
12:59:35 PM  1000    921498      0.00      0.00  run-loki.sh
12:59:35 PM  1000    921501      0.00      0.00  grafana
12:59:35 PM  1000    921502      0.00      0.00  run-otelcol.sh
12:59:35 PM  1000    921505      0.00      0.00  run-prometheus.
12:59:35 PM  1000    921507      0.00      0.00  otelcol-contrib
12:59:35 PM  1000    921508      0.00      0.00  run-tempo.sh
12:59:35 PM  1000    921510     30.00      0.00  loki
12:59:35 PM  1000    921511      0.00      0.00  run-pyroscope.s
12:59:35 PM  1000    921512      0.00      0.00  prometheus
12:59:35 PM  1000    921515     62.00     99.00  tempo
12:59:35 PM  1000    921535      0.00      0.00  pyroscope

12:59:35 PM   UID       PID    %usr %system  %guest   %wait    %CPU   CPU  Command
12:59:36 PM  1000    921496    0.00    0.00    0.00    0.00    0.00    20  run-grafana.sh
12:59:36 PM  1000    921498    0.00    0.00    0.00    0.00    0.00    20  run-loki.sh
12:59:36 PM  1000    921501    0.00    1.00    0.00    0.00    1.00    18  grafana
12:59:36 PM  1000    921502    0.00    0.00    0.00    0.00    0.00    18  run-otelcol.sh
12:59:36 PM  1000    921505    0.00    0.00    0.00    0.00    0.00    18  run-prometheus.
12:59:36 PM  1000    921507    6.00    0.00    0.00    0.00    6.00    18  otelcol-contrib
12:59:36 PM  1000    921508    0.00    0.00    0.00    0.00    0.00    18  run-tempo.sh
12:59:36 PM  1000    921510    0.00    0.00    0.00    0.00    0.00    16  loki
12:59:36 PM  1000    921511    0.00    0.00    0.00    0.00    0.00    20  run-pyroscope.s
12:59:36 PM  1000    921512    0.00    0.00    0.00    0.00    0.00    18  prometheus
12:59:36 PM  1000    921515  102.00    4.00    0.00    0.00  106.00    16  tempo
12:59:36 PM  1000    921535    0.00    0.00    0.00    0.00    0.00    18  pyroscope

12:59:35 PM   UID       PID   cswch/s nvcswch/s  Command
12:59:36 PM  1000    921496      0.00      0.00  run-grafana.sh
12:59:36 PM  1000    921498      0.00      0.00  run-loki.sh
12:59:36 PM  1000    921501      0.00      0.00  grafana
12:59:36 PM  1000    921502      0.00      0.00  run-otelcol.sh
12:59:36 PM  1000    921505      0.00      0.00  run-prometheus.
12:59:36 PM  1000    921507      0.00      0.00  otelcol-contrib
12:59:36 PM  1000    921508      0.00      0.00  run-tempo.sh
12:59:36 PM  1000    921510     47.00      0.00  loki
12:59:36 PM  1000    921511      0.00      0.00  run-pyroscope.s
12:59:36 PM  1000    921512      0.00      0.00  prometheus
12:59:36 PM  1000    921515     93.00     25.00  tempo
12:59:36 PM  1000    921535      0.00      0.00  pyroscope

12:59:36 PM   UID       PID    %usr %system  %guest   %wait    %CPU   CPU  Command
12:59:37 PM  1000    921496    0.00    0.00    0.00    0.00    0.00    20  run-grafana.sh
12:59:37 PM  1000    921498    0.00    0.00    0.00    0.00    0.00    20  run-loki.sh
12:59:37 PM  1000    921501    0.00    0.00    0.00    0.00    0.00    18  grafana
12:59:37 PM  1000    921502    0.00    0.00    0.00    0.00    0.00    18  run-otelcol.sh
12:59:37 PM  1000    921505    0.00    0.00    0.00    0.00    0.00    18  run-prometheus.
12:59:37 PM  1000    921507    5.00    0.00    0.00    0.00    5.00    18  otelcol-contrib
12:59:37 PM  1000    921508    0.00    0.00    0.00    0.00    0.00    18  run-tempo.sh
12:59:37 PM  1000    921510    1.00    0.00    0.00    0.00    1.00    20  loki
12:59:37 PM  1000    921511    0.00    0.00    0.00    0.00    0.00    20  run-pyroscope.s
12:59:37 PM  1000    921512    0.00    0.00    0.00    0.00    0.00    18  prometheus
12:59:37 PM  1000    921515   53.00    4.00    0.00    0.00   57.00    18  tempo
12:59:37 PM  1000    921535    3.00    0.00    0.00    0.00    3.00    18  pyroscope

12:59:36 PM   UID       PID   cswch/s nvcswch/s  Command
12:59:37 PM  1000    921496      0.00      0.00  run-grafana.sh
12:59:37 PM  1000    921498      0.00      0.00  run-loki.sh
12:59:37 PM  1000    921501      0.00      0.00  grafana
12:59:37 PM  1000    921502      0.00      0.00  run-otelcol.sh
12:59:37 PM  1000    921505      0.00      0.00  run-prometheus.
12:59:37 PM  1000    921507      0.00      0.00  otelcol-contrib
12:59:37 PM  1000    921508      0.00      0.00  run-tempo.sh
12:59:37 PM  1000    921510     57.00      0.00  loki
12:59:37 PM  1000    921511      0.00      0.00  run-pyroscope.s
12:59:37 PM  1000    921512      0.00      0.00  prometheus
12:59:37 PM  1000    921515    112.00      5.00  tempo
12:59:37 PM  1000    921535      0.00      0.00  pyroscope

12:59:37 PM   UID       PID    %usr %system  %guest   %wait    %CPU   CPU  Command
12:59:38 PM  1000    921496    0.00    0.00    0.00    0.00    0.00    20  run-grafana.sh
12:59:38 PM  1000    921498    0.00    0.00    0.00    0.00    0.00    20  run-loki.sh
12:59:38 PM  1000    921501    0.00    0.00    0.00    0.00    0.00    18  grafana
12:59:38 PM  1000    921502    0.00    0.00    0.00    0.00    0.00    18  run-otelcol.sh
12:59:38 PM  1000    921505    0.00    0.00    0.00    0.00    0.00    18  run-prometheus.
12:59:38 PM  1000    921507    8.00    0.00    0.00    0.00    8.00    18  otelcol-contrib
12:59:38 PM  1000    921508    0.00    0.00    0.00    0.00    0.00    18  run-tempo.sh
12:59:38 PM  1000    921510    0.00    0.00    0.00    0.00    0.00    20  loki
12:59:38 PM  1000    921511    0.00    0.00    0.00    0.00    0.00    20  run-pyroscope.s
12:59:38 PM  1000    921512    2.00    0.00    0.00    0.00    2.00    18  prometheus
12:59:38 PM  1000    921515   22.00    0.00    0.00    0.00   22.00    18  tempo
12:59:38 PM  1000    921535    1.00    0.00    0.00    0.00    1.00    18  pyroscope

12:59:37 PM   UID       PID   cswch/s nvcswch/s  Command
12:59:38 PM  1000    921496      0.00      0.00  run-grafana.sh
12:59:38 PM  1000    921498      0.00      0.00  run-loki.sh
12:59:38 PM  1000    921501      0.00      0.00  grafana
12:59:38 PM  1000    921502      0.00      0.00  run-otelcol.sh
12:59:38 PM  1000    921505      0.00      0.00  run-prometheus.
12:59:38 PM  1000    921507      0.00      0.00  otelcol-contrib
12:59:38 PM  1000    921508      0.00      0.00  run-tempo.sh
12:59:38 PM  1000    921510     51.00      0.00  loki
12:59:38 PM  1000    921511      0.00      0.00  run-pyroscope.s
12:59:38 PM  1000    921512      0.00      0.00  prometheus
12:59:38 PM  1000    921515     98.00      4.00  tempo
12:59:38 PM  1000    921535      0.00      0.00  pyroscope

12:59:38 PM   UID       PID    %usr %system  %guest   %wait    %CPU   CPU  Command
12:59:39 PM  1000    921496    0.00    0.00    0.00    0.00    0.00    20  run-grafana.sh
12:59:39 PM  1000    921498    0.00    0.00    0.00    0.00    0.00    20  run-loki.sh
12:59:39 PM  1000    921501    2.00    0.00    0.00    0.00    2.00    18  grafana
12:59:39 PM  1000    921502    0.00    0.00    0.00    0.00    0.00    18  run-otelcol.sh
12:59:39 PM  1000    921505    0.00    0.00    0.00    0.00    0.00    18  run-prometheus.
12:59:39 PM  1000    921507    6.00    1.00    0.00    0.00    7.00    18  otelcol-contrib
12:59:39 PM  1000    921508    0.00    0.00    0.00    0.00    0.00    18  run-tempo.sh
12:59:39 PM  1000    921510    0.00    0.00    0.00    0.00    0.00    16  loki
12:59:39 PM  1000    921511    0.00    0.00    0.00    0.00    0.00    20  run-pyroscope.s
12:59:39 PM  1000    921512    0.00    0.00    0.00    0.00    0.00    18  prometheus
12:59:39 PM  1000    921515   43.00    2.00    0.00    0.00   45.00    18  tempo
12:59:39 PM  1000    921535    0.00    0.00    0.00    0.00    0.00    18  pyroscope

12:59:38 PM   UID       PID   cswch/s nvcswch/s  Command
12:59:39 PM  1000    921496      0.00      0.00  run-grafana.sh
12:59:39 PM  1000    921498      0.00      0.00  run-loki.sh
12:59:39 PM  1000    921501      0.00      0.00  grafana
12:59:39 PM  1000    921502      0.00      0.00  run-otelcol.sh
12:59:39 PM  1000    921505      0.00      0.00  run-prometheus.
12:59:39 PM  1000    921507      0.00      0.00  otelcol-contrib
12:59:39 PM  1000    921508      0.00      0.00  run-tempo.sh
12:59:39 PM  1000    921510     43.00      0.00  loki
12:59:39 PM  1000    921511      0.00      0.00  run-pyroscope.s
12:59:39 PM  1000    921512      0.00      0.00  prometheus
12:59:39 PM  1000    921515     81.00      2.00  tempo
12:59:39 PM  1000    921535      0.00      0.00  pyroscope

12:59:39 PM   UID       PID    %usr %system  %guest   %wait    %CPU   CPU  Command
12:59:40 PM  1000    921496    0.00    0.00    0.00    0.00    0.00    20  run-grafana.sh
12:59:40 PM  1000    921498    0.00    0.00    0.00    0.00    0.00    20  run-loki.sh
12:59:40 PM  1000    921501    4.00    0.00    0.00    0.00    4.00    18  grafana
12:59:40 PM  1000    921502    0.00    0.00    0.00    0.00    0.00    18  run-otelcol.sh
12:59:40 PM  1000    921505    0.00    0.00    0.00    0.00    0.00    18  run-prometheus.
12:59:40 PM  1000    921507    8.00    0.00    0.00    0.00    8.00    18  otelcol-contrib
12:59:40 PM  1000    921508    0.00    0.00    0.00    0.00    0.00    18  run-tempo.sh
12:59:40 PM  1000    921510    0.00    0.00    0.00    0.00    0.00    18  loki
12:59:40 PM  1000    921511    0.00    0.00    0.00    0.00    0.00    20  run-pyroscope.s
12:59:40 PM  1000    921512    0.00    0.00    0.00    0.00    0.00    18  prometheus
12:59:40 PM  1000    921515   73.00    5.00    0.00    2.00   78.00    16  tempo
12:59:40 PM  1000    921535    0.00    0.00    0.00    0.00    0.00    18  pyroscope

12:59:39 PM   UID       PID   cswch/s nvcswch/s  Command
12:59:40 PM  1000    921496      0.00      0.00  run-grafana.sh
12:59:40 PM  1000    921498      0.00      0.00  run-loki.sh
12:59:40 PM  1000    921501      0.00      0.00  grafana
12:59:40 PM  1000    921502      0.00      0.00  run-otelcol.sh
12:59:40 PM  1000    921505      0.00      0.00  run-prometheus.
12:59:40 PM  1000    921507      0.00      0.00  otelcol-contrib
12:59:40 PM  1000    921508      0.00      0.00  run-tempo.sh
12:59:40 PM  1000    921510     49.00      0.00  loki
12:59:40 PM  1000    921511      0.00      0.00  run-pyroscope.s
12:59:40 PM  1000    921512      0.00      0.00  prometheus
12:59:40 PM  1000    921515     53.00    116.00  tempo
12:59:40 PM  1000    921535      0.00      0.00  pyroscope

12:59:40 PM   UID       PID    %usr %system  %guest   %wait    %CPU   CPU  Command
12:59:41 PM  1000    921496    0.00    0.00    0.00    0.00    0.00    20  run-grafana.sh
12:59:41 PM  1000    921498    0.00    0.00    0.00    0.00    0.00    20  run-loki.sh
12:59:41 PM  1000    921501    1.00    0.00    0.00    0.00    1.00    18  grafana
12:59:41 PM  1000    921502    0.00    0.00    0.00    0.00    0.00    18  run-otelcol.sh
12:59:41 PM  1000    921505    0.00    0.00    0.00    0.00    0.00    18  run-prometheus.
12:59:41 PM  1000    921507    6.00    0.00    0.00    0.00    6.00    18  otelcol-contrib
12:59:41 PM  1000    921508    0.00    0.00    0.00    0.00    0.00    18  run-tempo.sh
12:59:41 PM  1000    921510    1.00    0.00    0.00    0.00    1.00    16  loki
12:59:41 PM  1000    921511    0.00    0.00    0.00    0.00    0.00    20  run-pyroscope.s
12:59:41 PM  1000    921512    0.00    0.00    0.00    0.00    0.00    18  prometheus
12:59:41 PM  1000    921515   62.00    7.00    0.00    1.00   69.00    18  tempo
12:59:41 PM  1000    921535    0.00    0.00    0.00    0.00    0.00    18  pyroscope

12:59:40 PM   UID       PID   cswch/s nvcswch/s  Command
12:59:41 PM  1000    921496      0.00      0.00  run-grafana.sh
12:59:41 PM  1000    921498      0.00      0.00  run-loki.sh
12:59:41 PM  1000    921501      0.00      0.00  grafana
12:59:41 PM  1000    921502      0.00      0.00  run-otelcol.sh
12:59:41 PM  1000    921505      0.00      0.00  run-prometheus.
12:59:41 PM  1000    921507      0.00      0.00  otelcol-contrib
12:59:41 PM  1000    921508      0.00      0.00  run-tempo.sh
12:59:41 PM  1000    921510     37.00      0.00  loki
12:59:41 PM  1000    921511      0.00      0.00  run-pyroscope.s
12:59:41 PM  1000    921512      0.00      0.00  prometheus
12:59:41 PM  1000    921515     83.00     15.00  tempo
12:59:41 PM  1000    921535      0.00      0.00  pyroscope

12:59:41 PM   UID       PID    %usr %system  %guest   %wait    %CPU   CPU  Command
12:59:42 PM  1000    921496    0.00    0.00    0.00    0.00    0.00    20  run-grafana.sh
12:59:42 PM  1000    921498    0.00    0.00    0.00    0.00    0.00    20  run-loki.sh
12:59:42 PM  1000    921501    0.00    0.00    0.00    0.00    0.00    18  grafana
12:59:42 PM  1000    921502    0.00    0.00    0.00    0.00    0.00    18  run-otelcol.sh
12:59:42 PM  1000    921505    0.00    0.00    0.00    0.00    0.00    18  run-prometheus.
12:59:42 PM  1000    921507    6.00    1.00    0.00    0.00    7.00    18  otelcol-contrib
12:59:42 PM  1000    921508    0.00    0.00    0.00    0.00    0.00    18  run-tempo.sh
12:59:42 PM  1000    921510    0.00    0.00    0.00    0.00    0.00    16  loki
12:59:42 PM  1000    921511    0.00    0.00    0.00    0.00    0.00    20  run-pyroscope.s
12:59:42 PM  1000    921512    0.00    0.00    0.00    0.00    0.00    18  prometheus
12:59:42 PM  1000    921515   21.00    1.00    0.00    0.00   22.00    18  tempo
12:59:42 PM  1000    921535    0.00    0.00    0.00    0.00    0.00    18  pyroscope

12:59:41 PM   UID       PID   cswch/s nvcswch/s  Command
12:59:42 PM  1000    921496      0.00      0.00  run-grafana.sh
12:59:42 PM  1000    921498      0.00      0.00  run-loki.sh
12:59:42 PM  1000    921501      0.00      0.00  grafana
12:59:42 PM  1000    921502      0.00      0.00  run-otelcol.sh
12:59:42 PM  1000    921505      0.00      0.00  run-prometheus.
12:59:42 PM  1000    921507      0.00      0.00  otelcol-contrib
12:59:42 PM  1000    921508      0.00      0.00  run-tempo.sh
12:59:42 PM  1000    921510     36.00      0.00  loki
12:59:42 PM  1000    921511      0.00      0.00  run-pyroscope.s
12:59:42 PM  1000    921512      0.00      0.00  prometheus
12:59:42 PM  1000    921515     91.00      3.00  tempo
12:59:42 PM  1000    921535      0.00      0.00  pyroscope

12:59:42 PM   UID       PID    %usr %system  %guest   %wait    %CPU   CPU  Command
12:59:43 PM  1000    921496    0.00    0.00    0.00    0.00    0.00    20  run-grafana.sh
12:59:43 PM  1000    921498    0.00    0.00    0.00    0.00    0.00    20  run-loki.sh
12:59:43 PM  1000    921501    0.00    0.00    0.00    0.00    0.00    18  grafana
12:59:43 PM  1000    921502    0.00    0.00    0.00    0.00    0.00    18  run-otelcol.sh
12:59:43 PM  1000    921505    0.00    0.00    0.00    0.00    0.00    18  run-prometheus.
12:59:43 PM  1000    921507    7.00    0.00    0.00    0.00    7.00    18  otelcol-contrib
12:59:43 PM  1000    921508    0.00    0.00    0.00    0.00    0.00    18  run-tempo.sh
12:59:43 PM  1000    921510    0.00    1.00    0.00    0.00    1.00    16  loki
12:59:43 PM  1000    921511    0.00    0.00    0.00    0.00    0.00    20  run-pyroscope.s
12:59:43 PM  1000    921512    0.00    0.00    0.00    0.00    0.00    18  prometheus
12:59:43 PM  1000    921515   45.00    2.00    0.00    1.00   47.00    20  tempo
12:59:43 PM  1000    921535    0.00    0.00    0.00    0.00    0.00    18  pyroscope

12:59:42 PM   UID       PID   cswch/s nvcswch/s  Command
12:59:43 PM  1000    921496      0.00      0.00  run-grafana.sh
12:59:43 PM  1000    921498      0.00      0.00  run-loki.sh
12:59:43 PM  1000    921501      0.00      0.00  grafana
12:59:43 PM  1000    921502      0.00      0.00  run-otelcol.sh
12:59:43 PM  1000    921505      0.00      0.00  run-prometheus.
12:59:43 PM  1000    921507      0.00      0.00  otelcol-contrib
12:59:43 PM  1000    921508      0.00      0.00  run-tempo.sh
12:59:43 PM  1000    921510     42.00      0.00  loki
12:59:43 PM  1000    921511      0.00      0.00  run-pyroscope.s
12:59:43 PM  1000    921512      0.00      0.00  prometheus
12:59:43 PM  1000    921515     96.00     16.00  tempo
12:59:43 PM  1000    921535      0.00      0.00  pyroscope

12:59:43 PM   UID       PID    %usr %system  %guest   %wait    %CPU   CPU  Command
12:59:44 PM  1000    921496    0.00    0.00    0.00    0.00    0.00    20  run-grafana.sh
12:59:44 PM  1000    921498    0.00    0.00    0.00    0.00    0.00    20  run-loki.sh
12:59:44 PM  1000    921501    0.00    0.00    0.00    0.00    0.00    18  grafana
12:59:44 PM  1000    921502    0.00    0.00    0.00    0.00    0.00    18  run-otelcol.sh
12:59:44 PM  1000    921505    0.00    0.00    0.00    0.00    0.00    18  run-prometheus.
12:59:44 PM  1000    921507    6.00    1.00    0.00    0.00    7.00    18  otelcol-contrib
12:59:44 PM  1000    921508    0.00    0.00    0.00    0.00    0.00    18  run-tempo.sh
12:59:44 PM  1000    921510    0.00    0.00    0.00    0.00    0.00    20  loki
12:59:44 PM  1000    921511    0.00    0.00    0.00    0.00    0.00    20  run-pyroscope.s
12:59:44 PM  1000    921512    0.00    0.00    0.00    0.00    0.00    18  prometheus
12:59:44 PM  1000    921515   63.00    6.00    0.00    0.00   69.00    18  tempo
12:59:44 PM  1000    921535    1.00    0.00    0.00    0.00    1.00    18  pyroscope

12:59:43 PM   UID       PID   cswch/s nvcswch/s  Command
12:59:44 PM  1000    921496      0.00      0.00  run-grafana.sh
12:59:44 PM  1000    921498      0.00      0.00  run-loki.sh
12:59:44 PM  1000    921501      0.00      0.00  grafana
12:59:44 PM  1000    921502      0.00      0.00  run-otelcol.sh
12:59:44 PM  1000    921505      0.00      0.00  run-prometheus.
12:59:44 PM  1000    921507      0.00      0.00  otelcol-contrib
12:59:44 PM  1000    921508      0.00      0.00  run-tempo.sh
12:59:44 PM  1000    921510     38.00      0.00  loki
12:59:44 PM  1000    921511      0.00      0.00  run-pyroscope.s
12:59:44 PM  1000    921512      0.00      0.00  prometheus
12:59:44 PM  1000    921515     79.00     28.00  tempo
12:59:44 PM  1000    921535      0.00      0.00  pyroscope

12:59:44 PM   UID       PID    %usr %system  %guest   %wait    %CPU   CPU  Command
12:59:45 PM  1000    921496    0.00    0.00    0.00    0.00    0.00    20  run-grafana.sh
12:59:45 PM  1000    921498    0.00    0.00    0.00    0.00    0.00    20  run-loki.sh
12:59:45 PM  1000    921501    0.00    1.00    0.00    0.00    1.00    18  grafana
12:59:45 PM  1000    921502    0.00    0.00    0.00    0.00    0.00    18  run-otelcol.sh
12:59:45 PM  1000    921505    0.00    0.00    0.00    0.00    0.00    18  run-prometheus.
12:59:45 PM  1000    921507    8.00    0.00    0.00    0.00    8.00    18  otelcol-contrib
12:59:45 PM  1000    921508    0.00    0.00    0.00    0.00    0.00    18  run-tempo.sh
12:59:45 PM  1000    921510    0.00    0.00    0.00    0.00    0.00    18  loki
12:59:45 PM  1000    921511    0.00    0.00    0.00    0.00    0.00    20  run-pyroscope.s
12:59:45 PM  1000    921512    0.00    0.00    0.00    0.00    0.00    18  prometheus
12:59:45 PM  1000    921515   48.00    3.00    0.00    0.00   51.00    16  tempo
12:59:45 PM  1000    921535    0.00    0.00    0.00    0.00    0.00    18  pyroscope

12:59:44 PM   UID       PID   cswch/s nvcswch/s  Command
12:59:45 PM  1000    921496      0.00      0.00  run-grafana.sh
12:59:45 PM  1000    921498      0.00      0.00  run-loki.sh
12:59:45 PM  1000    921501      0.00      0.00  grafana
12:59:45 PM  1000    921502      0.00      0.00  run-otelcol.sh
12:59:45 PM  1000    921505      0.00      0.00  run-prometheus.
12:59:45 PM  1000    921507      0.00      0.00  otelcol-contrib
12:59:45 PM  1000    921508      0.00      0.00  run-tempo.sh
12:59:45 PM  1000    921510     32.00      0.00  loki
12:59:45 PM  1000    921511      0.00      0.00  run-pyroscope.s
12:59:45 PM  1000    921512      0.00      0.00  prometheus
12:59:45 PM  1000    921515    106.00     12.00  tempo
12:59:45 PM  1000    921535      0.00      0.00  pyroscope

12:59:45 PM   UID       PID    %usr %system  %guest   %wait    %CPU   CPU  Command
12:59:46 PM  1000    921496    0.00    0.00    0.00    0.00    0.00    20  run-grafana.sh
12:59:46 PM  1000    921498    0.00    0.00    0.00    0.00    0.00    20  run-loki.sh
12:59:46 PM  1000    921501    0.00    0.00    0.00    0.00    0.00    18  grafana
12:59:46 PM  1000    921502    0.00    0.00    0.00    0.00    0.00    18  run-otelcol.sh
12:59:46 PM  1000    921505    0.00    0.00    0.00    0.00    0.00    18  run-prometheus.
12:59:46 PM  1000    921507    5.00    0.00    0.00    0.00    5.00    18  otelcol-contrib
12:59:46 PM  1000    921508    0.00    0.00    0.00    0.00    0.00    18  run-tempo.sh
12:59:46 PM  1000    921510    0.00    0.00    0.00    0.00    0.00    18  loki
12:59:46 PM  1000    921511    0.00    0.00    0.00    0.00    0.00    20  run-pyroscope.s
12:59:46 PM  1000    921512    1.00    0.00    0.00    0.00    1.00    18  prometheus
12:59:46 PM  1000    921515  137.00    9.00    0.00    4.00  146.00    18  tempo
12:59:46 PM  1000    921535    0.00    0.00    0.00    0.00    0.00    18  pyroscope

12:59:45 PM   UID       PID   cswch/s nvcswch/s  Command
12:59:46 PM  1000    921496      0.00      0.00  run-grafana.sh
12:59:46 PM  1000    921498      0.00      0.00  run-loki.sh
12:59:46 PM  1000    921501      0.00      0.00  grafana
12:59:46 PM  1000    921502      0.00      0.00  run-otelcol.sh
12:59:46 PM  1000    921505      0.00      0.00  run-prometheus.
12:59:46 PM  1000    921507      0.00      0.00  otelcol-contrib
12:59:46 PM  1000    921508      0.00      0.00  run-tempo.sh
12:59:46 PM  1000    921510      1.00      0.00  loki
12:59:46 PM  1000    921511      0.00      0.00  run-pyroscope.s
12:59:46 PM  1000    921512      0.00      0.00  prometheus
12:59:46 PM  1000    921515     78.00    146.00  tempo
12:59:46 PM  1000    921535      0.00      0.00  pyroscope

12:59:46 PM   UID       PID    %usr %system  %guest   %wait    %CPU   CPU  Command
12:59:47 PM  1000    921496    0.00    0.00    0.00    0.00    0.00    20  run-grafana.sh
12:59:47 PM  1000    921498    0.00    0.00    0.00    0.00    0.00    20  run-loki.sh
12:59:47 PM  1000    921501    0.00    0.00    0.00    0.00    0.00    18  grafana
12:59:47 PM  1000    921502    0.00    0.00    0.00    0.00    0.00    18  run-otelcol.sh
12:59:47 PM  1000    921505    0.00    0.00    0.00    0.00    0.00    18  run-prometheus.
12:59:47 PM  1000    921507    5.00    1.00    0.00    0.00    6.00    18  otelcol-contrib
12:59:47 PM  1000    921508    0.00    0.00    0.00    0.00    0.00    18  run-tempo.sh
12:59:47 PM  1000    921510    1.00    0.00    0.00    0.00    1.00    20  loki
12:59:47 PM  1000    921511    0.00    0.00    0.00    0.00    0.00    20  run-pyroscope.s
12:59:47 PM  1000    921512    0.00    0.00    0.00    0.00    0.00    18  prometheus
12:59:47 PM  1000    921515   22.00    1.00    0.00    0.00   23.00    16  tempo
12:59:47 PM  1000    921535    0.00    0.00    0.00    0.00    0.00    18  pyroscope

12:59:46 PM   UID       PID   cswch/s nvcswch/s  Command
12:59:47 PM  1000    921496      0.00      0.00  run-grafana.sh
12:59:47 PM  1000    921498      0.00      0.00  run-loki.sh
12:59:47 PM  1000    921501      0.00      0.00  grafana
12:59:47 PM  1000    921502      0.00      0.00  run-otelcol.sh
12:59:47 PM  1000    921505      0.00      0.00  run-prometheus.
12:59:47 PM  1000    921507      0.00      0.00  otelcol-contrib
12:59:47 PM  1000    921508      0.00      0.00  run-tempo.sh
12:59:47 PM  1000    921510     19.00      0.00  loki
12:59:47 PM  1000    921511      0.00      0.00  run-pyroscope.s
12:59:47 PM  1000    921512      0.00      0.00  prometheus
12:59:47 PM  1000    921515     92.00      5.00  tempo
12:59:47 PM  1000    921535      0.00      0.00  pyroscope

12:59:47 PM   UID       PID    %usr %system  %guest   %wait    %CPU   CPU  Command
12:59:48 PM  1000    921496    0.00    0.00    0.00    0.00    0.00    20  run-grafana.sh
12:59:48 PM  1000    921498    0.00    0.00    0.00    0.00    0.00    20  run-loki.sh
12:59:48 PM  1000    921501    0.00    0.00    0.00    0.00    0.00    18  grafana
12:59:48 PM  1000    921502    0.00    0.00    0.00    0.00    0.00    18  run-otelcol.sh
12:59:48 PM  1000    921505    0.00    0.00    0.00    0.00    0.00    18  run-prometheus.
12:59:48 PM  1000    921507    8.00    0.00    0.00    0.00    8.00    18  otelcol-contrib
12:59:48 PM  1000    921508    0.00    0.00    0.00    0.00    0.00    18  run-tempo.sh
12:59:48 PM  1000    921510    0.00    0.00    0.00    0.00    0.00    16  loki
12:59:48 PM  1000    921511    0.00    0.00    0.00    0.00    0.00    20  run-pyroscope.s
12:59:48 PM  1000    921512    0.00    0.00    0.00    0.00    0.00    18  prometheus
12:59:48 PM  1000    921515   32.00    3.00    0.00    0.00   35.00    20  tempo
12:59:48 PM  1000    921535    0.00    0.00    0.00    0.00    0.00    18  pyroscope

12:59:47 PM   UID       PID   cswch/s nvcswch/s  Command
12:59:48 PM  1000    921496      0.00      0.00  run-grafana.sh
12:59:48 PM  1000    921498      0.00      0.00  run-loki.sh
12:59:48 PM  1000    921501      0.00      0.00  grafana
12:59:48 PM  1000    921502      0.00      0.00  run-otelcol.sh
12:59:48 PM  1000    921505      0.00      0.00  run-prometheus.
12:59:48 PM  1000    921507      0.00      0.00  otelcol-contrib
12:59:48 PM  1000    921508      0.00      0.00  run-tempo.sh
12:59:48 PM  1000    921510     43.00      0.00  loki
12:59:48 PM  1000    921511      0.00      0.00  run-pyroscope.s
12:59:48 PM  1000    921512      0.00      0.00  prometheus
12:59:48 PM  1000    921515     88.00      9.00  tempo
12:59:48 PM  1000    921535      0.00      0.00  pyroscope

12:59:48 PM   UID       PID    %usr %system  %guest   %wait    %CPU   CPU  Command
12:59:49 PM  1000    921496    0.00    0.00    0.00    0.00    0.00    20  run-grafana.sh
12:59:49 PM  1000    921498    0.00    0.00    0.00    0.00    0.00    20  run-loki.sh
12:59:49 PM  1000    921501    2.00    0.00    0.00    0.00    2.00    18  grafana
12:59:49 PM  1000    921502    0.00    0.00    0.00    0.00    0.00    18  run-otelcol.sh
12:59:49 PM  1000    921505    0.00    0.00    0.00    0.00    0.00    18  run-prometheus.
12:59:49 PM  1000    921507    6.00    0.00    0.00    0.00    6.00    18  otelcol-contrib
12:59:49 PM  1000    921508    0.00    0.00    0.00    0.00    0.00    18  run-tempo.sh
12:59:49 PM  1000    921510    0.00    0.00    0.00    0.00    0.00    18  loki
12:59:49 PM  1000    921511    0.00    0.00    0.00    0.00    0.00    20  run-pyroscope.s
12:59:49 PM  1000    921512    0.00    0.00    0.00    0.00    0.00    18  prometheus
12:59:49 PM  1000    921515   65.00    4.00    0.00    0.00   69.00    20  tempo
12:59:49 PM  1000    921535    0.00    1.00    0.00    0.00    1.00    18  pyroscope

12:59:48 PM   UID       PID   cswch/s nvcswch/s  Command
12:59:49 PM  1000    921496      0.00      0.00  run-grafana.sh
12:59:49 PM  1000    921498      0.00      0.00  run-loki.sh
12:59:49 PM  1000    921501      0.00      0.00  grafana
12:59:49 PM  1000    921502      0.00      0.00  run-otelcol.sh
12:59:49 PM  1000    921505      0.00      0.00  run-prometheus.
12:59:49 PM  1000    921507      0.00      0.00  otelcol-contrib
12:59:49 PM  1000    921508      0.00      0.00  run-tempo.sh
12:59:49 PM  1000    921510     40.00      0.00  loki
12:59:49 PM  1000    921511      0.00      0.00  run-pyroscope.s
12:59:49 PM  1000    921512      0.00      0.00  prometheus
12:59:49 PM  1000    921515     65.00     14.00  tempo
12:59:49 PM  1000    921535      0.00      0.00  pyroscope

12:59:49 PM   UID       PID    %usr %system  %guest   %wait    %CPU   CPU  Command
12:59:50 PM  1000    921496    0.00    0.00    0.00    0.00    0.00    20  run-grafana.sh
12:59:50 PM  1000    921498    0.00    0.00    0.00    0.00    0.00    20  run-loki.sh
12:59:50 PM  1000    921501    0.00    0.00    0.00    0.00    0.00    18  grafana
12:59:50 PM  1000    921502    0.00    0.00    0.00    0.00    0.00    18  run-otelcol.sh
12:59:50 PM  1000    921505    0.00    0.00    0.00    0.00    0.00    18  run-prometheus.
12:59:50 PM  1000    921507    8.00    0.00    0.00    0.00    8.00    18  otelcol-contrib
12:59:50 PM  1000    921508    0.00    0.00    0.00    0.00    0.00    18  run-tempo.sh
12:59:50 PM  1000    921510    0.00    0.00    0.00    0.00    0.00    16  loki
12:59:50 PM  1000    921511    0.00    0.00    0.00    0.00    0.00    20  run-pyroscope.s
12:59:50 PM  1000    921512    0.00    0.00    0.00    0.00    0.00    18  prometheus
12:59:50 PM  1000    921515   87.00    9.00    0.00    1.00   96.00    18  tempo
12:59:50 PM  1000    921535    0.00    0.00    0.00    0.00    0.00    18  pyroscope

12:59:49 PM   UID       PID   cswch/s nvcswch/s  Command
12:59:50 PM  1000    921496      0.00      0.00  run-grafana.sh
12:59:50 PM  1000    921498      0.00      0.00  run-loki.sh
12:59:50 PM  1000    921501      0.00      0.00  grafana
12:59:50 PM  1000    921502      0.00      0.00  run-otelcol.sh
12:59:50 PM  1000    921505      0.00      0.00  run-prometheus.
12:59:50 PM  1000    921507      0.00      0.00  otelcol-contrib
12:59:50 PM  1000    921508      0.00      0.00  run-tempo.sh
12:59:50 PM  1000    921510     26.00      0.00  loki
12:59:50 PM  1000    921511      0.00      0.00  run-pyroscope.s
12:59:50 PM  1000    921512      0.00      0.00  prometheus
12:59:50 PM  1000    921515     97.00     97.00  tempo
12:59:50 PM  1000    921535      0.00      0.00  pyroscope

12:59:50 PM   UID       PID    %usr %system  %guest   %wait    %CPU   CPU  Command
12:59:51 PM  1000    921496    0.00    0.00    0.00    0.00    0.00    20  run-grafana.sh
12:59:51 PM  1000    921498    0.00    0.00    0.00    0.00    0.00    20  run-loki.sh
12:59:51 PM  1000    921501    0.00    0.00    0.00    0.00    0.00    18  grafana
12:59:51 PM  1000    921502    0.00    0.00    0.00    0.00    0.00    18  run-otelcol.sh
12:59:51 PM  1000    921505    0.00    0.00    0.00    0.00    0.00    18  run-prometheus.
12:59:51 PM  1000    921507    6.00    1.00    0.00    0.00    7.00    18  otelcol-contrib
12:59:51 PM  1000    921508    0.00    0.00    0.00    0.00    0.00    18  run-tempo.sh
12:59:51 PM  1000    921510    0.00    1.00    0.00    0.00    1.00    20  loki
12:59:51 PM  1000    921511    0.00    0.00    0.00    0.00    0.00    20  run-pyroscope.s
12:59:51 PM  1000    921512    0.00    0.00    0.00    0.00    0.00    18  prometheus
12:59:51 PM  1000    921515   22.00    3.00    0.00    0.00   25.00    18  tempo
12:59:51 PM  1000    921535    1.00    0.00    0.00    0.00    1.00    18  pyroscope

12:59:50 PM   UID       PID   cswch/s nvcswch/s  Command
12:59:51 PM  1000    921496      0.00      0.00  run-grafana.sh
12:59:51 PM  1000    921498      0.00      0.00  run-loki.sh
12:59:51 PM  1000    921501      0.00      0.00  grafana
12:59:51 PM  1000    921502      0.00      0.00  run-otelcol.sh
12:59:51 PM  1000    921505      0.00      0.00  run-prometheus.
12:59:51 PM  1000    921507      0.00      0.00  otelcol-contrib
12:59:51 PM  1000    921508      0.00      0.00  run-tempo.sh
12:59:51 PM  1000    921510     43.00      0.00  loki
12:59:51 PM  1000    921511      0.00      0.00  run-pyroscope.s
12:59:51 PM  1000    921512      0.00      0.00  prometheus
12:59:51 PM  1000    921515     97.00      4.00  tempo
12:59:51 PM  1000    921535      0.00      0.00  pyroscope

12:59:51 PM   UID       PID    %usr %system  %guest   %wait    %CPU   CPU  Command
12:59:52 PM  1000    921496    0.00    0.00    0.00    0.00    0.00    20  run-grafana.sh
12:59:52 PM  1000    921498    0.00    0.00    0.00    0.00    0.00    20  run-loki.sh
12:59:52 PM  1000    921501    0.00    1.00    0.00    0.00    1.00    18  grafana
12:59:52 PM  1000    921502    0.00    0.00    0.00    0.00    0.00    18  run-otelcol.sh
12:59:52 PM  1000    921505    0.00    0.00    0.00    0.00    0.00    18  run-prometheus.
12:59:52 PM  1000    921507    8.00    0.00    0.00    0.00    8.00    18  otelcol-contrib
12:59:52 PM  1000    921508    0.00    0.00    0.00    0.00    0.00    18  run-tempo.sh
12:59:52 PM  1000    921510    1.00    0.00    0.00    0.00    1.00    16  loki
12:59:52 PM  1000    921511    0.00    0.00    0.00    0.00    0.00    20  run-pyroscope.s
12:59:52 PM  1000    921512    0.00    0.00    0.00    0.00    0.00    18  prometheus
12:59:52 PM  1000    921515   62.00    7.00    0.00    1.00   69.00    18  tempo
12:59:52 PM  1000    921535    4.00    0.00    0.00    0.00    4.00    18  pyroscope

12:59:51 PM   UID       PID   cswch/s nvcswch/s  Command
12:59:52 PM  1000    921496      0.00      0.00  run-grafana.sh
12:59:52 PM  1000    921498      0.00      0.00  run-loki.sh
12:59:52 PM  1000    921501      0.00      0.00  grafana
12:59:52 PM  1000    921502      0.00      0.00  run-otelcol.sh
12:59:52 PM  1000    921505      0.00      0.00  run-prometheus.
12:59:52 PM  1000    921507      0.00      0.00  otelcol-contrib
12:59:52 PM  1000    921508      0.00      0.00  run-tempo.sh
12:59:52 PM  1000    921510     44.00      0.00  loki
12:59:52 PM  1000    921511      0.00      0.00  run-pyroscope.s
12:59:52 PM  1000    921512      0.00      0.00  prometheus
12:59:52 PM  1000    921515     73.00     11.00  tempo
12:59:52 PM  1000    921535      0.00      0.00  pyroscope

12:59:52 PM   UID       PID    %usr %system  %guest   %wait    %CPU   CPU  Command
12:59:53 PM  1000    921496    0.00    0.00    0.00    0.00    0.00    20  run-grafana.sh
12:59:53 PM  1000    921498    0.00    0.00    0.00    0.00    0.00    20  run-loki.sh
12:59:53 PM  1000    921501    0.00    0.00    0.00    0.00    0.00    18  grafana
12:59:53 PM  1000    921502    0.00    0.00    0.00    0.00    0.00    18  run-otelcol.sh
12:59:53 PM  1000    921505    0.00    0.00    0.00    0.00    0.00    18  run-prometheus.
12:59:53 PM  1000    921507    6.00    0.00    0.00    0.00    6.00    18  otelcol-contrib
12:59:53 PM  1000    921508    0.00    0.00    0.00    0.00    0.00    18  run-tempo.sh
12:59:53 PM  1000    921510    0.00    0.00    0.00    0.00    0.00    18  loki
12:59:53 PM  1000    921511    0.00    0.00    0.00    0.00    0.00    20  run-pyroscope.s
12:59:53 PM  1000    921512    0.00    0.00    0.00    0.00    0.00    18  prometheus
12:59:53 PM  1000    921515   45.00    2.00    0.00    0.00   47.00    16  tempo
12:59:53 PM  1000    921535    0.00    0.00    0.00    0.00    0.00    18  pyroscope

12:59:52 PM   UID       PID   cswch/s nvcswch/s  Command
12:59:53 PM  1000    921496      0.00      0.00  run-grafana.sh
12:59:53 PM  1000    921498      0.00      0.00  run-loki.sh
12:59:53 PM  1000    921501      0.00      0.00  grafana
12:59:53 PM  1000    921502      0.00      0.00  run-otelcol.sh
12:59:53 PM  1000    921505      0.00      0.00  run-prometheus.
12:59:53 PM  1000    921507      0.00      0.00  otelcol-contrib
12:59:53 PM  1000    921508      0.00      0.00  run-tempo.sh
12:59:53 PM  1000    921510     40.00      0.00  loki
12:59:53 PM  1000    921511      0.00      0.00  run-pyroscope.s
12:59:53 PM  1000    921512      0.00      0.00  prometheus
12:59:53 PM  1000    921515     90.00      1.00  tempo
12:59:53 PM  1000    921535      0.00      0.00  pyroscope

12:59:53 PM   UID       PID    %usr %system  %guest   %wait    %CPU   CPU  Command
12:59:54 PM  1000    921496    0.00    0.00    0.00    0.00    0.00    20  run-grafana.sh
12:59:54 PM  1000    921498    0.00    0.00    0.00    0.00    0.00    20  run-loki.sh
12:59:54 PM  1000    921501    0.00    0.00    0.00    0.00    0.00    18  grafana
12:59:54 PM  1000    921502    0.00    0.00    0.00    0.00    0.00    18  run-otelcol.sh
12:59:54 PM  1000    921505    0.00    0.00    0.00    0.00    0.00    18  run-prometheus.
12:59:54 PM  1000    921507    5.00    1.00    0.00    0.00    6.00    18  otelcol-contrib
12:59:54 PM  1000    921508    0.00    0.00    0.00    0.00    0.00    18  run-tempo.sh
12:59:54 PM  1000    921510    0.00    0.00    0.00    0.00    0.00    20  loki
12:59:54 PM  1000    921511    0.00    0.00    0.00    0.00    0.00    20  run-pyroscope.s
12:59:54 PM  1000    921512    0.00    0.00    0.00    0.00    0.00    18  prometheus
12:59:54 PM  1000    921515   64.00    5.00    0.00    0.00   69.00    18  tempo
12:59:54 PM  1000    921535    0.00    0.00    0.00    0.00    0.00    18  pyroscope

12:59:53 PM   UID       PID   cswch/s nvcswch/s  Command
12:59:54 PM  1000    921496      0.00      0.00  run-grafana.sh
12:59:54 PM  1000    921498      0.00      0.00  run-loki.sh
12:59:54 PM  1000    921501      0.00      0.00  grafana
12:59:54 PM  1000    921502      0.00      0.00  run-otelcol.sh
12:59:54 PM  1000    921505      0.00      0.00  run-prometheus.
12:59:54 PM  1000    921507      0.00      0.00  otelcol-contrib
12:59:54 PM  1000    921508      0.00      0.00  run-tempo.sh
12:59:54 PM  1000    921510     40.00      0.00  loki
12:59:54 PM  1000    921511      0.00      0.00  run-pyroscope.s
12:59:54 PM  1000    921512      0.00      0.00  prometheus
12:59:54 PM  1000    921515    100.00     34.00  tempo
12:59:54 PM  1000    921535      0.00      0.00  pyroscope

12:59:54 PM   UID       PID    %usr %system  %guest   %wait    %CPU   CPU  Command
12:59:55 PM  1000    921496    0.00    0.00    0.00    0.00    0.00    20  run-grafana.sh
12:59:55 PM  1000    921498    0.00    0.00    0.00    0.00    0.00    20  run-loki.sh
12:59:55 PM  1000    921501    0.00    0.00    0.00    0.00    0.00    18  grafana
12:59:55 PM  1000    921502    0.00    0.00    0.00    0.00    0.00    18  run-otelcol.sh
12:59:55 PM  1000    921505    0.00    0.00    0.00    0.00    0.00    18  run-prometheus.
12:59:55 PM  1000    921507    9.00    0.00    0.00    0.00    9.00    18  otelcol-contrib
12:59:55 PM  1000    921508    0.00    0.00    0.00    0.00    0.00    18  run-tempo.sh
12:59:55 PM  1000    921510    1.00    0.00    0.00    0.00    1.00    16  loki
12:59:55 PM  1000    921511    0.00    0.00    0.00    0.00    0.00    20  run-pyroscope.s
12:59:55 PM  1000    921512    1.00    0.00    0.00    0.00    1.00    18  prometheus
12:59:55 PM  1000    921515   48.00    1.00    0.00    1.00   49.00    18  tempo
12:59:55 PM  1000    921535    0.00    0.00    0.00    0.00    0.00    18  pyroscope

12:59:54 PM   UID       PID   cswch/s nvcswch/s  Command
12:59:55 PM  1000    921496      0.00      0.00  run-grafana.sh
12:59:55 PM  1000    921498      0.00      0.00  run-loki.sh
12:59:55 PM  1000    921501      0.00      0.00  grafana
12:59:55 PM  1000    921502      0.00      0.00  run-otelcol.sh
12:59:55 PM  1000    921505      0.00      0.00  run-prometheus.
12:59:55 PM  1000    921507      0.00      0.00  otelcol-contrib
12:59:55 PM  1000    921508      0.00      0.00  run-tempo.sh
12:59:55 PM  1000    921510     39.00      0.00  loki
12:59:55 PM  1000    921511      0.00      0.00  run-pyroscope.s
12:59:55 PM  1000    921512      0.00      0.00  prometheus
12:59:55 PM  1000    921515     70.00     65.00  tempo
12:59:55 PM  1000    921535      0.00      0.00  pyroscope

12:59:55 PM   UID       PID    %usr %system  %guest   %wait    %CPU   CPU  Command
12:59:56 PM  1000    921496    0.00    0.00    0.00    0.00    0.00    20  run-grafana.sh
12:59:56 PM  1000    921498    0.00    0.00    0.00    0.00    0.00    20  run-loki.sh
12:59:56 PM  1000    921501    0.00    0.00    0.00    0.00    0.00    18  grafana
12:59:56 PM  1000    921502    0.00    0.00    0.00    0.00    0.00    18  run-otelcol.sh
12:59:56 PM  1000    921505    0.00    0.00    0.00    0.00    0.00    18  run-prometheus.
12:59:56 PM  1000    921507    6.00    0.00    0.00    0.00    6.00    18  otelcol-contrib
12:59:56 PM  1000    921508    0.00    0.00    0.00    0.00    0.00    18  run-tempo.sh
12:59:56 PM  1000    921510    0.00    0.00    0.00    0.00    0.00    16  loki
12:59:56 PM  1000    921511    0.00    0.00    0.00    0.00    0.00    20  run-pyroscope.s
12:59:56 PM  1000    921512    0.00    0.00    0.00    0.00    0.00    18  prometheus
12:59:56 PM  1000    921515   67.00    4.00    0.00    0.00   71.00    16  tempo
12:59:56 PM  1000    921535    0.00    0.00    0.00    0.00    0.00    18  pyroscope

12:59:55 PM   UID       PID   cswch/s nvcswch/s  Command
12:59:56 PM  1000    921496      0.00      0.00  run-grafana.sh
12:59:56 PM  1000    921498      0.00      0.00  run-loki.sh
12:59:56 PM  1000    921501      0.00      0.00  grafana
12:59:56 PM  1000    921502      0.00      0.00  run-otelcol.sh
12:59:56 PM  1000    921505      0.00      0.00  run-prometheus.
12:59:56 PM  1000    921507      0.00      0.00  otelcol-contrib
12:59:56 PM  1000    921508      0.00      0.00  run-tempo.sh
12:59:56 PM  1000    921510     48.00      0.00  loki
12:59:56 PM  1000    921511      0.00      0.00  run-pyroscope.s
12:59:56 PM  1000    921512      0.00      0.00  prometheus
12:59:56 PM  1000    921515     89.00     59.00  tempo
12:59:56 PM  1000    921535      0.00      0.00  pyroscope

12:59:56 PM   UID       PID    %usr %system  %guest   %wait    %CPU   CPU  Command
12:59:57 PM  1000    921496    0.00    0.00    0.00    0.00    0.00    20  run-grafana.sh
12:59:57 PM  1000    921498    0.00    0.00    0.00    0.00    0.00    20  run-loki.sh
12:59:57 PM  1000    921501    0.00    0.00    0.00    0.00    0.00    18  grafana
12:59:57 PM  1000    921502    0.00    0.00    0.00    0.00    0.00    18  run-otelcol.sh
12:59:57 PM  1000    921505    0.00    0.00    0.00    0.00    0.00    18  run-prometheus.
12:59:57 PM  1000    921507    8.00    1.00    0.00    0.00    9.00    18  otelcol-contrib
12:59:57 PM  1000    921508    0.00    0.00    0.00    0.00    0.00    18  run-tempo.sh
12:59:57 PM  1000    921510    0.00    0.00    0.00    0.00    0.00    18  loki
12:59:57 PM  1000    921511    0.00    0.00    0.00    0.00    0.00    20  run-pyroscope.s
12:59:57 PM  1000    921512    0.00    0.00    0.00    0.00    0.00    18  prometheus
12:59:57 PM  1000    921515   56.00    6.00    0.00    0.00   62.00    20  tempo
12:59:57 PM  1000    921535    0.00    0.00    0.00    0.00    0.00    18  pyroscope

12:59:56 PM   UID       PID   cswch/s nvcswch/s  Command
12:59:57 PM  1000    921496      0.00      0.00  run-grafana.sh
12:59:57 PM  1000    921498      0.00      0.00  run-loki.sh
12:59:57 PM  1000    921501      0.00      0.00  grafana
12:59:57 PM  1000    921502      0.00      0.00  run-otelcol.sh
12:59:57 PM  1000    921505      0.00      0.00  run-prometheus.
12:59:57 PM  1000    921507      0.00      0.00  otelcol-contrib
12:59:57 PM  1000    921508      0.00      0.00  run-tempo.sh
12:59:57 PM  1000    921510      5.00      0.00  loki
12:59:57 PM  1000    921511      0.00      0.00  run-pyroscope.s
12:59:57 PM  1000    921512      0.00      0.00  prometheus
12:59:57 PM  1000    921515     82.00     11.00  tempo
12:59:57 PM  1000    921535      0.00      0.00  pyroscope

12:59:57 PM   UID       PID    %usr %system  %guest   %wait    %CPU   CPU  Command
12:59:58 PM  1000    921496    0.00    0.00    0.00    0.00    0.00    20  run-grafana.sh
12:59:58 PM  1000    921498    0.00    0.00    0.00    0.00    0.00    20  run-loki.sh
12:59:58 PM  1000    921501    0.00    0.00    0.00    0.00    0.00    18  grafana
12:59:58 PM  1000    921502    0.00    0.00    0.00    0.00    0.00    18  run-otelcol.sh
12:59:58 PM  1000    921505    0.00    0.00    0.00    0.00    0.00    18  run-prometheus.
12:59:58 PM  1000    921507    6.00    0.00    0.00    0.00    6.00    18  otelcol-contrib
12:59:58 PM  1000    921508    0.00    0.00    0.00    0.00    0.00    18  run-tempo.sh
12:59:58 PM  1000    921510    0.00    0.00    0.00    0.00    0.00    20  loki
12:59:58 PM  1000    921511    0.00    0.00    0.00    0.00    0.00    20  run-pyroscope.s
12:59:58 PM  1000    921512    0.00    0.00    0.00    0.00    0.00    18  prometheus
12:59:58 PM  1000    921515   94.00    7.00    0.00    0.00  101.00    20  tempo
12:59:58 PM  1000    921535    1.00    0.00    0.00    0.00    1.00    18  pyroscope

12:59:57 PM   UID       PID   cswch/s nvcswch/s  Command
12:59:58 PM  1000    921496      0.00      0.00  run-grafana.sh
12:59:58 PM  1000    921498      0.00      0.00  run-loki.sh
12:59:58 PM  1000    921501      0.00      0.00  grafana
12:59:58 PM  1000    921502      0.00      0.00  run-otelcol.sh
12:59:58 PM  1000    921505      0.00      0.00  run-prometheus.
12:59:58 PM  1000    921507      0.00      0.00  otelcol-contrib
12:59:58 PM  1000    921508      0.00      0.00  run-tempo.sh
12:59:58 PM  1000    921510      6.00      0.00  loki
12:59:58 PM  1000    921511      0.00      0.00  run-pyroscope.s
12:59:58 PM  1000    921512      0.00      0.00  prometheus
12:59:58 PM  1000    921515     12.00      5.00  tempo
12:59:58 PM  1000    921535      0.00      0.00  pyroscope

12:59:58 PM   UID       PID    %usr %system  %guest   %wait    %CPU   CPU  Command
12:59:59 PM  1000    921496    0.00    0.00    0.00    0.00    0.00    20  run-grafana.sh
12:59:59 PM  1000    921498    0.00    0.00    0.00    0.00    0.00    20  run-loki.sh
12:59:59 PM  1000    921501    3.00    0.00    0.00    0.00    3.00    18  grafana
12:59:59 PM  1000    921502    0.00    0.00    0.00    0.00    0.00    18  run-otelcol.sh
12:59:59 PM  1000    921505    0.00    0.00    0.00    0.00    0.00    18  run-prometheus.
12:59:59 PM  1000    921507    8.00    0.00    0.00    0.00    8.00    18  otelcol-contrib
12:59:59 PM  1000    921508    0.00    0.00    0.00    0.00    0.00    18  run-tempo.sh
12:59:59 PM  1000    921510    1.00    0.00    0.00    0.00    1.00    16  loki
12:59:59 PM  1000    921511    0.00    0.00    0.00    0.00    0.00    20  run-pyroscope.s
12:59:59 PM  1000    921512    0.00    0.00    0.00    0.00    0.00    18  prometheus
12:59:59 PM  1000    921515   40.00    0.00    0.00    0.00   40.00    20  tempo
12:59:59 PM  1000    921535    0.00    1.00    0.00    0.00    1.00    18  pyroscope

12:59:58 PM   UID       PID   cswch/s nvcswch/s  Command
12:59:59 PM  1000    921496      0.00      0.00  run-grafana.sh
12:59:59 PM  1000    921498      0.00      0.00  run-loki.sh
12:59:59 PM  1000    921501      0.00      0.00  grafana
12:59:59 PM  1000    921502      0.00      0.00  run-otelcol.sh
12:59:59 PM  1000    921505      0.00      0.00  run-prometheus.
12:59:59 PM  1000    921507      0.00      0.00  otelcol-contrib
12:59:59 PM  1000    921508      0.00      0.00  run-tempo.sh
12:59:59 PM  1000    921510     37.00      0.00  loki
12:59:59 PM  1000    921511      0.00      0.00  run-pyroscope.s
12:59:59 PM  1000    921512      0.00      0.00  prometheus
12:59:59 PM  1000    921515      0.00      0.00  tempo
12:59:59 PM  1000    921535      0.00      0.00  pyroscope

12:59:59 PM   UID       PID    %usr %system  %guest   %wait    %CPU   CPU  Command
01:00:00 PM  1000    921496    0.00    0.00    0.00    0.00    0.00    20  run-grafana.sh
01:00:00 PM  1000    921498    0.00    0.00    0.00    0.00    0.00    20  run-loki.sh
01:00:00 PM  1000    921501    0.00    0.00    0.00    0.00    0.00    18  grafana
01:00:00 PM  1000    921502    0.00    0.00    0.00    0.00    0.00    18  run-otelcol.sh
01:00:00 PM  1000    921505    0.00    0.00    0.00    0.00    0.00    18  run-prometheus.
01:00:00 PM  1000    921507    6.00    0.00    0.00    0.00    6.00    18  otelcol-contrib
01:00:00 PM  1000    921508    0.00    0.00    0.00    0.00    0.00    18  run-tempo.sh
01:00:00 PM  1000    921510    0.00    0.00    0.00    1.00    0.00    16  loki
01:00:00 PM  1000    921511    0.00    0.00    0.00    0.00    0.00    20  run-pyroscope.s
01:00:00 PM  1000    921512    0.00    0.00    0.00    0.00    0.00    18  prometheus
01:00:00 PM  1000    921515   30.00    2.00    0.00    0.00   32.00    20  tempo
01:00:00 PM  1000    921535    0.00    0.00    0.00    0.00    0.00    18  pyroscope

12:59:59 PM   UID       PID   cswch/s nvcswch/s  Command
01:00:00 PM  1000    921496      0.00      0.00  run-grafana.sh
01:00:00 PM  1000    921498      0.00      0.00  run-loki.sh
01:00:00 PM  1000    921501      0.00      0.00  grafana
01:00:00 PM  1000    921502      0.00      0.00  run-otelcol.sh
01:00:00 PM  1000    921505      0.00      0.00  run-prometheus.
01:00:00 PM  1000    921507      0.00      0.00  otelcol-contrib
01:00:00 PM  1000    921508      0.00      0.00  run-tempo.sh
01:00:00 PM  1000    921510     43.00      0.00  loki
01:00:00 PM  1000    921511      0.00      0.00  run-pyroscope.s
01:00:00 PM  1000    921512      0.00      0.00  prometheus
01:00:00 PM  1000    921515      0.00      0.00  tempo
01:00:00 PM  1000    921535      0.00      0.00  pyroscope

01:00:00 PM   UID       PID    %usr %system  %guest   %wait    %CPU   CPU  Command
01:00:01 PM  1000    921496    0.00    0.00    0.00    0.00    0.00    20  run-grafana.sh
01:00:01 PM  1000    921498    0.00    0.00    0.00    0.00    0.00    20  run-loki.sh
01:00:01 PM  1000    921501    0.00    0.00    0.00    0.00    0.00    18  grafana
01:00:01 PM  1000    921502    0.00    0.00    0.00    0.00    0.00    18  run-otelcol.sh
01:00:01 PM  1000    921505    0.00    0.00    0.00    0.00    0.00    18  run-prometheus.
01:00:01 PM  1000    921507    0.00    0.00    0.00    0.00    0.00    18  otelcol-contrib
01:00:01 PM  1000    921508    0.00    0.00    0.00    0.00    0.00    18  run-tempo.sh
01:00:01 PM  1000    921510    0.00    0.00    0.00    0.00    0.00    20  loki
01:00:01 PM  1000    921511    0.00    0.00    0.00    0.00    0.00    20  run-pyroscope.s
01:00:01 PM  1000    921512    0.00    0.00    0.00    0.00    0.00    18  prometheus
01:00:01 PM  1000    921515   24.00    1.00    0.00    0.00   25.00    20  tempo
01:00:01 PM  1000    921535    0.00    0.00    0.00    0.00    0.00    18  pyroscope

01:00:00 PM   UID       PID   cswch/s nvcswch/s  Command
01:00:01 PM  1000    921496      0.00      0.00  run-grafana.sh
01:00:01 PM  1000    921498      0.00      0.00  run-loki.sh
01:00:01 PM  1000    921501      0.00      0.00  grafana
01:00:01 PM  1000    921502      0.00      0.00  run-otelcol.sh
01:00:01 PM  1000    921505      0.00      0.00  run-prometheus.
01:00:01 PM  1000    921507      0.00      0.00  otelcol-contrib
01:00:01 PM  1000    921508      0.00      0.00  run-tempo.sh
01:00:01 PM  1000    921510     50.00      0.00  loki
01:00:01 PM  1000    921511      0.00      0.00  run-pyroscope.s
01:00:01 PM  1000    921512      0.00      0.00  prometheus
01:00:01 PM  1000    921515      0.00      0.00  tempo
01:00:01 PM  1000    921535      0.00      0.00  pyroscope

01:00:01 PM   UID       PID    %usr %system  %guest   %wait    %CPU   CPU  Command
01:00:02 PM  1000    921496    0.00    0.00    0.00    0.00    0.00    20  run-grafana.sh
01:00:02 PM  1000    921498    0.00    0.00    0.00    0.00    0.00    20  run-loki.sh
01:00:02 PM  1000    921501    0.00    0.00    0.00    0.00    0.00    18  grafana
01:00:02 PM  1000    921502    0.00    0.00    0.00    0.00    0.00    18  run-otelcol.sh
01:00:02 PM  1000    921505    0.00    0.00    0.00    0.00    0.00    18  run-prometheus.
01:00:02 PM  1000    921507    1.00    0.00    0.00    0.00    1.00    18  otelcol-contrib
01:00:02 PM  1000    921508    0.00    0.00    0.00    0.00    0.00    18  run-tempo.sh
01:00:02 PM  1000    921510    0.00    0.00    0.00    0.00    0.00    20  loki
01:00:02 PM  1000    921511    0.00    0.00    0.00    0.00    0.00    20  run-pyroscope.s
01:00:02 PM  1000    921512    0.00    0.00    0.00    0.00    0.00    18  prometheus
01:00:02 PM  1000    921515   44.00    4.00    0.00    0.00   48.00    20  tempo
01:00:02 PM  1000    921535    0.00    0.00    0.00    0.00    0.00    18  pyroscope

01:00:01 PM   UID       PID   cswch/s nvcswch/s  Command
01:00:02 PM  1000    921496      0.00      0.00  run-grafana.sh
01:00:02 PM  1000    921498      0.00      0.00  run-loki.sh
01:00:02 PM  1000    921501      0.00      0.00  grafana
01:00:02 PM  1000    921502      0.00      0.00  run-otelcol.sh
01:00:02 PM  1000    921505      0.00      0.00  run-prometheus.
01:00:02 PM  1000    921507      0.00      0.00  otelcol-contrib
01:00:02 PM  1000    921508      0.00      0.00  run-tempo.sh
01:00:02 PM  1000    921510     16.00      0.00  loki
01:00:02 PM  1000    921511      0.00      0.00  run-pyroscope.s
01:00:02 PM  1000    921512      0.00      0.00  prometheus
01:00:02 PM  1000    921515      0.00      0.00  tempo
01:00:02 PM  1000    921535      0.00      0.00  pyroscope

01:00:02 PM   UID       PID    %usr %system  %guest   %wait    %CPU   CPU  Command
01:00:03 PM  1000    921496    0.00    0.00    0.00    0.00    0.00    20  run-grafana.sh
01:00:03 PM  1000    921498    0.00    0.00    0.00    0.00    0.00    20  run-loki.sh
01:00:03 PM  1000    921501    0.00    0.00    0.00    0.00    0.00    18  grafana
01:00:03 PM  1000    921502    0.00    0.00    0.00    0.00    0.00    18  run-otelcol.sh
01:00:03 PM  1000    921505    0.00    0.00    0.00    0.00    0.00    18  run-prometheus.
01:00:03 PM  1000    921507    0.00    0.00    0.00    0.00    0.00    18  otelcol-contrib
01:00:03 PM  1000    921508    0.00    0.00    0.00    0.00    0.00    18  run-tempo.sh
01:00:03 PM  1000    921510    0.00    0.00    0.00    0.00    0.00    18  loki
01:00:03 PM  1000    921511    0.00    0.00    0.00    0.00    0.00    20  run-pyroscope.s
01:00:03 PM  1000    921512    1.00    0.00    0.00    0.00    1.00    18  prometheus
01:00:03 PM  1000    921515    9.00    2.00    0.00    0.00   11.00    20  tempo
01:00:03 PM  1000    921535    0.00    0.00    0.00    0.00    0.00    18  pyroscope

01:00:02 PM   UID       PID   cswch/s nvcswch/s  Command
01:00:03 PM  1000    921496      0.00      0.00  run-grafana.sh
01:00:03 PM  1000    921498      0.00      0.00  run-loki.sh
01:00:03 PM  1000    921501      0.00      0.00  grafana
01:00:03 PM  1000    921502      0.00      0.00  run-otelcol.sh
01:00:03 PM  1000    921505      0.00      0.00  run-prometheus.
01:00:03 PM  1000    921507      0.00      0.00  otelcol-contrib
01:00:03 PM  1000    921508      0.00      0.00  run-tempo.sh
01:00:03 PM  1000    921510     43.00      0.00  loki
01:00:03 PM  1000    921511      0.00      0.00  run-pyroscope.s
01:00:03 PM  1000    921512      0.00      0.00  prometheus
01:00:03 PM  1000    921515      0.00      0.00  tempo
01:00:03 PM  1000    921535      0.00      0.00  pyroscope

01:00:03 PM   UID       PID    %usr %system  %guest   %wait    %CPU   CPU  Command
01:00:04 PM  1000    921496    0.00    0.00    0.00    0.00    0.00    20  run-grafana.sh
01:00:04 PM  1000    921498    0.00    0.00    0.00    0.00    0.00    20  run-loki.sh
01:00:04 PM  1000    921501    0.00    0.00    0.00    0.00    0.00    18  grafana
01:00:04 PM  1000    921502    0.00    0.00    0.00    0.00    0.00    18  run-otelcol.sh
01:00:04 PM  1000    921505    0.00    0.00    0.00    0.00    0.00    18  run-prometheus.
01:00:04 PM  1000    921507    0.00    0.00    0.00    0.00    0.00    18  otelcol-contrib
01:00:04 PM  1000    921508    0.00    0.00    0.00    0.00    0.00    18  run-tempo.sh
01:00:04 PM  1000    921510    1.00    0.00    0.00    0.00    1.00    16  loki
01:00:04 PM  1000    921511    0.00    0.00    0.00    0.00    0.00    20  run-pyroscope.s
01:00:04 PM  1000    921512    0.00    0.00    0.00    0.00    0.00    18  prometheus
01:00:04 PM  1000    921515   40.00    4.00    0.00    0.00   44.00    20  tempo
01:00:04 PM  1000    921535    0.00    0.00    0.00    0.00    0.00    18  pyroscope

01:00:03 PM   UID       PID   cswch/s nvcswch/s  Command
01:00:04 PM  1000    921496      0.00      0.00  run-grafana.sh
01:00:04 PM  1000    921498      0.00      0.00  run-loki.sh
01:00:04 PM  1000    921501      0.00      0.00  grafana
01:00:04 PM  1000    921502      0.00      0.00  run-otelcol.sh
01:00:04 PM  1000    921505      0.00      0.00  run-prometheus.
01:00:04 PM  1000    921507      0.00      0.00  otelcol-contrib
01:00:04 PM  1000    921508      0.00      0.00  run-tempo.sh
01:00:04 PM  1000    921510     38.00      0.00  loki
01:00:04 PM  1000    921511      0.00      0.00  run-pyroscope.s
01:00:04 PM  1000    921512      0.00      0.00  prometheus
01:00:04 PM  1000    921515      0.00      0.00  tempo
01:00:04 PM  1000    921535      0.00      0.00  pyroscope

01:00:04 PM   UID       PID    %usr %system  %guest   %wait    %CPU   CPU  Command
01:00:05 PM  1000    921496    0.00    0.00    0.00    0.00    0.00    20  run-grafana.sh
01:00:05 PM  1000    921498    0.00    0.00    0.00    0.00    0.00    20  run-loki.sh
01:00:05 PM  1000    921501    0.00    0.00    0.00    0.00    0.00    18  grafana
01:00:05 PM  1000    921502    0.00    0.00    0.00    0.00    0.00    18  run-otelcol.sh
01:00:05 PM  1000    921505    0.00    0.00    0.00    0.00    0.00    18  run-prometheus.
01:00:05 PM  1000    921507    1.00    0.00    0.00    0.00    1.00    18  otelcol-contrib
01:00:05 PM  1000    921508    0.00    0.00    0.00    0.00    0.00    18  run-tempo.sh
01:00:05 PM  1000    921510    0.00    0.00    0.00    0.00    0.00    16  loki
01:00:05 PM  1000    921511    0.00    0.00    0.00    0.00    0.00    20  run-pyroscope.s
01:00:05 PM  1000    921512    0.00    0.00    0.00    0.00    0.00    18  prometheus
01:00:05 PM  1000    921515    0.00    0.00    0.00    0.00    0.00    20  tempo
01:00:05 PM  1000    921535    0.00    0.00    0.00    0.00    0.00    18  pyroscope

01:00:04 PM   UID       PID   cswch/s nvcswch/s  Command
01:00:05 PM  1000    921496      0.00      0.00  run-grafana.sh
01:00:05 PM  1000    921498      0.00      0.00  run-loki.sh
01:00:05 PM  1000    921501      0.00      0.00  grafana
01:00:05 PM  1000    921502      0.00      0.00  run-otelcol.sh
01:00:05 PM  1000    921505      0.00      0.00  run-prometheus.
01:00:05 PM  1000    921507      0.00      0.00  otelcol-contrib
01:00:05 PM  1000    921508      0.00      0.00  run-tempo.sh
01:00:05 PM  1000    921510     41.00      0.00  loki
01:00:05 PM  1000    921511      0.00      0.00  run-pyroscope.s
01:00:05 PM  1000    921512      0.00      0.00  prometheus
01:00:05 PM  1000    921515      0.00      0.00  tempo
01:00:05 PM  1000    921535      0.00      0.00  pyroscope

01:00:05 PM   UID       PID    %usr %system  %guest   %wait    %CPU   CPU  Command
01:00:06 PM  1000    921496    0.00    0.00    0.00    0.00    0.00    20  run-grafana.sh
01:00:06 PM  1000    921498    0.00    0.00    0.00    0.00    0.00    20  run-loki.sh
01:00:06 PM  1000    921501    0.00    0.00    0.00    0.00    0.00    18  grafana
01:00:06 PM  1000    921502    0.00    0.00    0.00    0.00    0.00    18  run-otelcol.sh
01:00:06 PM  1000    921505    0.00    0.00    0.00    0.00    0.00    18  run-prometheus.
01:00:06 PM  1000    921507    0.00    1.00    0.00    0.00    1.00    18  otelcol-contrib
01:00:06 PM  1000    921508    0.00    0.00    0.00    0.00    0.00    18  run-tempo.sh
01:00:06 PM  1000    921510    0.00    0.00    0.00    0.00    0.00    16  loki
01:00:06 PM  1000    921511    0.00    0.00    0.00    0.00    0.00    20  run-pyroscope.s
01:00:06 PM  1000    921512    0.00    0.00    0.00    0.00    0.00    18  prometheus
01:00:06 PM  1000    921515   46.00    0.00    0.00    0.00   46.00    20  tempo
01:00:06 PM  1000    921535    0.00    0.00    0.00    0.00    0.00    18  pyroscope

01:00:05 PM   UID       PID   cswch/s nvcswch/s  Command
01:00:06 PM  1000    921496      0.00      0.00  run-grafana.sh
01:00:06 PM  1000    921498      0.00      0.00  run-loki.sh
01:00:06 PM  1000    921501      0.00      0.00  grafana
01:00:06 PM  1000    921502      0.00      0.00  run-otelcol.sh
01:00:06 PM  1000    921505      0.00      0.00  run-prometheus.
01:00:06 PM  1000    921507      0.00      0.00  otelcol-contrib
01:00:06 PM  1000    921508      0.00      0.00  run-tempo.sh
01:00:06 PM  1000    921510     47.00      0.00  loki
01:00:06 PM  1000    921511      0.00      0.00  run-pyroscope.s
01:00:06 PM  1000    921512      0.00      0.00  prometheus
01:00:06 PM  1000    921515      0.00      0.00  tempo
01:00:06 PM  1000    921535      0.00      0.00  pyroscope

01:00:06 PM   UID       PID    %usr %system  %guest   %wait    %CPU   CPU  Command
01:00:07 PM  1000    921496    0.00    0.00    0.00    0.00    0.00    20  run-grafana.sh
01:00:07 PM  1000    921498    0.00    0.00    0.00    0.00    0.00    20  run-loki.sh
01:00:07 PM  1000    921501    0.00    0.00    0.00    0.00    0.00    18  grafana
01:00:07 PM  1000    921502    0.00    0.00    0.00    0.00    0.00    18  run-otelcol.sh
01:00:07 PM  1000    921505    0.00    0.00    0.00    0.00    0.00    18  run-prometheus.
01:00:07 PM  1000    921507    1.00    0.00    0.00    0.00    1.00    18  otelcol-contrib
01:00:07 PM  1000    921508    0.00    0.00    0.00    0.00    0.00    18  run-tempo.sh
01:00:07 PM  1000    921510    0.00    0.00    0.00    0.00    0.00    18  loki
01:00:07 PM  1000    921511    0.00    0.00    0.00    0.00    0.00    20  run-pyroscope.s
01:00:07 PM  1000    921512    0.00    0.00    0.00    0.00    0.00    18  prometheus
01:00:07 PM  1000    921515   23.00    2.00    0.00    0.00   25.00    20  tempo
01:00:07 PM  1000    921535    4.00    0.00    0.00    0.00    4.00    18  pyroscope

01:00:06 PM   UID       PID   cswch/s nvcswch/s  Command
01:00:07 PM  1000    921496      0.00      0.00  run-grafana.sh
01:00:07 PM  1000    921498      0.00      0.00  run-loki.sh
01:00:07 PM  1000    921501      0.00      0.00  grafana
01:00:07 PM  1000    921502      0.00      0.00  run-otelcol.sh
01:00:07 PM  1000    921505      0.00      0.00  run-prometheus.
01:00:07 PM  1000    921507      0.00      0.00  otelcol-contrib
01:00:07 PM  1000    921508      0.00      0.00  run-tempo.sh
01:00:07 PM  1000    921510     36.00      1.00  loki
01:00:07 PM  1000    921511      0.00      0.00  run-pyroscope.s
01:00:07 PM  1000    921512      0.00      0.00  prometheus
01:00:07 PM  1000    921515      0.00      0.00  tempo
01:00:07 PM  1000    921535      0.00      0.00  pyroscope

01:00:07 PM   UID       PID    %usr %system  %guest   %wait    %CPU   CPU  Command
01:00:08 PM  1000    921496    0.00    0.00    0.00    0.00    0.00    20  run-grafana.sh
01:00:08 PM  1000    921498    0.00    0.00    0.00    0.00    0.00    20  run-loki.sh
01:00:08 PM  1000    921501    0.00    0.00    0.00    0.00    0.00    18  grafana
01:00:08 PM  1000    921502    0.00    0.00    0.00    0.00    0.00    18  run-otelcol.sh
01:00:08 PM  1000    921505    0.00    0.00    0.00    0.00    0.00    18  run-prometheus.
01:00:08 PM  1000    921507    0.00    0.00    0.00    0.00    0.00    18  otelcol-contrib
01:00:08 PM  1000    921508    0.00    0.00    0.00    0.00    0.00    18  run-tempo.sh
01:00:08 PM  1000    921510    1.00    0.00    0.00    0.00    1.00    16  loki
01:00:08 PM  1000    921511    0.00    0.00    0.00    0.00    0.00    20  run-pyroscope.s
01:00:08 PM  1000    921512    0.00    0.00    0.00    0.00    0.00    18  prometheus
01:00:08 PM  1000    921515    1.00    0.00    0.00    0.00    1.00    20  tempo
01:00:08 PM  1000    921535    0.00    0.00    0.00    0.00    0.00    18  pyroscope

01:00:07 PM   UID       PID   cswch/s nvcswch/s  Command
01:00:08 PM  1000    921496      0.00      0.00  run-grafana.sh
01:00:08 PM  1000    921498      0.00      0.00  run-loki.sh
01:00:08 PM  1000    921501      0.00      0.00  grafana
01:00:08 PM  1000    921502      0.00      0.00  run-otelcol.sh
01:00:08 PM  1000    921505      0.00      0.00  run-prometheus.
01:00:08 PM  1000    921507      0.00      0.00  otelcol-contrib
01:00:08 PM  1000    921508      0.00      0.00  run-tempo.sh
01:00:08 PM  1000    921510     34.00      0.00  loki
01:00:08 PM  1000    921511      0.00      0.00  run-pyroscope.s
01:00:08 PM  1000    921512      0.00      0.00  prometheus
01:00:08 PM  1000    921515      0.00      0.00  tempo
01:00:08 PM  1000    921535      0.00      0.00  pyroscope

01:00:08 PM   UID       PID    %usr %system  %guest   %wait    %CPU   CPU  Command
01:00:09 PM  1000    921496    0.00    0.00    0.00    0.00    0.00    20  run-grafana.sh
01:00:09 PM  1000    921498    0.00    0.00    0.00    0.00    0.00    20  run-loki.sh
01:00:09 PM  1000    921501    2.00    1.00    0.00    0.00    3.00    18  grafana
01:00:09 PM  1000    921502    0.00    0.00    0.00    0.00    0.00    18  run-otelcol.sh
01:00:09 PM  1000    921505    0.00    0.00    0.00    0.00    0.00    18  run-prometheus.
01:00:09 PM  1000    921507    0.00    0.00    0.00    0.00    0.00    18  otelcol-contrib
01:00:09 PM  1000    921508    0.00    0.00    0.00    0.00    0.00    18  run-tempo.sh
01:00:09 PM  1000    921510    0.00    0.00    0.00    0.00    0.00    18  loki
01:00:09 PM  1000    921511    0.00    0.00    0.00    0.00    0.00    20  run-pyroscope.s
01:00:09 PM  1000    921512    1.00    0.00    0.00    0.00    1.00    18  prometheus
01:00:09 PM  1000    921515    0.00    0.00    0.00    0.00    0.00    20  tempo
01:00:09 PM  1000    921535    0.00    0.00    0.00    0.00    0.00    18  pyroscope

01:00:08 PM   UID       PID   cswch/s nvcswch/s  Command
01:00:09 PM  1000    921496      0.00      0.00  run-grafana.sh
01:00:09 PM  1000    921498      0.00      0.00  run-loki.sh
01:00:09 PM  1000    921501      0.00      0.00  grafana
01:00:09 PM  1000    921502      0.00      0.00  run-otelcol.sh
01:00:09 PM  1000    921505      0.00      0.00  run-prometheus.
01:00:09 PM  1000    921507      0.00      0.00  otelcol-contrib
01:00:09 PM  1000    921508      0.00      0.00  run-tempo.sh
01:00:09 PM  1000    921510     19.00      0.00  loki
01:00:09 PM  1000    921511      0.00      0.00  run-pyroscope.s
01:00:09 PM  1000    921512      0.00      0.00  prometheus
01:00:09 PM  1000    921515      0.00      0.00  tempo
01:00:09 PM  1000    921535      0.00      0.00  pyroscope

01:00:09 PM   UID       PID    %usr %system  %guest   %wait    %CPU   CPU  Command
01:00:10 PM  1000    921496    0.00    0.00    0.00    0.00    0.00    20  run-grafana.sh
01:00:10 PM  1000    921498    0.00    0.00    0.00    0.00    0.00    20  run-loki.sh
01:00:10 PM  1000    921501    2.00    0.00    0.00    0.00    2.00    18  grafana
01:00:10 PM  1000    921502    0.00    0.00    0.00    0.00    0.00    18  run-otelcol.sh
01:00:10 PM  1000    921505    0.00    0.00    0.00    0.00    0.00    18  run-prometheus.
01:00:10 PM  1000    921507    1.00    0.00    0.00    0.00    1.00    18  otelcol-contrib
01:00:10 PM  1000    921508    0.00    0.00    0.00    0.00    0.00    18  run-tempo.sh
01:00:10 PM  1000    921510    0.00    0.00    0.00    0.00    0.00    16  loki
01:00:10 PM  1000    921511    0.00    0.00    0.00    0.00    0.00    20  run-pyroscope.s
01:00:10 PM  1000    921512    0.00    0.00    0.00    0.00    0.00    18  prometheus
01:00:10 PM  1000    921515    0.00    0.00    0.00    0.00    0.00    20  tempo
01:00:10 PM  1000    921535    0.00    0.00    0.00    0.00    0.00    18  pyroscope

01:00:09 PM   UID       PID   cswch/s nvcswch/s  Command
01:00:10 PM  1000    921496      0.00      0.00  run-grafana.sh
01:00:10 PM  1000    921498      0.00      0.00  run-loki.sh
01:00:10 PM  1000    921501      0.00      0.00  grafana
01:00:10 PM  1000    921502      0.00      0.00  run-otelcol.sh
01:00:10 PM  1000    921505      0.00      0.00  run-prometheus.
01:00:10 PM  1000    921507      0.00      0.00  otelcol-contrib
01:00:10 PM  1000    921508      0.00      0.00  run-tempo.sh
01:00:10 PM  1000    921510     36.00      0.00  loki
01:00:10 PM  1000    921511      0.00      0.00  run-pyroscope.s
01:00:10 PM  1000    921512      0.00      0.00  prometheus
01:00:10 PM  1000    921515      0.00      0.00  tempo
01:00:10 PM  1000    921535      0.00      0.00  pyroscope

01:00:10 PM   UID       PID    %usr %system  %guest   %wait    %CPU   CPU  Command
01:00:11 PM  1000    921496    0.00    0.00    0.00    0.00    0.00    20  run-grafana.sh
01:00:11 PM  1000    921498    0.00    0.00    0.00    0.00    0.00    20  run-loki.sh
01:00:11 PM  1000    921501    0.00    0.00    0.00    0.00    0.00    18  grafana
01:00:11 PM  1000    921502    0.00    0.00    0.00    0.00    0.00    18  run-otelcol.sh
01:00:11 PM  1000    921505    0.00    0.00    0.00    0.00    0.00    18  run-prometheus.
01:00:11 PM  1000    921507    0.00    0.00    0.00    0.00    0.00    18  otelcol-contrib
01:00:11 PM  1000    921508    0.00    0.00    0.00    0.00    0.00    18  run-tempo.sh
01:00:11 PM  1000    921510    0.00    0.00    0.00    1.00    0.00    18  loki
01:00:11 PM  1000    921511    0.00    0.00    0.00    0.00    0.00    20  run-pyroscope.s
01:00:11 PM  1000    921512    0.00    0.00    0.00    0.00    0.00    18  prometheus
01:00:11 PM  1000    921515   27.00    3.00    0.00    0.00   30.00    20  tempo
01:00:11 PM  1000    921535    0.00    0.00    0.00    0.00    0.00    18  pyroscope

01:00:10 PM   UID       PID   cswch/s nvcswch/s  Command
01:00:11 PM  1000    921496      0.00      0.00  run-grafana.sh
01:00:11 PM  1000    921498      0.00      0.00  run-loki.sh
01:00:11 PM  1000    921501      0.00      0.00  grafana
01:00:11 PM  1000    921502      0.00      0.00  run-otelcol.sh
01:00:11 PM  1000    921505      0.00      0.00  run-prometheus.
01:00:11 PM  1000    921507      0.00      0.00  otelcol-contrib
01:00:11 PM  1000    921508      0.00      0.00  run-tempo.sh
01:00:11 PM  1000    921510     50.00      0.00  loki
01:00:11 PM  1000    921511      0.00      0.00  run-pyroscope.s
01:00:11 PM  1000    921512      0.00      0.00  prometheus
01:00:11 PM  1000    921515      0.00      0.00  tempo
01:00:11 PM  1000    921535      0.00      0.00  pyroscope

01:00:11 PM   UID       PID    %usr %system  %guest   %wait    %CPU   CPU  Command
01:00:12 PM  1000    921496    0.00    0.00    0.00    0.00    0.00    20  run-grafana.sh
01:00:12 PM  1000    921498    0.00    0.00    0.00    0.00    0.00    20  run-loki.sh
01:00:12 PM  1000    921501    0.00    0.00    0.00    0.00    0.00    18  grafana
01:00:12 PM  1000    921502    0.00    0.00    0.00    0.00    0.00    18  run-otelcol.sh
01:00:12 PM  1000    921505    0.00    0.00    0.00    0.00    0.00    18  run-prometheus.
01:00:12 PM  1000    921507    0.00    0.00    0.00    0.00    0.00    18  otelcol-contrib
01:00:12 PM  1000    921508    0.00    0.00    0.00    0.00    0.00    18  run-tempo.sh
01:00:12 PM  1000    921510    0.00    0.00    0.00    0.00    0.00    20  loki
01:00:12 PM  1000    921511    0.00    0.00    0.00    0.00    0.00    20  run-pyroscope.s
01:00:12 PM  1000    921512    1.00    0.00    0.00    0.00    1.00    18  prometheus
01:00:12 PM  1000    921515    1.00    2.00    0.00    0.00    3.00    20  tempo
01:00:12 PM  1000    921535    0.00    0.00    0.00    0.00    0.00    18  pyroscope

01:00:11 PM   UID       PID   cswch/s nvcswch/s  Command
01:00:12 PM  1000    921496      0.00      0.00  run-grafana.sh
01:00:12 PM  1000    921498      0.00      0.00  run-loki.sh
01:00:12 PM  1000    921501      0.00      0.00  grafana
01:00:12 PM  1000    921502      0.00      0.00  run-otelcol.sh
01:00:12 PM  1000    921505      0.00      0.00  run-prometheus.
01:00:12 PM  1000    921507      0.00      0.00  otelcol-contrib
01:00:12 PM  1000    921508      0.00      0.00  run-tempo.sh
01:00:12 PM  1000    921510     50.00      0.00  loki
01:00:12 PM  1000    921511      0.00      0.00  run-pyroscope.s
01:00:12 PM  1000    921512      0.00      0.00  prometheus
01:00:12 PM  1000    921515      0.00      0.00  tempo
01:00:12 PM  1000    921535      0.00      0.00  pyroscope

01:00:12 PM   UID       PID    %usr %system  %guest   %wait    %CPU   CPU  Command
01:00:13 PM  1000    921496    0.00    0.00    0.00    0.00    0.00    20  run-grafana.sh
01:00:13 PM  1000    921498    0.00    0.00    0.00    0.00    0.00    20  run-loki.sh
01:00:13 PM  1000    921501    0.00    0.00    0.00    0.00    0.00    18  grafana
01:00:13 PM  1000    921502    0.00    0.00    0.00    0.00    0.00    18  run-otelcol.sh
01:00:13 PM  1000    921505    0.00    0.00    0.00    0.00    0.00    18  run-prometheus.
01:00:13 PM  1000    921507    0.00    0.00    0.00    0.00    0.00    18  otelcol-contrib
01:00:13 PM  1000    921508    0.00    0.00    0.00    0.00    0.00    18  run-tempo.sh
01:00:13 PM  1000    921510    1.00    0.00    0.00    0.00    1.00    20  loki
01:00:13 PM  1000    921511    0.00    0.00    0.00    0.00    0.00    20  run-pyroscope.s
01:00:13 PM  1000    921512    0.00    0.00    0.00    0.00    0.00    18  prometheus
01:00:13 PM  1000    921515    0.00    0.00    0.00    0.00    0.00    20  tempo
01:00:13 PM  1000    921535    0.00    0.00    0.00    0.00    0.00    18  pyroscope

01:00:12 PM   UID       PID   cswch/s nvcswch/s  Command
01:00:13 PM  1000    921496      0.00      0.00  run-grafana.sh
01:00:13 PM  1000    921498      0.00      0.00  run-loki.sh
01:00:13 PM  1000    921501      0.00      0.00  grafana
01:00:13 PM  1000    921502      0.00      0.00  run-otelcol.sh
01:00:13 PM  1000    921505      0.00      0.00  run-prometheus.
01:00:13 PM  1000    921507      0.00      0.00  otelcol-contrib
01:00:13 PM  1000    921508      0.00      0.00  run-tempo.sh
01:00:13 PM  1000    921510     58.00      0.00  loki
01:00:13 PM  1000    921511      0.00      0.00  run-pyroscope.s
01:00:13 PM  1000    921512      0.00      0.00  prometheus
01:00:13 PM  1000    921515      0.00      0.00  tempo
01:00:13 PM  1000    921535      0.00      0.00  pyroscope

01:00:13 PM   UID       PID    %usr %system  %guest   %wait    %CPU   CPU  Command
01:00:14 PM  1000    921496    0.00    0.00    0.00    0.00    0.00    20  run-grafana.sh
01:00:14 PM  1000    921498    0.00    0.00    0.00    0.00    0.00    20  run-loki.sh
01:00:14 PM  1000    921501    0.00    0.00    0.00    0.00    0.00    18  grafana
01:00:14 PM  1000    921502    0.00    0.00    0.00    0.00    0.00    18  run-otelcol.sh
01:00:14 PM  1000    921505    0.00    0.00    0.00    0.00    0.00    18  run-prometheus.
01:00:14 PM  1000    921507    1.00    0.00    0.00    0.00    1.00    18  otelcol-contrib
01:00:14 PM  1000    921508    0.00    0.00    0.00    0.00    0.00    18  run-tempo.sh
01:00:14 PM  1000    921510    0.00    0.00    0.00    0.00    0.00    18  loki
01:00:14 PM  1000    921511    0.00    0.00    0.00    0.00    0.00    20  run-pyroscope.s
01:00:14 PM  1000    921512    0.00    0.00    0.00    0.00    0.00    18  prometheus
01:00:14 PM  1000    921515    0.00    0.00    0.00    0.00    0.00    20  tempo
01:00:14 PM  1000    921535    1.00    0.00    0.00    0.00    1.00    18  pyroscope

01:00:13 PM   UID       PID   cswch/s nvcswch/s  Command
01:00:14 PM  1000    921496      0.00      0.00  run-grafana.sh
01:00:14 PM  1000    921498      0.00      0.00  run-loki.sh
01:00:14 PM  1000    921501      0.00      0.00  grafana
01:00:14 PM  1000    921502      0.00      0.00  run-otelcol.sh
01:00:14 PM  1000    921505      0.00      0.00  run-prometheus.
01:00:14 PM  1000    921507      0.00      0.00  otelcol-contrib
01:00:14 PM  1000    921508      0.00      0.00  run-tempo.sh
01:00:14 PM  1000    921510     38.00      0.00  loki
01:00:14 PM  1000    921511      0.00      0.00  run-pyroscope.s
01:00:14 PM  1000    921512      0.00      0.00  prometheus
01:00:14 PM  1000    921515      0.00      0.00  tempo
01:00:14 PM  1000    921535      0.00      0.00  pyroscope

01:00:14 PM   UID       PID    %usr %system  %guest   %wait    %CPU   CPU  Command
01:00:15 PM  1000    921496    0.00    0.00    0.00    0.00    0.00    20  run-grafana.sh
01:00:15 PM  1000    921498    0.00    0.00    0.00    0.00    0.00    20  run-loki.sh
01:00:15 PM  1000    921501    0.00    0.00    0.00    0.00    0.00    18  grafana
01:00:15 PM  1000    921502    0.00    0.00    0.00    0.00    0.00    18  run-otelcol.sh
01:00:15 PM  1000    921505    0.00    0.00    0.00    0.00    0.00    18  run-prometheus.
01:00:15 PM  1000    921507    0.00    0.00    0.00    0.00    0.00    18  otelcol-contrib
01:00:15 PM  1000    921508    0.00    0.00    0.00    0.00    0.00    18  run-tempo.sh
01:00:15 PM  1000    921510    0.00    0.00    0.00    0.00    0.00    20  loki
01:00:15 PM  1000    921511    0.00    0.00    0.00    0.00    0.00    20  run-pyroscope.s
01:00:15 PM  1000    921512    0.00    0.00    0.00    0.00    0.00    18  prometheus
01:00:15 PM  1000    921515    6.00    4.00    0.00    0.00   10.00    20  tempo
01:00:15 PM  1000    921535    0.00    1.00    0.00    0.00    1.00    18  pyroscope

01:00:14 PM   UID       PID   cswch/s nvcswch/s  Command
01:00:15 PM  1000    921496      0.00      0.00  run-grafana.sh
01:00:15 PM  1000    921498      0.00      0.00  run-loki.sh
01:00:15 PM  1000    921501      0.00      0.00  grafana
01:00:15 PM  1000    921502      0.00      0.00  run-otelcol.sh
01:00:15 PM  1000    921505      0.00      0.00  run-prometheus.
01:00:15 PM  1000    921507      0.00      0.00  otelcol-contrib
01:00:15 PM  1000    921508      0.00      0.00  run-tempo.sh
01:00:15 PM  1000    921510     55.00      0.00  loki
01:00:15 PM  1000    921511      0.00      0.00  run-pyroscope.s
01:00:15 PM  1000    921512      0.00      0.00  prometheus
01:00:15 PM  1000    921515      0.00      0.00  tempo
01:00:15 PM  1000    921535      0.00      0.00  pyroscope

01:00:15 PM   UID       PID    %usr %system  %guest   %wait    %CPU   CPU  Command
01:00:16 PM  1000    921496    0.00    0.00    0.00    0.00    0.00    20  run-grafana.sh
01:00:16 PM  1000    921498    0.00    0.00    0.00    0.00    0.00    20  run-loki.sh
01:00:16 PM  1000    921501    0.00    0.00    0.00    0.00    0.00    18  grafana
01:00:16 PM  1000    921502    0.00    0.00    0.00    0.00    0.00    18  run-otelcol.sh
01:00:16 PM  1000    921505    0.00    0.00    0.00    0.00    0.00    18  run-prometheus.
01:00:16 PM  1000    921507    0.00    0.00    0.00    0.00    0.00    18  otelcol-contrib
01:00:16 PM  1000    921508    0.00    0.00    0.00    0.00    0.00    18  run-tempo.sh
01:00:16 PM  1000    921510    0.00    0.00    0.00    0.00    0.00    16  loki
01:00:16 PM  1000    921511    0.00    0.00    0.00    0.00    0.00    20  run-pyroscope.s
01:00:16 PM  1000    921512    0.00    0.00    0.00    0.00    0.00    18  prometheus
01:00:16 PM  1000    921515   98.00    4.00    0.00    0.00  102.00    18  tempo
01:00:16 PM  1000    921535    0.00    0.00    0.00    0.00    0.00    18  pyroscope

01:00:15 PM   UID       PID   cswch/s nvcswch/s  Command
01:00:16 PM  1000    921496      0.00      0.00  run-grafana.sh
01:00:16 PM  1000    921498      0.00      0.00  run-loki.sh
01:00:16 PM  1000    921501      0.00      0.00  grafana
01:00:16 PM  1000    921502      0.00      0.00  run-otelcol.sh
01:00:16 PM  1000    921505      0.00      0.00  run-prometheus.
01:00:16 PM  1000    921507      0.00      0.00  otelcol-contrib
01:00:16 PM  1000    921508      0.00      0.00  run-tempo.sh
01:00:16 PM  1000    921510     31.00      0.00  loki
01:00:16 PM  1000    921511      0.00      0.00  run-pyroscope.s
01:00:16 PM  1000    921512      0.00      0.00  prometheus
01:00:16 PM  1000    921515      9.00      0.00  tempo
01:00:16 PM  1000    921535      1.00      0.00  pyroscope

01:00:16 PM   UID       PID    %usr %system  %guest   %wait    %CPU   CPU  Command
01:00:17 PM  1000    921496    0.00    0.00    0.00    0.00    0.00    20  run-grafana.sh
01:00:17 PM  1000    921498    0.00    0.00    0.00    0.00    0.00    20  run-loki.sh
01:00:17 PM  1000    921501    0.00    0.00    0.00    0.00    0.00    18  grafana
01:00:17 PM  1000    921502    0.00    0.00    0.00    0.00    0.00    18  run-otelcol.sh
01:00:17 PM  1000    921505    0.00    0.00    0.00    0.00    0.00    18  run-prometheus.
01:00:17 PM  1000    921507    1.00    0.00    0.00    0.00    1.00    18  otelcol-contrib
01:00:17 PM  1000    921508    0.00    0.00    0.00    0.00    0.00    18  run-tempo.sh
01:00:17 PM  1000    921510    1.00    0.00    0.00    1.00    1.00    20  loki
01:00:17 PM  1000    921511    0.00    0.00    0.00    0.00    0.00    20  run-pyroscope.s
01:00:17 PM  1000    921512    0.00    0.00    0.00    0.00    0.00    18  prometheus
01:00:17 PM  1000    921515  111.00    2.00    0.00    0.00  113.00    16  tempo
01:00:17 PM  1000    921535    0.00    0.00    0.00    0.00    0.00    18  pyroscope

01:00:16 PM   UID       PID   cswch/s nvcswch/s  Command
01:00:17 PM  1000    921496      0.00      0.00  run-grafana.sh
01:00:17 PM  1000    921498      0.00      0.00  run-loki.sh
01:00:17 PM  1000    921501      0.00      0.00  grafana
01:00:17 PM  1000    921502      0.00      0.00  run-otelcol.sh
01:00:17 PM  1000    921505      0.00      0.00  run-prometheus.
01:00:17 PM  1000    921507      0.00      0.00  otelcol-contrib
01:00:17 PM  1000    921508      0.00      0.00  run-tempo.sh
01:00:17 PM  1000    921510     47.00      0.00  loki
01:00:17 PM  1000    921511      0.00      0.00  run-pyroscope.s
01:00:17 PM  1000    921512      0.00      0.00  prometheus
01:00:17 PM  1000    921515     63.00      9.00  tempo
01:00:17 PM  1000    921535      0.00      0.00  pyroscope

01:00:17 PM   UID       PID    %usr %system  %guest   %wait    %CPU   CPU  Command
01:00:18 PM  1000    921496    0.00    0.00    0.00    0.00    0.00    20  run-grafana.sh
01:00:18 PM  1000    921498    0.00    0.00    0.00    0.00    0.00    20  run-loki.sh
01:00:18 PM  1000    921501    0.00    0.00    0.00    0.00    0.00    18  grafana
01:00:18 PM  1000    921502    0.00    0.00    0.00    0.00    0.00    18  run-otelcol.sh
01:00:18 PM  1000    921505    0.00    0.00    0.00    0.00    0.00    18  run-prometheus.
01:00:18 PM  1000    921507    0.00    0.00    0.00    0.00    0.00    18  otelcol-contrib
01:00:18 PM  1000    921508    0.00    0.00    0.00    0.00    0.00    18  run-tempo.sh
01:00:18 PM  1000    921510    0.00    1.00    0.00    0.00    1.00    18  loki
01:00:18 PM  1000    921511    0.00    0.00    0.00    0.00    0.00    20  run-pyroscope.s
01:00:18 PM  1000    921512    0.00    0.00    0.00    0.00    0.00    18  prometheus
01:00:18 PM  1000    921515  112.00    2.00    0.00    0.00  114.00    16  tempo
01:00:18 PM  1000    921535    0.00    0.00    0.00    0.00    0.00    18  pyroscope

01:00:17 PM   UID       PID   cswch/s nvcswch/s  Command
01:00:18 PM  1000    921496      0.00      0.00  run-grafana.sh
01:00:18 PM  1000    921498      0.00      0.00  run-loki.sh
01:00:18 PM  1000    921501      0.00      0.00  grafana
01:00:18 PM  1000    921502      0.00      0.00  run-otelcol.sh
01:00:18 PM  1000    921505      0.00      0.00  run-prometheus.
01:00:18 PM  1000    921507      0.00      0.00  otelcol-contrib
01:00:18 PM  1000    921508      0.00      0.00  run-tempo.sh
01:00:18 PM  1000    921510     48.00      0.00  loki
01:00:18 PM  1000    921511      0.00      0.00  run-pyroscope.s
01:00:18 PM  1000    921512      0.00      0.00  prometheus
01:00:18 PM  1000    921515     53.00     11.00  tempo
01:00:18 PM  1000    921535      0.00      0.00  pyroscope

01:00:18 PM   UID       PID    %usr %system  %guest   %wait    %CPU   CPU  Command
01:00:19 PM  1000    921496    0.00    0.00    0.00    0.00    0.00    20  run-grafana.sh
01:00:19 PM  1000    921498    0.00    0.00    0.00    0.00    0.00    20  run-loki.sh
01:00:19 PM  1000    921501    3.00    0.00    0.00    0.00    3.00    18  grafana
01:00:19 PM  1000    921502    0.00    0.00    0.00    0.00    0.00    18  run-otelcol.sh
01:00:19 PM  1000    921505    0.00    0.00    0.00    0.00    0.00    18  run-prometheus.
01:00:19 PM  1000    921507    0.00    1.00    0.00    0.00    1.00    18  otelcol-contrib
01:00:19 PM  1000    921508    0.00    0.00    0.00    0.00    0.00    18  run-tempo.sh
01:00:19 PM  1000    921510    0.00    0.00    0.00    0.00    0.00    20  loki
01:00:19 PM  1000    921511    0.00    0.00    0.00    0.00    0.00    20  run-pyroscope.s
01:00:19 PM  1000    921512    0.00    0.00    0.00    0.00    0.00    18  prometheus
01:00:19 PM  1000    921515   20.00    8.00    0.00    0.00   28.00    18  tempo
01:00:19 PM  1000    921535    0.00    0.00    0.00    0.00    0.00    18  pyroscope

01:00:18 PM   UID       PID   cswch/s nvcswch/s  Command
01:00:19 PM  1000    921496      0.00      0.00  run-grafana.sh
01:00:19 PM  1000    921498      0.00      0.00  run-loki.sh
01:00:19 PM  1000    921501      0.00      0.00  grafana
01:00:19 PM  1000    921502      0.00      0.00  run-otelcol.sh
01:00:19 PM  1000    921505      0.00      0.00  run-prometheus.
01:00:19 PM  1000    921507      0.00      0.00  otelcol-contrib
01:00:19 PM  1000    921508      0.00      0.00  run-tempo.sh
01:00:19 PM  1000    921510     43.00      0.00  loki
01:00:19 PM  1000    921511      0.00      0.00  run-pyroscope.s
01:00:19 PM  1000    921512      0.00      0.00  prometheus
01:00:19 PM  1000    921515     36.00      1.00  tempo
01:00:19 PM  1000    921535      0.00      0.00  pyroscope

01:00:19 PM   UID       PID    %usr %system  %guest   %wait    %CPU   CPU  Command
01:00:20 PM  1000    921496    0.00    0.00    0.00    0.00    0.00    20  run-grafana.sh
01:00:20 PM  1000    921498    0.00    0.00    0.00    0.00    0.00    20  run-loki.sh
01:00:20 PM  1000    921501    0.00    0.00    0.00    0.00    0.00    18  grafana
01:00:20 PM  1000    921502    0.00    0.00    0.00    0.00    0.00    18  run-otelcol.sh
01:00:20 PM  1000    921505    0.00    0.00    0.00    0.00    0.00    18  run-prometheus.
01:00:20 PM  1000    921507    3.00    0.00    0.00    0.00    3.00    18  otelcol-contrib
01:00:20 PM  1000    921508    0.00    0.00    0.00    0.00    0.00    18  run-tempo.sh
01:00:20 PM  1000    921510    0.00    0.00    0.00    0.00    0.00    20  loki
01:00:20 PM  1000    921511    0.00    0.00    0.00    0.00    0.00    20  run-pyroscope.s
01:00:20 PM  1000    921512    0.00    0.00    0.00    0.00    0.00    18  prometheus
01:00:20 PM  1000    921515    0.00    0.00    0.00    0.00    0.00    18  tempo
01:00:20 PM  1000    921535    1.00    0.00    0.00    0.00    1.00    18  pyroscope

01:00:19 PM   UID       PID   cswch/s nvcswch/s  Command
01:00:20 PM  1000    921496      0.00      0.00  run-grafana.sh
01:00:20 PM  1000    921498      0.00      0.00  run-loki.sh
01:00:20 PM  1000    921501      0.00      0.00  grafana
01:00:20 PM  1000    921502      0.00      0.00  run-otelcol.sh
01:00:20 PM  1000    921505      0.00      0.00  run-prometheus.
01:00:20 PM  1000    921507      0.00      0.00  otelcol-contrib
01:00:20 PM  1000    921508      0.00      0.00  run-tempo.sh
01:00:20 PM  1000    921510     21.00      0.00  loki
01:00:20 PM  1000    921511      0.00      0.00  run-pyroscope.s
01:00:20 PM  1000    921512      0.00      0.00  prometheus
01:00:20 PM  1000    921515     29.00      0.00  tempo
01:00:20 PM  1000    921535      0.00      0.00  pyroscope

01:00:20 PM   UID       PID    %usr %system  %guest   %wait    %CPU   CPU  Command
01:00:21 PM  1000    921496    0.00    0.00    0.00    0.00    0.00    20  run-grafana.sh
01:00:21 PM  1000    921498    0.00    0.00    0.00    0.00    0.00    20  run-loki.sh
01:00:21 PM  1000    921501    0.00    0.00    0.00    0.00    0.00    18  grafana
01:00:21 PM  1000    921502    0.00    0.00    0.00    0.00    0.00    18  run-otelcol.sh
01:00:21 PM  1000    921505    0.00    0.00    0.00    0.00    0.00    18  run-prometheus.
01:00:21 PM  1000    921507    0.00    0.00    0.00    0.00    0.00    18  otelcol-contrib
01:00:21 PM  1000    921508    0.00    0.00    0.00    0.00    0.00    18  run-tempo.sh
01:00:21 PM  1000    921510    0.00    0.00    0.00    0.00    0.00    20  loki
01:00:21 PM  1000    921511    0.00    0.00    0.00    0.00    0.00    20  run-pyroscope.s
01:00:21 PM  1000    921512    1.00    0.00    0.00    0.00    1.00    18  prometheus
01:00:21 PM  1000    921515    1.00    0.00    0.00    0.00    1.00    20  tempo
01:00:21 PM  1000    921535    0.00    0.00    0.00    0.00    0.00    18  pyroscope

01:00:20 PM   UID       PID   cswch/s nvcswch/s  Command
01:00:21 PM  1000    921496      0.00      0.00  run-grafana.sh
01:00:21 PM  1000    921498      0.00      0.00  run-loki.sh
01:00:21 PM  1000    921501      0.00      0.00  grafana
01:00:21 PM  1000    921502      0.00      0.00  run-otelcol.sh
01:00:21 PM  1000    921505      0.00      0.00  run-prometheus.
01:00:21 PM  1000    921507      0.00      0.00  otelcol-contrib
01:00:21 PM  1000    921508      0.00      0.00  run-tempo.sh
01:00:21 PM  1000    921510     21.00      0.00  loki
01:00:21 PM  1000    921511      0.00      0.00  run-pyroscope.s
01:00:21 PM  1000    921512      0.00      0.00  prometheus
01:00:21 PM  1000    921515     32.00      0.00  tempo
01:00:21 PM  1000    921535      0.00      0.00  pyroscope

01:00:21 PM   UID       PID    %usr %system  %guest   %wait    %CPU   CPU  Command
01:00:22 PM  1000    921496    0.00    0.00    0.00    0.00    0.00    20  run-grafana.sh
01:00:22 PM  1000    921498    0.00    0.00    0.00    0.00    0.00    20  run-loki.sh
01:00:22 PM  1000    921501    0.00    0.00    0.00    0.00    0.00    18  grafana
01:00:22 PM  1000    921502    0.00    0.00    0.00    0.00    0.00    18  run-otelcol.sh
01:00:22 PM  1000    921505    0.00    0.00    0.00    0.00    0.00    18  run-prometheus.
01:00:22 PM  1000    921507    0.00    0.00    0.00    0.00    0.00    18  otelcol-contrib
01:00:22 PM  1000    921508    0.00    0.00    0.00    0.00    0.00    18  run-tempo.sh
01:00:22 PM  1000    921510    1.00    0.00    0.00    0.00    1.00    20  loki
01:00:22 PM  1000    921511    0.00    0.00    0.00    0.00    0.00    20  run-pyroscope.s
01:00:22 PM  1000    921512    0.00    0.00    0.00    0.00    0.00    18  prometheus
01:00:22 PM  1000    921515    4.00    0.00    0.00    1.00    4.00    18  tempo
01:00:22 PM  1000    921535    3.00    0.00    0.00    0.00    3.00    18  pyroscope

01:00:21 PM   UID       PID   cswch/s nvcswch/s  Command
01:00:22 PM  1000    921496      0.00      0.00  run-grafana.sh
01:00:22 PM  1000    921498      0.00      0.00  run-loki.sh
01:00:22 PM  1000    921501      0.00      0.00  grafana
01:00:22 PM  1000    921502      0.00      0.00  run-otelcol.sh
01:00:22 PM  1000    921505      0.00      0.00  run-prometheus.
01:00:22 PM  1000    921507      0.00      0.00  otelcol-contrib
01:00:22 PM  1000    921508      0.00      0.00  run-tempo.sh
01:00:22 PM  1000    921510     34.00      0.00  loki
01:00:22 PM  1000    921511      0.00      0.00  run-pyroscope.s
01:00:22 PM  1000    921512      0.00      0.00  prometheus
01:00:22 PM  1000    921515     51.00      1.00  tempo
01:00:22 PM  1000    921535      0.00      0.00  pyroscope

01:00:22 PM   UID       PID    %usr %system  %guest   %wait    %CPU   CPU  Command
01:00:23 PM  1000    921496    0.00    0.00    0.00    0.00    0.00    20  run-grafana.sh
01:00:23 PM  1000    921498    0.00    0.00    0.00    0.00    0.00    20  run-loki.sh
01:00:23 PM  1000    921501    0.00    0.00    0.00    0.00    0.00    18  grafana
01:00:23 PM  1000    921502    0.00    0.00    0.00    0.00    0.00    18  run-otelcol.sh
01:00:23 PM  1000    921505    0.00    0.00    0.00    0.00    0.00    18  run-prometheus.
01:00:23 PM  1000    921507    1.00    0.00    0.00    0.00    1.00    18  otelcol-contrib
01:00:23 PM  1000    921508    0.00    0.00    0.00    0.00    0.00    18  run-tempo.sh
01:00:23 PM  1000    921510    0.00    0.00    0.00    0.00    0.00    20  loki
01:00:23 PM  1000    921511    0.00    0.00    0.00    0.00    0.00    20  run-pyroscope.s
01:00:23 PM  1000    921512    0.00    0.00    0.00    0.00    0.00    18  prometheus
01:00:23 PM  1000    921515    0.00    2.00    0.00    0.00    2.00    20  tempo
01:00:23 PM  1000    921535    0.00    0.00    0.00    0.00    0.00    18  pyroscope

01:00:22 PM   UID       PID   cswch/s nvcswch/s  Command
01:00:23 PM  1000    921496      0.00      0.00  run-grafana.sh
01:00:23 PM  1000    921498      0.00      0.00  run-loki.sh
01:00:23 PM  1000    921501      0.00      0.00  grafana
01:00:23 PM  1000    921502      0.00      0.00  run-otelcol.sh
01:00:23 PM  1000    921505      0.00      0.00  run-prometheus.
01:00:23 PM  1000    921507      0.00      0.00  otelcol-contrib
01:00:23 PM  1000    921508      0.00      0.00  run-tempo.sh
01:00:23 PM  1000    921510     42.00      0.00  loki
01:00:23 PM  1000    921511      0.00      0.00  run-pyroscope.s
01:00:23 PM  1000    921512      0.00      0.00  prometheus
01:00:23 PM  1000    921515     63.00      0.00  tempo
01:00:23 PM  1000    921535      0.00      0.00  pyroscope

01:00:23 PM   UID       PID    %usr %system  %guest   %wait    %CPU   CPU  Command
01:00:24 PM  1000    921496    0.00    0.00    0.00    0.00    0.00    20  run-grafana.sh
01:00:24 PM  1000    921498    0.00    0.00    0.00    0.00    0.00    20  run-loki.sh
01:00:24 PM  1000    921501    0.00    0.00    0.00    0.00    0.00    18  grafana
01:00:24 PM  1000    921502    0.00    0.00    0.00    0.00    0.00    18  run-otelcol.sh
01:00:24 PM  1000    921505    0.00    0.00    0.00    0.00    0.00    18  run-prometheus.
01:00:24 PM  1000    921507    0.00    0.00    0.00    0.00    0.00    18  otelcol-contrib
01:00:24 PM  1000    921508    0.00    0.00    0.00    0.00    0.00    18  run-tempo.sh
01:00:24 PM  1000    921510    0.00    0.00    0.00    0.00    0.00    20  loki
01:00:24 PM  1000    921511    0.00    0.00    0.00    0.00    0.00    20  run-pyroscope.s
01:00:24 PM  1000    921512    0.00    0.00    0.00    0.00    0.00    18  prometheus
01:00:24 PM  1000    921515    0.00    0.00    0.00    0.00    0.00    18  tempo
01:00:24 PM  1000    921535    0.00    0.00    0.00    0.00    0.00    18  pyroscope

01:00:23 PM   UID       PID   cswch/s nvcswch/s  Command
01:00:24 PM  1000    921496      0.00      0.00  run-grafana.sh
01:00:24 PM  1000    921498      0.00      0.00  run-loki.sh
01:00:24 PM  1000    921501      0.00      0.00  grafana
01:00:24 PM  1000    921502      0.00      0.00  run-otelcol.sh
01:00:24 PM  1000    921505      0.00      0.00  run-prometheus.
01:00:24 PM  1000    921507      0.00      0.00  otelcol-contrib
01:00:24 PM  1000    921508      0.00      0.00  run-tempo.sh
01:00:24 PM  1000    921510     41.00      0.00  loki
01:00:24 PM  1000    921511      0.00      0.00  run-pyroscope.s
01:00:24 PM  1000    921512      0.00      0.00  prometheus
01:00:24 PM  1000    921515     30.00      0.00  tempo
01:00:24 PM  1000    921535      0.00      0.00  pyroscope

01:00:24 PM   UID       PID    %usr %system  %guest   %wait    %CPU   CPU  Command
01:00:25 PM  1000    921496    0.00    0.00    0.00    0.00    0.00    20  run-grafana.sh
01:00:25 PM  1000    921498    0.00    0.00    0.00    0.00    0.00    20  run-loki.sh
01:00:25 PM  1000    921501    0.00    0.00    0.00    0.00    0.00    18  grafana
01:00:25 PM  1000    921502    0.00    0.00    0.00    0.00    0.00    18  run-otelcol.sh
01:00:25 PM  1000    921505    0.00    0.00    0.00    0.00    0.00    18  run-prometheus.
01:00:25 PM  1000    921507    0.00    0.00    0.00    0.00    0.00    18  otelcol-contrib
01:00:25 PM  1000    921508    0.00    0.00    0.00    0.00    0.00    18  run-tempo.sh
01:00:25 PM  1000    921510    0.00    0.00    0.00    0.00    0.00    16  loki
01:00:25 PM  1000    921511    0.00    0.00    0.00    0.00    0.00    20  run-pyroscope.s
01:00:25 PM  1000    921512    0.00    0.00    0.00    0.00    0.00    18  prometheus
01:00:25 PM  1000    921515    0.00    0.00    0.00    0.00    0.00    20  tempo
01:00:25 PM  1000    921535    0.00    0.00    0.00    0.00    0.00    18  pyroscope

01:00:24 PM   UID       PID   cswch/s nvcswch/s  Command
01:00:25 PM  1000    921496      0.00      0.00  run-grafana.sh
01:00:25 PM  1000    921498      0.00      0.00  run-loki.sh
01:00:25 PM  1000    921501      0.00      0.00  grafana
01:00:25 PM  1000    921502      0.00      0.00  run-otelcol.sh
01:00:25 PM  1000    921505      0.00      0.00  run-prometheus.
01:00:25 PM  1000    921507      0.00      0.00  otelcol-contrib
01:00:25 PM  1000    921508      0.00      0.00  run-tempo.sh
01:00:25 PM  1000    921510     36.00      0.00  loki
01:00:25 PM  1000    921511      0.00      0.00  run-pyroscope.s
01:00:25 PM  1000    921512      0.00      0.00  prometheus
01:00:25 PM  1000    921515     30.00      0.00  tempo
01:00:25 PM  1000    921535      0.00      0.00  pyroscope

01:00:25 PM   UID       PID    %usr %system  %guest   %wait    %CPU   CPU  Command
01:00:26 PM  1000    921496    0.00    0.00    0.00    0.00    0.00    20  run-grafana.sh
01:00:26 PM  1000    921498    0.00    0.00    0.00    0.00    0.00    20  run-loki.sh
01:00:26 PM  1000    921501    0.00    0.00    0.00    0.00    0.00    18  grafana
01:00:26 PM  1000    921502    0.00    0.00    0.00    0.00    0.00    18  run-otelcol.sh
01:00:26 PM  1000    921505    0.00    0.00    0.00    0.00    0.00    18  run-prometheus.
01:00:26 PM  1000    921507    1.00    0.00    0.00    0.00    1.00    18  otelcol-contrib
01:00:26 PM  1000    921508    0.00    0.00    0.00    0.00    0.00    18  run-tempo.sh
01:00:26 PM  1000    921510    0.00    0.00    0.00    0.00    0.00    18  loki
01:00:26 PM  1000    921511    0.00    0.00    0.00    0.00    0.00    20  run-pyroscope.s
01:00:26 PM  1000    921512    0.00    0.00    0.00    0.00    0.00    18  prometheus
01:00:26 PM  1000    921515    1.00    0.00    0.00    0.00    1.00    18  tempo
01:00:26 PM  1000    921535    0.00    0.00    0.00    0.00    0.00    18  pyroscope

01:00:25 PM   UID       PID   cswch/s nvcswch/s  Command
01:00:26 PM  1000    921496      0.00      0.00  run-grafana.sh
01:00:26 PM  1000    921498      0.00      0.00  run-loki.sh
01:00:26 PM  1000    921501      0.00      0.00  grafana
01:00:26 PM  1000    921502      0.00      0.00  run-otelcol.sh
01:00:26 PM  1000    921505      0.00      0.00  run-prometheus.
01:00:26 PM  1000    921507      0.00      0.00  otelcol-contrib
01:00:26 PM  1000    921508      0.00      0.00  run-tempo.sh
01:00:26 PM  1000    921510     44.00      0.00  loki
01:00:26 PM  1000    921511      0.00      0.00  run-pyroscope.s
01:00:26 PM  1000    921512      0.00      0.00  prometheus
01:00:26 PM  1000    921515     46.00      0.00  tempo
01:00:26 PM  1000    921535      0.00      0.00  pyroscope

01:00:26 PM   UID       PID    %usr %system  %guest   %wait    %CPU   CPU  Command
01:00:27 PM  1000    921496    0.00    0.00    0.00    0.00    0.00    20  run-grafana.sh
01:00:27 PM  1000    921498    0.00    0.00    0.00    0.00    0.00    20  run-loki.sh
01:00:27 PM  1000    921501    0.00    0.00    0.00    0.00    0.00    18  grafana
01:00:27 PM  1000    921502    0.00    0.00    0.00    0.00    0.00    18  run-otelcol.sh
01:00:27 PM  1000    921505    0.00    0.00    0.00    0.00    0.00    18  run-prometheus.
01:00:27 PM  1000    921507    0.00    0.00    0.00    0.00    0.00    18  otelcol-contrib
01:00:27 PM  1000    921508    0.00    0.00    0.00    0.00    0.00    18  run-tempo.sh
01:00:27 PM  1000    921510    0.00    0.00    0.00    0.00    0.00    18  loki
01:00:27 PM  1000    921511    0.00    0.00    0.00    0.00    0.00    20  run-pyroscope.s
01:00:27 PM  1000    921512    0.00    0.00    0.00    0.00    0.00    18  prometheus
01:00:27 PM  1000    921515    0.00    0.00    0.00    0.00    0.00    16  tempo
01:00:27 PM  1000    921535    0.00    0.00    0.00    0.00    0.00    18  pyroscope

01:00:26 PM   UID       PID   cswch/s nvcswch/s  Command
01:00:27 PM  1000    921496      0.00      0.00  run-grafana.sh
01:00:27 PM  1000    921498      0.00      0.00  run-loki.sh
01:00:27 PM  1000    921501      0.00      0.00  grafana
01:00:27 PM  1000    921502      0.00      0.00  run-otelcol.sh
01:00:27 PM  1000    921505      0.00      0.00  run-prometheus.
01:00:27 PM  1000    921507      0.00      0.00  otelcol-contrib
01:00:27 PM  1000    921508      0.00      0.00  run-tempo.sh
01:00:27 PM  1000    921510     21.00      0.00  loki
01:00:27 PM  1000    921511      0.00      0.00  run-pyroscope.s
01:00:27 PM  1000    921512      0.00      0.00  prometheus
01:00:27 PM  1000    921515     33.00      1.00  tempo
01:00:27 PM  1000    921535      0.00      0.00  pyroscope

01:00:27 PM   UID       PID    %usr %system  %guest   %wait    %CPU   CPU  Command
01:00:28 PM  1000    921496    0.00    0.00    0.00    0.00    0.00    20  run-grafana.sh
01:00:28 PM  1000    921498    0.00    0.00    0.00    0.00    0.00    20  run-loki.sh
01:00:28 PM  1000    921501    0.00    0.00    0.00    0.00    0.00    18  grafana
01:00:28 PM  1000    921502    0.00    0.00    0.00    0.00    0.00    18  run-otelcol.sh
01:00:28 PM  1000    921505    0.00    0.00    0.00    0.00    0.00    18  run-prometheus.
01:00:28 PM  1000    921507    0.00    0.00    0.00    0.00    0.00    18  otelcol-contrib
01:00:28 PM  1000    921508    0.00    0.00    0.00    0.00    0.00    18  run-tempo.sh
01:00:28 PM  1000    921510    1.00    0.00    0.00    0.00    1.00    16  loki
01:00:28 PM  1000    921511    0.00    0.00    0.00    0.00    0.00    20  run-pyroscope.s
01:00:28 PM  1000    921512    0.00    0.00    0.00    0.00    0.00    18  prometheus
01:00:28 PM  1000    921515    0.00    0.00    0.00    0.00    0.00    16  tempo
01:00:28 PM  1000    921535    1.00    0.00    0.00    0.00    1.00    18  pyroscope

01:00:27 PM   UID       PID   cswch/s nvcswch/s  Command
01:00:28 PM  1000    921496      0.00      0.00  run-grafana.sh
01:00:28 PM  1000    921498      0.00      0.00  run-loki.sh
01:00:28 PM  1000    921501      0.00      0.00  grafana
01:00:28 PM  1000    921502      0.00      0.00  run-otelcol.sh
01:00:28 PM  1000    921505      0.00      0.00  run-prometheus.
01:00:28 PM  1000    921507      0.00      0.00  otelcol-contrib
01:00:28 PM  1000    921508      0.00      0.00  run-tempo.sh
01:00:28 PM  1000    921510     59.00      0.00  loki
01:00:28 PM  1000    921511      0.00      0.00  run-pyroscope.s
01:00:28 PM  1000    921512      0.00      0.00  prometheus
01:00:28 PM  1000    921515     30.00      0.00  tempo
01:00:28 PM  1000    921535      0.00      0.00  pyroscope

01:00:28 PM   UID       PID    %usr %system  %guest   %wait    %CPU   CPU  Command
01:00:29 PM  1000    921496    0.00    0.00    0.00    0.00    0.00    20  run-grafana.sh
01:00:29 PM  1000    921498    0.00    0.00    0.00    0.00    0.00    20  run-loki.sh
01:00:29 PM  1000    921501    7.00    0.00    0.00    0.00    7.00    18  grafana
01:00:29 PM  1000    921502    0.00    0.00    0.00    0.00    0.00    18  run-otelcol.sh
01:00:29 PM  1000    921505    0.00    0.00    0.00    0.00    0.00    18  run-prometheus.
01:00:29 PM  1000    921507    1.00    0.00    0.00    0.00    1.00    18  otelcol-contrib
01:00:29 PM  1000    921508    0.00    0.00    0.00    0.00    0.00    18  run-tempo.sh
01:00:29 PM  1000    921510    0.00    0.00    0.00    0.00    0.00    20  loki
01:00:29 PM  1000    921511    0.00    0.00    0.00    0.00    0.00    20  run-pyroscope.s
01:00:29 PM  1000    921512    0.00    0.00    0.00    0.00    0.00    18  prometheus
01:00:29 PM  1000    921515    0.00    1.00    0.00    0.00    1.00    20  tempo
01:00:29 PM  1000    921535    0.00    0.00    0.00    0.00    0.00    18  pyroscope

01:00:28 PM   UID       PID   cswch/s nvcswch/s  Command
01:00:29 PM  1000    921496      0.00      0.00  run-grafana.sh
01:00:29 PM  1000    921498      0.00      0.00  run-loki.sh
01:00:29 PM  1000    921501      0.00      0.00  grafana
01:00:29 PM  1000    921502      0.00      0.00  run-otelcol.sh
01:00:29 PM  1000    921505      0.00      0.00  run-prometheus.
01:00:29 PM  1000    921507      0.00      0.00  otelcol-contrib
01:00:29 PM  1000    921508      0.00      0.00  run-tempo.sh
01:00:29 PM  1000    921510     48.00      0.00  loki
01:00:29 PM  1000    921511      0.00      0.00  run-pyroscope.s
01:00:29 PM  1000    921512      0.00      0.00  prometheus
01:00:29 PM  1000    921515     26.00      1.00  tempo
01:00:29 PM  1000    921535      0.00      0.00  pyroscope

01:00:29 PM   UID       PID    %usr %system  %guest   %wait    %CPU   CPU  Command
01:00:30 PM  1000    921496    0.00    0.00    0.00    0.00    0.00    20  run-grafana.sh
01:00:30 PM  1000    921498    0.00    0.00    0.00    0.00    0.00    20  run-loki.sh
01:00:30 PM  1000    921501    0.00    0.00    0.00    0.00    0.00    18  grafana
01:00:30 PM  1000    921502    0.00    0.00    0.00    0.00    0.00    18  run-otelcol.sh
01:00:30 PM  1000    921505    0.00    0.00    0.00    0.00    0.00    18  run-prometheus.
01:00:30 PM  1000    921507    0.00    0.00    0.00    0.00    0.00    18  otelcol-contrib
01:00:30 PM  1000    921508    0.00    0.00    0.00    0.00    0.00    18  run-tempo.sh
01:00:30 PM  1000    921510    0.00    0.00    0.00    0.00    0.00    20  loki
01:00:30 PM  1000    921511    0.00    0.00    0.00    0.00    0.00    20  run-pyroscope.s
01:00:30 PM  1000    921512    0.00    0.00    0.00    0.00    0.00    18  prometheus
01:00:30 PM  1000    921515    0.00    0.00    0.00    0.00    0.00    20  tempo
01:00:30 PM  1000    921535    0.00    0.00    0.00    0.00    0.00    18  pyroscope

01:00:29 PM   UID       PID   cswch/s nvcswch/s  Command
01:00:30 PM  1000    921496      0.00      0.00  run-grafana.sh
01:00:30 PM  1000    921498      0.00      0.00  run-loki.sh
01:00:30 PM  1000    921501      0.00      0.00  grafana
01:00:30 PM  1000    921502      0.00      0.00  run-otelcol.sh
01:00:30 PM  1000    921505      0.00      0.00  run-prometheus.
01:00:30 PM  1000    921507      0.00      0.00  otelcol-contrib
01:00:30 PM  1000    921508      0.00      0.00  run-tempo.sh
01:00:30 PM  1000    921510     43.00      0.00  loki
01:00:30 PM  1000    921511      0.00      0.00  run-pyroscope.s
01:00:30 PM  1000    921512      0.00      0.00  prometheus
01:00:30 PM  1000    921515      4.00      0.00  tempo
01:00:30 PM  1000    921535      0.00      0.00  pyroscope

01:00:30 PM   UID       PID    %usr %system  %guest   %wait    %CPU   CPU  Command
01:00:31 PM  1000    921496    0.00    0.00    0.00    0.00    0.00    20  run-grafana.sh
01:00:31 PM  1000    921498    0.00    0.00    0.00    0.00    0.00    20  run-loki.sh
01:00:31 PM  1000    921501    0.00    0.00    0.00    0.00    0.00    18  grafana
01:00:31 PM  1000    921502    0.00    0.00    0.00    0.00    0.00    18  run-otelcol.sh
01:00:31 PM  1000    921505    0.00    0.00    0.00    0.00    0.00    18  run-prometheus.
01:00:31 PM  1000    921507    0.00    0.00    0.00    0.00    0.00    18  otelcol-contrib
01:00:31 PM  1000    921508    0.00    0.00    0.00    0.00    0.00    18  run-tempo.sh
01:00:31 PM  1000    921510    0.00    0.00    0.00    0.00    0.00    20  loki
01:00:31 PM  1000    921511    0.00    0.00    0.00    0.00    0.00    20  run-pyroscope.s
01:00:31 PM  1000    921512    1.00    0.00    0.00    0.00    1.00    18  prometheus
01:00:31 PM  1000    921515    0.00    0.00    0.00    0.00    0.00    20  tempo
01:00:31 PM  1000    921535    0.00    0.00    0.00    0.00    0.00    18  pyroscope

01:00:30 PM   UID       PID   cswch/s nvcswch/s  Command
01:00:31 PM  1000    921496      0.00      0.00  run-grafana.sh
01:00:31 PM  1000    921498      0.00      0.00  run-loki.sh
01:00:31 PM  1000    921501      0.00      0.00  grafana
01:00:31 PM  1000    921502      0.00      0.00  run-otelcol.sh
01:00:31 PM  1000    921505      0.00      0.00  run-prometheus.
01:00:31 PM  1000    921507      0.00      0.00  otelcol-contrib
01:00:31 PM  1000    921508      0.00      0.00  run-tempo.sh
01:00:31 PM  1000    921510     39.00      0.00  loki
01:00:31 PM  1000    921511      0.00      0.00  run-pyroscope.s
01:00:31 PM  1000    921512      0.00      0.00  prometheus
01:00:31 PM  1000    921515      1.00      0.00  tempo
01:00:31 PM  1000    921535      0.00      0.00  pyroscope

01:00:31 PM   UID       PID    %usr %system  %guest   %wait    %CPU   CPU  Command
01:00:32 PM  1000    921496    0.00    0.00    0.00    0.00    0.00    20  run-grafana.sh
01:00:32 PM  1000    921498    0.00    0.00    0.00    0.00    0.00    20  run-loki.sh
01:00:32 PM  1000    921501    0.00    0.00    0.00    0.00    0.00    18  grafana
01:00:32 PM  1000    921502    0.00    0.00    0.00    0.00    0.00    18  run-otelcol.sh
01:00:32 PM  1000    921505    0.00    0.00    0.00    0.00    0.00    18  run-prometheus.
01:00:32 PM  1000    921507    1.00    0.00    0.00    0.00    1.00    18  otelcol-contrib
01:00:32 PM  1000    921508    0.00    0.00    0.00    0.00    0.00    18  run-tempo.sh
01:00:32 PM  1000    921510    0.00    0.00    0.00    0.00    0.00    20  loki
01:00:32 PM  1000    921511    0.00    0.00    0.00    0.00    0.00    20  run-pyroscope.s
01:00:32 PM  1000    921512    0.00    0.00    0.00    0.00    0.00    18  prometheus
01:00:32 PM  1000    921515    0.00    0.00    0.00    0.00    0.00    18  tempo
01:00:32 PM  1000    921535    0.00    0.00    0.00    0.00    0.00    18  pyroscope

01:00:31 PM   UID       PID   cswch/s nvcswch/s  Command
01:00:32 PM  1000    921496      0.00      0.00  run-grafana.sh
01:00:32 PM  1000    921498      0.00      0.00  run-loki.sh
01:00:32 PM  1000    921501      0.00      0.00  grafana
01:00:32 PM  1000    921502      0.00      0.00  run-otelcol.sh
01:00:32 PM  1000    921505      0.00      0.00  run-prometheus.
01:00:32 PM  1000    921507      0.00      0.00  otelcol-contrib
01:00:32 PM  1000    921508      0.00      0.00  run-tempo.sh
01:00:32 PM  1000    921510     44.00      0.00  loki
01:00:32 PM  1000    921511      0.00      0.00  run-pyroscope.s
01:00:32 PM  1000    921512      0.00      0.00  prometheus
01:00:32 PM  1000    921515      1.00      0.00  tempo
01:00:32 PM  1000    921535      0.00      0.00  pyroscope

01:00:32 PM   UID       PID    %usr %system  %guest   %wait    %CPU   CPU  Command
01:00:33 PM  1000    921496    0.00    0.00    0.00    0.00    0.00    20  run-grafana.sh
01:00:33 PM  1000    921498    0.00    0.00    0.00    0.00    0.00    20  run-loki.sh
01:00:33 PM  1000    921501    0.00    0.00    0.00    0.00    0.00    18  grafana
01:00:33 PM  1000    921502    0.00    0.00    0.00    0.00    0.00    18  run-otelcol.sh
01:00:33 PM  1000    921505    0.00    0.00    0.00    0.00    0.00    18  run-prometheus.
01:00:33 PM  1000    921507    0.00    0.00    0.00    0.00    0.00    18  otelcol-contrib
01:00:33 PM  1000    921508    0.00    0.00    0.00    0.00    0.00    18  run-tempo.sh
01:00:33 PM  1000    921510    1.00    0.00    0.00    0.00    1.00    20  loki
01:00:33 PM  1000    921511    0.00    0.00    0.00    0.00    0.00    20  run-pyroscope.s
01:00:33 PM  1000    921512    0.00    0.00    0.00    0.00    0.00    18  prometheus
01:00:33 PM  1000    921515    0.00    0.00    0.00    0.00    0.00    18  tempo
01:00:33 PM  1000    921535    0.00    0.00    0.00    0.00    0.00    18  pyroscope

01:00:32 PM   UID       PID   cswch/s nvcswch/s  Command
01:00:33 PM  1000    921496      0.00      0.00  run-grafana.sh
01:00:33 PM  1000    921498      0.00      0.00  run-loki.sh
01:00:33 PM  1000    921501      0.00      0.00  grafana
01:00:33 PM  1000    921502      0.00      0.00  run-otelcol.sh
01:00:33 PM  1000    921505      0.00      0.00  run-prometheus.
01:00:33 PM  1000    921507      0.00      0.00  otelcol-contrib
01:00:33 PM  1000    921508      0.00      0.00  run-tempo.sh
01:00:33 PM  1000    921510     44.00      0.00  loki
01:00:33 PM  1000    921511      0.00      0.00  run-pyroscope.s
01:00:33 PM  1000    921512      0.00      0.00  prometheus
01:00:33 PM  1000    921515      0.00      0.00  tempo
01:00:33 PM  1000    921535      0.00      0.00  pyroscope

01:00:33 PM   UID       PID    %usr %system  %guest   %wait    %CPU   CPU  Command
01:00:34 PM  1000    921496    0.00    0.00    0.00    0.00    0.00    20  run-grafana.sh
01:00:34 PM  1000    921498    0.00    0.00    0.00    0.00    0.00    20  run-loki.sh
01:00:34 PM  1000    921501    1.00    0.00    0.00    0.00    1.00    18  grafana
01:00:34 PM  1000    921502    0.00    0.00    0.00    0.00    0.00    18  run-otelcol.sh
01:00:34 PM  1000    921505    0.00    0.00    0.00    0.00    0.00    18  run-prometheus.
01:00:34 PM  1000    921507    1.00    0.00    0.00    0.00    1.00    18  otelcol-contrib
01:00:34 PM  1000    921508    0.00    0.00    0.00    0.00    0.00    18  run-tempo.sh
01:00:34 PM  1000    921510    0.00    0.00    0.00    0.00    0.00    16  loki
01:00:34 PM  1000    921511    0.00    0.00    0.00    0.00    0.00    20  run-pyroscope.s
01:00:34 PM  1000    921512    0.00    0.00    0.00    0.00    0.00    18  prometheus
01:00:34 PM  1000    921515    0.00    0.00    0.00    0.00    0.00    18  tempo
01:00:34 PM  1000    921535    0.00    0.00    0.00    0.00    0.00    18  pyroscope

01:00:33 PM   UID       PID   cswch/s nvcswch/s  Command
01:00:34 PM  1000    921496      0.00      0.00  run-grafana.sh
01:00:34 PM  1000    921498      0.00      0.00  run-loki.sh
01:00:34 PM  1000    921501      0.00      0.00  grafana
01:00:34 PM  1000    921502      0.00      0.00  run-otelcol.sh
01:00:34 PM  1000    921505      0.00      0.00  run-prometheus.
01:00:34 PM  1000    921507      0.00      0.00  otelcol-contrib
01:00:34 PM  1000    921508      0.00      0.00  run-tempo.sh
01:00:34 PM  1000    921510     42.00      0.00  loki
01:00:34 PM  1000    921511      0.00      0.00  run-pyroscope.s
01:00:34 PM  1000    921512      0.00      0.00  prometheus
01:00:34 PM  1000    921515      0.00      0.00  tempo
01:00:34 PM  1000    921535      0.00      0.00  pyroscope

01:00:34 PM   UID       PID    %usr %system  %guest   %wait    %CPU   CPU  Command
01:00:35 PM  1000    921496    0.00    0.00    0.00    0.00    0.00    20  run-grafana.sh
01:00:35 PM  1000    921498    0.00    0.00    0.00    0.00    0.00    20  run-loki.sh
01:00:35 PM  1000    921501    0.00    0.00    0.00    0.00    0.00    18  grafana
01:00:35 PM  1000    921502    0.00    0.00    0.00    0.00    0.00    18  run-otelcol.sh
01:00:35 PM  1000    921505    0.00    0.00    0.00    0.00    0.00    18  run-prometheus.
01:00:35 PM  1000    921507    0.00    0.00    0.00    0.00    0.00    18  otelcol-contrib
01:00:35 PM  1000    921508    0.00    0.00    0.00    0.00    0.00    18  run-tempo.sh
01:00:35 PM  1000    921510    0.00    0.00    0.00    0.00    0.00    16  loki
01:00:35 PM  1000    921511    0.00    0.00    0.00    0.00    0.00    20  run-pyroscope.s
01:00:35 PM  1000    921512    0.00    0.00    0.00    0.00    0.00    18  prometheus
01:00:35 PM  1000    921515    0.00    0.00    0.00    0.00    0.00    18  tempo
01:00:35 PM  1000    921535    1.00    0.00    0.00    0.00    1.00    18  pyroscope

01:00:34 PM   UID       PID   cswch/s nvcswch/s  Command
01:00:35 PM  1000    921496      0.00      0.00  run-grafana.sh
01:00:35 PM  1000    921498      0.00      0.00  run-loki.sh
01:00:35 PM  1000    921501      0.00      0.00  grafana
01:00:35 PM  1000    921502      0.00      0.00  run-otelcol.sh
01:00:35 PM  1000    921505      0.00      0.00  run-prometheus.
01:00:35 PM  1000    921507      0.00      0.00  otelcol-contrib
01:00:35 PM  1000    921508      0.00      0.00  run-tempo.sh
01:00:35 PM  1000    921510     40.00      0.00  loki
01:00:35 PM  1000    921511      0.00      0.00  run-pyroscope.s
01:00:35 PM  1000    921512      0.00      0.00  prometheus
01:00:35 PM  1000    921515      0.00      0.00  tempo
01:00:35 PM  1000    921535      0.00      0.00  pyroscope

01:00:35 PM   UID       PID    %usr %system  %guest   %wait    %CPU   CPU  Command
01:00:36 PM  1000    921496    0.00    0.00    0.00    0.00    0.00    20  run-grafana.sh
01:00:36 PM  1000    921498    0.00    0.00    0.00    0.00    0.00    20  run-loki.sh
01:00:36 PM  1000    921501    0.00    0.00    0.00    0.00    0.00    18  grafana
01:00:36 PM  1000    921502    0.00    0.00    0.00    0.00    0.00    18  run-otelcol.sh
01:00:36 PM  1000    921505    0.00    0.00    0.00    0.00    0.00    18  run-prometheus.
01:00:36 PM  1000    921507    3.00    0.00    0.00    0.00    3.00    18  otelcol-contrib
01:00:36 PM  1000    921508    0.00    0.00    0.00    0.00    0.00    18  run-tempo.sh
01:00:36 PM  1000    921510    0.00    0.00    0.00    0.00    0.00    20  loki
01:00:36 PM  1000    921511    0.00    0.00    0.00    0.00    0.00    20  run-pyroscope.s
01:00:36 PM  1000    921512    0.00    0.00    0.00    0.00    0.00    18  prometheus
01:00:36 PM  1000    921515    7.00    0.00    0.00    0.00    7.00    20  tempo
01:00:36 PM  1000    921535    0.00    0.00    0.00    0.00    0.00    18  pyroscope

01:00:35 PM   UID       PID   cswch/s nvcswch/s  Command
01:00:36 PM  1000    921496      0.00      0.00  run-grafana.sh
01:00:36 PM  1000    921498      0.00      0.00  run-loki.sh
01:00:36 PM  1000    921501      0.00      0.00  grafana
01:00:36 PM  1000    921502      0.00      0.00  run-otelcol.sh
01:00:36 PM  1000    921505      0.00      0.00  run-prometheus.
01:00:36 PM  1000    921507      0.00      0.00  otelcol-contrib
01:00:36 PM  1000    921508      0.00      0.00  run-tempo.sh
01:00:36 PM  1000    921510     42.00      0.00  loki
01:00:36 PM  1000    921511      0.00      0.00  run-pyroscope.s
01:00:36 PM  1000    921512      0.00      0.00  prometheus
01:00:36 PM  1000    921515     83.00      0.00  tempo
01:00:36 PM  1000    921535      0.00      0.00  pyroscope

01:00:36 PM   UID       PID    %usr %system  %guest   %wait    %CPU   CPU  Command
01:00:37 PM  1000    921496    0.00    0.00    0.00    0.00    0.00    20  run-grafana.sh
01:00:37 PM  1000    921498    0.00    0.00    0.00    0.00    0.00    20  run-loki.sh
01:00:37 PM  1000    921501    0.00    0.00    0.00    0.00    0.00    18  grafana
01:00:37 PM  1000    921502    0.00    0.00    0.00    0.00    0.00    18  run-otelcol.sh
01:00:37 PM  1000    921505    0.00    0.00    0.00    0.00    0.00    18  run-prometheus.
01:00:37 PM  1000    921507    6.00    0.00    0.00    0.00    6.00    18  otelcol-contrib
01:00:37 PM  1000    921508    0.00    0.00    0.00    0.00    0.00    18  run-tempo.sh
01:00:37 PM  1000    921510    0.00    1.00    0.00    0.00    1.00    20  loki
01:00:37 PM  1000    921511    0.00    0.00    0.00    0.00    0.00    20  run-pyroscope.s
01:00:37 PM  1000    921512    1.00    0.00    0.00    0.00    1.00    18  prometheus
01:00:37 PM  1000    921515   18.00    2.00    0.00    0.00   20.00    20  tempo
01:00:37 PM  1000    921535    3.00    0.00    0.00    0.00    3.00    18  pyroscope

01:00:36 PM   UID       PID   cswch/s nvcswch/s  Command
01:00:37 PM  1000    921496      0.00      0.00  run-grafana.sh
01:00:37 PM  1000    921498      0.00      0.00  run-loki.sh
01:00:37 PM  1000    921501      0.00      0.00  grafana
01:00:37 PM  1000    921502      0.00      0.00  run-otelcol.sh
01:00:37 PM  1000    921505      0.00      0.00  run-prometheus.
01:00:37 PM  1000    921507      0.00      0.00  otelcol-contrib
01:00:37 PM  1000    921508      0.00      0.00  run-tempo.sh
01:00:37 PM  1000    921510     47.00      0.00  loki
01:00:37 PM  1000    921511      0.00      0.00  run-pyroscope.s
01:00:37 PM  1000    921512      0.00      0.00  prometheus
01:00:37 PM  1000    921515    104.00      5.00  tempo
01:00:37 PM  1000    921535      0.00      0.00  pyroscope

01:00:37 PM   UID       PID    %usr %system  %guest   %wait    %CPU   CPU  Command
01:00:38 PM  1000    921496    0.00    0.00    0.00    0.00    0.00    20  run-grafana.sh
01:00:38 PM  1000    921498    0.00    0.00    0.00    0.00    0.00    20  run-loki.sh
01:00:38 PM  1000    921501    0.00    0.00    0.00    0.00    0.00    18  grafana
01:00:38 PM  1000    921502    0.00    0.00    0.00    0.00    0.00    18  run-otelcol.sh
01:00:38 PM  1000    921505    0.00    0.00    0.00    0.00    0.00    18  run-prometheus.
01:00:38 PM  1000    921507    8.00    1.00    0.00    0.00    9.00    18  otelcol-contrib
01:00:38 PM  1000    921508    0.00    0.00    0.00    0.00    0.00    18  run-tempo.sh
01:00:38 PM  1000    921510    1.00    0.00    0.00    0.00    1.00    20  loki
01:00:38 PM  1000    921511    0.00    0.00    0.00    0.00    0.00    20  run-pyroscope.s
01:00:38 PM  1000    921512    1.00    0.00    0.00    0.00    1.00    18  prometheus
01:00:38 PM  1000    921515   36.00    2.00    0.00    0.00   38.00    18  tempo
01:00:38 PM  1000    921535    1.00    1.00    0.00    0.00    2.00    18  pyroscope

01:00:37 PM   UID       PID   cswch/s nvcswch/s  Command
01:00:38 PM  1000    921496      0.00      0.00  run-grafana.sh
01:00:38 PM  1000    921498      0.00      0.00  run-loki.sh
01:00:38 PM  1000    921501      0.00      0.00  grafana
01:00:38 PM  1000    921502      0.00      0.00  run-otelcol.sh
01:00:38 PM  1000    921505      0.00      0.00  run-prometheus.
01:00:38 PM  1000    921507      0.00      0.00  otelcol-contrib
01:00:38 PM  1000    921508      0.00      0.00  run-tempo.sh
01:00:38 PM  1000    921510     63.00      0.00  loki
01:00:38 PM  1000    921511      0.00      0.00  run-pyroscope.s
01:00:38 PM  1000    921512      0.00      0.00  prometheus
01:00:38 PM  1000    921515    132.00      3.00  tempo
01:00:38 PM  1000    921535      0.00      0.00  pyroscope

01:00:38 PM   UID       PID    %usr %system  %guest   %wait    %CPU   CPU  Command
01:00:39 PM  1000    921496    0.00    0.00    0.00    0.00    0.00    20  run-grafana.sh
01:00:39 PM  1000    921498    0.00    0.00    0.00    0.00    0.00    20  run-loki.sh
01:00:39 PM  1000    921501    2.00    0.00    0.00    0.00    2.00    18  grafana
01:00:39 PM  1000    921502    0.00    0.00    0.00    0.00    0.00    18  run-otelcol.sh
01:00:39 PM  1000    921505    0.00    0.00    0.00    0.00    0.00    18  run-prometheus.
01:00:39 PM  1000    921507    6.00    0.00    0.00    0.00    6.00    18  otelcol-contrib
01:00:39 PM  1000    921508    0.00    0.00    0.00    0.00    0.00    18  run-tempo.sh
01:00:39 PM  1000    921510    0.00    0.00    0.00    0.00    0.00    18  loki
01:00:39 PM  1000    921511    0.00    0.00    0.00    0.00    0.00    20  run-pyroscope.s
01:00:39 PM  1000    921512    0.00    0.00    0.00    0.00    0.00    18  prometheus
01:00:39 PM  1000    921515   31.00    1.00    0.00    0.00   32.00    18  tempo
01:00:39 PM  1000    921535    0.00    0.00    0.00    0.00    0.00    18  pyroscope

01:00:38 PM   UID       PID   cswch/s nvcswch/s  Command
01:00:39 PM  1000    921496      0.00      0.00  run-grafana.sh
01:00:39 PM  1000    921498      0.00      0.00  run-loki.sh
01:00:39 PM  1000    921501      0.00      0.00  grafana
01:00:39 PM  1000    921502      0.00      0.00  run-otelcol.sh
01:00:39 PM  1000    921505      0.00      0.00  run-prometheus.
01:00:39 PM  1000    921507      0.00      0.00  otelcol-contrib
01:00:39 PM  1000    921508      0.00      0.00  run-tempo.sh
01:00:39 PM  1000    921510     23.00      0.00  loki
01:00:39 PM  1000    921511      0.00      0.00  run-pyroscope.s
01:00:39 PM  1000    921512      0.00      0.00  prometheus
01:00:39 PM  1000    921515     81.00     15.00  tempo
01:00:39 PM  1000    921535      0.00      0.00  pyroscope

01:00:39 PM   UID       PID    %usr %system  %guest   %wait    %CPU   CPU  Command
01:00:40 PM  1000    921496    0.00    0.00    0.00    0.00    0.00    20  run-grafana.sh
01:00:40 PM  1000    921498    0.00    0.00    0.00    0.00    0.00    20  run-loki.sh
01:00:40 PM  1000    921501    3.00    1.00    0.00    0.00    4.00    18  grafana
01:00:40 PM  1000    921502    0.00    0.00    0.00    0.00    0.00    18  run-otelcol.sh
01:00:40 PM  1000    921505    0.00    0.00    0.00    0.00    0.00    18  run-prometheus.
01:00:40 PM  1000    921507    7.00    0.00    0.00    0.00    7.00    18  otelcol-contrib
01:00:40 PM  1000    921508    0.00    0.00    0.00    0.00    0.00    18  run-tempo.sh
01:00:40 PM  1000    921510    0.00    0.00    0.00    0.00    0.00    18  loki
01:00:40 PM  1000    921511    0.00    0.00    0.00    0.00    0.00    20  run-pyroscope.s
01:00:40 PM  1000    921512    0.00    0.00    0.00    0.00    0.00    18  prometheus
01:00:40 PM  1000    921515   34.00    0.00    0.00    1.00   34.00    16  tempo
01:00:40 PM  1000    921535    0.00    0.00    0.00    0.00    0.00    18  pyroscope

01:00:39 PM   UID       PID   cswch/s nvcswch/s  Command
01:00:40 PM  1000    921496      0.00      0.00  run-grafana.sh
01:00:40 PM  1000    921498      0.00      0.00  run-loki.sh
01:00:40 PM  1000    921501      0.00      0.00  grafana
01:00:40 PM  1000    921502      0.00      0.00  run-otelcol.sh
01:00:40 PM  1000    921505      0.00      0.00  run-prometheus.
01:00:40 PM  1000    921507      0.00      0.00  otelcol-contrib
01:00:40 PM  1000    921508      0.00      0.00  run-tempo.sh
01:00:40 PM  1000    921510      0.00      0.00  loki
01:00:40 PM  1000    921511      0.00      0.00  run-pyroscope.s
01:00:40 PM  1000    921512      0.00      0.00  prometheus
01:00:40 PM  1000    921515    110.00     12.00  tempo
01:00:40 PM  1000    921535      0.00      0.00  pyroscope

01:00:40 PM   UID       PID    %usr %system  %guest   %wait    %CPU   CPU  Command
01:00:41 PM  1000    921496    0.00    0.00    0.00    0.00    0.00    20  run-grafana.sh
01:00:41 PM  1000    921498    0.00    0.00    0.00    0.00    0.00    20  run-loki.sh
01:00:41 PM  1000    921501    1.00    0.00    0.00    0.00    1.00    18  grafana
01:00:41 PM  1000    921502    0.00    0.00    0.00    0.00    0.00    18  run-otelcol.sh
01:00:41 PM  1000    921505    0.00    0.00    0.00    0.00    0.00    18  run-prometheus.
01:00:41 PM  1000    921507    6.00    1.00    0.00    0.00    7.00    18  otelcol-contrib
01:00:41 PM  1000    921508    0.00    0.00    0.00    0.00    0.00    18  run-tempo.sh
01:00:41 PM  1000    921510    1.00    0.00    0.00    0.00    1.00    16  loki
01:00:41 PM  1000    921511    0.00    0.00    0.00    0.00    0.00    20  run-pyroscope.s
01:00:41 PM  1000    921512    0.00    0.00    0.00    0.00    0.00    18  prometheus
01:00:41 PM  1000    921515   36.00    2.00    0.00    0.00   38.00    16  tempo
01:00:41 PM  1000    921535    0.00    0.00    0.00    0.00    0.00    18  pyroscope

01:00:40 PM   UID       PID   cswch/s nvcswch/s  Command
01:00:41 PM  1000    921496      0.00      0.00  run-grafana.sh
01:00:41 PM  1000    921498      0.00      0.00  run-loki.sh
01:00:41 PM  1000    921501      0.00      0.00  grafana
01:00:41 PM  1000    921502      0.00      0.00  run-otelcol.sh
01:00:41 PM  1000    921505      0.00      0.00  run-prometheus.
01:00:41 PM  1000    921507      0.00      0.00  otelcol-contrib
01:00:41 PM  1000    921508      0.00      0.00  run-tempo.sh
01:00:41 PM  1000    921510      4.00      0.00  loki
01:00:41 PM  1000    921511      0.00      0.00  run-pyroscope.s
01:00:41 PM  1000    921512      0.00      0.00  prometheus
01:00:41 PM  1000    921515     95.00      6.00  tempo
01:00:41 PM  1000    921535      0.00      0.00  pyroscope

01:00:41 PM   UID       PID    %usr %system  %guest   %wait    %CPU   CPU  Command
01:00:42 PM  1000    921496    0.00    0.00    0.00    0.00    0.00    20  run-grafana.sh
01:00:42 PM  1000    921498    0.00    0.00    0.00    0.00    0.00    20  run-loki.sh
01:00:42 PM  1000    921501    0.00    0.00    0.00    0.00    0.00    18  grafana
01:00:42 PM  1000    921502    0.00    0.00    0.00    0.00    0.00    18  run-otelcol.sh
01:00:42 PM  1000    921505    0.00    0.00    0.00    0.00    0.00    18  run-prometheus.
01:00:42 PM  1000    921507    5.00    0.00    0.00    0.00    5.00    18  otelcol-contrib
01:00:42 PM  1000    921508    0.00    0.00    0.00    0.00    0.00    18  run-tempo.sh
01:00:42 PM  1000    921510    0.00    0.00    0.00    0.00    0.00    16  loki
01:00:42 PM  1000    921511    0.00    0.00    0.00    0.00    0.00    20  run-pyroscope.s
01:00:42 PM  1000    921512    0.00    0.00    0.00    0.00    0.00    18  prometheus
01:00:42 PM  1000    921515   38.00    1.00    0.00    0.00   39.00    18  tempo
01:00:42 PM  1000    921535    0.00    0.00    0.00    0.00    0.00    18  pyroscope

01:00:41 PM   UID       PID   cswch/s nvcswch/s  Command
01:00:42 PM  1000    921496      0.00      0.00  run-grafana.sh
01:00:42 PM  1000    921498      0.00      0.00  run-loki.sh
01:00:42 PM  1000    921501      0.00      0.00  grafana
01:00:42 PM  1000    921502      0.00      0.00  run-otelcol.sh
01:00:42 PM  1000    921505      0.00      0.00  run-prometheus.
01:00:42 PM  1000    921507      0.00      0.00  otelcol-contrib
01:00:42 PM  1000    921508      0.00      0.00  run-tempo.sh
01:00:42 PM  1000    921510      0.00      0.00  loki
01:00:42 PM  1000    921511      0.00      0.00  run-pyroscope.s
01:00:42 PM  1000    921512      0.00      0.00  prometheus
01:00:42 PM  1000    921515     91.00     16.00  tempo
01:00:42 PM  1000    921535      0.00      0.00  pyroscope

01:00:42 PM   UID       PID    %usr %system  %guest   %wait    %CPU   CPU  Command
01:00:43 PM  1000    921496    0.00    0.00    0.00    0.00    0.00    20  run-grafana.sh
01:00:43 PM  1000    921498    0.00    0.00    0.00    0.00    0.00    20  run-loki.sh
01:00:43 PM  1000    921501    0.00    0.00    0.00    0.00    0.00    18  grafana
01:00:43 PM  1000    921502    0.00    0.00    0.00    0.00    0.00    18  run-otelcol.sh
01:00:43 PM  1000    921505    0.00    0.00    0.00    0.00    0.00    18  run-prometheus.
01:00:43 PM  1000    921507    8.00    0.00    0.00    0.00    8.00    18  otelcol-contrib
01:00:43 PM  1000    921508    0.00    0.00    0.00    0.00    0.00    18  run-tempo.sh
01:00:43 PM  1000    921510    0.00    0.00    0.00    0.00    0.00    16  loki
01:00:43 PM  1000    921511    0.00    0.00    0.00    0.00    0.00    20  run-pyroscope.s
01:00:43 PM  1000    921512    0.00    0.00    0.00    0.00    0.00    18  prometheus
01:00:43 PM  1000    921515   48.00    5.00    0.00    0.00   53.00    16  tempo
01:00:43 PM  1000    921535    0.00    0.00    0.00    0.00    0.00    18  pyroscope

01:00:42 PM   UID       PID   cswch/s nvcswch/s  Command
01:00:43 PM  1000    921496      0.00      0.00  run-grafana.sh
01:00:43 PM  1000    921498      0.00      0.00  run-loki.sh
01:00:43 PM  1000    921501      0.00      0.00  grafana
01:00:43 PM  1000    921502      0.00      0.00  run-otelcol.sh
01:00:43 PM  1000    921505      0.00      0.00  run-prometheus.
01:00:43 PM  1000    921507      0.00      0.00  otelcol-contrib
01:00:43 PM  1000    921508      0.00      0.00  run-tempo.sh
01:00:43 PM  1000    921510      0.00      0.00  loki
01:00:43 PM  1000    921511      0.00      0.00  run-pyroscope.s
01:00:43 PM  1000    921512      0.00      0.00  prometheus
01:00:43 PM  1000    921515     93.00      0.00  tempo
01:00:43 PM  1000    921535      0.00      0.00  pyroscope

01:00:43 PM   UID       PID    %usr %system  %guest   %wait    %CPU   CPU  Command
01:00:44 PM  1000    921496    0.00    0.00    0.00    0.00    0.00    20  run-grafana.sh
01:00:44 PM  1000    921498    0.00    0.00    0.00    0.00    0.00    20  run-loki.sh
01:00:44 PM  1000    921501    0.00    0.00    0.00    0.00    0.00    18  grafana
01:00:44 PM  1000    921502    0.00    0.00    0.00    0.00    0.00    18  run-otelcol.sh
01:00:44 PM  1000    921505    0.00    0.00    0.00    0.00    0.00    18  run-prometheus.
01:00:44 PM  1000    921507    6.00    1.00    0.00    0.00    7.00    18  otelcol-contrib
01:00:44 PM  1000    921508    0.00    0.00    0.00    0.00    0.00    18  run-tempo.sh
01:00:44 PM  1000    921510    0.00    0.00    0.00    0.00    0.00    16  loki
01:00:44 PM  1000    921511    0.00    0.00    0.00    0.00    0.00    20  run-pyroscope.s
01:00:44 PM  1000    921512    0.00    0.00    0.00    0.00    0.00    18  prometheus
01:00:44 PM  1000    921515   43.00    3.00    0.00    0.00   46.00    20  tempo
01:00:44 PM  1000    921535    1.00    0.00    0.00    0.00    1.00    18  pyroscope

01:00:43 PM   UID       PID   cswch/s nvcswch/s  Command
01:00:44 PM  1000    921496      0.00      0.00  run-grafana.sh
01:00:44 PM  1000    921498      0.00      0.00  run-loki.sh
01:00:44 PM  1000    921501      0.00      0.00  grafana
01:00:44 PM  1000    921502      0.00      0.00  run-otelcol.sh
01:00:44 PM  1000    921505      0.00      0.00  run-prometheus.
01:00:44 PM  1000    921507      0.00      0.00  otelcol-contrib
01:00:44 PM  1000    921508      0.00      0.00  run-tempo.sh
01:00:44 PM  1000    921510      2.00      0.00  loki
01:00:44 PM  1000    921511      0.00      0.00  run-pyroscope.s
01:00:44 PM  1000    921512      0.00      0.00  prometheus
01:00:44 PM  1000    921515     92.00     12.00  tempo
01:00:44 PM  1000    921535      0.00      0.00  pyroscope

01:00:44 PM   UID       PID    %usr %system  %guest   %wait    %CPU   CPU  Command
01:00:45 PM  1000    921496    0.00    0.00    0.00    0.00    0.00    20  run-grafana.sh
01:00:45 PM  1000    921498    0.00    0.00    0.00    0.00    0.00    20  run-loki.sh
01:00:45 PM  1000    921501    0.00    0.00    0.00    0.00    0.00    18  grafana
01:00:45 PM  1000    921502    0.00    0.00    0.00    0.00    0.00    18  run-otelcol.sh
01:00:45 PM  1000    921505    0.00    0.00    0.00    0.00    0.00    18  run-prometheus.
01:00:45 PM  1000    921507    7.00    0.00    0.00    0.00    7.00    18  otelcol-contrib
01:00:45 PM  1000    921508    0.00    0.00    0.00    0.00    0.00    18  run-tempo.sh
01:00:45 PM  1000    921510    1.00    0.00    0.00    0.00    1.00    18  loki
01:00:45 PM  1000    921511    0.00    0.00    0.00    0.00    0.00    20  run-pyroscope.s
01:00:45 PM  1000    921512    0.00    0.00    0.00    0.00    0.00    18  prometheus
01:00:45 PM  1000    921515   59.00    4.00    0.00    0.00   63.00    16  tempo
01:00:45 PM  1000    921535    0.00    0.00    0.00    0.00    0.00    18  pyroscope

01:00:44 PM   UID       PID   cswch/s nvcswch/s  Command
01:00:45 PM  1000    921496      0.00      0.00  run-grafana.sh
01:00:45 PM  1000    921498      0.00      0.00  run-loki.sh
01:00:45 PM  1000    921501      0.00      0.00  grafana
01:00:45 PM  1000    921502      0.00      0.00  run-otelcol.sh
01:00:45 PM  1000    921505      0.00      0.00  run-prometheus.
01:00:45 PM  1000    921507      0.00      0.00  otelcol-contrib
01:00:45 PM  1000    921508      0.00      0.00  run-tempo.sh
01:00:45 PM  1000    921510      7.00      1.00  loki
01:00:45 PM  1000    921511      0.00      0.00  run-pyroscope.s
01:00:45 PM  1000    921512      0.00      0.00  prometheus
01:00:45 PM  1000    921515     70.00     50.00  tempo
01:00:45 PM  1000    921535      0.00      0.00  pyroscope

01:00:45 PM   UID       PID    %usr %system  %guest   %wait    %CPU   CPU  Command
01:00:46 PM  1000    921496    0.00    0.00    0.00    0.00    0.00    20  run-grafana.sh
01:00:46 PM  1000    921498    0.00    0.00    0.00    0.00    0.00    20  run-loki.sh
01:00:46 PM  1000    921501    0.00    0.00    0.00    0.00    0.00    18  grafana
01:00:46 PM  1000    921502    0.00    0.00    0.00    0.00    0.00    18  run-otelcol.sh
01:00:46 PM  1000    921505    0.00    0.00    0.00    0.00    0.00    18  run-prometheus.
01:00:46 PM  1000    921507    6.00    0.00    0.00    0.00    6.00    18  otelcol-contrib
01:00:46 PM  1000    921508    0.00    0.00    0.00    0.00    0.00    18  run-tempo.sh
01:00:46 PM  1000    921510    0.00    0.00    0.00    0.00    0.00    20  loki
01:00:46 PM  1000    921511    0.00    0.00    0.00    0.00    0.00    20  run-pyroscope.s
01:00:46 PM  1000    921512    1.00    0.00    0.00    0.00    1.00    18  prometheus
01:00:46 PM  1000    921515   72.00    4.00    0.00    2.00   76.00    16  tempo
01:00:46 PM  1000    921535    0.00    0.00    0.00    0.00    0.00    18  pyroscope

01:00:45 PM   UID       PID   cswch/s nvcswch/s  Command
01:00:46 PM  1000    921496      0.00      0.00  run-grafana.sh
01:00:46 PM  1000    921498      0.00      0.00  run-loki.sh
01:00:46 PM  1000    921501      0.00      0.00  grafana
01:00:46 PM  1000    921502      0.00      0.00  run-otelcol.sh
01:00:46 PM  1000    921505      0.00      0.00  run-prometheus.
01:00:46 PM  1000    921507      0.00      0.00  otelcol-contrib
01:00:46 PM  1000    921508      0.00      0.00  run-tempo.sh
01:00:46 PM  1000    921510     15.00      0.00  loki
01:00:46 PM  1000    921511      0.00      0.00  run-pyroscope.s
01:00:46 PM  1000    921512      0.00      0.00  prometheus
01:00:46 PM  1000    921515    101.00     51.00  tempo
01:00:46 PM  1000    921535      0.00      0.00  pyroscope

01:00:46 PM   UID       PID    %usr %system  %guest   %wait    %CPU   CPU  Command
01:00:47 PM  1000    921496    0.00    0.00    0.00    0.00    0.00    20  run-grafana.sh
01:00:47 PM  1000    921498    0.00    0.00    0.00    0.00    0.00    20  run-loki.sh
01:00:47 PM  1000    921501    0.00    0.00    0.00    0.00    0.00    18  grafana
01:00:47 PM  1000    921502    0.00    0.00    0.00    0.00    0.00    18  run-otelcol.sh
01:00:47 PM  1000    921505    0.00    0.00    0.00    0.00    0.00    18  run-prometheus.
01:00:47 PM  1000    921507    8.00    1.00    0.00    0.00    9.00    18  otelcol-contrib
01:00:47 PM  1000    921508    0.00    0.00    0.00    0.00    0.00    18  run-tempo.sh
01:00:47 PM  1000    921510    0.00    0.00    0.00    0.00    0.00    20  loki
01:00:47 PM  1000    921511    0.00    0.00    0.00    0.00    0.00    20  run-pyroscope.s
01:00:47 PM  1000    921512    0.00    0.00    0.00    0.00    0.00    18  prometheus
01:00:47 PM  1000    921515   23.00    0.00    0.00    0.00   23.00    20  tempo
01:00:47 PM  1000    921535    0.00    0.00    0.00    0.00    0.00    18  pyroscope

01:00:46 PM   UID       PID   cswch/s nvcswch/s  Command
01:00:47 PM  1000    921496      0.00      0.00  run-grafana.sh
01:00:47 PM  1000    921498      0.00      0.00  run-loki.sh
01:00:47 PM  1000    921501      0.00      0.00  grafana
01:00:47 PM  1000    921502      0.00      0.00  run-otelcol.sh
01:00:47 PM  1000    921505      0.00      0.00  run-prometheus.
01:00:47 PM  1000    921507      0.00      0.00  otelcol-contrib
01:00:47 PM  1000    921508      0.00      0.00  run-tempo.sh
01:00:47 PM  1000    921510     43.00      0.00  loki
01:00:47 PM  1000    921511      0.00      0.00  run-pyroscope.s
01:00:47 PM  1000    921512      0.00      0.00  prometheus
01:00:47 PM  1000    921515     56.00      3.00  tempo
01:00:47 PM  1000    921535      0.00      0.00  pyroscope

01:00:47 PM   UID       PID    %usr %system  %guest   %wait    %CPU   CPU  Command
01:00:48 PM  1000    921496    0.00    0.00    0.00    0.00    0.00    20  run-grafana.sh
01:00:48 PM  1000    921498    0.00    0.00    0.00    0.00    0.00    20  run-loki.sh
01:00:48 PM  1000    921501    0.00    0.00    0.00    0.00    0.00    18  grafana
01:00:48 PM  1000    921502    0.00    0.00    0.00    0.00    0.00    18  run-otelcol.sh
01:00:48 PM  1000    921505    0.00    0.00    0.00    0.00    0.00    18  run-prometheus.
01:00:48 PM  1000    921507    6.00    0.00    0.00    0.00    6.00    18  otelcol-contrib
01:00:48 PM  1000    921508    0.00    0.00    0.00    0.00    0.00    18  run-tempo.sh
01:00:48 PM  1000    921510    0.00    0.00    0.00    1.00    0.00    20  loki
01:00:48 PM  1000    921511    0.00    0.00    0.00    0.00    0.00    20  run-pyroscope.s
01:00:48 PM  1000    921512    0.00    0.00    0.00    0.00    0.00    18  prometheus
01:00:48 PM  1000    921515   99.00    7.00    0.00    0.00  106.00    20  tempo
01:00:48 PM  1000    921535    0.00    0.00    0.00    0.00    0.00    18  pyroscope

01:00:47 PM   UID       PID   cswch/s nvcswch/s  Command
01:00:48 PM  1000    921496      0.00      0.00  run-grafana.sh
01:00:48 PM  1000    921498      0.00      0.00  run-loki.sh
01:00:48 PM  1000    921501      0.00      0.00  grafana
01:00:48 PM  1000    921502      0.00      0.00  run-otelcol.sh
01:00:48 PM  1000    921505      0.00      0.00  run-prometheus.
01:00:48 PM  1000    921507      0.00      0.00  otelcol-contrib
01:00:48 PM  1000    921508      0.00      0.00  run-tempo.sh
01:00:48 PM  1000    921510     35.00      0.00  loki
01:00:48 PM  1000    921511      0.00      0.00  run-pyroscope.s
01:00:48 PM  1000    921512      0.00      0.00  prometheus
01:00:48 PM  1000    921515      0.00      0.00  tempo
01:00:48 PM  1000    921535      0.00      0.00  pyroscope

01:00:48 PM   UID       PID    %usr %system  %guest   %wait    %CPU   CPU  Command
01:00:49 PM  1000    921496    0.00    0.00    0.00    0.00    0.00    20  run-grafana.sh
01:00:49 PM  1000    921498    0.00    0.00    0.00    0.00    0.00    20  run-loki.sh
01:00:49 PM  1000    921501    3.00    0.00    0.00    0.00    3.00    18  grafana
01:00:49 PM  1000    921502    0.00    0.00    0.00    0.00    0.00    18  run-otelcol.sh
01:00:49 PM  1000    921505    0.00    0.00    0.00    0.00    0.00    18  run-prometheus.
01:00:49 PM  1000    921507    8.00    0.00    0.00    0.00    8.00    18  otelcol-contrib
01:00:49 PM  1000    921508    0.00    0.00    0.00    0.00    0.00    18  run-tempo.sh
01:00:49 PM  1000    921510    0.00    1.00    0.00    0.00    1.00    16  loki
01:00:49 PM  1000    921511    0.00    0.00    0.00    0.00    0.00    20  run-pyroscope.s
01:00:49 PM  1000    921512    0.00    0.00    0.00    0.00    0.00    18  prometheus
01:00:49 PM  1000    921515   87.00    8.00    0.00    0.00   95.00    20  tempo
01:00:49 PM  1000    921535    1.00    0.00    0.00    0.00    1.00    18  pyroscope

01:00:48 PM   UID       PID   cswch/s nvcswch/s  Command
01:00:49 PM  1000    921496      0.00      0.00  run-grafana.sh
01:00:49 PM  1000    921498      0.00      0.00  run-loki.sh
01:00:49 PM  1000    921501      0.00      0.00  grafana
01:00:49 PM  1000    921502      0.00      0.00  run-otelcol.sh
01:00:49 PM  1000    921505      0.00      0.00  run-prometheus.
01:00:49 PM  1000    921507      0.00      0.00  otelcol-contrib
01:00:49 PM  1000    921508      0.00      0.00  run-tempo.sh
01:00:49 PM  1000    921510     43.00      0.00  loki
01:00:49 PM  1000    921511      0.00      0.00  run-pyroscope.s
01:00:49 PM  1000    921512      0.00      0.00  prometheus
01:00:49 PM  1000    921515     28.00      0.00  tempo
01:00:49 PM  1000    921535      0.00      0.00  pyroscope

01:00:49 PM   UID       PID    %usr %system  %guest   %wait    %CPU   CPU  Command
01:00:50 PM  1000    921496    0.00    0.00    0.00    0.00    0.00    20  run-grafana.sh
01:00:50 PM  1000    921498    0.00    0.00    0.00    0.00    0.00    20  run-loki.sh
01:00:50 PM  1000    921501    0.00    0.00    0.00    0.00    0.00    18  grafana
01:00:50 PM  1000    921502    0.00    0.00    0.00    0.00    0.00    18  run-otelcol.sh
01:00:50 PM  1000    921505    0.00    0.00    0.00    0.00    0.00    18  run-prometheus.
01:00:50 PM  1000    921507    5.00    1.00    0.00    0.00    6.00    18  otelcol-contrib
01:00:50 PM  1000    921508    0.00    0.00    0.00    0.00    0.00    18  run-tempo.sh
01:00:50 PM  1000    921510    1.00    0.00    0.00    0.00    1.00    16  loki
01:00:50 PM  1000    921511    0.00    0.00    0.00    0.00    0.00    20  run-pyroscope.s
01:00:50 PM  1000    921512    0.00    0.00    0.00    0.00    0.00    18  prometheus
01:00:50 PM  1000    921515  112.00    5.00    0.00    1.00  117.00    18  tempo
01:00:50 PM  1000    921535    0.00    0.00    0.00    0.00    0.00    18  pyroscope

01:00:49 PM   UID       PID   cswch/s nvcswch/s  Command
01:00:50 PM  1000    921496      0.00      0.00  run-grafana.sh
01:00:50 PM  1000    921498      0.00      0.00  run-loki.sh
01:00:50 PM  1000    921501      0.00      0.00  grafana
01:00:50 PM  1000    921502      0.00      0.00  run-otelcol.sh
01:00:50 PM  1000    921505      0.00      0.00  run-prometheus.
01:00:50 PM  1000    921507      0.00      0.00  otelcol-contrib
01:00:50 PM  1000    921508      0.00      0.00  run-tempo.sh
01:00:50 PM  1000    921510     38.00      0.00  loki
01:00:50 PM  1000    921511      0.00      0.00  run-pyroscope.s
01:00:50 PM  1000    921512      0.00      0.00  prometheus
01:00:50 PM  1000    921515     82.00     54.00  tempo
01:00:50 PM  1000    921535      0.00      0.00  pyroscope

01:00:50 PM   UID       PID    %usr %system  %guest   %wait    %CPU   CPU  Command
01:00:51 PM  1000    921496    0.00    0.00    0.00    0.00    0.00    20  run-grafana.sh
01:00:51 PM  1000    921498    0.00    0.00    0.00    0.00    0.00    20  run-loki.sh
01:00:51 PM  1000    921501    0.00    0.00    0.00    0.00    0.00    18  grafana
01:00:51 PM  1000    921502    0.00    0.00    0.00    0.00    0.00    18  run-otelcol.sh
01:00:51 PM  1000    921505    0.00    0.00    0.00    0.00    0.00    18  run-prometheus.
01:00:51 PM  1000    921507    6.00    1.00    0.00    0.00    7.00    18  otelcol-contrib
01:00:51 PM  1000    921508    0.00    0.00    0.00    0.00    0.00    18  run-tempo.sh
01:00:51 PM  1000    921510    0.00    0.00    0.00    0.00    0.00    16  loki
01:00:51 PM  1000    921511    0.00    0.00    0.00    0.00    0.00    20  run-pyroscope.s
01:00:51 PM  1000    921512    0.00    0.00    0.00    0.00    0.00    18  prometheus
01:00:51 PM  1000    921515   55.00    3.00    0.00    1.00   58.00    18  tempo
01:00:51 PM  1000    921535    0.00    0.00    0.00    0.00    0.00    18  pyroscope

01:00:50 PM   UID       PID   cswch/s nvcswch/s  Command
01:00:51 PM  1000    921496      0.00      0.00  run-grafana.sh
01:00:51 PM  1000    921498      0.00      0.00  run-loki.sh
01:00:51 PM  1000    921501      0.00      0.00  grafana
01:00:51 PM  1000    921502      0.00      0.00  run-otelcol.sh
01:00:51 PM  1000    921505      0.00      0.00  run-prometheus.
01:00:51 PM  1000    921507      0.00      0.00  otelcol-contrib
01:00:51 PM  1000    921508      0.00      0.00  run-tempo.sh
01:00:51 PM  1000    921510     35.00      0.00  loki
01:00:51 PM  1000    921511      0.00      0.00  run-pyroscope.s
01:00:51 PM  1000    921512      0.00      0.00  prometheus
01:00:51 PM  1000    921515     95.00     24.00  tempo
01:00:51 PM  1000    921535      0.00      0.00  pyroscope

01:00:51 PM   UID       PID    %usr %system  %guest   %wait    %CPU   CPU  Command
01:00:52 PM  1000    921496    0.00    0.00    0.00    0.00    0.00    20  run-grafana.sh
01:00:52 PM  1000    921498    0.00    0.00    0.00    0.00    0.00    20  run-loki.sh
01:00:52 PM  1000    921501    0.00    0.00    0.00    0.00    0.00    18  grafana
01:00:52 PM  1000    921502    0.00    0.00    0.00    0.00    0.00    18  run-otelcol.sh
01:00:52 PM  1000    921505    0.00    0.00    0.00    0.00    0.00    18  run-prometheus.
01:00:52 PM  1000    921507    9.00    0.00    0.00    0.00    9.00    18  otelcol-contrib
01:00:52 PM  1000    921508    0.00    0.00    0.00    0.00    0.00    18  run-tempo.sh
01:00:52 PM  1000    921510    0.00    0.00    0.00    0.00    0.00    16  loki
01:00:52 PM  1000    921511    0.00    0.00    0.00    0.00    0.00    20  run-pyroscope.s
01:00:52 PM  1000    921512    0.00    0.00    0.00    0.00    0.00    18  prometheus
01:00:52 PM  1000    921515   41.00    0.00    0.00    1.00   41.00    20  tempo
01:00:52 PM  1000    921535    4.00    1.00    0.00    0.00    5.00    18  pyroscope

01:00:51 PM   UID       PID   cswch/s nvcswch/s  Command
01:00:52 PM  1000    921496      0.00      0.00  run-grafana.sh
01:00:52 PM  1000    921498      0.00      0.00  run-loki.sh
01:00:52 PM  1000    921501      0.00      0.00  grafana
01:00:52 PM  1000    921502      0.00      0.00  run-otelcol.sh
01:00:52 PM  1000    921505      0.00      0.00  run-prometheus.
01:00:52 PM  1000    921507      0.00      0.00  otelcol-contrib
01:00:52 PM  1000    921508      0.00      0.00  run-tempo.sh
01:00:52 PM  1000    921510     41.00      0.00  loki
01:00:52 PM  1000    921511      0.00      0.00  run-pyroscope.s
01:00:52 PM  1000    921512      0.00      0.00  prometheus
01:00:52 PM  1000    921515     80.00     13.00  tempo
01:00:52 PM  1000    921535      0.00      0.00  pyroscope

01:00:52 PM   UID       PID    %usr %system  %guest   %wait    %CPU   CPU  Command
01:00:53 PM  1000    921496    0.00    0.00    0.00    0.00    0.00    20  run-grafana.sh
01:00:53 PM  1000    921498    0.00    0.00    0.00    0.00    0.00    20  run-loki.sh
01:00:53 PM  1000    921501    0.00    0.00    0.00    0.00    0.00    18  grafana
01:00:53 PM  1000    921502    0.00    0.00    0.00    0.00    0.00    18  run-otelcol.sh
01:00:53 PM  1000    921505    0.00    0.00    0.00    0.00    0.00    18  run-prometheus.
01:00:53 PM  1000    921507    5.00    0.00    0.00    0.00    5.00    18  otelcol-contrib
01:00:53 PM  1000    921508    0.00    0.00    0.00    0.00    0.00    18  run-tempo.sh
01:00:53 PM  1000    921510    0.00    0.00    0.00    0.00    0.00    20  loki
01:00:53 PM  1000    921511    0.00    0.00    0.00    0.00    0.00    20  run-pyroscope.s
01:00:53 PM  1000    921512    0.00    1.00    0.00    0.00    1.00    18  prometheus
01:00:53 PM  1000    921515   61.00    6.00    0.00    2.00   67.00    20  tempo
01:00:53 PM  1000    921535    2.00    0.00    0.00    0.00    2.00    18  pyroscope

01:00:52 PM   UID       PID   cswch/s nvcswch/s  Command
01:00:53 PM  1000    921496      0.00      0.00  run-grafana.sh
01:00:53 PM  1000    921498      0.00      0.00  run-loki.sh
01:00:53 PM  1000    921501      0.00      0.00  grafana
01:00:53 PM  1000    921502      0.00      0.00  run-otelcol.sh
01:00:53 PM  1000    921505      0.00      0.00  run-prometheus.
01:00:53 PM  1000    921507      0.00      0.00  otelcol-contrib
01:00:53 PM  1000    921508      0.00      0.00  run-tempo.sh
01:00:53 PM  1000    921510     46.00      0.00  loki
01:00:53 PM  1000    921511      0.00      0.00  run-pyroscope.s
01:00:53 PM  1000    921512      0.00      0.00  prometheus
01:00:53 PM  1000    921515    105.00     26.00  tempo
01:00:53 PM  1000    921535      0.00      0.00  pyroscope

01:00:53 PM   UID       PID    %usr %system  %guest   %wait    %CPU   CPU  Command
01:00:54 PM  1000    921496    0.00    0.00    0.00    0.00    0.00    20  run-grafana.sh
01:00:54 PM  1000    921498    0.00    0.00    0.00    0.00    0.00    20  run-loki.sh
01:00:54 PM  1000    921501    0.00    0.00    0.00    0.00    0.00    18  grafana
01:00:54 PM  1000    921502    0.00    0.00    0.00    0.00    0.00    18  run-otelcol.sh
01:00:54 PM  1000    921505    0.00    0.00    0.00    0.00    0.00    18  run-prometheus.
01:00:54 PM  1000    921507    6.00    0.00    0.00    0.00    6.00    18  otelcol-contrib
01:00:54 PM  1000    921508    0.00    0.00    0.00    0.00    0.00    18  run-tempo.sh
01:00:54 PM  1000    921510    1.00    0.00    0.00    0.00    1.00    18  loki
01:00:54 PM  1000    921511    0.00    0.00    0.00    0.00    0.00    20  run-pyroscope.s
01:00:54 PM  1000    921512    0.00    0.00    0.00    0.00    0.00    18  prometheus
01:00:54 PM  1000    921515   22.00    2.00    0.00    0.00   24.00    20  tempo
01:00:54 PM  1000    921535    0.00    0.00    0.00    0.00    0.00    18  pyroscope

01:00:53 PM   UID       PID   cswch/s nvcswch/s  Command
01:00:54 PM  1000    921496      0.00      0.00  run-grafana.sh
01:00:54 PM  1000    921498      0.00      0.00  run-loki.sh
01:00:54 PM  1000    921501      0.00      0.00  grafana
01:00:54 PM  1000    921502      0.00      0.00  run-otelcol.sh
01:00:54 PM  1000    921505      0.00      0.00  run-prometheus.
01:00:54 PM  1000    921507      0.00      0.00  otelcol-contrib
01:00:54 PM  1000    921508      0.00      0.00  run-tempo.sh
01:00:54 PM  1000    921510      6.00      0.00  loki
01:00:54 PM  1000    921511      0.00      0.00  run-pyroscope.s
01:00:54 PM  1000    921512      0.00      0.00  prometheus
01:00:54 PM  1000    921515      0.00      0.00  tempo
01:00:54 PM  1000    921535      0.00      0.00  pyroscope

01:00:54 PM   UID       PID    %usr %system  %guest   %wait    %CPU   CPU  Command
01:00:55 PM  1000    921496    0.00    0.00    0.00    0.00    0.00    20  run-grafana.sh
01:00:55 PM  1000    921498    0.00    0.00    0.00    0.00    0.00    20  run-loki.sh
01:00:55 PM  1000    921501    0.00    0.00    0.00    0.00    0.00    18  grafana
01:00:55 PM  1000    921502    0.00    0.00    0.00    0.00    0.00    18  run-otelcol.sh
01:00:55 PM  1000    921505    0.00    0.00    0.00    0.00    0.00    18  run-prometheus.
01:00:55 PM  1000    921507    8.00    1.00    0.00    0.00    9.00    18  otelcol-contrib
01:00:55 PM  1000    921508    0.00    0.00    0.00    0.00    0.00    18  run-tempo.sh
01:00:55 PM  1000    921510    0.00    0.00    0.00    0.00    0.00    18  loki
01:00:55 PM  1000    921511    0.00    0.00    0.00    0.00    0.00    20  run-pyroscope.s
01:00:55 PM  1000    921512    0.00    0.00    0.00    0.00    0.00    18  prometheus
01:00:55 PM  1000    921515   96.00    3.00    0.00    0.00   99.00    18  tempo
01:00:55 PM  1000    921535    0.00    0.00    0.00    0.00    0.00    18  pyroscope

01:00:54 PM   UID       PID   cswch/s nvcswch/s  Command
01:00:55 PM  1000    921496      0.00      0.00  run-grafana.sh
01:00:55 PM  1000    921498      0.00      0.00  run-loki.sh
01:00:55 PM  1000    921501      0.00      0.00  grafana
01:00:55 PM  1000    921502      0.00      0.00  run-otelcol.sh
01:00:55 PM  1000    921505      0.00      0.00  run-prometheus.
01:00:55 PM  1000    921507      0.00      0.00  otelcol-contrib
01:00:55 PM  1000    921508      0.00      0.00  run-tempo.sh
01:00:55 PM  1000    921510      0.00      0.00  loki
01:00:55 PM  1000    921511      0.00      0.00  run-pyroscope.s
01:00:55 PM  1000    921512      0.00      0.00  prometheus
01:00:55 PM  1000    921515     27.00      3.00  tempo
01:00:55 PM  1000    921535      0.00      0.00  pyroscope

01:00:55 PM   UID       PID    %usr %system  %guest   %wait    %CPU   CPU  Command
01:00:56 PM  1000    921496    0.00    0.00    0.00    0.00    0.00    20  run-grafana.sh
01:00:56 PM  1000    921498    0.00    0.00    0.00    0.00    0.00    20  run-loki.sh
01:00:56 PM  1000    921501    1.00    0.00    0.00    0.00    1.00    18  grafana
01:00:56 PM  1000    921502    0.00    0.00    0.00    0.00    0.00    18  run-otelcol.sh
01:00:56 PM  1000    921505    0.00    0.00    0.00    0.00    0.00    18  run-prometheus.
01:00:56 PM  1000    921507    6.00    0.00    0.00    0.00    6.00    18  otelcol-contrib
01:00:56 PM  1000    921508    0.00    0.00    0.00    0.00    0.00    18  run-tempo.sh
01:00:56 PM  1000    921510    0.00    0.00    0.00    0.00    0.00    18  loki
01:00:56 PM  1000    921511    0.00    0.00    0.00    0.00    0.00    20  run-pyroscope.s
01:00:56 PM  1000    921512    0.00    0.00    0.00    0.00    0.00    18  prometheus
01:00:56 PM  1000    921515   95.00    5.00    0.00    0.00  100.00    18  tempo
01:00:56 PM  1000    921535    1.00    0.00    0.00    0.00    1.00    18  pyroscope

01:00:55 PM   UID       PID   cswch/s nvcswch/s  Command
01:00:56 PM  1000    921496      0.00      0.00  run-grafana.sh
01:00:56 PM  1000    921498      0.00      0.00  run-loki.sh
01:00:56 PM  1000    921501      0.00      0.00  grafana
01:00:56 PM  1000    921502      0.00      0.00  run-otelcol.sh
01:00:56 PM  1000    921505      0.00      0.00  run-prometheus.
01:00:56 PM  1000    921507      0.00      0.00  otelcol-contrib
01:00:56 PM  1000    921508      0.00      0.00  run-tempo.sh
01:00:56 PM  1000    921510      0.00      0.00  loki
01:00:56 PM  1000    921511      0.00      0.00  run-pyroscope.s
01:00:56 PM  1000    921512      0.00      0.00  prometheus
01:00:56 PM  1000    921515     81.00     38.00  tempo
01:00:56 PM  1000    921535      0.00      0.00  pyroscope

01:00:56 PM   UID       PID    %usr %system  %guest   %wait    %CPU   CPU  Command
01:00:57 PM  1000    921496    0.00    0.00    0.00    0.00    0.00    20  run-grafana.sh
01:00:57 PM  1000    921498    0.00    0.00    0.00    0.00    0.00    20  run-loki.sh
01:00:57 PM  1000    921501    0.00    0.00    0.00    0.00    0.00    18  grafana
01:00:57 PM  1000    921502    0.00    0.00    0.00    0.00    0.00    18  run-otelcol.sh
01:00:57 PM  1000    921505    0.00    0.00    0.00    0.00    0.00    18  run-prometheus.
01:00:57 PM  1000    921507    9.00    0.00    0.00    0.00    9.00    18  otelcol-contrib
01:00:57 PM  1000    921508    0.00    0.00    0.00    0.00    0.00    18  run-tempo.sh
01:00:57 PM  1000    921510    1.00    0.00    0.00    0.00    1.00    18  loki
01:00:57 PM  1000    921511    0.00    0.00    0.00    0.00    0.00    20  run-pyroscope.s
01:00:57 PM  1000    921512    0.00    0.00    0.00    0.00    0.00    18  prometheus
01:00:57 PM  1000    921515   23.00    0.00    0.00    0.00   23.00    18  tempo
01:00:57 PM  1000    921535    0.00    0.00    0.00    0.00    0.00    18  pyroscope

01:00:56 PM   UID       PID   cswch/s nvcswch/s  Command
01:00:57 PM  1000    921496      0.00      0.00  run-grafana.sh
01:00:57 PM  1000    921498      0.00      0.00  run-loki.sh
01:00:57 PM  1000    921501      0.00      0.00  grafana
01:00:57 PM  1000    921502      0.00      0.00  run-otelcol.sh
01:00:57 PM  1000    921505      0.00      0.00  run-prometheus.
01:00:57 PM  1000    921507      0.00      0.00  otelcol-contrib
01:00:57 PM  1000    921508      0.00      0.00  run-tempo.sh
01:00:57 PM  1000    921510     43.00      1.00  loki
01:00:57 PM  1000    921511      0.00      0.00  run-pyroscope.s
01:00:57 PM  1000    921512      0.00      0.00  prometheus
01:00:57 PM  1000    921515    108.00      5.00  tempo
01:00:57 PM  1000    921535      0.00      0.00  pyroscope

01:00:57 PM   UID       PID    %usr %system  %guest   %wait    %CPU   CPU  Command
01:00:58 PM  1000    921496    0.00    0.00    0.00    0.00    0.00    20  run-grafana.sh
01:00:58 PM  1000    921498    0.00    0.00    0.00    0.00    0.00    20  run-loki.sh
01:00:58 PM  1000    921501    0.00    0.00    0.00    0.00    0.00    18  grafana
01:00:58 PM  1000    921502    0.00    0.00    0.00    0.00    0.00    18  run-otelcol.sh
01:00:58 PM  1000    921505    0.00    0.00    0.00    0.00    0.00    18  run-prometheus.
01:00:58 PM  1000    921507    6.00    1.00    0.00    0.00    7.00    18  otelcol-contrib
01:00:58 PM  1000    921508    0.00    0.00    0.00    0.00    0.00    18  run-tempo.sh
01:00:58 PM  1000    921510    0.00    0.00    0.00    0.00    0.00    16  loki
01:00:58 PM  1000    921511    0.00    0.00    0.00    0.00    0.00    20  run-pyroscope.s
01:00:58 PM  1000    921512    0.00    0.00    0.00    0.00    0.00    18  prometheus
01:00:58 PM  1000    921515   35.00    3.00    0.00    1.00   38.00    18  tempo
01:00:58 PM  1000    921535    0.00    0.00    0.00    0.00    0.00    18  pyroscope

01:00:57 PM   UID       PID   cswch/s nvcswch/s  Command
01:00:58 PM  1000    921496      0.00      0.00  run-grafana.sh
01:00:58 PM  1000    921498      0.00      0.00  run-loki.sh
01:00:58 PM  1000    921501      0.00      0.00  grafana
01:00:58 PM  1000    921502      0.00      0.00  run-otelcol.sh
01:00:58 PM  1000    921505      0.00      0.00  run-prometheus.
01:00:58 PM  1000    921507      0.00      0.00  otelcol-contrib
01:00:58 PM  1000    921508      0.00      0.00  run-tempo.sh
01:00:58 PM  1000    921510     54.00      0.00  loki
01:00:58 PM  1000    921511      0.00      0.00  run-pyroscope.s
01:00:58 PM  1000    921512      0.00      0.00  prometheus
01:00:58 PM  1000    921515     43.00     16.00  tempo
01:00:58 PM  1000    921535      0.00      0.00  pyroscope

01:00:58 PM   UID       PID    %usr %system  %guest   %wait    %CPU   CPU  Command
01:00:59 PM  1000    921496    0.00    0.00    0.00    0.00    0.00    20  run-grafana.sh
01:00:59 PM  1000    921498    0.00    0.00    0.00    0.00    0.00    20  run-loki.sh
01:00:59 PM  1000    921501    2.00    0.00    0.00    0.00    2.00    18  grafana
01:00:59 PM  1000    921502    0.00    0.00    0.00    0.00    0.00    18  run-otelcol.sh
01:00:59 PM  1000    921505    0.00    0.00    0.00    0.00    0.00    18  run-prometheus.
01:00:59 PM  1000    921507    8.00    0.00    0.00    0.00    8.00    18  otelcol-contrib
01:00:59 PM  1000    921508    0.00    0.00    0.00    0.00    0.00    18  run-tempo.sh
01:00:59 PM  1000    921510    0.00    0.00    0.00    0.00    0.00    16  loki
01:00:59 PM  1000    921511    0.00    0.00    0.00    0.00    0.00    20  run-pyroscope.s
01:00:59 PM  1000    921512    1.00    0.00    0.00    0.00    1.00    18  prometheus
01:00:59 PM  1000    921515   36.00    1.00    0.00    0.00   37.00    16  tempo
01:00:59 PM  1000    921535    0.00    0.00    0.00    0.00    0.00    18  pyroscope

01:00:58 PM   UID       PID   cswch/s nvcswch/s  Command
01:00:59 PM  1000    921496      0.00      0.00  run-grafana.sh
01:00:59 PM  1000    921498      0.00      0.00  run-loki.sh
01:00:59 PM  1000    921501      0.00      0.00  grafana
01:00:59 PM  1000    921502      0.00      0.00  run-otelcol.sh
01:00:59 PM  1000    921505      0.00      0.00  run-prometheus.
01:00:59 PM  1000    921507      0.00      0.00  otelcol-contrib
01:00:59 PM  1000    921508      0.00      0.00  run-tempo.sh
01:00:59 PM  1000    921510     27.00      0.00  loki
01:00:59 PM  1000    921511      0.00      0.00  run-pyroscope.s
01:00:59 PM  1000    921512      0.00      0.00  prometheus
01:00:59 PM  1000    921515     78.00      1.00  tempo
01:00:59 PM  1000    921535      0.00      0.00  pyroscope

01:00:59 PM   UID       PID    %usr %system  %guest   %wait    %CPU   CPU  Command
01:01:00 PM  1000    921496    0.00    0.00    0.00    0.00    0.00    20  run-grafana.sh
01:01:00 PM  1000    921498    0.00    0.00    0.00    0.00    0.00    20  run-loki.sh
01:01:00 PM  1000    921501    0.00    0.00    0.00    0.00    0.00    18  grafana
01:01:00 PM  1000    921502    0.00    0.00    0.00    0.00    0.00    18  run-otelcol.sh
01:01:00 PM  1000    921505    0.00    0.00    0.00    0.00    0.00    18  run-prometheus.
01:01:00 PM  1000    921507    6.00    0.00    0.00    0.00    6.00    18  otelcol-contrib
01:01:00 PM  1000    921508    0.00    0.00    0.00    0.00    0.00    18  run-tempo.sh
01:01:00 PM  1000    921510    0.00    0.00    0.00    0.00    0.00    18  loki
01:01:00 PM  1000    921511    0.00    0.00    0.00    0.00    0.00    20  run-pyroscope.s
01:01:00 PM  1000    921512    0.00    0.00    0.00    0.00    0.00    18  prometheus
01:01:00 PM  1000    921515   38.00    1.00    0.00    0.00   39.00    18  tempo
01:01:00 PM  1000    921535    1.00    0.00    0.00    0.00    1.00    18  pyroscope

01:00:59 PM   UID       PID   cswch/s nvcswch/s  Command
01:01:00 PM  1000    921496      0.00      0.00  run-grafana.sh
01:01:00 PM  1000    921498      0.00      0.00  run-loki.sh
01:01:00 PM  1000    921501      0.00      0.00  grafana
01:01:00 PM  1000    921502      0.00      0.00  run-otelcol.sh
01:01:00 PM  1000    921505      0.00      0.00  run-prometheus.
01:01:00 PM  1000    921507      0.00      0.00  otelcol-contrib
01:01:00 PM  1000    921508      0.00      0.00  run-tempo.sh
01:01:00 PM  1000    921510     43.00      0.00  loki
01:01:00 PM  1000    921511      0.00      0.00  run-pyroscope.s
01:01:00 PM  1000    921512      0.00      0.00  prometheus
01:01:00 PM  1000    921515     88.00     10.00  tempo
01:01:00 PM  1000    921535      0.00      0.00  pyroscope

01:01:00 PM   UID       PID    %usr %system  %guest   %wait    %CPU   CPU  Command
01:01:01 PM  1000    921496    0.00    0.00    0.00    0.00    0.00    20  run-grafana.sh
01:01:01 PM  1000    921498    0.00    0.00    0.00    0.00    0.00    20  run-loki.sh
01:01:01 PM  1000    921501    0.00    0.00    0.00    0.00    0.00    18  grafana
01:01:01 PM  1000    921502    0.00    0.00    0.00    0.00    0.00    18  run-otelcol.sh
01:01:01 PM  1000    921505    0.00    0.00    0.00    0.00    0.00    18  run-prometheus.
01:01:01 PM  1000    921507    6.00    1.00    0.00    0.00    7.00    18  otelcol-contrib
01:01:01 PM  1000    921508    0.00    0.00    0.00    0.00    0.00    18  run-tempo.sh
01:01:01 PM  1000    921510    1.00    0.00    0.00    0.00    1.00    18  loki
01:01:01 PM  1000    921511    0.00    0.00    0.00    0.00    0.00    20  run-pyroscope.s
01:01:01 PM  1000    921512    0.00    0.00    0.00    0.00    0.00    18  prometheus
01:01:01 PM  1000    921515   40.00    1.00    0.00    0.00   41.00    20  tempo
01:01:01 PM  1000    921535    0.00    0.00    0.00    0.00    0.00    18  pyroscope

01:01:00 PM   UID       PID   cswch/s nvcswch/s  Command
01:01:01 PM  1000    921496      0.00      0.00  run-grafana.sh
01:01:01 PM  1000    921498      0.00      0.00  run-loki.sh
01:01:01 PM  1000    921501      0.00      0.00  grafana
01:01:01 PM  1000    921502      0.00      0.00  run-otelcol.sh
01:01:01 PM  1000    921505      0.00      0.00  run-prometheus.
01:01:01 PM  1000    921507      0.00      0.00  otelcol-contrib
01:01:01 PM  1000    921508      0.00      0.00  run-tempo.sh
01:01:01 PM  1000    921510     35.00      0.00  loki
01:01:01 PM  1000    921511      0.00      0.00  run-pyroscope.s
01:01:01 PM  1000    921512      0.00      0.00  prometheus
01:01:01 PM  1000    921515     10.00      2.00  tempo
01:01:01 PM  1000    921535      0.00      0.00  pyroscope

01:01:01 PM   UID       PID    %usr %system  %guest   %wait    %CPU   CPU  Command
01:01:02 PM  1000    921496    0.00    0.00    0.00    0.00    0.00    20  run-grafana.sh
01:01:02 PM  1000    921498    0.00    0.00    0.00    0.00    0.00    20  run-loki.sh
01:01:02 PM  1000    921501    0.00    1.00    0.00    0.00    1.00    18  grafana
01:01:02 PM  1000    921502    0.00    0.00    0.00    0.00    0.00    18  run-otelcol.sh
01:01:02 PM  1000    921505    0.00    0.00    0.00    0.00    0.00    18  run-prometheus.
01:01:02 PM  1000    921507    9.00    0.00    0.00    0.00    9.00    18  otelcol-contrib
01:01:02 PM  1000    921508    0.00    0.00    0.00    0.00    0.00    18  run-tempo.sh
01:01:02 PM  1000    921510    0.00    0.00    0.00    0.00    0.00    18  loki
01:01:02 PM  1000    921511    0.00    0.00    0.00    0.00    0.00    20  run-pyroscope.s
01:01:02 PM  1000    921512    0.00    0.00    0.00    0.00    0.00    18  prometheus
01:01:02 PM  1000    921515   51.00    4.00    0.00    0.00   55.00    20  tempo
01:01:02 PM  1000    921535    0.00    0.00    0.00    0.00    0.00    18  pyroscope

01:01:01 PM   UID       PID   cswch/s nvcswch/s  Command
01:01:02 PM  1000    921496      0.00      0.00  run-grafana.sh
01:01:02 PM  1000    921498      0.00      0.00  run-loki.sh
01:01:02 PM  1000    921501      0.00      0.00  grafana
01:01:02 PM  1000    921502      0.00      0.00  run-otelcol.sh
01:01:02 PM  1000    921505      0.00      0.00  run-prometheus.
01:01:02 PM  1000    921507      0.00      0.00  otelcol-contrib
01:01:02 PM  1000    921508      0.00      0.00  run-tempo.sh
01:01:02 PM  1000    921510     39.00      0.00  loki
01:01:02 PM  1000    921511      0.00      0.00  run-pyroscope.s
01:01:02 PM  1000    921512      0.00      0.00  prometheus
01:01:02 PM  1000    921515      0.00      0.00  tempo
01:01:02 PM  1000    921535      0.00      0.00  pyroscope

01:01:02 PM   UID       PID    %usr %system  %guest   %wait    %CPU   CPU  Command
01:01:03 PM  1000    921496    0.00    0.00    0.00    0.00    0.00    20  run-grafana.sh
01:01:03 PM  1000    921498    0.00    0.00    0.00    0.00    0.00    20  run-loki.sh
01:01:03 PM  1000    921501    0.00    0.00    0.00    0.00    0.00    18  grafana
01:01:03 PM  1000    921502    0.00    0.00    0.00    0.00    0.00    18  run-otelcol.sh
01:01:03 PM  1000    921505    0.00    0.00    0.00    0.00    0.00    18  run-prometheus.
01:01:03 PM  1000    921507    5.00    0.00    0.00    0.00    5.00    18  otelcol-contrib
01:01:03 PM  1000    921508    0.00    0.00    0.00    0.00    0.00    18  run-tempo.sh
01:01:03 PM  1000    921510    0.00    0.00    0.00    0.00    0.00    18  loki
01:01:03 PM  1000    921511    0.00    0.00    0.00    0.00    0.00    20  run-pyroscope.s
01:01:03 PM  1000    921512    0.00    0.00    0.00    0.00    0.00    18  prometheus
01:01:03 PM  1000    921515  108.00   19.00    0.00    0.00  127.00    20  tempo
01:01:03 PM  1000    921535    0.00    0.00    0.00    0.00    0.00    18  pyroscope

01:01:02 PM   UID       PID   cswch/s nvcswch/s  Command
01:01:03 PM  1000    921496      0.00      0.00  run-grafana.sh
01:01:03 PM  1000    921498      0.00      0.00  run-loki.sh
01:01:03 PM  1000    921501      0.00      0.00  grafana
01:01:03 PM  1000    921502      0.00      0.00  run-otelcol.sh
01:01:03 PM  1000    921505      0.00      0.00  run-prometheus.
01:01:03 PM  1000    921507      0.00      0.00  otelcol-contrib
01:01:03 PM  1000    921508      0.00      0.00  run-tempo.sh
01:01:03 PM  1000    921510     62.00      0.00  loki
01:01:03 PM  1000    921511      0.00      0.00  run-pyroscope.s
01:01:03 PM  1000    921512      0.00      0.00  prometheus
01:01:03 PM  1000    921515      0.00      0.00  tempo
01:01:03 PM  1000    921535      0.00      0.00  pyroscope

01:01:03 PM   UID       PID    %usr %system  %guest   %wait    %CPU   CPU  Command
01:01:04 PM  1000    921496    0.00    0.00    0.00    0.00    0.00    20  run-grafana.sh
01:01:04 PM  1000    921498    0.00    0.00    0.00    0.00    0.00    20  run-loki.sh
01:01:04 PM  1000    921501    1.00    0.00    0.00    0.00    1.00    18  grafana
01:01:04 PM  1000    921502    0.00    0.00    0.00    0.00    0.00    18  run-otelcol.sh
01:01:04 PM  1000    921505    0.00    0.00    0.00    0.00    0.00    18  run-prometheus.
01:01:04 PM  1000    921507    8.00    0.00    0.00    0.00    8.00    18  otelcol-contrib
01:01:04 PM  1000    921508    0.00    0.00    0.00    0.00    0.00    18  run-tempo.sh
01:01:04 PM  1000    921510    0.00    0.00    0.00    0.00    0.00    20  loki
01:01:04 PM  1000    921511    0.00    0.00    0.00    0.00    0.00    20  run-pyroscope.s
01:01:04 PM  1000    921512    0.00    0.00    0.00    0.00    0.00    18  prometheus
01:01:04 PM  1000    921515   49.00    3.00    0.00    0.00   52.00    20  tempo
01:01:04 PM  1000    921535    0.00    0.00    0.00    0.00    0.00    18  pyroscope

01:01:03 PM   UID       PID   cswch/s nvcswch/s  Command
01:01:04 PM  1000    921496      0.00      0.00  run-grafana.sh
01:01:04 PM  1000    921498      0.00      0.00  run-loki.sh
01:01:04 PM  1000    921501      0.00      0.00  grafana
01:01:04 PM  1000    921502      0.00      0.00  run-otelcol.sh
01:01:04 PM  1000    921505      0.00      0.00  run-prometheus.
01:01:04 PM  1000    921507      0.00      0.00  otelcol-contrib
01:01:04 PM  1000    921508      0.00      0.00  run-tempo.sh
01:01:04 PM  1000    921510     41.00      0.00  loki
01:01:04 PM  1000    921511      0.00      0.00  run-pyroscope.s
01:01:04 PM  1000    921512      0.00      0.00  prometheus
01:01:04 PM  1000    921515      0.00      0.00  tempo
01:01:04 PM  1000    921535      0.00      0.00  pyroscope

01:01:04 PM   UID       PID    %usr %system  %guest   %wait    %CPU   CPU  Command
01:01:05 PM  1000    921496    0.00    0.00    0.00    0.00    0.00    20  run-grafana.sh
01:01:05 PM  1000    921498    0.00    0.00    0.00    0.00    0.00    20  run-loki.sh
01:01:05 PM  1000    921501    0.00    0.00    0.00    0.00    0.00    18  grafana
01:01:05 PM  1000    921502    0.00    0.00    0.00    0.00    0.00    18  run-otelcol.sh
01:01:05 PM  1000    921505    0.00    0.00    0.00    0.00    0.00    18  run-prometheus.
01:01:05 PM  1000    921507    6.00    1.00    0.00    0.00    7.00    18  otelcol-contrib
01:01:05 PM  1000    921508    0.00    0.00    0.00    0.00    0.00    18  run-tempo.sh
01:01:05 PM  1000    921510    1.00    0.00    0.00    0.00    1.00    18  loki
01:01:05 PM  1000    921511    0.00    0.00    0.00    0.00    0.00    20  run-pyroscope.s
01:01:05 PM  1000    921512    0.00    0.00    0.00    0.00    0.00    18  prometheus
01:01:05 PM  1000    921515   25.00    0.00    0.00    0.00   25.00    18  tempo
01:01:05 PM  1000    921535    1.00    0.00    0.00    0.00    1.00    18  pyroscope

01:01:04 PM   UID       PID   cswch/s nvcswch/s  Command
01:01:05 PM  1000    921496      0.00      0.00  run-grafana.sh
01:01:05 PM  1000    921498      0.00      0.00  run-loki.sh
01:01:05 PM  1000    921501      0.00      0.00  grafana
01:01:05 PM  1000    921502      0.00      0.00  run-otelcol.sh
01:01:05 PM  1000    921505      0.00      0.00  run-prometheus.
01:01:05 PM  1000    921507      0.00      0.00  otelcol-contrib
01:01:05 PM  1000    921508      0.00      0.00  run-tempo.sh
01:01:05 PM  1000    921510     44.00      0.00  loki
01:01:05 PM  1000    921511      0.00      0.00  run-pyroscope.s
01:01:05 PM  1000    921512      0.00      0.00  prometheus
01:01:05 PM  1000    921515     25.00     19.00  tempo
01:01:05 PM  1000    921535      0.00      0.00  pyroscope

01:01:05 PM   UID       PID    %usr %system  %guest   %wait    %CPU   CPU  Command
01:01:06 PM  1000    921496    0.00    0.00    0.00    0.00    0.00    20  run-grafana.sh
01:01:06 PM  1000    921498    0.00    0.00    0.00    0.00    0.00    20  run-loki.sh
01:01:06 PM  1000    921501    0.00    0.00    0.00    0.00    0.00    18  grafana
01:01:06 PM  1000    921502    0.00    0.00    0.00    0.00    0.00    18  run-otelcol.sh
01:01:06 PM  1000    921505    0.00    0.00    0.00    0.00    0.00    18  run-prometheus.
01:01:06 PM  1000    921507    7.00    0.00    0.00    0.00    7.00    18  otelcol-contrib
01:01:06 PM  1000    921508    0.00    0.00    0.00    0.00    0.00    18  run-tempo.sh
01:01:06 PM  1000    921510    0.00    0.00    0.00    0.00    0.00    20  loki
01:01:06 PM  1000    921511    0.00    0.00    0.00    0.00    0.00    20  run-pyroscope.s
01:01:06 PM  1000    921512    0.00    0.00    0.00    0.00    0.00    18  prometheus
01:01:06 PM  1000    921515  114.00    2.00    0.00    0.00  116.00    18  tempo
01:01:06 PM  1000    921535    0.00    0.00    0.00    0.00    0.00    18  pyroscope

01:01:05 PM   UID       PID   cswch/s nvcswch/s  Command
01:01:06 PM  1000    921496      0.00      0.00  run-grafana.sh
01:01:06 PM  1000    921498      0.00      0.00  run-loki.sh
01:01:06 PM  1000    921501      0.00      0.00  grafana
01:01:06 PM  1000    921502      0.00      0.00  run-otelcol.sh
01:01:06 PM  1000    921505      0.00      0.00  run-prometheus.
01:01:06 PM  1000    921507      0.00      0.00  otelcol-contrib
01:01:06 PM  1000    921508      0.00      0.00  run-tempo.sh
01:01:06 PM  1000    921510     32.00      0.00  loki
01:01:06 PM  1000    921511      0.00      0.00  run-pyroscope.s
01:01:06 PM  1000    921512      0.00      0.00  prometheus
01:01:06 PM  1000    921515    103.00     25.00  tempo
01:01:06 PM  1000    921535      0.00      0.00  pyroscope

01:01:06 PM   UID       PID    %usr %system  %guest   %wait    %CPU   CPU  Command
01:01:07 PM  1000    921496    0.00    0.00    0.00    0.00    0.00    20  run-grafana.sh
01:01:07 PM  1000    921498    0.00    0.00    0.00    0.00    0.00    20  run-loki.sh
01:01:07 PM  1000    921501    0.00    0.00    0.00    0.00    0.00    18  grafana
01:01:07 PM  1000    921502    0.00    0.00    0.00    0.00    0.00    18  run-otelcol.sh
01:01:07 PM  1000    921505    0.00    0.00    0.00    0.00    0.00    18  run-prometheus.
01:01:07 PM  1000    921507    6.00    1.00    0.00    0.00    7.00    18  otelcol-contrib
01:01:07 PM  1000    921508    0.00    0.00    0.00    0.00    0.00    18  run-tempo.sh
01:01:07 PM  1000    921510    0.00    0.00    0.00    0.00    0.00    18  loki
01:01:07 PM  1000    921511    0.00    0.00    0.00    0.00    0.00    20  run-pyroscope.s
01:01:07 PM  1000    921512    0.00    0.00    0.00    0.00    0.00    18  prometheus
01:01:07 PM  1000    921515   81.00    1.00    0.00    0.00   82.00    18  tempo
01:01:07 PM  1000    921535    3.00    1.00    0.00    0.00    4.00    18  pyroscope

01:01:06 PM   UID       PID   cswch/s nvcswch/s  Command
01:01:07 PM  1000    921496      0.00      0.00  run-grafana.sh
01:01:07 PM  1000    921498      0.00      0.00  run-loki.sh
01:01:07 PM  1000    921501      0.00      0.00  grafana
01:01:07 PM  1000    921502      0.00      0.00  run-otelcol.sh
01:01:07 PM  1000    921505      0.00      0.00  run-prometheus.
01:01:07 PM  1000    921507      0.00      0.00  otelcol-contrib
01:01:07 PM  1000    921508      0.00      0.00  run-tempo.sh
01:01:07 PM  1000    921510     48.00      1.00  loki
01:01:07 PM  1000    921511      0.00      0.00  run-pyroscope.s
01:01:07 PM  1000    921512      0.00      0.00  prometheus
01:01:07 PM  1000    921515     79.00      8.00  tempo
01:01:07 PM  1000    921535      0.00      0.00  pyroscope

01:01:07 PM   UID       PID    %usr %system  %guest   %wait    %CPU   CPU  Command
01:01:08 PM  1000    921496    0.00    0.00    0.00    0.00    0.00    20  run-grafana.sh
01:01:08 PM  1000    921498    0.00    0.00    0.00    0.00    0.00    20  run-loki.sh
01:01:08 PM  1000    921501    0.00    0.00    0.00    0.00    0.00    18  grafana
01:01:08 PM  1000    921502    0.00    0.00    0.00    0.00    0.00    18  run-otelcol.sh
01:01:08 PM  1000    921505    0.00    0.00    0.00    0.00    0.00    18  run-prometheus.
01:01:08 PM  1000    921507    6.00    0.00    0.00    0.00    6.00    18  otelcol-contrib
01:01:08 PM  1000    921508    0.00    0.00    0.00    0.00    0.00    18  run-tempo.sh
01:01:08 PM  1000    921510    0.00    1.00    0.00    0.00    1.00    18  loki
01:01:08 PM  1000    921511    0.00    0.00    0.00    0.00    0.00    20  run-pyroscope.s
01:01:08 PM  1000    921512    1.00    0.00    0.00    0.00    1.00    18  prometheus
01:01:08 PM  1000    921515   58.00    4.00    0.00    1.00   62.00    18  tempo
01:01:08 PM  1000    921535    0.00    0.00    0.00    0.00    0.00    18  pyroscope

01:01:07 PM   UID       PID   cswch/s nvcswch/s  Command
01:01:08 PM  1000    921496      0.00      0.00  run-grafana.sh
01:01:08 PM  1000    921498      0.00      0.00  run-loki.sh
01:01:08 PM  1000    921501      0.00      0.00  grafana
01:01:08 PM  1000    921502      0.00      0.00  run-otelcol.sh
01:01:08 PM  1000    921505      0.00      0.00  run-prometheus.
01:01:08 PM  1000    921507      0.00      0.00  otelcol-contrib
01:01:08 PM  1000    921508      0.00      0.00  run-tempo.sh
01:01:08 PM  1000    921510     50.00      0.00  loki
01:01:08 PM  1000    921511      0.00      0.00  run-pyroscope.s
01:01:08 PM  1000    921512      0.00      0.00  prometheus
01:01:08 PM  1000    921515     95.00      4.00  tempo
01:01:08 PM  1000    921535      0.00      0.00  pyroscope

01:01:08 PM   UID       PID    %usr %system  %guest   %wait    %CPU   CPU  Command
01:01:09 PM  1000    921496    0.00    0.00    0.00    0.00    0.00    20  run-grafana.sh
01:01:09 PM  1000    921498    0.00    0.00    0.00    0.00    0.00    20  run-loki.sh
01:01:09 PM  1000    921501    2.00    0.00    0.00    0.00    2.00    18  grafana
01:01:09 PM  1000    921502    0.00    0.00    0.00    0.00    0.00    18  run-otelcol.sh
01:01:09 PM  1000    921505    0.00    0.00    0.00    0.00    0.00    18  run-prometheus.
01:01:09 PM  1000    921507    9.00    0.00    0.00    0.00    9.00    18  otelcol-contrib
01:01:09 PM  1000    921508    0.00    0.00    0.00    0.00    0.00    18  run-tempo.sh
01:01:09 PM  1000    921510    1.00    0.00    0.00    0.00    1.00    18  loki
01:01:09 PM  1000    921511    0.00    0.00    0.00    0.00    0.00    20  run-pyroscope.s
01:01:09 PM  1000    921512    0.00    0.00    0.00    0.00    0.00    18  prometheus
01:01:09 PM  1000    921515  109.00    4.00    0.00    1.00  113.00    20  tempo
01:01:09 PM  1000    921535    1.00    0.00    0.00    0.00    1.00    18  pyroscope

01:01:08 PM   UID       PID   cswch/s nvcswch/s  Command
01:01:09 PM  1000    921496      0.00      0.00  run-grafana.sh
01:01:09 PM  1000    921498      0.00      0.00  run-loki.sh
01:01:09 PM  1000    921501      0.00      0.00  grafana
01:01:09 PM  1000    921502      0.00      0.00  run-otelcol.sh
01:01:09 PM  1000    921505      0.00      0.00  run-prometheus.
01:01:09 PM  1000    921507      0.00      0.00  otelcol-contrib
01:01:09 PM  1000    921508      0.00      0.00  run-tempo.sh
01:01:09 PM  1000    921510     42.00      0.00  loki
01:01:09 PM  1000    921511      0.00      0.00  run-pyroscope.s
01:01:09 PM  1000    921512      0.00      0.00  prometheus
01:01:09 PM  1000    921515     74.00     77.00  tempo
01:01:09 PM  1000    921535      0.00      0.00  pyroscope

01:01:09 PM   UID       PID    %usr %system  %guest   %wait    %CPU   CPU  Command
01:01:10 PM  1000    921496    0.00    0.00    0.00    0.00    0.00    20  run-grafana.sh
01:01:10 PM  1000    921498    0.00    0.00    0.00    0.00    0.00    20  run-loki.sh
01:01:10 PM  1000    921501    1.00    0.00    0.00    0.00    1.00    18  grafana
01:01:10 PM  1000    921502    0.00    0.00    0.00    0.00    0.00    18  run-otelcol.sh
01:01:10 PM  1000    921505    0.00    0.00    0.00    0.00    0.00    18  run-prometheus.
01:01:10 PM  1000    921507    5.00    1.00    0.00    0.00    6.00    18  otelcol-contrib
01:01:10 PM  1000    921508    0.00    0.00    0.00    0.00    0.00    18  run-tempo.sh
01:01:10 PM  1000    921510    0.00    0.00    0.00    0.00    0.00    16  loki
01:01:10 PM  1000    921511    0.00    0.00    0.00    0.00    0.00    20  run-pyroscope.s
01:01:10 PM  1000    921512    0.00    0.00    0.00    0.00    0.00    18  prometheus
01:01:10 PM  1000    921515   22.00    1.00    0.00    1.00   23.00    16  tempo
01:01:10 PM  1000    921535    0.00    0.00    0.00    0.00    0.00    18  pyroscope

01:01:09 PM   UID       PID   cswch/s nvcswch/s  Command
01:01:10 PM  1000    921496      0.00      0.00  run-grafana.sh
01:01:10 PM  1000    921498      0.00      0.00  run-loki.sh
01:01:10 PM  1000    921501      0.00      0.00  grafana
01:01:10 PM  1000    921502      0.00      0.00  run-otelcol.sh
01:01:10 PM  1000    921505      0.00      0.00  run-prometheus.
01:01:10 PM  1000    921507      0.00      0.00  otelcol-contrib
01:01:10 PM  1000    921508      0.00      0.00  run-tempo.sh
01:01:10 PM  1000    921510      2.00      0.00  loki
01:01:10 PM  1000    921511      0.00      0.00  run-pyroscope.s
01:01:10 PM  1000    921512      0.00      0.00  prometheus
01:01:10 PM  1000    921515     91.00      4.00  tempo
01:01:10 PM  1000    921535      0.00      0.00  pyroscope

01:01:10 PM   UID       PID    %usr %system  %guest   %wait    %CPU   CPU  Command
01:01:11 PM  1000    921496    0.00    0.00    0.00    0.00    0.00    20  run-grafana.sh
01:01:11 PM  1000    921498    0.00    0.00    0.00    0.00    0.00    20  run-loki.sh
01:01:11 PM  1000    921501    1.00    0.00    0.00    0.00    1.00    18  grafana
01:01:11 PM  1000    921502    0.00    0.00    0.00    0.00    0.00    18  run-otelcol.sh
01:01:11 PM  1000    921505    0.00    0.00    0.00    0.00    0.00    18  run-prometheus.
01:01:11 PM  1000    921507    7.00    1.00    0.00    0.00    8.00    18  otelcol-contrib
01:01:11 PM  1000    921508    0.00    0.00    0.00    0.00    0.00    18  run-tempo.sh
01:01:11 PM  1000    921510    0.00    0.00    0.00    0.00    0.00    16  loki
01:01:11 PM  1000    921511    0.00    0.00    0.00    0.00    0.00    20  run-pyroscope.s
01:01:11 PM  1000    921512    0.00    0.00    0.00    0.00    0.00    18  prometheus
01:01:11 PM  1000    921515   48.00    1.00    0.00    0.00   49.00    20  tempo
01:01:11 PM  1000    921535    0.00    0.00    0.00    0.00    0.00    18  pyroscope

01:01:10 PM   UID       PID   cswch/s nvcswch/s  Command
01:01:11 PM  1000    921496      0.00      0.00  run-grafana.sh
01:01:11 PM  1000    921498      0.00      0.00  run-loki.sh
01:01:11 PM  1000    921501      0.00      0.00  grafana
01:01:11 PM  1000    921502      0.00      0.00  run-otelcol.sh
01:01:11 PM  1000    921505      0.00      0.00  run-prometheus.
01:01:11 PM  1000    921507      0.00      0.00  otelcol-contrib
01:01:11 PM  1000    921508      0.00      0.00  run-tempo.sh
01:01:11 PM  1000    921510     16.00      0.00  loki
01:01:11 PM  1000    921511      0.00      0.00  run-pyroscope.s
01:01:11 PM  1000    921512      0.00      0.00  prometheus
01:01:11 PM  1000    921515    121.00     24.00  tempo
01:01:11 PM  1000    921535      0.00      0.00  pyroscope

01:01:11 PM   UID       PID    %usr %system  %guest   %wait    %CPU   CPU  Command
01:01:12 PM  1000    921496    0.00    0.00    0.00    0.00    0.00    20  run-grafana.sh
01:01:12 PM  1000    921498    0.00    0.00    0.00    0.00    0.00    20  run-loki.sh
01:01:12 PM  1000    921501    0.00    0.00    0.00    0.00    0.00    18  grafana
01:01:12 PM  1000    921502    0.00    0.00    0.00    0.00    0.00    18  run-otelcol.sh
01:01:12 PM  1000    921505    0.00    0.00    0.00    0.00    0.00    18  run-prometheus.
01:01:12 PM  1000    921507    1.00    0.00    0.00    0.00    1.00    18  otelcol-contrib
01:01:12 PM  1000    921508    0.00    0.00    0.00    0.00    0.00    18  run-tempo.sh
01:01:12 PM  1000    921510    0.00    0.00    0.00    0.00    0.00    18  loki
01:01:12 PM  1000    921511    0.00    0.00    0.00    0.00    0.00    20  run-pyroscope.s
01:01:12 PM  1000    921512    0.00    0.00    0.00    0.00    0.00    18  prometheus
01:01:12 PM  1000    921515   47.00    3.00    0.00    0.00   50.00    18  tempo
01:01:12 PM  1000    921535    0.00    0.00    0.00    0.00    0.00    18  pyroscope

01:01:11 PM   UID       PID   cswch/s nvcswch/s  Command
01:01:12 PM  1000    921496      0.00      0.00  run-grafana.sh
01:01:12 PM  1000    921498      0.00      0.00  run-loki.sh
01:01:12 PM  1000    921501      0.00      0.00  grafana
01:01:12 PM  1000    921502      0.00      0.00  run-otelcol.sh
01:01:12 PM  1000    921505      0.00      0.00  run-prometheus.
01:01:12 PM  1000    921507      0.00      0.00  otelcol-contrib
01:01:12 PM  1000    921508      0.00      0.00  run-tempo.sh
01:01:12 PM  1000    921510     50.00      0.00  loki
01:01:12 PM  1000    921511      0.00      0.00  run-pyroscope.s
01:01:12 PM  1000    921512      0.00      0.00  prometheus
01:01:12 PM  1000    921515     50.00      0.00  tempo
01:01:12 PM  1000    921535      0.00      0.00  pyroscope

01:01:12 PM   UID       PID    %usr %system  %guest   %wait    %CPU   CPU  Command
01:01:13 PM  1000    921496    0.00    0.00    0.00    0.00    0.00    20  run-grafana.sh
01:01:13 PM  1000    921498    0.00    0.00    0.00    0.00    0.00    20  run-loki.sh
01:01:13 PM  1000    921501    0.00    0.00    0.00    0.00    0.00    18  grafana
01:01:13 PM  1000    921502    0.00    0.00    0.00    0.00    0.00    18  run-otelcol.sh
01:01:13 PM  1000    921505    0.00    0.00    0.00    0.00    0.00    18  run-prometheus.
01:01:13 PM  1000    921507    0.00    0.00    0.00    0.00    0.00    18  otelcol-contrib
01:01:13 PM  1000    921508    0.00    0.00    0.00    0.00    0.00    18  run-tempo.sh
01:01:13 PM  1000    921510    1.00    0.00    0.00    0.00    1.00    20  loki
01:01:13 PM  1000    921511    0.00    0.00    0.00    0.00    0.00    20  run-pyroscope.s
01:01:13 PM  1000    921512    0.00    0.00    0.00    0.00    0.00    18  prometheus
01:01:13 PM  1000    921515    8.00    1.00    0.00    0.00    9.00    18  tempo
01:01:13 PM  1000    921535    0.00    0.00    0.00    0.00    0.00    18  pyroscope

01:01:12 PM   UID       PID   cswch/s nvcswch/s  Command
01:01:13 PM  1000    921496      0.00      0.00  run-grafana.sh
01:01:13 PM  1000    921498      0.00      0.00  run-loki.sh
01:01:13 PM  1000    921501      0.00      0.00  grafana
01:01:13 PM  1000    921502      0.00      0.00  run-otelcol.sh
01:01:13 PM  1000    921505      0.00      0.00  run-prometheus.
01:01:13 PM  1000    921507      0.00      0.00  otelcol-contrib
01:01:13 PM  1000    921508      0.00      0.00  run-tempo.sh
01:01:13 PM  1000    921510     47.00      0.00  loki
01:01:13 PM  1000    921511      0.00      0.00  run-pyroscope.s
01:01:13 PM  1000    921512      0.00      0.00  prometheus
01:01:13 PM  1000    921515     36.00      0.00  tempo
01:01:13 PM  1000    921535      0.00      0.00  pyroscope

01:01:13 PM   UID       PID    %usr %system  %guest   %wait    %CPU   CPU  Command
01:01:14 PM  1000    921496    0.00    0.00    0.00    0.00    0.00    20  run-grafana.sh
01:01:14 PM  1000    921498    0.00    0.00    0.00    0.00    0.00    20  run-loki.sh
01:01:14 PM  1000    921501    0.00    0.00    0.00    0.00    0.00    18  grafana
01:01:14 PM  1000    921502    0.00    0.00    0.00    0.00    0.00    18  run-otelcol.sh
01:01:14 PM  1000    921505    0.00    0.00    0.00    0.00    0.00    18  run-prometheus.
01:01:14 PM  1000    921507    1.00    0.00    0.00    0.00    1.00    18  otelcol-contrib
01:01:14 PM  1000    921508    0.00    0.00    0.00    0.00    0.00    18  run-tempo.sh
01:01:14 PM  1000    921510    0.00    0.00    0.00    0.00    0.00    20  loki
01:01:14 PM  1000    921511    0.00    0.00    0.00    0.00    0.00    20  run-pyroscope.s
01:01:14 PM  1000    921512    0.00    0.00    0.00    0.00    0.00    18  prometheus
01:01:14 PM  1000    921515    1.00    0.00    0.00    0.00    1.00    18  tempo
01:01:14 PM  1000    921535    0.00    0.00    0.00    0.00    0.00    18  pyroscope

01:01:13 PM   UID       PID   cswch/s nvcswch/s  Command
01:01:14 PM  1000    921496      0.00      0.00  run-grafana.sh
01:01:14 PM  1000    921498      0.00      0.00  run-loki.sh
01:01:14 PM  1000    921501      0.00      0.00  grafana
01:01:14 PM  1000    921502      0.00      0.00  run-otelcol.sh
01:01:14 PM  1000    921505      0.00      0.00  run-prometheus.
01:01:14 PM  1000    921507      0.00      0.00  otelcol-contrib
01:01:14 PM  1000    921508      0.00      0.00  run-tempo.sh
01:01:14 PM  1000    921510     49.00      0.00  loki
01:01:14 PM  1000    921511      0.00      0.00  run-pyroscope.s
01:01:14 PM  1000    921512      0.00      0.00  prometheus
01:01:14 PM  1000    921515     12.00      0.00  tempo
01:01:14 PM  1000    921535      0.00      0.00  pyroscope
