Linux 5.14.0-570.60.1.el9_6.x86_64 *****) 	04/17/2026 	_x86_64_	(64 CPU)

03:45:18 PM   UID       PID    %usr %system  %guest   %wait    %CPU   CPU  Command
03:45:19 PM  1000   1037521    0.00    0.00    0.00    0.00    0.00    18  run-grafana.sh
03:45:19 PM  1000   1037523    0.00    0.00    0.00    0.00    0.00    16  run-loki.sh
03:45:19 PM  1000   1037525    1.94    0.97    0.00    0.00    2.91    16  grafana
03:45:19 PM  1000   1037526    0.00    0.00    0.00    0.00    0.00    16  run-otelcol.sh
03:45:19 PM  1000   1037529    0.00    0.00    0.00    0.00    0.00    20  run-prometheus.
03:45:19 PM  1000   1037531    0.00    0.97    0.00    0.00    0.97    20  otelcol-contrib
03:45:19 PM  1000   1037532    0.00    0.00    0.00    0.00    0.00    16  run-tempo.sh
03:45:19 PM  1000   1037535    0.00    0.00    0.00    0.00    0.00    18  run-pyroscope.s
03:45:19 PM  1000   1037541    0.00    0.00    0.00    0.00    0.00    20  prometheus
03:45:19 PM  1000   1037543    0.97    0.00    0.00    0.00    0.97    20  loki
03:45:19 PM  1000   1037544    0.00    0.00    0.00    0.00    0.00    20  tempo
03:45:19 PM  1000   1037546    0.97    0.00    0.00    0.00    0.97    18  pyroscope

03:45:18 PM   UID       PID   cswch/s nvcswch/s  Command
03:45:19 PM  1000   1037521      0.00      0.00  run-grafana.sh
03:45:19 PM  1000   1037523      0.00      0.00  run-loki.sh
03:45:19 PM  1000   1037525      0.00      0.00  grafana
03:45:19 PM  1000   1037526      0.00      0.00  run-otelcol.sh
03:45:19 PM  1000   1037529      0.00      0.00  run-prometheus.
03:45:19 PM  1000   1037531     16.50      0.00  otelcol-contrib
03:45:19 PM  1000   1037532      0.00      0.00  run-tempo.sh
03:45:19 PM  1000   1037535      0.00      0.00  run-pyroscope.s
03:45:19 PM  1000   1037541      1.94      0.00  prometheus
03:45:19 PM  1000   1037543      0.00      0.00  loki
03:45:19 PM  1000   1037544     28.16      0.00  tempo
03:45:19 PM  1000   1037546     22.33      0.00  pyroscope

03:45:19 PM   UID       PID    %usr %system  %guest   %wait    %CPU   CPU  Command
03:45:20 PM  1000   1037521    0.00    0.00    0.00    0.00    0.00    18  run-grafana.sh
03:45:20 PM  1000   1037523    0.00    0.00    0.00    0.00    0.00    16  run-loki.sh
03:45:20 PM  1000   1037525    1.00    0.00    0.00    0.00    1.00    16  grafana
03:45:20 PM  1000   1037526    0.00    0.00    0.00    0.00    0.00    16  run-otelcol.sh
03:45:20 PM  1000   1037529    0.00    0.00    0.00    0.00    0.00    20  run-prometheus.
03:45:20 PM  1000   1037531    1.00    0.00    0.00    0.00    1.00    16  otelcol-contrib
03:45:20 PM  1000   1037532    0.00    0.00    0.00    0.00    0.00    16  run-tempo.sh
03:45:20 PM  1000   1037535    0.00    0.00    0.00    0.00    0.00    18  run-pyroscope.s
03:45:20 PM  1000   1037541    0.00    0.00    0.00    0.00    0.00    20  prometheus
03:45:20 PM  1000   1037543    0.00    0.00    0.00    0.00    0.00    20  loki
03:45:20 PM  1000   1037544    1.00    0.00    0.00    0.00    1.00    20  tempo
03:45:20 PM  1000   1037546    0.00    0.00    0.00    0.00    0.00    18  pyroscope

03:45:19 PM   UID       PID   cswch/s nvcswch/s  Command
03:45:20 PM  1000   1037521      0.00      0.00  run-grafana.sh
03:45:20 PM  1000   1037523      0.00      0.00  run-loki.sh
03:45:20 PM  1000   1037525      0.00      0.00  grafana
03:45:20 PM  1000   1037526      0.00      0.00  run-otelcol.sh
03:45:20 PM  1000   1037529      0.00      0.00  run-prometheus.
03:45:20 PM  1000   1037531     21.00      0.00  otelcol-contrib
03:45:20 PM  1000   1037532      0.00      0.00  run-tempo.sh
03:45:20 PM  1000   1037535      0.00      0.00  run-pyroscope.s
03:45:20 PM  1000   1037541      2.00      0.00  prometheus
03:45:20 PM  1000   1037543      0.00      0.00  loki
03:45:20 PM  1000   1037544     18.00      0.00  tempo
03:45:20 PM  1000   1037546     33.00      0.00  pyroscope

03:45:20 PM   UID       PID    %usr %system  %guest   %wait    %CPU   CPU  Command
03:45:21 PM  1000   1037521    0.00    0.00    0.00    0.00    0.00    18  run-grafana.sh
03:45:21 PM  1000   1037523    0.00    0.00    0.00    0.00    0.00    16  run-loki.sh
03:45:21 PM  1000   1037525    0.00    0.00    0.00    0.00    0.00    16  grafana
03:45:21 PM  1000   1037526    0.00    0.00    0.00    0.00    0.00    16  run-otelcol.sh
03:45:21 PM  1000   1037529    0.00    0.00    0.00    0.00    0.00    20  run-prometheus.
03:45:21 PM  1000   1037531    0.00    0.00    0.00    0.00    0.00    20  otelcol-contrib
03:45:21 PM  1000   1037532    0.00    0.00    0.00    0.00    0.00    16  run-tempo.sh
03:45:21 PM  1000   1037535    0.00    0.00    0.00    0.00    0.00    18  run-pyroscope.s
03:45:21 PM  1000   1037541    0.00    0.00    0.00    0.00    0.00    20  prometheus
03:45:21 PM  1000   1037543    0.00    0.00    0.00    0.00    0.00    20  loki
03:45:21 PM  1000   1037544    0.00    0.00    0.00    0.00    0.00    20  tempo
03:45:21 PM  1000   1037546    4.00    1.00    0.00    0.00    5.00    18  pyroscope

03:45:20 PM   UID       PID   cswch/s nvcswch/s  Command
03:45:21 PM  1000   1037521      0.00      0.00  run-grafana.sh
03:45:21 PM  1000   1037523      0.00      0.00  run-loki.sh
03:45:21 PM  1000   1037525      0.00      0.00  grafana
03:45:21 PM  1000   1037526      0.00      0.00  run-otelcol.sh
03:45:21 PM  1000   1037529      0.00      0.00  run-prometheus.
03:45:21 PM  1000   1037531     15.00      1.00  otelcol-contrib
03:45:21 PM  1000   1037532      0.00      0.00  run-tempo.sh
03:45:21 PM  1000   1037535      0.00      0.00  run-pyroscope.s
03:45:21 PM  1000   1037541      1.00      0.00  prometheus
03:45:21 PM  1000   1037543      0.00      0.00  loki
03:45:21 PM  1000   1037544     23.00      0.00  tempo
03:45:21 PM  1000   1037546    108.00      0.00  pyroscope

03:45:21 PM   UID       PID    %usr %system  %guest   %wait    %CPU   CPU  Command
03:45:22 PM  1000   1037521    0.00    0.00    0.00    0.00    0.00    18  run-grafana.sh
03:45:22 PM  1000   1037523    0.00    0.00    0.00    0.00    0.00    16  run-loki.sh
03:45:22 PM  1000   1037525    0.00    0.00    0.00    0.00    0.00    16  grafana
03:45:22 PM  1000   1037526    0.00    0.00    0.00    0.00    0.00    16  run-otelcol.sh
03:45:22 PM  1000   1037529    0.00    0.00    0.00    0.00    0.00    20  run-prometheus.
03:45:22 PM  1000   1037531    0.00    0.00    0.00    0.00    0.00    20  otelcol-contrib
03:45:22 PM  1000   1037532    0.00    0.00    0.00    0.00    0.00    16  run-tempo.sh
03:45:22 PM  1000   1037535    0.00    0.00    0.00    0.00    0.00    18  run-pyroscope.s
03:45:22 PM  1000   1037541    0.00    0.00    0.00    0.00    0.00    20  prometheus
03:45:22 PM  1000   1037543    1.00    0.00    0.00    0.00    1.00    20  loki
03:45:22 PM  1000   1037544    0.00    0.00    0.00    0.00    0.00    20  tempo
03:45:22 PM  1000   1037546    1.00    0.00    0.00    0.00    1.00    20  pyroscope

03:45:21 PM   UID       PID   cswch/s nvcswch/s  Command
03:45:22 PM  1000   1037521      0.00      0.00  run-grafana.sh
03:45:22 PM  1000   1037523      0.00      0.00  run-loki.sh
03:45:22 PM  1000   1037525      0.00      0.00  grafana
03:45:22 PM  1000   1037526      0.00      0.00  run-otelcol.sh
03:45:22 PM  1000   1037529      0.00      0.00  run-prometheus.
03:45:22 PM  1000   1037531     14.00      0.00  otelcol-contrib
03:45:22 PM  1000   1037532      0.00      0.00  run-tempo.sh
03:45:22 PM  1000   1037535      0.00      0.00  run-pyroscope.s
03:45:22 PM  1000   1037541      1.00      0.00  prometheus
03:45:22 PM  1000   1037543      0.00      0.00  loki
03:45:22 PM  1000   1037544     22.00      0.00  tempo
03:45:22 PM  1000   1037546     48.00      0.00  pyroscope

03:45:22 PM   UID       PID    %usr %system  %guest   %wait    %CPU   CPU  Command
03:45:23 PM  1000   1037521    0.00    0.00    0.00    0.00    0.00    18  run-grafana.sh
03:45:23 PM  1000   1037523    0.00    0.00    0.00    0.00    0.00    16  run-loki.sh
03:45:23 PM  1000   1037525    0.00    0.00    0.00    0.00    0.00    16  grafana
03:45:23 PM  1000   1037526    0.00    0.00    0.00    0.00    0.00    16  run-otelcol.sh
03:45:23 PM  1000   1037529    0.00    0.00    0.00    0.00    0.00    20  run-prometheus.
03:45:23 PM  1000   1037531    1.00    0.00    0.00    0.00    1.00    20  otelcol-contrib
03:45:23 PM  1000   1037532    0.00    0.00    0.00    0.00    0.00    16  run-tempo.sh
03:45:23 PM  1000   1037535    0.00    0.00    0.00    0.00    0.00    18  run-pyroscope.s
03:45:23 PM  1000   1037541    0.00    0.00    0.00    0.00    0.00    20  prometheus
03:45:23 PM  1000   1037543    0.00    0.00    0.00    0.00    0.00    20  loki
03:45:23 PM  1000   1037544    0.00    0.00    0.00    0.00    0.00    20  tempo
03:45:23 PM  1000   1037546    0.00    0.00    0.00    0.00    0.00    20  pyroscope

03:45:22 PM   UID       PID   cswch/s nvcswch/s  Command
03:45:23 PM  1000   1037521      0.00      0.00  run-grafana.sh
03:45:23 PM  1000   1037523      0.00      0.00  run-loki.sh
03:45:23 PM  1000   1037525      0.00      0.00  grafana
03:45:23 PM  1000   1037526      0.00      0.00  run-otelcol.sh
03:45:23 PM  1000   1037529      0.00      0.00  run-prometheus.
03:45:23 PM  1000   1037531     17.00      0.00  otelcol-contrib
03:45:23 PM  1000   1037532      0.00      0.00  run-tempo.sh
03:45:23 PM  1000   1037535      0.00      0.00  run-pyroscope.s
03:45:23 PM  1000   1037541      1.00      0.00  prometheus
03:45:23 PM  1000   1037543      0.00      0.00  loki
03:45:23 PM  1000   1037544     21.00      0.00  tempo
03:45:23 PM  1000   1037546     33.00      0.00  pyroscope

03:45:23 PM   UID       PID    %usr %system  %guest   %wait    %CPU   CPU  Command
03:45:24 PM  1000   1037521    0.00    0.00    0.00    0.00    0.00    18  run-grafana.sh
03:45:24 PM  1000   1037523    0.00    0.00    0.00    0.00    0.00    16  run-loki.sh
03:45:24 PM  1000   1037525    0.00    0.00    0.00    0.00    0.00    16  grafana
03:45:24 PM  1000   1037526    0.00    0.00    0.00    0.00    0.00    16  run-otelcol.sh
03:45:24 PM  1000   1037529    0.00    0.00    0.00    0.00    0.00    20  run-prometheus.
03:45:24 PM  1000   1037531    0.00    0.00    0.00    0.00    0.00    18  otelcol-contrib
03:45:24 PM  1000   1037532    0.00    0.00    0.00    0.00    0.00    16  run-tempo.sh
03:45:24 PM  1000   1037535    0.00    0.00    0.00    0.00    0.00    18  run-pyroscope.s
03:45:24 PM  1000   1037541    1.00    0.00    0.00    0.00    1.00    20  prometheus
03:45:24 PM  1000   1037543    0.00    1.00    0.00    0.00    1.00    20  loki
03:45:24 PM  1000   1037544    0.00    0.00    0.00    0.00    0.00    20  tempo
03:45:24 PM  1000   1037546    0.00    1.00    0.00    0.00    1.00    20  pyroscope

03:45:23 PM   UID       PID   cswch/s nvcswch/s  Command
03:45:24 PM  1000   1037521      0.00      0.00  run-grafana.sh
03:45:24 PM  1000   1037523      0.00      0.00  run-loki.sh
03:45:24 PM  1000   1037525      0.00      0.00  grafana
03:45:24 PM  1000   1037526      0.00      0.00  run-otelcol.sh
03:45:24 PM  1000   1037529      0.00      0.00  run-prometheus.
03:45:24 PM  1000   1037531     20.00      0.00  otelcol-contrib
03:45:24 PM  1000   1037532      0.00      0.00  run-tempo.sh
03:45:24 PM  1000   1037535      0.00      0.00  run-pyroscope.s
03:45:24 PM  1000   1037541      3.00      0.00  prometheus
03:45:24 PM  1000   1037543      0.00      0.00  loki
03:45:24 PM  1000   1037544      7.00      0.00  tempo
03:45:24 PM  1000   1037546     42.00      0.00  pyroscope

03:45:24 PM   UID       PID    %usr %system  %guest   %wait    %CPU   CPU  Command
03:45:25 PM  1000   1037521    0.00    0.00    0.00    0.00    0.00    18  run-grafana.sh
03:45:25 PM  1000   1037523    0.00    0.00    0.00    0.00    0.00    16  run-loki.sh
03:45:25 PM  1000   1037525    0.00    0.00    0.00    0.00    0.00    16  grafana
03:45:25 PM  1000   1037526    0.00    0.00    0.00    0.00    0.00    16  run-otelcol.sh
03:45:25 PM  1000   1037529    0.00    0.00    0.00    0.00    0.00    20  run-prometheus.
03:45:25 PM  1000   1037531    0.00    0.00    0.00    0.00    0.00    20  otelcol-contrib
03:45:25 PM  1000   1037532    0.00    0.00    0.00    0.00    0.00    16  run-tempo.sh
03:45:25 PM  1000   1037535    0.00    0.00    0.00    0.00    0.00    18  run-pyroscope.s
03:45:25 PM  1000   1037541    0.00    0.00    0.00    0.00    0.00    18  prometheus
03:45:25 PM  1000   1037543    1.00    0.00    0.00    0.00    1.00    20  loki
03:45:25 PM  1000   1037544    0.00    0.00    0.00    0.00    0.00    20  tempo
03:45:25 PM  1000   1037546    0.00    0.00    0.00    0.00    0.00    16  pyroscope

03:45:24 PM   UID       PID   cswch/s nvcswch/s  Command
03:45:25 PM  1000   1037521      0.00      0.00  run-grafana.sh
03:45:25 PM  1000   1037523      0.00      0.00  run-loki.sh
03:45:25 PM  1000   1037525      0.00      0.00  grafana
03:45:25 PM  1000   1037526      0.00      0.00  run-otelcol.sh
03:45:25 PM  1000   1037529      0.00      0.00  run-prometheus.
03:45:25 PM  1000   1037531     12.00      0.00  otelcol-contrib
03:45:25 PM  1000   1037532      0.00      0.00  run-tempo.sh
03:45:25 PM  1000   1037535      0.00      0.00  run-pyroscope.s
03:45:25 PM  1000   1037541      2.00      0.00  prometheus
03:45:25 PM  1000   1037543      0.00      0.00  loki
03:45:25 PM  1000   1037544     20.00      0.00  tempo
03:45:25 PM  1000   1037546     11.00      0.00  pyroscope

03:45:25 PM   UID       PID    %usr %system  %guest   %wait    %CPU   CPU  Command
03:45:26 PM  1000   1037521    0.00    0.00    0.00    0.00    0.00    18  run-grafana.sh
03:45:26 PM  1000   1037523    0.00    0.00    0.00    0.00    0.00    16  run-loki.sh
03:45:26 PM  1000   1037525    0.00    0.00    0.00    0.00    0.00    16  grafana
03:45:26 PM  1000   1037526    0.00    0.00    0.00    0.00    0.00    16  run-otelcol.sh
03:45:26 PM  1000   1037529    0.00    0.00    0.00    0.00    0.00    20  run-prometheus.
03:45:26 PM  1000   1037531    0.00    0.00    0.00    0.00    0.00    18  otelcol-contrib
03:45:26 PM  1000   1037532    0.00    0.00    0.00    0.00    0.00    16  run-tempo.sh
03:45:26 PM  1000   1037535    0.00    0.00    0.00    0.00    0.00    18  run-pyroscope.s
03:45:26 PM  1000   1037541    0.00    0.00    0.00    0.00    0.00    18  prometheus
03:45:26 PM  1000   1037543    0.00    0.00    0.00    0.00    0.00    20  loki
03:45:26 PM  1000   1037544    0.00    0.00    0.00    0.00    0.00    20  tempo
03:45:26 PM  1000   1037546    0.00    0.00    0.00    0.00    0.00    20  pyroscope

03:45:25 PM   UID       PID   cswch/s nvcswch/s  Command
03:45:26 PM  1000   1037521      0.00      0.00  run-grafana.sh
03:45:26 PM  1000   1037523      0.00      0.00  run-loki.sh
03:45:26 PM  1000   1037525      0.00      0.00  grafana
03:45:26 PM  1000   1037526      0.00      0.00  run-otelcol.sh
03:45:26 PM  1000   1037529      0.00      0.00  run-prometheus.
03:45:26 PM  1000   1037531     13.00      0.00  otelcol-contrib
03:45:26 PM  1000   1037532      0.00      0.00  run-tempo.sh
03:45:26 PM  1000   1037535      0.00      0.00  run-pyroscope.s
03:45:26 PM  1000   1037541     10.00      0.00  prometheus
03:45:26 PM  1000   1037543      0.00      0.00  loki
03:45:26 PM  1000   1037544     26.00      0.00  tempo
03:45:26 PM  1000   1037546     26.00      2.00  pyroscope

03:45:26 PM   UID       PID    %usr %system  %guest   %wait    %CPU   CPU  Command
03:45:27 PM  1000   1037521    0.00    0.00    0.00    0.00    0.00    18  run-grafana.sh
03:45:27 PM  1000   1037523    0.00    0.00    0.00    0.00    0.00    16  run-loki.sh
03:45:27 PM  1000   1037525    0.00    0.00    0.00    0.00    0.00    16  grafana
03:45:27 PM  1000   1037526    0.00    0.00    0.00    0.00    0.00    16  run-otelcol.sh
03:45:27 PM  1000   1037529    0.00    0.00    0.00    0.00    0.00    20  run-prometheus.
03:45:27 PM  1000   1037531    1.00    0.00    0.00    0.00    1.00    20  otelcol-contrib
03:45:27 PM  1000   1037532    0.00    0.00    0.00    0.00    0.00    16  run-tempo.sh
03:45:27 PM  1000   1037535    0.00    0.00    0.00    0.00    0.00    18  run-pyroscope.s
03:45:27 PM  1000   1037541    0.00    0.00    0.00    0.00    0.00    20  prometheus
03:45:27 PM  1000   1037543    0.00    0.00    0.00    0.00    0.00    20  loki
03:45:27 PM  1000   1037544    0.00    0.00    0.00    0.00    0.00    20  tempo
03:45:27 PM  1000   1037546    0.00    0.00    0.00    0.00    0.00    16  pyroscope

03:45:26 PM   UID       PID   cswch/s nvcswch/s  Command
03:45:27 PM  1000   1037521      0.00      0.00  run-grafana.sh
03:45:27 PM  1000   1037523      0.00      0.00  run-loki.sh
03:45:27 PM  1000   1037525      0.00      0.00  grafana
03:45:27 PM  1000   1037526      0.00      0.00  run-otelcol.sh
03:45:27 PM  1000   1037529      0.00      0.00  run-prometheus.
03:45:27 PM  1000   1037531     14.00      0.00  otelcol-contrib
03:45:27 PM  1000   1037532      0.00      0.00  run-tempo.sh
03:45:27 PM  1000   1037535      0.00      0.00  run-pyroscope.s
03:45:27 PM  1000   1037541      1.00      0.00  prometheus
03:45:27 PM  1000   1037543      0.00      0.00  loki
03:45:27 PM  1000   1037544     22.00      0.00  tempo
03:45:27 PM  1000   1037546     12.00      1.00  pyroscope

03:45:27 PM   UID       PID    %usr %system  %guest   %wait    %CPU   CPU  Command
03:45:28 PM  1000   1037521    0.00    0.00    0.00    0.00    0.00    18  run-grafana.sh
03:45:28 PM  1000   1037523    0.00    0.00    0.00    0.00    0.00    16  run-loki.sh
03:45:28 PM  1000   1037525    0.00    0.00    0.00    0.00    0.00    16  grafana
03:45:28 PM  1000   1037526    0.00    0.00    0.00    0.00    0.00    16  run-otelcol.sh
03:45:28 PM  1000   1037529    0.00    0.00    0.00    0.00    0.00    20  run-prometheus.
03:45:28 PM  1000   1037531    0.00    1.00    0.00    0.00    1.00    18  otelcol-contrib
03:45:28 PM  1000   1037532    0.00    0.00    0.00    0.00    0.00    16  run-tempo.sh
03:45:28 PM  1000   1037535    0.00    0.00    0.00    0.00    0.00    18  run-pyroscope.s
03:45:28 PM  1000   1037541    0.00    0.00    0.00    0.00    0.00    18  prometheus
03:45:28 PM  1000   1037543    0.00    0.00    0.00    0.00    0.00    20  loki
03:45:28 PM  1000   1037544    0.00    0.00    0.00    0.00    0.00    20  tempo
03:45:28 PM  1000   1037546    0.00    0.00    0.00    0.00    0.00    16  pyroscope

03:45:27 PM   UID       PID   cswch/s nvcswch/s  Command
03:45:28 PM  1000   1037521      0.00      0.00  run-grafana.sh
03:45:28 PM  1000   1037523      0.00      0.00  run-loki.sh
03:45:28 PM  1000   1037525      0.00      0.00  grafana
03:45:28 PM  1000   1037526      0.00      0.00  run-otelcol.sh
03:45:28 PM  1000   1037529      0.00      0.00  run-prometheus.
03:45:28 PM  1000   1037531     15.00      0.00  otelcol-contrib
03:45:28 PM  1000   1037532      0.00      0.00  run-tempo.sh
03:45:28 PM  1000   1037535      0.00      0.00  run-pyroscope.s
03:45:28 PM  1000   1037541      1.00      0.00  prometheus
03:45:28 PM  1000   1037543      0.00      0.00  loki
03:45:28 PM  1000   1037544     18.00      0.00  tempo
03:45:28 PM  1000   1037546      0.00      0.00  pyroscope

03:45:28 PM   UID       PID    %usr %system  %guest   %wait    %CPU   CPU  Command
03:45:29 PM  1000   1037521    0.00    0.00    0.00    0.00    0.00    18  run-grafana.sh
03:45:29 PM  1000   1037523    0.00    0.00    0.00    0.00    0.00    16  run-loki.sh
03:45:29 PM  1000   1037525    3.00    0.00    0.00    0.00    3.00    16  grafana
03:45:29 PM  1000   1037526    0.00    0.00    0.00    0.00    0.00    16  run-otelcol.sh
03:45:29 PM  1000   1037529    0.00    0.00    0.00    0.00    0.00    20  run-prometheus.
03:45:29 PM  1000   1037531    1.00    0.00    0.00    0.00    1.00    20  otelcol-contrib
03:45:29 PM  1000   1037532    0.00    0.00    0.00    0.00    0.00    16  run-tempo.sh
03:45:29 PM  1000   1037535    0.00    0.00    0.00    0.00    0.00    18  run-pyroscope.s
03:45:29 PM  1000   1037541    0.00    0.00    0.00    0.00    0.00    18  prometheus
03:45:29 PM  1000   1037543    1.00    0.00    0.00    0.00    1.00    20  loki
03:45:29 PM  1000   1037544    5.00    1.00    0.00    0.00    6.00    18  tempo
03:45:29 PM  1000   1037546    1.00    0.00    0.00    0.00    1.00    16  pyroscope

03:45:28 PM   UID       PID   cswch/s nvcswch/s  Command
03:45:29 PM  1000   1037521      0.00      0.00  run-grafana.sh
03:45:29 PM  1000   1037523      0.00      0.00  run-loki.sh
03:45:29 PM  1000   1037525      0.00      0.00  grafana
03:45:29 PM  1000   1037526      0.00      0.00  run-otelcol.sh
03:45:29 PM  1000   1037529      0.00      0.00  run-prometheus.
03:45:29 PM  1000   1037531     28.00      2.00  otelcol-contrib
03:45:29 PM  1000   1037532      0.00      0.00  run-tempo.sh
03:45:29 PM  1000   1037535      0.00      0.00  run-pyroscope.s
03:45:29 PM  1000   1037541      1.00      0.00  prometheus
03:45:29 PM  1000   1037543      0.00      0.00  loki
03:45:29 PM  1000   1037544     35.00      2.00  tempo
03:45:29 PM  1000   1037546      0.00      0.00  pyroscope

03:45:29 PM   UID       PID    %usr %system  %guest   %wait    %CPU   CPU  Command
03:45:30 PM  1000   1037521    0.00    0.00    0.00    0.00    0.00    18  run-grafana.sh
03:45:30 PM  1000   1037523    0.00    0.00    0.00    0.00    0.00    16  run-loki.sh
03:45:30 PM  1000   1037525    0.00    0.00    0.00    0.00    0.00    16  grafana
03:45:30 PM  1000   1037526    0.00    0.00    0.00    0.00    0.00    16  run-otelcol.sh
03:45:30 PM  1000   1037529    0.00    0.00    0.00    0.00    0.00    20  run-prometheus.
03:45:30 PM  1000   1037531    0.00    0.00    0.00    0.00    0.00    20  otelcol-contrib
03:45:30 PM  1000   1037532    0.00    0.00    0.00    0.00    0.00    16  run-tempo.sh
03:45:30 PM  1000   1037535    0.00    0.00    0.00    0.00    0.00    18  run-pyroscope.s
03:45:30 PM  1000   1037541    0.00    0.00    0.00    0.00    0.00    16  prometheus
03:45:30 PM  1000   1037543    0.00    0.00    0.00    0.00    0.00    20  loki
03:45:30 PM  1000   1037544    3.00    0.00    0.00    0.00    3.00    16  tempo
03:45:30 PM  1000   1037546    0.00    0.00    0.00    0.00    0.00    16  pyroscope

03:45:29 PM   UID       PID   cswch/s nvcswch/s  Command
03:45:30 PM  1000   1037521      0.00      0.00  run-grafana.sh
03:45:30 PM  1000   1037523      0.00      0.00  run-loki.sh
03:45:30 PM  1000   1037525      0.00      0.00  grafana
03:45:30 PM  1000   1037526      0.00      0.00  run-otelcol.sh
03:45:30 PM  1000   1037529      0.00      0.00  run-prometheus.
03:45:30 PM  1000   1037531     12.00      0.00  otelcol-contrib
03:45:30 PM  1000   1037532      0.00      0.00  run-tempo.sh
03:45:30 PM  1000   1037535      0.00      0.00  run-pyroscope.s
03:45:30 PM  1000   1037541      3.00      0.00  prometheus
03:45:30 PM  1000   1037543      0.00      0.00  loki
03:45:30 PM  1000   1037544      2.00      0.00  tempo
03:45:30 PM  1000   1037546      0.00      0.00  pyroscope

03:45:30 PM   UID       PID    %usr %system  %guest   %wait    %CPU   CPU  Command
03:45:31 PM  1000   1037521    0.00    0.00    0.00    0.00    0.00    18  run-grafana.sh
03:45:31 PM  1000   1037523    0.00    0.00    0.00    0.00    0.00    16  run-loki.sh
03:45:31 PM  1000   1037525    0.00    0.00    0.00    0.00    0.00    16  grafana
03:45:31 PM  1000   1037526    0.00    0.00    0.00    0.00    0.00    16  run-otelcol.sh
03:45:31 PM  1000   1037529    0.00    0.00    0.00    0.00    0.00    20  run-prometheus.
03:45:31 PM  1000   1037531    1.00    0.00    0.00    0.00    1.00    16  otelcol-contrib
03:45:31 PM  1000   1037532    0.00    0.00    0.00    0.00    0.00    16  run-tempo.sh
03:45:31 PM  1000   1037535    0.00    0.00    0.00    0.00    0.00    18  run-pyroscope.s
03:45:31 PM  1000   1037541    0.00    0.00    0.00    0.00    0.00    18  prometheus
03:45:31 PM  1000   1037543    0.00    0.00    0.00    0.00    0.00    20  loki
03:45:31 PM  1000   1037544    1.00    1.00    0.00    0.00    2.00    16  tempo
03:45:31 PM  1000   1037546    0.00    0.00    0.00    0.00    0.00    20  pyroscope

03:45:30 PM   UID       PID   cswch/s nvcswch/s  Command
03:45:31 PM  1000   1037521      0.00      0.00  run-grafana.sh
03:45:31 PM  1000   1037523      0.00      0.00  run-loki.sh
03:45:31 PM  1000   1037525      0.00      0.00  grafana
03:45:31 PM  1000   1037526      0.00      0.00  run-otelcol.sh
03:45:31 PM  1000   1037529      0.00      0.00  run-prometheus.
03:45:31 PM  1000   1037531     13.00      0.00  otelcol-contrib
03:45:31 PM  1000   1037532      0.00      0.00  run-tempo.sh
03:45:31 PM  1000   1037535      0.00      0.00  run-pyroscope.s
03:45:31 PM  1000   1037541      6.00      0.00  prometheus
03:45:31 PM  1000   1037543      0.00      0.00  loki
03:45:31 PM  1000   1037544     34.00      0.00  tempo
03:45:31 PM  1000   1037546     16.00      0.00  pyroscope

03:45:31 PM   UID       PID    %usr %system  %guest   %wait    %CPU   CPU  Command
03:45:32 PM  1000   1037521    0.00    0.00    0.00    0.00    0.00    18  run-grafana.sh
03:45:32 PM  1000   1037523    0.00    0.00    0.00    0.00    0.00    16  run-loki.sh
03:45:32 PM  1000   1037525    0.00    0.00    0.00    0.00    0.00    16  grafana
03:45:32 PM  1000   1037526    0.00    0.00    0.00    0.00    0.00    16  run-otelcol.sh
03:45:32 PM  1000   1037529    0.00    0.00    0.00    0.00    0.00    20  run-prometheus.
03:45:32 PM  1000   1037531    1.00    0.00    0.00    0.00    1.00    20  otelcol-contrib
03:45:32 PM  1000   1037532    0.00    0.00    0.00    0.00    0.00    16  run-tempo.sh
03:45:32 PM  1000   1037535    0.00    0.00    0.00    0.00    0.00    18  run-pyroscope.s
03:45:32 PM  1000   1037541    0.00    0.00    0.00    0.00    0.00    18  prometheus
03:45:32 PM  1000   1037543    1.00    0.00    0.00    0.00    1.00    20  loki
03:45:32 PM  1000   1037544    1.00    0.00    0.00    0.00    1.00    18  tempo
03:45:32 PM  1000   1037546    0.00    0.00    0.00    0.00    0.00    20  pyroscope

03:45:31 PM   UID       PID   cswch/s nvcswch/s  Command
03:45:32 PM  1000   1037521      0.00      0.00  run-grafana.sh
03:45:32 PM  1000   1037523      0.00      0.00  run-loki.sh
03:45:32 PM  1000   1037525      0.00      0.00  grafana
03:45:32 PM  1000   1037526      0.00      0.00  run-otelcol.sh
03:45:32 PM  1000   1037529      0.00      0.00  run-prometheus.
03:45:32 PM  1000   1037531     16.00      0.00  otelcol-contrib
03:45:32 PM  1000   1037532      0.00      0.00  run-tempo.sh
03:45:32 PM  1000   1037535      0.00      0.00  run-pyroscope.s
03:45:32 PM  1000   1037541      1.00      0.00  prometheus
03:45:32 PM  1000   1037543      0.00      0.00  loki
03:45:32 PM  1000   1037544     23.00      0.00  tempo
03:45:32 PM  1000   1037546     16.00      0.00  pyroscope

03:45:32 PM   UID       PID    %usr %system  %guest   %wait    %CPU   CPU  Command
03:45:33 PM  1000   1037521    0.00    0.00    0.00    0.00    0.00    18  run-grafana.sh
03:45:33 PM  1000   1037523    0.00    0.00    0.00    0.00    0.00    16  run-loki.sh
03:45:33 PM  1000   1037525    0.00    0.00    0.00    0.00    0.00    16  grafana
03:45:33 PM  1000   1037526    0.00    0.00    0.00    0.00    0.00    16  run-otelcol.sh
03:45:33 PM  1000   1037529    0.00    0.00    0.00    0.00    0.00    20  run-prometheus.
03:45:33 PM  1000   1037531    1.00    0.00    0.00    0.00    1.00    18  otelcol-contrib
03:45:33 PM  1000   1037532    0.00    0.00    0.00    0.00    0.00    16  run-tempo.sh
03:45:33 PM  1000   1037535    0.00    0.00    0.00    0.00    0.00    18  run-pyroscope.s
03:45:33 PM  1000   1037541    1.00    0.00    0.00    0.00    1.00    18  prometheus
03:45:33 PM  1000   1037543    0.00    0.00    0.00    0.00    0.00    20  loki
03:45:33 PM  1000   1037544    4.00    0.00    0.00    0.00    4.00    20  tempo
03:45:33 PM  1000   1037546    0.00    0.00    0.00    0.00    0.00    16  pyroscope

03:45:32 PM   UID       PID   cswch/s nvcswch/s  Command
03:45:33 PM  1000   1037521      0.00      0.00  run-grafana.sh
03:45:33 PM  1000   1037523      0.00      0.00  run-loki.sh
03:45:33 PM  1000   1037525      0.00      0.00  grafana
03:45:33 PM  1000   1037526      0.00      0.00  run-otelcol.sh
03:45:33 PM  1000   1037529      0.00      0.00  run-prometheus.
03:45:33 PM  1000   1037531     23.00      0.00  otelcol-contrib
03:45:33 PM  1000   1037532      0.00      0.00  run-tempo.sh
03:45:33 PM  1000   1037535      0.00      0.00  run-pyroscope.s
03:45:33 PM  1000   1037541      1.00      0.00  prometheus
03:45:33 PM  1000   1037543      0.00      0.00  loki
03:45:33 PM  1000   1037544     42.00      0.00  tempo
03:45:33 PM  1000   1037546     50.00      0.00  pyroscope

03:45:33 PM   UID       PID    %usr %system  %guest   %wait    %CPU   CPU  Command
03:45:34 PM  1000   1037521    0.00    0.00    0.00    0.00    0.00    18  run-grafana.sh
03:45:34 PM  1000   1037523    0.00    0.00    0.00    0.00    0.00    16  run-loki.sh
03:45:34 PM  1000   1037525    0.00    0.00    0.00    0.00    0.00    16  grafana
03:45:34 PM  1000   1037526    0.00    0.00    0.00    0.00    0.00    16  run-otelcol.sh
03:45:34 PM  1000   1037529    0.00    0.00    0.00    0.00    0.00    20  run-prometheus.
03:45:34 PM  1000   1037531    0.00    0.00    0.00    0.00    0.00    16  otelcol-contrib
03:45:34 PM  1000   1037532    0.00    0.00    0.00    0.00    0.00    16  run-tempo.sh
03:45:34 PM  1000   1037535    0.00    0.00    0.00    0.00    0.00    18  run-pyroscope.s
03:45:34 PM  1000   1037541    0.00    0.00    0.00    0.00    0.00    18  prometheus
03:45:34 PM  1000   1037543    0.00    0.00    0.00    0.00    0.00    20  loki
03:45:34 PM  1000   1037544    0.00    0.00    0.00    0.00    0.00    20  tempo
03:45:34 PM  1000   1037546    0.00    0.00    0.00    0.00    0.00    18  pyroscope

03:45:33 PM   UID       PID   cswch/s nvcswch/s  Command
03:45:34 PM  1000   1037521      0.00      0.00  run-grafana.sh
03:45:34 PM  1000   1037523      0.00      0.00  run-loki.sh
03:45:34 PM  1000   1037525      0.00      0.00  grafana
03:45:34 PM  1000   1037526      0.00      0.00  run-otelcol.sh
03:45:34 PM  1000   1037529      0.00      0.00  run-prometheus.
03:45:34 PM  1000   1037531     15.00      0.00  otelcol-contrib
03:45:34 PM  1000   1037532      0.00      0.00  run-tempo.sh
03:45:34 PM  1000   1037535      0.00      0.00  run-pyroscope.s
03:45:34 PM  1000   1037541      1.00      0.00  prometheus
03:45:34 PM  1000   1037543      0.00      0.00  loki
03:45:34 PM  1000   1037544      1.00      0.00  tempo
03:45:34 PM  1000   1037546     25.00      0.00  pyroscope

03:45:34 PM   UID       PID    %usr %system  %guest   %wait    %CPU   CPU  Command
03:45:35 PM  1000   1037521    0.00    0.00    0.00    0.00    0.00    18  run-grafana.sh
03:45:35 PM  1000   1037523    0.00    0.00    0.00    0.00    0.00    16  run-loki.sh
03:45:35 PM  1000   1037525    0.00    0.00    0.00    0.00    0.00    16  grafana
03:45:35 PM  1000   1037526    0.00    0.00    0.00    0.00    0.00    16  run-otelcol.sh
03:45:35 PM  1000   1037529    0.00    0.00    0.00    0.00    0.00    20  run-prometheus.
03:45:35 PM  1000   1037531    1.00    0.00    0.00    0.00    1.00    16  otelcol-contrib
03:45:35 PM  1000   1037532    0.00    0.00    0.00    0.00    0.00    16  run-tempo.sh
03:45:35 PM  1000   1037535    0.00    0.00    0.00    0.00    0.00    18  run-pyroscope.s
03:45:35 PM  1000   1037541    0.00    0.00    0.00    0.00    0.00    18  prometheus
03:45:35 PM  1000   1037543    0.00    0.00    0.00    0.00    0.00    20  loki
03:45:35 PM  1000   1037544    7.00    2.00    0.00    0.00    9.00    16  tempo
03:45:35 PM  1000   1037546    0.00    0.00    0.00    0.00    0.00    18  pyroscope

03:45:34 PM   UID       PID   cswch/s nvcswch/s  Command
03:45:35 PM  1000   1037521      0.00      0.00  run-grafana.sh
03:45:35 PM  1000   1037523      0.00      0.00  run-loki.sh
03:45:35 PM  1000   1037525      0.00      0.00  grafana
03:45:35 PM  1000   1037526      0.00      0.00  run-otelcol.sh
03:45:35 PM  1000   1037529      0.00      0.00  run-prometheus.
03:45:35 PM  1000   1037531     24.00      0.00  otelcol-contrib
03:45:35 PM  1000   1037532      0.00      0.00  run-tempo.sh
03:45:35 PM  1000   1037535      0.00      0.00  run-pyroscope.s
03:45:35 PM  1000   1037541      3.00      0.00  prometheus
03:45:35 PM  1000   1037543      0.00      0.00  loki
03:45:35 PM  1000   1037544     43.00      2.00  tempo
03:45:35 PM  1000   1037546     37.00      0.00  pyroscope

03:45:35 PM   UID       PID    %usr %system  %guest   %wait    %CPU   CPU  Command
03:45:36 PM  1000   1037521    0.00    0.00    0.00    0.00    0.00    18  run-grafana.sh
03:45:36 PM  1000   1037523    0.00    0.00    0.00    0.00    0.00    16  run-loki.sh
03:45:36 PM  1000   1037525    0.00    0.00    0.00    0.00    0.00    16  grafana
03:45:36 PM  1000   1037526    0.00    0.00    0.00    0.00    0.00    16  run-otelcol.sh
03:45:36 PM  1000   1037529    0.00    0.00    0.00    0.00    0.00    20  run-prometheus.
03:45:36 PM  1000   1037531    0.00    0.00    0.00    0.00    0.00    18  otelcol-contrib
03:45:36 PM  1000   1037532    0.00    0.00    0.00    0.00    0.00    16  run-tempo.sh
03:45:36 PM  1000   1037535    0.00    0.00    0.00    0.00    0.00    18  run-pyroscope.s
03:45:36 PM  1000   1037541    0.00    0.00    0.00    0.00    0.00    16  prometheus
03:45:36 PM  1000   1037543    1.00    0.00    0.00    0.00    1.00    20  loki
03:45:36 PM  1000   1037544    0.00    1.00    0.00    0.00    1.00    18  tempo
03:45:36 PM  1000   1037546    2.00    1.00    0.00    0.00    3.00    16  pyroscope

03:45:35 PM   UID       PID   cswch/s nvcswch/s  Command
03:45:36 PM  1000   1037521      0.00      0.00  run-grafana.sh
03:45:36 PM  1000   1037523      0.00      0.00  run-loki.sh
03:45:36 PM  1000   1037525      0.00      0.00  grafana
03:45:36 PM  1000   1037526      0.00      0.00  run-otelcol.sh
03:45:36 PM  1000   1037529      0.00      0.00  run-prometheus.
03:45:36 PM  1000   1037531      8.00      0.00  otelcol-contrib
03:45:36 PM  1000   1037532      0.00      0.00  run-tempo.sh
03:45:36 PM  1000   1037535      0.00      0.00  run-pyroscope.s
03:45:36 PM  1000   1037541      7.00      0.00  prometheus
03:45:36 PM  1000   1037543      0.00      0.00  loki
03:45:36 PM  1000   1037544     37.00      2.00  tempo
03:45:36 PM  1000   1037546     71.00      2.00  pyroscope

03:45:36 PM   UID       PID    %usr %system  %guest   %wait    %CPU   CPU  Command
03:45:37 PM  1000   1037521    0.00    0.00    0.00    0.00    0.00    18  run-grafana.sh
03:45:37 PM  1000   1037523    0.00    0.00    0.00    0.00    0.00    16  run-loki.sh
03:45:37 PM  1000   1037525    0.00    0.00    0.00    0.00    0.00    16  grafana
03:45:37 PM  1000   1037526    0.00    0.00    0.00    0.00    0.00    16  run-otelcol.sh
03:45:37 PM  1000   1037529    0.00    0.00    0.00    0.00    0.00    20  run-prometheus.
03:45:37 PM  1000   1037531    1.00    1.00    0.00    0.00    2.00    18  otelcol-contrib
03:45:37 PM  1000   1037532    0.00    0.00    0.00    0.00    0.00    16  run-tempo.sh
03:45:37 PM  1000   1037535    0.00    0.00    0.00    0.00    0.00    18  run-pyroscope.s
03:45:37 PM  1000   1037541    0.00    0.00    0.00    0.00    0.00    16  prometheus
03:45:37 PM  1000   1037543    0.00    0.00    0.00    0.00    0.00    20  loki
03:45:37 PM  1000   1037544   10.00    0.00    0.00    0.00   10.00    18  tempo
03:45:37 PM  1000   1037546    0.00    0.00    0.00    0.00    0.00    18  pyroscope

03:45:36 PM   UID       PID   cswch/s nvcswch/s  Command
03:45:37 PM  1000   1037521      0.00      0.00  run-grafana.sh
03:45:37 PM  1000   1037523      0.00      0.00  run-loki.sh
03:45:37 PM  1000   1037525      0.00      0.00  grafana
03:45:37 PM  1000   1037526      0.00      0.00  run-otelcol.sh
03:45:37 PM  1000   1037529      0.00      0.00  run-prometheus.
03:45:37 PM  1000   1037531     19.00      0.00  otelcol-contrib
03:45:37 PM  1000   1037532      0.00      0.00  run-tempo.sh
03:45:37 PM  1000   1037535      0.00      0.00  run-pyroscope.s
03:45:37 PM  1000   1037541      1.00      0.00  prometheus
03:45:37 PM  1000   1037543      0.00      0.00  loki
03:45:37 PM  1000   1037544     42.00      5.00  tempo
03:45:37 PM  1000   1037546     36.00      0.00  pyroscope

03:45:37 PM   UID       PID    %usr %system  %guest   %wait    %CPU   CPU  Command
03:45:38 PM  1000   1037521    0.00    0.00    0.00    0.00    0.00    18  run-grafana.sh
03:45:38 PM  1000   1037523    0.00    0.00    0.00    0.00    0.00    16  run-loki.sh
03:45:38 PM  1000   1037525    0.00    0.00    0.00    0.00    0.00    16  grafana
03:45:38 PM  1000   1037526    0.00    0.00    0.00    0.00    0.00    16  run-otelcol.sh
03:45:38 PM  1000   1037529    0.00    0.00    0.00    0.00    0.00    20  run-prometheus.
03:45:38 PM  1000   1037531    3.00    0.00    0.00    0.00    3.00    20  otelcol-contrib
03:45:38 PM  1000   1037532    0.00    0.00    0.00    0.00    0.00    16  run-tempo.sh
03:45:38 PM  1000   1037535    0.00    0.00    0.00    0.00    0.00    18  run-pyroscope.s
03:45:38 PM  1000   1037541    0.00    0.00    0.00    0.00    0.00    16  prometheus
03:45:38 PM  1000   1037543    0.00    0.00    0.00    0.00    0.00    20  loki
03:45:38 PM  1000   1037544    2.00    1.00    0.00    0.00    3.00    20  tempo
03:45:38 PM  1000   1037546    1.00    0.00    0.00    0.00    1.00    20  pyroscope

03:45:37 PM   UID       PID   cswch/s nvcswch/s  Command
03:45:38 PM  1000   1037521      0.00      0.00  run-grafana.sh
03:45:38 PM  1000   1037523      0.00      0.00  run-loki.sh
03:45:38 PM  1000   1037525      0.00      0.00  grafana
03:45:38 PM  1000   1037526      0.00      0.00  run-otelcol.sh
03:45:38 PM  1000   1037529      0.00      0.00  run-prometheus.
03:45:38 PM  1000   1037531     21.00      0.00  otelcol-contrib
03:45:38 PM  1000   1037532      0.00      0.00  run-tempo.sh
03:45:38 PM  1000   1037535      0.00      0.00  run-pyroscope.s
03:45:38 PM  1000   1037541      2.00      0.00  prometheus
03:45:38 PM  1000   1037543      0.00      0.00  loki
03:45:38 PM  1000   1037544     51.00      1.00  tempo
03:45:38 PM  1000   1037546     40.00      0.00  pyroscope

03:45:38 PM   UID       PID    %usr %system  %guest   %wait    %CPU   CPU  Command
03:45:39 PM  1000   1037521    0.00    0.00    0.00    0.00    0.00    18  run-grafana.sh
03:45:39 PM  1000   1037523    0.00    0.00    0.00    0.00    0.00    16  run-loki.sh
03:45:39 PM  1000   1037525    4.00    1.00    0.00    0.00    5.00    16  grafana
03:45:39 PM  1000   1037526    0.00    0.00    0.00    0.00    0.00    16  run-otelcol.sh
03:45:39 PM  1000   1037529    0.00    0.00    0.00    0.00    0.00    20  run-prometheus.
03:45:39 PM  1000   1037531    1.00    0.00    0.00    0.00    1.00    18  otelcol-contrib
03:45:39 PM  1000   1037532    0.00    0.00    0.00    0.00    0.00    16  run-tempo.sh
03:45:39 PM  1000   1037535    0.00    0.00    0.00    0.00    0.00    18  run-pyroscope.s
03:45:39 PM  1000   1037541    1.00    0.00    0.00    0.00    1.00    18  prometheus
03:45:39 PM  1000   1037543    0.00    0.00    0.00    0.00    0.00    20  loki
03:45:39 PM  1000   1037544    4.00    0.00    0.00    0.00    4.00    20  tempo
03:45:39 PM  1000   1037546    0.00    0.00    0.00    0.00    0.00    18  pyroscope

03:45:38 PM   UID       PID   cswch/s nvcswch/s  Command
03:45:39 PM  1000   1037521      0.00      0.00  run-grafana.sh
03:45:39 PM  1000   1037523      0.00      0.00  run-loki.sh
03:45:39 PM  1000   1037525      0.00      0.00  grafana
03:45:39 PM  1000   1037526      0.00      0.00  run-otelcol.sh
03:45:39 PM  1000   1037529      0.00      0.00  run-prometheus.
03:45:39 PM  1000   1037531     19.00      4.00  otelcol-contrib
03:45:39 PM  1000   1037532      0.00      0.00  run-tempo.sh
03:45:39 PM  1000   1037535      0.00      0.00  run-pyroscope.s
03:45:39 PM  1000   1037541      1.00      0.00  prometheus
03:45:39 PM  1000   1037543      0.00      0.00  loki
03:45:39 PM  1000   1037544     43.00      4.00  tempo
03:45:39 PM  1000   1037546     30.00      0.00  pyroscope

03:45:39 PM   UID       PID    %usr %system  %guest   %wait    %CPU   CPU  Command
03:45:40 PM  1000   1037521    0.00    0.00    0.00    0.00    0.00    18  run-grafana.sh
03:45:40 PM  1000   1037523    0.00    0.00    0.00    0.00    0.00    16  run-loki.sh
03:45:40 PM  1000   1037525    0.00    0.00    0.00    0.00    0.00    16  grafana
03:45:40 PM  1000   1037526    0.00    0.00    0.00    0.00    0.00    16  run-otelcol.sh
03:45:40 PM  1000   1037529    0.00    0.00    0.00    0.00    0.00    20  run-prometheus.
03:45:40 PM  1000   1037531    1.00    0.00    0.00    0.00    1.00    18  otelcol-contrib
03:45:40 PM  1000   1037532    0.00    0.00    0.00    0.00    0.00    16  run-tempo.sh
03:45:40 PM  1000   1037535    0.00    0.00    0.00    0.00    0.00    18  run-pyroscope.s
03:45:40 PM  1000   1037541    0.00    0.00    0.00    0.00    0.00    18  prometheus
03:45:40 PM  1000   1037543    0.00    0.00    0.00    0.00    0.00    20  loki
03:45:40 PM  1000   1037544    2.00    0.00    0.00    0.00    2.00    20  tempo
03:45:40 PM  1000   1037546    0.00    0.00    0.00    0.00    0.00    16  pyroscope

03:45:39 PM   UID       PID   cswch/s nvcswch/s  Command
03:45:40 PM  1000   1037521      0.00      0.00  run-grafana.sh
03:45:40 PM  1000   1037523      0.00      0.00  run-loki.sh
03:45:40 PM  1000   1037525      0.00      0.00  grafana
03:45:40 PM  1000   1037526      0.00      0.00  run-otelcol.sh
03:45:40 PM  1000   1037529      0.00      0.00  run-prometheus.
03:45:40 PM  1000   1037531     20.00      0.00  otelcol-contrib
03:45:40 PM  1000   1037532      0.00      0.00  run-tempo.sh
03:45:40 PM  1000   1037535      0.00      0.00  run-pyroscope.s
03:45:40 PM  1000   1037541      1.00      0.00  prometheus
03:45:40 PM  1000   1037543      0.00      0.00  loki
03:45:40 PM  1000   1037544     45.00      0.00  tempo
03:45:40 PM  1000   1037546     24.00      0.00  pyroscope

03:45:40 PM   UID       PID    %usr %system  %guest   %wait    %CPU   CPU  Command
03:45:41 PM  1000   1037521    0.00    0.00    0.00    0.00    0.00    18  run-grafana.sh
03:45:41 PM  1000   1037523    0.00    0.00    0.00    0.00    0.00    16  run-loki.sh
03:45:41 PM  1000   1037525    1.00    0.00    0.00    0.00    1.00    16  grafana
03:45:41 PM  1000   1037526    0.00    0.00    0.00    0.00    0.00    16  run-otelcol.sh
03:45:41 PM  1000   1037529    0.00    0.00    0.00    0.00    0.00    20  run-prometheus.
03:45:41 PM  1000   1037531    1.00    0.00    0.00    0.00    1.00    18  otelcol-contrib
03:45:41 PM  1000   1037532    0.00    0.00    0.00    0.00    0.00    16  run-tempo.sh
03:45:41 PM  1000   1037535    0.00    0.00    0.00    0.00    0.00    18  run-pyroscope.s
03:45:41 PM  1000   1037541    0.00    0.00    0.00    0.00    0.00    18  prometheus
03:45:41 PM  1000   1037543    1.00    1.00    0.00    0.00    2.00    20  loki
03:45:41 PM  1000   1037544    6.00    0.00    0.00    0.00    6.00    16  tempo
03:45:41 PM  1000   1037546    0.00    0.00    0.00    0.00    0.00    16  pyroscope

03:45:40 PM   UID       PID   cswch/s nvcswch/s  Command
03:45:41 PM  1000   1037521      0.00      0.00  run-grafana.sh
03:45:41 PM  1000   1037523      0.00      0.00  run-loki.sh
03:45:41 PM  1000   1037525      0.00      0.00  grafana
03:45:41 PM  1000   1037526      0.00      0.00  run-otelcol.sh
03:45:41 PM  1000   1037529      0.00      0.00  run-prometheus.
03:45:41 PM  1000   1037531     37.00      0.00  otelcol-contrib
03:45:41 PM  1000   1037532      0.00      0.00  run-tempo.sh
03:45:41 PM  1000   1037535      0.00      0.00  run-pyroscope.s
03:45:41 PM  1000   1037541      0.00      0.00  prometheus
03:45:41 PM  1000   1037543      0.00      0.00  loki
03:45:41 PM  1000   1037544     47.00      0.00  tempo
03:45:41 PM  1000   1037546     29.00      0.00  pyroscope

03:45:41 PM   UID       PID    %usr %system  %guest   %wait    %CPU   CPU  Command
03:45:42 PM  1000   1037521    0.00    0.00    0.00    0.00    0.00    18  run-grafana.sh
03:45:42 PM  1000   1037523    0.00    0.00    0.00    0.00    0.00    16  run-loki.sh
03:45:42 PM  1000   1037525    0.00    0.00    0.00    0.00    0.00    16  grafana
03:45:42 PM  1000   1037526    0.00    0.00    0.00    0.00    0.00    16  run-otelcol.sh
03:45:42 PM  1000   1037529    0.00    0.00    0.00    0.00    0.00    20  run-prometheus.
03:45:42 PM  1000   1037531    1.00    0.00    0.00    0.00    1.00    16  otelcol-contrib
03:45:42 PM  1000   1037532    0.00    0.00    0.00    0.00    0.00    16  run-tempo.sh
03:45:42 PM  1000   1037535    0.00    0.00    0.00    0.00    0.00    18  run-pyroscope.s
03:45:42 PM  1000   1037541    1.00    0.00    0.00    0.00    1.00    18  prometheus
03:45:42 PM  1000   1037543    0.00    0.00    0.00    0.00    0.00    20  loki
03:45:42 PM  1000   1037544    9.00    1.00    0.00    0.00   10.00    20  tempo
03:45:42 PM  1000   1037546    0.00    0.00    0.00    0.00    0.00    20  pyroscope

03:45:41 PM   UID       PID   cswch/s nvcswch/s  Command
03:45:42 PM  1000   1037521      0.00      0.00  run-grafana.sh
03:45:42 PM  1000   1037523      0.00      0.00  run-loki.sh
03:45:42 PM  1000   1037525      0.00      0.00  grafana
03:45:42 PM  1000   1037526      0.00      0.00  run-otelcol.sh
03:45:42 PM  1000   1037529      0.00      0.00  run-prometheus.
03:45:42 PM  1000   1037531     37.00      0.00  otelcol-contrib
03:45:42 PM  1000   1037532      0.00      0.00  run-tempo.sh
03:45:42 PM  1000   1037535      0.00      0.00  run-pyroscope.s
03:45:42 PM  1000   1037541      0.00      0.00  prometheus
03:45:42 PM  1000   1037543      0.00      0.00  loki
03:45:42 PM  1000   1037544     51.00      3.00  tempo
03:45:42 PM  1000   1037546     40.00      0.00  pyroscope

03:45:42 PM   UID       PID    %usr %system  %guest   %wait    %CPU   CPU  Command
03:45:43 PM  1000   1037521    0.00    0.00    0.00    0.00    0.00    18  run-grafana.sh
03:45:43 PM  1000   1037523    0.00    0.00    0.00    0.00    0.00    16  run-loki.sh
03:45:43 PM  1000   1037525    0.00    0.00    0.00    0.00    0.00    16  grafana
03:45:43 PM  1000   1037526    0.00    0.00    0.00    0.00    0.00    16  run-otelcol.sh
03:45:43 PM  1000   1037529    0.00    0.00    0.00    0.00    0.00    20  run-prometheus.
03:45:43 PM  1000   1037531    1.00    1.00    0.00    0.00    2.00    16  otelcol-contrib
03:45:43 PM  1000   1037532    0.00    0.00    0.00    0.00    0.00    16  run-tempo.sh
03:45:43 PM  1000   1037535    0.00    0.00    0.00    0.00    0.00    18  run-pyroscope.s
03:45:43 PM  1000   1037541    0.00    0.00    0.00    0.00    0.00    18  prometheus
03:45:43 PM  1000   1037543    0.00    0.00    0.00    0.00    0.00    20  loki
03:45:43 PM  1000   1037544    9.00    0.00    0.00    0.00    9.00    20  tempo
03:45:43 PM  1000   1037546    0.00    0.00    0.00    0.00    0.00    20  pyroscope

03:45:42 PM   UID       PID   cswch/s nvcswch/s  Command
03:45:43 PM  1000   1037521      0.00      0.00  run-grafana.sh
03:45:43 PM  1000   1037523      0.00      0.00  run-loki.sh
03:45:43 PM  1000   1037525      0.00      0.00  grafana
03:45:43 PM  1000   1037526      0.00      0.00  run-otelcol.sh
03:45:43 PM  1000   1037529      0.00      0.00  run-prometheus.
03:45:43 PM  1000   1037531     27.00      0.00  otelcol-contrib
03:45:43 PM  1000   1037532      0.00      0.00  run-tempo.sh
03:45:43 PM  1000   1037535      0.00      0.00  run-pyroscope.s
03:45:43 PM  1000   1037541      0.00      0.00  prometheus
03:45:43 PM  1000   1037543      0.00      0.00  loki
03:45:43 PM  1000   1037544     65.00      3.00  tempo
03:45:43 PM  1000   1037546     42.00      0.00  pyroscope

03:45:43 PM   UID       PID    %usr %system  %guest   %wait    %CPU   CPU  Command
03:45:44 PM  1000   1037521    0.00    0.00    0.00    0.00    0.00    18  run-grafana.sh
03:45:44 PM  1000   1037523    0.00    0.00    0.00    0.00    0.00    16  run-loki.sh
03:45:44 PM  1000   1037525    0.00    0.00    0.00    0.00    0.00    16  grafana
03:45:44 PM  1000   1037526    0.00    0.00    0.00    0.00    0.00    16  run-otelcol.sh
03:45:44 PM  1000   1037529    0.00    0.00    0.00    0.00    0.00    20  run-prometheus.
03:45:44 PM  1000   1037531    1.00    0.00    0.00    0.00    1.00    20  otelcol-contrib
03:45:44 PM  1000   1037532    0.00    0.00    0.00    0.00    0.00    16  run-tempo.sh
03:45:44 PM  1000   1037535    0.00    0.00    0.00    0.00    0.00    18  run-pyroscope.s
03:45:44 PM  1000   1037541    0.00    0.00    0.00    0.00    0.00    18  prometheus
03:45:44 PM  1000   1037543    0.00    0.00    0.00    0.00    0.00    20  loki
03:45:44 PM  1000   1037544    3.00    0.00    0.00    0.00    3.00    16  tempo
03:45:44 PM  1000   1037546    1.00    0.00    0.00    0.00    1.00    20  pyroscope

03:45:43 PM   UID       PID   cswch/s nvcswch/s  Command
03:45:44 PM  1000   1037521      0.00      0.00  run-grafana.sh
03:45:44 PM  1000   1037523      0.00      0.00  run-loki.sh
03:45:44 PM  1000   1037525      0.00      0.00  grafana
03:45:44 PM  1000   1037526      0.00      0.00  run-otelcol.sh
03:45:44 PM  1000   1037529      0.00      0.00  run-prometheus.
03:45:44 PM  1000   1037531     17.00      0.00  otelcol-contrib
03:45:44 PM  1000   1037532      0.00      0.00  run-tempo.sh
03:45:44 PM  1000   1037535      0.00      0.00  run-pyroscope.s
03:45:44 PM  1000   1037541      0.00      0.00  prometheus
03:45:44 PM  1000   1037543      0.00      0.00  loki
03:45:44 PM  1000   1037544     36.00      0.00  tempo
03:45:44 PM  1000   1037546     37.00      0.00  pyroscope

03:45:44 PM   UID       PID    %usr %system  %guest   %wait    %CPU   CPU  Command
03:45:45 PM  1000   1037521    0.00    0.00    0.00    0.00    0.00    18  run-grafana.sh
03:45:45 PM  1000   1037523    0.00    0.00    0.00    0.00    0.00    16  run-loki.sh
03:45:45 PM  1000   1037525    0.00    0.00    0.00    0.00    0.00    16  grafana
03:45:45 PM  1000   1037526    0.00    0.00    0.00    0.00    0.00    16  run-otelcol.sh
03:45:45 PM  1000   1037529    0.00    0.00    0.00    0.00    0.00    20  run-prometheus.
03:45:45 PM  1000   1037531    2.00    0.00    0.00    0.00    2.00    16  otelcol-contrib
03:45:45 PM  1000   1037532    0.00    0.00    0.00    0.00    0.00    16  run-tempo.sh
03:45:45 PM  1000   1037535    0.00    0.00    0.00    0.00    0.00    18  run-pyroscope.s
03:45:45 PM  1000   1037541    0.00    0.00    0.00    0.00    0.00    18  prometheus
03:45:45 PM  1000   1037543    0.00    0.00    0.00    0.00    0.00    20  loki
03:45:45 PM  1000   1037544    8.00    1.00    0.00    0.00    9.00    18  tempo
03:45:45 PM  1000   1037546    0.00    0.00    0.00    0.00    0.00    20  pyroscope

03:45:44 PM   UID       PID   cswch/s nvcswch/s  Command
03:45:45 PM  1000   1037521      0.00      0.00  run-grafana.sh
03:45:45 PM  1000   1037523      0.00      0.00  run-loki.sh
03:45:45 PM  1000   1037525      0.00      0.00  grafana
03:45:45 PM  1000   1037526      0.00      0.00  run-otelcol.sh
03:45:45 PM  1000   1037529      0.00      0.00  run-prometheus.
03:45:45 PM  1000   1037531     24.00      0.00  otelcol-contrib
03:45:45 PM  1000   1037532      0.00      0.00  run-tempo.sh
03:45:45 PM  1000   1037535      0.00      0.00  run-pyroscope.s
03:45:45 PM  1000   1037541      0.00      0.00  prometheus
03:45:45 PM  1000   1037543      0.00      0.00  loki
03:45:45 PM  1000   1037544     33.00      2.00  tempo
03:45:45 PM  1000   1037546     34.00      0.00  pyroscope

03:45:45 PM   UID       PID    %usr %system  %guest   %wait    %CPU   CPU  Command
03:45:46 PM  1000   1037521    0.00    0.00    0.00    0.00    0.00    18  run-grafana.sh
03:45:46 PM  1000   1037523    0.00    0.00    0.00    0.00    0.00    16  run-loki.sh
03:45:46 PM  1000   1037525    0.00    0.00    0.00    0.00    0.00    16  grafana
03:45:46 PM  1000   1037526    0.00    0.00    0.00    0.00    0.00    16  run-otelcol.sh
03:45:46 PM  1000   1037529    0.00    0.00    0.00    0.00    0.00    20  run-prometheus.
03:45:46 PM  1000   1037531    3.00    0.00    0.00    0.00    3.00    16  otelcol-contrib
03:45:46 PM  1000   1037532    0.00    0.00    0.00    0.00    0.00    16  run-tempo.sh
03:45:46 PM  1000   1037535    0.00    0.00    0.00    0.00    0.00    18  run-pyroscope.s
03:45:46 PM  1000   1037541    0.00    0.00    0.00    0.00    0.00    18  prometheus
03:45:46 PM  1000   1037543    1.00    0.00    0.00    0.00    1.00    20  loki
03:45:46 PM  1000   1037544   17.00    2.00    0.00    0.00   19.00    16  tempo
03:45:46 PM  1000   1037546    1.00    0.00    0.00    0.00    1.00    20  pyroscope

03:45:45 PM   UID       PID   cswch/s nvcswch/s  Command
03:45:46 PM  1000   1037521      0.00      0.00  run-grafana.sh
03:45:46 PM  1000   1037523      0.00      0.00  run-loki.sh
03:45:46 PM  1000   1037525      0.00      0.00  grafana
03:45:46 PM  1000   1037526      0.00      0.00  run-otelcol.sh
03:45:46 PM  1000   1037529      0.00      0.00  run-prometheus.
03:45:46 PM  1000   1037531     34.00      1.00  otelcol-contrib
03:45:46 PM  1000   1037532      0.00      0.00  run-tempo.sh
03:45:46 PM  1000   1037535      0.00      0.00  run-pyroscope.s
03:45:46 PM  1000   1037541      0.00      0.00  prometheus
03:45:46 PM  1000   1037543      0.00      0.00  loki
03:45:46 PM  1000   1037544     32.00      0.00  tempo
03:45:46 PM  1000   1037546     47.00      0.00  pyroscope

03:45:46 PM   UID       PID    %usr %system  %guest   %wait    %CPU   CPU  Command
03:45:47 PM  1000   1037521    0.00    0.00    0.00    0.00    0.00    18  run-grafana.sh
03:45:47 PM  1000   1037523    0.00    0.00    0.00    0.00    0.00    16  run-loki.sh
03:45:47 PM  1000   1037525    0.00    1.00    0.00    0.00    1.00    16  grafana
03:45:47 PM  1000   1037526    0.00    0.00    0.00    0.00    0.00    16  run-otelcol.sh
03:45:47 PM  1000   1037529    0.00    0.00    0.00    0.00    0.00    20  run-prometheus.
03:45:47 PM  1000   1037531    1.00    0.00    0.00    0.00    1.00    18  otelcol-contrib
03:45:47 PM  1000   1037532    0.00    0.00    0.00    0.00    0.00    16  run-tempo.sh
03:45:47 PM  1000   1037535    0.00    0.00    0.00    0.00    0.00    18  run-pyroscope.s
03:45:47 PM  1000   1037541    0.00    0.00    0.00    0.00    0.00    18  prometheus
03:45:47 PM  1000   1037543    0.00    1.00    0.00    0.00    1.00    20  loki
03:45:47 PM  1000   1037544    4.00    0.00    0.00    0.00    4.00    16  tempo
03:45:47 PM  1000   1037546    0.00    0.00    0.00    0.00    0.00    20  pyroscope

03:45:46 PM   UID       PID   cswch/s nvcswch/s  Command
03:45:47 PM  1000   1037521      0.00      0.00  run-grafana.sh
03:45:47 PM  1000   1037523      0.00      0.00  run-loki.sh
03:45:47 PM  1000   1037525      0.00      0.00  grafana
03:45:47 PM  1000   1037526      0.00      0.00  run-otelcol.sh
03:45:47 PM  1000   1037529      0.00      0.00  run-prometheus.
03:45:47 PM  1000   1037531     27.00      2.00  otelcol-contrib
03:45:47 PM  1000   1037532      0.00      0.00  run-tempo.sh
03:45:47 PM  1000   1037535      0.00      0.00  run-pyroscope.s
03:45:47 PM  1000   1037541      0.00      0.00  prometheus
03:45:47 PM  1000   1037543      0.00      0.00  loki
03:45:47 PM  1000   1037544     58.00      1.00  tempo
03:45:47 PM  1000   1037546      3.00      0.00  pyroscope

03:45:47 PM   UID       PID    %usr %system  %guest   %wait    %CPU   CPU  Command
03:45:48 PM  1000   1037521    0.00    0.00    0.00    0.00    0.00    18  run-grafana.sh
03:45:48 PM  1000   1037523    0.00    0.00    0.00    0.00    0.00    16  run-loki.sh
03:45:48 PM  1000   1037525    0.00    0.00    0.00    0.00    0.00    16  grafana
03:45:48 PM  1000   1037526    0.00    0.00    0.00    0.00    0.00    16  run-otelcol.sh
03:45:48 PM  1000   1037529    0.00    0.00    0.00    0.00    0.00    20  run-prometheus.
03:45:48 PM  1000   1037531    1.00    0.00    0.00    0.00    1.00    16  otelcol-contrib
03:45:48 PM  1000   1037532    0.00    0.00    0.00    0.00    0.00    16  run-tempo.sh
03:45:48 PM  1000   1037535    0.00    0.00    0.00    0.00    0.00    18  run-pyroscope.s
03:45:48 PM  1000   1037541    0.00    0.00    0.00    0.00    0.00    18  prometheus
03:45:48 PM  1000   1037543    0.00    0.00    0.00    0.00    0.00    20  loki
03:45:48 PM  1000   1037544   12.00    1.00    0.00    0.00   13.00    16  tempo
03:45:48 PM  1000   1037546    1.00    0.00    0.00    0.00    1.00    20  pyroscope

03:45:47 PM   UID       PID   cswch/s nvcswch/s  Command
03:45:48 PM  1000   1037521      0.00      0.00  run-grafana.sh
03:45:48 PM  1000   1037523      0.00      0.00  run-loki.sh
03:45:48 PM  1000   1037525      0.00      0.00  grafana
03:45:48 PM  1000   1037526      0.00      0.00  run-otelcol.sh
03:45:48 PM  1000   1037529      0.00      0.00  run-prometheus.
03:45:48 PM  1000   1037531     30.00      0.00  otelcol-contrib
03:45:48 PM  1000   1037532      0.00      0.00  run-tempo.sh
03:45:48 PM  1000   1037535      0.00      0.00  run-pyroscope.s
03:45:48 PM  1000   1037541      0.00      0.00  prometheus
03:45:48 PM  1000   1037543      0.00      0.00  loki
03:45:48 PM  1000   1037544     48.00      4.00  tempo
03:45:48 PM  1000   1037546     30.00      0.00  pyroscope

03:45:48 PM   UID       PID    %usr %system  %guest   %wait    %CPU   CPU  Command
03:45:49 PM  1000   1037521    0.00    0.00    0.00    0.00    0.00    18  run-grafana.sh
03:45:49 PM  1000   1037523    0.00    0.00    0.00    0.00    0.00    16  run-loki.sh
03:45:49 PM  1000   1037525    2.00    0.00    0.00    0.00    2.00    16  grafana
03:45:49 PM  1000   1037526    0.00    0.00    0.00    0.00    0.00    16  run-otelcol.sh
03:45:49 PM  1000   1037529    0.00    0.00    0.00    0.00    0.00    20  run-prometheus.
03:45:49 PM  1000   1037531    2.00    1.00    0.00    0.00    3.00    16  otelcol-contrib
03:45:49 PM  1000   1037532    0.00    0.00    0.00    0.00    0.00    16  run-tempo.sh
03:45:49 PM  1000   1037535    0.00    0.00    0.00    0.00    0.00    18  run-pyroscope.s
03:45:49 PM  1000   1037541    0.00    0.00    0.00    0.00    0.00    18  prometheus
03:45:49 PM  1000   1037543    1.00    0.00    0.00    0.00    1.00    20  loki
03:45:49 PM  1000   1037544   18.00    1.00    0.00    2.00   19.00    18  tempo
03:45:49 PM  1000   1037546    0.00    0.00    0.00    0.00    0.00    16  pyroscope

03:45:48 PM   UID       PID   cswch/s nvcswch/s  Command
03:45:49 PM  1000   1037521      0.00      0.00  run-grafana.sh
03:45:49 PM  1000   1037523      0.00      0.00  run-loki.sh
03:45:49 PM  1000   1037525      0.00      0.00  grafana
03:45:49 PM  1000   1037526      0.00      0.00  run-otelcol.sh
03:45:49 PM  1000   1037529      0.00      0.00  run-prometheus.
03:45:49 PM  1000   1037531     23.00      1.00  otelcol-contrib
03:45:49 PM  1000   1037532      0.00      0.00  run-tempo.sh
03:45:49 PM  1000   1037535      0.00      0.00  run-pyroscope.s
03:45:49 PM  1000   1037541      0.00      0.00  prometheus
03:45:49 PM  1000   1037543      0.00      0.00  loki
03:45:49 PM  1000   1037544     44.00      3.00  tempo
03:45:49 PM  1000   1037546     36.00      0.00  pyroscope

03:45:49 PM   UID       PID    %usr %system  %guest   %wait    %CPU   CPU  Command
03:45:50 PM  1000   1037521    0.00    0.00    0.00    0.00    0.00    18  run-grafana.sh
03:45:50 PM  1000   1037523    0.00    0.00    0.00    0.00    0.00    16  run-loki.sh
03:45:50 PM  1000   1037525    0.00    0.00    0.00    0.00    0.00    16  grafana
03:45:50 PM  1000   1037526    0.00    0.00    0.00    0.00    0.00    16  run-otelcol.sh
03:45:50 PM  1000   1037529    0.00    0.00    0.00    0.00    0.00    20  run-prometheus.
03:45:50 PM  1000   1037531    1.00    0.00    0.00    0.00    1.00    16  otelcol-contrib
03:45:50 PM  1000   1037532    0.00    0.00    0.00    0.00    0.00    16  run-tempo.sh
03:45:50 PM  1000   1037535    0.00    0.00    0.00    0.00    0.00    18  run-pyroscope.s
03:45:50 PM  1000   1037541    0.00    0.00    0.00    0.00    0.00    18  prometheus
03:45:50 PM  1000   1037543    0.00    0.00    0.00    0.00    0.00    20  loki
03:45:50 PM  1000   1037544   12.00    1.00    0.00    0.00   13.00    16  tempo
03:45:50 PM  1000   1037546    0.00    0.00    0.00    0.00    0.00    18  pyroscope

03:45:49 PM   UID       PID   cswch/s nvcswch/s  Command
03:45:50 PM  1000   1037521      0.00      0.00  run-grafana.sh
03:45:50 PM  1000   1037523      0.00      0.00  run-loki.sh
03:45:50 PM  1000   1037525      0.00      0.00  grafana
03:45:50 PM  1000   1037526      0.00      0.00  run-otelcol.sh
03:45:50 PM  1000   1037529      0.00      0.00  run-prometheus.
03:45:50 PM  1000   1037531     23.00      0.00  otelcol-contrib
03:45:50 PM  1000   1037532      0.00      0.00  run-tempo.sh
03:45:50 PM  1000   1037535      0.00      0.00  run-pyroscope.s
03:45:50 PM  1000   1037541      0.00      0.00  prometheus
03:45:50 PM  1000   1037543      0.00      0.00  loki
03:45:50 PM  1000   1037544     59.00     62.00  tempo
03:45:50 PM  1000   1037546     36.00      0.00  pyroscope

03:45:50 PM   UID       PID    %usr %system  %guest   %wait    %CPU   CPU  Command
03:45:51 PM  1000   1037521    0.00    0.00    0.00    0.00    0.00    18  run-grafana.sh
03:45:51 PM  1000   1037523    0.00    0.00    0.00    0.00    0.00    16  run-loki.sh
03:45:51 PM  1000   1037525    0.00    0.00    0.00    0.00    0.00    16  grafana
03:45:51 PM  1000   1037526    0.00    0.00    0.00    0.00    0.00    16  run-otelcol.sh
03:45:51 PM  1000   1037529    0.00    0.00    0.00    0.00    0.00    20  run-prometheus.
03:45:51 PM  1000   1037531    2.00    0.00    0.00    0.00    2.00    20  otelcol-contrib
03:45:51 PM  1000   1037532    0.00    0.00    0.00    0.00    0.00    16  run-tempo.sh
03:45:51 PM  1000   1037535    0.00    0.00    0.00    0.00    0.00    18  run-pyroscope.s
03:45:51 PM  1000   1037541    1.00    0.00    0.00    0.00    1.00    18  prometheus
03:45:51 PM  1000   1037543    0.00    0.00    0.00    0.00    0.00    20  loki
03:45:51 PM  1000   1037544    4.00    0.00    0.00    0.00    4.00    16  tempo
03:45:51 PM  1000   1037546    3.00    1.00    0.00    0.00    4.00    18  pyroscope

03:45:50 PM   UID       PID   cswch/s nvcswch/s  Command
03:45:51 PM  1000   1037521      0.00      0.00  run-grafana.sh
03:45:51 PM  1000   1037523      0.00      0.00  run-loki.sh
03:45:51 PM  1000   1037525      0.00      0.00  grafana
03:45:51 PM  1000   1037526      0.00      0.00  run-otelcol.sh
03:45:51 PM  1000   1037529      0.00      0.00  run-prometheus.
03:45:51 PM  1000   1037531     33.00      0.00  otelcol-contrib
03:45:51 PM  1000   1037532      0.00      0.00  run-tempo.sh
03:45:51 PM  1000   1037535      0.00      0.00  run-pyroscope.s
03:45:51 PM  1000   1037541      0.00      0.00  prometheus
03:45:51 PM  1000   1037543      0.00      0.00  loki
03:45:51 PM  1000   1037544     49.00      3.00  tempo
03:45:51 PM  1000   1037546     38.00      0.00  pyroscope

03:45:51 PM   UID       PID    %usr %system  %guest   %wait    %CPU   CPU  Command
03:45:52 PM  1000   1037521    0.00    0.00    0.00    0.00    0.00    18  run-grafana.sh
03:45:52 PM  1000   1037523    0.00    0.00    0.00    0.00    0.00    16  run-loki.sh
03:45:52 PM  1000   1037525    1.00    0.00    0.00    0.00    1.00    16  grafana
03:45:52 PM  1000   1037526    0.00    0.00    0.00    0.00    0.00    16  run-otelcol.sh
03:45:52 PM  1000   1037529    0.00    0.00    0.00    0.00    0.00    20  run-prometheus.
03:45:52 PM  1000   1037531    3.00    0.00    0.00    0.00    3.00    16  otelcol-contrib
03:45:52 PM  1000   1037532    0.00    0.00    0.00    0.00    0.00    16  run-tempo.sh
03:45:52 PM  1000   1037535    0.00    0.00    0.00    0.00    0.00    18  run-pyroscope.s
03:45:52 PM  1000   1037541    0.00    0.00    0.00    0.00    0.00    18  prometheus
03:45:52 PM  1000   1037543    0.00    0.00    0.00    0.00    0.00    20  loki
03:45:52 PM  1000   1037544    9.00    1.00    0.00    0.00   10.00    20  tempo
03:45:52 PM  1000   1037546    0.00    0.00    0.00    0.00    0.00    18  pyroscope

03:45:51 PM   UID       PID   cswch/s nvcswch/s  Command
03:45:52 PM  1000   1037521      0.00      0.00  run-grafana.sh
03:45:52 PM  1000   1037523      0.00      0.00  run-loki.sh
03:45:52 PM  1000   1037525      0.00      0.00  grafana
03:45:52 PM  1000   1037526      0.00      0.00  run-otelcol.sh
03:45:52 PM  1000   1037529      0.00      0.00  run-prometheus.
03:45:52 PM  1000   1037531     28.00      0.00  otelcol-contrib
03:45:52 PM  1000   1037532      0.00      0.00  run-tempo.sh
03:45:52 PM  1000   1037535      0.00      0.00  run-pyroscope.s
03:45:52 PM  1000   1037541      0.00      0.00  prometheus
03:45:52 PM  1000   1037543      0.00      0.00  loki
03:45:52 PM  1000   1037544     44.00      0.00  tempo
03:45:52 PM  1000   1037546      0.00      0.00  pyroscope

03:45:52 PM   UID       PID    %usr %system  %guest   %wait    %CPU   CPU  Command
03:45:53 PM  1000   1037521    0.00    0.00    0.00    0.00    0.00    18  run-grafana.sh
03:45:53 PM  1000   1037523    0.00    0.00    0.00    0.00    0.00    16  run-loki.sh
03:45:53 PM  1000   1037525    0.00    0.00    0.00    0.00    0.00    16  grafana
03:45:53 PM  1000   1037526    0.00    0.00    0.00    0.00    0.00    16  run-otelcol.sh
03:45:53 PM  1000   1037529    0.00    0.00    0.00    0.00    0.00    20  run-prometheus.
03:45:53 PM  1000   1037531    1.00    0.00    0.00    0.00    1.00    16  otelcol-contrib
03:45:53 PM  1000   1037532    0.00    0.00    0.00    0.00    0.00    16  run-tempo.sh
03:45:53 PM  1000   1037535    0.00    0.00    0.00    0.00    0.00    18  run-pyroscope.s
03:45:53 PM  1000   1037541    0.00    0.00    0.00    0.00    0.00    18  prometheus
03:45:53 PM  1000   1037543    1.00    0.00    0.00    0.00    1.00    20  loki
03:45:53 PM  1000   1037544    4.00    0.00    0.00    0.00    4.00    18  tempo
03:45:53 PM  1000   1037546    0.00    0.00    0.00    0.00    0.00    18  pyroscope

03:45:52 PM   UID       PID   cswch/s nvcswch/s  Command
03:45:53 PM  1000   1037521      0.00      0.00  run-grafana.sh
03:45:53 PM  1000   1037523      0.00      0.00  run-loki.sh
03:45:53 PM  1000   1037525      0.00      0.00  grafana
03:45:53 PM  1000   1037526      0.00      0.00  run-otelcol.sh
03:45:53 PM  1000   1037529      0.00      0.00  run-prometheus.
03:45:53 PM  1000   1037531     29.00      0.00  otelcol-contrib
03:45:53 PM  1000   1037532      0.00      0.00  run-tempo.sh
03:45:53 PM  1000   1037535      0.00      0.00  run-pyroscope.s
03:45:53 PM  1000   1037541      0.00      0.00  prometheus
03:45:53 PM  1000   1037543      0.00      0.00  loki
03:45:53 PM  1000   1037544     50.00      0.00  tempo
03:45:53 PM  1000   1037546      0.00      0.00  pyroscope

03:45:53 PM   UID       PID    %usr %system  %guest   %wait    %CPU   CPU  Command
03:45:54 PM  1000   1037521    0.00    0.00    0.00    0.00    0.00    18  run-grafana.sh
03:45:54 PM  1000   1037523    0.00    0.00    0.00    0.00    0.00    16  run-loki.sh
03:45:54 PM  1000   1037525    0.00    0.00    0.00    0.00    0.00    16  grafana
03:45:54 PM  1000   1037526    0.00    0.00    0.00    0.00    0.00    16  run-otelcol.sh
03:45:54 PM  1000   1037529    0.00    0.00    0.00    0.00    0.00    20  run-prometheus.
03:45:54 PM  1000   1037531    2.00    0.00    0.00    0.00    2.00    18  otelcol-contrib
03:45:54 PM  1000   1037532    0.00    0.00    0.00    0.00    0.00    16  run-tempo.sh
03:45:54 PM  1000   1037535    0.00    0.00    0.00    0.00    0.00    18  run-pyroscope.s
03:45:54 PM  1000   1037541    0.00    0.00    0.00    0.00    0.00    18  prometheus
03:45:54 PM  1000   1037543    0.00    0.00    0.00    0.00    0.00    20  loki
03:45:54 PM  1000   1037544   13.00    2.00    0.00    0.00   15.00    20  tempo
03:45:54 PM  1000   1037546    0.00    0.00    0.00    0.00    0.00    18  pyroscope

03:45:53 PM   UID       PID   cswch/s nvcswch/s  Command
03:45:54 PM  1000   1037521      0.00      0.00  run-grafana.sh
03:45:54 PM  1000   1037523      0.00      0.00  run-loki.sh
03:45:54 PM  1000   1037525      0.00      0.00  grafana
03:45:54 PM  1000   1037526      0.00      0.00  run-otelcol.sh
03:45:54 PM  1000   1037529      0.00      0.00  run-prometheus.
03:45:54 PM  1000   1037531     30.00      0.00  otelcol-contrib
03:45:54 PM  1000   1037532      0.00      0.00  run-tempo.sh
03:45:54 PM  1000   1037535      0.00      0.00  run-pyroscope.s
03:45:54 PM  1000   1037541      0.00      0.00  prometheus
03:45:54 PM  1000   1037543      0.00      0.00  loki
03:45:54 PM  1000   1037544     59.00      5.00  tempo
03:45:54 PM  1000   1037546      0.00      0.00  pyroscope

03:45:54 PM   UID       PID    %usr %system  %guest   %wait    %CPU   CPU  Command
03:45:55 PM  1000   1037521    0.00    0.00    0.00    0.00    0.00    18  run-grafana.sh
03:45:55 PM  1000   1037523    0.00    0.00    0.00    0.00    0.00    16  run-loki.sh
03:45:55 PM  1000   1037525    0.00    0.00    0.00    0.00    0.00    16  grafana
03:45:55 PM  1000   1037526    0.00    0.00    0.00    0.00    0.00    16  run-otelcol.sh
03:45:55 PM  1000   1037529    0.00    0.00    0.00    0.00    0.00    20  run-prometheus.
03:45:55 PM  1000   1037531    1.00    1.00    0.00    0.00    2.00    18  otelcol-contrib
03:45:55 PM  1000   1037532    0.00    0.00    0.00    0.00    0.00    16  run-tempo.sh
03:45:55 PM  1000   1037535    0.00    0.00    0.00    0.00    0.00    18  run-pyroscope.s
03:45:55 PM  1000   1037541    0.00    0.00    0.00    0.00    0.00    18  prometheus
03:45:55 PM  1000   1037543    0.00    0.00    0.00    0.00    0.00    20  loki
03:45:55 PM  1000   1037544   21.00    2.00    0.00    0.00   23.00    16  tempo
03:45:55 PM  1000   1037546    0.00    0.00    0.00    1.00    0.00    20  pyroscope

03:45:54 PM   UID       PID   cswch/s nvcswch/s  Command
03:45:55 PM  1000   1037521      0.00      0.00  run-grafana.sh
03:45:55 PM  1000   1037523      0.00      0.00  run-loki.sh
03:45:55 PM  1000   1037525      0.00      0.00  grafana
03:45:55 PM  1000   1037526      0.00      0.00  run-otelcol.sh
03:45:55 PM  1000   1037529      0.00      0.00  run-prometheus.
03:45:55 PM  1000   1037531     38.00      0.00  otelcol-contrib
03:45:55 PM  1000   1037532      0.00      0.00  run-tempo.sh
03:45:55 PM  1000   1037535      0.00      0.00  run-pyroscope.s
03:45:55 PM  1000   1037541      0.00      0.00  prometheus
03:45:55 PM  1000   1037543      0.00      0.00  loki
03:45:55 PM  1000   1037544     67.00      4.00  tempo
03:45:55 PM  1000   1037546     25.00      0.00  pyroscope

03:45:55 PM   UID       PID    %usr %system  %guest   %wait    %CPU   CPU  Command
03:45:56 PM  1000   1037521    0.00    0.00    0.00    0.00    0.00    18  run-grafana.sh
03:45:56 PM  1000   1037523    0.00    0.00    0.00    0.00    0.00    16  run-loki.sh
03:45:56 PM  1000   1037525    0.00    0.00    0.00    0.00    0.00    16  grafana
03:45:56 PM  1000   1037526    0.00    0.00    0.00    0.00    0.00    16  run-otelcol.sh
03:45:56 PM  1000   1037529    0.00    0.00    0.00    0.00    0.00    20  run-prometheus.
03:45:56 PM  1000   1037531    2.00    0.00    0.00    0.00    2.00    16  otelcol-contrib
03:45:56 PM  1000   1037532    0.00    0.00    0.00    0.00    0.00    16  run-tempo.sh
03:45:56 PM  1000   1037535    0.00    0.00    0.00    0.00    0.00    18  run-pyroscope.s
03:45:56 PM  1000   1037541    0.00    0.00    0.00    0.00    0.00    18  prometheus
03:45:56 PM  1000   1037543    0.00    0.00    0.00    0.00    0.00    20  loki
03:45:56 PM  1000   1037544    4.00    0.00    0.00    0.00    4.00    16  tempo
03:45:56 PM  1000   1037546    0.00    0.00    0.00    0.00    0.00    18  pyroscope

03:45:55 PM   UID       PID   cswch/s nvcswch/s  Command
03:45:56 PM  1000   1037521      0.00      0.00  run-grafana.sh
03:45:56 PM  1000   1037523      0.00      0.00  run-loki.sh
03:45:56 PM  1000   1037525      0.00      0.00  grafana
03:45:56 PM  1000   1037526      0.00      0.00  run-otelcol.sh
03:45:56 PM  1000   1037529      0.00      0.00  run-prometheus.
03:45:56 PM  1000   1037531     26.00      0.00  otelcol-contrib
03:45:56 PM  1000   1037532      0.00      0.00  run-tempo.sh
03:45:56 PM  1000   1037535      0.00      0.00  run-pyroscope.s
03:45:56 PM  1000   1037541      0.00      0.00  prometheus
03:45:56 PM  1000   1037543      0.00      0.00  loki
03:45:56 PM  1000   1037544     59.00      3.00  tempo
03:45:56 PM  1000   1037546     53.00      0.00  pyroscope

03:45:56 PM   UID       PID    %usr %system  %guest   %wait    %CPU   CPU  Command
03:45:57 PM  1000   1037521    0.00    0.00    0.00    0.00    0.00    18  run-grafana.sh
03:45:57 PM  1000   1037523    0.00    0.00    0.00    0.00    0.00    16  run-loki.sh
03:45:57 PM  1000   1037525    0.00    0.00    0.00    0.00    0.00    16  grafana
03:45:57 PM  1000   1037526    0.00    0.00    0.00    0.00    0.00    16  run-otelcol.sh
03:45:57 PM  1000   1037529    0.00    0.00    0.00    0.00    0.00    20  run-prometheus.
03:45:57 PM  1000   1037531    2.00    0.00    0.00    0.00    2.00    16  otelcol-contrib
03:45:57 PM  1000   1037532    0.00    0.00    0.00    0.00    0.00    16  run-tempo.sh
03:45:57 PM  1000   1037535    0.00    0.00    0.00    0.00    0.00    18  run-pyroscope.s
03:45:57 PM  1000   1037541    0.00    0.00    0.00    0.00    0.00    18  prometheus
03:45:57 PM  1000   1037543    1.00    0.00    0.00    0.00    1.00    20  loki
03:45:57 PM  1000   1037544    3.00    0.00    0.00    0.00    3.00    20  tempo
03:45:57 PM  1000   1037546    1.00    0.00    0.00    0.00    1.00    18  pyroscope

03:45:56 PM   UID       PID   cswch/s nvcswch/s  Command
03:45:57 PM  1000   1037521      0.00      0.00  run-grafana.sh
03:45:57 PM  1000   1037523      0.00      0.00  run-loki.sh
03:45:57 PM  1000   1037525      0.00      0.00  grafana
03:45:57 PM  1000   1037526      0.00      0.00  run-otelcol.sh
03:45:57 PM  1000   1037529      0.00      0.00  run-prometheus.
03:45:57 PM  1000   1037531     22.00      0.00  otelcol-contrib
03:45:57 PM  1000   1037532      0.00      0.00  run-tempo.sh
03:45:57 PM  1000   1037535      0.00      0.00  run-pyroscope.s
03:45:57 PM  1000   1037541      0.00      0.00  prometheus
03:45:57 PM  1000   1037543      0.00      0.00  loki
03:45:57 PM  1000   1037544     14.00      0.00  tempo
03:45:57 PM  1000   1037546     44.00      0.00  pyroscope

03:45:57 PM   UID       PID    %usr %system  %guest   %wait    %CPU   CPU  Command
03:45:58 PM  1000   1037521    0.00    0.00    0.00    0.00    0.00    18  run-grafana.sh
03:45:58 PM  1000   1037523    0.00    0.00    0.00    0.00    0.00    16  run-loki.sh
03:45:58 PM  1000   1037525    0.00    0.00    0.00    0.00    0.00    16  grafana
03:45:58 PM  1000   1037526    0.00    0.00    0.00    0.00    0.00    16  run-otelcol.sh
03:45:58 PM  1000   1037529    0.00    0.00    0.00    0.00    0.00    20  run-prometheus.
03:45:58 PM  1000   1037531    2.00    0.00    0.00    0.00    2.00    18  otelcol-contrib
03:45:58 PM  1000   1037532    0.00    0.00    0.00    0.00    0.00    16  run-tempo.sh
03:45:58 PM  1000   1037535    0.00    0.00    0.00    0.00    0.00    18  run-pyroscope.s
03:45:58 PM  1000   1037541    0.00    0.00    0.00    0.00    0.00    18  prometheus
03:45:58 PM  1000   1037543    0.00    0.00    0.00    0.00    0.00    20  loki
03:45:58 PM  1000   1037544   23.00    3.00    0.00    0.00   26.00    18  tempo
03:45:58 PM  1000   1037546    0.00    0.00    0.00    0.00    0.00    16  pyroscope

03:45:57 PM   UID       PID   cswch/s nvcswch/s  Command
03:45:58 PM  1000   1037521      0.00      0.00  run-grafana.sh
03:45:58 PM  1000   1037523      0.00      0.00  run-loki.sh
03:45:58 PM  1000   1037525      0.00      0.00  grafana
03:45:58 PM  1000   1037526      0.00      0.00  run-otelcol.sh
03:45:58 PM  1000   1037529      0.00      0.00  run-prometheus.
03:45:58 PM  1000   1037531     18.00      0.00  otelcol-contrib
03:45:58 PM  1000   1037532      0.00      0.00  run-tempo.sh
03:45:58 PM  1000   1037535      0.00      0.00  run-pyroscope.s
03:45:58 PM  1000   1037541      0.00      0.00  prometheus
03:45:58 PM  1000   1037543      0.00      0.00  loki
03:45:58 PM  1000   1037544     55.00      1.00  tempo
03:45:58 PM  1000   1037546     31.00      0.00  pyroscope

03:45:58 PM   UID       PID    %usr %system  %guest   %wait    %CPU   CPU  Command
03:45:59 PM  1000   1037521    0.00    0.00    0.00    0.00    0.00    18  run-grafana.sh
03:45:59 PM  1000   1037523    0.00    0.00    0.00    0.00    0.00    16  run-loki.sh
03:45:59 PM  1000   1037525    2.00    1.00    0.00    0.00    3.00    16  grafana
03:45:59 PM  1000   1037526    0.00    0.00    0.00    0.00    0.00    16  run-otelcol.sh
03:45:59 PM  1000   1037529    0.00    0.00    0.00    0.00    0.00    20  run-prometheus.
03:45:59 PM  1000   1037531    2.00    0.00    0.00    0.00    2.00    20  otelcol-contrib
03:45:59 PM  1000   1037532    0.00    0.00    0.00    0.00    0.00    16  run-tempo.sh
03:45:59 PM  1000   1037535    0.00    0.00    0.00    0.00    0.00    18  run-pyroscope.s
03:45:59 PM  1000   1037541    0.00    0.00    0.00    0.00    0.00    18  prometheus
03:45:59 PM  1000   1037543    0.00    0.00    0.00    0.00    0.00    20  loki
03:45:59 PM  1000   1037544   12.00    2.00    0.00    0.00   14.00    18  tempo
03:45:59 PM  1000   1037546    0.00    0.00    0.00    0.00    0.00    20  pyroscope

03:45:58 PM   UID       PID   cswch/s nvcswch/s  Command
03:45:59 PM  1000   1037521      0.00      0.00  run-grafana.sh
03:45:59 PM  1000   1037523      0.00      0.00  run-loki.sh
03:45:59 PM  1000   1037525      0.00      0.00  grafana
03:45:59 PM  1000   1037526      0.00      0.00  run-otelcol.sh
03:45:59 PM  1000   1037529      0.00      0.00  run-prometheus.
03:45:59 PM  1000   1037531     32.00      0.00  otelcol-contrib
03:45:59 PM  1000   1037532      0.00      0.00  run-tempo.sh
03:45:59 PM  1000   1037535      0.00      0.00  run-pyroscope.s
03:45:59 PM  1000   1037541      0.00      0.00  prometheus
03:45:59 PM  1000   1037543      0.00      0.00  loki
03:45:59 PM  1000   1037544     66.00      2.00  tempo
03:45:59 PM  1000   1037546     45.00      0.00  pyroscope

03:45:59 PM   UID       PID    %usr %system  %guest   %wait    %CPU   CPU  Command
03:46:00 PM  1000   1037521    0.00    0.00    0.00    0.00    0.00    18  run-grafana.sh
03:46:00 PM  1000   1037523    0.00    0.00    0.00    0.00    0.00    16  run-loki.sh
03:46:00 PM  1000   1037525    0.00    0.00    0.00    0.00    0.00    16  grafana
03:46:00 PM  1000   1037526    0.00    0.00    0.00    0.00    0.00    16  run-otelcol.sh
03:46:00 PM  1000   1037529    0.00    0.00    0.00    0.00    0.00    20  run-prometheus.
03:46:00 PM  1000   1037531    1.00    0.00    0.00    0.00    1.00    16  otelcol-contrib
03:46:00 PM  1000   1037532    0.00    0.00    0.00    0.00    0.00    16  run-tempo.sh
03:46:00 PM  1000   1037535    0.00    0.00    0.00    0.00    0.00    18  run-pyroscope.s
03:46:00 PM  1000   1037541    0.00    0.00    0.00    0.00    0.00    18  prometheus
03:46:00 PM  1000   1037543    0.00    0.00    0.00    0.00    0.00    20  loki
03:46:00 PM  1000   1037544    8.00    0.00    0.00    1.00    8.00    16  tempo
03:46:00 PM  1000   1037546    0.00    0.00    0.00    0.00    0.00    20  pyroscope

03:45:59 PM   UID       PID   cswch/s nvcswch/s  Command
03:46:00 PM  1000   1037521      0.00      0.00  run-grafana.sh
03:46:00 PM  1000   1037523      0.00      0.00  run-loki.sh
03:46:00 PM  1000   1037525      0.00      0.00  grafana
03:46:00 PM  1000   1037526      0.00      0.00  run-otelcol.sh
03:46:00 PM  1000   1037529      0.00      0.00  run-prometheus.
03:46:00 PM  1000   1037531     26.00      0.00  otelcol-contrib
03:46:00 PM  1000   1037532      0.00      0.00  run-tempo.sh
03:46:00 PM  1000   1037535      0.00      0.00  run-pyroscope.s
03:46:00 PM  1000   1037541      0.00      0.00  prometheus
03:46:00 PM  1000   1037543      0.00      0.00  loki
03:46:00 PM  1000   1037544     42.00     10.00  tempo
03:46:00 PM  1000   1037546     39.00      0.00  pyroscope

03:46:00 PM   UID       PID    %usr %system  %guest   %wait    %CPU   CPU  Command
03:46:01 PM  1000   1037521    0.00    0.00    0.00    0.00    0.00    18  run-grafana.sh
03:46:01 PM  1000   1037523    0.00    0.00    0.00    0.00    0.00    16  run-loki.sh
03:46:01 PM  1000   1037525    0.00    0.00    0.00    0.00    0.00    16  grafana
03:46:01 PM  1000   1037526    0.00    0.00    0.00    0.00    0.00    16  run-otelcol.sh
03:46:01 PM  1000   1037529    0.00    0.00    0.00    0.00    0.00    20  run-prometheus.
03:46:01 PM  1000   1037531    1.00    1.00    0.00    0.00    2.00    16  otelcol-contrib
03:46:01 PM  1000   1037532    0.00    0.00    0.00    0.00    0.00    16  run-tempo.sh
03:46:01 PM  1000   1037535    0.00    0.00    0.00    0.00    0.00    18  run-pyroscope.s
03:46:01 PM  1000   1037541    0.00    1.00    0.00    0.00    1.00    18  prometheus
03:46:01 PM  1000   1037543    1.00    0.00    0.00    0.00    1.00    20  loki
03:46:01 PM  1000   1037544   12.00    1.00    0.00    0.00   13.00    16  tempo
03:46:01 PM  1000   1037546    0.00    0.00    0.00    0.00    0.00    18  pyroscope

03:46:00 PM   UID       PID   cswch/s nvcswch/s  Command
03:46:01 PM  1000   1037521      0.00      0.00  run-grafana.sh
03:46:01 PM  1000   1037523      0.00      0.00  run-loki.sh
03:46:01 PM  1000   1037525      0.00      0.00  grafana
03:46:01 PM  1000   1037526      0.00      0.00  run-otelcol.sh
03:46:01 PM  1000   1037529      0.00      0.00  run-prometheus.
03:46:01 PM  1000   1037531     18.00      0.00  otelcol-contrib
03:46:01 PM  1000   1037532      0.00      0.00  run-tempo.sh
03:46:01 PM  1000   1037535      0.00      0.00  run-pyroscope.s
03:46:01 PM  1000   1037541      0.00      0.00  prometheus
03:46:01 PM  1000   1037543      0.00      0.00  loki
03:46:01 PM  1000   1037544     63.00      5.00  tempo
03:46:01 PM  1000   1037546     34.00      0.00  pyroscope

03:46:01 PM   UID       PID    %usr %system  %guest   %wait    %CPU   CPU  Command
03:46:02 PM  1000   1037521    0.00    0.00    0.00    0.00    0.00    18  run-grafana.sh
03:46:02 PM  1000   1037523    0.00    0.00    0.00    0.00    0.00    16  run-loki.sh
03:46:02 PM  1000   1037525    0.00    0.00    0.00    0.00    0.00    16  grafana
03:46:02 PM  1000   1037526    0.00    0.00    0.00    0.00    0.00    16  run-otelcol.sh
03:46:02 PM  1000   1037529    0.00    0.00    0.00    0.00    0.00    20  run-prometheus.
03:46:02 PM  1000   1037531    1.00    0.00    0.00    0.00    1.00    20  otelcol-contrib
03:46:02 PM  1000   1037532    0.00    0.00    0.00    0.00    0.00    16  run-tempo.sh
03:46:02 PM  1000   1037535    0.00    0.00    0.00    0.00    0.00    18  run-pyroscope.s
03:46:02 PM  1000   1037541    0.00    0.00    0.00    0.00    0.00    18  prometheus
03:46:02 PM  1000   1037543    0.00    0.00    0.00    0.00    0.00    20  loki
03:46:02 PM  1000   1037544   10.00    2.00    0.00    0.00   12.00    16  tempo
03:46:02 PM  1000   1037546    0.00    0.00    0.00    0.00    0.00    18  pyroscope

03:46:01 PM   UID       PID   cswch/s nvcswch/s  Command
03:46:02 PM  1000   1037521      0.00      0.00  run-grafana.sh
03:46:02 PM  1000   1037523      0.00      0.00  run-loki.sh
03:46:02 PM  1000   1037525      0.00      0.00  grafana
03:46:02 PM  1000   1037526      0.00      0.00  run-otelcol.sh
03:46:02 PM  1000   1037529      0.00      0.00  run-prometheus.
03:46:02 PM  1000   1037531     23.00      0.00  otelcol-contrib
03:46:02 PM  1000   1037532      0.00      0.00  run-tempo.sh
03:46:02 PM  1000   1037535      0.00      0.00  run-pyroscope.s
03:46:02 PM  1000   1037541      0.00      0.00  prometheus
03:46:02 PM  1000   1037543      0.00      0.00  loki
03:46:02 PM  1000   1037544     46.00      5.00  tempo
03:46:02 PM  1000   1037546     47.00      0.00  pyroscope

03:46:02 PM   UID       PID    %usr %system  %guest   %wait    %CPU   CPU  Command
03:46:03 PM  1000   1037521    0.00    0.00    0.00    0.00    0.00    18  run-grafana.sh
03:46:03 PM  1000   1037523    0.00    0.00    0.00    0.00    0.00    16  run-loki.sh
03:46:03 PM  1000   1037525    0.00    0.00    0.00    0.00    0.00    16  grafana
03:46:03 PM  1000   1037526    0.00    0.00    0.00    0.00    0.00    16  run-otelcol.sh
03:46:03 PM  1000   1037529    0.00    0.00    0.00    0.00    0.00    20  run-prometheus.
03:46:03 PM  1000   1037531    3.00    0.00    0.00    0.00    3.00    20  otelcol-contrib
03:46:03 PM  1000   1037532    0.00    0.00    0.00    0.00    0.00    16  run-tempo.sh
03:46:03 PM  1000   1037535    0.00    0.00    0.00    0.00    0.00    18  run-pyroscope.s
03:46:03 PM  1000   1037541    1.00    0.00    0.00    0.00    1.00    18  prometheus
03:46:03 PM  1000   1037543    0.00    0.00    0.00    0.00    0.00    20  loki
03:46:03 PM  1000   1037544    5.00    0.00    0.00    0.00    5.00    18  tempo
03:46:03 PM  1000   1037546    0.00    0.00    0.00    0.00    0.00    18  pyroscope

03:46:02 PM   UID       PID   cswch/s nvcswch/s  Command
03:46:03 PM  1000   1037521      0.00      0.00  run-grafana.sh
03:46:03 PM  1000   1037523      0.00      0.00  run-loki.sh
03:46:03 PM  1000   1037525      0.00      0.00  grafana
03:46:03 PM  1000   1037526      0.00      0.00  run-otelcol.sh
03:46:03 PM  1000   1037529      0.00      0.00  run-prometheus.
03:46:03 PM  1000   1037531     26.00      1.00  otelcol-contrib
03:46:03 PM  1000   1037532      0.00      0.00  run-tempo.sh
03:46:03 PM  1000   1037535      0.00      0.00  run-pyroscope.s
03:46:03 PM  1000   1037541      0.00      0.00  prometheus
03:46:03 PM  1000   1037543      0.00      0.00  loki
03:46:03 PM  1000   1037544     45.00      4.00  tempo
03:46:03 PM  1000   1037546     32.00      0.00  pyroscope

03:46:03 PM   UID       PID    %usr %system  %guest   %wait    %CPU   CPU  Command
03:46:04 PM  1000   1037521    0.00    0.00    0.00    0.00    0.00    18  run-grafana.sh
03:46:04 PM  1000   1037523    0.00    0.00    0.00    0.00    0.00    16  run-loki.sh
03:46:04 PM  1000   1037525    0.00    0.00    0.00    0.00    0.00    16  grafana
03:46:04 PM  1000   1037526    0.00    0.00    0.00    0.00    0.00    16  run-otelcol.sh
03:46:04 PM  1000   1037529    0.00    0.00    0.00    0.00    0.00    20  run-prometheus.
03:46:04 PM  1000   1037531    1.00    0.00    0.00    0.00    1.00    16  otelcol-contrib
03:46:04 PM  1000   1037532    0.00    0.00    0.00    0.00    0.00    16  run-tempo.sh
03:46:04 PM  1000   1037535    0.00    0.00    0.00    0.00    0.00    18  run-pyroscope.s
03:46:04 PM  1000   1037541    1.00    0.00    0.00    0.00    1.00    18  prometheus
03:46:04 PM  1000   1037543    1.00    0.00    0.00    0.00    1.00    20  loki
03:46:04 PM  1000   1037544    3.00    0.00    0.00    0.00    3.00    18  tempo
03:46:04 PM  1000   1037546    0.00    0.00    0.00    0.00    0.00    18  pyroscope

03:46:03 PM   UID       PID   cswch/s nvcswch/s  Command
03:46:04 PM  1000   1037521      0.00      0.00  run-grafana.sh
03:46:04 PM  1000   1037523      0.00      0.00  run-loki.sh
03:46:04 PM  1000   1037525      0.00      0.00  grafana
03:46:04 PM  1000   1037526      0.00      0.00  run-otelcol.sh
03:46:04 PM  1000   1037529      0.00      0.00  run-prometheus.
03:46:04 PM  1000   1037531     17.00      0.00  otelcol-contrib
03:46:04 PM  1000   1037532      0.00      0.00  run-tempo.sh
03:46:04 PM  1000   1037535      0.00      0.00  run-pyroscope.s
03:46:04 PM  1000   1037541      2.00      0.00  prometheus
03:46:04 PM  1000   1037543      0.00      0.00  loki
03:46:04 PM  1000   1037544     38.00      0.00  tempo
03:46:04 PM  1000   1037546     34.00      0.00  pyroscope

03:46:04 PM   UID       PID    %usr %system  %guest   %wait    %CPU   CPU  Command
03:46:05 PM  1000   1037521    0.00    0.00    0.00    0.00    0.00    18  run-grafana.sh
03:46:05 PM  1000   1037523    0.00    0.00    0.00    0.00    0.00    16  run-loki.sh
03:46:05 PM  1000   1037525    0.00    0.00    0.00    0.00    0.00    16  grafana
03:46:05 PM  1000   1037526    0.00    0.00    0.00    0.00    0.00    16  run-otelcol.sh
03:46:05 PM  1000   1037529    0.00    0.00    0.00    0.00    0.00    20  run-prometheus.
03:46:05 PM  1000   1037531    2.00    0.00    0.00    1.00    2.00    16  otelcol-contrib
03:46:05 PM  1000   1037532    0.00    0.00    0.00    0.00    0.00    16  run-tempo.sh
03:46:05 PM  1000   1037535    0.00    0.00    0.00    0.00    0.00    18  run-pyroscope.s
03:46:05 PM  1000   1037541    0.00    0.00    0.00    0.00    0.00    16  prometheus
03:46:05 PM  1000   1037543    0.00    0.00    0.00    0.00    0.00    20  loki
03:46:05 PM  1000   1037544   19.00    3.00    0.00    0.00   22.00    16  tempo
03:46:05 PM  1000   1037546    1.00    0.00    0.00    0.00    1.00    16  pyroscope

03:46:04 PM   UID       PID   cswch/s nvcswch/s  Command
03:46:05 PM  1000   1037521      0.00      0.00  run-grafana.sh
03:46:05 PM  1000   1037523      0.00      0.00  run-loki.sh
03:46:05 PM  1000   1037525      0.00      0.00  grafana
03:46:05 PM  1000   1037526      0.00      0.00  run-otelcol.sh
03:46:05 PM  1000   1037529      0.00      0.00  run-prometheus.
03:46:05 PM  1000   1037531     27.00      0.00  otelcol-contrib
03:46:05 PM  1000   1037532      0.00      0.00  run-tempo.sh
03:46:05 PM  1000   1037535      0.00      0.00  run-pyroscope.s
03:46:05 PM  1000   1037541      1.00      0.00  prometheus
03:46:05 PM  1000   1037543      0.00      0.00  loki
03:46:05 PM  1000   1037544     69.00      3.00  tempo
03:46:05 PM  1000   1037546     31.00      0.00  pyroscope

03:46:05 PM   UID       PID    %usr %system  %guest   %wait    %CPU   CPU  Command
03:46:06 PM  1000   1037521    0.00    0.00    0.00    0.00    0.00    18  run-grafana.sh
03:46:06 PM  1000   1037523    0.00    0.00    0.00    0.00    0.00    16  run-loki.sh
03:46:06 PM  1000   1037525    1.00    0.00    0.00    0.00    1.00    16  grafana
03:46:06 PM  1000   1037526    0.00    0.00    0.00    0.00    0.00    16  run-otelcol.sh
03:46:06 PM  1000   1037529    0.00    0.00    0.00    0.00    0.00    20  run-prometheus.
03:46:06 PM  1000   1037531    1.00    0.00    0.00    0.00    1.00    20  otelcol-contrib
03:46:06 PM  1000   1037532    0.00    0.00    0.00    0.00    0.00    16  run-tempo.sh
03:46:06 PM  1000   1037535    0.00    0.00    0.00    0.00    0.00    18  run-pyroscope.s
03:46:06 PM  1000   1037541    0.00    0.00    0.00    0.00    0.00    18  prometheus
03:46:06 PM  1000   1037543    0.00    1.00    0.00    0.00    1.00    20  loki
03:46:06 PM  1000   1037544   13.00    3.00    0.00    0.00   16.00    20  tempo
03:46:06 PM  1000   1037546    3.00    0.00    0.00    0.00    3.00    18  pyroscope

03:46:05 PM   UID       PID   cswch/s nvcswch/s  Command
03:46:06 PM  1000   1037521      0.00      0.00  run-grafana.sh
03:46:06 PM  1000   1037523      0.00      0.00  run-loki.sh
03:46:06 PM  1000   1037525      0.00      0.00  grafana
03:46:06 PM  1000   1037526      0.00      0.00  run-otelcol.sh
03:46:06 PM  1000   1037529      0.00      0.00  run-prometheus.
03:46:06 PM  1000   1037531     32.00      0.00  otelcol-contrib
03:46:06 PM  1000   1037532      0.00      0.00  run-tempo.sh
03:46:06 PM  1000   1037535      0.00      0.00  run-pyroscope.s
03:46:06 PM  1000   1037541      6.00      0.00  prometheus
03:46:06 PM  1000   1037543      0.00      0.00  loki
03:46:06 PM  1000   1037544     57.00      3.00  tempo
03:46:06 PM  1000   1037546     78.00      0.00  pyroscope

03:46:06 PM   UID       PID    %usr %system  %guest   %wait    %CPU   CPU  Command
03:46:07 PM  1000   1037521    0.00    0.00    0.00    0.00    0.00    18  run-grafana.sh
03:46:07 PM  1000   1037523    0.00    0.00    0.00    0.00    0.00    16  run-loki.sh
03:46:07 PM  1000   1037525    0.00    0.00    0.00    0.00    0.00    16  grafana
03:46:07 PM  1000   1037526    0.00    0.00    0.00    0.00    0.00    16  run-otelcol.sh
03:46:07 PM  1000   1037529    0.00    0.00    0.00    0.00    0.00    20  run-prometheus.
03:46:07 PM  1000   1037531    1.00    0.00    0.00    0.00    1.00    20  otelcol-contrib
03:46:07 PM  1000   1037532    0.00    0.00    0.00    0.00    0.00    16  run-tempo.sh
03:46:07 PM  1000   1037535    0.00    0.00    0.00    0.00    0.00    18  run-pyroscope.s
03:46:07 PM  1000   1037541    0.00    0.00    0.00    0.00    0.00    18  prometheus
03:46:07 PM  1000   1037543    0.00    0.00    0.00    0.00    0.00    20  loki
03:46:07 PM  1000   1037544   15.00    1.00    0.00    0.00   16.00    16  tempo
03:46:07 PM  1000   1037546    0.00    0.00    0.00    0.00    0.00    18  pyroscope

03:46:06 PM   UID       PID   cswch/s nvcswch/s  Command
03:46:07 PM  1000   1037521      0.00      0.00  run-grafana.sh
03:46:07 PM  1000   1037523      0.00      0.00  run-loki.sh
03:46:07 PM  1000   1037525      0.00      0.00  grafana
03:46:07 PM  1000   1037526      0.00      0.00  run-otelcol.sh
03:46:07 PM  1000   1037529      0.00      0.00  run-prometheus.
03:46:07 PM  1000   1037531     28.00      0.00  otelcol-contrib
03:46:07 PM  1000   1037532      0.00      0.00  run-tempo.sh
03:46:07 PM  1000   1037535      0.00      0.00  run-pyroscope.s
03:46:07 PM  1000   1037541      3.00      0.00  prometheus
03:46:07 PM  1000   1037543      0.00      0.00  loki
03:46:07 PM  1000   1037544     43.00      0.00  tempo
03:46:07 PM  1000   1037546     12.00      0.00  pyroscope

03:46:07 PM   UID       PID    %usr %system  %guest   %wait    %CPU   CPU  Command
03:46:08 PM  1000   1037521    0.00    0.00    0.00    0.00    0.00    18  run-grafana.sh
03:46:08 PM  1000   1037523    0.00    0.00    0.00    0.00    0.00    16  run-loki.sh
03:46:08 PM  1000   1037525    0.00    0.00    0.00    0.00    0.00    16  grafana
03:46:08 PM  1000   1037526    0.00    0.00    0.00    0.00    0.00    16  run-otelcol.sh
03:46:08 PM  1000   1037529    0.00    0.00    0.00    0.00    0.00    20  run-prometheus.
03:46:08 PM  1000   1037531    2.00    0.00    0.00    0.00    2.00    20  otelcol-contrib
03:46:08 PM  1000   1037532    0.00    0.00    0.00    0.00    0.00    16  run-tempo.sh
03:46:08 PM  1000   1037535    0.00    0.00    0.00    0.00    0.00    18  run-pyroscope.s
03:46:08 PM  1000   1037541    0.00    0.00    0.00    0.00    0.00    20  prometheus
03:46:08 PM  1000   1037543    0.00    0.00    0.00    0.00    0.00    20  loki
03:46:08 PM  1000   1037544   14.00    1.00    0.00    0.00   15.00    16  tempo
03:46:08 PM  1000   1037546    1.00    0.00    0.00    0.00    1.00    16  pyroscope

03:46:07 PM   UID       PID   cswch/s nvcswch/s  Command
03:46:08 PM  1000   1037521      0.00      0.00  run-grafana.sh
03:46:08 PM  1000   1037523      0.00      0.00  run-loki.sh
03:46:08 PM  1000   1037525      0.00      0.00  grafana
03:46:08 PM  1000   1037526      0.00      0.00  run-otelcol.sh
03:46:08 PM  1000   1037529      0.00      0.00  run-prometheus.
03:46:08 PM  1000   1037531     24.00      0.00  otelcol-contrib
03:46:08 PM  1000   1037532      0.00      0.00  run-tempo.sh
03:46:08 PM  1000   1037535      0.00      0.00  run-pyroscope.s
03:46:08 PM  1000   1037541      1.00      0.00  prometheus
03:46:08 PM  1000   1037543      0.00      0.00  loki
03:46:08 PM  1000   1037544     58.00     36.00  tempo
03:46:08 PM  1000   1037546     12.00      0.00  pyroscope

03:46:08 PM   UID       PID    %usr %system  %guest   %wait    %CPU   CPU  Command
03:46:09 PM  1000   1037521    0.00    0.00    0.00    0.00    0.00    18  run-grafana.sh
03:46:09 PM  1000   1037523    0.00    0.00    0.00    0.00    0.00    16  run-loki.sh
03:46:09 PM  1000   1037525    5.00    0.00    0.00    0.00    5.00    16  grafana
03:46:09 PM  1000   1037526    0.00    0.00    0.00    0.00    0.00    16  run-otelcol.sh
03:46:09 PM  1000   1037529    0.00    0.00    0.00    0.00    0.00    20  run-prometheus.
03:46:09 PM  1000   1037531    1.00    1.00    0.00    0.00    2.00    16  otelcol-contrib
03:46:09 PM  1000   1037532    0.00    0.00    0.00    0.00    0.00    16  run-tempo.sh
03:46:09 PM  1000   1037535    0.00    0.00    0.00    0.00    0.00    18  run-pyroscope.s
03:46:09 PM  1000   1037541    0.00    0.00    0.00    0.00    0.00    20  prometheus
03:46:09 PM  1000   1037543    1.00    0.00    0.00    0.00    1.00    20  loki
03:46:09 PM  1000   1037544   18.00    1.00    0.00    0.00   19.00    18  tempo
03:46:09 PM  1000   1037546    0.00    0.00    0.00    0.00    0.00    16  pyroscope

03:46:08 PM   UID       PID   cswch/s nvcswch/s  Command
03:46:09 PM  1000   1037521      0.00      0.00  run-grafana.sh
03:46:09 PM  1000   1037523      0.00      0.00  run-loki.sh
03:46:09 PM  1000   1037525      0.00      0.00  grafana
03:46:09 PM  1000   1037526      0.00      0.00  run-otelcol.sh
03:46:09 PM  1000   1037529      0.00      0.00  run-prometheus.
03:46:09 PM  1000   1037531     18.00      0.00  otelcol-contrib
03:46:09 PM  1000   1037532      0.00      0.00  run-tempo.sh
03:46:09 PM  1000   1037535      0.00      0.00  run-pyroscope.s
03:46:09 PM  1000   1037541      1.00      0.00  prometheus
03:46:09 PM  1000   1037543      0.00      0.00  loki
03:46:09 PM  1000   1037544     37.00      9.00  tempo
03:46:09 PM  1000   1037546      0.00      0.00  pyroscope

03:46:09 PM   UID       PID    %usr %system  %guest   %wait    %CPU   CPU  Command
03:46:10 PM  1000   1037521    0.00    0.00    0.00    0.00    0.00    18  run-grafana.sh
03:46:10 PM  1000   1037523    0.00    0.00    0.00    0.00    0.00    16  run-loki.sh
03:46:10 PM  1000   1037525    0.00    0.00    0.00    0.00    0.00    16  grafana
03:46:10 PM  1000   1037526    0.00    0.00    0.00    0.00    0.00    16  run-otelcol.sh
03:46:10 PM  1000   1037529    0.00    0.00    0.00    0.00    0.00    20  run-prometheus.
03:46:10 PM  1000   1037531    3.00    0.00    0.00    0.00    3.00    18  otelcol-contrib
03:46:10 PM  1000   1037532    0.00    0.00    0.00    0.00    0.00    16  run-tempo.sh
03:46:10 PM  1000   1037535    0.00    0.00    0.00    0.00    0.00    18  run-pyroscope.s
03:46:10 PM  1000   1037541    0.00    0.00    0.00    0.00    0.00    20  prometheus
03:46:10 PM  1000   1037543    0.00    0.00    0.00    0.00    0.00    20  loki
03:46:10 PM  1000   1037544   19.00    4.00    0.00    0.00   23.00    16  tempo
03:46:10 PM  1000   1037546    0.00    1.00    0.00    0.00    1.00    16  pyroscope

03:46:09 PM   UID       PID   cswch/s nvcswch/s  Command
03:46:10 PM  1000   1037521      0.00      0.00  run-grafana.sh
03:46:10 PM  1000   1037523      0.00      0.00  run-loki.sh
03:46:10 PM  1000   1037525      0.00      0.00  grafana
03:46:10 PM  1000   1037526      0.00      0.00  run-otelcol.sh
03:46:10 PM  1000   1037529      0.00      0.00  run-prometheus.
03:46:10 PM  1000   1037531     25.00     38.00  otelcol-contrib
03:46:10 PM  1000   1037532      0.00      0.00  run-tempo.sh
03:46:10 PM  1000   1037535      0.00      0.00  run-pyroscope.s
03:46:10 PM  1000   1037541      3.00      0.00  prometheus
03:46:10 PM  1000   1037543      0.00      0.00  loki
03:46:10 PM  1000   1037544     44.00      5.00  tempo
03:46:10 PM  1000   1037546      0.00      0.00  pyroscope

03:46:10 PM   UID       PID    %usr %system  %guest   %wait    %CPU   CPU  Command
03:46:11 PM  1000   1037521    0.00    0.00    0.00    0.00    0.00    18  run-grafana.sh
03:46:11 PM  1000   1037523    0.00    0.00    0.00    0.00    0.00    16  run-loki.sh
03:46:11 PM  1000   1037525    0.00    0.00    0.00    0.00    0.00    16  grafana
03:46:11 PM  1000   1037526    0.00    0.00    0.00    0.00    0.00    16  run-otelcol.sh
03:46:11 PM  1000   1037529    0.00    0.00    0.00    0.00    0.00    20  run-prometheus.
03:46:11 PM  1000   1037531    2.00    0.00    0.00    0.00    2.00    16  otelcol-contrib
03:46:11 PM  1000   1037532    0.00    0.00    0.00    0.00    0.00    16  run-tempo.sh
03:46:11 PM  1000   1037535    0.00    0.00    0.00    0.00    0.00    18  run-pyroscope.s
03:46:11 PM  1000   1037541    0.00    0.00    0.00    0.00    0.00    16  prometheus
03:46:11 PM  1000   1037543    0.00    0.00    0.00    0.00    0.00    20  loki
03:46:11 PM  1000   1037544    4.00    0.00    0.00    0.00    4.00    20  tempo
03:46:11 PM  1000   1037546    0.00    0.00    0.00    0.00    0.00    16  pyroscope

03:46:10 PM   UID       PID   cswch/s nvcswch/s  Command
03:46:11 PM  1000   1037521      0.00      0.00  run-grafana.sh
03:46:11 PM  1000   1037523      0.00      0.00  run-loki.sh
03:46:11 PM  1000   1037525      0.00      0.00  grafana
03:46:11 PM  1000   1037526      0.00      0.00  run-otelcol.sh
03:46:11 PM  1000   1037529      0.00      0.00  run-prometheus.
03:46:11 PM  1000   1037531     34.00      0.00  otelcol-contrib
03:46:11 PM  1000   1037532      0.00      0.00  run-tempo.sh
03:46:11 PM  1000   1037535      0.00      0.00  run-pyroscope.s
03:46:11 PM  1000   1037541      6.00      0.00  prometheus
03:46:11 PM  1000   1037543      0.00      0.00  loki
03:46:11 PM  1000   1037544     66.00      3.00  tempo
03:46:11 PM  1000   1037546      5.00      0.00  pyroscope

03:46:11 PM   UID       PID    %usr %system  %guest   %wait    %CPU   CPU  Command
03:46:12 PM  1000   1037521    0.00    0.00    0.00    0.00    0.00    18  run-grafana.sh
03:46:12 PM  1000   1037523    0.00    0.00    0.00    0.00    0.00    16  run-loki.sh
03:46:12 PM  1000   1037525    1.00    0.00    0.00    0.00    1.00    16  grafana
03:46:12 PM  1000   1037526    0.00    0.00    0.00    0.00    0.00    16  run-otelcol.sh
03:46:12 PM  1000   1037529    0.00    0.00    0.00    0.00    0.00    20  run-prometheus.
03:46:12 PM  1000   1037531    1.00    0.00    0.00    0.00    1.00    16  otelcol-contrib
03:46:12 PM  1000   1037532    0.00    0.00    0.00    0.00    0.00    16  run-tempo.sh
03:46:12 PM  1000   1037535    0.00    0.00    0.00    0.00    0.00    18  run-pyroscope.s
03:46:12 PM  1000   1037541    1.00    0.00    0.00    0.00    1.00    20  prometheus
03:46:12 PM  1000   1037543    0.00    0.00    0.00    0.00    0.00    20  loki
03:46:12 PM  1000   1037544   14.00    3.00    0.00    0.00   17.00    18  tempo
03:46:12 PM  1000   1037546    0.00    0.00    0.00    0.00    0.00    20  pyroscope

03:46:11 PM   UID       PID   cswch/s nvcswch/s  Command
03:46:12 PM  1000   1037521      0.00      0.00  run-grafana.sh
03:46:12 PM  1000   1037523      0.00      0.00  run-loki.sh
03:46:12 PM  1000   1037525      0.00      0.00  grafana
03:46:12 PM  1000   1037526      0.00      0.00  run-otelcol.sh
03:46:12 PM  1000   1037529      0.00      0.00  run-prometheus.
03:46:12 PM  1000   1037531     18.00      0.00  otelcol-contrib
03:46:12 PM  1000   1037532      0.00      0.00  run-tempo.sh
03:46:12 PM  1000   1037535      0.00      0.00  run-pyroscope.s
03:46:12 PM  1000   1037541      1.00      0.00  prometheus
03:46:12 PM  1000   1037543      0.00      0.00  loki
03:46:12 PM  1000   1037544     51.00      2.00  tempo
03:46:12 PM  1000   1037546     39.00      0.00  pyroscope

03:46:12 PM   UID       PID    %usr %system  %guest   %wait    %CPU   CPU  Command
03:46:13 PM  1000   1037521    0.00    0.00    0.00    0.00    0.00    18  run-grafana.sh
03:46:13 PM  1000   1037523    0.00    0.00    0.00    0.00    0.00    16  run-loki.sh
03:46:13 PM  1000   1037525    0.00    0.00    0.00    0.00    0.00    16  grafana
03:46:13 PM  1000   1037526    0.00    0.00    0.00    0.00    0.00    16  run-otelcol.sh
03:46:13 PM  1000   1037529    0.00    0.00    0.00    0.00    0.00    20  run-prometheus.
03:46:13 PM  1000   1037531    1.00    0.00    0.00    0.00    1.00    16  otelcol-contrib
03:46:13 PM  1000   1037532    0.00    0.00    0.00    0.00    0.00    16  run-tempo.sh
03:46:13 PM  1000   1037535    0.00    0.00    0.00    0.00    0.00    18  run-pyroscope.s
03:46:13 PM  1000   1037541    0.00    0.00    0.00    0.00    0.00    20  prometheus
03:46:13 PM  1000   1037543    1.00    0.00    0.00    0.00    1.00    20  loki
03:46:13 PM  1000   1037544    3.00    0.00    0.00    0.00    3.00    18  tempo
03:46:13 PM  1000   1037546    0.00    0.00    0.00    0.00    0.00    18  pyroscope

03:46:12 PM   UID       PID   cswch/s nvcswch/s  Command
03:46:13 PM  1000   1037521      0.00      0.00  run-grafana.sh
03:46:13 PM  1000   1037523      0.00      0.00  run-loki.sh
03:46:13 PM  1000   1037525      0.00      0.00  grafana
03:46:13 PM  1000   1037526      0.00      0.00  run-otelcol.sh
03:46:13 PM  1000   1037529      0.00      0.00  run-prometheus.
03:46:13 PM  1000   1037531     15.00      0.00  otelcol-contrib
03:46:13 PM  1000   1037532      0.00      0.00  run-tempo.sh
03:46:13 PM  1000   1037535      0.00      0.00  run-pyroscope.s
03:46:13 PM  1000   1037541      2.00      0.00  prometheus
03:46:13 PM  1000   1037543      0.00      0.00  loki
03:46:13 PM  1000   1037544     18.00      0.00  tempo
03:46:13 PM  1000   1037546     52.00      1.00  pyroscope

03:46:13 PM   UID       PID    %usr %system  %guest   %wait    %CPU   CPU  Command
03:46:14 PM  1000   1037521    0.00    0.00    0.00    0.00    0.00    18  run-grafana.sh
03:46:14 PM  1000   1037523    0.00    0.00    0.00    0.00    0.00    16  run-loki.sh
03:46:14 PM  1000   1037525    0.00    0.00    0.00    0.00    0.00    16  grafana
03:46:14 PM  1000   1037526    0.00    0.00    0.00    0.00    0.00    16  run-otelcol.sh
03:46:14 PM  1000   1037529    0.00    0.00    0.00    0.00    0.00    20  run-prometheus.
03:46:14 PM  1000   1037531    2.00    1.00    0.00    0.00    3.00    18  otelcol-contrib
03:46:14 PM  1000   1037532    0.00    0.00    0.00    0.00    0.00    16  run-tempo.sh
03:46:14 PM  1000   1037535    0.00    0.00    0.00    0.00    0.00    18  run-pyroscope.s
03:46:14 PM  1000   1037541    0.00    0.00    0.00    0.00    0.00    20  prometheus
03:46:14 PM  1000   1037543    0.00    0.00    0.00    0.00    0.00    20  loki
03:46:14 PM  1000   1037544   25.00    2.00    0.00    0.00   27.00    20  tempo
03:46:14 PM  1000   1037546    0.00    0.00    0.00    0.00    0.00    20  pyroscope

03:46:13 PM   UID       PID   cswch/s nvcswch/s  Command
03:46:14 PM  1000   1037521      0.00      0.00  run-grafana.sh
03:46:14 PM  1000   1037523      0.00      0.00  run-loki.sh
03:46:14 PM  1000   1037525      0.00      0.00  grafana
03:46:14 PM  1000   1037526      0.00      0.00  run-otelcol.sh
03:46:14 PM  1000   1037529      0.00      0.00  run-prometheus.
03:46:14 PM  1000   1037531     34.00      0.00  otelcol-contrib
03:46:14 PM  1000   1037532      0.00      0.00  run-tempo.sh
03:46:14 PM  1000   1037535      0.00      0.00  run-pyroscope.s
03:46:14 PM  1000   1037541      5.00      0.00  prometheus
03:46:14 PM  1000   1037543      0.00      0.00  loki
03:46:14 PM  1000   1037544     51.00      7.00  tempo
03:46:14 PM  1000   1037546     34.00      0.00  pyroscope

03:46:14 PM   UID       PID    %usr %system  %guest   %wait    %CPU   CPU  Command
03:46:15 PM  1000   1037521    0.00    0.00    0.00    0.00    0.00    18  run-grafana.sh
03:46:15 PM  1000   1037523    0.00    0.00    0.00    0.00    0.00    16  run-loki.sh
03:46:15 PM  1000   1037525    0.00    0.00    0.00    0.00    0.00    16  grafana
03:46:15 PM  1000   1037526    0.00    0.00    0.00    0.00    0.00    16  run-otelcol.sh
03:46:15 PM  1000   1037529    0.00    0.00    0.00    0.00    0.00    20  run-prometheus.
03:46:15 PM  1000   1037531    4.00    0.00    0.00    0.00    4.00    16  otelcol-contrib
03:46:15 PM  1000   1037532    0.00    0.00    0.00    0.00    0.00    16  run-tempo.sh
03:46:15 PM  1000   1037535    0.00    0.00    0.00    0.00    0.00    18  run-pyroscope.s
03:46:15 PM  1000   1037541    0.00    0.00    0.00    0.00    0.00    20  prometheus
03:46:15 PM  1000   1037543    0.00    0.00    0.00    0.00    0.00    20  loki
03:46:15 PM  1000   1037544    4.00    0.00    0.00    0.00    4.00    20  tempo
03:46:15 PM  1000   1037546    0.00    0.00    0.00    0.00    0.00    20  pyroscope

03:46:14 PM   UID       PID   cswch/s nvcswch/s  Command
03:46:15 PM  1000   1037521      0.00      0.00  run-grafana.sh
03:46:15 PM  1000   1037523      0.00      0.00  run-loki.sh
03:46:15 PM  1000   1037525      0.00      0.00  grafana
03:46:15 PM  1000   1037526      0.00      0.00  run-otelcol.sh
03:46:15 PM  1000   1037529      0.00      0.00  run-prometheus.
03:46:15 PM  1000   1037531     32.00      2.00  otelcol-contrib
03:46:15 PM  1000   1037532      0.00      0.00  run-tempo.sh
03:46:15 PM  1000   1037535      0.00      0.00  run-pyroscope.s
03:46:15 PM  1000   1037541      2.00      0.00  prometheus
03:46:15 PM  1000   1037543      0.00      0.00  loki
03:46:15 PM  1000   1037544     66.00      1.00  tempo
03:46:15 PM  1000   1037546     36.00      0.00  pyroscope

03:46:15 PM   UID       PID    %usr %system  %guest   %wait    %CPU   CPU  Command
03:46:16 PM  1000   1037521    0.00    0.00    0.00    0.00    0.00    18  run-grafana.sh
03:46:16 PM  1000   1037523    0.00    0.00    0.00    0.00    0.00    16  run-loki.sh
03:46:16 PM  1000   1037525    0.00    0.00    0.00    0.00    0.00    16  grafana
03:46:16 PM  1000   1037526    0.00    0.00    0.00    0.00    0.00    16  run-otelcol.sh
03:46:16 PM  1000   1037529    0.00    0.00    0.00    0.00    0.00    20  run-prometheus.
03:46:16 PM  1000   1037531    3.00    0.00    0.00    0.00    3.00    18  otelcol-contrib
03:46:16 PM  1000   1037532    0.00    0.00    0.00    0.00    0.00    16  run-tempo.sh
03:46:16 PM  1000   1037535    0.00    0.00    0.00    0.00    0.00    18  run-pyroscope.s
03:46:16 PM  1000   1037541    0.00    0.00    0.00    0.00    0.00    20  prometheus
03:46:16 PM  1000   1037543    0.00    1.00    0.00    0.00    1.00    20  loki
03:46:16 PM  1000   1037544    9.00    1.00    0.00    0.00   10.00    18  tempo
03:46:16 PM  1000   1037546    1.00    0.00    0.00    0.00    1.00    20  pyroscope

03:46:15 PM   UID       PID   cswch/s nvcswch/s  Command
03:46:16 PM  1000   1037521      0.00      0.00  run-grafana.sh
03:46:16 PM  1000   1037523      0.00      0.00  run-loki.sh
03:46:16 PM  1000   1037525      0.00      0.00  grafana
03:46:16 PM  1000   1037526      0.00      0.00  run-otelcol.sh
03:46:16 PM  1000   1037529      0.00      0.00  run-prometheus.
03:46:16 PM  1000   1037531     49.00      0.00  otelcol-contrib
03:46:16 PM  1000   1037532      0.00      0.00  run-tempo.sh
03:46:16 PM  1000   1037535      0.00      0.00  run-pyroscope.s
03:46:16 PM  1000   1037541      1.00      0.00  prometheus
03:46:16 PM  1000   1037543      0.00      0.00  loki
03:46:16 PM  1000   1037544     80.00      1.00  tempo
03:46:16 PM  1000   1037546     40.00      0.00  pyroscope

03:46:16 PM   UID       PID    %usr %system  %guest   %wait    %CPU   CPU  Command
03:46:17 PM  1000   1037521    0.00    0.00    0.00    0.00    0.00    18  run-grafana.sh
03:46:17 PM  1000   1037523    0.00    0.00    0.00    0.00    0.00    16  run-loki.sh
03:46:17 PM  1000   1037525    0.00    0.00    0.00    0.00    0.00    16  grafana
03:46:17 PM  1000   1037526    0.00    0.00    0.00    0.00    0.00    16  run-otelcol.sh
03:46:17 PM  1000   1037529    0.00    0.00    0.00    0.00    0.00    20  run-prometheus.
03:46:17 PM  1000   1037531    5.00    0.00    0.00    0.00    5.00    20  otelcol-contrib
03:46:17 PM  1000   1037532    0.00    0.00    0.00    0.00    0.00    16  run-tempo.sh
03:46:17 PM  1000   1037535    0.00    0.00    0.00    0.00    0.00    18  run-pyroscope.s
03:46:17 PM  1000   1037541    0.00    0.00    0.00    0.00    0.00    18  prometheus
03:46:17 PM  1000   1037543    1.00    0.00    0.00    0.00    1.00    20  loki
03:46:17 PM  1000   1037544   28.00    3.00    0.00    0.00   31.00    18  tempo
03:46:17 PM  1000   1037546    0.00    0.00    0.00    0.00    0.00    20  pyroscope

03:46:16 PM   UID       PID   cswch/s nvcswch/s  Command
03:46:17 PM  1000   1037521      0.00      0.00  run-grafana.sh
03:46:17 PM  1000   1037523      0.00      0.00  run-loki.sh
03:46:17 PM  1000   1037525      0.00      0.00  grafana
03:46:17 PM  1000   1037526      0.00      0.00  run-otelcol.sh
03:46:17 PM  1000   1037529      0.00      0.00  run-prometheus.
03:46:17 PM  1000   1037531     46.00      1.00  otelcol-contrib
03:46:17 PM  1000   1037532      0.00      0.00  run-tempo.sh
03:46:17 PM  1000   1037535      0.00      0.00  run-pyroscope.s
03:46:17 PM  1000   1037541      2.00      0.00  prometheus
03:46:17 PM  1000   1037543      0.00      0.00  loki
03:46:17 PM  1000   1037544     93.00     14.00  tempo
03:46:17 PM  1000   1037546      0.00      0.00  pyroscope

03:46:17 PM   UID       PID    %usr %system  %guest   %wait    %CPU   CPU  Command
03:46:18 PM  1000   1037521    0.00    0.00    0.00    0.00    0.00    18  run-grafana.sh
03:46:18 PM  1000   1037523    0.00    0.00    0.00    0.00    0.00    16  run-loki.sh
03:46:18 PM  1000   1037525    0.00    0.00    0.00    0.00    0.00    16  grafana
03:46:18 PM  1000   1037526    0.00    0.00    0.00    0.00    0.00    16  run-otelcol.sh
03:46:18 PM  1000   1037529    0.00    0.00    0.00    0.00    0.00    20  run-prometheus.
03:46:18 PM  1000   1037531    2.00    0.00    0.00    0.00    2.00    16  otelcol-contrib
03:46:18 PM  1000   1037532    0.00    0.00    0.00    0.00    0.00    16  run-tempo.sh
03:46:18 PM  1000   1037535    0.00    0.00    0.00    0.00    0.00    18  run-pyroscope.s
03:46:18 PM  1000   1037541    0.00    0.00    0.00    0.00    0.00    20  prometheus
03:46:18 PM  1000   1037543    0.00    0.00    0.00    0.00    0.00    20  loki
03:46:18 PM  1000   1037544    8.00    0.00    0.00    1.00    8.00    20  tempo
03:46:18 PM  1000   1037546    0.00    0.00    0.00    0.00    0.00    20  pyroscope

03:46:17 PM   UID       PID   cswch/s nvcswch/s  Command
03:46:18 PM  1000   1037521      0.00      0.00  run-grafana.sh
03:46:18 PM  1000   1037523      0.00      0.00  run-loki.sh
03:46:18 PM  1000   1037525      0.00      0.00  grafana
03:46:18 PM  1000   1037526      0.00      0.00  run-otelcol.sh
03:46:18 PM  1000   1037529      0.00      0.00  run-prometheus.
03:46:18 PM  1000   1037531     41.00      0.00  otelcol-contrib
03:46:18 PM  1000   1037532      0.00      0.00  run-tempo.sh
03:46:18 PM  1000   1037535      0.00      0.00  run-pyroscope.s
03:46:18 PM  1000   1037541      3.00      0.00  prometheus
03:46:18 PM  1000   1037543      0.00      0.00  loki
03:46:18 PM  1000   1037544     60.00      3.00  tempo
03:46:18 PM  1000   1037546      0.00      0.00  pyroscope

03:46:18 PM   UID       PID    %usr %system  %guest   %wait    %CPU   CPU  Command
03:46:19 PM  1000   1037521    0.00    0.00    0.00    0.00    0.00    18  run-grafana.sh
03:46:19 PM  1000   1037523    0.00    0.00    0.00    0.00    0.00    16  run-loki.sh
03:46:19 PM  1000   1037525    2.00    0.00    0.00    0.00    2.00    16  grafana
03:46:19 PM  1000   1037526    0.00    0.00    0.00    0.00    0.00    16  run-otelcol.sh
03:46:19 PM  1000   1037529    0.00    0.00    0.00    0.00    0.00    20  run-prometheus.
03:46:19 PM  1000   1037531    2.00    1.00    0.00    0.00    3.00    16  otelcol-contrib
03:46:19 PM  1000   1037532    0.00    0.00    0.00    0.00    0.00    16  run-tempo.sh
03:46:19 PM  1000   1037535    0.00    0.00    0.00    0.00    0.00    18  run-pyroscope.s
03:46:19 PM  1000   1037541    0.00    0.00    0.00    0.00    0.00    18  prometheus
03:46:19 PM  1000   1037543    0.00    0.00    0.00    0.00    0.00    20  loki
03:46:19 PM  1000   1037544   30.00    3.00    0.00    0.00   33.00    20  tempo
03:46:19 PM  1000   1037546    0.00    0.00    0.00    0.00    0.00    20  pyroscope

03:46:18 PM   UID       PID   cswch/s nvcswch/s  Command
03:46:19 PM  1000   1037521      0.00      0.00  run-grafana.sh
03:46:19 PM  1000   1037523      0.00      0.00  run-loki.sh
03:46:19 PM  1000   1037525      0.00      0.00  grafana
03:46:19 PM  1000   1037526      0.00      0.00  run-otelcol.sh
03:46:19 PM  1000   1037529      0.00      0.00  run-prometheus.
03:46:19 PM  1000   1037531     50.00      0.00  otelcol-contrib
03:46:19 PM  1000   1037532      0.00      0.00  run-tempo.sh
03:46:19 PM  1000   1037535      0.00      0.00  run-pyroscope.s
03:46:19 PM  1000   1037541      3.00      0.00  prometheus
03:46:19 PM  1000   1037543      0.00      0.00  loki
03:46:19 PM  1000   1037544     68.00     12.00  tempo
03:46:19 PM  1000   1037546      0.00      0.00  pyroscope

03:46:19 PM   UID       PID    %usr %system  %guest   %wait    %CPU   CPU  Command
03:46:20 PM  1000   1037521    0.00    0.00    0.00    0.00    0.00    18  run-grafana.sh
03:46:20 PM  1000   1037523    0.00    0.00    0.00    0.00    0.00    16  run-loki.sh
03:46:20 PM  1000   1037525    1.00    0.00    0.00    0.00    1.00    16  grafana
03:46:20 PM  1000   1037526    0.00    0.00    0.00    0.00    0.00    16  run-otelcol.sh
03:46:20 PM  1000   1037529    0.00    0.00    0.00    0.00    0.00    20  run-prometheus.
03:46:20 PM  1000   1037531    4.00    0.00    0.00    0.00    4.00    16  otelcol-contrib
03:46:20 PM  1000   1037532    0.00    0.00    0.00    0.00    0.00    16  run-tempo.sh
03:46:20 PM  1000   1037535    0.00    0.00    0.00    0.00    0.00    18  run-pyroscope.s
03:46:20 PM  1000   1037541    1.00    0.00    0.00    0.00    1.00    16  prometheus
03:46:20 PM  1000   1037543    0.00    0.00    0.00    0.00    0.00    20  loki
03:46:20 PM  1000   1037544    6.00    0.00    0.00    0.00    6.00    20  tempo
03:46:20 PM  1000   1037546    0.00    0.00    0.00    0.00    0.00    18  pyroscope

03:46:19 PM   UID       PID   cswch/s nvcswch/s  Command
03:46:20 PM  1000   1037521      0.00      0.00  run-grafana.sh
03:46:20 PM  1000   1037523      0.00      0.00  run-loki.sh
03:46:20 PM  1000   1037525      0.00      0.00  grafana
03:46:20 PM  1000   1037526      0.00      0.00  run-otelcol.sh
03:46:20 PM  1000   1037529      0.00      0.00  run-prometheus.
03:46:20 PM  1000   1037531     43.00      3.00  otelcol-contrib
03:46:20 PM  1000   1037532      0.00      0.00  run-tempo.sh
03:46:20 PM  1000   1037535      0.00      0.00  run-pyroscope.s
03:46:20 PM  1000   1037541      6.00      0.00  prometheus
03:46:20 PM  1000   1037543      0.00      0.00  loki
03:46:20 PM  1000   1037544     70.00      2.00  tempo
03:46:20 PM  1000   1037546      5.00      0.00  pyroscope

03:46:20 PM   UID       PID    %usr %system  %guest   %wait    %CPU   CPU  Command
03:46:21 PM  1000   1037521    0.00    0.00    0.00    0.00    0.00    18  run-grafana.sh
03:46:21 PM  1000   1037523    0.00    0.00    0.00    0.00    0.00    16  run-loki.sh
03:46:21 PM  1000   1037525    0.00    0.00    0.00    0.00    0.00    16  grafana
03:46:21 PM  1000   1037526    0.00    0.00    0.00    0.00    0.00    16  run-otelcol.sh
03:46:21 PM  1000   1037529    0.00    0.00    0.00    0.00    0.00    20  run-prometheus.
03:46:21 PM  1000   1037531    2.00    0.00    0.00    0.00    2.00    20  otelcol-contrib
03:46:21 PM  1000   1037532    0.00    0.00    0.00    0.00    0.00    16  run-tempo.sh
03:46:21 PM  1000   1037535    0.00    0.00    0.00    0.00    0.00    18  run-pyroscope.s
03:46:21 PM  1000   1037541    0.00    0.00    0.00    0.00    0.00    18  prometheus
03:46:21 PM  1000   1037543    0.00    0.00    0.00    0.00    0.00    20  loki
03:46:21 PM  1000   1037544    5.00    1.00    0.00    0.00    6.00    18  tempo
03:46:21 PM  1000   1037546    4.00    1.00    0.00    0.00    5.00    20  pyroscope

03:46:20 PM   UID       PID   cswch/s nvcswch/s  Command
03:46:21 PM  1000   1037521      0.00      0.00  run-grafana.sh
03:46:21 PM  1000   1037523      0.00      0.00  run-loki.sh
03:46:21 PM  1000   1037525      0.00      0.00  grafana
03:46:21 PM  1000   1037526      0.00      0.00  run-otelcol.sh
03:46:21 PM  1000   1037529      0.00      0.00  run-prometheus.
03:46:21 PM  1000   1037531     29.00      0.00  otelcol-contrib
03:46:21 PM  1000   1037532      0.00      0.00  run-tempo.sh
03:46:21 PM  1000   1037535      0.00      0.00  run-pyroscope.s
03:46:21 PM  1000   1037541      3.00      0.00  prometheus
03:46:21 PM  1000   1037543      0.00      0.00  loki
03:46:21 PM  1000   1037544     68.00      6.00  tempo
03:46:21 PM  1000   1037546     38.00      1.00  pyroscope

03:46:21 PM   UID       PID    %usr %system  %guest   %wait    %CPU   CPU  Command
03:46:22 PM  1000   1037521    0.00    0.00    0.00    0.00    0.00    18  run-grafana.sh
03:46:22 PM  1000   1037523    0.00    0.00    0.00    0.00    0.00    16  run-loki.sh
03:46:22 PM  1000   1037525    0.00    0.00    0.00    0.00    0.00    16  grafana
03:46:22 PM  1000   1037526    0.00    0.00    0.00    0.00    0.00    16  run-otelcol.sh
03:46:22 PM  1000   1037529    0.00    0.00    0.00    0.00    0.00    20  run-prometheus.
03:46:22 PM  1000   1037531    2.00    1.00    0.00    0.00    3.00    20  otelcol-contrib
03:46:22 PM  1000   1037532    0.00    0.00    0.00    0.00    0.00    16  run-tempo.sh
03:46:22 PM  1000   1037535    0.00    0.00    0.00    0.00    0.00    18  run-pyroscope.s
03:46:22 PM  1000   1037541    0.00    0.00    0.00    0.00    0.00    18  prometheus
03:46:22 PM  1000   1037543    1.00    0.00    0.00    0.00    1.00    20  loki
03:46:22 PM  1000   1037544   23.00    1.00    0.00    0.00   24.00    16  tempo
03:46:22 PM  1000   1037546    0.00    0.00    0.00    0.00    0.00    20  pyroscope

03:46:21 PM   UID       PID   cswch/s nvcswch/s  Command
03:46:22 PM  1000   1037521      0.00      0.00  run-grafana.sh
03:46:22 PM  1000   1037523      0.00      0.00  run-loki.sh
03:46:22 PM  1000   1037525      0.00      0.00  grafana
03:46:22 PM  1000   1037526      0.00      0.00  run-otelcol.sh
03:46:22 PM  1000   1037529      0.00      0.00  run-prometheus.
03:46:22 PM  1000   1037531     35.00      0.00  otelcol-contrib
03:46:22 PM  1000   1037532      0.00      0.00  run-tempo.sh
03:46:22 PM  1000   1037535      0.00      0.00  run-pyroscope.s
03:46:22 PM  1000   1037541      3.00      0.00  prometheus
03:46:22 PM  1000   1037543      0.00      0.00  loki
03:46:22 PM  1000   1037544     57.00     16.00  tempo
03:46:22 PM  1000   1037546      0.00      0.00  pyroscope

03:46:22 PM   UID       PID    %usr %system  %guest   %wait    %CPU   CPU  Command
03:46:23 PM  1000   1037521    0.00    0.00    0.00    0.00    0.00    18  run-grafana.sh
03:46:23 PM  1000   1037523    0.00    0.00    0.00    0.00    0.00    16  run-loki.sh
03:46:23 PM  1000   1037525    0.00    0.00    0.00    0.00    0.00    16  grafana
03:46:23 PM  1000   1037526    0.00    0.00    0.00    0.00    0.00    16  run-otelcol.sh
03:46:23 PM  1000   1037529    0.00    0.00    0.00    0.00    0.00    20  run-prometheus.
03:46:23 PM  1000   1037531    4.00    0.00    0.00    0.00    4.00    18  otelcol-contrib
03:46:23 PM  1000   1037532    0.00    0.00    0.00    0.00    0.00    16  run-tempo.sh
03:46:23 PM  1000   1037535    0.00    0.00    0.00    0.00    0.00    18  run-pyroscope.s
03:46:23 PM  1000   1037541    0.00    0.00    0.00    0.00    0.00    20  prometheus
03:46:23 PM  1000   1037543    0.00    0.00    0.00    0.00    0.00    20  loki
03:46:23 PM  1000   1037544   32.00    3.00    0.00    0.00   35.00    16  tempo
03:46:23 PM  1000   1037546    0.00    0.00    0.00    0.00    0.00    20  pyroscope

03:46:22 PM   UID       PID   cswch/s nvcswch/s  Command
03:46:23 PM  1000   1037521      0.00      0.00  run-grafana.sh
03:46:23 PM  1000   1037523      0.00      0.00  run-loki.sh
03:46:23 PM  1000   1037525      0.00      0.00  grafana
03:46:23 PM  1000   1037526      0.00      0.00  run-otelcol.sh
03:46:23 PM  1000   1037529      0.00      0.00  run-prometheus.
03:46:23 PM  1000   1037531     34.00      0.00  otelcol-contrib
03:46:23 PM  1000   1037532      0.00      0.00  run-tempo.sh
03:46:23 PM  1000   1037535      0.00      0.00  run-pyroscope.s
03:46:23 PM  1000   1037541      4.00      0.00  prometheus
03:46:23 PM  1000   1037543      0.00      0.00  loki
03:46:23 PM  1000   1037544     85.00      5.00  tempo
03:46:23 PM  1000   1037546     26.00      0.00  pyroscope

03:46:23 PM   UID       PID    %usr %system  %guest   %wait    %CPU   CPU  Command
03:46:24 PM  1000   1037521    0.00    0.00    0.00    0.00    0.00    18  run-grafana.sh
03:46:24 PM  1000   1037523    0.00    0.00    0.00    0.00    0.00    16  run-loki.sh
03:46:24 PM  1000   1037525    0.00    0.00    0.00    0.00    0.00    16  grafana
03:46:24 PM  1000   1037526    0.00    0.00    0.00    0.00    0.00    16  run-otelcol.sh
03:46:24 PM  1000   1037529    0.00    0.00    0.00    0.00    0.00    20  run-prometheus.
03:46:24 PM  1000   1037531    1.00    0.00    0.00    0.00    1.00    20  otelcol-contrib
03:46:24 PM  1000   1037532    0.00    0.00    0.00    0.00    0.00    16  run-tempo.sh
03:46:24 PM  1000   1037535    0.00    0.00    0.00    0.00    0.00    18  run-pyroscope.s
03:46:24 PM  1000   1037541    0.00    0.00    0.00    0.00    0.00    18  prometheus
03:46:24 PM  1000   1037543    0.00    0.00    0.00    0.00    0.00    20  loki
03:46:24 PM  1000   1037544   15.00    1.00    0.00    0.00   16.00    16  tempo
03:46:24 PM  1000   1037546    0.00    0.00    0.00    0.00    0.00    20  pyroscope

03:46:23 PM   UID       PID   cswch/s nvcswch/s  Command
03:46:24 PM  1000   1037521      0.00      0.00  run-grafana.sh
03:46:24 PM  1000   1037523      0.00      0.00  run-loki.sh
03:46:24 PM  1000   1037525      0.00      0.00  grafana
03:46:24 PM  1000   1037526      0.00      0.00  run-otelcol.sh
03:46:24 PM  1000   1037529      0.00      0.00  run-prometheus.
03:46:24 PM  1000   1037531     36.00      0.00  otelcol-contrib
03:46:24 PM  1000   1037532      0.00      0.00  run-tempo.sh
03:46:24 PM  1000   1037535      0.00      0.00  run-pyroscope.s
03:46:24 PM  1000   1037541      4.00      0.00  prometheus
03:46:24 PM  1000   1037543      0.00      0.00  loki
03:46:24 PM  1000   1037544     35.00      7.00  tempo
03:46:24 PM  1000   1037546     26.00      0.00  pyroscope

03:46:24 PM   UID       PID    %usr %system  %guest   %wait    %CPU   CPU  Command
03:46:25 PM  1000   1037521    0.00    0.00    0.00    0.00    0.00    18  run-grafana.sh
03:46:25 PM  1000   1037523    0.00    0.00    0.00    0.00    0.00    16  run-loki.sh
03:46:25 PM  1000   1037525    0.00    1.00    0.00    0.00    1.00    16  grafana
03:46:25 PM  1000   1037526    0.00    0.00    0.00    0.00    0.00    16  run-otelcol.sh
03:46:25 PM  1000   1037529    0.00    0.00    0.00    0.00    0.00    20  run-prometheus.
03:46:25 PM  1000   1037531    2.00    1.00    0.00    0.00    3.00    18  otelcol-contrib
03:46:25 PM  1000   1037532    0.00    0.00    0.00    0.00    0.00    16  run-tempo.sh
03:46:25 PM  1000   1037535    0.00    0.00    0.00    0.00    0.00    18  run-pyroscope.s
03:46:25 PM  1000   1037541    0.00    0.00    0.00    0.00    0.00    16  prometheus
03:46:25 PM  1000   1037543    1.00    0.00    0.00    0.00    1.00    20  loki
03:46:25 PM  1000   1037544    7.00    0.00    0.00    0.00    7.00    18  tempo
03:46:25 PM  1000   1037546    0.00    0.00    0.00    0.00    0.00    18  pyroscope

03:46:24 PM   UID       PID   cswch/s nvcswch/s  Command
03:46:25 PM  1000   1037521      0.00      0.00  run-grafana.sh
03:46:25 PM  1000   1037523      0.00      0.00  run-loki.sh
03:46:25 PM  1000   1037525      0.00      0.00  grafana
03:46:25 PM  1000   1037526      0.00      0.00  run-otelcol.sh
03:46:25 PM  1000   1037529      0.00      0.00  run-prometheus.
03:46:25 PM  1000   1037531     37.00      1.00  otelcol-contrib
03:46:25 PM  1000   1037532      0.00      0.00  run-tempo.sh
03:46:25 PM  1000   1037535      0.00      0.00  run-pyroscope.s
03:46:25 PM  1000   1037541      2.00      0.00  prometheus
03:46:25 PM  1000   1037543      0.00      0.00  loki
03:46:25 PM  1000   1037544     57.00      3.00  tempo
03:46:25 PM  1000   1037546     40.00      0.00  pyroscope

03:46:25 PM   UID       PID    %usr %system  %guest   %wait    %CPU   CPU  Command
03:46:26 PM  1000   1037521    0.00    0.00    0.00    0.00    0.00    18  run-grafana.sh
03:46:26 PM  1000   1037523    0.00    0.00    0.00    0.00    0.00    16  run-loki.sh
03:46:26 PM  1000   1037525    0.00    0.00    0.00    0.00    0.00    16  grafana
03:46:26 PM  1000   1037526    0.00    0.00    0.00    0.00    0.00    16  run-otelcol.sh
03:46:26 PM  1000   1037529    0.00    0.00    0.00    0.00    0.00    20  run-prometheus.
03:46:26 PM  1000   1037531    2.00    0.00    0.00    0.00    2.00    18  otelcol-contrib
03:46:26 PM  1000   1037532    0.00    0.00    0.00    0.00    0.00    16  run-tempo.sh
03:46:26 PM  1000   1037535    0.00    0.00    0.00    0.00    0.00    18  run-pyroscope.s
03:46:26 PM  1000   1037541    0.00    0.00    0.00    0.00    0.00    18  prometheus
03:46:26 PM  1000   1037543    0.00    0.00    0.00    0.00    0.00    20  loki
03:46:26 PM  1000   1037544   20.00    1.00    0.00    0.00   21.00    16  tempo
03:46:26 PM  1000   1037546    0.00    0.00    0.00    0.00    0.00    18  pyroscope

03:46:25 PM   UID       PID   cswch/s nvcswch/s  Command
03:46:26 PM  1000   1037521      0.00      0.00  run-grafana.sh
03:46:26 PM  1000   1037523      0.00      0.00  run-loki.sh
03:46:26 PM  1000   1037525      0.00      0.00  grafana
03:46:26 PM  1000   1037526      0.00      0.00  run-otelcol.sh
03:46:26 PM  1000   1037529      0.00      0.00  run-prometheus.
03:46:26 PM  1000   1037531     43.00      2.00  otelcol-contrib
03:46:26 PM  1000   1037532      0.00      0.00  run-tempo.sh
03:46:26 PM  1000   1037535      0.00      0.00  run-pyroscope.s
03:46:26 PM  1000   1037541      5.00      0.00  prometheus
03:46:26 PM  1000   1037543      0.00      0.00  loki
03:46:26 PM  1000   1037544     61.00     32.00  tempo
03:46:26 PM  1000   1037546     46.00      0.00  pyroscope

03:46:26 PM   UID       PID    %usr %system  %guest   %wait    %CPU   CPU  Command
03:46:27 PM  1000   1037521    0.00    0.00    0.00    0.00    0.00    18  run-grafana.sh
03:46:27 PM  1000   1037523    0.00    0.00    0.00    0.00    0.00    16  run-loki.sh
03:46:27 PM  1000   1037525    0.00    0.00    0.00    0.00    0.00    16  grafana
03:46:27 PM  1000   1037526    0.00    0.00    0.00    0.00    0.00    16  run-otelcol.sh
03:46:27 PM  1000   1037529    0.00    0.00    0.00    0.00    0.00    20  run-prometheus.
03:46:27 PM  1000   1037531    5.00    0.00    0.00    0.00    5.00    16  otelcol-contrib
03:46:27 PM  1000   1037532    0.00    0.00    0.00    0.00    0.00    16  run-tempo.sh
03:46:27 PM  1000   1037535    0.00    0.00    0.00    0.00    0.00    18  run-pyroscope.s
03:46:27 PM  1000   1037541    0.00    0.00    0.00    0.00    0.00    20  prometheus
03:46:27 PM  1000   1037543    0.00    1.00    0.00    0.00    1.00    20  loki
03:46:27 PM  1000   1037544    7.00    0.00    0.00    0.00    7.00    18  tempo
03:46:27 PM  1000   1037546    0.00    0.00    0.00    0.00    0.00    20  pyroscope

03:46:26 PM   UID       PID   cswch/s nvcswch/s  Command
03:46:27 PM  1000   1037521      0.00      0.00  run-grafana.sh
03:46:27 PM  1000   1037523      0.00      0.00  run-loki.sh
03:46:27 PM  1000   1037525      0.00      0.00  grafana
03:46:27 PM  1000   1037526      0.00      0.00  run-otelcol.sh
03:46:27 PM  1000   1037529      0.00      0.00  run-prometheus.
03:46:27 PM  1000   1037531     32.00     50.00  otelcol-contrib
03:46:27 PM  1000   1037532      0.00      0.00  run-tempo.sh
03:46:27 PM  1000   1037535      0.00      0.00  run-pyroscope.s
03:46:27 PM  1000   1037541      1.00      0.00  prometheus
03:46:27 PM  1000   1037543      0.00      0.00  loki
03:46:27 PM  1000   1037544     69.00      2.00  tempo
03:46:27 PM  1000   1037546     17.00      0.00  pyroscope

03:46:27 PM   UID       PID    %usr %system  %guest   %wait    %CPU   CPU  Command
03:46:28 PM  1000   1037521    0.00    0.00    0.00    0.00    0.00    18  run-grafana.sh
03:46:28 PM  1000   1037523    0.00    0.00    0.00    0.00    0.00    16  run-loki.sh
03:46:28 PM  1000   1037525    0.00    0.00    0.00    0.00    0.00    16  grafana
03:46:28 PM  1000   1037526    0.00    0.00    0.00    0.00    0.00    16  run-otelcol.sh
03:46:28 PM  1000   1037529    0.00    0.00    0.00    0.00    0.00    20  run-prometheus.
03:46:28 PM  1000   1037531    1.00    1.00    0.00    0.00    2.00    20  otelcol-contrib
03:46:28 PM  1000   1037532    0.00    0.00    0.00    0.00    0.00    16  run-tempo.sh
03:46:28 PM  1000   1037535    0.00    0.00    0.00    0.00    0.00    18  run-pyroscope.s
03:46:28 PM  1000   1037541    2.00    0.00    0.00    0.00    2.00    20  prometheus
03:46:28 PM  1000   1037543    0.00    0.00    0.00    0.00    0.00    20  loki
03:46:28 PM  1000   1037544   36.00    1.00    0.00    0.00   37.00    20  tempo
03:46:28 PM  1000   1037546    1.00    0.00    0.00    0.00    1.00    20  pyroscope

03:46:27 PM   UID       PID   cswch/s nvcswch/s  Command
03:46:28 PM  1000   1037521      0.00      0.00  run-grafana.sh
03:46:28 PM  1000   1037523      0.00      0.00  run-loki.sh
03:46:28 PM  1000   1037525      0.00      0.00  grafana
03:46:28 PM  1000   1037526      0.00      0.00  run-otelcol.sh
03:46:28 PM  1000   1037529      0.00      0.00  run-prometheus.
03:46:28 PM  1000   1037531     29.00      0.00  otelcol-contrib
03:46:28 PM  1000   1037532      0.00      0.00  run-tempo.sh
03:46:28 PM  1000   1037535      0.00      0.00  run-pyroscope.s
03:46:28 PM  1000   1037541      4.00      0.00  prometheus
03:46:28 PM  1000   1037543      0.00      0.00  loki
03:46:28 PM  1000   1037544     58.00      5.00  tempo
03:46:28 PM  1000   1037546     51.00      0.00  pyroscope

03:46:28 PM   UID       PID    %usr %system  %guest   %wait    %CPU   CPU  Command
03:46:29 PM  1000   1037521    0.00    0.00    0.00    0.00    0.00    18  run-grafana.sh
03:46:29 PM  1000   1037523    0.00    0.00    0.00    0.00    0.00    16  run-loki.sh
03:46:29 PM  1000   1037525    3.00    0.00    0.00    0.00    3.00    16  grafana
03:46:29 PM  1000   1037526    0.00    0.00    0.00    0.00    0.00    16  run-otelcol.sh
03:46:29 PM  1000   1037529    0.00    0.00    0.00    0.00    0.00    20  run-prometheus.
03:46:29 PM  1000   1037531    3.00    0.00    0.00    0.00    3.00    18  otelcol-contrib
03:46:29 PM  1000   1037532    0.00    0.00    0.00    0.00    0.00    16  run-tempo.sh
03:46:29 PM  1000   1037535    0.00    0.00    0.00    0.00    0.00    18  run-pyroscope.s
03:46:29 PM  1000   1037541    0.00    0.00    0.00    0.00    0.00    18  prometheus
03:46:29 PM  1000   1037543    0.00    0.00    0.00    0.00    0.00    20  loki
03:46:29 PM  1000   1037544   51.00    6.00    0.00    1.00   57.00    16  tempo
03:46:29 PM  1000   1037546    0.00    0.00    0.00    0.00    0.00    20  pyroscope

03:46:28 PM   UID       PID   cswch/s nvcswch/s  Command
03:46:29 PM  1000   1037521      0.00      0.00  run-grafana.sh
03:46:29 PM  1000   1037523      0.00      0.00  run-loki.sh
03:46:29 PM  1000   1037525      0.00      0.00  grafana
03:46:29 PM  1000   1037526      0.00      0.00  run-otelcol.sh
03:46:29 PM  1000   1037529      0.00      0.00  run-prometheus.
03:46:29 PM  1000   1037531     35.00      0.00  otelcol-contrib
03:46:29 PM  1000   1037532      0.00      0.00  run-tempo.sh
03:46:29 PM  1000   1037535      0.00      0.00  run-pyroscope.s
03:46:29 PM  1000   1037541      3.00      0.00  prometheus
03:46:29 PM  1000   1037543      0.00      0.00  loki
03:46:29 PM  1000   1037544     68.00     25.00  tempo
03:46:29 PM  1000   1037546     24.00      0.00  pyroscope

03:46:29 PM   UID       PID    %usr %system  %guest   %wait    %CPU   CPU  Command
03:46:30 PM  1000   1037521    0.00    0.00    0.00    0.00    0.00    18  run-grafana.sh
03:46:30 PM  1000   1037523    0.00    0.00    0.00    0.00    0.00    16  run-loki.sh
03:46:30 PM  1000   1037525    0.00    0.00    0.00    0.00    0.00    16  grafana
03:46:30 PM  1000   1037526    0.00    0.00    0.00    0.00    0.00    16  run-otelcol.sh
03:46:30 PM  1000   1037529    0.00    0.00    0.00    0.00    0.00    20  run-prometheus.
03:46:30 PM  1000   1037531    3.00    0.00    0.00    0.00    3.00    18  otelcol-contrib
03:46:30 PM  1000   1037532    0.00    0.00    0.00    0.00    0.00    16  run-tempo.sh
03:46:30 PM  1000   1037535    0.00    0.00    0.00    0.00    0.00    18  run-pyroscope.s
03:46:30 PM  1000   1037541    0.00    0.00    0.00    0.00    0.00    18  prometheus
03:46:30 PM  1000   1037543    1.00    0.00    0.00    0.00    1.00    20  loki
03:46:30 PM  1000   1037544   20.00    1.00    0.00    0.00   21.00    20  tempo
03:46:30 PM  1000   1037546    0.00    1.00    0.00    0.00    1.00    18  pyroscope

03:46:29 PM   UID       PID   cswch/s nvcswch/s  Command
03:46:30 PM  1000   1037521      0.00      0.00  run-grafana.sh
03:46:30 PM  1000   1037523      0.00      0.00  run-loki.sh
03:46:30 PM  1000   1037525      0.00      0.00  grafana
03:46:30 PM  1000   1037526      0.00      0.00  run-otelcol.sh
03:46:30 PM  1000   1037529      0.00      0.00  run-prometheus.
03:46:30 PM  1000   1037531     40.00      0.00  otelcol-contrib
03:46:30 PM  1000   1037532      0.00      0.00  run-tempo.sh
03:46:30 PM  1000   1037535      0.00      0.00  run-pyroscope.s
03:46:30 PM  1000   1037541      1.00      0.00  prometheus
03:46:30 PM  1000   1037543      0.00      0.00  loki
03:46:30 PM  1000   1037544     88.00      5.00  tempo
03:46:30 PM  1000   1037546     36.00      0.00  pyroscope

03:46:30 PM   UID       PID    %usr %system  %guest   %wait    %CPU   CPU  Command
03:46:31 PM  1000   1037521    0.00    0.00    0.00    0.00    0.00    18  run-grafana.sh
03:46:31 PM  1000   1037523    0.00    0.00    0.00    0.00    0.00    16  run-loki.sh
03:46:31 PM  1000   1037525    0.00    0.00    0.00    0.00    0.00    16  grafana
03:46:31 PM  1000   1037526    0.00    0.00    0.00    0.00    0.00    16  run-otelcol.sh
03:46:31 PM  1000   1037529    0.00    0.00    0.00    0.00    0.00    20  run-prometheus.
03:46:31 PM  1000   1037531    2.00    1.00    0.00    0.00    3.00    18  otelcol-contrib
03:46:31 PM  1000   1037532    0.00    0.00    0.00    0.00    0.00    16  run-tempo.sh
03:46:31 PM  1000   1037535    0.00    0.00    0.00    0.00    0.00    18  run-pyroscope.s
03:46:31 PM  1000   1037541    0.00    0.00    0.00    0.00    0.00    18  prometheus
03:46:31 PM  1000   1037543    0.00    0.00    0.00    0.00    0.00    20  loki
03:46:31 PM  1000   1037544   40.00    4.00    0.00    1.00   44.00    18  tempo
03:46:31 PM  1000   1037546    0.00    0.00    0.00    0.00    0.00    18  pyroscope

03:46:30 PM   UID       PID   cswch/s nvcswch/s  Command
03:46:31 PM  1000   1037521      0.00      0.00  run-grafana.sh
03:46:31 PM  1000   1037523      0.00      0.00  run-loki.sh
03:46:31 PM  1000   1037525      0.00      0.00  grafana
03:46:31 PM  1000   1037526      0.00      0.00  run-otelcol.sh
03:46:31 PM  1000   1037529      0.00      0.00  run-prometheus.
03:46:31 PM  1000   1037531     29.00      0.00  otelcol-contrib
03:46:31 PM  1000   1037532      0.00      0.00  run-tempo.sh
03:46:31 PM  1000   1037535      0.00      0.00  run-pyroscope.s
03:46:31 PM  1000   1037541      1.00      0.00  prometheus
03:46:31 PM  1000   1037543      0.00      0.00  loki
03:46:31 PM  1000   1037544     86.00     24.00  tempo
03:46:31 PM  1000   1037546     48.00      0.00  pyroscope

03:46:31 PM   UID       PID    %usr %system  %guest   %wait    %CPU   CPU  Command
03:46:32 PM  1000   1037521    0.00    0.00    0.00    0.00    0.00    18  run-grafana.sh
03:46:32 PM  1000   1037523    0.00    0.00    0.00    0.00    0.00    16  run-loki.sh
03:46:32 PM  1000   1037525    0.00    0.00    0.00    0.00    0.00    16  grafana
03:46:32 PM  1000   1037526    0.00    0.00    0.00    0.00    0.00    16  run-otelcol.sh
03:46:32 PM  1000   1037529    0.00    0.00    0.00    0.00    0.00    20  run-prometheus.
03:46:32 PM  1000   1037531    2.00    0.00    0.00    0.00    2.00    18  otelcol-contrib
03:46:32 PM  1000   1037532    0.00    0.00    0.00    0.00    0.00    16  run-tempo.sh
03:46:32 PM  1000   1037535    0.00    0.00    0.00    0.00    0.00    18  run-pyroscope.s
03:46:32 PM  1000   1037541    0.00    0.00    0.00    0.00    0.00    18  prometheus
03:46:32 PM  1000   1037543    0.00    0.00    0.00    0.00    0.00    20  loki
03:46:32 PM  1000   1037544    6.00    1.00    0.00    0.00    7.00    20  tempo
03:46:32 PM  1000   1037546    0.00    0.00    0.00    0.00    0.00    20  pyroscope

03:46:31 PM   UID       PID   cswch/s nvcswch/s  Command
03:46:32 PM  1000   1037521      0.00      0.00  run-grafana.sh
03:46:32 PM  1000   1037523      0.00      0.00  run-loki.sh
03:46:32 PM  1000   1037525      0.00      0.00  grafana
03:46:32 PM  1000   1037526      0.00      0.00  run-otelcol.sh
03:46:32 PM  1000   1037529      0.00      0.00  run-prometheus.
03:46:32 PM  1000   1037531     35.00      0.00  otelcol-contrib
03:46:32 PM  1000   1037532      0.00      0.00  run-tempo.sh
03:46:32 PM  1000   1037535      0.00      0.00  run-pyroscope.s
03:46:32 PM  1000   1037541      3.00      0.00  prometheus
03:46:32 PM  1000   1037543      0.00      0.00  loki
03:46:32 PM  1000   1037544     40.00      3.00  tempo
03:46:32 PM  1000   1037546     31.00      0.00  pyroscope

03:46:32 PM   UID       PID    %usr %system  %guest   %wait    %CPU   CPU  Command
03:46:33 PM  1000   1037521    0.00    0.00    0.00    0.00    0.00    18  run-grafana.sh
03:46:33 PM  1000   1037523    0.00    0.00    0.00    0.00    0.00    16  run-loki.sh
03:46:33 PM  1000   1037525    0.00    0.00    0.00    0.00    0.00    16  grafana
03:46:33 PM  1000   1037526    0.00    0.00    0.00    0.00    0.00    16  run-otelcol.sh
03:46:33 PM  1000   1037529    0.00    0.00    0.00    0.00    0.00    20  run-prometheus.
03:46:33 PM  1000   1037531    4.00    0.00    0.00    0.00    4.00    20  otelcol-contrib
03:46:33 PM  1000   1037532    0.00    0.00    0.00    0.00    0.00    16  run-tempo.sh
03:46:33 PM  1000   1037535    0.00    0.00    0.00    0.00    0.00    18  run-pyroscope.s
03:46:33 PM  1000   1037541    0.00    0.00    0.00    0.00    0.00    20  prometheus
03:46:33 PM  1000   1037543    1.00    0.00    0.00    0.00    1.00    20  loki
03:46:33 PM  1000   1037544    6.00    2.00    0.00    0.00    8.00    16  tempo
03:46:33 PM  1000   1037546    0.00    0.00    0.00    0.00    0.00    16  pyroscope

03:46:32 PM   UID       PID   cswch/s nvcswch/s  Command
03:46:33 PM  1000   1037521      0.00      0.00  run-grafana.sh
03:46:33 PM  1000   1037523      0.00      0.00  run-loki.sh
03:46:33 PM  1000   1037525      0.00      0.00  grafana
03:46:33 PM  1000   1037526      0.00      0.00  run-otelcol.sh
03:46:33 PM  1000   1037529      0.00      0.00  run-prometheus.
03:46:33 PM  1000   1037531     43.00      0.00  otelcol-contrib
03:46:33 PM  1000   1037532      0.00      0.00  run-tempo.sh
03:46:33 PM  1000   1037535      0.00      0.00  run-pyroscope.s
03:46:33 PM  1000   1037541      2.00      0.00  prometheus
03:46:33 PM  1000   1037543      0.00      0.00  loki
03:46:33 PM  1000   1037544     63.00      5.00  tempo
03:46:33 PM  1000   1037546     34.00      0.00  pyroscope

03:46:33 PM   UID       PID    %usr %system  %guest   %wait    %CPU   CPU  Command
03:46:34 PM  1000   1037521    0.00    0.00    0.00    0.00    0.00    18  run-grafana.sh
03:46:34 PM  1000   1037523    0.00    0.00    0.00    0.00    0.00    16  run-loki.sh
03:46:34 PM  1000   1037525    0.00    0.00    0.00    0.00    0.00    16  grafana
03:46:34 PM  1000   1037526    0.00    0.00    0.00    0.00    0.00    16  run-otelcol.sh
03:46:34 PM  1000   1037529    0.00    0.00    0.00    0.00    0.00    20  run-prometheus.
03:46:34 PM  1000   1037531    2.00    1.00    0.00    0.00    3.00    16  otelcol-contrib
03:46:34 PM  1000   1037532    0.00    0.00    0.00    0.00    0.00    16  run-tempo.sh
03:46:34 PM  1000   1037535    0.00    0.00    0.00    0.00    0.00    18  run-pyroscope.s
03:46:34 PM  1000   1037541    0.00    0.00    0.00    0.00    0.00    18  prometheus
03:46:34 PM  1000   1037543    0.00    0.00    0.00    0.00    0.00    20  loki
03:46:34 PM  1000   1037544    7.00    1.00    0.00    0.00    8.00    20  tempo
03:46:34 PM  1000   1037546    0.00    0.00    0.00    0.00    0.00    16  pyroscope

03:46:33 PM   UID       PID   cswch/s nvcswch/s  Command
03:46:34 PM  1000   1037521      0.00      0.00  run-grafana.sh
03:46:34 PM  1000   1037523      0.00      0.00  run-loki.sh
03:46:34 PM  1000   1037525      0.00      0.00  grafana
03:46:34 PM  1000   1037526      0.00      0.00  run-otelcol.sh
03:46:34 PM  1000   1037529      0.00      0.00  run-prometheus.
03:46:34 PM  1000   1037531     38.00      0.00  otelcol-contrib
03:46:34 PM  1000   1037532      0.00      0.00  run-tempo.sh
03:46:34 PM  1000   1037535      0.00      0.00  run-pyroscope.s
03:46:34 PM  1000   1037541      3.00      0.00  prometheus
03:46:34 PM  1000   1037543      0.00      0.00  loki
03:46:34 PM  1000   1037544     58.00      5.00  tempo
03:46:34 PM  1000   1037546     33.00      0.00  pyroscope

03:46:34 PM   UID       PID    %usr %system  %guest   %wait    %CPU   CPU  Command
03:46:35 PM  1000   1037521    0.00    0.00    0.00    0.00    0.00    18  run-grafana.sh
03:46:35 PM  1000   1037523    0.00    0.00    0.00    0.00    0.00    16  run-loki.sh
03:46:35 PM  1000   1037525    0.00    0.00    0.00    0.00    0.00    16  grafana
03:46:35 PM  1000   1037526    0.00    0.00    0.00    0.00    0.00    16  run-otelcol.sh
03:46:35 PM  1000   1037529    0.00    0.00    0.00    0.00    0.00    20  run-prometheus.
03:46:35 PM  1000   1037531    2.00    0.00    0.00    0.00    2.00    20  otelcol-contrib
03:46:35 PM  1000   1037532    0.00    0.00    0.00    0.00    0.00    16  run-tempo.sh
03:46:35 PM  1000   1037535    0.00    0.00    0.00    0.00    0.00    18  run-pyroscope.s
03:46:35 PM  1000   1037541    1.00    0.00    0.00    0.00    1.00    16  prometheus
03:46:35 PM  1000   1037543    0.00    0.00    0.00    0.00    0.00    20  loki
03:46:35 PM  1000   1037544    5.00    1.00    0.00    0.00    6.00    18  tempo
03:46:35 PM  1000   1037546    0.00    0.00    0.00    0.00    0.00    16  pyroscope

03:46:34 PM   UID       PID   cswch/s nvcswch/s  Command
03:46:35 PM  1000   1037521      0.00      0.00  run-grafana.sh
03:46:35 PM  1000   1037523      0.00      0.00  run-loki.sh
03:46:35 PM  1000   1037525      0.00      0.00  grafana
03:46:35 PM  1000   1037526      0.00      0.00  run-otelcol.sh
03:46:35 PM  1000   1037529      0.00      0.00  run-prometheus.
03:46:35 PM  1000   1037531     28.00      0.00  otelcol-contrib
03:46:35 PM  1000   1037532      0.00      0.00  run-tempo.sh
03:46:35 PM  1000   1037535      0.00      0.00  run-pyroscope.s
03:46:35 PM  1000   1037541      2.00      0.00  prometheus
03:46:35 PM  1000   1037543      0.00      0.00  loki
03:46:35 PM  1000   1037544     42.00      1.00  tempo
03:46:35 PM  1000   1037546      1.00      0.00  pyroscope

03:46:35 PM   UID       PID    %usr %system  %guest   %wait    %CPU   CPU  Command
03:46:36 PM  1000   1037521    0.00    0.00    0.00    0.00    0.00    18  run-grafana.sh
03:46:36 PM  1000   1037523    0.00    0.00    0.00    0.00    0.00    16  run-loki.sh
03:46:36 PM  1000   1037525    0.00    0.00    0.00    0.00    0.00    16  grafana
03:46:36 PM  1000   1037526    0.00    0.00    0.00    0.00    0.00    16  run-otelcol.sh
03:46:36 PM  1000   1037529    0.00    0.00    0.00    0.00    0.00    20  run-prometheus.
03:46:36 PM  1000   1037531    4.00    0.00    0.00    0.00    4.00    16  otelcol-contrib
03:46:36 PM  1000   1037532    0.00    0.00    0.00    0.00    0.00    16  run-tempo.sh
03:46:36 PM  1000   1037535    0.00    0.00    0.00    0.00    0.00    18  run-pyroscope.s
03:46:36 PM  1000   1037541    0.00    0.00    0.00    0.00    0.00    18  prometheus
03:46:36 PM  1000   1037543    1.00    0.00    0.00    0.00    1.00    20  loki
03:46:36 PM  1000   1037544    6.00    1.00    0.00    0.00    7.00    18  tempo
03:46:36 PM  1000   1037546    4.00    0.00    0.00    0.00    4.00    18  pyroscope

03:46:35 PM   UID       PID   cswch/s nvcswch/s  Command
03:46:36 PM  1000   1037521      0.00      0.00  run-grafana.sh
03:46:36 PM  1000   1037523      0.00      0.00  run-loki.sh
03:46:36 PM  1000   1037525      0.00      0.00  grafana
03:46:36 PM  1000   1037526      0.00      0.00  run-otelcol.sh
03:46:36 PM  1000   1037529      0.00      0.00  run-prometheus.
03:46:36 PM  1000   1037531     42.00      1.00  otelcol-contrib
03:46:36 PM  1000   1037532      0.00      0.00  run-tempo.sh
03:46:36 PM  1000   1037535      0.00      0.00  run-pyroscope.s
03:46:36 PM  1000   1037541      2.00      0.00  prometheus
03:46:36 PM  1000   1037543      0.00      0.00  loki
03:46:36 PM  1000   1037544     75.00      2.00  tempo
03:46:36 PM  1000   1037546     37.00      3.00  pyroscope

03:46:36 PM   UID       PID    %usr %system  %guest   %wait    %CPU   CPU  Command
03:46:37 PM  1000   1037521    0.00    0.00    0.00    0.00    0.00    18  run-grafana.sh
03:46:37 PM  1000   1037523    0.00    0.00    0.00    0.00    0.00    16  run-loki.sh
03:46:37 PM  1000   1037525    0.00    0.00    0.00    0.00    0.00    16  grafana
03:46:37 PM  1000   1037526    0.00    0.00    0.00    0.00    0.00    16  run-otelcol.sh
03:46:37 PM  1000   1037529    0.00    0.00    0.00    0.00    0.00    20  run-prometheus.
03:46:37 PM  1000   1037531    2.00    0.00    0.00    0.00    2.00    18  otelcol-contrib
03:46:37 PM  1000   1037532    0.00    0.00    0.00    0.00    0.00    16  run-tempo.sh
03:46:37 PM  1000   1037535    0.00    0.00    0.00    0.00    0.00    18  run-pyroscope.s
03:46:37 PM  1000   1037541    0.00    0.00    0.00    0.00    0.00    16  prometheus
03:46:37 PM  1000   1037543    0.00    0.00    0.00    0.00    0.00    20  loki
03:46:37 PM  1000   1037544    7.00    1.00    0.00    0.00    8.00    16  tempo
03:46:37 PM  1000   1037546    0.00    0.00    0.00    0.00    0.00    16  pyroscope

03:46:36 PM   UID       PID   cswch/s nvcswch/s  Command
03:46:37 PM  1000   1037521      0.00      0.00  run-grafana.sh
03:46:37 PM  1000   1037523      0.00      0.00  run-loki.sh
03:46:37 PM  1000   1037525      0.00      0.00  grafana
03:46:37 PM  1000   1037526      0.00      0.00  run-otelcol.sh
03:46:37 PM  1000   1037529      0.00      0.00  run-prometheus.
03:46:37 PM  1000   1037531     34.00      0.00  otelcol-contrib
03:46:37 PM  1000   1037532      0.00      0.00  run-tempo.sh
03:46:37 PM  1000   1037535      0.00      0.00  run-pyroscope.s
03:46:37 PM  1000   1037541      2.00      0.00  prometheus
03:46:37 PM  1000   1037543      0.00      0.00  loki
03:46:37 PM  1000   1037544     56.00      1.00  tempo
03:46:37 PM  1000   1037546     30.00      0.00  pyroscope

03:46:37 PM   UID       PID    %usr %system  %guest   %wait    %CPU   CPU  Command
03:46:38 PM  1000   1037521    0.00    0.00    0.00    0.00    0.00    18  run-grafana.sh
03:46:38 PM  1000   1037523    0.00    0.00    0.00    0.00    0.00    16  run-loki.sh
03:46:38 PM  1000   1037525    1.00    0.00    0.00    0.00    1.00    16  grafana
03:46:38 PM  1000   1037526    0.00    0.00    0.00    0.00    0.00    16  run-otelcol.sh
03:46:38 PM  1000   1037529    0.00    0.00    0.00    0.00    0.00    20  run-prometheus.
03:46:38 PM  1000   1037531    2.00    1.00    0.00    0.00    3.00    18  otelcol-contrib
03:46:38 PM  1000   1037532    0.00    0.00    0.00    0.00    0.00    16  run-tempo.sh
03:46:38 PM  1000   1037535    0.00    0.00    0.00    0.00    0.00    18  run-pyroscope.s
03:46:38 PM  1000   1037541    0.00    0.00    0.00    0.00    0.00    18  prometheus
03:46:38 PM  1000   1037543    0.00    0.00    0.00    0.00    0.00    20  loki
03:46:38 PM  1000   1037544   18.00    2.00    0.00    0.00   20.00    20  tempo
03:46:38 PM  1000   1037546    0.00    0.00    0.00    0.00    0.00    18  pyroscope

03:46:37 PM   UID       PID   cswch/s nvcswch/s  Command
03:46:38 PM  1000   1037521      0.00      0.00  run-grafana.sh
03:46:38 PM  1000   1037523      0.00      0.00  run-loki.sh
03:46:38 PM  1000   1037525      0.00      0.00  grafana
03:46:38 PM  1000   1037526      0.00      0.00  run-otelcol.sh
03:46:38 PM  1000   1037529      0.00      0.00  run-prometheus.
03:46:38 PM  1000   1037531     43.00      1.00  otelcol-contrib
03:46:38 PM  1000   1037532      0.00      0.00  run-tempo.sh
03:46:38 PM  1000   1037535      0.00      0.00  run-pyroscope.s
03:46:38 PM  1000   1037541      3.00      0.00  prometheus
03:46:38 PM  1000   1037543      0.00      0.00  loki
03:46:38 PM  1000   1037544     39.00      1.00  tempo
03:46:38 PM  1000   1037546     28.00      0.00  pyroscope

03:46:38 PM   UID       PID    %usr %system  %guest   %wait    %CPU   CPU  Command
03:46:39 PM  1000   1037521    0.00    0.00    0.00    0.00    0.00    18  run-grafana.sh
03:46:39 PM  1000   1037523    0.00    0.00    0.00    0.00    0.00    16  run-loki.sh
03:46:39 PM  1000   1037525    8.00    0.00    0.00    0.00    8.00    16  grafana
03:46:39 PM  1000   1037526    0.00    0.00    0.00    0.00    0.00    16  run-otelcol.sh
03:46:39 PM  1000   1037529    0.00    0.00    0.00    0.00    0.00    20  run-prometheus.
03:46:39 PM  1000   1037531    4.00    0.00    0.00    1.00    4.00    18  otelcol-contrib
03:46:39 PM  1000   1037532    0.00    0.00    0.00    0.00    0.00    16  run-tempo.sh
03:46:39 PM  1000   1037535    0.00    0.00    0.00    0.00    0.00    18  run-pyroscope.s
03:46:39 PM  1000   1037541    0.00    0.00    0.00    0.00    0.00    18  prometheus
03:46:39 PM  1000   1037543    0.00    0.00    0.00    0.00    0.00    20  loki
03:46:39 PM  1000   1037544   89.00    2.00    0.00    1.00   91.00    18  tempo
03:46:39 PM  1000   1037546    0.00    0.00    0.00    0.00    0.00    16  pyroscope

03:46:38 PM   UID       PID   cswch/s nvcswch/s  Command
03:46:39 PM  1000   1037521      0.00      0.00  run-grafana.sh
03:46:39 PM  1000   1037523      0.00      0.00  run-loki.sh
03:46:39 PM  1000   1037525      0.00      0.00  grafana
03:46:39 PM  1000   1037526      0.00      0.00  run-otelcol.sh
03:46:39 PM  1000   1037529      0.00      0.00  run-prometheus.
03:46:39 PM  1000   1037531     39.00      1.00  otelcol-contrib
03:46:39 PM  1000   1037532      0.00      0.00  run-tempo.sh
03:46:39 PM  1000   1037535      0.00      0.00  run-pyroscope.s
03:46:39 PM  1000   1037541      2.00      0.00  prometheus
03:46:39 PM  1000   1037543      0.00      0.00  loki
03:46:39 PM  1000   1037544     85.00     27.00  tempo
03:46:39 PM  1000   1037546     10.00      0.00  pyroscope

03:46:39 PM   UID       PID    %usr %system  %guest   %wait    %CPU   CPU  Command
03:46:40 PM  1000   1037521    0.00    0.00    0.00    0.00    0.00    18  run-grafana.sh
03:46:40 PM  1000   1037523    0.00    0.00    0.00    0.00    0.00    16  run-loki.sh
03:46:40 PM  1000   1037525    1.00    0.00    0.00    0.00    1.00    16  grafana
03:46:40 PM  1000   1037526    0.00    0.00    0.00    0.00    0.00    16  run-otelcol.sh
03:46:40 PM  1000   1037529    0.00    0.00    0.00    0.00    0.00    20  run-prometheus.
03:46:40 PM  1000   1037531    2.00    0.00    0.00    0.00    2.00    16  otelcol-contrib
03:46:40 PM  1000   1037532    0.00    0.00    0.00    0.00    0.00    16  run-tempo.sh
03:46:40 PM  1000   1037535    0.00    0.00    0.00    0.00    0.00    18  run-pyroscope.s
03:46:40 PM  1000   1037541    0.00    0.00    0.00    0.00    0.00    20  prometheus
03:46:40 PM  1000   1037543    1.00    0.00    0.00    0.00    1.00    20  loki
03:46:40 PM  1000   1037544   53.00    3.00    0.00    0.00   56.00    18  tempo
03:46:40 PM  1000   1037546    0.00    0.00    0.00    0.00    0.00    16  pyroscope

03:46:39 PM   UID       PID   cswch/s nvcswch/s  Command
03:46:40 PM  1000   1037521      0.00      0.00  run-grafana.sh
03:46:40 PM  1000   1037523      0.00      0.00  run-loki.sh
03:46:40 PM  1000   1037525      0.00      0.00  grafana
03:46:40 PM  1000   1037526      0.00      0.00  run-otelcol.sh
03:46:40 PM  1000   1037529      0.00      0.00  run-prometheus.
03:46:40 PM  1000   1037531     30.00      0.00  otelcol-contrib
03:46:40 PM  1000   1037532      0.00      0.00  run-tempo.sh
03:46:40 PM  1000   1037535      0.00      0.00  run-pyroscope.s
03:46:40 PM  1000   1037541      1.00      0.00  prometheus
03:46:40 PM  1000   1037543      0.00      0.00  loki
03:46:40 PM  1000   1037544     58.00     13.00  tempo
03:46:40 PM  1000   1037546     33.00      0.00  pyroscope

03:46:40 PM   UID       PID    %usr %system  %guest   %wait    %CPU   CPU  Command
03:46:41 PM  1000   1037521    0.00    0.00    0.00    0.00    0.00    18  run-grafana.sh
03:46:41 PM  1000   1037523    0.00    0.00    0.00    0.00    0.00    16  run-loki.sh
03:46:41 PM  1000   1037525    0.00    0.00    0.00    0.00    0.00    16  grafana
03:46:41 PM  1000   1037526    0.00    0.00    0.00    0.00    0.00    16  run-otelcol.sh
03:46:41 PM  1000   1037529    0.00    0.00    0.00    0.00    0.00    20  run-prometheus.
03:46:41 PM  1000   1037531    3.00    1.00    0.00    0.00    4.00    18  otelcol-contrib
03:46:41 PM  1000   1037532    0.00    0.00    0.00    0.00    0.00    16  run-tempo.sh
03:46:41 PM  1000   1037535    0.00    0.00    0.00    0.00    0.00    18  run-pyroscope.s
03:46:41 PM  1000   1037541    0.00    0.00    0.00    0.00    0.00    20  prometheus
03:46:41 PM  1000   1037543    0.00    0.00    0.00    0.00    0.00    20  loki
03:46:41 PM  1000   1037544   28.00    2.00    0.00    0.00   30.00    18  tempo
03:46:41 PM  1000   1037546    1.00    1.00    0.00    0.00    2.00    20  pyroscope

03:46:40 PM   UID       PID   cswch/s nvcswch/s  Command
03:46:41 PM  1000   1037521      0.00      0.00  run-grafana.sh
03:46:41 PM  1000   1037523      0.00      0.00  run-loki.sh
03:46:41 PM  1000   1037525      0.00      0.00  grafana
03:46:41 PM  1000   1037526      0.00      0.00  run-otelcol.sh
03:46:41 PM  1000   1037529      0.00      0.00  run-prometheus.
03:46:41 PM  1000   1037531     44.00      0.00  otelcol-contrib
03:46:41 PM  1000   1037532      0.00      0.00  run-tempo.sh
03:46:41 PM  1000   1037535      0.00      0.00  run-pyroscope.s
03:46:41 PM  1000   1037541      6.00      0.00  prometheus
03:46:41 PM  1000   1037543      0.00      0.00  loki
03:46:41 PM  1000   1037544     65.00      9.00  tempo
03:46:41 PM  1000   1037546      8.00      0.00  pyroscope

03:46:41 PM   UID       PID    %usr %system  %guest   %wait    %CPU   CPU  Command
03:46:42 PM  1000   1037521    0.00    0.00    0.00    0.00    0.00    18  run-grafana.sh
03:46:42 PM  1000   1037523    0.00    0.00    0.00    0.00    0.00    16  run-loki.sh
03:46:42 PM  1000   1037525    0.00    0.00    0.00    0.00    0.00    16  grafana
03:46:42 PM  1000   1037526    0.00    0.00    0.00    0.00    0.00    16  run-otelcol.sh
03:46:42 PM  1000   1037529    0.00    0.00    0.00    0.00    0.00    20  run-prometheus.
03:46:42 PM  1000   1037531    4.00    0.00    0.00    0.00    4.00    16  otelcol-contrib
03:46:42 PM  1000   1037532    0.00    0.00    0.00    0.00    0.00    16  run-tempo.sh
03:46:42 PM  1000   1037535    0.00    0.00    0.00    0.00    0.00    18  run-pyroscope.s
03:46:42 PM  1000   1037541    0.00    0.00    0.00    0.00    0.00    18  prometheus
03:46:42 PM  1000   1037543    0.00    1.00    0.00    0.00    1.00    20  loki
03:46:42 PM  1000   1037544   22.00    3.00    0.00    1.00   25.00    16  tempo
03:46:42 PM  1000   1037546    0.00    0.00    0.00    0.00    0.00    20  pyroscope

03:46:41 PM   UID       PID   cswch/s nvcswch/s  Command
03:46:42 PM  1000   1037521      0.00      0.00  run-grafana.sh
03:46:42 PM  1000   1037523      0.00      0.00  run-loki.sh
03:46:42 PM  1000   1037525      0.00      0.00  grafana
03:46:42 PM  1000   1037526      0.00      0.00  run-otelcol.sh
03:46:42 PM  1000   1037529      0.00      0.00  run-prometheus.
03:46:42 PM  1000   1037531     28.00      0.00  otelcol-contrib
03:46:42 PM  1000   1037532      0.00      0.00  run-tempo.sh
03:46:42 PM  1000   1037535      0.00      0.00  run-pyroscope.s
03:46:42 PM  1000   1037541      1.00      0.00  prometheus
03:46:42 PM  1000   1037543      0.00      0.00  loki
03:46:42 PM  1000   1037544     46.00     13.00  tempo
03:46:42 PM  1000   1037546      0.00      0.00  pyroscope

03:46:42 PM   UID       PID    %usr %system  %guest   %wait    %CPU   CPU  Command
03:46:43 PM  1000   1037521    0.00    0.00    0.00    0.00    0.00    18  run-grafana.sh
03:46:43 PM  1000   1037523    0.00    0.00    0.00    0.00    0.00    16  run-loki.sh
03:46:43 PM  1000   1037525    0.00    0.00    0.00    0.00    0.00    16  grafana
03:46:43 PM  1000   1037526    0.00    0.00    0.00    0.00    0.00    16  run-otelcol.sh
03:46:43 PM  1000   1037529    0.00    0.00    0.00    0.00    0.00    20  run-prometheus.
03:46:43 PM  1000   1037531    2.00    0.00    0.00    0.00    2.00    16  otelcol-contrib
03:46:43 PM  1000   1037532    0.00    0.00    0.00    0.00    0.00    16  run-tempo.sh
03:46:43 PM  1000   1037535    0.00    0.00    0.00    0.00    0.00    18  run-pyroscope.s
03:46:43 PM  1000   1037541    0.00    0.00    0.00    0.00    0.00    18  prometheus
03:46:43 PM  1000   1037543    0.00    0.00    0.00    0.00    0.00    20  loki
03:46:43 PM  1000   1037544   20.00    2.00    0.00    0.00   22.00    20  tempo
03:46:43 PM  1000   1037546    0.00    0.00    0.00    0.00    0.00    20  pyroscope

03:46:42 PM   UID       PID   cswch/s nvcswch/s  Command
03:46:43 PM  1000   1037521      0.00      0.00  run-grafana.sh
03:46:43 PM  1000   1037523      0.00      0.00  run-loki.sh
03:46:43 PM  1000   1037525      0.00      0.00  grafana
03:46:43 PM  1000   1037526      0.00      0.00  run-otelcol.sh
03:46:43 PM  1000   1037529      0.00      0.00  run-prometheus.
03:46:43 PM  1000   1037531     41.00      0.00  otelcol-contrib
03:46:43 PM  1000   1037532      0.00      0.00  run-tempo.sh
03:46:43 PM  1000   1037535      0.00      0.00  run-pyroscope.s
03:46:43 PM  1000   1037541      1.00      0.00  prometheus
03:46:43 PM  1000   1037543      0.00      0.00  loki
03:46:43 PM  1000   1037544     61.00     13.00  tempo
03:46:43 PM  1000   1037546      0.00      0.00  pyroscope

03:46:43 PM   UID       PID    %usr %system  %guest   %wait    %CPU   CPU  Command
03:46:44 PM  1000   1037521    0.00    0.00    0.00    0.00    0.00    18  run-grafana.sh
03:46:44 PM  1000   1037523    0.00    0.00    0.00    0.00    0.00    16  run-loki.sh
03:46:44 PM  1000   1037525    0.00    0.00    0.00    0.00    0.00    16  grafana
03:46:44 PM  1000   1037526    0.00    0.00    0.00    0.00    0.00    16  run-otelcol.sh
03:46:44 PM  1000   1037529    0.00    0.00    0.00    0.00    0.00    20  run-prometheus.
03:46:44 PM  1000   1037531    2.00    0.00    0.00    0.00    2.00    20  otelcol-contrib
03:46:44 PM  1000   1037532    0.00    0.00    0.00    0.00    0.00    16  run-tempo.sh
03:46:44 PM  1000   1037535    0.00    0.00    0.00    0.00    0.00    18  run-pyroscope.s
03:46:44 PM  1000   1037541    0.00    0.00    0.00    0.00    0.00    16  prometheus
03:46:44 PM  1000   1037543    0.00    0.00    0.00    0.00    0.00    20  loki
03:46:44 PM  1000   1037544    7.00    0.00    0.00    0.00    7.00    20  tempo
03:46:44 PM  1000   1037546    0.00    0.00    0.00    0.00    0.00    20  pyroscope

03:46:43 PM   UID       PID   cswch/s nvcswch/s  Command
03:46:44 PM  1000   1037521      0.00      0.00  run-grafana.sh
03:46:44 PM  1000   1037523      0.00      0.00  run-loki.sh
03:46:44 PM  1000   1037525      0.00      0.00  grafana
03:46:44 PM  1000   1037526      0.00      0.00  run-otelcol.sh
03:46:44 PM  1000   1037529      0.00      0.00  run-prometheus.
03:46:44 PM  1000   1037531     27.00      0.00  otelcol-contrib
03:46:44 PM  1000   1037532      0.00      0.00  run-tempo.sh
03:46:44 PM  1000   1037535      0.00      0.00  run-pyroscope.s
03:46:44 PM  1000   1037541      4.00      0.00  prometheus
03:46:44 PM  1000   1037543      0.00      0.00  loki
03:46:44 PM  1000   1037544     63.00      0.00  tempo
03:46:44 PM  1000   1037546      0.00      0.00  pyroscope

03:46:44 PM   UID       PID    %usr %system  %guest   %wait    %CPU   CPU  Command
03:46:45 PM  1000   1037521    0.00    0.00    0.00    0.00    0.00    18  run-grafana.sh
03:46:45 PM  1000   1037523    0.00    0.00    0.00    0.00    0.00    16  run-loki.sh
03:46:45 PM  1000   1037525    0.00    0.00    0.00    0.00    0.00    16  grafana
03:46:45 PM  1000   1037526    0.00    0.00    0.00    0.00    0.00    16  run-otelcol.sh
03:46:45 PM  1000   1037529    0.00    0.00    0.00    0.00    0.00    20  run-prometheus.
03:46:45 PM  1000   1037531    4.00    1.00    0.00    0.00    5.00    18  otelcol-contrib
03:46:45 PM  1000   1037532    0.00    0.00    0.00    0.00    0.00    16  run-tempo.sh
03:46:45 PM  1000   1037535    0.00    0.00    0.00    0.00    0.00    18  run-pyroscope.s
03:46:45 PM  1000   1037541    0.00    1.00    0.00    0.00    1.00    16  prometheus
03:46:45 PM  1000   1037543    1.00    0.00    0.00    0.00    1.00    20  loki
03:46:45 PM  1000   1037544   36.00    4.00    0.00    1.00   40.00    20  tempo
03:46:45 PM  1000   1037546    0.00    0.00    0.00    0.00    0.00    20  pyroscope

03:46:44 PM   UID       PID   cswch/s nvcswch/s  Command
03:46:45 PM  1000   1037521      0.00      0.00  run-grafana.sh
03:46:45 PM  1000   1037523      0.00      0.00  run-loki.sh
03:46:45 PM  1000   1037525      0.00      0.00  grafana
03:46:45 PM  1000   1037526      0.00      0.00  run-otelcol.sh
03:46:45 PM  1000   1037529      0.00      0.00  run-prometheus.
03:46:45 PM  1000   1037531     36.00      0.00  otelcol-contrib
03:46:45 PM  1000   1037532      0.00      0.00  run-tempo.sh
03:46:45 PM  1000   1037535      0.00      0.00  run-pyroscope.s
03:46:45 PM  1000   1037541      2.00      0.00  prometheus
03:46:45 PM  1000   1037543      0.00      0.00  loki
03:46:45 PM  1000   1037544     60.00     36.00  tempo
03:46:45 PM  1000   1037546      0.00      0.00  pyroscope

03:46:45 PM   UID       PID    %usr %system  %guest   %wait    %CPU   CPU  Command
03:46:46 PM  1000   1037521    0.00    0.00    0.00    0.00    0.00    18  run-grafana.sh
03:46:46 PM  1000   1037523    0.00    0.00    0.00    0.00    0.00    16  run-loki.sh
03:46:46 PM  1000   1037525    0.00    0.00    0.00    0.00    0.00    16  grafana
03:46:46 PM  1000   1037526    0.00    0.00    0.00    0.00    0.00    16  run-otelcol.sh
03:46:46 PM  1000   1037529    0.00    0.00    0.00    0.00    0.00    20  run-prometheus.
03:46:46 PM  1000   1037531    2.00    0.00    0.00    0.00    2.00    20  otelcol-contrib
03:46:46 PM  1000   1037532    0.00    0.00    0.00    0.00    0.00    16  run-tempo.sh
03:46:46 PM  1000   1037535    0.00    0.00    0.00    0.00    0.00    18  run-pyroscope.s
03:46:46 PM  1000   1037541    0.00    0.00    0.00    0.00    0.00    16  prometheus
03:46:46 PM  1000   1037543    0.00    0.00    0.00    0.00    0.00    20  loki
03:46:46 PM  1000   1037544    6.00    1.00    0.00    0.00    7.00    16  tempo
03:46:46 PM  1000   1037546    0.00    0.00    0.00    0.00    0.00    20  pyroscope

03:46:45 PM   UID       PID   cswch/s nvcswch/s  Command
03:46:46 PM  1000   1037521      0.00      0.00  run-grafana.sh
03:46:46 PM  1000   1037523      0.00      0.00  run-loki.sh
03:46:46 PM  1000   1037525      0.00      0.00  grafana
03:46:46 PM  1000   1037526      0.00      0.00  run-otelcol.sh
03:46:46 PM  1000   1037529      0.00      0.00  run-prometheus.
03:46:46 PM  1000   1037531     38.00      0.00  otelcol-contrib
03:46:46 PM  1000   1037532      0.00      0.00  run-tempo.sh
03:46:46 PM  1000   1037535      0.00      0.00  run-pyroscope.s
03:46:46 PM  1000   1037541      4.00      0.00  prometheus
03:46:46 PM  1000   1037543      0.00      0.00  loki
03:46:46 PM  1000   1037544     78.00      0.00  tempo
03:46:46 PM  1000   1037546      0.00      0.00  pyroscope

03:46:46 PM   UID       PID    %usr %system  %guest   %wait    %CPU   CPU  Command
03:46:47 PM  1000   1037521    0.00    0.00    0.00    0.00    0.00    18  run-grafana.sh
03:46:47 PM  1000   1037523    0.00    0.00    0.00    0.00    0.00    16  run-loki.sh
03:46:47 PM  1000   1037525    0.00    0.00    0.00    0.00    0.00    16  grafana
03:46:47 PM  1000   1037526    0.00    0.00    0.00    0.00    0.00    16  run-otelcol.sh
03:46:47 PM  1000   1037529    0.00    0.00    0.00    0.00    0.00    20  run-prometheus.
03:46:47 PM  1000   1037531    2.00    0.00    0.00    0.00    2.00    18  otelcol-contrib
03:46:47 PM  1000   1037532    0.00    0.00    0.00    0.00    0.00    16  run-tempo.sh
03:46:47 PM  1000   1037535    0.00    0.00    0.00    0.00    0.00    18  run-pyroscope.s
03:46:47 PM  1000   1037541    0.00    0.00    0.00    0.00    0.00    18  prometheus
03:46:47 PM  1000   1037543    0.00    0.00    0.00    0.00    0.00    20  loki
03:46:47 PM  1000   1037544    7.00    0.00    0.00    0.00    7.00    20  tempo
03:46:47 PM  1000   1037546    1.00    0.00    0.00    0.00    1.00    20  pyroscope

03:46:46 PM   UID       PID   cswch/s nvcswch/s  Command
03:46:47 PM  1000   1037521      0.00      0.00  run-grafana.sh
03:46:47 PM  1000   1037523      0.00      0.00  run-loki.sh
03:46:47 PM  1000   1037525      0.00      0.00  grafana
03:46:47 PM  1000   1037526      0.00      0.00  run-otelcol.sh
03:46:47 PM  1000   1037529      0.00      0.00  run-prometheus.
03:46:47 PM  1000   1037531     43.00      0.00  otelcol-contrib
03:46:47 PM  1000   1037532      0.00      0.00  run-tempo.sh
03:46:47 PM  1000   1037535      0.00      0.00  run-pyroscope.s
03:46:47 PM  1000   1037541      2.00      0.00  prometheus
03:46:47 PM  1000   1037543      0.00      0.00  loki
03:46:47 PM  1000   1037544     70.00      6.00  tempo
03:46:47 PM  1000   1037546      0.00      0.00  pyroscope

03:46:47 PM   UID       PID    %usr %system  %guest   %wait    %CPU   CPU  Command
03:46:48 PM  1000   1037521    0.00    0.00    0.00    0.00    0.00    18  run-grafana.sh
03:46:48 PM  1000   1037523    0.00    0.00    0.00    0.00    0.00    16  run-loki.sh
03:46:48 PM  1000   1037525    0.00    0.00    0.00    0.00    0.00    16  grafana
03:46:48 PM  1000   1037526    0.00    0.00    0.00    0.00    0.00    16  run-otelcol.sh
03:46:48 PM  1000   1037529    0.00    0.00    0.00    0.00    0.00    20  run-prometheus.
03:46:48 PM  1000   1037531    4.00    0.00    0.00    0.00    4.00    16  otelcol-contrib
03:46:48 PM  1000   1037532    0.00    0.00    0.00    0.00    0.00    16  run-tempo.sh
03:46:48 PM  1000   1037535    0.00    0.00    0.00    0.00    0.00    18  run-pyroscope.s
03:46:48 PM  1000   1037541    0.00    0.00    0.00    0.00    0.00    16  prometheus
03:46:48 PM  1000   1037543    1.00    0.00    0.00    0.00    1.00    20  loki
03:46:48 PM  1000   1037544   23.00    3.00    0.00    0.00   26.00    16  tempo
03:46:48 PM  1000   1037546    0.00    0.00    0.00    0.00    0.00    20  pyroscope

03:46:47 PM   UID       PID   cswch/s nvcswch/s  Command
03:46:48 PM  1000   1037521      0.00      0.00  run-grafana.sh
03:46:48 PM  1000   1037523      0.00      0.00  run-loki.sh
03:46:48 PM  1000   1037525      0.00      0.00  grafana
03:46:48 PM  1000   1037526      0.00      0.00  run-otelcol.sh
03:46:48 PM  1000   1037529      0.00      0.00  run-prometheus.
03:46:48 PM  1000   1037531     39.00      8.00  otelcol-contrib
03:46:48 PM  1000   1037532      0.00      0.00  run-tempo.sh
03:46:48 PM  1000   1037535      0.00      0.00  run-pyroscope.s
03:46:48 PM  1000   1037541      1.00      0.00  prometheus
03:46:48 PM  1000   1037543      0.00      0.00  loki
03:46:48 PM  1000   1037544     58.00      5.00  tempo
03:46:48 PM  1000   1037546      0.00      0.00  pyroscope

03:46:48 PM   UID       PID    %usr %system  %guest   %wait    %CPU   CPU  Command
03:46:49 PM  1000   1037521    0.00    0.00    0.00    0.00    0.00    18  run-grafana.sh
03:46:49 PM  1000   1037523    0.00    0.00    0.00    0.00    0.00    16  run-loki.sh
03:46:49 PM  1000   1037525    3.00    0.00    0.00    0.00    3.00    16  grafana
03:46:49 PM  1000   1037526    0.00    0.00    0.00    0.00    0.00    16  run-otelcol.sh
03:46:49 PM  1000   1037529    0.00    0.00    0.00    0.00    0.00    20  run-prometheus.
03:46:49 PM  1000   1037531    2.00    1.00    0.00    0.00    3.00    20  otelcol-contrib
03:46:49 PM  1000   1037532    0.00    0.00    0.00    0.00    0.00    16  run-tempo.sh
03:46:49 PM  1000   1037535    0.00    0.00    0.00    0.00    0.00    18  run-pyroscope.s
03:46:49 PM  1000   1037541    0.00    0.00    0.00    0.00    0.00    16  prometheus
03:46:49 PM  1000   1037543    0.00    0.00    0.00    0.00    0.00    20  loki
03:46:49 PM  1000   1037544   42.00    1.00    0.00    0.00   43.00    18  tempo
03:46:49 PM  1000   1037546    0.00    0.00    0.00    0.00    0.00    20  pyroscope

03:46:48 PM   UID       PID   cswch/s nvcswch/s  Command
03:46:49 PM  1000   1037521      0.00      0.00  run-grafana.sh
03:46:49 PM  1000   1037523      0.00      0.00  run-loki.sh
03:46:49 PM  1000   1037525      0.00      0.00  grafana
03:46:49 PM  1000   1037526      0.00      0.00  run-otelcol.sh
03:46:49 PM  1000   1037529      0.00      0.00  run-prometheus.
03:46:49 PM  1000   1037531     35.00      0.00  otelcol-contrib
03:46:49 PM  1000   1037532      0.00      0.00  run-tempo.sh
03:46:49 PM  1000   1037535      0.00      0.00  run-pyroscope.s
03:46:49 PM  1000   1037541      2.00      0.00  prometheus
03:46:49 PM  1000   1037543      0.00      0.00  loki
03:46:49 PM  1000   1037544     58.00     54.00  tempo
03:46:49 PM  1000   1037546      0.00      0.00  pyroscope

03:46:49 PM   UID       PID    %usr %system  %guest   %wait    %CPU   CPU  Command
03:46:50 PM  1000   1037521    0.00    0.00    0.00    0.00    0.00    18  run-grafana.sh
03:46:50 PM  1000   1037523    0.00    0.00    0.00    0.00    0.00    16  run-loki.sh
03:46:50 PM  1000   1037525    0.00    0.00    0.00    0.00    0.00    16  grafana
03:46:50 PM  1000   1037526    0.00    0.00    0.00    0.00    0.00    16  run-otelcol.sh
03:46:50 PM  1000   1037529    0.00    0.00    0.00    0.00    0.00    20  run-prometheus.
03:46:50 PM  1000   1037531    2.00    0.00    0.00    0.00    2.00    18  otelcol-contrib
03:46:50 PM  1000   1037532    0.00    0.00    0.00    0.00    0.00    16  run-tempo.sh
03:46:50 PM  1000   1037535    0.00    0.00    0.00    0.00    0.00    18  run-pyroscope.s
03:46:50 PM  1000   1037541    0.00    0.00    0.00    0.00    0.00    16  prometheus
03:46:50 PM  1000   1037543    0.00    0.00    0.00    0.00    0.00    20  loki
03:46:50 PM  1000   1037544    6.00    0.00    0.00    0.00    6.00    20  tempo
03:46:50 PM  1000   1037546    0.00    0.00    0.00    0.00    0.00    20  pyroscope

03:46:49 PM   UID       PID   cswch/s nvcswch/s  Command
03:46:50 PM  1000   1037521      0.00      0.00  run-grafana.sh
03:46:50 PM  1000   1037523      0.00      0.00  run-loki.sh
03:46:50 PM  1000   1037525      0.00      0.00  grafana
03:46:50 PM  1000   1037526      0.00      0.00  run-otelcol.sh
03:46:50 PM  1000   1037529      0.00      0.00  run-prometheus.
03:46:50 PM  1000   1037531     36.00      0.00  otelcol-contrib
03:46:50 PM  1000   1037532      0.00      0.00  run-tempo.sh
03:46:50 PM  1000   1037535      0.00      0.00  run-pyroscope.s
03:46:50 PM  1000   1037541      1.00      0.00  prometheus
03:46:50 PM  1000   1037543      0.00      0.00  loki
03:46:50 PM  1000   1037544     57.00      0.00  tempo
03:46:50 PM  1000   1037546      0.00      0.00  pyroscope

03:46:50 PM   UID       PID    %usr %system  %guest   %wait    %CPU   CPU  Command
03:46:51 PM  1000   1037521    0.00    0.00    0.00    0.00    0.00    18  run-grafana.sh
03:46:51 PM  1000   1037523    0.00    0.00    0.00    0.00    0.00    16  run-loki.sh
03:46:51 PM  1000   1037525    0.00    0.00    0.00    0.00    0.00    16  grafana
03:46:51 PM  1000   1037526    0.00    0.00    0.00    0.00    0.00    16  run-otelcol.sh
03:46:51 PM  1000   1037529    0.00    0.00    0.00    0.00    0.00    20  run-prometheus.
03:46:51 PM  1000   1037531    5.00    0.00    0.00    0.00    5.00    18  otelcol-contrib
03:46:51 PM  1000   1037532    0.00    0.00    0.00    0.00    0.00    16  run-tempo.sh
03:46:51 PM  1000   1037535    0.00    0.00    0.00    0.00    0.00    18  run-pyroscope.s
03:46:51 PM  1000   1037541    1.00    0.00    0.00    0.00    1.00    16  prometheus
03:46:51 PM  1000   1037543    2.00    0.00    0.00    0.00    2.00    20  loki
03:46:51 PM  1000   1037544    8.00    2.00    0.00    0.00   10.00    18  tempo
03:46:51 PM  1000   1037546    4.00    1.00    0.00    0.00    5.00    20  pyroscope

03:46:50 PM   UID       PID   cswch/s nvcswch/s  Command
03:46:51 PM  1000   1037521      0.00      0.00  run-grafana.sh
03:46:51 PM  1000   1037523      0.00      0.00  run-loki.sh
03:46:51 PM  1000   1037525      0.00      0.00  grafana
03:46:51 PM  1000   1037526      0.00      0.00  run-otelcol.sh
03:46:51 PM  1000   1037529      0.00      0.00  run-prometheus.
03:46:51 PM  1000   1037531     46.00      0.00  otelcol-contrib
03:46:51 PM  1000   1037532      0.00      0.00  run-tempo.sh
03:46:51 PM  1000   1037535      0.00      0.00  run-pyroscope.s
03:46:51 PM  1000   1037541      4.00      0.00  prometheus
03:46:51 PM  1000   1037543      0.00      0.00  loki
03:46:51 PM  1000   1037544     70.00      3.00  tempo
03:46:51 PM  1000   1037546      0.00      0.00  pyroscope

03:46:51 PM   UID       PID    %usr %system  %guest   %wait    %CPU   CPU  Command
03:46:52 PM  1000   1037521    0.00    0.00    0.00    0.00    0.00    18  run-grafana.sh
03:46:52 PM  1000   1037523    0.00    0.00    0.00    0.00    0.00    16  run-loki.sh
03:46:52 PM  1000   1037525    0.00    0.00    0.00    0.00    0.00    16  grafana
03:46:52 PM  1000   1037526    0.00    0.00    0.00    0.00    0.00    16  run-otelcol.sh
03:46:52 PM  1000   1037529    0.00    0.00    0.00    0.00    0.00    20  run-prometheus.
03:46:52 PM  1000   1037531    1.00    0.00    0.00    0.00    1.00    16  otelcol-contrib
03:46:52 PM  1000   1037532    0.00    0.00    0.00    0.00    0.00    16  run-tempo.sh
03:46:52 PM  1000   1037535    0.00    0.00    0.00    0.00    0.00    18  run-pyroscope.s
03:46:52 PM  1000   1037541    0.00    0.00    0.00    0.00    0.00    16  prometheus
03:46:52 PM  1000   1037543    0.00    0.00    0.00    0.00    0.00    20  loki
03:46:52 PM  1000   1037544    4.00    2.00    0.00    0.00    6.00    18  tempo
03:46:52 PM  1000   1037546    0.00    0.00    0.00    0.00    0.00    20  pyroscope

03:46:51 PM   UID       PID   cswch/s nvcswch/s  Command
03:46:52 PM  1000   1037521      0.00      0.00  run-grafana.sh
03:46:52 PM  1000   1037523      0.00      0.00  run-loki.sh
03:46:52 PM  1000   1037525      0.00      0.00  grafana
03:46:52 PM  1000   1037526      0.00      0.00  run-otelcol.sh
03:46:52 PM  1000   1037529      0.00      0.00  run-prometheus.
03:46:52 PM  1000   1037531     48.00      3.00  otelcol-contrib
03:46:52 PM  1000   1037532      0.00      0.00  run-tempo.sh
03:46:52 PM  1000   1037535      0.00      0.00  run-pyroscope.s
03:46:52 PM  1000   1037541      2.00      0.00  prometheus
03:46:52 PM  1000   1037543      0.00      0.00  loki
03:46:52 PM  1000   1037544     57.00      0.00  tempo
03:46:52 PM  1000   1037546      0.00      0.00  pyroscope

03:46:52 PM   UID       PID    %usr %system  %guest   %wait    %CPU   CPU  Command
03:46:53 PM  1000   1037521    0.00    0.00    0.00    0.00    0.00    18  run-grafana.sh
03:46:53 PM  1000   1037523    0.00    0.00    0.00    0.00    0.00    16  run-loki.sh
03:46:53 PM  1000   1037525    0.00    0.00    0.00    0.00    0.00    16  grafana
03:46:53 PM  1000   1037526    0.00    0.00    0.00    0.00    0.00    16  run-otelcol.sh
03:46:53 PM  1000   1037529    0.00    0.00    0.00    0.00    0.00    20  run-prometheus.
03:46:53 PM  1000   1037531    3.00    0.00    0.00    0.00    3.00    16  otelcol-contrib
03:46:53 PM  1000   1037532    0.00    0.00    0.00    0.00    0.00    16  run-tempo.sh
03:46:53 PM  1000   1037535    0.00    0.00    0.00    0.00    0.00    18  run-pyroscope.s
03:46:53 PM  1000   1037541    1.00    0.00    0.00    0.00    1.00    18  prometheus
03:46:53 PM  1000   1037543    0.00    0.00    0.00    0.00    0.00    20  loki
03:46:53 PM  1000   1037544   36.00    3.00    0.00    0.00   39.00    18  tempo
03:46:53 PM  1000   1037546    0.00    0.00    0.00    0.00    0.00    20  pyroscope

03:46:52 PM   UID       PID   cswch/s nvcswch/s  Command
03:46:53 PM  1000   1037521      0.00      0.00  run-grafana.sh
03:46:53 PM  1000   1037523      0.00      0.00  run-loki.sh
03:46:53 PM  1000   1037525      0.00      0.00  grafana
03:46:53 PM  1000   1037526      0.00      0.00  run-otelcol.sh
03:46:53 PM  1000   1037529      0.00      0.00  run-prometheus.
03:46:53 PM  1000   1037531     42.00      1.00  otelcol-contrib
03:46:53 PM  1000   1037532      0.00      0.00  run-tempo.sh
03:46:53 PM  1000   1037535      0.00      0.00  run-pyroscope.s
03:46:53 PM  1000   1037541      1.00      0.00  prometheus
03:46:53 PM  1000   1037543      0.00      0.00  loki
03:46:53 PM  1000   1037544     67.00      1.00  tempo
03:46:53 PM  1000   1037546      0.00      0.00  pyroscope

03:46:53 PM   UID       PID    %usr %system  %guest   %wait    %CPU   CPU  Command
03:46:54 PM  1000   1037521    0.00    0.00    0.00    0.00    0.00    18  run-grafana.sh
03:46:54 PM  1000   1037523    0.00    0.00    0.00    0.00    0.00    16  run-loki.sh
03:46:54 PM  1000   1037525    0.00    0.00    0.00    0.00    0.00    16  grafana
03:46:54 PM  1000   1037526    0.00    0.00    0.00    0.00    0.00    16  run-otelcol.sh
03:46:54 PM  1000   1037529    0.00    0.00    0.00    0.00    0.00    20  run-prometheus.
03:46:54 PM  1000   1037531    4.00    1.00    0.00    0.00    5.00    18  otelcol-contrib
03:46:54 PM  1000   1037532    0.00    0.00    0.00    0.00    0.00    16  run-tempo.sh
03:46:54 PM  1000   1037535    0.00    0.00    0.00    0.00    0.00    18  run-pyroscope.s
03:46:54 PM  1000   1037541    0.00    0.00    0.00    0.00    0.00    18  prometheus
03:46:54 PM  1000   1037543    0.00    0.00    0.00    0.00    0.00    20  loki
03:46:54 PM  1000   1037544    8.00    1.00    0.00    0.00    9.00    16  tempo
03:46:54 PM  1000   1037546    0.00    0.00    0.00    0.00    0.00    20  pyroscope

03:46:53 PM   UID       PID   cswch/s nvcswch/s  Command
03:46:54 PM  1000   1037521      0.00      0.00  run-grafana.sh
03:46:54 PM  1000   1037523      0.00      0.00  run-loki.sh
03:46:54 PM  1000   1037525      0.00      0.00  grafana
03:46:54 PM  1000   1037526      0.00      0.00  run-otelcol.sh
03:46:54 PM  1000   1037529      0.00      0.00  run-prometheus.
03:46:54 PM  1000   1037531     28.00      2.00  otelcol-contrib
03:46:54 PM  1000   1037532      0.00      0.00  run-tempo.sh
03:46:54 PM  1000   1037535      0.00      0.00  run-pyroscope.s
03:46:54 PM  1000   1037541      0.00      0.00  prometheus
03:46:54 PM  1000   1037543      0.00      0.00  loki
03:46:54 PM  1000   1037544     89.00      0.00  tempo
03:46:54 PM  1000   1037546      0.00      0.00  pyroscope

03:46:54 PM   UID       PID    %usr %system  %guest   %wait    %CPU   CPU  Command
03:46:55 PM  1000   1037521    0.00    0.00    0.00    0.00    0.00    18  run-grafana.sh
03:46:55 PM  1000   1037523    0.00    0.00    0.00    0.00    0.00    16  run-loki.sh
03:46:55 PM  1000   1037525    0.00    0.00    0.00    0.00    0.00    16  grafana
03:46:55 PM  1000   1037526    0.00    0.00    0.00    0.00    0.00    16  run-otelcol.sh
03:46:55 PM  1000   1037529    0.00    0.00    0.00    0.00    0.00    20  run-prometheus.
03:46:55 PM  1000   1037531    2.00    0.00    0.00    0.00    2.00    20  otelcol-contrib
03:46:55 PM  1000   1037532    0.00    0.00    0.00    0.00    0.00    16  run-tempo.sh
03:46:55 PM  1000   1037535    0.00    0.00    0.00    0.00    0.00    18  run-pyroscope.s
03:46:55 PM  1000   1037541    0.00    0.00    0.00    0.00    0.00    16  prometheus
03:46:55 PM  1000   1037543    0.00    1.00    0.00    0.00    1.00    20  loki
03:46:55 PM  1000   1037544   23.00    2.00    0.00    0.00   25.00    16  tempo
03:46:55 PM  1000   1037546    0.00    0.00    0.00    0.00    0.00    20  pyroscope

03:46:54 PM   UID       PID   cswch/s nvcswch/s  Command
03:46:55 PM  1000   1037521      0.00      0.00  run-grafana.sh
03:46:55 PM  1000   1037523      0.00      0.00  run-loki.sh
03:46:55 PM  1000   1037525      0.00      0.00  grafana
03:46:55 PM  1000   1037526      0.00      0.00  run-otelcol.sh
03:46:55 PM  1000   1037529      0.00      0.00  run-prometheus.
03:46:55 PM  1000   1037531     33.00      0.00  otelcol-contrib
03:46:55 PM  1000   1037532      0.00      0.00  run-tempo.sh
03:46:55 PM  1000   1037535      0.00      0.00  run-pyroscope.s
03:46:55 PM  1000   1037541      2.00      0.00  prometheus
03:46:55 PM  1000   1037543      0.00      0.00  loki
03:46:55 PM  1000   1037544     59.00      2.00  tempo
03:46:55 PM  1000   1037546      0.00      0.00  pyroscope

03:46:55 PM   UID       PID    %usr %system  %guest   %wait    %CPU   CPU  Command
03:46:56 PM  1000   1037521    0.00    0.00    0.00    0.00    0.00    18  run-grafana.sh
03:46:56 PM  1000   1037523    0.00    0.00    0.00    0.00    0.00    16  run-loki.sh
03:46:56 PM  1000   1037525    0.00    0.00    0.00    0.00    0.00    16  grafana
03:46:56 PM  1000   1037526    0.00    0.00    0.00    0.00    0.00    16  run-otelcol.sh
03:46:56 PM  1000   1037529    0.00    0.00    0.00    0.00    0.00    20  run-prometheus.
03:46:56 PM  1000   1037531    2.00    0.00    0.00    0.00    2.00    16  otelcol-contrib
03:46:56 PM  1000   1037532    0.00    0.00    0.00    0.00    0.00    16  run-tempo.sh
03:46:56 PM  1000   1037535    0.00    0.00    0.00    0.00    0.00    18  run-pyroscope.s
03:46:56 PM  1000   1037541    0.00    0.00    0.00    0.00    0.00    16  prometheus
03:46:56 PM  1000   1037543    1.00    0.00    0.00    0.00    1.00    20  loki
03:46:56 PM  1000   1037544    7.00    1.00    0.00    0.00    8.00    18  tempo
03:46:56 PM  1000   1037546    0.00    0.00    0.00    0.00    0.00    20  pyroscope

03:46:55 PM   UID       PID   cswch/s nvcswch/s  Command
03:46:56 PM  1000   1037521      0.00      0.00  run-grafana.sh
03:46:56 PM  1000   1037523      0.00      0.00  run-loki.sh
03:46:56 PM  1000   1037525      0.00      0.00  grafana
03:46:56 PM  1000   1037526      0.00      0.00  run-otelcol.sh
03:46:56 PM  1000   1037529      0.00      0.00  run-prometheus.
03:46:56 PM  1000   1037531     41.00      0.00  otelcol-contrib
03:46:56 PM  1000   1037532      0.00      0.00  run-tempo.sh
03:46:56 PM  1000   1037535      0.00      0.00  run-pyroscope.s
03:46:56 PM  1000   1037541      9.00      0.00  prometheus
03:46:56 PM  1000   1037543      0.00      0.00  loki
03:46:56 PM  1000   1037544     70.00      5.00  tempo
03:46:56 PM  1000   1037546      0.00      0.00  pyroscope

03:46:56 PM   UID       PID    %usr %system  %guest   %wait    %CPU   CPU  Command
03:46:57 PM  1000   1037521    0.00    0.00    0.00    0.00    0.00    18  run-grafana.sh
03:46:57 PM  1000   1037523    0.00    0.00    0.00    0.00    0.00    16  run-loki.sh
03:46:57 PM  1000   1037525    0.00    0.00    0.00    0.00    0.00    16  grafana
03:46:57 PM  1000   1037526    0.00    0.00    0.00    0.00    0.00    16  run-otelcol.sh
03:46:57 PM  1000   1037529    0.00    0.00    0.00    0.00    0.00    20  run-prometheus.
03:46:57 PM  1000   1037531    4.00    0.00    0.00    0.00    4.00    16  otelcol-contrib
03:46:57 PM  1000   1037532    0.00    0.00    0.00    0.00    0.00    16  run-tempo.sh
03:46:57 PM  1000   1037535    0.00    0.00    0.00    0.00    0.00    18  run-pyroscope.s
03:46:57 PM  1000   1037541    0.00    0.00    0.00    0.00    0.00    16  prometheus
03:46:57 PM  1000   1037543    0.00    0.00    0.00    0.00    0.00    20  loki
03:46:57 PM  1000   1037544   23.00    3.00    0.00    0.00   26.00    20  tempo
03:46:57 PM  1000   1037546    0.00    0.00    0.00    0.00    0.00    20  pyroscope

03:46:56 PM   UID       PID   cswch/s nvcswch/s  Command
03:46:57 PM  1000   1037521      0.00      0.00  run-grafana.sh
03:46:57 PM  1000   1037523      0.00      0.00  run-loki.sh
03:46:57 PM  1000   1037525      0.00      0.00  grafana
03:46:57 PM  1000   1037526      0.00      0.00  run-otelcol.sh
03:46:57 PM  1000   1037529      0.00      0.00  run-prometheus.
03:46:57 PM  1000   1037531     33.00      0.00  otelcol-contrib
03:46:57 PM  1000   1037532      0.00      0.00  run-tempo.sh
03:46:57 PM  1000   1037535      0.00      0.00  run-pyroscope.s
03:46:57 PM  1000   1037541      2.00      0.00  prometheus
03:46:57 PM  1000   1037543      0.00      0.00  loki
03:46:57 PM  1000   1037544     76.00     23.00  tempo
03:46:57 PM  1000   1037546      0.00      0.00  pyroscope

03:46:57 PM   UID       PID    %usr %system  %guest   %wait    %CPU   CPU  Command
03:46:58 PM  1000   1037521    0.00    0.00    0.00    0.00    0.00    18  run-grafana.sh
03:46:58 PM  1000   1037523    0.00    0.00    0.00    0.00    0.00    16  run-loki.sh
03:46:58 PM  1000   1037525    1.00    0.00    0.00    0.00    1.00    16  grafana
03:46:58 PM  1000   1037526    0.00    0.00    0.00    0.00    0.00    16  run-otelcol.sh
03:46:58 PM  1000   1037529    0.00    0.00    0.00    0.00    0.00    20  run-prometheus.
03:46:58 PM  1000   1037531    2.00    1.00    0.00    0.00    3.00    18  otelcol-contrib
03:46:58 PM  1000   1037532    0.00    0.00    0.00    0.00    0.00    16  run-tempo.sh
03:46:58 PM  1000   1037535    0.00    0.00    0.00    0.00    0.00    18  run-pyroscope.s
03:46:58 PM  1000   1037541    0.00    0.00    0.00    0.00    0.00    16  prometheus
03:46:58 PM  1000   1037543    0.00    0.00    0.00    0.00    0.00    20  loki
03:46:58 PM  1000   1037544   25.00    3.00    0.00    0.00   28.00    20  tempo
03:46:58 PM  1000   1037546    0.00    0.00    0.00    0.00    0.00    20  pyroscope

03:46:57 PM   UID       PID   cswch/s nvcswch/s  Command
03:46:58 PM  1000   1037521      0.00      0.00  run-grafana.sh
03:46:58 PM  1000   1037523      0.00      0.00  run-loki.sh
03:46:58 PM  1000   1037525      0.00      0.00  grafana
03:46:58 PM  1000   1037526      0.00      0.00  run-otelcol.sh
03:46:58 PM  1000   1037529      0.00      0.00  run-prometheus.
03:46:58 PM  1000   1037531     50.00      0.00  otelcol-contrib
03:46:58 PM  1000   1037532      0.00      0.00  run-tempo.sh
03:46:58 PM  1000   1037535      0.00      0.00  run-pyroscope.s
03:46:58 PM  1000   1037541      1.00      0.00  prometheus
03:46:58 PM  1000   1037543      0.00      0.00  loki
03:46:58 PM  1000   1037544     66.00      9.00  tempo
03:46:58 PM  1000   1037546      0.00      0.00  pyroscope

03:46:58 PM   UID       PID    %usr %system  %guest   %wait    %CPU   CPU  Command
03:46:59 PM  1000   1037521    0.00    0.00    0.00    0.00    0.00    18  run-grafana.sh
03:46:59 PM  1000   1037523    0.00    0.00    0.00    0.00    0.00    16  run-loki.sh
03:46:59 PM  1000   1037525    2.00    0.00    0.00    0.00    2.00    16  grafana
03:46:59 PM  1000   1037526    0.00    0.00    0.00    0.00    0.00    16  run-otelcol.sh
03:46:59 PM  1000   1037529    0.00    0.00    0.00    0.00    0.00    20  run-prometheus.
03:46:59 PM  1000   1037531    2.00    0.00    0.00    0.00    2.00    20  otelcol-contrib
03:46:59 PM  1000   1037532    0.00    0.00    0.00    0.00    0.00    16  run-tempo.sh
03:46:59 PM  1000   1037535    0.00    0.00    0.00    0.00    0.00    18  run-pyroscope.s
03:46:59 PM  1000   1037541    0.00    0.00    0.00    0.00    0.00    20  prometheus
03:46:59 PM  1000   1037543    1.00    0.00    0.00    0.00    1.00    20  loki
03:46:59 PM  1000   1037544   27.00    3.00    0.00    0.00   30.00    18  tempo
03:46:59 PM  1000   1037546    0.00    0.00    0.00    0.00    0.00    20  pyroscope

03:46:58 PM   UID       PID   cswch/s nvcswch/s  Command
03:46:59 PM  1000   1037521      0.00      0.00  run-grafana.sh
03:46:59 PM  1000   1037523      0.00      0.00  run-loki.sh
03:46:59 PM  1000   1037525      0.00      0.00  grafana
03:46:59 PM  1000   1037526      0.00      0.00  run-otelcol.sh
03:46:59 PM  1000   1037529      0.00      0.00  run-prometheus.
03:46:59 PM  1000   1037531     38.00      0.00  otelcol-contrib
03:46:59 PM  1000   1037532      0.00      0.00  run-tempo.sh
03:46:59 PM  1000   1037535      0.00      0.00  run-pyroscope.s
03:46:59 PM  1000   1037541      4.00      0.00  prometheus
03:46:59 PM  1000   1037543      0.00      0.00  loki
03:46:59 PM  1000   1037544    117.00      4.00  tempo
03:46:59 PM  1000   1037546      0.00      0.00  pyroscope

03:46:59 PM   UID       PID    %usr %system  %guest   %wait    %CPU   CPU  Command
03:47:00 PM  1000   1037521    0.00    0.00    0.00    0.00    0.00    18  run-grafana.sh
03:47:00 PM  1000   1037523    0.00    0.00    0.00    0.00    0.00    16  run-loki.sh
03:47:00 PM  1000   1037525    1.00    1.00    0.00    0.00    2.00    16  grafana
03:47:00 PM  1000   1037526    0.00    0.00    0.00    0.00    0.00    16  run-otelcol.sh
03:47:00 PM  1000   1037529    0.00    0.00    0.00    0.00    0.00    20  run-prometheus.
03:47:00 PM  1000   1037531    4.00    1.00    0.00    0.00    5.00    20  otelcol-contrib
03:47:00 PM  1000   1037532    0.00    0.00    0.00    0.00    0.00    16  run-tempo.sh
03:47:00 PM  1000   1037535    0.00    0.00    0.00    0.00    0.00    18  run-pyroscope.s
03:47:00 PM  1000   1037541    0.00    0.00    0.00    0.00    0.00    18  prometheus
03:47:00 PM  1000   1037543    0.00    0.00    0.00    0.00    0.00    20  loki
03:47:00 PM  1000   1037544    8.00    0.00    0.00    0.00    8.00    16  tempo
03:47:00 PM  1000   1037546    1.00    0.00    0.00    0.00    1.00    20  pyroscope

03:46:59 PM   UID       PID   cswch/s nvcswch/s  Command
03:47:00 PM  1000   1037521      0.00      0.00  run-grafana.sh
03:47:00 PM  1000   1037523      0.00      0.00  run-loki.sh
03:47:00 PM  1000   1037525      0.00      0.00  grafana
03:47:00 PM  1000   1037526      0.00      0.00  run-otelcol.sh
03:47:00 PM  1000   1037529      0.00      0.00  run-prometheus.
03:47:00 PM  1000   1037531     31.00      0.00  otelcol-contrib
03:47:00 PM  1000   1037532      0.00      0.00  run-tempo.sh
03:47:00 PM  1000   1037535      0.00      0.00  run-pyroscope.s
03:47:00 PM  1000   1037541      1.00      0.00  prometheus
03:47:00 PM  1000   1037543      0.00      0.00  loki
03:47:00 PM  1000   1037544     63.00      4.00  tempo
03:47:00 PM  1000   1037546      0.00      0.00  pyroscope

03:47:00 PM   UID       PID    %usr %system  %guest   %wait    %CPU   CPU  Command
03:47:01 PM  1000   1037521    0.00    0.00    0.00    0.00    0.00    18  run-grafana.sh
03:47:01 PM  1000   1037523    0.00    0.00    0.00    0.00    0.00    16  run-loki.sh
03:47:01 PM  1000   1037525    1.00    0.00    0.00    0.00    1.00    16  grafana
03:47:01 PM  1000   1037526    0.00    0.00    0.00    0.00    0.00    16  run-otelcol.sh
03:47:01 PM  1000   1037529    0.00    0.00    0.00    0.00    0.00    20  run-prometheus.
03:47:01 PM  1000   1037531    2.00    0.00    0.00    0.00    2.00    16  otelcol-contrib
03:47:01 PM  1000   1037532    0.00    0.00    0.00    0.00    0.00    16  run-tempo.sh
03:47:01 PM  1000   1037535    0.00    0.00    0.00    0.00    0.00    18  run-pyroscope.s
03:47:01 PM  1000   1037541    0.00    0.00    0.00    0.00    0.00    16  prometheus
03:47:01 PM  1000   1037543    0.00    0.00    0.00    0.00    0.00    20  loki
03:47:01 PM  1000   1037544   31.00    6.00    0.00    0.00   37.00    20  tempo
03:47:01 PM  1000   1037546    0.00    0.00    0.00    0.00    0.00    20  pyroscope

03:47:00 PM   UID       PID   cswch/s nvcswch/s  Command
03:47:01 PM  1000   1037521      0.00      0.00  run-grafana.sh
03:47:01 PM  1000   1037523      0.00      0.00  run-loki.sh
03:47:01 PM  1000   1037525      0.00      0.00  grafana
03:47:01 PM  1000   1037526      0.00      0.00  run-otelcol.sh
03:47:01 PM  1000   1037529      0.00      0.00  run-prometheus.
03:47:01 PM  1000   1037531     46.00      0.00  otelcol-contrib
03:47:01 PM  1000   1037532      0.00      0.00  run-tempo.sh
03:47:01 PM  1000   1037535      0.00      0.00  run-pyroscope.s
03:47:01 PM  1000   1037541      4.00      0.00  prometheus
03:47:01 PM  1000   1037543      0.00      0.00  loki
03:47:01 PM  1000   1037544     88.00     16.00  tempo
03:47:01 PM  1000   1037546      0.00      0.00  pyroscope

03:47:01 PM   UID       PID    %usr %system  %guest   %wait    %CPU   CPU  Command
03:47:02 PM  1000   1037521    0.00    0.00    0.00    0.00    0.00    18  run-grafana.sh
03:47:02 PM  1000   1037523    0.00    0.00    0.00    0.00    0.00    16  run-loki.sh
03:47:02 PM  1000   1037525    0.00    0.00    0.00    0.00    0.00    16  grafana
03:47:02 PM  1000   1037526    0.00    0.00    0.00    0.00    0.00    16  run-otelcol.sh
03:47:02 PM  1000   1037529    0.00    0.00    0.00    0.00    0.00    20  run-prometheus.
03:47:02 PM  1000   1037531    3.00    0.00    0.00    0.00    3.00    20  otelcol-contrib
03:47:02 PM  1000   1037532    0.00    0.00    0.00    0.00    0.00    16  run-tempo.sh
03:47:02 PM  1000   1037535    0.00    0.00    0.00    0.00    0.00    18  run-pyroscope.s
03:47:02 PM  1000   1037541    1.00    0.00    0.00    0.00    1.00    18  prometheus
03:47:02 PM  1000   1037543    0.00    0.00    0.00    0.00    0.00    20  loki
03:47:02 PM  1000   1037544    7.00    1.00    0.00    0.00    8.00    16  tempo
03:47:02 PM  1000   1037546    0.00    0.00    0.00    0.00    0.00    20  pyroscope

03:47:01 PM   UID       PID   cswch/s nvcswch/s  Command
03:47:02 PM  1000   1037521      0.00      0.00  run-grafana.sh
03:47:02 PM  1000   1037523      0.00      0.00  run-loki.sh
03:47:02 PM  1000   1037525      0.00      0.00  grafana
03:47:02 PM  1000   1037526      0.00      0.00  run-otelcol.sh
03:47:02 PM  1000   1037529      0.00      0.00  run-prometheus.
03:47:02 PM  1000   1037531     22.00      0.00  otelcol-contrib
03:47:02 PM  1000   1037532      0.00      0.00  run-tempo.sh
03:47:02 PM  1000   1037535      0.00      0.00  run-pyroscope.s
03:47:02 PM  1000   1037541      4.00      0.00  prometheus
03:47:02 PM  1000   1037543      0.00      0.00  loki
03:47:02 PM  1000   1037544     51.00      0.00  tempo
03:47:02 PM  1000   1037546      0.00      0.00  pyroscope

03:47:02 PM   UID       PID    %usr %system  %guest   %wait    %CPU   CPU  Command
03:47:03 PM  1000   1037521    0.00    0.00    0.00    0.00    0.00    18  run-grafana.sh
03:47:03 PM  1000   1037523    0.00    0.00    0.00    0.00    0.00    16  run-loki.sh
03:47:03 PM  1000   1037525    0.00    0.00    0.00    0.00    0.00    16  grafana
03:47:03 PM  1000   1037526    0.00    0.00    0.00    0.00    0.00    16  run-otelcol.sh
03:47:03 PM  1000   1037529    0.00    0.00    0.00    0.00    0.00    20  run-prometheus.
03:47:03 PM  1000   1037531    3.00    1.00    0.00    0.00    4.00    20  otelcol-contrib
03:47:03 PM  1000   1037532    0.00    0.00    0.00    0.00    0.00    16  run-tempo.sh
03:47:03 PM  1000   1037535    0.00    0.00    0.00    0.00    0.00    18  run-pyroscope.s
03:47:03 PM  1000   1037541    0.00    0.00    0.00    0.00    0.00    20  prometheus
03:47:03 PM  1000   1037543    0.00    0.00    0.00    0.00    0.00    20  loki
03:47:03 PM  1000   1037544    6.00    1.00    0.00    1.00    7.00    18  tempo
03:47:03 PM  1000   1037546    0.00    0.00    0.00    0.00    0.00    20  pyroscope

03:47:02 PM   UID       PID   cswch/s nvcswch/s  Command
03:47:03 PM  1000   1037521      0.00      0.00  run-grafana.sh
03:47:03 PM  1000   1037523      0.00      0.00  run-loki.sh
03:47:03 PM  1000   1037525      0.00      0.00  grafana
03:47:03 PM  1000   1037526      0.00      0.00  run-otelcol.sh
03:47:03 PM  1000   1037529      0.00      0.00  run-prometheus.
03:47:03 PM  1000   1037531     43.00      1.00  otelcol-contrib
03:47:03 PM  1000   1037532      0.00      0.00  run-tempo.sh
03:47:03 PM  1000   1037535      0.00      0.00  run-pyroscope.s
03:47:03 PM  1000   1037541      2.00      0.00  prometheus
03:47:03 PM  1000   1037543      0.00      0.00  loki
03:47:03 PM  1000   1037544     59.00      4.00  tempo
03:47:03 PM  1000   1037546      0.00      0.00  pyroscope

03:47:03 PM   UID       PID    %usr %system  %guest   %wait    %CPU   CPU  Command
03:47:04 PM  1000   1037521    0.00    0.00    0.00    0.00    0.00    18  run-grafana.sh
03:47:04 PM  1000   1037523    0.00    0.00    0.00    0.00    0.00    16  run-loki.sh
03:47:04 PM  1000   1037525    0.00    0.00    0.00    0.00    0.00    16  grafana
03:47:04 PM  1000   1037526    0.00    0.00    0.00    0.00    0.00    16  run-otelcol.sh
03:47:04 PM  1000   1037529    0.00    0.00    0.00    0.00    0.00    20  run-prometheus.
03:47:04 PM  1000   1037531    2.00    0.00    0.00    1.00    2.00    16  otelcol-contrib
03:47:04 PM  1000   1037532    0.00    0.00    0.00    0.00    0.00    16  run-tempo.sh
03:47:04 PM  1000   1037535    0.00    0.00    0.00    0.00    0.00    18  run-pyroscope.s
03:47:04 PM  1000   1037541    0.00    0.00    0.00    0.00    0.00    20  prometheus
03:47:04 PM  1000   1037543    1.00    0.00    0.00    0.00    1.00    20  loki
03:47:04 PM  1000   1037544   31.00    2.00    0.00    0.00   33.00    16  tempo
03:47:04 PM  1000   1037546    0.00    1.00    0.00    0.00    1.00    20  pyroscope

03:47:03 PM   UID       PID   cswch/s nvcswch/s  Command
03:47:04 PM  1000   1037521      0.00      0.00  run-grafana.sh
03:47:04 PM  1000   1037523      0.00      0.00  run-loki.sh
03:47:04 PM  1000   1037525      0.00      0.00  grafana
03:47:04 PM  1000   1037526      0.00      0.00  run-otelcol.sh
03:47:04 PM  1000   1037529      0.00      0.00  run-prometheus.
03:47:04 PM  1000   1037531     25.00      0.00  otelcol-contrib
03:47:04 PM  1000   1037532      0.00      0.00  run-tempo.sh
03:47:04 PM  1000   1037535      0.00      0.00  run-pyroscope.s
03:47:04 PM  1000   1037541      1.00      0.00  prometheus
03:47:04 PM  1000   1037543      0.00      0.00  loki
03:47:04 PM  1000   1037544     73.00      9.00  tempo
03:47:04 PM  1000   1037546      0.00      0.00  pyroscope

03:47:04 PM   UID       PID    %usr %system  %guest   %wait    %CPU   CPU  Command
03:47:05 PM  1000   1037521    0.00    0.00    0.00    0.00    0.00    18  run-grafana.sh
03:47:05 PM  1000   1037523    0.00    0.00    0.00    0.00    0.00    16  run-loki.sh
03:47:05 PM  1000   1037525    0.00    0.00    0.00    0.00    0.00    16  grafana
03:47:05 PM  1000   1037526    0.00    0.00    0.00    0.00    0.00    16  run-otelcol.sh
03:47:05 PM  1000   1037529    0.00    0.00    0.00    0.00    0.00    20  run-prometheus.
03:47:05 PM  1000   1037531    2.00    0.00    0.00    0.00    2.00    20  otelcol-contrib
03:47:05 PM  1000   1037532    0.00    0.00    0.00    0.00    0.00    16  run-tempo.sh
03:47:05 PM  1000   1037535    0.00    0.00    0.00    0.00    0.00    18  run-pyroscope.s
03:47:05 PM  1000   1037541    0.00    0.00    0.00    0.00    0.00    16  prometheus
03:47:05 PM  1000   1037543    0.00    0.00    0.00    0.00    0.00    20  loki
03:47:05 PM  1000   1037544    7.00    0.00    0.00    0.00    7.00    18  tempo
03:47:05 PM  1000   1037546    0.00    0.00    0.00    0.00    0.00    20  pyroscope

03:47:04 PM   UID       PID   cswch/s nvcswch/s  Command
03:47:05 PM  1000   1037521      0.00      0.00  run-grafana.sh
03:47:05 PM  1000   1037523      0.00      0.00  run-loki.sh
03:47:05 PM  1000   1037525      0.00      0.00  grafana
03:47:05 PM  1000   1037526      0.00      0.00  run-otelcol.sh
03:47:05 PM  1000   1037529      0.00      0.00  run-prometheus.
03:47:05 PM  1000   1037531     41.00      0.00  otelcol-contrib
03:47:05 PM  1000   1037532      0.00      0.00  run-tempo.sh
03:47:05 PM  1000   1037535      0.00      0.00  run-pyroscope.s
03:47:05 PM  1000   1037541      2.00      0.00  prometheus
03:47:05 PM  1000   1037543      0.00      0.00  loki
03:47:05 PM  1000   1037544     71.00      4.00  tempo
03:47:05 PM  1000   1037546      0.00      0.00  pyroscope

03:47:05 PM   UID       PID    %usr %system  %guest   %wait    %CPU   CPU  Command
03:47:06 PM  1000   1037521    0.00    0.00    0.00    0.00    0.00    18  run-grafana.sh
03:47:06 PM  1000   1037523    0.00    0.00    0.00    0.00    0.00    16  run-loki.sh
03:47:06 PM  1000   1037525    0.00    0.00    0.00    0.00    0.00    16  grafana
03:47:06 PM  1000   1037526    0.00    0.00    0.00    0.00    0.00    16  run-otelcol.sh
03:47:06 PM  1000   1037529    0.00    0.00    0.00    0.00    0.00    20  run-prometheus.
03:47:06 PM  1000   1037531    5.00    1.00    0.00    0.00    6.00    18  otelcol-contrib
03:47:06 PM  1000   1037532    0.00    0.00    0.00    0.00    0.00    16  run-tempo.sh
03:47:06 PM  1000   1037535    0.00    0.00    0.00    0.00    0.00    18  run-pyroscope.s
03:47:06 PM  1000   1037541    0.00    0.00    0.00    0.00    0.00    16  prometheus
03:47:06 PM  1000   1037543    0.00    0.00    0.00    0.00    0.00    20  loki
03:47:06 PM  1000   1037544   23.00    4.00    0.00    0.00   27.00    16  tempo
03:47:06 PM  1000   1037546    4.00    0.00    0.00    0.00    4.00    20  pyroscope

03:47:05 PM   UID       PID   cswch/s nvcswch/s  Command
03:47:06 PM  1000   1037521      0.00      0.00  run-grafana.sh
03:47:06 PM  1000   1037523      0.00      0.00  run-loki.sh
03:47:06 PM  1000   1037525      0.00      0.00  grafana
03:47:06 PM  1000   1037526      0.00      0.00  run-otelcol.sh
03:47:06 PM  1000   1037529      0.00      0.00  run-prometheus.
03:47:06 PM  1000   1037531     35.00      2.00  otelcol-contrib
03:47:06 PM  1000   1037532      0.00      0.00  run-tempo.sh
03:47:06 PM  1000   1037535      0.00      0.00  run-pyroscope.s
03:47:06 PM  1000   1037541      6.00      0.00  prometheus
03:47:06 PM  1000   1037543      0.00      0.00  loki
03:47:06 PM  1000   1037544     56.00     12.00  tempo
03:47:06 PM  1000   1037546      0.00      0.00  pyroscope

03:47:06 PM   UID       PID    %usr %system  %guest   %wait    %CPU   CPU  Command
03:47:07 PM  1000   1037521    0.00    0.00    0.00    0.00    0.00    18  run-grafana.sh
03:47:07 PM  1000   1037523    0.00    0.00    0.00    0.00    0.00    16  run-loki.sh
03:47:07 PM  1000   1037525    0.00    0.00    0.00    0.00    0.00    16  grafana
03:47:07 PM  1000   1037526    0.00    0.00    0.00    0.00    0.00    16  run-otelcol.sh
03:47:07 PM  1000   1037529    0.00    0.00    0.00    0.00    0.00    20  run-prometheus.
03:47:07 PM  1000   1037531    2.00    0.00    0.00    0.00    2.00    16  otelcol-contrib
03:47:07 PM  1000   1037532    0.00    0.00    0.00    0.00    0.00    16  run-tempo.sh
03:47:07 PM  1000   1037535    0.00    0.00    0.00    0.00    0.00    18  run-pyroscope.s
03:47:07 PM  1000   1037541    0.00    0.00    0.00    0.00    0.00    20  prometheus
03:47:07 PM  1000   1037543    1.00    0.00    0.00    0.00    1.00    20  loki
03:47:07 PM  1000   1037544    7.00    1.00    0.00    1.00    8.00    18  tempo
03:47:07 PM  1000   1037546    0.00    0.00    0.00    0.00    0.00    20  pyroscope

03:47:06 PM   UID       PID   cswch/s nvcswch/s  Command
03:47:07 PM  1000   1037521      0.00      0.00  run-grafana.sh
03:47:07 PM  1000   1037523      0.00      0.00  run-loki.sh
03:47:07 PM  1000   1037525      0.00      0.00  grafana
03:47:07 PM  1000   1037526      0.00      0.00  run-otelcol.sh
03:47:07 PM  1000   1037529      0.00      0.00  run-prometheus.
03:47:07 PM  1000   1037531     37.00      1.00  otelcol-contrib
03:47:07 PM  1000   1037532      0.00      0.00  run-tempo.sh
03:47:07 PM  1000   1037535      0.00      0.00  run-pyroscope.s
03:47:07 PM  1000   1037541      1.00      0.00  prometheus
03:47:07 PM  1000   1037543      0.00      0.00  loki
03:47:07 PM  1000   1037544     55.00      0.00  tempo
03:47:07 PM  1000   1037546      0.00      0.00  pyroscope

03:47:07 PM   UID       PID    %usr %system  %guest   %wait    %CPU   CPU  Command
03:47:08 PM  1000   1037521    0.00    0.00    0.00    0.00    0.00    18  run-grafana.sh
03:47:08 PM  1000   1037523    0.00    0.00    0.00    0.00    0.00    16  run-loki.sh
03:47:08 PM  1000   1037525    0.00    0.00    0.00    0.00    0.00    16  grafana
03:47:08 PM  1000   1037526    0.00    0.00    0.00    0.00    0.00    16  run-otelcol.sh
03:47:08 PM  1000   1037529    0.00    0.00    0.00    0.00    0.00    20  run-prometheus.
03:47:08 PM  1000   1037531    2.00    0.00    0.00    0.00    2.00    20  otelcol-contrib
03:47:08 PM  1000   1037532    0.00    0.00    0.00    0.00    0.00    16  run-tempo.sh
03:47:08 PM  1000   1037535    0.00    0.00    0.00    0.00    0.00    18  run-pyroscope.s
03:47:08 PM  1000   1037541    0.00    0.00    0.00    0.00    0.00    18  prometheus
03:47:08 PM  1000   1037543    0.00    1.00    0.00    0.00    1.00    20  loki
03:47:08 PM  1000   1037544    7.00    0.00    0.00    0.00    7.00    20  tempo
03:47:08 PM  1000   1037546    0.00    0.00    0.00    0.00    0.00    20  pyroscope

03:47:07 PM   UID       PID   cswch/s nvcswch/s  Command
03:47:08 PM  1000   1037521      0.00      0.00  run-grafana.sh
03:47:08 PM  1000   1037523      0.00      0.00  run-loki.sh
03:47:08 PM  1000   1037525      0.00      0.00  grafana
03:47:08 PM  1000   1037526      0.00      0.00  run-otelcol.sh
03:47:08 PM  1000   1037529      0.00      0.00  run-prometheus.
03:47:08 PM  1000   1037531     41.00      0.00  otelcol-contrib
03:47:08 PM  1000   1037532      0.00      0.00  run-tempo.sh
03:47:08 PM  1000   1037535      0.00      0.00  run-pyroscope.s
03:47:08 PM  1000   1037541      2.00      0.00  prometheus
03:47:08 PM  1000   1037543      0.00      0.00  loki
03:47:08 PM  1000   1037544     83.00      4.00  tempo
03:47:08 PM  1000   1037546      0.00      0.00  pyroscope

03:47:08 PM   UID       PID    %usr %system  %guest   %wait    %CPU   CPU  Command
03:47:09 PM  1000   1037521    0.00    0.00    0.00    0.00    0.00    18  run-grafana.sh
03:47:09 PM  1000   1037523    0.00    0.00    0.00    0.00    0.00    16  run-loki.sh
03:47:09 PM  1000   1037525    5.00    0.00    0.00    0.00    5.00    16  grafana
03:47:09 PM  1000   1037526    0.00    0.00    0.00    0.00    0.00    16  run-otelcol.sh
03:47:09 PM  1000   1037529    0.00    0.00    0.00    0.00    0.00    20  run-prometheus.
03:47:09 PM  1000   1037531    4.00    0.00    0.00    0.00    4.00    20  otelcol-contrib
03:47:09 PM  1000   1037532    0.00    0.00    0.00    0.00    0.00    16  run-tempo.sh
03:47:09 PM  1000   1037535    0.00    0.00    0.00    0.00    0.00    18  run-pyroscope.s
03:47:09 PM  1000   1037541    0.00    0.00    0.00    0.00    0.00    20  prometheus
03:47:09 PM  1000   1037543    0.00    0.00    0.00    0.00    0.00    20  loki
03:47:09 PM  1000   1037544   51.00    1.00    0.00    0.00   52.00    20  tempo
03:47:09 PM  1000   1037546    1.00    0.00    0.00    0.00    1.00    20  pyroscope

03:47:08 PM   UID       PID   cswch/s nvcswch/s  Command
03:47:09 PM  1000   1037521      0.00      0.00  run-grafana.sh
03:47:09 PM  1000   1037523      0.00      0.00  run-loki.sh
03:47:09 PM  1000   1037525      0.00      0.00  grafana
03:47:09 PM  1000   1037526      0.00      0.00  run-otelcol.sh
03:47:09 PM  1000   1037529      0.00      0.00  run-prometheus.
03:47:09 PM  1000   1037531     40.00      0.00  otelcol-contrib
03:47:09 PM  1000   1037532      0.00      0.00  run-tempo.sh
03:47:09 PM  1000   1037535      0.00      0.00  run-pyroscope.s
03:47:09 PM  1000   1037541      2.00      0.00  prometheus
03:47:09 PM  1000   1037543      0.00      0.00  loki
03:47:09 PM  1000   1037544     86.00     18.00  tempo
03:47:09 PM  1000   1037546      0.00      0.00  pyroscope

03:47:09 PM   UID       PID    %usr %system  %guest   %wait    %CPU   CPU  Command
03:47:10 PM  1000   1037521    0.00    0.00    0.00    0.00    0.00    18  run-grafana.sh
03:47:10 PM  1000   1037523    0.00    0.00    0.00    0.00    0.00    16  run-loki.sh
03:47:10 PM  1000   1037525    1.00    0.00    0.00    0.00    1.00    16  grafana
03:47:10 PM  1000   1037526    0.00    0.00    0.00    0.00    0.00    16  run-otelcol.sh
03:47:10 PM  1000   1037529    0.00    0.00    0.00    0.00    0.00    20  run-prometheus.
03:47:10 PM  1000   1037531    2.00    1.00    0.00    0.00    3.00    18  otelcol-contrib
03:47:10 PM  1000   1037532    0.00    0.00    0.00    0.00    0.00    16  run-tempo.sh
03:47:10 PM  1000   1037535    0.00    0.00    0.00    0.00    0.00    18  run-pyroscope.s
03:47:10 PM  1000   1037541    0.00    1.00    0.00    0.00    1.00    20  prometheus
03:47:10 PM  1000   1037543    0.00    0.00    0.00    0.00    0.00    20  loki
03:47:10 PM  1000   1037544   24.00    1.00    0.00    0.00   25.00    20  tempo
03:47:10 PM  1000   1037546    0.00    0.00    0.00    0.00    0.00    20  pyroscope

03:47:09 PM   UID       PID   cswch/s nvcswch/s  Command
03:47:10 PM  1000   1037521      0.00      0.00  run-grafana.sh
03:47:10 PM  1000   1037523      0.00      0.00  run-loki.sh
03:47:10 PM  1000   1037525      0.00      0.00  grafana
03:47:10 PM  1000   1037526      0.00      0.00  run-otelcol.sh
03:47:10 PM  1000   1037529      0.00      0.00  run-prometheus.
03:47:10 PM  1000   1037531     25.00      0.00  otelcol-contrib
03:47:10 PM  1000   1037532      0.00      0.00  run-tempo.sh
03:47:10 PM  1000   1037535      0.00      0.00  run-pyroscope.s
03:47:10 PM  1000   1037541      2.00      0.00  prometheus
03:47:10 PM  1000   1037543      0.00      0.00  loki
03:47:10 PM  1000   1037544     84.00      4.00  tempo
03:47:10 PM  1000   1037546      0.00      0.00  pyroscope

03:47:10 PM   UID       PID    %usr %system  %guest   %wait    %CPU   CPU  Command
03:47:11 PM  1000   1037521    0.00    0.00    0.00    0.00    0.00    18  run-grafana.sh
03:47:11 PM  1000   1037523    0.00    0.00    0.00    0.00    0.00    16  run-loki.sh
03:47:11 PM  1000   1037525    0.00    0.00    0.00    0.00    0.00    16  grafana
03:47:11 PM  1000   1037526    0.00    0.00    0.00    0.00    0.00    16  run-otelcol.sh
03:47:11 PM  1000   1037529    0.00    0.00    0.00    0.00    0.00    20  run-prometheus.
03:47:11 PM  1000   1037531    2.00    0.00    0.00    0.00    2.00    20  otelcol-contrib
03:47:11 PM  1000   1037532    0.00    0.00    0.00    0.00    0.00    16  run-tempo.sh
03:47:11 PM  1000   1037535    0.00    0.00    0.00    0.00    0.00    18  run-pyroscope.s
03:47:11 PM  1000   1037541    0.00    0.00    0.00    0.00    0.00    16  prometheus
03:47:11 PM  1000   1037543    1.00    0.00    0.00    0.00    1.00    20  loki
03:47:11 PM  1000   1037544    6.00    1.00    0.00    0.00    7.00    20  tempo
03:47:11 PM  1000   1037546    0.00    0.00    0.00    0.00    0.00    20  pyroscope

03:47:10 PM   UID       PID   cswch/s nvcswch/s  Command
03:47:11 PM  1000   1037521      0.00      0.00  run-grafana.sh
03:47:11 PM  1000   1037523      0.00      0.00  run-loki.sh
03:47:11 PM  1000   1037525      0.00      0.00  grafana
03:47:11 PM  1000   1037526      0.00      0.00  run-otelcol.sh
03:47:11 PM  1000   1037529      0.00      0.00  run-prometheus.
03:47:11 PM  1000   1037531     29.00      0.00  otelcol-contrib
03:47:11 PM  1000   1037532      0.00      0.00  run-tempo.sh
03:47:11 PM  1000   1037535      0.00      0.00  run-pyroscope.s
03:47:11 PM  1000   1037541      3.00      0.00  prometheus
03:47:11 PM  1000   1037543      0.00      0.00  loki
03:47:11 PM  1000   1037544     59.00      1.00  tempo
03:47:11 PM  1000   1037546      0.00      0.00  pyroscope

03:47:11 PM   UID       PID    %usr %system  %guest   %wait    %CPU   CPU  Command
03:47:12 PM  1000   1037521    0.00    0.00    0.00    0.00    0.00    18  run-grafana.sh
03:47:12 PM  1000   1037523    0.00    0.00    0.00    0.00    0.00    16  run-loki.sh
03:47:12 PM  1000   1037525    0.00    0.00    0.00    0.00    0.00    16  grafana
03:47:12 PM  1000   1037526    0.00    0.00    0.00    0.00    0.00    16  run-otelcol.sh
03:47:12 PM  1000   1037529    0.00    0.00    0.00    0.00    0.00    20  run-prometheus.
03:47:12 PM  1000   1037531    4.00    0.00    0.00    0.00    4.00    16  otelcol-contrib
03:47:12 PM  1000   1037532    0.00    0.00    0.00    0.00    0.00    16  run-tempo.sh
03:47:12 PM  1000   1037535    0.00    0.00    0.00    0.00    0.00    18  run-pyroscope.s
03:47:12 PM  1000   1037541    1.00    0.00    0.00    0.00    1.00    20  prometheus
03:47:12 PM  1000   1037543    0.00    0.00    0.00    0.00    0.00    20  loki
03:47:12 PM  1000   1037544   20.00    2.00    0.00    0.00   22.00    18  tempo
03:47:12 PM  1000   1037546    0.00    0.00    0.00    0.00    0.00    20  pyroscope

03:47:11 PM   UID       PID   cswch/s nvcswch/s  Command
03:47:12 PM  1000   1037521      0.00      0.00  run-grafana.sh
03:47:12 PM  1000   1037523      0.00      0.00  run-loki.sh
03:47:12 PM  1000   1037525      0.00      0.00  grafana
03:47:12 PM  1000   1037526      0.00      0.00  run-otelcol.sh
03:47:12 PM  1000   1037529      0.00      0.00  run-prometheus.
03:47:12 PM  1000   1037531     41.00      1.00  otelcol-contrib
03:47:12 PM  1000   1037532      0.00      0.00  run-tempo.sh
03:47:12 PM  1000   1037535      0.00      0.00  run-pyroscope.s
03:47:12 PM  1000   1037541      3.00      0.00  prometheus
03:47:12 PM  1000   1037543      0.00      0.00  loki
03:47:12 PM  1000   1037544     81.00      3.00  tempo
03:47:12 PM  1000   1037546      0.00      0.00  pyroscope

03:47:12 PM   UID       PID    %usr %system  %guest   %wait    %CPU   CPU  Command
03:47:13 PM  1000   1037521    0.00    0.00    0.00    0.00    0.00    18  run-grafana.sh
03:47:13 PM  1000   1037523    0.00    0.00    0.00    0.00    0.00    16  run-loki.sh
03:47:13 PM  1000   1037525    0.00    0.00    0.00    0.00    0.00    16  grafana
03:47:13 PM  1000   1037526    0.00    0.00    0.00    0.00    0.00    16  run-otelcol.sh
03:47:13 PM  1000   1037529    0.00    0.00    0.00    0.00    0.00    20  run-prometheus.
03:47:13 PM  1000   1037531    2.00    1.00    0.00    0.00    3.00    20  otelcol-contrib
03:47:13 PM  1000   1037532    0.00    0.00    0.00    0.00    0.00    16  run-tempo.sh
03:47:13 PM  1000   1037535    0.00    0.00    0.00    0.00    0.00    18  run-pyroscope.s
03:47:13 PM  1000   1037541    0.00    0.00    0.00    0.00    0.00    18  prometheus
03:47:13 PM  1000   1037543    0.00    0.00    0.00    0.00    0.00    20  loki
03:47:13 PM  1000   1037544    7.00    0.00    0.00    0.00    7.00    20  tempo
03:47:13 PM  1000   1037546    0.00    0.00    0.00    0.00    0.00    20  pyroscope

03:47:12 PM   UID       PID   cswch/s nvcswch/s  Command
03:47:13 PM  1000   1037521      0.00      0.00  run-grafana.sh
03:47:13 PM  1000   1037523      0.00      0.00  run-loki.sh
03:47:13 PM  1000   1037525      0.00      0.00  grafana
03:47:13 PM  1000   1037526      0.00      0.00  run-otelcol.sh
03:47:13 PM  1000   1037529      0.00      0.00  run-prometheus.
03:47:13 PM  1000   1037531     37.00      0.00  otelcol-contrib
03:47:13 PM  1000   1037532      0.00      0.00  run-tempo.sh
03:47:13 PM  1000   1037535      0.00      0.00  run-pyroscope.s
03:47:13 PM  1000   1037541      3.00      0.00  prometheus
03:47:13 PM  1000   1037543      0.00      0.00  loki
03:47:13 PM  1000   1037544     70.00      1.00  tempo
03:47:13 PM  1000   1037546      0.00      0.00  pyroscope

03:47:13 PM   UID       PID    %usr %system  %guest   %wait    %CPU   CPU  Command
03:47:14 PM  1000   1037521    0.00    0.00    0.00    0.00    0.00    18  run-grafana.sh
03:47:14 PM  1000   1037523    0.00    0.00    0.00    0.00    0.00    16  run-loki.sh
03:47:14 PM  1000   1037525    0.00    0.00    0.00    0.00    0.00    16  grafana
03:47:14 PM  1000   1037526    0.00    0.00    0.00    0.00    0.00    16  run-otelcol.sh
03:47:14 PM  1000   1037529    0.00    0.00    0.00    0.00    0.00    20  run-prometheus.
03:47:14 PM  1000   1037531    4.00    0.00    0.00    0.00    4.00    20  otelcol-contrib
03:47:14 PM  1000   1037532    0.00    0.00    0.00    0.00    0.00    16  run-tempo.sh
03:47:14 PM  1000   1037535    0.00    0.00    0.00    0.00    0.00    18  run-pyroscope.s
03:47:14 PM  1000   1037541    0.00    0.00    0.00    0.00    0.00    20  prometheus
03:47:14 PM  1000   1037543    0.00    0.00    0.00    0.00    0.00    20  loki
03:47:14 PM  1000   1037544    7.00    0.00    0.00    0.00    7.00    16  tempo
03:47:14 PM  1000   1037546    0.00    0.00    0.00    0.00    0.00    20  pyroscope

03:47:13 PM   UID       PID   cswch/s nvcswch/s  Command
03:47:14 PM  1000   1037521      0.00      0.00  run-grafana.sh
03:47:14 PM  1000   1037523      0.00      0.00  run-loki.sh
03:47:14 PM  1000   1037525      0.00      0.00  grafana
03:47:14 PM  1000   1037526      0.00      0.00  run-otelcol.sh
03:47:14 PM  1000   1037529      0.00      0.00  run-prometheus.
03:47:14 PM  1000   1037531     44.00      0.00  otelcol-contrib
03:47:14 PM  1000   1037532      0.00      0.00  run-tempo.sh
03:47:14 PM  1000   1037535      0.00      0.00  run-pyroscope.s
03:47:14 PM  1000   1037541      3.00      0.00  prometheus
03:47:14 PM  1000   1037543      0.00      0.00  loki
03:47:14 PM  1000   1037544     69.00      3.00  tempo
03:47:14 PM  1000   1037546      0.00      0.00  pyroscope

03:47:14 PM   UID       PID    %usr %system  %guest   %wait    %CPU   CPU  Command
03:47:15 PM  1000   1037521    0.00    0.00    0.00    0.00    0.00    18  run-grafana.sh
03:47:15 PM  1000   1037523    0.00    0.00    0.00    0.00    0.00    16  run-loki.sh
03:47:15 PM  1000   1037525    0.00    0.00    0.00    0.00    0.00    16  grafana
03:47:15 PM  1000   1037526    0.00    0.00    0.00    0.00    0.00    16  run-otelcol.sh
03:47:15 PM  1000   1037529    0.00    0.00    0.00    0.00    0.00    20  run-prometheus.
03:47:15 PM  1000   1037531    2.00    0.00    0.00    0.00    2.00    18  otelcol-contrib
03:47:15 PM  1000   1037532    0.00    0.00    0.00    0.00    0.00    16  run-tempo.sh
03:47:15 PM  1000   1037535    0.00    0.00    0.00    0.00    0.00    18  run-pyroscope.s
03:47:15 PM  1000   1037541    1.00    0.00    0.00    0.00    1.00    18  prometheus
03:47:15 PM  1000   1037543    0.00    0.00    0.00    0.00    0.00    20  loki
03:47:15 PM  1000   1037544    7.00    0.00    0.00    1.00    7.00    18  tempo
03:47:15 PM  1000   1037546    0.00    0.00    0.00    0.00    0.00    20  pyroscope

03:47:14 PM   UID       PID   cswch/s nvcswch/s  Command
03:47:15 PM  1000   1037521      0.00      0.00  run-grafana.sh
03:47:15 PM  1000   1037523      0.00      0.00  run-loki.sh
03:47:15 PM  1000   1037525      0.00      0.00  grafana
03:47:15 PM  1000   1037526      0.00      0.00  run-otelcol.sh
03:47:15 PM  1000   1037529      0.00      0.00  run-prometheus.
03:47:15 PM  1000   1037531     36.00      0.00  otelcol-contrib
03:47:15 PM  1000   1037532      0.00      0.00  run-tempo.sh
03:47:15 PM  1000   1037535      0.00      0.00  run-pyroscope.s
03:47:15 PM  1000   1037541      1.00      0.00  prometheus
03:47:15 PM  1000   1037543      0.00      0.00  loki
03:47:15 PM  1000   1037544     70.00      0.00  tempo
03:47:15 PM  1000   1037546      0.00      0.00  pyroscope

03:47:15 PM   UID       PID    %usr %system  %guest   %wait    %CPU   CPU  Command
03:47:16 PM  1000   1037521    0.00    0.00    0.00    0.00    0.00    18  run-grafana.sh
03:47:16 PM  1000   1037523    0.00    0.00    0.00    0.00    0.00    16  run-loki.sh
03:47:16 PM  1000   1037525    0.00    0.00    0.00    0.00    0.00    16  grafana
03:47:16 PM  1000   1037526    0.00    0.00    0.00    0.00    0.00    16  run-otelcol.sh
03:47:16 PM  1000   1037529    0.00    0.00    0.00    0.00    0.00    20  run-prometheus.
03:47:16 PM  1000   1037531    2.00    1.00    0.00    0.00    3.00    16  otelcol-contrib
03:47:16 PM  1000   1037532    0.00    0.00    0.00    0.00    0.00    16  run-tempo.sh
03:47:16 PM  1000   1037535    0.00    0.00    0.00    0.00    0.00    18  run-pyroscope.s
03:47:16 PM  1000   1037541    0.00    0.00    0.00    0.00    0.00    18  prometheus
03:47:16 PM  1000   1037543    1.00    0.00    0.00    0.00    1.00    20  loki
03:47:16 PM  1000   1037544   18.00    1.00    0.00    0.00   19.00    16  tempo
03:47:16 PM  1000   1037546    0.00    1.00    0.00    0.00    1.00    20  pyroscope

03:47:15 PM   UID       PID   cswch/s nvcswch/s  Command
03:47:16 PM  1000   1037521      0.00      0.00  run-grafana.sh
03:47:16 PM  1000   1037523      0.00      0.00  run-loki.sh
03:47:16 PM  1000   1037525      0.00      0.00  grafana
03:47:16 PM  1000   1037526      0.00      0.00  run-otelcol.sh
03:47:16 PM  1000   1037529      0.00      0.00  run-prometheus.
03:47:16 PM  1000   1037531     49.00      0.00  otelcol-contrib
03:47:16 PM  1000   1037532      0.00      0.00  run-tempo.sh
03:47:16 PM  1000   1037535      0.00      0.00  run-pyroscope.s
03:47:16 PM  1000   1037541      4.00      0.00  prometheus
03:47:16 PM  1000   1037543      0.00      0.00  loki
03:47:16 PM  1000   1037544     56.00     65.00  tempo
03:47:16 PM  1000   1037546      0.00      0.00  pyroscope

03:47:16 PM   UID       PID    %usr %system  %guest   %wait    %CPU   CPU  Command
03:47:17 PM  1000   1037521    0.00    0.00    0.00    0.00    0.00    18  run-grafana.sh
03:47:17 PM  1000   1037523    0.00    0.00    0.00    0.00    0.00    16  run-loki.sh
03:47:17 PM  1000   1037525    0.00    0.00    0.00    0.00    0.00    16  grafana
03:47:17 PM  1000   1037526    0.00    0.00    0.00    0.00    0.00    16  run-otelcol.sh
03:47:17 PM  1000   1037529    0.00    0.00    0.00    0.00    0.00    20  run-prometheus.
03:47:17 PM  1000   1037531    2.00    0.00    0.00    0.00    2.00    16  otelcol-contrib
03:47:17 PM  1000   1037532    0.00    0.00    0.00    0.00    0.00    16  run-tempo.sh
03:47:17 PM  1000   1037535    0.00    0.00    0.00    0.00    0.00    18  run-pyroscope.s
03:47:17 PM  1000   1037541    0.00    0.00    0.00    0.00    0.00    20  prometheus
03:47:17 PM  1000   1037543    0.00    0.00    0.00    0.00    0.00    20  loki
03:47:17 PM  1000   1037544    7.00    1.00    0.00    0.00    8.00    18  tempo
03:47:17 PM  1000   1037546    1.00    0.00    0.00    0.00    1.00    20  pyroscope

03:47:16 PM   UID       PID   cswch/s nvcswch/s  Command
03:47:17 PM  1000   1037521      0.00      0.00  run-grafana.sh
03:47:17 PM  1000   1037523      0.00      0.00  run-loki.sh
03:47:17 PM  1000   1037525      0.00      0.00  grafana
03:47:17 PM  1000   1037526      0.00      0.00  run-otelcol.sh
03:47:17 PM  1000   1037529      0.00      0.00  run-prometheus.
03:47:17 PM  1000   1037531     43.00      0.00  otelcol-contrib
03:47:17 PM  1000   1037532      0.00      0.00  run-tempo.sh
03:47:17 PM  1000   1037535      0.00      0.00  run-pyroscope.s
03:47:17 PM  1000   1037541      3.00      0.00  prometheus
03:47:17 PM  1000   1037543      0.00      0.00  loki
03:47:17 PM  1000   1037544     93.00      3.00  tempo
03:47:17 PM  1000   1037546      0.00      0.00  pyroscope

03:47:17 PM   UID       PID    %usr %system  %guest   %wait    %CPU   CPU  Command
03:47:18 PM  1000   1037521    0.00    0.00    0.00    0.00    0.00    18  run-grafana.sh
03:47:18 PM  1000   1037523    0.00    0.00    0.00    0.00    0.00    16  run-loki.sh
03:47:18 PM  1000   1037525    0.00    0.00    0.00    0.00    0.00    16  grafana
03:47:18 PM  1000   1037526    0.00    0.00    0.00    0.00    0.00    16  run-otelcol.sh
03:47:18 PM  1000   1037529    0.00    0.00    0.00    0.00    0.00    20  run-prometheus.
03:47:18 PM  1000   1037531    4.00    0.00    0.00    0.00    4.00    16  otelcol-contrib
03:47:18 PM  1000   1037532    0.00    0.00    0.00    0.00    0.00    16  run-tempo.sh
03:47:18 PM  1000   1037535    0.00    0.00    0.00    0.00    0.00    18  run-pyroscope.s
03:47:18 PM  1000   1037541    0.00    0.00    0.00    0.00    0.00    18  prometheus
03:47:18 PM  1000   1037543    0.00    0.00    0.00    0.00    0.00    20  loki
03:47:18 PM  1000   1037544   23.00    4.00    0.00    0.00   27.00    20  tempo
03:47:18 PM  1000   1037546    0.00    0.00    0.00    0.00    0.00    20  pyroscope

03:47:17 PM   UID       PID   cswch/s nvcswch/s  Command
03:47:18 PM  1000   1037521      0.00      0.00  run-grafana.sh
03:47:18 PM  1000   1037523      0.00      0.00  run-loki.sh
03:47:18 PM  1000   1037525      0.00      0.00  grafana
03:47:18 PM  1000   1037526      0.00      0.00  run-otelcol.sh
03:47:18 PM  1000   1037529      0.00      0.00  run-prometheus.
03:47:18 PM  1000   1037531     56.00      3.00  otelcol-contrib
03:47:18 PM  1000   1037532      0.00      0.00  run-tempo.sh
03:47:18 PM  1000   1037535      0.00      0.00  run-pyroscope.s
03:47:18 PM  1000   1037541      2.00      0.00  prometheus
03:47:18 PM  1000   1037543      0.00      0.00  loki
03:47:18 PM  1000   1037544     64.00     10.00  tempo
03:47:18 PM  1000   1037546      0.00      0.00  pyroscope

03:47:18 PM   UID       PID    %usr %system  %guest   %wait    %CPU   CPU  Command
03:47:19 PM  1000   1037521    0.00    0.00    0.00    0.00    0.00    18  run-grafana.sh
03:47:19 PM  1000   1037523    0.00    0.00    0.00    0.00    0.00    16  run-loki.sh
03:47:19 PM  1000   1037525    3.00    0.00    0.00    0.00    3.00    16  grafana
03:47:19 PM  1000   1037526    0.00    0.00    0.00    0.00    0.00    16  run-otelcol.sh
03:47:19 PM  1000   1037529    0.00    0.00    0.00    0.00    0.00    20  run-prometheus.
03:47:19 PM  1000   1037531    2.00    1.00    0.00    0.00    3.00    16  otelcol-contrib
03:47:19 PM  1000   1037532    0.00    0.00    0.00    0.00    0.00    16  run-tempo.sh
03:47:19 PM  1000   1037535    0.00    0.00    0.00    0.00    0.00    18  run-pyroscope.s
03:47:19 PM  1000   1037541    1.00    0.00    0.00    0.00    1.00    16  prometheus
03:47:19 PM  1000   1037543    1.00    0.00    0.00    0.00    1.00    20  loki
03:47:19 PM  1000   1037544   35.00    2.00    0.00    0.00   37.00    18  tempo
03:47:19 PM  1000   1037546    0.00    0.00    0.00    0.00    0.00    20  pyroscope

03:47:18 PM   UID       PID   cswch/s nvcswch/s  Command
03:47:19 PM  1000   1037521      0.00      0.00  run-grafana.sh
03:47:19 PM  1000   1037523      0.00      0.00  run-loki.sh
03:47:19 PM  1000   1037525      0.00      0.00  grafana
03:47:19 PM  1000   1037526      0.00      0.00  run-otelcol.sh
03:47:19 PM  1000   1037529      0.00      0.00  run-prometheus.
03:47:19 PM  1000   1037531     40.00      0.00  otelcol-contrib
03:47:19 PM  1000   1037532      0.00      0.00  run-tempo.sh
03:47:19 PM  1000   1037535      0.00      0.00  run-pyroscope.s
03:47:19 PM  1000   1037541      1.00      0.00  prometheus
03:47:19 PM  1000   1037543      0.00      0.00  loki
03:47:19 PM  1000   1037544     66.00     10.00  tempo
03:47:19 PM  1000   1037546      0.00      0.00  pyroscope

03:47:19 PM   UID       PID    %usr %system  %guest   %wait    %CPU   CPU  Command
03:47:20 PM  1000   1037521    0.00    0.00    0.00    0.00    0.00    18  run-grafana.sh
03:47:20 PM  1000   1037523    0.00    0.00    0.00    0.00    0.00    16  run-loki.sh
03:47:20 PM  1000   1037525    0.00    1.00    0.00    0.00    1.00    16  grafana
03:47:20 PM  1000   1037526    0.00    0.00    0.00    0.00    0.00    16  run-otelcol.sh
03:47:20 PM  1000   1037529    0.00    0.00    0.00    0.00    0.00    20  run-prometheus.
03:47:20 PM  1000   1037531    2.00    0.00    0.00    0.00    2.00    16  otelcol-contrib
03:47:20 PM  1000   1037532    0.00    0.00    0.00    0.00    0.00    16  run-tempo.sh
03:47:20 PM  1000   1037535    0.00    0.00    0.00    0.00    0.00    18  run-pyroscope.s
03:47:20 PM  1000   1037541    0.00    0.00    0.00    0.00    0.00    18  prometheus
03:47:20 PM  1000   1037543    0.00    0.00    0.00    0.00    0.00    20  loki
03:47:20 PM  1000   1037544   36.00    6.00    0.00    1.00   42.00    18  tempo
03:47:20 PM  1000   1037546    0.00    0.00    0.00    0.00    0.00    20  pyroscope

03:47:19 PM   UID       PID   cswch/s nvcswch/s  Command
03:47:20 PM  1000   1037521      0.00      0.00  run-grafana.sh
03:47:20 PM  1000   1037523      0.00      0.00  run-loki.sh
03:47:20 PM  1000   1037525      0.00      0.00  grafana
03:47:20 PM  1000   1037526      0.00      0.00  run-otelcol.sh
03:47:20 PM  1000   1037529      0.00      0.00  run-prometheus.
03:47:20 PM  1000   1037531     30.00      1.00  otelcol-contrib
03:47:20 PM  1000   1037532      0.00      0.00  run-tempo.sh
03:47:20 PM  1000   1037535      0.00      0.00  run-pyroscope.s
03:47:20 PM  1000   1037541      2.00      0.00  prometheus
03:47:20 PM  1000   1037543      0.00      0.00  loki
03:47:20 PM  1000   1037544     36.00     17.00  tempo
03:47:20 PM  1000   1037546      0.00      0.00  pyroscope

03:47:20 PM   UID       PID    %usr %system  %guest   %wait    %CPU   CPU  Command
03:47:21 PM  1000   1037521    0.00    0.00    0.00    0.00    0.00    18  run-grafana.sh
03:47:21 PM  1000   1037523    0.00    0.00    0.00    0.00    0.00    16  run-loki.sh
03:47:21 PM  1000   1037525    0.00    0.00    0.00    0.00    0.00    16  grafana
03:47:21 PM  1000   1037526    0.00    0.00    0.00    0.00    0.00    16  run-otelcol.sh
03:47:21 PM  1000   1037529    0.00    0.00    0.00    0.00    0.00    20  run-prometheus.
03:47:21 PM  1000   1037531    4.00    0.00    0.00    0.00    4.00    20  otelcol-contrib
03:47:21 PM  1000   1037532    0.00    0.00    0.00    0.00    0.00    16  run-tempo.sh
03:47:21 PM  1000   1037535    0.00    0.00    0.00    0.00    0.00    18  run-pyroscope.s
03:47:21 PM  1000   1037541    0.00    0.00    0.00    0.00    0.00    18  prometheus
03:47:21 PM  1000   1037543    0.00    0.00    0.00    0.00    0.00    20  loki
03:47:21 PM  1000   1037544   21.00    2.00    0.00    0.00   23.00    16  tempo
03:47:21 PM  1000   1037546    4.00    0.00    0.00    0.00    4.00    20  pyroscope

03:47:20 PM   UID       PID   cswch/s nvcswch/s  Command
03:47:21 PM  1000   1037521      0.00      0.00  run-grafana.sh
03:47:21 PM  1000   1037523      0.00      0.00  run-loki.sh
03:47:21 PM  1000   1037525      0.00      0.00  grafana
03:47:21 PM  1000   1037526      0.00      0.00  run-otelcol.sh
03:47:21 PM  1000   1037529      0.00      0.00  run-prometheus.
03:47:21 PM  1000   1037531     35.00      0.00  otelcol-contrib
03:47:21 PM  1000   1037532      0.00      0.00  run-tempo.sh
03:47:21 PM  1000   1037535      0.00      0.00  run-pyroscope.s
03:47:21 PM  1000   1037541      6.00      0.00  prometheus
03:47:21 PM  1000   1037543      0.00      0.00  loki
03:47:21 PM  1000   1037544     52.00     35.00  tempo
03:47:21 PM  1000   1037546      0.00      0.00  pyroscope

03:47:21 PM   UID       PID    %usr %system  %guest   %wait    %CPU   CPU  Command
03:47:22 PM  1000   1037521    0.00    0.00    0.00    0.00    0.00    18  run-grafana.sh
03:47:22 PM  1000   1037523    0.00    0.00    0.00    0.00    0.00    16  run-loki.sh
03:47:22 PM  1000   1037525    0.00    0.00    0.00    0.00    0.00    16  grafana
03:47:22 PM  1000   1037526    0.00    0.00    0.00    0.00    0.00    16  run-otelcol.sh
03:47:22 PM  1000   1037529    0.00    0.00    0.00    0.00    0.00    20  run-prometheus.
03:47:22 PM  1000   1037531    2.00    1.00    0.00    0.00    3.00    20  otelcol-contrib
03:47:22 PM  1000   1037532    0.00    0.00    0.00    0.00    0.00    16  run-tempo.sh
03:47:22 PM  1000   1037535    0.00    0.00    0.00    0.00    0.00    18  run-pyroscope.s
03:47:22 PM  1000   1037541    0.00    0.00    0.00    0.00    0.00    18  prometheus
03:47:22 PM  1000   1037543    1.00    0.00    0.00    0.00    1.00    20  loki
03:47:22 PM  1000   1037544    6.00    0.00    0.00    0.00    6.00    16  tempo
03:47:22 PM  1000   1037546    0.00    0.00    0.00    0.00    0.00    20  pyroscope

03:47:21 PM   UID       PID   cswch/s nvcswch/s  Command
03:47:22 PM  1000   1037521      0.00      0.00  run-grafana.sh
03:47:22 PM  1000   1037523      0.00      0.00  run-loki.sh
03:47:22 PM  1000   1037525      0.00      0.00  grafana
03:47:22 PM  1000   1037526      0.00      0.00  run-otelcol.sh
03:47:22 PM  1000   1037529      0.00      0.00  run-prometheus.
03:47:22 PM  1000   1037531     44.00      0.00  otelcol-contrib
03:47:22 PM  1000   1037532      0.00      0.00  run-tempo.sh
03:47:22 PM  1000   1037535      0.00      0.00  run-pyroscope.s
03:47:22 PM  1000   1037541      2.00      0.00  prometheus
03:47:22 PM  1000   1037543      0.00      0.00  loki
03:47:22 PM  1000   1037544     65.00      0.00  tempo
03:47:22 PM  1000   1037546      0.00      0.00  pyroscope

03:47:22 PM   UID       PID    %usr %system  %guest   %wait    %CPU   CPU  Command
03:47:23 PM  1000   1037521    0.00    0.00    0.00    0.00    0.00    18  run-grafana.sh
03:47:23 PM  1000   1037523    0.00    0.00    0.00    0.00    0.00    16  run-loki.sh
03:47:23 PM  1000   1037525    0.00    0.00    0.00    0.00    0.00    16  grafana
03:47:23 PM  1000   1037526    0.00    0.00    0.00    0.00    0.00    16  run-otelcol.sh
03:47:23 PM  1000   1037529    0.00    0.00    0.00    0.00    0.00    20  run-prometheus.
03:47:23 PM  1000   1037531    4.00    0.00    0.00    1.00    4.00    16  otelcol-contrib
03:47:23 PM  1000   1037532    0.00    0.00    0.00    0.00    0.00    16  run-tempo.sh
03:47:23 PM  1000   1037535    0.00    0.00    0.00    0.00    0.00    18  run-pyroscope.s
03:47:23 PM  1000   1037541    0.00    0.00    0.00    0.00    0.00    18  prometheus
03:47:23 PM  1000   1037543    0.00    0.00    0.00    0.00    0.00    20  loki
03:47:23 PM  1000   1037544    7.00    0.00    0.00    0.00    7.00    18  tempo
03:47:23 PM  1000   1037546    0.00    0.00    0.00    0.00    0.00    20  pyroscope

03:47:22 PM   UID       PID   cswch/s nvcswch/s  Command
03:47:23 PM  1000   1037521      0.00      0.00  run-grafana.sh
03:47:23 PM  1000   1037523      0.00      0.00  run-loki.sh
03:47:23 PM  1000   1037525      0.00      0.00  grafana
03:47:23 PM  1000   1037526      0.00      0.00  run-otelcol.sh
03:47:23 PM  1000   1037529      0.00      0.00  run-prometheus.
03:47:23 PM  1000   1037531     43.00     54.00  otelcol-contrib
03:47:23 PM  1000   1037532      0.00      0.00  run-tempo.sh
03:47:23 PM  1000   1037535      0.00      0.00  run-pyroscope.s
03:47:23 PM  1000   1037541      1.00      0.00  prometheus
03:47:23 PM  1000   1037543      0.00      0.00  loki
03:47:23 PM  1000   1037544     92.00      4.00  tempo
03:47:23 PM  1000   1037546      0.00      0.00  pyroscope

03:47:23 PM   UID       PID    %usr %system  %guest   %wait    %CPU   CPU  Command
03:47:24 PM  1000   1037521    0.00    0.00    0.00    0.00    0.00    18  run-grafana.sh
03:47:24 PM  1000   1037523    0.00    0.00    0.00    0.00    0.00    16  run-loki.sh
03:47:24 PM  1000   1037525    0.00    0.00    0.00    0.00    0.00    16  grafana
03:47:24 PM  1000   1037526    0.00    0.00    0.00    0.00    0.00    16  run-otelcol.sh
03:47:24 PM  1000   1037529    0.00    0.00    0.00    0.00    0.00    20  run-prometheus.
03:47:24 PM  1000   1037531    3.00    0.00    0.00    0.00    3.00    18  otelcol-contrib
03:47:24 PM  1000   1037532    0.00    0.00    0.00    0.00    0.00    16  run-tempo.sh
03:47:24 PM  1000   1037535    0.00    0.00    0.00    0.00    0.00    18  run-pyroscope.s
03:47:24 PM  1000   1037541    0.00    0.00    0.00    0.00    0.00    18  prometheus
03:47:24 PM  1000   1037543    0.00    0.00    0.00    0.00    0.00    20  loki
03:47:24 PM  1000   1037544   14.00    1.00    0.00    1.00   15.00    16  tempo
03:47:24 PM  1000   1037546    0.00    0.00    0.00    0.00    0.00    20  pyroscope

03:47:23 PM   UID       PID   cswch/s nvcswch/s  Command
03:47:24 PM  1000   1037521      0.00      0.00  run-grafana.sh
03:47:24 PM  1000   1037523      0.00      0.00  run-loki.sh
03:47:24 PM  1000   1037525      0.00      0.00  grafana
03:47:24 PM  1000   1037526      0.00      0.00  run-otelcol.sh
03:47:24 PM  1000   1037529      0.00      0.00  run-prometheus.
03:47:24 PM  1000   1037531     34.00      0.00  otelcol-contrib
03:47:24 PM  1000   1037532      0.00      0.00  run-tempo.sh
03:47:24 PM  1000   1037535      0.00      0.00  run-pyroscope.s
03:47:24 PM  1000   1037541      1.00      0.00  prometheus
03:47:24 PM  1000   1037543      0.00      0.00  loki
03:47:24 PM  1000   1037544     82.00      2.00  tempo
03:47:24 PM  1000   1037546      0.00      0.00  pyroscope

03:47:24 PM   UID       PID    %usr %system  %guest   %wait    %CPU   CPU  Command
03:47:25 PM  1000   1037521    0.00    0.00    0.00    0.00    0.00    18  run-grafana.sh
03:47:25 PM  1000   1037523    0.00    0.00    0.00    0.00    0.00    16  run-loki.sh
03:47:25 PM  1000   1037525    0.00    0.00    0.00    0.00    0.00    16  grafana
03:47:25 PM  1000   1037526    0.00    0.00    0.00    0.00    0.00    16  run-otelcol.sh
03:47:25 PM  1000   1037529    0.00    0.00    0.00    0.00    0.00    20  run-prometheus.
03:47:25 PM  1000   1037531    2.00    0.00    0.00    0.00    2.00    20  otelcol-contrib
03:47:25 PM  1000   1037532    0.00    0.00    0.00    0.00    0.00    16  run-tempo.sh
03:47:25 PM  1000   1037535    0.00    0.00    0.00    0.00    0.00    18  run-pyroscope.s
03:47:25 PM  1000   1037541    0.00    0.00    0.00    0.00    0.00    18  prometheus
03:47:25 PM  1000   1037543    0.00    0.00    0.00    0.00    0.00    20  loki
03:47:25 PM  1000   1037544   12.00    1.00    0.00    0.00   13.00    16  tempo
03:47:25 PM  1000   1037546    0.00    0.00    0.00    0.00    0.00    20  pyroscope

03:47:24 PM   UID       PID   cswch/s nvcswch/s  Command
03:47:25 PM  1000   1037521      0.00      0.00  run-grafana.sh
03:47:25 PM  1000   1037523      0.00      0.00  run-loki.sh
03:47:25 PM  1000   1037525      0.00      0.00  grafana
03:47:25 PM  1000   1037526      0.00      0.00  run-otelcol.sh
03:47:25 PM  1000   1037529      0.00      0.00  run-prometheus.
03:47:25 PM  1000   1037531     34.00      0.00  otelcol-contrib
03:47:25 PM  1000   1037532      0.00      0.00  run-tempo.sh
03:47:25 PM  1000   1037535      0.00      0.00  run-pyroscope.s
03:47:25 PM  1000   1037541      1.00      0.00  prometheus
03:47:25 PM  1000   1037543      0.00      0.00  loki
03:47:25 PM  1000   1037544     61.00      4.00  tempo
03:47:25 PM  1000   1037546      0.00      0.00  pyroscope

03:47:25 PM   UID       PID    %usr %system  %guest   %wait    %CPU   CPU  Command
03:47:26 PM  1000   1037521    0.00    0.00    0.00    0.00    0.00    18  run-grafana.sh
03:47:26 PM  1000   1037523    0.00    0.00    0.00    0.00    0.00    16  run-loki.sh
03:47:26 PM  1000   1037525    0.00    0.00    0.00    0.00    0.00    16  grafana
03:47:26 PM  1000   1037526    0.00    0.00    0.00    0.00    0.00    16  run-otelcol.sh
03:47:26 PM  1000   1037529    0.00    0.00    0.00    0.00    0.00    20  run-prometheus.
03:47:26 PM  1000   1037531    4.00    1.00    0.00    0.00    5.00    16  otelcol-contrib
03:47:26 PM  1000   1037532    0.00    0.00    0.00    0.00    0.00    16  run-tempo.sh
03:47:26 PM  1000   1037535    0.00    0.00    0.00    0.00    0.00    18  run-pyroscope.s
03:47:26 PM  1000   1037541    0.00    0.00    0.00    0.00    0.00    20  prometheus
03:47:26 PM  1000   1037543    1.00    0.00    0.00    0.00    1.00    20  loki
03:47:26 PM  1000   1037544   24.00    2.00    0.00    1.00   26.00    16  tempo
03:47:26 PM  1000   1037546    1.00    0.00    0.00    0.00    1.00    20  pyroscope

03:47:25 PM   UID       PID   cswch/s nvcswch/s  Command
03:47:26 PM  1000   1037521      0.00      0.00  run-grafana.sh
03:47:26 PM  1000   1037523      0.00      0.00  run-loki.sh
03:47:26 PM  1000   1037525      0.00      0.00  grafana
03:47:26 PM  1000   1037526      0.00      0.00  run-otelcol.sh
03:47:26 PM  1000   1037529      0.00      0.00  run-prometheus.
03:47:26 PM  1000   1037531     41.00      0.00  otelcol-contrib
03:47:26 PM  1000   1037532      0.00      0.00  run-tempo.sh
03:47:26 PM  1000   1037535      0.00      0.00  run-pyroscope.s
03:47:26 PM  1000   1037541      4.00      0.00  prometheus
03:47:26 PM  1000   1037543      0.00      0.00  loki
03:47:26 PM  1000   1037544     57.00     18.00  tempo
03:47:26 PM  1000   1037546      0.00      0.00  pyroscope

03:47:26 PM   UID       PID    %usr %system  %guest   %wait    %CPU   CPU  Command
03:47:27 PM  1000   1037521    0.00    0.00    0.00    0.00    0.00    18  run-grafana.sh
03:47:27 PM  1000   1037523    0.00    0.00    0.00    0.00    0.00    16  run-loki.sh
03:47:27 PM  1000   1037525    0.00    0.00    0.00    0.00    0.00    16  grafana
03:47:27 PM  1000   1037526    0.00    0.00    0.00    0.00    0.00    16  run-otelcol.sh
03:47:27 PM  1000   1037529    0.00    0.00    0.00    0.00    0.00    20  run-prometheus.
03:47:27 PM  1000   1037531    2.00    0.00    0.00    0.00    2.00    20  otelcol-contrib
03:47:27 PM  1000   1037532    0.00    0.00    0.00    0.00    0.00    16  run-tempo.sh
03:47:27 PM  1000   1037535    0.00    0.00    0.00    0.00    0.00    18  run-pyroscope.s
03:47:27 PM  1000   1037541    1.00    0.00    0.00    0.00    1.00    20  prometheus
03:47:27 PM  1000   1037543    0.00    0.00    0.00    0.00    0.00    20  loki
03:47:27 PM  1000   1037544   46.00    4.00    0.00    0.00   50.00    20  tempo
03:47:27 PM  1000   1037546    0.00    0.00    0.00    0.00    0.00    20  pyroscope

03:47:26 PM   UID       PID   cswch/s nvcswch/s  Command
03:47:27 PM  1000   1037521      0.00      0.00  run-grafana.sh
03:47:27 PM  1000   1037523      0.00      0.00  run-loki.sh
03:47:27 PM  1000   1037525      0.00      0.00  grafana
03:47:27 PM  1000   1037526      0.00      0.00  run-otelcol.sh
03:47:27 PM  1000   1037529      0.00      0.00  run-prometheus.
03:47:27 PM  1000   1037531     30.00      0.00  otelcol-contrib
03:47:27 PM  1000   1037532      0.00      0.00  run-tempo.sh
03:47:27 PM  1000   1037535      0.00      0.00  run-pyroscope.s
03:47:27 PM  1000   1037541      1.00      0.00  prometheus
03:47:27 PM  1000   1037543      0.00      0.00  loki
03:47:27 PM  1000   1037544     72.00      4.00  tempo
03:47:27 PM  1000   1037546      0.00      0.00  pyroscope

03:47:27 PM   UID       PID    %usr %system  %guest   %wait    %CPU   CPU  Command
03:47:28 PM  1000   1037521    0.00    0.00    0.00    0.00    0.00    18  run-grafana.sh
03:47:28 PM  1000   1037523    0.00    0.00    0.00    0.00    0.00    16  run-loki.sh
03:47:28 PM  1000   1037525    0.00    0.00    0.00    0.00    0.00    16  grafana
03:47:28 PM  1000   1037526    0.00    0.00    0.00    0.00    0.00    16  run-otelcol.sh
03:47:28 PM  1000   1037529    0.00    0.00    0.00    0.00    0.00    20  run-prometheus.
03:47:28 PM  1000   1037531    2.00    0.00    0.00    0.00    2.00    18  otelcol-contrib
03:47:28 PM  1000   1037532    0.00    0.00    0.00    0.00    0.00    16  run-tempo.sh
03:47:28 PM  1000   1037535    0.00    0.00    0.00    0.00    0.00    18  run-pyroscope.s
03:47:28 PM  1000   1037541    0.00    0.00    0.00    0.00    0.00    18  prometheus
03:47:28 PM  1000   1037543    0.00    1.00    0.00    0.00    1.00    20  loki
03:47:28 PM  1000   1037544    7.00    0.00    0.00    0.00    7.00    16  tempo
03:47:28 PM  1000   1037546    0.00    1.00    0.00    0.00    1.00    20  pyroscope

03:47:27 PM   UID       PID   cswch/s nvcswch/s  Command
03:47:28 PM  1000   1037521      0.00      0.00  run-grafana.sh
03:47:28 PM  1000   1037523      0.00      0.00  run-loki.sh
03:47:28 PM  1000   1037525      0.00      0.00  grafana
03:47:28 PM  1000   1037526      0.00      0.00  run-otelcol.sh
03:47:28 PM  1000   1037529      0.00      0.00  run-prometheus.
03:47:28 PM  1000   1037531     47.00      2.00  otelcol-contrib
03:47:28 PM  1000   1037532      0.00      0.00  run-tempo.sh
03:47:28 PM  1000   1037535      0.00      0.00  run-pyroscope.s
03:47:28 PM  1000   1037541      1.00      0.00  prometheus
03:47:28 PM  1000   1037543      0.00      0.00  loki
03:47:28 PM  1000   1037544     79.00      5.00  tempo
03:47:28 PM  1000   1037546      0.00      0.00  pyroscope

03:47:28 PM   UID       PID    %usr %system  %guest   %wait    %CPU   CPU  Command
03:47:29 PM  1000   1037521    0.00    0.00    0.00    0.00    0.00    18  run-grafana.sh
03:47:29 PM  1000   1037523    0.00    0.00    0.00    0.00    0.00    16  run-loki.sh
03:47:29 PM  1000   1037525    2.00    1.00    0.00    0.00    3.00    16  grafana
03:47:29 PM  1000   1037526    0.00    0.00    0.00    0.00    0.00    16  run-otelcol.sh
03:47:29 PM  1000   1037529    0.00    0.00    0.00    0.00    0.00    20  run-prometheus.
03:47:29 PM  1000   1037531    4.00    1.00    0.00    0.00    5.00    16  otelcol-contrib
03:47:29 PM  1000   1037532    0.00    0.00    0.00    0.00    0.00    16  run-tempo.sh
03:47:29 PM  1000   1037535    0.00    0.00    0.00    0.00    0.00    18  run-pyroscope.s
03:47:29 PM  1000   1037541    0.00    0.00    0.00    0.00    0.00    20  prometheus
03:47:29 PM  1000   1037543    0.00    0.00    0.00    0.00    0.00    20  loki
03:47:29 PM  1000   1037544   60.00    4.00    0.00    0.00   64.00    16  tempo
03:47:29 PM  1000   1037546    0.00    0.00    0.00    0.00    0.00    20  pyroscope

03:47:28 PM   UID       PID   cswch/s nvcswch/s  Command
03:47:29 PM  1000   1037521      0.00      0.00  run-grafana.sh
03:47:29 PM  1000   1037523      0.00      0.00  run-loki.sh
03:47:29 PM  1000   1037525      0.00      0.00  grafana
03:47:29 PM  1000   1037526      0.00      0.00  run-otelcol.sh
03:47:29 PM  1000   1037529      0.00      0.00  run-prometheus.
03:47:29 PM  1000   1037531     44.00      1.00  otelcol-contrib
03:47:29 PM  1000   1037532      0.00      0.00  run-tempo.sh
03:47:29 PM  1000   1037535      0.00      0.00  run-pyroscope.s
03:47:29 PM  1000   1037541      4.00      0.00  prometheus
03:47:29 PM  1000   1037543      0.00      0.00  loki
03:47:29 PM  1000   1037544    102.00      6.00  tempo
03:47:29 PM  1000   1037546      0.00      0.00  pyroscope

03:47:29 PM   UID       PID    %usr %system  %guest   %wait    %CPU   CPU  Command
03:47:30 PM  1000   1037521    0.00    0.00    0.00    0.00    0.00    18  run-grafana.sh
03:47:30 PM  1000   1037523    0.00    0.00    0.00    0.00    0.00    16  run-loki.sh
03:47:30 PM  1000   1037525    0.00    0.00    0.00    0.00    0.00    16  grafana
03:47:30 PM  1000   1037526    0.00    0.00    0.00    0.00    0.00    16  run-otelcol.sh
03:47:30 PM  1000   1037529    0.00    0.00    0.00    0.00    0.00    20  run-prometheus.
03:47:30 PM  1000   1037531    2.00    0.00    0.00    0.00    2.00    20  otelcol-contrib
03:47:30 PM  1000   1037532    0.00    0.00    0.00    0.00    0.00    16  run-tempo.sh
03:47:30 PM  1000   1037535    0.00    0.00    0.00    0.00    0.00    18  run-pyroscope.s
03:47:30 PM  1000   1037541    0.00    0.00    0.00    0.00    0.00    20  prometheus
03:47:30 PM  1000   1037543    1.00    0.00    0.00    0.00    1.00    20  loki
03:47:30 PM  1000   1037544    7.00    1.00    0.00    0.00    8.00    20  tempo
03:47:30 PM  1000   1037546    0.00    0.00    0.00    0.00    0.00    20  pyroscope

03:47:29 PM   UID       PID   cswch/s nvcswch/s  Command
03:47:30 PM  1000   1037521      0.00      0.00  run-grafana.sh
03:47:30 PM  1000   1037523      0.00      0.00  run-loki.sh
03:47:30 PM  1000   1037525      0.00      0.00  grafana
03:47:30 PM  1000   1037526      0.00      0.00  run-otelcol.sh
03:47:30 PM  1000   1037529      0.00      0.00  run-prometheus.
03:47:30 PM  1000   1037531     47.00      1.00  otelcol-contrib
03:47:30 PM  1000   1037532      0.00      0.00  run-tempo.sh
03:47:30 PM  1000   1037535      0.00      0.00  run-pyroscope.s
03:47:30 PM  1000   1037541      2.00      0.00  prometheus
03:47:30 PM  1000   1037543      0.00      0.00  loki
03:47:30 PM  1000   1037544     80.00      1.00  tempo
03:47:30 PM  1000   1037546      0.00      0.00  pyroscope

03:47:30 PM   UID       PID    %usr %system  %guest   %wait    %CPU   CPU  Command
03:47:31 PM  1000   1037521    0.00    0.00    0.00    0.00    0.00    18  run-grafana.sh
03:47:31 PM  1000   1037523    0.00    0.00    0.00    0.00    0.00    16  run-loki.sh
03:47:31 PM  1000   1037525    0.00    0.00    0.00    0.00    0.00    16  grafana
03:47:31 PM  1000   1037526    0.00    0.00    0.00    0.00    0.00    16  run-otelcol.sh
03:47:31 PM  1000   1037529    0.00    0.00    0.00    0.00    0.00    20  run-prometheus.
03:47:31 PM  1000   1037531    1.00    0.00    0.00    0.00    1.00    20  otelcol-contrib
03:47:31 PM  1000   1037532    0.00    0.00    0.00    0.00    0.00    16  run-tempo.sh
03:47:31 PM  1000   1037535    0.00    0.00    0.00    0.00    0.00    18  run-pyroscope.s
03:47:31 PM  1000   1037541    0.00    0.00    0.00    0.00    0.00    20  prometheus
03:47:31 PM  1000   1037543    0.00    0.00    0.00    0.00    0.00    20  loki
03:47:31 PM  1000   1037544    5.00    0.00    0.00    0.00    5.00    20  tempo
03:47:31 PM  1000   1037546    0.00    0.00    0.00    0.00    0.00    20  pyroscope

03:47:30 PM   UID       PID   cswch/s nvcswch/s  Command
03:47:31 PM  1000   1037521      0.00      0.00  run-grafana.sh
03:47:31 PM  1000   1037523      0.00      0.00  run-loki.sh
03:47:31 PM  1000   1037525      0.00      0.00  grafana
03:47:31 PM  1000   1037526      0.00      0.00  run-otelcol.sh
03:47:31 PM  1000   1037529      0.00      0.00  run-prometheus.
03:47:31 PM  1000   1037531     24.00      4.00  otelcol-contrib
03:47:31 PM  1000   1037532      0.00      0.00  run-tempo.sh
03:47:31 PM  1000   1037535      0.00      0.00  run-pyroscope.s
03:47:31 PM  1000   1037541      5.00      0.00  prometheus
03:47:31 PM  1000   1037543      0.00      0.00  loki
03:47:31 PM  1000   1037544     64.00      1.00  tempo
03:47:31 PM  1000   1037546      0.00      0.00  pyroscope

03:47:31 PM   UID       PID    %usr %system  %guest   %wait    %CPU   CPU  Command
03:47:32 PM  1000   1037521    0.00    0.00    0.00    0.00    0.00    18  run-grafana.sh
03:47:32 PM  1000   1037523    0.00    0.00    0.00    0.00    0.00    16  run-loki.sh
03:47:32 PM  1000   1037525    1.00    0.00    0.00    0.00    1.00    16  grafana
03:47:32 PM  1000   1037526    0.00    0.00    0.00    0.00    0.00    16  run-otelcol.sh
03:47:32 PM  1000   1037529    0.00    0.00    0.00    0.00    0.00    20  run-prometheus.
03:47:32 PM  1000   1037531    1.00    0.00    0.00    0.00    1.00    16  otelcol-contrib
03:47:32 PM  1000   1037532    0.00    0.00    0.00    0.00    0.00    16  run-tempo.sh
03:47:32 PM  1000   1037535    0.00    0.00    0.00    0.00    0.00    18  run-pyroscope.s
03:47:32 PM  1000   1037541    0.00    0.00    0.00    0.00    0.00    16  prometheus
03:47:32 PM  1000   1037543    0.00    0.00    0.00    0.00    0.00    20  loki
03:47:32 PM  1000   1037544    3.00    0.00    0.00    0.00    3.00    20  tempo
03:47:32 PM  1000   1037546    0.00    0.00    0.00    0.00    0.00    20  pyroscope

03:47:31 PM   UID       PID   cswch/s nvcswch/s  Command
03:47:32 PM  1000   1037521      0.00      0.00  run-grafana.sh
03:47:32 PM  1000   1037523      0.00      0.00  run-loki.sh
03:47:32 PM  1000   1037525      0.00      0.00  grafana
03:47:32 PM  1000   1037526      0.00      0.00  run-otelcol.sh
03:47:32 PM  1000   1037529      0.00      0.00  run-prometheus.
03:47:32 PM  1000   1037531     27.00      0.00  otelcol-contrib
03:47:32 PM  1000   1037532      0.00      0.00  run-tempo.sh
03:47:32 PM  1000   1037535      0.00      0.00  run-pyroscope.s
03:47:32 PM  1000   1037541      4.00      0.00  prometheus
03:47:32 PM  1000   1037543      0.00      0.00  loki
03:47:32 PM  1000   1037544     18.00      0.00  tempo
03:47:32 PM  1000   1037546      0.00      0.00  pyroscope

03:47:32 PM   UID       PID    %usr %system  %guest   %wait    %CPU   CPU  Command
03:47:33 PM  1000   1037521    0.00    0.00    0.00    0.00    0.00    18  run-grafana.sh
03:47:33 PM  1000   1037523    0.00    0.00    0.00    0.00    0.00    16  run-loki.sh
03:47:33 PM  1000   1037525    0.00    0.00    0.00    0.00    0.00    16  grafana
03:47:33 PM  1000   1037526    0.00    0.00    0.00    0.00    0.00    16  run-otelcol.sh
03:47:33 PM  1000   1037529    0.00    0.00    0.00    0.00    0.00    20  run-prometheus.
03:47:33 PM  1000   1037531    0.00    0.00    0.00    0.00    0.00    16  otelcol-contrib
03:47:33 PM  1000   1037532    0.00    0.00    0.00    0.00    0.00    16  run-tempo.sh
03:47:33 PM  1000   1037535    0.00    0.00    0.00    0.00    0.00    18  run-pyroscope.s
03:47:33 PM  1000   1037541    0.00    0.00    0.00    0.00    0.00    16  prometheus
03:47:33 PM  1000   1037543    0.00    0.00    0.00    0.00    0.00    20  loki
03:47:33 PM  1000   1037544   13.00    3.00    0.00    0.00   16.00    20  tempo
03:47:33 PM  1000   1037546    0.00    0.00    0.00    0.00    0.00    20  pyroscope

03:47:32 PM   UID       PID   cswch/s nvcswch/s  Command
03:47:33 PM  1000   1037521      0.00      0.00  run-grafana.sh
03:47:33 PM  1000   1037523      0.00      0.00  run-loki.sh
03:47:33 PM  1000   1037525      0.00      0.00  grafana
03:47:33 PM  1000   1037526      0.00      0.00  run-otelcol.sh
03:47:33 PM  1000   1037529      0.00      0.00  run-prometheus.
03:47:33 PM  1000   1037531     30.00      0.00  otelcol-contrib
03:47:33 PM  1000   1037532      0.00      0.00  run-tempo.sh
03:47:33 PM  1000   1037535      0.00      0.00  run-pyroscope.s
03:47:33 PM  1000   1037541      1.00      0.00  prometheus
03:47:33 PM  1000   1037543      0.00      0.00  loki
03:47:33 PM  1000   1037544     46.00      3.00  tempo
03:47:33 PM  1000   1037546      0.00      0.00  pyroscope

03:47:33 PM   UID       PID    %usr %system  %guest   %wait    %CPU   CPU  Command
03:47:34 PM  1000   1037521    0.00    0.00    0.00    0.00    0.00    18  run-grafana.sh
03:47:34 PM  1000   1037523    0.00    0.00    0.00    0.00    0.00    16  run-loki.sh
03:47:34 PM  1000   1037525    0.00    0.00    0.00    0.00    0.00    16  grafana
03:47:34 PM  1000   1037526    0.00    0.00    0.00    0.00    0.00    16  run-otelcol.sh
03:47:34 PM  1000   1037529    0.00    0.00    0.00    0.00    0.00    20  run-prometheus.
03:47:34 PM  1000   1037531    0.00    0.00    0.00    0.00    0.00    20  otelcol-contrib
03:47:34 PM  1000   1037532    0.00    0.00    0.00    0.00    0.00    16  run-tempo.sh
03:47:34 PM  1000   1037535    0.00    0.00    0.00    0.00    0.00    18  run-pyroscope.s
03:47:34 PM  1000   1037541    0.00    0.00    0.00    0.00    0.00    16  prometheus
03:47:34 PM  1000   1037543    1.00    0.00    0.00    0.00    1.00    20  loki
03:47:34 PM  1000   1037544    0.00    0.00    0.00    0.00    0.00    18  tempo
03:47:34 PM  1000   1037546    0.00    0.00    0.00    0.00    0.00    20  pyroscope

03:47:33 PM   UID       PID   cswch/s nvcswch/s  Command
03:47:34 PM  1000   1037521      0.00      0.00  run-grafana.sh
03:47:34 PM  1000   1037523      0.00      0.00  run-loki.sh
03:47:34 PM  1000   1037525      0.00      0.00  grafana
03:47:34 PM  1000   1037526      0.00      0.00  run-otelcol.sh
03:47:34 PM  1000   1037529      0.00      0.00  run-prometheus.
03:47:34 PM  1000   1037531     17.00      0.00  otelcol-contrib
03:47:34 PM  1000   1037532      0.00      0.00  run-tempo.sh
03:47:34 PM  1000   1037535      0.00      0.00  run-pyroscope.s
03:47:34 PM  1000   1037541      1.00      0.00  prometheus
03:47:34 PM  1000   1037543      0.00      0.00  loki
03:47:34 PM  1000   1037544     34.00      0.00  tempo
03:47:34 PM  1000   1037546      0.00      0.00  pyroscope

03:47:34 PM   UID       PID    %usr %system  %guest   %wait    %CPU   CPU  Command
03:47:35 PM  1000   1037521    0.00    0.00    0.00    0.00    0.00    18  run-grafana.sh
03:47:35 PM  1000   1037523    0.00    0.00    0.00    0.00    0.00    16  run-loki.sh
03:47:35 PM  1000   1037525    0.00    0.00    0.00    0.00    0.00    16  grafana
03:47:35 PM  1000   1037526    0.00    0.00    0.00    0.00    0.00    16  run-otelcol.sh
03:47:35 PM  1000   1037529    0.00    0.00    0.00    0.00    0.00    20  run-prometheus.
03:47:35 PM  1000   1037531    1.00    0.00    0.00    0.00    1.00    16  otelcol-contrib
03:47:35 PM  1000   1037532    0.00    0.00    0.00    0.00    0.00    16  run-tempo.sh
03:47:35 PM  1000   1037535    0.00    0.00    0.00    0.00    0.00    18  run-pyroscope.s
03:47:35 PM  1000   1037541    1.00    0.00    0.00    0.00    1.00    18  prometheus
03:47:35 PM  1000   1037543    0.00    0.00    0.00    0.00    0.00    20  loki
03:47:35 PM  1000   1037544    0.00    0.00    0.00    0.00    0.00    20  tempo
03:47:35 PM  1000   1037546    0.00    0.00    0.00    0.00    0.00    20  pyroscope

03:47:34 PM   UID       PID   cswch/s nvcswch/s  Command
03:47:35 PM  1000   1037521      0.00      0.00  run-grafana.sh
03:47:35 PM  1000   1037523      0.00      0.00  run-loki.sh
03:47:35 PM  1000   1037525      0.00      0.00  grafana
03:47:35 PM  1000   1037526      0.00      0.00  run-otelcol.sh
03:47:35 PM  1000   1037529      0.00      0.00  run-prometheus.
03:47:35 PM  1000   1037531     14.00      0.00  otelcol-contrib
03:47:35 PM  1000   1037532      0.00      0.00  run-tempo.sh
03:47:35 PM  1000   1037535      0.00      0.00  run-pyroscope.s
03:47:35 PM  1000   1037541      1.00      0.00  prometheus
03:47:35 PM  1000   1037543      0.00      0.00  loki
03:47:35 PM  1000   1037544     31.00      0.00  tempo
03:47:35 PM  1000   1037546      0.00      0.00  pyroscope

03:47:35 PM   UID       PID    %usr %system  %guest   %wait    %CPU   CPU  Command
03:47:36 PM  1000   1037521    0.00    0.00    0.00    0.00    0.00    18  run-grafana.sh
03:47:36 PM  1000   1037523    0.00    0.00    0.00    0.00    0.00    16  run-loki.sh
03:47:36 PM  1000   1037525    0.00    0.00    0.00    0.00    0.00    16  grafana
03:47:36 PM  1000   1037526    0.00    0.00    0.00    0.00    0.00    16  run-otelcol.sh
03:47:36 PM  1000   1037529    0.00    0.00    0.00    0.00    0.00    20  run-prometheus.
03:47:36 PM  1000   1037531    0.00    0.00    0.00    0.00    0.00    18  otelcol-contrib
03:47:36 PM  1000   1037532    0.00    0.00    0.00    0.00    0.00    16  run-tempo.sh
03:47:36 PM  1000   1037535    0.00    0.00    0.00    0.00    0.00    18  run-pyroscope.s
03:47:36 PM  1000   1037541    0.00    0.00    0.00    0.00    0.00    16  prometheus
03:47:36 PM  1000   1037543    0.00    0.00    0.00    0.00    0.00    20  loki
03:47:36 PM  1000   1037544   12.00    2.00    0.00    0.00   14.00    18  tempo
03:47:36 PM  1000   1037546    4.00    0.00    0.00    0.00    4.00    20  pyroscope

03:47:35 PM   UID       PID   cswch/s nvcswch/s  Command
03:47:36 PM  1000   1037521      0.00      0.00  run-grafana.sh
03:47:36 PM  1000   1037523      0.00      0.00  run-loki.sh
03:47:36 PM  1000   1037525      0.00      0.00  grafana
03:47:36 PM  1000   1037526      0.00      0.00  run-otelcol.sh
03:47:36 PM  1000   1037529      0.00      0.00  run-prometheus.
03:47:36 PM  1000   1037531     42.00      0.00  otelcol-contrib
03:47:36 PM  1000   1037532      0.00      0.00  run-tempo.sh
03:47:36 PM  1000   1037535      0.00      0.00  run-pyroscope.s
03:47:36 PM  1000   1037541      4.00      0.00  prometheus
03:47:36 PM  1000   1037543      0.00      0.00  loki
03:47:36 PM  1000   1037544     25.00      6.00  tempo
03:47:36 PM  1000   1037546      0.00      0.00  pyroscope

03:47:36 PM   UID       PID    %usr %system  %guest   %wait    %CPU   CPU  Command
03:47:37 PM  1000   1037521    0.00    0.00    0.00    0.00    0.00    18  run-grafana.sh
03:47:37 PM  1000   1037523    0.00    0.00    0.00    0.00    0.00    16  run-loki.sh
03:47:37 PM  1000   1037525    0.00    0.00    0.00    0.00    0.00    16  grafana
03:47:37 PM  1000   1037526    0.00    0.00    0.00    0.00    0.00    16  run-otelcol.sh
03:47:37 PM  1000   1037529    0.00    0.00    0.00    0.00    0.00    20  run-prometheus.
03:47:37 PM  1000   1037531    1.00    0.00    0.00    0.00    1.00    20  otelcol-contrib
03:47:37 PM  1000   1037532    0.00    0.00    0.00    0.00    0.00    16  run-tempo.sh
03:47:37 PM  1000   1037535    0.00    0.00    0.00    0.00    0.00    18  run-pyroscope.s
03:47:37 PM  1000   1037541    0.00    0.00    0.00    0.00    0.00    18  prometheus
03:47:37 PM  1000   1037543    0.00    0.00    0.00    0.00    0.00    20  loki
03:47:37 PM  1000   1037544   12.00    1.00    0.00    0.00   13.00    18  tempo
03:47:37 PM  1000   1037546    0.00    0.00    0.00    0.00    0.00    20  pyroscope

03:47:36 PM   UID       PID   cswch/s nvcswch/s  Command
03:47:37 PM  1000   1037521      0.00      0.00  run-grafana.sh
03:47:37 PM  1000   1037523      0.00      0.00  run-loki.sh
03:47:37 PM  1000   1037525      0.00      0.00  grafana
03:47:37 PM  1000   1037526      0.00      0.00  run-otelcol.sh
03:47:37 PM  1000   1037529      0.00      0.00  run-prometheus.
03:47:37 PM  1000   1037531     16.00      0.00  otelcol-contrib
03:47:37 PM  1000   1037532      0.00      0.00  run-tempo.sh
03:47:37 PM  1000   1037535      0.00      0.00  run-pyroscope.s
03:47:37 PM  1000   1037541      1.00      0.00  prometheus
03:47:37 PM  1000   1037543      0.00      0.00  loki
03:47:37 PM  1000   1037544      0.00      0.00  tempo
03:47:37 PM  1000   1037546      0.00      0.00  pyroscope

03:47:37 PM   UID       PID    %usr %system  %guest   %wait    %CPU   CPU  Command
03:47:38 PM  1000   1037521    0.00    0.00    0.00    0.00    0.00    18  run-grafana.sh
03:47:38 PM  1000   1037523    0.00    0.00    0.00    0.00    0.00    16  run-loki.sh
03:47:38 PM  1000   1037525    0.00    0.00    0.00    0.00    0.00    16  grafana
03:47:38 PM  1000   1037526    0.00    0.00    0.00    0.00    0.00    16  run-otelcol.sh
03:47:38 PM  1000   1037529    0.00    0.00    0.00    0.00    0.00    20  run-prometheus.
03:47:38 PM  1000   1037531    0.00    0.00    0.00    0.00    0.00    18  otelcol-contrib
03:47:38 PM  1000   1037532    0.00    0.00    0.00    0.00    0.00    16  run-tempo.sh
03:47:38 PM  1000   1037535    0.00    0.00    0.00    0.00    0.00    18  run-pyroscope.s
03:47:38 PM  1000   1037541    0.00    0.00    0.00    0.00    0.00    18  prometheus
03:47:38 PM  1000   1037543    0.00    0.00    0.00    0.00    0.00    20  loki
03:47:38 PM  1000   1037544    0.00    0.00    0.00    0.00    0.00    18  tempo
03:47:38 PM  1000   1037546    0.00    0.00    0.00    0.00    0.00    20  pyroscope

03:47:37 PM   UID       PID   cswch/s nvcswch/s  Command
03:47:38 PM  1000   1037521      0.00      0.00  run-grafana.sh
03:47:38 PM  1000   1037523      0.00      0.00  run-loki.sh
03:47:38 PM  1000   1037525      0.00      0.00  grafana
03:47:38 PM  1000   1037526      0.00      0.00  run-otelcol.sh
03:47:38 PM  1000   1037529      0.00      0.00  run-prometheus.
03:47:38 PM  1000   1037531     14.00      0.00  otelcol-contrib
03:47:38 PM  1000   1037532      0.00      0.00  run-tempo.sh
03:47:38 PM  1000   1037535      0.00      0.00  run-pyroscope.s
03:47:38 PM  1000   1037541      1.00      0.00  prometheus
03:47:38 PM  1000   1037543      0.00      0.00  loki
03:47:38 PM  1000   1037544      0.00      0.00  tempo
03:47:38 PM  1000   1037546      0.00      0.00  pyroscope

03:47:38 PM   UID       PID    %usr %system  %guest   %wait    %CPU   CPU  Command
03:47:39 PM  1000   1037521    0.00    0.00    0.00    0.00    0.00    18  run-grafana.sh
03:47:39 PM  1000   1037523    0.00    0.00    0.00    0.00    0.00    16  run-loki.sh
03:47:39 PM  1000   1037525    4.00    0.00    0.00    0.00    4.00    16  grafana
03:47:39 PM  1000   1037526    0.00    0.00    0.00    0.00    0.00    16  run-otelcol.sh
03:47:39 PM  1000   1037529    0.00    0.00    0.00    0.00    0.00    20  run-prometheus.
03:47:39 PM  1000   1037531    1.00    0.00    0.00    0.00    1.00    16  otelcol-contrib
03:47:39 PM  1000   1037532    0.00    0.00    0.00    0.00    0.00    16  run-tempo.sh
03:47:39 PM  1000   1037535    0.00    0.00    0.00    0.00    0.00    18  run-pyroscope.s
03:47:39 PM  1000   1037541    0.00    0.00    0.00    0.00    0.00    20  prometheus
03:47:39 PM  1000   1037543    1.00    0.00    0.00    0.00    1.00    20  loki
03:47:39 PM  1000   1037544   20.00    3.00    0.00    0.00   23.00    18  tempo
03:47:39 PM  1000   1037546    0.00    0.00    0.00    0.00    0.00    20  pyroscope

03:47:38 PM   UID       PID   cswch/s nvcswch/s  Command
03:47:39 PM  1000   1037521      0.00      0.00  run-grafana.sh
03:47:39 PM  1000   1037523      0.00      0.00  run-loki.sh
03:47:39 PM  1000   1037525      0.00      0.00  grafana
03:47:39 PM  1000   1037526      0.00      0.00  run-otelcol.sh
03:47:39 PM  1000   1037529      0.00      0.00  run-prometheus.
03:47:39 PM  1000   1037531     14.00      0.00  otelcol-contrib
03:47:39 PM  1000   1037532      0.00      0.00  run-tempo.sh
03:47:39 PM  1000   1037535      0.00      0.00  run-pyroscope.s
03:47:39 PM  1000   1037541      1.00      0.00  prometheus
03:47:39 PM  1000   1037543      0.00      0.00  loki
03:47:39 PM  1000   1037544      0.00      0.00  tempo
03:47:39 PM  1000   1037546      0.00      0.00  pyroscope

03:47:39 PM   UID       PID    %usr %system  %guest   %wait    %CPU   CPU  Command
03:47:40 PM  1000   1037521    0.00    0.00    0.00    0.00    0.00    18  run-grafana.sh
03:47:40 PM  1000   1037523    0.00    0.00    0.00    0.00    0.00    16  run-loki.sh
03:47:40 PM  1000   1037525    0.00    0.00    0.00    0.00    0.00    16  grafana
03:47:40 PM  1000   1037526    0.00    0.00    0.00    0.00    0.00    16  run-otelcol.sh
03:47:40 PM  1000   1037529    0.00    0.00    0.00    0.00    0.00    20  run-prometheus.
03:47:40 PM  1000   1037531    2.00    0.00    0.00    0.00    2.00    18  otelcol-contrib
03:47:40 PM  1000   1037532    0.00    0.00    0.00    0.00    0.00    16  run-tempo.sh
03:47:40 PM  1000   1037535    0.00    0.00    0.00    0.00    0.00    18  run-pyroscope.s
03:47:40 PM  1000   1037541    0.00    0.00    0.00    0.00    0.00    18  prometheus
03:47:40 PM  1000   1037543    0.00    0.00    0.00    0.00    0.00    20  loki
03:47:40 PM  1000   1037544    0.00    0.00    0.00    0.00    0.00    18  tempo
03:47:40 PM  1000   1037546    0.00    0.00    0.00    0.00    0.00    20  pyroscope

03:47:39 PM   UID       PID   cswch/s nvcswch/s  Command
03:47:40 PM  1000   1037521      0.00      0.00  run-grafana.sh
03:47:40 PM  1000   1037523      0.00      0.00  run-loki.sh
03:47:40 PM  1000   1037525      0.00      0.00  grafana
03:47:40 PM  1000   1037526      0.00      0.00  run-otelcol.sh
03:47:40 PM  1000   1037529      0.00      0.00  run-prometheus.
03:47:40 PM  1000   1037531     18.00      0.00  otelcol-contrib
03:47:40 PM  1000   1037532      0.00      0.00  run-tempo.sh
03:47:40 PM  1000   1037535      0.00      0.00  run-pyroscope.s
03:47:40 PM  1000   1037541      4.00      0.00  prometheus
03:47:40 PM  1000   1037543      0.00      0.00  loki
03:47:40 PM  1000   1037544      0.00      0.00  tempo
03:47:40 PM  1000   1037546      0.00      0.00  pyroscope

03:47:40 PM   UID       PID    %usr %system  %guest   %wait    %CPU   CPU  Command
03:47:41 PM  1000   1037521    0.00    0.00    0.00    0.00    0.00    18  run-grafana.sh
03:47:41 PM  1000   1037523    0.00    0.00    0.00    0.00    0.00    16  run-loki.sh
03:47:41 PM  1000   1037525    0.00    0.00    0.00    0.00    0.00    16  grafana
03:47:41 PM  1000   1037526    0.00    0.00    0.00    0.00    0.00    16  run-otelcol.sh
03:47:41 PM  1000   1037529    0.00    0.00    0.00    0.00    0.00    20  run-prometheus.
03:47:41 PM  1000   1037531    0.00    0.00    0.00    0.00    0.00    18  otelcol-contrib
03:47:41 PM  1000   1037532    0.00    0.00    0.00    0.00    0.00    16  run-tempo.sh
03:47:41 PM  1000   1037535    0.00    0.00    0.00    0.00    0.00    18  run-pyroscope.s
03:47:41 PM  1000   1037541    0.00    0.00    0.00    0.00    0.00    18  prometheus
03:47:41 PM  1000   1037543    0.00    0.00    0.00    0.00    0.00    20  loki
03:47:41 PM  1000   1037544    0.00    0.00    0.00    0.00    0.00    18  tempo
03:47:41 PM  1000   1037546    0.00    0.00    0.00    0.00    0.00    16  pyroscope

03:47:40 PM   UID       PID   cswch/s nvcswch/s  Command
03:47:41 PM  1000   1037521      0.00      0.00  run-grafana.sh
03:47:41 PM  1000   1037523      0.00      0.00  run-loki.sh
03:47:41 PM  1000   1037525      0.00      0.00  grafana
03:47:41 PM  1000   1037526      0.00      0.00  run-otelcol.sh
03:47:41 PM  1000   1037529      0.00      0.00  run-prometheus.
03:47:41 PM  1000   1037531     23.00      0.00  otelcol-contrib
03:47:41 PM  1000   1037532      0.00      0.00  run-tempo.sh
03:47:41 PM  1000   1037535      0.00      0.00  run-pyroscope.s
03:47:41 PM  1000   1037541      7.00      0.00  prometheus
03:47:41 PM  1000   1037543      0.00      0.00  loki
03:47:41 PM  1000   1037544      0.00      0.00  tempo
03:47:41 PM  1000   1037546     22.00      0.00  pyroscope

03:47:41 PM   UID       PID    %usr %system  %guest   %wait    %CPU   CPU  Command
03:47:42 PM  1000   1037521    0.00    0.00    0.00    0.00    0.00    18  run-grafana.sh
03:47:42 PM  1000   1037523    0.00    0.00    0.00    0.00    0.00    16  run-loki.sh
03:47:42 PM  1000   1037525    0.00    0.00    0.00    0.00    0.00    16  grafana
03:47:42 PM  1000   1037526    0.00    0.00    0.00    0.00    0.00    16  run-otelcol.sh
03:47:42 PM  1000   1037529    0.00    0.00    0.00    0.00    0.00    20  run-prometheus.
03:47:42 PM  1000   1037531    0.00    0.00    0.00    0.00    0.00    16  otelcol-contrib
03:47:42 PM  1000   1037532    0.00    0.00    0.00    0.00    0.00    16  run-tempo.sh
03:47:42 PM  1000   1037535    0.00    0.00    0.00    0.00    0.00    18  run-pyroscope.s
03:47:42 PM  1000   1037541    0.00    0.00    0.00    0.00    0.00    18  prometheus
03:47:42 PM  1000   1037543    0.00    0.00    0.00    0.00    0.00    20  loki
03:47:42 PM  1000   1037544    0.00    0.00    0.00    0.00    0.00    18  tempo
03:47:42 PM  1000   1037546    0.00    1.00    0.00    0.00    1.00    16  pyroscope

03:47:41 PM   UID       PID   cswch/s nvcswch/s  Command
03:47:42 PM  1000   1037521      0.00      0.00  run-grafana.sh
03:47:42 PM  1000   1037523      0.00      0.00  run-loki.sh
03:47:42 PM  1000   1037525      0.00      0.00  grafana
03:47:42 PM  1000   1037526      0.00      0.00  run-otelcol.sh
03:47:42 PM  1000   1037529      0.00      0.00  run-prometheus.
03:47:42 PM  1000   1037531     14.00      0.00  otelcol-contrib
03:47:42 PM  1000   1037532      0.00      0.00  run-tempo.sh
03:47:42 PM  1000   1037535      0.00      0.00  run-pyroscope.s
03:47:42 PM  1000   1037541      1.00      0.00  prometheus
03:47:42 PM  1000   1037543      0.00      0.00  loki
03:47:42 PM  1000   1037544      0.00      0.00  tempo
03:47:42 PM  1000   1037546      0.00      0.00  pyroscope

03:47:42 PM   UID       PID    %usr %system  %guest   %wait    %CPU   CPU  Command
03:47:43 PM  1000   1037521    0.00    0.00    0.00    0.00    0.00    18  run-grafana.sh
03:47:43 PM  1000   1037523    0.00    0.00    0.00    0.00    0.00    16  run-loki.sh
03:47:43 PM  1000   1037525    0.00    0.00    0.00    0.00    0.00    16  grafana
03:47:43 PM  1000   1037526    0.00    0.00    0.00    0.00    0.00    16  run-otelcol.sh
03:47:43 PM  1000   1037529    0.00    0.00    0.00    0.00    0.00    20  run-prometheus.
03:47:43 PM  1000   1037531    1.00    0.00    0.00    0.00    1.00    16  otelcol-contrib
03:47:43 PM  1000   1037532    0.00    0.00    0.00    0.00    0.00    16  run-tempo.sh
03:47:43 PM  1000   1037535    0.00    0.00    0.00    0.00    0.00    18  run-pyroscope.s
03:47:43 PM  1000   1037541    0.00    0.00    0.00    0.00    0.00    18  prometheus
03:47:43 PM  1000   1037543    1.00    0.00    0.00    0.00    1.00    20  loki
03:47:43 PM  1000   1037544    0.00    0.00    0.00    0.00    0.00    18  tempo
03:47:43 PM  1000   1037546    1.00    0.00    0.00    0.00    1.00    16  pyroscope

03:47:42 PM   UID       PID   cswch/s nvcswch/s  Command
03:47:43 PM  1000   1037521      0.00      0.00  run-grafana.sh
03:47:43 PM  1000   1037523      0.00      0.00  run-loki.sh
03:47:43 PM  1000   1037525      0.00      0.00  grafana
03:47:43 PM  1000   1037526      0.00      0.00  run-otelcol.sh
03:47:43 PM  1000   1037529      0.00      0.00  run-prometheus.
03:47:43 PM  1000   1037531     23.00      0.00  otelcol-contrib
03:47:43 PM  1000   1037532      0.00      0.00  run-tempo.sh
03:47:43 PM  1000   1037535      0.00      0.00  run-pyroscope.s
03:47:43 PM  1000   1037541      2.00      0.00  prometheus
03:47:43 PM  1000   1037543      0.00      0.00  loki
03:47:43 PM  1000   1037544      0.00      0.00  tempo
03:47:43 PM  1000   1037546      0.00      0.00  pyroscope

03:47:43 PM   UID       PID    %usr %system  %guest   %wait    %CPU   CPU  Command
03:47:44 PM  1000   1037521    0.00    0.00    0.00    0.00    0.00    18  run-grafana.sh
03:47:44 PM  1000   1037523    0.00    0.00    0.00    0.00    0.00    16  run-loki.sh
03:47:44 PM  1000   1037525    0.00    0.00    0.00    0.00    0.00    16  grafana
03:47:44 PM  1000   1037526    0.00    0.00    0.00    0.00    0.00    16  run-otelcol.sh
03:47:44 PM  1000   1037529    0.00    0.00    0.00    0.00    0.00    20  run-prometheus.
03:47:44 PM  1000   1037531    0.00    0.00    0.00    0.00    0.00    20  otelcol-contrib
03:47:44 PM  1000   1037532    0.00    0.00    0.00    0.00    0.00    16  run-tempo.sh
03:47:44 PM  1000   1037535    0.00    0.00    0.00    0.00    0.00    18  run-pyroscope.s
03:47:44 PM  1000   1037541    0.00    0.00    0.00    0.00    0.00    18  prometheus
03:47:44 PM  1000   1037543    0.00    0.00    0.00    0.00    0.00    20  loki
03:47:44 PM  1000   1037544    0.00    0.00    0.00    0.00    0.00    18  tempo
03:47:44 PM  1000   1037546    0.00    0.00    0.00    0.00    0.00    16  pyroscope

03:47:43 PM   UID       PID   cswch/s nvcswch/s  Command
03:47:44 PM  1000   1037521      0.00      0.00  run-grafana.sh
03:47:44 PM  1000   1037523      0.00      0.00  run-loki.sh
03:47:44 PM  1000   1037525      0.00      0.00  grafana
03:47:44 PM  1000   1037526      0.00      0.00  run-otelcol.sh
03:47:44 PM  1000   1037529      0.00      0.00  run-prometheus.
03:47:44 PM  1000   1037531     30.00      0.00  otelcol-contrib
03:47:44 PM  1000   1037532      0.00      0.00  run-tempo.sh
03:47:44 PM  1000   1037535      0.00      0.00  run-pyroscope.s
03:47:44 PM  1000   1037541      2.00      0.00  prometheus
03:47:44 PM  1000   1037543      0.00      0.00  loki
03:47:44 PM  1000   1037544      0.00      0.00  tempo
03:47:44 PM  1000   1037546      0.00      0.00  pyroscope

03:47:44 PM   UID       PID    %usr %system  %guest   %wait    %CPU   CPU  Command
03:47:45 PM  1000   1037521    0.00    0.00    0.00    0.00    0.00    18  run-grafana.sh
03:47:45 PM  1000   1037523    0.00    0.00    0.00    0.00    0.00    16  run-loki.sh
03:47:45 PM  1000   1037525    0.00    0.00    0.00    0.00    0.00    16  grafana
03:47:45 PM  1000   1037526    0.00    0.00    0.00    0.00    0.00    16  run-otelcol.sh
03:47:45 PM  1000   1037529    0.00    0.00    0.00    0.00    0.00    20  run-prometheus.
03:47:45 PM  1000   1037531    0.00    0.00    0.00    0.00    0.00    20  otelcol-contrib
03:47:45 PM  1000   1037532    0.00    0.00    0.00    0.00    0.00    16  run-tempo.sh
03:47:45 PM  1000   1037535    0.00    0.00    0.00    0.00    0.00    18  run-pyroscope.s
03:47:45 PM  1000   1037541    1.00    0.00    0.00    0.00    1.00    18  prometheus
03:47:45 PM  1000   1037543    0.00    0.00    0.00    0.00    0.00    20  loki
03:47:45 PM  1000   1037544    1.00    0.00    0.00    0.00    1.00    18  tempo
03:47:45 PM  1000   1037546    0.00    0.00    0.00    0.00    0.00    16  pyroscope

03:47:44 PM   UID       PID   cswch/s nvcswch/s  Command
03:47:45 PM  1000   1037521      0.00      0.00  run-grafana.sh
03:47:45 PM  1000   1037523      0.00      0.00  run-loki.sh
03:47:45 PM  1000   1037525      0.00      0.00  grafana
03:47:45 PM  1000   1037526      0.00      0.00  run-otelcol.sh
03:47:45 PM  1000   1037529      0.00      0.00  run-prometheus.
03:47:45 PM  1000   1037531     15.00      0.00  otelcol-contrib
03:47:45 PM  1000   1037532      0.00      0.00  run-tempo.sh
03:47:45 PM  1000   1037535      0.00      0.00  run-pyroscope.s
03:47:45 PM  1000   1037541      1.00      0.00  prometheus
03:47:45 PM  1000   1037543      0.00      0.00  loki
03:47:45 PM  1000   1037544      0.00      0.00  tempo
03:47:45 PM  1000   1037546      0.00      0.00  pyroscope

03:47:45 PM   UID       PID    %usr %system  %guest   %wait    %CPU   CPU  Command
03:47:46 PM  1000   1037521    0.00    0.00    0.00    0.00    0.00    18  run-grafana.sh
03:47:46 PM  1000   1037523    0.00    0.00    0.00    0.00    0.00    16  run-loki.sh
03:47:46 PM  1000   1037525    0.00    0.00    0.00    0.00    0.00    16  grafana
03:47:46 PM  1000   1037526    0.00    0.00    0.00    0.00    0.00    16  run-otelcol.sh
03:47:46 PM  1000   1037529    0.00    0.00    0.00    0.00    0.00    20  run-prometheus.
03:47:46 PM  1000   1037531    1.00    0.00    0.00    0.00    1.00    16  otelcol-contrib
03:47:46 PM  1000   1037532    0.00    0.00    0.00    0.00    0.00    16  run-tempo.sh
03:47:46 PM  1000   1037535    0.00    0.00    0.00    0.00    0.00    18  run-pyroscope.s
03:47:46 PM  1000   1037541    0.00    0.00    0.00    0.00    0.00    18  prometheus
03:47:46 PM  1000   1037543    0.00    0.00    0.00    0.00    0.00    20  loki
03:47:46 PM  1000   1037544    0.00    0.00    0.00    0.00    0.00    18  tempo
03:47:46 PM  1000   1037546    0.00    0.00    0.00    0.00    0.00    16  pyroscope

03:47:45 PM   UID       PID   cswch/s nvcswch/s  Command
03:47:46 PM  1000   1037521      0.00      0.00  run-grafana.sh
03:47:46 PM  1000   1037523      0.00      0.00  run-loki.sh
03:47:46 PM  1000   1037525      0.00      0.00  grafana
03:47:46 PM  1000   1037526      0.00      0.00  run-otelcol.sh
03:47:46 PM  1000   1037529      0.00      0.00  run-prometheus.
03:47:46 PM  1000   1037531     24.00      0.00  otelcol-contrib
03:47:46 PM  1000   1037532      0.00      0.00  run-tempo.sh
03:47:46 PM  1000   1037535      0.00      0.00  run-pyroscope.s
03:47:46 PM  1000   1037541      5.00      0.00  prometheus
03:47:46 PM  1000   1037543      0.00      0.00  loki
03:47:46 PM  1000   1037544      0.00      0.00  tempo
03:47:46 PM  1000   1037546      7.00      0.00  pyroscope

03:47:46 PM   UID       PID    %usr %system  %guest   %wait    %CPU   CPU  Command
03:47:47 PM  1000   1037521    0.00    0.00    0.00    0.00    0.00    18  run-grafana.sh
03:47:47 PM  1000   1037523    0.00    0.00    0.00    0.00    0.00    16  run-loki.sh
03:47:47 PM  1000   1037525    0.00    0.00    0.00    0.00    0.00    16  grafana
03:47:47 PM  1000   1037526    0.00    0.00    0.00    0.00    0.00    16  run-otelcol.sh
03:47:47 PM  1000   1037529    0.00    0.00    0.00    0.00    0.00    20  run-prometheus.
03:47:47 PM  1000   1037531    0.00    1.00    0.00    0.00    1.00    18  otelcol-contrib
03:47:47 PM  1000   1037532    0.00    0.00    0.00    0.00    0.00    16  run-tempo.sh
03:47:47 PM  1000   1037535    0.00    0.00    0.00    0.00    0.00    18  run-pyroscope.s
03:47:47 PM  1000   1037541    0.00    0.00    0.00    0.00    0.00    20  prometheus
03:47:47 PM  1000   1037543    0.00    1.00    0.00    0.00    1.00    20  loki
03:47:47 PM  1000   1037544    0.00    0.00    0.00    0.00    0.00    18  tempo
03:47:47 PM  1000   1037546    0.00    0.00    0.00    0.00    0.00    16  pyroscope

03:47:46 PM   UID       PID   cswch/s nvcswch/s  Command
03:47:47 PM  1000   1037521      0.00      0.00  run-grafana.sh
03:47:47 PM  1000   1037523      0.00      0.00  run-loki.sh
03:47:47 PM  1000   1037525      0.00      0.00  grafana
03:47:47 PM  1000   1037526      0.00      0.00  run-otelcol.sh
03:47:47 PM  1000   1037529      0.00      0.00  run-prometheus.
03:47:47 PM  1000   1037531     27.00      1.00  otelcol-contrib
03:47:47 PM  1000   1037532      0.00      0.00  run-tempo.sh
03:47:47 PM  1000   1037535      0.00      0.00  run-pyroscope.s
03:47:47 PM  1000   1037541      1.00      0.00  prometheus
03:47:47 PM  1000   1037543      0.00      0.00  loki
03:47:47 PM  1000   1037544      0.00      0.00  tempo
03:47:47 PM  1000   1037546     46.00      0.00  pyroscope

03:47:47 PM   UID       PID    %usr %system  %guest   %wait    %CPU   CPU  Command
03:47:48 PM  1000   1037521    0.00    0.00    0.00    0.00    0.00    18  run-grafana.sh
03:47:48 PM  1000   1037523    0.00    0.00    0.00    0.00    0.00    16  run-loki.sh
03:47:48 PM  1000   1037525    0.00    0.00    0.00    0.00    0.00    16  grafana
03:47:48 PM  1000   1037526    0.00    0.00    0.00    0.00    0.00    16  run-otelcol.sh
03:47:48 PM  1000   1037529    0.00    0.00    0.00    0.00    0.00    20  run-prometheus.
03:47:48 PM  1000   1037531    0.00    0.00    0.00    0.00    0.00    18  otelcol-contrib
03:47:48 PM  1000   1037532    0.00    0.00    0.00    0.00    0.00    16  run-tempo.sh
03:47:48 PM  1000   1037535    0.00    0.00    0.00    0.00    0.00    18  run-pyroscope.s
03:47:48 PM  1000   1037541    0.00    0.00    0.00    0.00    0.00    20  prometheus
03:47:48 PM  1000   1037543    1.00    0.00    0.00    0.00    1.00    20  loki
03:47:48 PM  1000   1037544    0.00    0.00    0.00    0.00    0.00    18  tempo
03:47:48 PM  1000   1037546    0.00    0.00    0.00    0.00    0.00    16  pyroscope

03:47:47 PM   UID       PID   cswch/s nvcswch/s  Command
03:47:48 PM  1000   1037521      0.00      0.00  run-grafana.sh
03:47:48 PM  1000   1037523      0.00      0.00  run-loki.sh
03:47:48 PM  1000   1037525      0.00      0.00  grafana
03:47:48 PM  1000   1037526      0.00      0.00  run-otelcol.sh
03:47:48 PM  1000   1037529      0.00      0.00  run-prometheus.
03:47:48 PM  1000   1037531     14.00      0.00  otelcol-contrib
03:47:48 PM  1000   1037532      0.00      0.00  run-tempo.sh
03:47:48 PM  1000   1037535      0.00      0.00  run-pyroscope.s
03:47:48 PM  1000   1037541      1.00      0.00  prometheus
03:47:48 PM  1000   1037543      0.00      0.00  loki
03:47:48 PM  1000   1037544      0.00      0.00  tempo
03:47:48 PM  1000   1037546     24.00      0.00  pyroscope

03:47:48 PM   UID       PID    %usr %system  %guest   %wait    %CPU   CPU  Command
03:47:49 PM  1000   1037521    0.00    0.00    0.00    0.00    0.00    18  run-grafana.sh
03:47:49 PM  1000   1037523    0.00    0.00    0.00    0.00    0.00    16  run-loki.sh
03:47:49 PM  1000   1037525    2.00    0.00    0.00    0.00    2.00    16  grafana
03:47:49 PM  1000   1037526    0.00    0.00    0.00    0.00    0.00    16  run-otelcol.sh
03:47:49 PM  1000   1037529    0.00    0.00    0.00    0.00    0.00    20  run-prometheus.
03:47:49 PM  1000   1037531    1.00    0.00    0.00    0.00    1.00    20  otelcol-contrib
03:47:49 PM  1000   1037532    0.00    0.00    0.00    0.00    0.00    16  run-tempo.sh
03:47:49 PM  1000   1037535    0.00    0.00    0.00    0.00    0.00    18  run-pyroscope.s
03:47:49 PM  1000   1037541    1.00    0.00    0.00    0.00    1.00    16  prometheus
03:47:49 PM  1000   1037543    0.00    0.00    0.00    0.00    0.00    20  loki
03:47:49 PM  1000   1037544   58.00    7.00    0.00    0.00   65.00    18  tempo
03:47:49 PM  1000   1037546    0.00    0.00    0.00    0.00    0.00    16  pyroscope

03:47:48 PM   UID       PID   cswch/s nvcswch/s  Command
03:47:49 PM  1000   1037521      0.00      0.00  run-grafana.sh
03:47:49 PM  1000   1037523      0.00      0.00  run-loki.sh
03:47:49 PM  1000   1037525      0.00      0.00  grafana
03:47:49 PM  1000   1037526      0.00      0.00  run-otelcol.sh
03:47:49 PM  1000   1037529      0.00      0.00  run-prometheus.
03:47:49 PM  1000   1037531     20.00      0.00  otelcol-contrib
03:47:49 PM  1000   1037532      0.00      0.00  run-tempo.sh
03:47:49 PM  1000   1037535      0.00      0.00  run-pyroscope.s
03:47:49 PM  1000   1037541      1.00      0.00  prometheus
03:47:49 PM  1000   1037543      0.00      0.00  loki
03:47:49 PM  1000   1037544      0.00      0.00  tempo
03:47:49 PM  1000   1037546      9.00      0.00  pyroscope

03:47:49 PM   UID       PID    %usr %system  %guest   %wait    %CPU   CPU  Command
03:47:50 PM  1000   1037521    0.00    0.00    0.00    0.00    0.00    18  run-grafana.sh
03:47:50 PM  1000   1037523    0.00    0.00    0.00    0.00    0.00    16  run-loki.sh
03:47:50 PM  1000   1037525    0.00    0.00    0.00    0.00    0.00    16  grafana
03:47:50 PM  1000   1037526    0.00    0.00    0.00    0.00    0.00    16  run-otelcol.sh
03:47:50 PM  1000   1037529    0.00    0.00    0.00    0.00    0.00    20  run-prometheus.
03:47:50 PM  1000   1037531    0.00    0.00    0.00    0.00    0.00    18  otelcol-contrib
03:47:50 PM  1000   1037532    0.00    0.00    0.00    0.00    0.00    16  run-tempo.sh
03:47:50 PM  1000   1037535    0.00    0.00    0.00    0.00    0.00    18  run-pyroscope.s
03:47:50 PM  1000   1037541    0.00    0.00    0.00    0.00    0.00    16  prometheus
03:47:50 PM  1000   1037543    0.00    0.00    0.00    0.00    0.00    20  loki
03:47:50 PM  1000   1037544   62.00    4.00    0.00    0.00   66.00    18  tempo
03:47:50 PM  1000   1037546    0.00    0.00    0.00    0.00    0.00    20  pyroscope

03:47:49 PM   UID       PID   cswch/s nvcswch/s  Command
03:47:50 PM  1000   1037521      0.00      0.00  run-grafana.sh
03:47:50 PM  1000   1037523      0.00      0.00  run-loki.sh
03:47:50 PM  1000   1037525      0.00      0.00  grafana
03:47:50 PM  1000   1037526      0.00      0.00  run-otelcol.sh
03:47:50 PM  1000   1037529      0.00      0.00  run-prometheus.
03:47:50 PM  1000   1037531     13.00      0.00  otelcol-contrib
03:47:50 PM  1000   1037532      0.00      0.00  run-tempo.sh
03:47:50 PM  1000   1037535      0.00      0.00  run-pyroscope.s
03:47:50 PM  1000   1037541      1.00      0.00  prometheus
03:47:50 PM  1000   1037543      0.00      0.00  loki
03:47:50 PM  1000   1037544      0.00      0.00  tempo
03:47:50 PM  1000   1037546     39.00      0.00  pyroscope

03:47:50 PM   UID       PID    %usr %system  %guest   %wait    %CPU   CPU  Command
03:47:51 PM  1000   1037521    0.00    0.00    0.00    0.00    0.00    18  run-grafana.sh
03:47:51 PM  1000   1037523    0.00    0.00    0.00    0.00    0.00    16  run-loki.sh
03:47:51 PM  1000   1037525    0.00    0.00    0.00    0.00    0.00    16  grafana
03:47:51 PM  1000   1037526    0.00    0.00    0.00    0.00    0.00    16  run-otelcol.sh
03:47:51 PM  1000   1037529    0.00    0.00    0.00    0.00    0.00    20  run-prometheus.
03:47:51 PM  1000   1037531    1.00    0.00    0.00    0.00    1.00    20  otelcol-contrib
03:47:51 PM  1000   1037532    0.00    0.00    0.00    0.00    0.00    16  run-tempo.sh
03:47:51 PM  1000   1037535    0.00    0.00    0.00    0.00    0.00    18  run-pyroscope.s
03:47:51 PM  1000   1037541    0.00    0.00    0.00    0.00    0.00    16  prometheus
03:47:51 PM  1000   1037543    0.00    0.00    0.00    0.00    0.00    20  loki
03:47:51 PM  1000   1037544    0.00    0.00    0.00    0.00    0.00    18  tempo
03:47:51 PM  1000   1037546    4.00    0.00    0.00    0.00    4.00    20  pyroscope

03:47:50 PM   UID       PID   cswch/s nvcswch/s  Command
03:47:51 PM  1000   1037521      0.00      0.00  run-grafana.sh
03:47:51 PM  1000   1037523      0.00      0.00  run-loki.sh
03:47:51 PM  1000   1037525      0.00      0.00  grafana
03:47:51 PM  1000   1037526      0.00      0.00  run-otelcol.sh
03:47:51 PM  1000   1037529      0.00      0.00  run-prometheus.
03:47:51 PM  1000   1037531     20.00      0.00  otelcol-contrib
03:47:51 PM  1000   1037532      0.00      0.00  run-tempo.sh
03:47:51 PM  1000   1037535      0.00      0.00  run-pyroscope.s
03:47:51 PM  1000   1037541      6.00      0.00  prometheus
03:47:51 PM  1000   1037543      0.00      0.00  loki
03:47:51 PM  1000   1037544      1.00      0.00  tempo
03:47:51 PM  1000   1037546     66.00      0.00  pyroscope

03:47:51 PM   UID       PID    %usr %system  %guest   %wait    %CPU   CPU  Command
03:47:52 PM  1000   1037521    0.00    0.00    0.00    0.00    0.00    18  run-grafana.sh
03:47:52 PM  1000   1037523    0.00    0.00    0.00    0.00    0.00    16  run-loki.sh
03:47:52 PM  1000   1037525    1.00    0.00    0.00    0.00    1.00    16  grafana
03:47:52 PM  1000   1037526    0.00    0.00    0.00    0.00    0.00    16  run-otelcol.sh
03:47:52 PM  1000   1037529    0.00    0.00    0.00    0.00    0.00    20  run-prometheus.
03:47:52 PM  1000   1037531    0.00    0.00    0.00    0.00    0.00    16  otelcol-contrib
03:47:52 PM  1000   1037532    0.00    0.00    0.00    0.00    0.00    16  run-tempo.sh
03:47:52 PM  1000   1037535    0.00    0.00    0.00    0.00    0.00    18  run-pyroscope.s
03:47:52 PM  1000   1037541    0.00    0.00    0.00    0.00    0.00    18  prometheus
03:47:52 PM  1000   1037543    1.00    0.00    0.00    0.00    1.00    20  loki
03:47:52 PM  1000   1037544    1.00    0.00    0.00    0.00    1.00    18  tempo
03:47:52 PM  1000   1037546    0.00    0.00    0.00    0.00    0.00    20  pyroscope

03:47:51 PM   UID       PID   cswch/s nvcswch/s  Command
03:47:52 PM  1000   1037521      0.00      0.00  run-grafana.sh
03:47:52 PM  1000   1037523      0.00      0.00  run-loki.sh
03:47:52 PM  1000   1037525      0.00      0.00  grafana
03:47:52 PM  1000   1037526      0.00      0.00  run-otelcol.sh
03:47:52 PM  1000   1037529      0.00      0.00  run-prometheus.
03:47:52 PM  1000   1037531     16.00      0.00  otelcol-contrib
03:47:52 PM  1000   1037532      0.00      0.00  run-tempo.sh
03:47:52 PM  1000   1037535      0.00      0.00  run-pyroscope.s
03:47:52 PM  1000   1037541      4.00      0.00  prometheus
03:47:52 PM  1000   1037543      0.00      0.00  loki
03:47:52 PM  1000   1037544      5.00      0.00  tempo
03:47:52 PM  1000   1037546      5.00      0.00  pyroscope

03:47:52 PM   UID       PID    %usr %system  %guest   %wait    %CPU   CPU  Command
03:47:53 PM  1000   1037521    0.00    0.00    0.00    0.00    0.00    18  run-grafana.sh
03:47:53 PM  1000   1037523    0.00    0.00    0.00    0.00    0.00    16  run-loki.sh
03:47:53 PM  1000   1037525    0.00    0.00    0.00    0.00    0.00    16  grafana
03:47:53 PM  1000   1037526    0.00    0.00    0.00    0.00    0.00    16  run-otelcol.sh
03:47:53 PM  1000   1037529    0.00    0.00    0.00    0.00    0.00    20  run-prometheus.
03:47:53 PM  1000   1037531    0.00    0.00    0.00    0.00    0.00    20  otelcol-contrib
03:47:53 PM  1000   1037532    0.00    0.00    0.00    0.00    0.00    16  run-tempo.sh
03:47:53 PM  1000   1037535    0.00    0.00    0.00    0.00    0.00    18  run-pyroscope.s
03:47:53 PM  1000   1037541    0.00    0.00    0.00    0.00    0.00    20  prometheus
03:47:53 PM  1000   1037543    0.00    0.00    0.00    0.00    0.00    20  loki
03:47:53 PM  1000   1037544    0.00    0.00    0.00    0.00    0.00    18  tempo
03:47:53 PM  1000   1037546    0.00    0.00    0.00    0.00    0.00    20  pyroscope

03:47:52 PM   UID       PID   cswch/s nvcswch/s  Command
03:47:53 PM  1000   1037521      0.00      0.00  run-grafana.sh
03:47:53 PM  1000   1037523      0.00      0.00  run-loki.sh
03:47:53 PM  1000   1037525      0.00      0.00  grafana
03:47:53 PM  1000   1037526      0.00      0.00  run-otelcol.sh
03:47:53 PM  1000   1037529      0.00      0.00  run-prometheus.
03:47:53 PM  1000   1037531     16.00      0.00  otelcol-contrib
03:47:53 PM  1000   1037532      0.00      0.00  run-tempo.sh
03:47:53 PM  1000   1037535      0.00      0.00  run-pyroscope.s
03:47:53 PM  1000   1037541      2.00      0.00  prometheus
03:47:53 PM  1000   1037543      0.00      0.00  loki
03:47:53 PM  1000   1037544      0.00      0.00  tempo
03:47:53 PM  1000   1037546      0.00      0.00  pyroscope

03:47:53 PM   UID       PID    %usr %system  %guest   %wait    %CPU   CPU  Command
03:47:54 PM  1000   1037521    0.00    0.00    0.00    0.00    0.00    18  run-grafana.sh
03:47:54 PM  1000   1037523    0.00    0.00    0.00    0.00    0.00    16  run-loki.sh
03:47:54 PM  1000   1037525    0.00    0.00    0.00    0.00    0.00    16  grafana
03:47:54 PM  1000   1037526    0.00    0.00    0.00    0.00    0.00    16  run-otelcol.sh
03:47:54 PM  1000   1037529    0.00    0.00    0.00    0.00    0.00    20  run-prometheus.
03:47:54 PM  1000   1037531    1.00    0.00    0.00    0.00    1.00    16  otelcol-contrib
03:47:54 PM  1000   1037532    0.00    0.00    0.00    0.00    0.00    16  run-tempo.sh
03:47:54 PM  1000   1037535    0.00    0.00    0.00    0.00    0.00    18  run-pyroscope.s
03:47:54 PM  1000   1037541    1.00    0.00    0.00    0.00    1.00    20  prometheus
03:47:54 PM  1000   1037543    0.00    0.00    0.00    0.00    0.00    20  loki
03:47:54 PM  1000   1037544    0.00    0.00    0.00    0.00    0.00    20  tempo
03:47:54 PM  1000   1037546    0.00    0.00    0.00    0.00    0.00    20  pyroscope

03:47:53 PM   UID       PID   cswch/s nvcswch/s  Command
03:47:54 PM  1000   1037521      0.00      0.00  run-grafana.sh
03:47:54 PM  1000   1037523      0.00      0.00  run-loki.sh
03:47:54 PM  1000   1037525      0.00      0.00  grafana
03:47:54 PM  1000   1037526      0.00      0.00  run-otelcol.sh
03:47:54 PM  1000   1037529      0.00      0.00  run-prometheus.
03:47:54 PM  1000   1037531     27.00      0.00  otelcol-contrib
03:47:54 PM  1000   1037532      0.00      0.00  run-tempo.sh
03:47:54 PM  1000   1037535      0.00      0.00  run-pyroscope.s
03:47:54 PM  1000   1037541      1.00      0.00  prometheus
03:47:54 PM  1000   1037543      0.00      0.00  loki
03:47:54 PM  1000   1037544     23.00      0.00  tempo
03:47:54 PM  1000   1037546      0.00      0.00  pyroscope

03:47:54 PM   UID       PID    %usr %system  %guest   %wait    %CPU   CPU  Command
03:47:55 PM  1000   1037521    0.00    0.00    0.00    0.00    0.00    18  run-grafana.sh
03:47:55 PM  1000   1037523    0.00    0.00    0.00    0.00    0.00    16  run-loki.sh
03:47:55 PM  1000   1037525    0.00    0.00    0.00    0.00    0.00    16  grafana
03:47:55 PM  1000   1037526    0.00    0.00    0.00    0.00    0.00    16  run-otelcol.sh
03:47:55 PM  1000   1037529    0.00    0.00    0.00    0.00    0.00    20  run-prometheus.
03:47:55 PM  1000   1037531    0.00    0.00    0.00    0.00    0.00    16  otelcol-contrib
03:47:55 PM  1000   1037532    0.00    0.00    0.00    0.00    0.00    16  run-tempo.sh
03:47:55 PM  1000   1037535    0.00    0.00    0.00    0.00    0.00    18  run-pyroscope.s
03:47:55 PM  1000   1037541    0.00    0.00    0.00    0.00    0.00    20  prometheus
03:47:55 PM  1000   1037543    0.00    0.00    0.00    0.00    0.00    20  loki
03:47:55 PM  1000   1037544    0.00    0.00    0.00    0.00    0.00    16  tempo
03:47:55 PM  1000   1037546    0.00    0.00    0.00    0.00    0.00    20  pyroscope

03:47:54 PM   UID       PID   cswch/s nvcswch/s  Command
03:47:55 PM  1000   1037521      0.00      0.00  run-grafana.sh
03:47:55 PM  1000   1037523      0.00      0.00  run-loki.sh
03:47:55 PM  1000   1037525      0.00      0.00  grafana
03:47:55 PM  1000   1037526      0.00      0.00  run-otelcol.sh
03:47:55 PM  1000   1037529      0.00      0.00  run-prometheus.
03:47:55 PM  1000   1037531     26.00      0.00  otelcol-contrib
03:47:55 PM  1000   1037532      0.00      0.00  run-tempo.sh
03:47:55 PM  1000   1037535      0.00      0.00  run-pyroscope.s
03:47:55 PM  1000   1037541      2.00      0.00  prometheus
03:47:55 PM  1000   1037543      0.00      0.00  loki
03:47:55 PM  1000   1037544     23.00      0.00  tempo
03:47:55 PM  1000   1037546      0.00      0.00  pyroscope

03:47:55 PM   UID       PID    %usr %system  %guest   %wait    %CPU   CPU  Command
03:47:56 PM  1000   1037521    0.00    0.00    0.00    0.00    0.00    18  run-grafana.sh
03:47:56 PM  1000   1037523    0.00    0.00    0.00    0.00    0.00    16  run-loki.sh
03:47:56 PM  1000   1037525    0.00    0.00    0.00    0.00    0.00    16  grafana
03:47:56 PM  1000   1037526    0.00    0.00    0.00    0.00    0.00    16  run-otelcol.sh
03:47:56 PM  1000   1037529    0.00    0.00    0.00    0.00    0.00    20  run-prometheus.
03:47:56 PM  1000   1037531    0.00    0.00    0.00    0.00    0.00    18  otelcol-contrib
03:47:56 PM  1000   1037532    0.00    0.00    0.00    0.00    0.00    16  run-tempo.sh
03:47:56 PM  1000   1037535    0.00    0.00    0.00    0.00    0.00    18  run-pyroscope.s
03:47:56 PM  1000   1037541    0.00    0.00    0.00    0.00    0.00    20  prometheus
03:47:56 PM  1000   1037543    1.00    0.00    0.00    0.00    1.00    20  loki
03:47:56 PM  1000   1037544    0.00    0.00    0.00    0.00    0.00    16  tempo
03:47:56 PM  1000   1037546    0.00    0.00    0.00    0.00    0.00    20  pyroscope

03:47:55 PM   UID       PID   cswch/s nvcswch/s  Command
03:47:56 PM  1000   1037521      0.00      0.00  run-grafana.sh
03:47:56 PM  1000   1037523      0.00      0.00  run-loki.sh
03:47:56 PM  1000   1037525      0.00      0.00  grafana
03:47:56 PM  1000   1037526      0.00      0.00  run-otelcol.sh
03:47:56 PM  1000   1037529      0.00      0.00  run-prometheus.
03:47:56 PM  1000   1037531     33.00      0.00  otelcol-contrib
03:47:56 PM  1000   1037532      0.00      0.00  run-tempo.sh
03:47:56 PM  1000   1037535      0.00      0.00  run-pyroscope.s
03:47:56 PM  1000   1037541      9.00      0.00  prometheus
03:47:56 PM  1000   1037543      0.00      0.00  loki
03:47:56 PM  1000   1037544     28.00      0.00  tempo
03:47:56 PM  1000   1037546      0.00      0.00  pyroscope

03:47:56 PM   UID       PID    %usr %system  %guest   %wait    %CPU   CPU  Command
03:47:57 PM  1000   1037521    0.00    0.00    0.00    0.00    0.00    18  run-grafana.sh
03:47:57 PM  1000   1037523    0.00    0.00    0.00    0.00    0.00    16  run-loki.sh
03:47:57 PM  1000   1037525    0.00    0.00    0.00    0.00    0.00    16  grafana
03:47:57 PM  1000   1037526    0.00    0.00    0.00    0.00    0.00    16  run-otelcol.sh
03:47:57 PM  1000   1037529    0.00    0.00    0.00    0.00    0.00    20  run-prometheus.
03:47:57 PM  1000   1037531    0.00    0.00    0.00    0.00    0.00    18  otelcol-contrib
03:47:57 PM  1000   1037532    0.00    0.00    0.00    0.00    0.00    16  run-tempo.sh
03:47:57 PM  1000   1037535    0.00    0.00    0.00    0.00    0.00    18  run-pyroscope.s
03:47:57 PM  1000   1037541    0.00    0.00    0.00    0.00    0.00    20  prometheus
03:47:57 PM  1000   1037543    0.00    0.00    0.00    0.00    0.00    20  loki
03:47:57 PM  1000   1037544    0.00    0.00    0.00    0.00    0.00    16  tempo
03:47:57 PM  1000   1037546    0.00    0.00    0.00    0.00    0.00    20  pyroscope

03:47:56 PM   UID       PID   cswch/s nvcswch/s  Command
03:47:57 PM  1000   1037521      0.00      0.00  run-grafana.sh
03:47:57 PM  1000   1037523      0.00      0.00  run-loki.sh
03:47:57 PM  1000   1037525      0.00      0.00  grafana
03:47:57 PM  1000   1037526      0.00      0.00  run-otelcol.sh
03:47:57 PM  1000   1037529      0.00      0.00  run-prometheus.
03:47:57 PM  1000   1037531     21.00      0.00  otelcol-contrib
03:47:57 PM  1000   1037532      0.00      0.00  run-tempo.sh
03:47:57 PM  1000   1037535      0.00      0.00  run-pyroscope.s
03:47:57 PM  1000   1037541      1.00      0.00  prometheus
03:47:57 PM  1000   1037543      0.00      0.00  loki
03:47:57 PM  1000   1037544     34.00      0.00  tempo
03:47:57 PM  1000   1037546      0.00      0.00  pyroscope

03:47:57 PM   UID       PID    %usr %system  %guest   %wait    %CPU   CPU  Command
03:47:58 PM  1000   1037521    0.00    0.00    0.00    0.00    0.00    18  run-grafana.sh
03:47:58 PM  1000   1037523    0.00    0.00    0.00    0.00    0.00    16  run-loki.sh
03:47:58 PM  1000   1037525    0.00    0.00    0.00    0.00    0.00    16  grafana
03:47:58 PM  1000   1037526    0.00    0.00    0.00    0.00    0.00    16  run-otelcol.sh
03:47:58 PM  1000   1037529    0.00    0.00    0.00    0.00    0.00    20  run-prometheus.
03:47:58 PM  1000   1037531    1.00    0.00    0.00    0.00    1.00    18  otelcol-contrib
03:47:58 PM  1000   1037532    0.00    0.00    0.00    0.00    0.00    16  run-tempo.sh
03:47:58 PM  1000   1037535    0.00    0.00    0.00    0.00    0.00    18  run-pyroscope.s
03:47:58 PM  1000   1037541    0.00    0.00    0.00    0.00    0.00    20  prometheus
03:47:58 PM  1000   1037543    0.00    0.00    0.00    0.00    0.00    20  loki
03:47:58 PM  1000   1037544    0.00    0.00    0.00    0.00    0.00    16  tempo
03:47:58 PM  1000   1037546    0.00    0.00    0.00    0.00    0.00    20  pyroscope

03:47:57 PM   UID       PID   cswch/s nvcswch/s  Command
03:47:58 PM  1000   1037521      0.00      0.00  run-grafana.sh
03:47:58 PM  1000   1037523      0.00      0.00  run-loki.sh
03:47:58 PM  1000   1037525      0.00      0.00  grafana
03:47:58 PM  1000   1037526      0.00      0.00  run-otelcol.sh
03:47:58 PM  1000   1037529      0.00      0.00  run-prometheus.
03:47:58 PM  1000   1037531     30.00      0.00  otelcol-contrib
03:47:58 PM  1000   1037532      0.00      0.00  run-tempo.sh
03:47:58 PM  1000   1037535      0.00      0.00  run-pyroscope.s
03:47:58 PM  1000   1037541      2.00      0.00  prometheus
03:47:58 PM  1000   1037543      0.00      0.00  loki
03:47:58 PM  1000   1037544     25.00      0.00  tempo
03:47:58 PM  1000   1037546      0.00      0.00  pyroscope

03:47:58 PM   UID       PID    %usr %system  %guest   %wait    %CPU   CPU  Command
03:47:59 PM  1000   1037521    0.00    0.00    0.00    0.00    0.00    18  run-grafana.sh
03:47:59 PM  1000   1037523    0.00    0.00    0.00    0.00    0.00    16  run-loki.sh
03:47:59 PM  1000   1037525    2.00    1.00    0.00    0.00    3.00    16  grafana
03:47:59 PM  1000   1037526    0.00    0.00    0.00    0.00    0.00    16  run-otelcol.sh
03:47:59 PM  1000   1037529    0.00    0.00    0.00    0.00    0.00    20  run-prometheus.
03:47:59 PM  1000   1037531    0.00    0.00    0.00    0.00    0.00    20  otelcol-contrib
03:47:59 PM  1000   1037532    0.00    0.00    0.00    0.00    0.00    16  run-tempo.sh
03:47:59 PM  1000   1037535    0.00    0.00    0.00    0.00    0.00    18  run-pyroscope.s
03:47:59 PM  1000   1037541    0.00    0.00    0.00    0.00    0.00    16  prometheus
03:47:59 PM  1000   1037543    0.00    0.00    0.00    0.00    0.00    20  loki
03:47:59 PM  1000   1037544    0.00    0.00    0.00    0.00    0.00    16  tempo
03:47:59 PM  1000   1037546    0.00    0.00    0.00    0.00    0.00    20  pyroscope

03:47:58 PM   UID       PID   cswch/s nvcswch/s  Command
03:47:59 PM  1000   1037521      0.00      0.00  run-grafana.sh
03:47:59 PM  1000   1037523      0.00      0.00  run-loki.sh
03:47:59 PM  1000   1037525      0.00      0.00  grafana
03:47:59 PM  1000   1037526      0.00      0.00  run-otelcol.sh
03:47:59 PM  1000   1037529      0.00      0.00  run-prometheus.
03:47:59 PM  1000   1037531     24.00      0.00  otelcol-contrib
03:47:59 PM  1000   1037532      0.00      0.00  run-tempo.sh
03:47:59 PM  1000   1037535      0.00      0.00  run-pyroscope.s
03:47:59 PM  1000   1037541      4.00      0.00  prometheus
03:47:59 PM  1000   1037543      0.00      0.00  loki
03:47:59 PM  1000   1037544     25.00      0.00  tempo
03:47:59 PM  1000   1037546      0.00      0.00  pyroscope

03:47:59 PM   UID       PID    %usr %system  %guest   %wait    %CPU   CPU  Command
03:48:00 PM  1000   1037521    0.00    0.00    0.00    0.00    0.00    18  run-grafana.sh
03:48:00 PM  1000   1037523    0.00    0.00    0.00    0.00    0.00    16  run-loki.sh
03:48:00 PM  1000   1037525    0.00    0.00    0.00    0.00    0.00    16  grafana
03:48:00 PM  1000   1037526    0.00    0.00    0.00    0.00    0.00    16  run-otelcol.sh
03:48:00 PM  1000   1037529    0.00    0.00    0.00    0.00    0.00    20  run-prometheus.
03:48:00 PM  1000   1037531    1.00    0.00    0.00    0.00    1.00    16  otelcol-contrib
03:48:00 PM  1000   1037532    0.00    0.00    0.00    0.00    0.00    16  run-tempo.sh
03:48:00 PM  1000   1037535    0.00    0.00    0.00    0.00    0.00    18  run-pyroscope.s
03:48:00 PM  1000   1037541    0.00    0.00    0.00    0.00    0.00    16  prometheus
03:48:00 PM  1000   1037543    0.00    0.00    0.00    0.00    0.00    20  loki
03:48:00 PM  1000   1037544    1.00    0.00    0.00    0.00    1.00    18  tempo
03:48:00 PM  1000   1037546    1.00    0.00    0.00    0.00    1.00    20  pyroscope

03:47:59 PM   UID       PID   cswch/s nvcswch/s  Command
03:48:00 PM  1000   1037521      0.00      0.00  run-grafana.sh
03:48:00 PM  1000   1037523      0.00      0.00  run-loki.sh
03:48:00 PM  1000   1037525      0.00      0.00  grafana
03:48:00 PM  1000   1037526      0.00      0.00  run-otelcol.sh
03:48:00 PM  1000   1037529      0.00      0.00  run-prometheus.
03:48:00 PM  1000   1037531     13.00      0.00  otelcol-contrib
03:48:00 PM  1000   1037532      0.00      0.00  run-tempo.sh
03:48:00 PM  1000   1037535      0.00      0.00  run-pyroscope.s
03:48:00 PM  1000   1037541      2.00      0.00  prometheus
03:48:00 PM  1000   1037543      0.00      0.00  loki
03:48:00 PM  1000   1037544      1.00      0.00  tempo
03:48:00 PM  1000   1037546      0.00      0.00  pyroscope

03:48:00 PM   UID       PID    %usr %system  %guest   %wait    %CPU   CPU  Command
03:48:01 PM  1000   1037521    0.00    0.00    0.00    0.00    0.00    18  run-grafana.sh
03:48:01 PM  1000   1037523    0.00    0.00    0.00    0.00    0.00    16  run-loki.sh
03:48:01 PM  1000   1037525    0.00    0.00    0.00    0.00    0.00    16  grafana
03:48:01 PM  1000   1037526    0.00    0.00    0.00    0.00    0.00    16  run-otelcol.sh
03:48:01 PM  1000   1037529    0.00    0.00    0.00    0.00    0.00    20  run-prometheus.
03:48:01 PM  1000   1037531    0.00    0.00    0.00    0.00    0.00    16  otelcol-contrib
03:48:01 PM  1000   1037532    0.00    0.00    0.00    0.00    0.00    16  run-tempo.sh
03:48:01 PM  1000   1037535    0.00    0.00    0.00    0.00    0.00    18  run-pyroscope.s
03:48:01 PM  1000   1037541    0.00    0.00    0.00    0.00    0.00    16  prometheus
03:48:01 PM  1000   1037543    0.00    0.00    0.00    0.00    0.00    20  loki
03:48:01 PM  1000   1037544    0.00    0.00    0.00    0.00    0.00    16  tempo
03:48:01 PM  1000   1037546    0.00    0.00    0.00    0.00    0.00    20  pyroscope

03:48:00 PM   UID       PID   cswch/s nvcswch/s  Command
03:48:01 PM  1000   1037521      0.00      0.00  run-grafana.sh
03:48:01 PM  1000   1037523      0.00      0.00  run-loki.sh
03:48:01 PM  1000   1037525      0.00      0.00  grafana
03:48:01 PM  1000   1037526      0.00      0.00  run-otelcol.sh
03:48:01 PM  1000   1037529      0.00      0.00  run-prometheus.
03:48:01 PM  1000   1037531     23.00      0.00  otelcol-contrib
03:48:01 PM  1000   1037532      0.00      0.00  run-tempo.sh
03:48:01 PM  1000   1037535      0.00      0.00  run-pyroscope.s
03:48:01 PM  1000   1037541      3.00      0.00  prometheus
03:48:01 PM  1000   1037543      0.00      0.00  loki
03:48:01 PM  1000   1037544     31.00      0.00  tempo
03:48:01 PM  1000   1037546      0.00      0.00  pyroscope

03:48:01 PM   UID       PID    %usr %system  %guest   %wait    %CPU   CPU  Command
03:48:02 PM  1000   1037521    0.00    0.00    0.00    0.00    0.00    18  run-grafana.sh
03:48:02 PM  1000   1037523    0.00    0.00    0.00    0.00    0.00    16  run-loki.sh
03:48:02 PM  1000   1037525    0.00    0.00    0.00    0.00    0.00    16  grafana
03:48:02 PM  1000   1037526    0.00    0.00    0.00    0.00    0.00    16  run-otelcol.sh
03:48:02 PM  1000   1037529    0.00    0.00    0.00    0.00    0.00    20  run-prometheus.
03:48:02 PM  1000   1037531    0.00    0.00    0.00    0.00    0.00    16  otelcol-contrib
03:48:02 PM  1000   1037532    0.00    0.00    0.00    0.00    0.00    16  run-tempo.sh
03:48:02 PM  1000   1037535    0.00    0.00    0.00    0.00    0.00    18  run-pyroscope.s
03:48:02 PM  1000   1037541    0.00    0.00    0.00    0.00    0.00    16  prometheus
03:48:02 PM  1000   1037543    1.00    0.00    0.00    0.00    1.00    20  loki
03:48:02 PM  1000   1037544    0.00    0.00    0.00    0.00    0.00    16  tempo
03:48:02 PM  1000   1037546    0.00    0.00    0.00    0.00    0.00    20  pyroscope

03:48:01 PM   UID       PID   cswch/s nvcswch/s  Command
03:48:02 PM  1000   1037521      0.00      0.00  run-grafana.sh
03:48:02 PM  1000   1037523      0.00      0.00  run-loki.sh
03:48:02 PM  1000   1037525      0.00      0.00  grafana
03:48:02 PM  1000   1037526      0.00      0.00  run-otelcol.sh
03:48:02 PM  1000   1037529      0.00      0.00  run-prometheus.
03:48:02 PM  1000   1037531     14.00      0.00  otelcol-contrib
03:48:02 PM  1000   1037532      0.00      0.00  run-tempo.sh
03:48:02 PM  1000   1037535      0.00      0.00  run-pyroscope.s
03:48:02 PM  1000   1037541      2.00      0.00  prometheus
03:48:02 PM  1000   1037543      0.00      0.00  loki
03:48:02 PM  1000   1037544      0.00      0.00  tempo
03:48:02 PM  1000   1037546      0.00      0.00  pyroscope

03:48:02 PM   UID       PID    %usr %system  %guest   %wait    %CPU   CPU  Command
03:48:03 PM  1000   1037521    0.00    0.00    0.00    0.00    0.00    18  run-grafana.sh
03:48:03 PM  1000   1037523    0.00    0.00    0.00    0.00    0.00    16  run-loki.sh
03:48:03 PM  1000   1037525    0.00    0.00    0.00    0.00    0.00    16  grafana
03:48:03 PM  1000   1037526    0.00    0.00    0.00    0.00    0.00    16  run-otelcol.sh
03:48:03 PM  1000   1037529    0.00    0.00    0.00    0.00    0.00    20  run-prometheus.
03:48:03 PM  1000   1037531    1.00    0.00    0.00    0.00    1.00    18  otelcol-contrib
03:48:03 PM  1000   1037532    0.00    0.00    0.00    0.00    0.00    16  run-tempo.sh
03:48:03 PM  1000   1037535    0.00    0.00    0.00    0.00    0.00    18  run-pyroscope.s
03:48:03 PM  1000   1037541    0.00    0.00    0.00    0.00    0.00    20  prometheus
03:48:03 PM  1000   1037543    0.00    0.00    0.00    0.00    0.00    20  loki
03:48:03 PM  1000   1037544    0.00    0.00    0.00    0.00    0.00    16  tempo
03:48:03 PM  1000   1037546    0.00    0.00    0.00    0.00    0.00    20  pyroscope

03:48:02 PM   UID       PID   cswch/s nvcswch/s  Command
03:48:03 PM  1000   1037521      0.00      0.00  run-grafana.sh
03:48:03 PM  1000   1037523      0.00      0.00  run-loki.sh
03:48:03 PM  1000   1037525      0.00      0.00  grafana
03:48:03 PM  1000   1037526      0.00      0.00  run-otelcol.sh
03:48:03 PM  1000   1037529      0.00      0.00  run-prometheus.
03:48:03 PM  1000   1037531     24.00      0.00  otelcol-contrib
03:48:03 PM  1000   1037532      0.00      0.00  run-tempo.sh
03:48:03 PM  1000   1037535      0.00      0.00  run-pyroscope.s
03:48:03 PM  1000   1037541      1.00      0.00  prometheus
03:48:03 PM  1000   1037543      0.00      0.00  loki
03:48:03 PM  1000   1037544      0.00      0.00  tempo
03:48:03 PM  1000   1037546      0.00      0.00  pyroscope

03:48:03 PM   UID       PID    %usr %system  %guest   %wait    %CPU   CPU  Command
03:48:04 PM  1000   1037521    0.00    0.00    0.00    0.00    0.00    18  run-grafana.sh
03:48:04 PM  1000   1037523    0.00    0.00    0.00    0.00    0.00    16  run-loki.sh
03:48:04 PM  1000   1037525    0.00    0.00    0.00    0.00    0.00    16  grafana
03:48:04 PM  1000   1037526    0.00    0.00    0.00    0.00    0.00    16  run-otelcol.sh
03:48:04 PM  1000   1037529    0.00    0.00    0.00    0.00    0.00    20  run-prometheus.
03:48:04 PM  1000   1037531    0.00    0.00    0.00    0.00    0.00    20  otelcol-contrib
03:48:04 PM  1000   1037532    0.00    0.00    0.00    0.00    0.00    16  run-tempo.sh
03:48:04 PM  1000   1037535    0.00    0.00    0.00    0.00    0.00    18  run-pyroscope.s
03:48:04 PM  1000   1037541    1.00    0.00    0.00    0.00    1.00    20  prometheus
03:48:04 PM  1000   1037543    0.00    0.00    0.00    0.00    0.00    20  loki
03:48:04 PM  1000   1037544    0.00    0.00    0.00    0.00    0.00    16  tempo
03:48:04 PM  1000   1037546    0.00    1.00    0.00    0.00    1.00    20  pyroscope

03:48:03 PM   UID       PID   cswch/s nvcswch/s  Command
03:48:04 PM  1000   1037521      0.00      0.00  run-grafana.sh
03:48:04 PM  1000   1037523      0.00      0.00  run-loki.sh
03:48:04 PM  1000   1037525      0.00      0.00  grafana
03:48:04 PM  1000   1037526      0.00      0.00  run-otelcol.sh
03:48:04 PM  1000   1037529      0.00      0.00  run-prometheus.
03:48:04 PM  1000   1037531     19.00      0.00  otelcol-contrib
03:48:04 PM  1000   1037532      0.00      0.00  run-tempo.sh
03:48:04 PM  1000   1037535      0.00      0.00  run-pyroscope.s
03:48:04 PM  1000   1037541      1.00      0.00  prometheus
03:48:04 PM  1000   1037543      0.00      0.00  loki
03:48:04 PM  1000   1037544      1.00      0.00  tempo
03:48:04 PM  1000   1037546      0.00      0.00  pyroscope

03:48:04 PM   UID       PID    %usr %system  %guest   %wait    %CPU   CPU  Command
03:48:05 PM  1000   1037521    0.00    0.00    0.00    0.00    0.00    18  run-grafana.sh
03:48:05 PM  1000   1037523    0.00    0.00    0.00    0.00    0.00    16  run-loki.sh
03:48:05 PM  1000   1037525    0.00    0.00    0.00    0.00    0.00    16  grafana
03:48:05 PM  1000   1037526    0.00    0.00    0.00    0.00    0.00    16  run-otelcol.sh
03:48:05 PM  1000   1037529    0.00    0.00    0.00    0.00    0.00    20  run-prometheus.
03:48:05 PM  1000   1037531    0.00    0.00    0.00    0.00    0.00    18  otelcol-contrib
03:48:05 PM  1000   1037532    0.00    0.00    0.00    0.00    0.00    16  run-tempo.sh
03:48:05 PM  1000   1037535    0.00    0.00    0.00    0.00    0.00    18  run-pyroscope.s
03:48:05 PM  1000   1037541    0.00    0.00    0.00    0.00    0.00    20  prometheus
03:48:05 PM  1000   1037543    0.00    0.00    0.00    0.00    0.00    20  loki
03:48:05 PM  1000   1037544    0.00    0.00    0.00    0.00    0.00    16  tempo
03:48:05 PM  1000   1037546    0.00    0.00    0.00    0.00    0.00    20  pyroscope

03:48:04 PM   UID       PID   cswch/s nvcswch/s  Command
03:48:05 PM  1000   1037521      0.00      0.00  run-grafana.sh
03:48:05 PM  1000   1037523      0.00      0.00  run-loki.sh
03:48:05 PM  1000   1037525      0.00      0.00  grafana
03:48:05 PM  1000   1037526      0.00      0.00  run-otelcol.sh
03:48:05 PM  1000   1037529      0.00      0.00  run-prometheus.
03:48:05 PM  1000   1037531     28.00      0.00  otelcol-contrib
03:48:05 PM  1000   1037532      0.00      0.00  run-tempo.sh
03:48:05 PM  1000   1037535      0.00      0.00  run-pyroscope.s
03:48:05 PM  1000   1037541      1.00      0.00  prometheus
03:48:05 PM  1000   1037543      0.00      0.00  loki
03:48:05 PM  1000   1037544      0.00      0.00  tempo
03:48:05 PM  1000   1037546      0.00      0.00  pyroscope

03:48:05 PM   UID       PID    %usr %system  %guest   %wait    %CPU   CPU  Command
03:48:06 PM  1000   1037521    0.00    0.00    0.00    0.00    0.00    18  run-grafana.sh
03:48:06 PM  1000   1037523    0.00    0.00    0.00    0.00    0.00    16  run-loki.sh
03:48:06 PM  1000   1037525    0.00    0.00    0.00    0.00    0.00    16  grafana
03:48:06 PM  1000   1037526    0.00    0.00    0.00    0.00    0.00    16  run-otelcol.sh
03:48:06 PM  1000   1037529    0.00    0.00    0.00    0.00    0.00    20  run-prometheus.
03:48:06 PM  1000   1037531    1.00    0.00    0.00    0.00    1.00    16  otelcol-contrib
03:48:06 PM  1000   1037532    0.00    0.00    0.00    0.00    0.00    16  run-tempo.sh
03:48:06 PM  1000   1037535    0.00    0.00    0.00    0.00    0.00    18  run-pyroscope.s
03:48:06 PM  1000   1037541    0.00    0.00    0.00    0.00    0.00    20  prometheus
03:48:06 PM  1000   1037543    1.00    0.00    0.00    0.00    1.00    20  loki
03:48:06 PM  1000   1037544    2.00    0.00    0.00    0.00    2.00    18  tempo
03:48:06 PM  1000   1037546    4.00    0.00    0.00    0.00    4.00    16  pyroscope

03:48:05 PM   UID       PID   cswch/s nvcswch/s  Command
03:48:06 PM  1000   1037521      0.00      0.00  run-grafana.sh
03:48:06 PM  1000   1037523      0.00      0.00  run-loki.sh
03:48:06 PM  1000   1037525      0.00      0.00  grafana
03:48:06 PM  1000   1037526      0.00      0.00  run-otelcol.sh
03:48:06 PM  1000   1037529      0.00      0.00  run-prometheus.
03:48:06 PM  1000   1037531     26.00      0.00  otelcol-contrib
03:48:06 PM  1000   1037532      0.00      0.00  run-tempo.sh
03:48:06 PM  1000   1037535      0.00      0.00  run-pyroscope.s
03:48:06 PM  1000   1037541      7.00      0.00  prometheus
03:48:06 PM  1000   1037543      0.00      0.00  loki
03:48:06 PM  1000   1037544     25.00      4.00  tempo
03:48:06 PM  1000   1037546     34.00      5.00  pyroscope

03:48:06 PM   UID       PID    %usr %system  %guest   %wait    %CPU   CPU  Command
03:48:07 PM  1000   1037521    0.00    0.00    0.00    0.00    0.00    18  run-grafana.sh
03:48:07 PM  1000   1037523    0.00    0.00    0.00    0.00    0.00    16  run-loki.sh
03:48:07 PM  1000   1037525    1.00    0.00    0.00    0.00    1.00    16  grafana
03:48:07 PM  1000   1037526    0.00    0.00    0.00    0.00    0.00    16  run-otelcol.sh
03:48:07 PM  1000   1037529    0.00    0.00    0.00    0.00    0.00    20  run-prometheus.
03:48:07 PM  1000   1037531    2.00    1.00    0.00    0.00    3.00    16  otelcol-contrib
03:48:07 PM  1000   1037532    0.00    0.00    0.00    0.00    0.00    16  run-tempo.sh
03:48:07 PM  1000   1037535    0.00    0.00    0.00    0.00    0.00    18  run-pyroscope.s
03:48:07 PM  1000   1037541    0.00    0.00    0.00    0.00    0.00    16  prometheus
03:48:07 PM  1000   1037543    0.00    0.00    0.00    0.00    0.00    20  loki
03:48:07 PM  1000   1037544    4.00    0.00    0.00    0.00    4.00    20  tempo
03:48:07 PM  1000   1037546    0.00    0.00    0.00    0.00    0.00    16  pyroscope

03:48:06 PM   UID       PID   cswch/s nvcswch/s  Command
03:48:07 PM  1000   1037521      0.00      0.00  run-grafana.sh
03:48:07 PM  1000   1037523      0.00      0.00  run-loki.sh
03:48:07 PM  1000   1037525      0.00      0.00  grafana
03:48:07 PM  1000   1037526      0.00      0.00  run-otelcol.sh
03:48:07 PM  1000   1037529      0.00      0.00  run-prometheus.
03:48:07 PM  1000   1037531     48.00      0.00  otelcol-contrib
03:48:07 PM  1000   1037532      0.00      0.00  run-tempo.sh
03:48:07 PM  1000   1037535      0.00      0.00  run-pyroscope.s
03:48:07 PM  1000   1037541      2.00      0.00  prometheus
03:48:07 PM  1000   1037543      0.00      0.00  loki
03:48:07 PM  1000   1037544     75.00      4.00  tempo
03:48:07 PM  1000   1037546      4.00      0.00  pyroscope

03:48:07 PM   UID       PID    %usr %system  %guest   %wait    %CPU   CPU  Command
03:48:08 PM  1000   1037521    0.00    0.00    0.00    0.00    0.00    18  run-grafana.sh
03:48:08 PM  1000   1037523    0.00    0.00    0.00    0.00    0.00    16  run-loki.sh
03:48:08 PM  1000   1037525    0.00    0.00    0.00    0.00    0.00    16  grafana
03:48:08 PM  1000   1037526    0.00    0.00    0.00    0.00    0.00    16  run-otelcol.sh
03:48:08 PM  1000   1037529    0.00    0.00    0.00    0.00    0.00    20  run-prometheus.
03:48:08 PM  1000   1037531    5.00    0.00    0.00    0.00    5.00    18  otelcol-contrib
03:48:08 PM  1000   1037532    0.00    0.00    0.00    0.00    0.00    16  run-tempo.sh
03:48:08 PM  1000   1037535    0.00    0.00    0.00    0.00    0.00    18  run-pyroscope.s
03:48:08 PM  1000   1037541    0.00    0.00    0.00    0.00    0.00    16  prometheus
03:48:08 PM  1000   1037543    0.00    1.00    0.00    0.00    1.00    20  loki
03:48:08 PM  1000   1037544    6.00    1.00    0.00    0.00    7.00    20  tempo
03:48:08 PM  1000   1037546    0.00    0.00    0.00    0.00    0.00    16  pyroscope

03:48:07 PM   UID       PID   cswch/s nvcswch/s  Command
03:48:08 PM  1000   1037521      0.00      0.00  run-grafana.sh
03:48:08 PM  1000   1037523      0.00      0.00  run-loki.sh
03:48:08 PM  1000   1037525      0.00      0.00  grafana
03:48:08 PM  1000   1037526      0.00      0.00  run-otelcol.sh
03:48:08 PM  1000   1037529      0.00      0.00  run-prometheus.
03:48:08 PM  1000   1037531     44.00      5.00  otelcol-contrib
03:48:08 PM  1000   1037532      0.00      0.00  run-tempo.sh
03:48:08 PM  1000   1037535      0.00      0.00  run-pyroscope.s
03:48:08 PM  1000   1037541      1.00      0.00  prometheus
03:48:08 PM  1000   1037543      0.00      0.00  loki
03:48:08 PM  1000   1037544     57.00      1.00  tempo
03:48:08 PM  1000   1037546      0.00      0.00  pyroscope

03:48:08 PM   UID       PID    %usr %system  %guest   %wait    %CPU   CPU  Command
03:48:09 PM  1000   1037521    0.00    0.00    0.00    0.00    0.00    18  run-grafana.sh
03:48:09 PM  1000   1037523    0.00    0.00    0.00    0.00    0.00    16  run-loki.sh
03:48:09 PM  1000   1037525    4.00    0.00    0.00    0.00    4.00    16  grafana
03:48:09 PM  1000   1037526    0.00    0.00    0.00    0.00    0.00    16  run-otelcol.sh
03:48:09 PM  1000   1037529    0.00    0.00    0.00    0.00    0.00    20  run-prometheus.
03:48:09 PM  1000   1037531    2.00    0.00    0.00    0.00    2.00    16  otelcol-contrib
03:48:09 PM  1000   1037532    0.00    0.00    0.00    0.00    0.00    16  run-tempo.sh
03:48:09 PM  1000   1037535    0.00    0.00    0.00    0.00    0.00    18  run-pyroscope.s
03:48:09 PM  1000   1037541    0.00    0.00    0.00    0.00    0.00    16  prometheus
03:48:09 PM  1000   1037543    0.00    0.00    0.00    0.00    0.00    20  loki
03:48:09 PM  1000   1037544   17.00    5.00    0.00    1.00   22.00    18  tempo
03:48:09 PM  1000   1037546    0.00    0.00    0.00    0.00    0.00    16  pyroscope

03:48:08 PM   UID       PID   cswch/s nvcswch/s  Command
03:48:09 PM  1000   1037521      0.00      0.00  run-grafana.sh
03:48:09 PM  1000   1037523      0.00      0.00  run-loki.sh
03:48:09 PM  1000   1037525      0.00      0.00  grafana
03:48:09 PM  1000   1037526      0.00      0.00  run-otelcol.sh
03:48:09 PM  1000   1037529      0.00      0.00  run-prometheus.
03:48:09 PM  1000   1037531     43.00      1.00  otelcol-contrib
03:48:09 PM  1000   1037532      0.00      0.00  run-tempo.sh
03:48:09 PM  1000   1037535      0.00      0.00  run-pyroscope.s
03:48:09 PM  1000   1037541      2.00      0.00  prometheus
03:48:09 PM  1000   1037543      0.00      0.00  loki
03:48:09 PM  1000   1037544    106.00     26.00  tempo
03:48:09 PM  1000   1037546      0.00      0.00  pyroscope

03:48:09 PM   UID       PID    %usr %system  %guest   %wait    %CPU   CPU  Command
03:48:10 PM  1000   1037521    0.00    0.00    0.00    0.00    0.00    18  run-grafana.sh
03:48:10 PM  1000   1037523    0.00    0.00    0.00    0.00    0.00    16  run-loki.sh
03:48:10 PM  1000   1037525    0.00    0.00    0.00    0.00    0.00    16  grafana
03:48:10 PM  1000   1037526    0.00    0.00    0.00    0.00    0.00    16  run-otelcol.sh
03:48:10 PM  1000   1037529    0.00    0.00    0.00    0.00    0.00    20  run-prometheus.
03:48:10 PM  1000   1037531    2.00    1.00    0.00    0.00    3.00    18  otelcol-contrib
03:48:10 PM  1000   1037532    0.00    0.00    0.00    0.00    0.00    16  run-tempo.sh
03:48:10 PM  1000   1037535    0.00    0.00    0.00    0.00    0.00    18  run-pyroscope.s
03:48:10 PM  1000   1037541    0.00    0.00    0.00    0.00    0.00    20  prometheus
03:48:10 PM  1000   1037543    1.00    0.00    0.00    0.00    1.00    20  loki
03:48:10 PM  1000   1037544    7.00    1.00    0.00    0.00    8.00    16  tempo
03:48:10 PM  1000   1037546    0.00    0.00    0.00    0.00    0.00    16  pyroscope

03:48:09 PM   UID       PID   cswch/s nvcswch/s  Command
03:48:10 PM  1000   1037521      0.00      0.00  run-grafana.sh
03:48:10 PM  1000   1037523      0.00      0.00  run-loki.sh
03:48:10 PM  1000   1037525      0.00      0.00  grafana
03:48:10 PM  1000   1037526      0.00      0.00  run-otelcol.sh
03:48:10 PM  1000   1037529      0.00      0.00  run-prometheus.
03:48:10 PM  1000   1037531     38.00      0.00  otelcol-contrib
03:48:10 PM  1000   1037532      0.00      0.00  run-tempo.sh
03:48:10 PM  1000   1037535      0.00      0.00  run-pyroscope.s
03:48:10 PM  1000   1037541      1.00      0.00  prometheus
03:48:10 PM  1000   1037543      0.00      0.00  loki
03:48:10 PM  1000   1037544     76.00      6.00  tempo
03:48:10 PM  1000   1037546      0.00      0.00  pyroscope

03:48:10 PM   UID       PID    %usr %system  %guest   %wait    %CPU   CPU  Command
03:48:11 PM  1000   1037521    0.00    0.00    0.00    0.00    0.00    18  run-grafana.sh
03:48:11 PM  1000   1037523    0.00    0.00    0.00    0.00    0.00    16  run-loki.sh
03:48:11 PM  1000   1037525    0.00    0.00    0.00    0.00    0.00    16  grafana
03:48:11 PM  1000   1037526    0.00    0.00    0.00    0.00    0.00    16  run-otelcol.sh
03:48:11 PM  1000   1037529    0.00    0.00    0.00    0.00    0.00    20  run-prometheus.
03:48:11 PM  1000   1037531    4.00    0.00    0.00    0.00    4.00    16  otelcol-contrib
03:48:11 PM  1000   1037532    0.00    0.00    0.00    0.00    0.00    16  run-tempo.sh
03:48:11 PM  1000   1037535    0.00    0.00    0.00    0.00    0.00    18  run-pyroscope.s
03:48:11 PM  1000   1037541    0.00    0.00    0.00    0.00    0.00    16  prometheus
03:48:11 PM  1000   1037543    0.00    0.00    0.00    0.00    0.00    20  loki
03:48:11 PM  1000   1037544    6.00    0.00    0.00    0.00    6.00    18  tempo
03:48:11 PM  1000   1037546    0.00    0.00    0.00    0.00    0.00    16  pyroscope

03:48:10 PM   UID       PID   cswch/s nvcswch/s  Command
03:48:11 PM  1000   1037521      0.00      0.00  run-grafana.sh
03:48:11 PM  1000   1037523      0.00      0.00  run-loki.sh
03:48:11 PM  1000   1037525      0.00      0.00  grafana
03:48:11 PM  1000   1037526      0.00      0.00  run-otelcol.sh
03:48:11 PM  1000   1037529      0.00      0.00  run-prometheus.
03:48:11 PM  1000   1037531     30.00      2.00  otelcol-contrib
03:48:11 PM  1000   1037532      0.00      0.00  run-tempo.sh
03:48:11 PM  1000   1037535      0.00      0.00  run-pyroscope.s
03:48:11 PM  1000   1037541      4.00      0.00  prometheus
03:48:11 PM  1000   1037543      0.00      0.00  loki
03:48:11 PM  1000   1037544     82.00      5.00  tempo
03:48:11 PM  1000   1037546      0.00      0.00  pyroscope

03:48:11 PM   UID       PID    %usr %system  %guest   %wait    %CPU   CPU  Command
03:48:12 PM  1000   1037521    0.00    0.00    0.00    0.00    0.00    18  run-grafana.sh
03:48:12 PM  1000   1037523    0.00    0.00    0.00    0.00    0.00    16  run-loki.sh
03:48:12 PM  1000   1037525    0.00    0.00    0.00    0.00    0.00    16  grafana
03:48:12 PM  1000   1037526    0.00    0.00    0.00    0.00    0.00    16  run-otelcol.sh
03:48:12 PM  1000   1037529    0.00    0.00    0.00    0.00    0.00    20  run-prometheus.
03:48:12 PM  1000   1037531    2.00    1.00    0.00    0.00    3.00    20  otelcol-contrib
03:48:12 PM  1000   1037532    0.00    0.00    0.00    0.00    0.00    16  run-tempo.sh
03:48:12 PM  1000   1037535    0.00    0.00    0.00    0.00    0.00    18  run-pyroscope.s
03:48:12 PM  1000   1037541    1.00    0.00    0.00    0.00    1.00    18  prometheus
03:48:12 PM  1000   1037543    0.00    0.00    0.00    0.00    0.00    20  loki
03:48:12 PM  1000   1037544   20.00    3.00    0.00    0.00   23.00    16  tempo
03:48:12 PM  1000   1037546    1.00    0.00    0.00    0.00    1.00    16  pyroscope

03:48:11 PM   UID       PID   cswch/s nvcswch/s  Command
03:48:12 PM  1000   1037521      0.00      0.00  run-grafana.sh
03:48:12 PM  1000   1037523      0.00      0.00  run-loki.sh
03:48:12 PM  1000   1037525      0.00      0.00  grafana
03:48:12 PM  1000   1037526      0.00      0.00  run-otelcol.sh
03:48:12 PM  1000   1037529      0.00      0.00  run-prometheus.
03:48:12 PM  1000   1037531     34.00      0.00  otelcol-contrib
03:48:12 PM  1000   1037532      0.00      0.00  run-tempo.sh
03:48:12 PM  1000   1037535      0.00      0.00  run-pyroscope.s
03:48:12 PM  1000   1037541      4.00      0.00  prometheus
03:48:12 PM  1000   1037543      0.00      0.00  loki
03:48:12 PM  1000   1037544     78.00     26.00  tempo
03:48:12 PM  1000   1037546      0.00      0.00  pyroscope

03:48:12 PM   UID       PID    %usr %system  %guest   %wait    %CPU   CPU  Command
03:48:13 PM  1000   1037521    0.00    0.00    0.00    0.00    0.00    18  run-grafana.sh
03:48:13 PM  1000   1037523    0.00    0.00    0.00    0.00    0.00    16  run-loki.sh
03:48:13 PM  1000   1037525    1.00    0.00    0.00    0.00    1.00    16  grafana
03:48:13 PM  1000   1037526    0.00    0.00    0.00    0.00    0.00    16  run-otelcol.sh
03:48:13 PM  1000   1037529    0.00    0.00    0.00    0.00    0.00    20  run-prometheus.
03:48:13 PM  1000   1037531    2.00    0.00    0.00    0.00    2.00    18  otelcol-contrib
03:48:13 PM  1000   1037532    0.00    0.00    0.00    0.00    0.00    16  run-tempo.sh
03:48:13 PM  1000   1037535    0.00    0.00    0.00    0.00    0.00    18  run-pyroscope.s
03:48:13 PM  1000   1037541    0.00    0.00    0.00    0.00    0.00    20  prometheus
03:48:13 PM  1000   1037543    0.00    0.00    0.00    0.00    0.00    20  loki
03:48:13 PM  1000   1037544   15.00    1.00    0.00    0.00   16.00    20  tempo
03:48:13 PM  1000   1037546    0.00    1.00    0.00    0.00    1.00    16  pyroscope

03:48:12 PM   UID       PID   cswch/s nvcswch/s  Command
03:48:13 PM  1000   1037521      0.00      0.00  run-grafana.sh
03:48:13 PM  1000   1037523      0.00      0.00  run-loki.sh
03:48:13 PM  1000   1037525      0.00      0.00  grafana
03:48:13 PM  1000   1037526      0.00      0.00  run-otelcol.sh
03:48:13 PM  1000   1037529      0.00      0.00  run-prometheus.
03:48:13 PM  1000   1037531     49.00      0.00  otelcol-contrib
03:48:13 PM  1000   1037532      0.00      0.00  run-tempo.sh
03:48:13 PM  1000   1037535      0.00      0.00  run-pyroscope.s
03:48:13 PM  1000   1037541      1.00      0.00  prometheus
03:48:13 PM  1000   1037543      0.00      0.00  loki
03:48:13 PM  1000   1037544     52.00      6.00  tempo
03:48:13 PM  1000   1037546      1.00      0.00  pyroscope

03:48:13 PM   UID       PID    %usr %system  %guest   %wait    %CPU   CPU  Command
03:48:14 PM  1000   1037521    0.00    0.00    0.00    0.00    0.00    18  run-grafana.sh
03:48:14 PM  1000   1037523    0.00    0.00    0.00    0.00    0.00    16  run-loki.sh
03:48:14 PM  1000   1037525    0.00    0.00    0.00    0.00    0.00    16  grafana
03:48:14 PM  1000   1037526    0.00    0.00    0.00    0.00    0.00    16  run-otelcol.sh
03:48:14 PM  1000   1037529    0.00    0.00    0.00    0.00    0.00    20  run-prometheus.
03:48:14 PM  1000   1037531    5.00    0.00    0.00    0.00    5.00    18  otelcol-contrib
03:48:14 PM  1000   1037532    0.00    0.00    0.00    0.00    0.00    16  run-tempo.sh
03:48:14 PM  1000   1037535    0.00    0.00    0.00    0.00    0.00    18  run-pyroscope.s
03:48:14 PM  1000   1037541    1.00    0.00    0.00    0.00    1.00    16  prometheus
03:48:14 PM  1000   1037543    1.00    0.00    0.00    0.00    1.00    20  loki
03:48:14 PM  1000   1037544    8.00    0.00    0.00    0.00    8.00    18  tempo
03:48:14 PM  1000   1037546    0.00    0.00    0.00    0.00    0.00    16  pyroscope

03:48:13 PM   UID       PID   cswch/s nvcswch/s  Command
03:48:14 PM  1000   1037521      0.00      0.00  run-grafana.sh
03:48:14 PM  1000   1037523      0.00      0.00  run-loki.sh
03:48:14 PM  1000   1037525      0.00      0.00  grafana
03:48:14 PM  1000   1037526      0.00      0.00  run-otelcol.sh
03:48:14 PM  1000   1037529      0.00      0.00  run-prometheus.
03:48:14 PM  1000   1037531     33.00      3.00  otelcol-contrib
03:48:14 PM  1000   1037532      0.00      0.00  run-tempo.sh
03:48:14 PM  1000   1037535      0.00      0.00  run-pyroscope.s
03:48:14 PM  1000   1037541      3.00      0.00  prometheus
03:48:14 PM  1000   1037543      0.00      0.00  loki
03:48:14 PM  1000   1037544     55.00      1.00  tempo
03:48:14 PM  1000   1037546      2.00      0.00  pyroscope

03:48:14 PM   UID       PID    %usr %system  %guest   %wait    %CPU   CPU  Command
03:48:15 PM  1000   1037521    0.00    0.00    0.00    0.00    0.00    18  run-grafana.sh
03:48:15 PM  1000   1037523    0.00    0.00    0.00    0.00    0.00    16  run-loki.sh
03:48:15 PM  1000   1037525    0.00    0.00    0.00    0.00    0.00    16  grafana
03:48:15 PM  1000   1037526    0.00    0.00    0.00    0.00    0.00    16  run-otelcol.sh
03:48:15 PM  1000   1037529    0.00    0.00    0.00    0.00    0.00    20  run-prometheus.
03:48:15 PM  1000   1037531    2.00    0.00    0.00    0.00    2.00    20  otelcol-contrib
03:48:15 PM  1000   1037532    0.00    0.00    0.00    0.00    0.00    16  run-tempo.sh
03:48:15 PM  1000   1037535    0.00    0.00    0.00    0.00    0.00    18  run-pyroscope.s
03:48:15 PM  1000   1037541    0.00    0.00    0.00    0.00    0.00    20  prometheus
03:48:15 PM  1000   1037543    0.00    0.00    0.00    0.00    0.00    20  loki
03:48:15 PM  1000   1037544   20.00    1.00    0.00    0.00   21.00    16  tempo
03:48:15 PM  1000   1037546    0.00    0.00    0.00    0.00    0.00    16  pyroscope

03:48:14 PM   UID       PID   cswch/s nvcswch/s  Command
03:48:15 PM  1000   1037521      0.00      0.00  run-grafana.sh
03:48:15 PM  1000   1037523      0.00      0.00  run-loki.sh
03:48:15 PM  1000   1037525      0.00      0.00  grafana
03:48:15 PM  1000   1037526      0.00      0.00  run-otelcol.sh
03:48:15 PM  1000   1037529      0.00      0.00  run-prometheus.
03:48:15 PM  1000   1037531     48.00      0.00  otelcol-contrib
03:48:15 PM  1000   1037532      0.00      0.00  run-tempo.sh
03:48:15 PM  1000   1037535      0.00      0.00  run-pyroscope.s
03:48:15 PM  1000   1037541      2.00      0.00  prometheus
03:48:15 PM  1000   1037543      0.00      0.00  loki
03:48:15 PM  1000   1037544     69.00      8.00  tempo
03:48:15 PM  1000   1037546     42.00      0.00  pyroscope

03:48:15 PM   UID       PID    %usr %system  %guest   %wait    %CPU   CPU  Command
03:48:16 PM  1000   1037521    0.00    0.00    0.00    0.00    0.00    18  run-grafana.sh
03:48:16 PM  1000   1037523    0.00    0.00    0.00    0.00    0.00    16  run-loki.sh
03:48:16 PM  1000   1037525    0.00    0.00    0.00    0.00    0.00    16  grafana
03:48:16 PM  1000   1037526    0.00    0.00    0.00    0.00    0.00    16  run-otelcol.sh
03:48:16 PM  1000   1037529    0.00    0.00    0.00    0.00    0.00    20  run-prometheus.
03:48:16 PM  1000   1037531    5.00    0.00    0.00    0.00    5.00    16  otelcol-contrib
03:48:16 PM  1000   1037532    0.00    0.00    0.00    0.00    0.00    16  run-tempo.sh
03:48:16 PM  1000   1037535    0.00    0.00    0.00    0.00    0.00    18  run-pyroscope.s
03:48:16 PM  1000   1037541    0.00    0.00    0.00    0.00    0.00    16  prometheus
03:48:16 PM  1000   1037543    0.00    0.00    0.00    0.00    0.00    20  loki
03:48:16 PM  1000   1037544    9.00    0.00    0.00    1.00    9.00    18  tempo
03:48:16 PM  1000   1037546    0.00    0.00    0.00    0.00    0.00    18  pyroscope

03:48:15 PM   UID       PID   cswch/s nvcswch/s  Command
03:48:16 PM  1000   1037521      0.00      0.00  run-grafana.sh
03:48:16 PM  1000   1037523      0.00      0.00  run-loki.sh
03:48:16 PM  1000   1037525      0.00      0.00  grafana
03:48:16 PM  1000   1037526      0.00      0.00  run-otelcol.sh
03:48:16 PM  1000   1037529      0.00      0.00  run-prometheus.
03:48:16 PM  1000   1037531     50.00     12.00  otelcol-contrib
03:48:16 PM  1000   1037532      0.00      0.00  run-tempo.sh
03:48:16 PM  1000   1037535      0.00      0.00  run-pyroscope.s
03:48:16 PM  1000   1037541      5.00      0.00  prometheus
03:48:16 PM  1000   1037543      0.00      0.00  loki
03:48:16 PM  1000   1037544     80.00      5.00  tempo
03:48:16 PM  1000   1037546     34.00      0.00  pyroscope

03:48:16 PM   UID       PID    %usr %system  %guest   %wait    %CPU   CPU  Command
03:48:17 PM  1000   1037521    0.00    0.00    0.00    0.00    0.00    18  run-grafana.sh
03:48:17 PM  1000   1037523    0.00    0.00    0.00    0.00    0.00    16  run-loki.sh
03:48:17 PM  1000   1037525    0.00    0.00    0.00    0.00    0.00    16  grafana
03:48:17 PM  1000   1037526    0.00    0.00    0.00    0.00    0.00    16  run-otelcol.sh
03:48:17 PM  1000   1037529    0.00    0.00    0.00    0.00    0.00    20  run-prometheus.
03:48:17 PM  1000   1037531    3.00    1.00    0.00    0.00    4.00    18  otelcol-contrib
03:48:17 PM  1000   1037532    0.00    0.00    0.00    0.00    0.00    16  run-tempo.sh
03:48:17 PM  1000   1037535    0.00    0.00    0.00    0.00    0.00    18  run-pyroscope.s
03:48:17 PM  1000   1037541    0.00    0.00    0.00    0.00    0.00    18  prometheus
03:48:17 PM  1000   1037543    0.00    0.00    0.00    0.00    0.00    20  loki
03:48:17 PM  1000   1037544   23.00    0.00    0.00    0.00   23.00    16  tempo
03:48:17 PM  1000   1037546    0.00    0.00    0.00    0.00    0.00    18  pyroscope

03:48:16 PM   UID       PID   cswch/s nvcswch/s  Command
03:48:17 PM  1000   1037521      0.00      0.00  run-grafana.sh
03:48:17 PM  1000   1037523      0.00      0.00  run-loki.sh
03:48:17 PM  1000   1037525      0.00      0.00  grafana
03:48:17 PM  1000   1037526      0.00      0.00  run-otelcol.sh
03:48:17 PM  1000   1037529      0.00      0.00  run-prometheus.
03:48:17 PM  1000   1037531     37.00      0.00  otelcol-contrib
03:48:17 PM  1000   1037532      0.00      0.00  run-tempo.sh
03:48:17 PM  1000   1037535      0.00      0.00  run-pyroscope.s
03:48:17 PM  1000   1037541      2.00      0.00  prometheus
03:48:17 PM  1000   1037543      0.00      0.00  loki
03:48:17 PM  1000   1037544     53.00      1.00  tempo
03:48:17 PM  1000   1037546      0.00      0.00  pyroscope

03:48:17 PM   UID       PID    %usr %system  %guest   %wait    %CPU   CPU  Command
03:48:18 PM  1000   1037521    0.00    0.00    0.00    0.00    0.00    18  run-grafana.sh
03:48:18 PM  1000   1037523    0.00    0.00    0.00    0.00    0.00    16  run-loki.sh
03:48:18 PM  1000   1037525    0.00    0.00    0.00    0.00    0.00    16  grafana
03:48:18 PM  1000   1037526    0.00    0.00    0.00    0.00    0.00    16  run-otelcol.sh
03:48:18 PM  1000   1037529    0.00    0.00    0.00    0.00    0.00    20  run-prometheus.
03:48:18 PM  1000   1037531    4.00    0.00    0.00    0.00    4.00    18  otelcol-contrib
03:48:18 PM  1000   1037532    0.00    0.00    0.00    0.00    0.00    16  run-tempo.sh
03:48:18 PM  1000   1037535    0.00    0.00    0.00    0.00    0.00    18  run-pyroscope.s
03:48:18 PM  1000   1037541    0.00    0.00    0.00    0.00    0.00    18  prometheus
03:48:18 PM  1000   1037543    1.00    0.00    0.00    0.00    1.00    20  loki
03:48:18 PM  1000   1037544    8.00    1.00    0.00    0.00    9.00    20  tempo
03:48:18 PM  1000   1037546    0.00    0.00    0.00    0.00    0.00    20  pyroscope

03:48:17 PM   UID       PID   cswch/s nvcswch/s  Command
03:48:18 PM  1000   1037521      0.00      0.00  run-grafana.sh
03:48:18 PM  1000   1037523      0.00      0.00  run-loki.sh
03:48:18 PM  1000   1037525      0.00      0.00  grafana
03:48:18 PM  1000   1037526      0.00      0.00  run-otelcol.sh
03:48:18 PM  1000   1037529      0.00      0.00  run-prometheus.
03:48:18 PM  1000   1037531     42.00      0.00  otelcol-contrib
03:48:18 PM  1000   1037532      0.00      0.00  run-tempo.sh
03:48:18 PM  1000   1037535      0.00      0.00  run-pyroscope.s
03:48:18 PM  1000   1037541      1.00      0.00  prometheus
03:48:18 PM  1000   1037543      0.00      0.00  loki
03:48:18 PM  1000   1037544     80.00      8.00  tempo
03:48:18 PM  1000   1037546     14.00      0.00  pyroscope

03:48:18 PM   UID       PID    %usr %system  %guest   %wait    %CPU   CPU  Command
03:48:19 PM  1000   1037521    0.00    0.00    0.00    0.00    0.00    18  run-grafana.sh
03:48:19 PM  1000   1037523    0.00    0.00    0.00    0.00    0.00    16  run-loki.sh
03:48:19 PM  1000   1037525    7.00    1.00    0.00    0.00    8.00    16  grafana
03:48:19 PM  1000   1037526    0.00    0.00    0.00    0.00    0.00    16  run-otelcol.sh
03:48:19 PM  1000   1037529    0.00    0.00    0.00    0.00    0.00    20  run-prometheus.
03:48:19 PM  1000   1037531    2.00    1.00    0.00    1.00    3.00    16  otelcol-contrib
03:48:19 PM  1000   1037532    0.00    0.00    0.00    0.00    0.00    16  run-tempo.sh
03:48:19 PM  1000   1037535    0.00    0.00    0.00    0.00    0.00    18  run-pyroscope.s
03:48:19 PM  1000   1037541    0.00    0.00    0.00    0.00    0.00    18  prometheus
03:48:19 PM  1000   1037543    0.00    0.00    0.00    0.00    0.00    20  loki
03:48:19 PM  1000   1037544   26.00    2.00    0.00    0.00   28.00    16  tempo
03:48:19 PM  1000   1037546    1.00    0.00    0.00    0.00    1.00    16  pyroscope

03:48:18 PM   UID       PID   cswch/s nvcswch/s  Command
03:48:19 PM  1000   1037521      0.00      0.00  run-grafana.sh
03:48:19 PM  1000   1037523      0.00      0.00  run-loki.sh
03:48:19 PM  1000   1037525      0.00      0.00  grafana
03:48:19 PM  1000   1037526      0.00      0.00  run-otelcol.sh
03:48:19 PM  1000   1037529      0.00      0.00  run-prometheus.
03:48:19 PM  1000   1037531     45.00      0.00  otelcol-contrib
03:48:19 PM  1000   1037532      0.00      0.00  run-tempo.sh
03:48:19 PM  1000   1037535      0.00      0.00  run-pyroscope.s
03:48:19 PM  1000   1037541      1.00      0.00  prometheus
03:48:19 PM  1000   1037543      0.00      0.00  loki
03:48:19 PM  1000   1037544     84.00      3.00  tempo
03:48:19 PM  1000   1037546     32.00      0.00  pyroscope

03:48:19 PM   UID       PID    %usr %system  %guest   %wait    %CPU   CPU  Command
03:48:20 PM  1000   1037521    0.00    0.00    0.00    0.00    0.00    18  run-grafana.sh
03:48:20 PM  1000   1037523    0.00    0.00    0.00    0.00    0.00    16  run-loki.sh
03:48:20 PM  1000   1037525    0.00    0.00    0.00    0.00    0.00    16  grafana
03:48:20 PM  1000   1037526    0.00    0.00    0.00    0.00    0.00    16  run-otelcol.sh
03:48:20 PM  1000   1037529    0.00    0.00    0.00    0.00    0.00    20  run-prometheus.
03:48:20 PM  1000   1037531    2.00    0.00    0.00    0.00    2.00    18  otelcol-contrib
03:48:20 PM  1000   1037532    0.00    0.00    0.00    0.00    0.00    16  run-tempo.sh
03:48:20 PM  1000   1037535    0.00    0.00    0.00    0.00    0.00    18  run-pyroscope.s
03:48:20 PM  1000   1037541    0.00    0.00    0.00    0.00    0.00    16  prometheus
03:48:20 PM  1000   1037543    0.00    0.00    0.00    0.00    0.00    20  loki
03:48:20 PM  1000   1037544    7.00    1.00    0.00    0.00    8.00    20  tempo
03:48:20 PM  1000   1037546    0.00    0.00    0.00    0.00    0.00    16  pyroscope

03:48:19 PM   UID       PID   cswch/s nvcswch/s  Command
03:48:20 PM  1000   1037521      0.00      0.00  run-grafana.sh
03:48:20 PM  1000   1037523      0.00      0.00  run-loki.sh
03:48:20 PM  1000   1037525      0.00      0.00  grafana
03:48:20 PM  1000   1037526      0.00      0.00  run-otelcol.sh
03:48:20 PM  1000   1037529      0.00      0.00  run-prometheus.
03:48:20 PM  1000   1037531     39.00      0.00  otelcol-contrib
03:48:20 PM  1000   1037532      0.00      0.00  run-tempo.sh
03:48:20 PM  1000   1037535      0.00      0.00  run-pyroscope.s
03:48:20 PM  1000   1037541      2.00      0.00  prometheus
03:48:20 PM  1000   1037543      0.00      0.00  loki
03:48:20 PM  1000   1037544     93.00      2.00  tempo
03:48:20 PM  1000   1037546     39.00      0.00  pyroscope

03:48:20 PM   UID       PID    %usr %system  %guest   %wait    %CPU   CPU  Command
03:48:21 PM  1000   1037521    0.00    0.00    0.00    0.00    0.00    18  run-grafana.sh
03:48:21 PM  1000   1037523    0.00    0.00    0.00    0.00    0.00    16  run-loki.sh
03:48:21 PM  1000   1037525    0.00    0.00    0.00    0.00    0.00    16  grafana
03:48:21 PM  1000   1037526    0.00    0.00    0.00    0.00    0.00    16  run-otelcol.sh
03:48:21 PM  1000   1037529    0.00    0.00    0.00    0.00    0.00    20  run-prometheus.
03:48:21 PM  1000   1037531    4.00    0.00    0.00    0.00    4.00    18  otelcol-contrib
03:48:21 PM  1000   1037532    0.00    0.00    0.00    0.00    0.00    16  run-tempo.sh
03:48:21 PM  1000   1037535    0.00    0.00    0.00    0.00    0.00    18  run-pyroscope.s
03:48:21 PM  1000   1037541    0.00    0.00    0.00    0.00    0.00    20  prometheus
03:48:21 PM  1000   1037543    0.00    0.00    0.00    0.00    0.00    20  loki
03:48:21 PM  1000   1037544   21.00    3.00    0.00    0.00   24.00    18  tempo
03:48:21 PM  1000   1037546    3.00    1.00    0.00    0.00    4.00    16  pyroscope

03:48:20 PM   UID       PID   cswch/s nvcswch/s  Command
03:48:21 PM  1000   1037521      0.00      0.00  run-grafana.sh
03:48:21 PM  1000   1037523      0.00      0.00  run-loki.sh
03:48:21 PM  1000   1037525      0.00      0.00  grafana
03:48:21 PM  1000   1037526      0.00      0.00  run-otelcol.sh
03:48:21 PM  1000   1037529      0.00      0.00  run-prometheus.
03:48:21 PM  1000   1037531     41.00      0.00  otelcol-contrib
03:48:21 PM  1000   1037532      0.00      0.00  run-tempo.sh
03:48:21 PM  1000   1037535      0.00      0.00  run-pyroscope.s
03:48:21 PM  1000   1037541      3.00      0.00  prometheus
03:48:21 PM  1000   1037543      0.00      0.00  loki
03:48:21 PM  1000   1037544     91.00      2.00  tempo
03:48:21 PM  1000   1037546     69.00      0.00  pyroscope

03:48:21 PM   UID       PID    %usr %system  %guest   %wait    %CPU   CPU  Command
03:48:22 PM  1000   1037521    0.00    0.00    0.00    0.00    0.00    18  run-grafana.sh
03:48:22 PM  1000   1037523    0.00    0.00    0.00    0.00    0.00    16  run-loki.sh
03:48:22 PM  1000   1037525    0.00    0.00    0.00    0.00    0.00    16  grafana
03:48:22 PM  1000   1037526    0.00    0.00    0.00    0.00    0.00    16  run-otelcol.sh
03:48:22 PM  1000   1037529    0.00    0.00    0.00    0.00    0.00    20  run-prometheus.
03:48:22 PM  1000   1037531    2.00    0.00    0.00    0.00    2.00    16  otelcol-contrib
03:48:22 PM  1000   1037532    0.00    0.00    0.00    0.00    0.00    16  run-tempo.sh
03:48:22 PM  1000   1037535    0.00    0.00    0.00    0.00    0.00    18  run-pyroscope.s
03:48:22 PM  1000   1037541    1.00    0.00    0.00    0.00    1.00    16  prometheus
03:48:22 PM  1000   1037543    1.00    0.00    0.00    0.00    1.00    20  loki
03:48:22 PM  1000   1037544   32.00    3.00    0.00    0.00   35.00    18  tempo
03:48:22 PM  1000   1037546    0.00    0.00    0.00    1.00    0.00    20  pyroscope

03:48:21 PM   UID       PID   cswch/s nvcswch/s  Command
03:48:22 PM  1000   1037521      0.00      0.00  run-grafana.sh
03:48:22 PM  1000   1037523      0.00      0.00  run-loki.sh
03:48:22 PM  1000   1037525      0.00      0.00  grafana
03:48:22 PM  1000   1037526      0.00      0.00  run-otelcol.sh
03:48:22 PM  1000   1037529      0.00      0.00  run-prometheus.
03:48:22 PM  1000   1037531     32.00      0.00  otelcol-contrib
03:48:22 PM  1000   1037532      0.00      0.00  run-tempo.sh
03:48:22 PM  1000   1037535      0.00      0.00  run-pyroscope.s
03:48:22 PM  1000   1037541      3.00      0.00  prometheus
03:48:22 PM  1000   1037543      0.00      0.00  loki
03:48:22 PM  1000   1037544     67.00      5.00  tempo
03:48:22 PM  1000   1037546     27.00      1.00  pyroscope

03:48:22 PM   UID       PID    %usr %system  %guest   %wait    %CPU   CPU  Command
03:48:23 PM  1000   1037521    0.00    0.00    0.00    0.00    0.00    18  run-grafana.sh
03:48:23 PM  1000   1037523    0.00    0.00    0.00    0.00    0.00    16  run-loki.sh
03:48:23 PM  1000   1037525    1.00    0.00    0.00    0.00    1.00    16  grafana
03:48:23 PM  1000   1037526    0.00    0.00    0.00    0.00    0.00    16  run-otelcol.sh
03:48:23 PM  1000   1037529    0.00    0.00    0.00    0.00    0.00    20  run-prometheus.
03:48:23 PM  1000   1037531    2.00    1.00    0.00    0.00    3.00    16  otelcol-contrib
03:48:23 PM  1000   1037532    0.00    0.00    0.00    0.00    0.00    16  run-tempo.sh
03:48:23 PM  1000   1037535    0.00    0.00    0.00    0.00    0.00    18  run-pyroscope.s
03:48:23 PM  1000   1037541    0.00    0.00    0.00    0.00    0.00    18  prometheus
03:48:23 PM  1000   1037543    0.00    1.00    0.00    0.00    1.00    20  loki
03:48:23 PM  1000   1037544    7.00    0.00    0.00    0.00    7.00    20  tempo
03:48:23 PM  1000   1037546    1.00    0.00    0.00    0.00    1.00    20  pyroscope

03:48:22 PM   UID       PID   cswch/s nvcswch/s  Command
03:48:23 PM  1000   1037521      0.00      0.00  run-grafana.sh
03:48:23 PM  1000   1037523      0.00      0.00  run-loki.sh
03:48:23 PM  1000   1037525      0.00      0.00  grafana
03:48:23 PM  1000   1037526      0.00      0.00  run-otelcol.sh
03:48:23 PM  1000   1037529      0.00      0.00  run-prometheus.
03:48:23 PM  1000   1037531     46.00      3.00  otelcol-contrib
03:48:23 PM  1000   1037532      0.00      0.00  run-tempo.sh
03:48:23 PM  1000   1037535      0.00      0.00  run-pyroscope.s
03:48:23 PM  1000   1037541      2.00      0.00  prometheus
03:48:23 PM  1000   1037543      0.00      0.00  loki
03:48:23 PM  1000   1037544     61.00      0.00  tempo
03:48:23 PM  1000   1037546     32.00      0.00  pyroscope

03:48:23 PM   UID       PID    %usr %system  %guest   %wait    %CPU   CPU  Command
03:48:24 PM  1000   1037521    0.00    0.00    0.00    0.00    0.00    18  run-grafana.sh
03:48:24 PM  1000   1037523    0.00    0.00    0.00    0.00    0.00    16  run-loki.sh
03:48:24 PM  1000   1037525    0.00    0.00    0.00    0.00    0.00    16  grafana
03:48:24 PM  1000   1037526    0.00    0.00    0.00    0.00    0.00    16  run-otelcol.sh
03:48:24 PM  1000   1037529    0.00    0.00    0.00    0.00    0.00    20  run-prometheus.
03:48:24 PM  1000   1037531    4.00    0.00    0.00    0.00    4.00    16  otelcol-contrib
03:48:24 PM  1000   1037532    0.00    0.00    0.00    0.00    0.00    16  run-tempo.sh
03:48:24 PM  1000   1037535    0.00    0.00    0.00    0.00    0.00    18  run-pyroscope.s
03:48:24 PM  1000   1037541    0.00    0.00    0.00    0.00    0.00    16  prometheus
03:48:24 PM  1000   1037543    0.00    0.00    0.00    0.00    0.00    20  loki
03:48:24 PM  1000   1037544   24.00    1.00    0.00    1.00   25.00    20  tempo
03:48:24 PM  1000   1037546    0.00    0.00    0.00    0.00    0.00    20  pyroscope

03:48:23 PM   UID       PID   cswch/s nvcswch/s  Command
03:48:24 PM  1000   1037521      0.00      0.00  run-grafana.sh
03:48:24 PM  1000   1037523      0.00      0.00  run-loki.sh
03:48:24 PM  1000   1037525      0.00      0.00  grafana
03:48:24 PM  1000   1037526      0.00      0.00  run-otelcol.sh
03:48:24 PM  1000   1037529      0.00      0.00  run-prometheus.
03:48:24 PM  1000   1037531     47.00      7.00  otelcol-contrib
03:48:24 PM  1000   1037532      0.00      0.00  run-tempo.sh
03:48:24 PM  1000   1037535      0.00      0.00  run-pyroscope.s
03:48:24 PM  1000   1037541      3.00      0.00  prometheus
03:48:24 PM  1000   1037543      0.00      0.00  loki
03:48:24 PM  1000   1037544     93.00      9.00  tempo
03:48:24 PM  1000   1037546     29.00      0.00  pyroscope

03:48:24 PM   UID       PID    %usr %system  %guest   %wait    %CPU   CPU  Command
03:48:25 PM  1000   1037521    0.00    0.00    0.00    0.00    0.00    18  run-grafana.sh
03:48:25 PM  1000   1037523    0.00    0.00    0.00    0.00    0.00    16  run-loki.sh
03:48:25 PM  1000   1037525    0.00    0.00    0.00    0.00    0.00    16  grafana
03:48:25 PM  1000   1037526    0.00    0.00    0.00    0.00    0.00    16  run-otelcol.sh
03:48:25 PM  1000   1037529    0.00    0.00    0.00    0.00    0.00    20  run-prometheus.
03:48:25 PM  1000   1037531    2.00    1.00    0.00    0.00    3.00    20  otelcol-contrib
03:48:25 PM  1000   1037532    0.00    0.00    0.00    0.00    0.00    16  run-tempo.sh
03:48:25 PM  1000   1037535    0.00    0.00    0.00    0.00    0.00    18  run-pyroscope.s
03:48:25 PM  1000   1037541    0.00    0.00    0.00    0.00    0.00    20  prometheus
03:48:25 PM  1000   1037543    0.00    0.00    0.00    0.00    0.00    20  loki
03:48:25 PM  1000   1037544    7.00    0.00    0.00    0.00    7.00    18  tempo
03:48:25 PM  1000   1037546    0.00    0.00    0.00    0.00    0.00    18  pyroscope

03:48:24 PM   UID       PID   cswch/s nvcswch/s  Command
03:48:25 PM  1000   1037521      0.00      0.00  run-grafana.sh
03:48:25 PM  1000   1037523      0.00      0.00  run-loki.sh
03:48:25 PM  1000   1037525      0.00      0.00  grafana
03:48:25 PM  1000   1037526      0.00      0.00  run-otelcol.sh
03:48:25 PM  1000   1037529      0.00      0.00  run-prometheus.
03:48:25 PM  1000   1037531     51.00      0.00  otelcol-contrib
03:48:25 PM  1000   1037532      0.00      0.00  run-tempo.sh
03:48:25 PM  1000   1037535      0.00      0.00  run-pyroscope.s
03:48:25 PM  1000   1037541      3.00      0.00  prometheus
03:48:25 PM  1000   1037543      0.00      0.00  loki
03:48:25 PM  1000   1037544     76.00      6.00  tempo
03:48:25 PM  1000   1037546     27.00      0.00  pyroscope

03:48:25 PM   UID       PID    %usr %system  %guest   %wait    %CPU   CPU  Command
03:48:26 PM  1000   1037521    0.00    0.00    0.00    0.00    0.00    18  run-grafana.sh
03:48:26 PM  1000   1037523    0.00    0.00    0.00    0.00    0.00    16  run-loki.sh
03:48:26 PM  1000   1037525    0.00    0.00    0.00    0.00    0.00    16  grafana
03:48:26 PM  1000   1037526    0.00    0.00    0.00    0.00    0.00    16  run-otelcol.sh
03:48:26 PM  1000   1037529    0.00    0.00    0.00    0.00    0.00    20  run-prometheus.
03:48:26 PM  1000   1037531    5.00    0.00    0.00    0.00    5.00    16  otelcol-contrib
03:48:26 PM  1000   1037532    0.00    0.00    0.00    0.00    0.00    16  run-tempo.sh
03:48:26 PM  1000   1037535    0.00    0.00    0.00    0.00    0.00    18  run-pyroscope.s
03:48:26 PM  1000   1037541    0.00    0.00    0.00    0.00    0.00    18  prometheus
03:48:26 PM  1000   1037543    1.00    0.00    0.00    0.00    1.00    20  loki
03:48:26 PM  1000   1037544    7.00    0.00    0.00    0.00    7.00    20  tempo
03:48:26 PM  1000   1037546    0.00    0.00    0.00    0.00    0.00    20  pyroscope

03:48:25 PM   UID       PID   cswch/s nvcswch/s  Command
03:48:26 PM  1000   1037521      0.00      0.00  run-grafana.sh
03:48:26 PM  1000   1037523      0.00      0.00  run-loki.sh
03:48:26 PM  1000   1037525      0.00      0.00  grafana
03:48:26 PM  1000   1037526      0.00      0.00  run-otelcol.sh
03:48:26 PM  1000   1037529      0.00      0.00  run-prometheus.
03:48:26 PM  1000   1037531     51.00      1.00  otelcol-contrib
03:48:26 PM  1000   1037532      0.00      0.00  run-tempo.sh
03:48:26 PM  1000   1037535      0.00      0.00  run-pyroscope.s
03:48:26 PM  1000   1037541      7.00      0.00  prometheus
03:48:26 PM  1000   1037543      0.00      0.00  loki
03:48:26 PM  1000   1037544     72.00      2.00  tempo
03:48:26 PM  1000   1037546     43.00      0.00  pyroscope

03:48:26 PM   UID       PID    %usr %system  %guest   %wait    %CPU   CPU  Command
03:48:27 PM  1000   1037521    0.00    0.00    0.00    0.00    0.00    18  run-grafana.sh
03:48:27 PM  1000   1037523    0.00    0.00    0.00    0.00    0.00    16  run-loki.sh
03:48:27 PM  1000   1037525    0.00    0.00    0.00    0.00    0.00    16  grafana
03:48:27 PM  1000   1037526    0.00    0.00    0.00    0.00    0.00    16  run-otelcol.sh
03:48:27 PM  1000   1037529    0.00    0.00    0.00    0.00    0.00    20  run-prometheus.
03:48:27 PM  1000   1037531    2.00    0.00    0.00    0.00    2.00    18  otelcol-contrib
03:48:27 PM  1000   1037532    0.00    0.00    0.00    0.00    0.00    16  run-tempo.sh
03:48:27 PM  1000   1037535    0.00    0.00    0.00    0.00    0.00    18  run-pyroscope.s
03:48:27 PM  1000   1037541    0.00    0.00    0.00    0.00    0.00    18  prometheus
03:48:27 PM  1000   1037543    0.00    0.00    0.00    0.00    0.00    20  loki
03:48:27 PM  1000   1037544   24.00    4.00    0.00    0.00   28.00    16  tempo
03:48:27 PM  1000   1037546    0.00    0.00    0.00    0.00    0.00    18  pyroscope

03:48:26 PM   UID       PID   cswch/s nvcswch/s  Command
03:48:27 PM  1000   1037521      0.00      0.00  run-grafana.sh
03:48:27 PM  1000   1037523      0.00      0.00  run-loki.sh
03:48:27 PM  1000   1037525      0.00      0.00  grafana
03:48:27 PM  1000   1037526      0.00      0.00  run-otelcol.sh
03:48:27 PM  1000   1037529      0.00      0.00  run-prometheus.
03:48:27 PM  1000   1037531     51.00      0.00  otelcol-contrib
03:48:27 PM  1000   1037532      0.00      0.00  run-tempo.sh
03:48:27 PM  1000   1037535      0.00      0.00  run-pyroscope.s
03:48:27 PM  1000   1037541      1.00      0.00  prometheus
03:48:27 PM  1000   1037543      0.00      0.00  loki
03:48:27 PM  1000   1037544     81.00      8.00  tempo
03:48:27 PM  1000   1037546     44.00      0.00  pyroscope

03:48:27 PM   UID       PID    %usr %system  %guest   %wait    %CPU   CPU  Command
03:48:28 PM  1000   1037521    0.00    0.00    0.00    0.00    0.00    18  run-grafana.sh
03:48:28 PM  1000   1037523    0.00    0.00    0.00    0.00    0.00    16  run-loki.sh
03:48:28 PM  1000   1037525    0.00    0.00    0.00    0.00    0.00    16  grafana
03:48:28 PM  1000   1037526    0.00    0.00    0.00    0.00    0.00    16  run-otelcol.sh
03:48:28 PM  1000   1037529    0.00    0.00    0.00    0.00    0.00    20  run-prometheus.
03:48:28 PM  1000   1037531    2.00    0.00    0.00    0.00    2.00    16  otelcol-contrib
03:48:28 PM  1000   1037532    0.00    0.00    0.00    0.00    0.00    16  run-tempo.sh
03:48:28 PM  1000   1037535    0.00    0.00    0.00    0.00    0.00    18  run-pyroscope.s
03:48:28 PM  1000   1037541    0.00    0.00    0.00    0.00    0.00    20  prometheus
03:48:28 PM  1000   1037543    0.00    0.00    0.00    0.00    0.00    20  loki
03:48:28 PM  1000   1037544    8.00    0.00    0.00    0.00    8.00    16  tempo
03:48:28 PM  1000   1037546    0.00    0.00    0.00    0.00    0.00    18  pyroscope

03:48:27 PM   UID       PID   cswch/s nvcswch/s  Command
03:48:28 PM  1000   1037521      0.00      0.00  run-grafana.sh
03:48:28 PM  1000   1037523      0.00      0.00  run-loki.sh
03:48:28 PM  1000   1037525      0.00      0.00  grafana
03:48:28 PM  1000   1037526      0.00      0.00  run-otelcol.sh
03:48:28 PM  1000   1037529      0.00      0.00  run-prometheus.
03:48:28 PM  1000   1037531     32.00      0.00  otelcol-contrib
03:48:28 PM  1000   1037532      0.00      0.00  run-tempo.sh
03:48:28 PM  1000   1037535      0.00      0.00  run-pyroscope.s
03:48:28 PM  1000   1037541      1.00      0.00  prometheus
03:48:28 PM  1000   1037543      0.00      0.00  loki
03:48:28 PM  1000   1037544     66.00      1.00  tempo
03:48:28 PM  1000   1037546      0.00      0.00  pyroscope

03:48:28 PM   UID       PID    %usr %system  %guest   %wait    %CPU   CPU  Command
03:48:29 PM  1000   1037521    0.00    0.00    0.00    0.00    0.00    18  run-grafana.sh
03:48:29 PM  1000   1037523    0.00    0.00    0.00    0.00    0.00    16  run-loki.sh
03:48:29 PM  1000   1037525    2.00    0.00    0.00    0.00    2.00    16  grafana
03:48:29 PM  1000   1037526    0.00    0.00    0.00    0.00    0.00    16  run-otelcol.sh
03:48:29 PM  1000   1037529    0.00    0.00    0.00    0.00    0.00    20  run-prometheus.
03:48:29 PM  1000   1037531    5.00    0.00    0.00    1.00    5.00    18  otelcol-contrib
03:48:29 PM  1000   1037532    0.00    0.00    0.00    0.00    0.00    16  run-tempo.sh
03:48:29 PM  1000   1037535    0.00    0.00    0.00    0.00    0.00    18  run-pyroscope.s
03:48:29 PM  1000   1037541    0.00    1.00    0.00    0.00    1.00    20  prometheus
03:48:29 PM  1000   1037543    0.00    0.00    0.00    0.00    0.00    20  loki
03:48:29 PM  1000   1037544   36.00    2.00    0.00    0.00   38.00    20  tempo
03:48:29 PM  1000   1037546    0.00    0.00    0.00    0.00    0.00    20  pyroscope

03:48:28 PM   UID       PID   cswch/s nvcswch/s  Command
03:48:29 PM  1000   1037521      0.00      0.00  run-grafana.sh
03:48:29 PM  1000   1037523      0.00      0.00  run-loki.sh
03:48:29 PM  1000   1037525      0.00      0.00  grafana
03:48:29 PM  1000   1037526      0.00      0.00  run-otelcol.sh
03:48:29 PM  1000   1037529      0.00      0.00  run-prometheus.
03:48:29 PM  1000   1037531     36.00      0.00  otelcol-contrib
03:48:29 PM  1000   1037532      0.00      0.00  run-tempo.sh
03:48:29 PM  1000   1037535      0.00      0.00  run-pyroscope.s
03:48:29 PM  1000   1037541      1.00      0.00  prometheus
03:48:29 PM  1000   1037543      0.00      0.00  loki
03:48:29 PM  1000   1037544     89.00     21.00  tempo
03:48:29 PM  1000   1037546     17.00      0.00  pyroscope

03:48:29 PM   UID       PID    %usr %system  %guest   %wait    %CPU   CPU  Command
03:48:30 PM  1000   1037521    0.00    0.00    0.00    0.00    0.00    18  run-grafana.sh
03:48:30 PM  1000   1037523    0.00    0.00    0.00    0.00    0.00    16  run-loki.sh
03:48:30 PM  1000   1037525    1.00    0.00    0.00    0.00    1.00    16  grafana
03:48:30 PM  1000   1037526    0.00    0.00    0.00    0.00    0.00    16  run-otelcol.sh
03:48:30 PM  1000   1037529    0.00    0.00    0.00    0.00    0.00    20  run-prometheus.
03:48:30 PM  1000   1037531    2.00    0.00    0.00    0.00    2.00    16  otelcol-contrib
03:48:30 PM  1000   1037532    0.00    0.00    0.00    0.00    0.00    16  run-tempo.sh
03:48:30 PM  1000   1037535    0.00    0.00    0.00    0.00    0.00    18  run-pyroscope.s
03:48:30 PM  1000   1037541    1.00    0.00    0.00    0.00    1.00    18  prometheus
03:48:30 PM  1000   1037543    0.00    0.00    0.00    0.00    0.00    20  loki
03:48:30 PM  1000   1037544   19.00    2.00    0.00    1.00   21.00    16  tempo
03:48:30 PM  1000   1037546    1.00    0.00    0.00    0.00    1.00    20  pyroscope

03:48:29 PM   UID       PID   cswch/s nvcswch/s  Command
03:48:30 PM  1000   1037521      0.00      0.00  run-grafana.sh
03:48:30 PM  1000   1037523      0.00      0.00  run-loki.sh
03:48:30 PM  1000   1037525      0.00      0.00  grafana
03:48:30 PM  1000   1037526      0.00      0.00  run-otelcol.sh
03:48:30 PM  1000   1037529      0.00      0.00  run-prometheus.
03:48:30 PM  1000   1037531     48.00      0.00  otelcol-contrib
03:48:30 PM  1000   1037532      0.00      0.00  run-tempo.sh
03:48:30 PM  1000   1037535      0.00      0.00  run-pyroscope.s
03:48:30 PM  1000   1037541      2.00      0.00  prometheus
03:48:30 PM  1000   1037543      0.00      0.00  loki
03:48:30 PM  1000   1037544     55.00      3.00  tempo
03:48:30 PM  1000   1037546     51.00      0.00  pyroscope

03:48:30 PM   UID       PID    %usr %system  %guest   %wait    %CPU   CPU  Command
03:48:31 PM  1000   1037521    0.00    0.00    0.00    0.00    0.00    18  run-grafana.sh
03:48:31 PM  1000   1037523    0.00    0.00    0.00    0.00    0.00    16  run-loki.sh
03:48:31 PM  1000   1037525    0.00    0.00    0.00    0.00    0.00    16  grafana
03:48:31 PM  1000   1037526    0.00    0.00    0.00    0.00    0.00    16  run-otelcol.sh
03:48:31 PM  1000   1037529    0.00    0.00    0.00    0.00    0.00    20  run-prometheus.
03:48:31 PM  1000   1037531    4.00    1.00    0.00    0.00    5.00    18  otelcol-contrib
03:48:31 PM  1000   1037532    0.00    0.00    0.00    0.00    0.00    16  run-tempo.sh
03:48:31 PM  1000   1037535    0.00    0.00    0.00    0.00    0.00    18  run-pyroscope.s
03:48:31 PM  1000   1037541    0.00    0.00    0.00    0.00    0.00    18  prometheus
03:48:31 PM  1000   1037543    0.00    1.00    0.00    0.00    1.00    20  loki
03:48:31 PM  1000   1037544   21.00    3.00    0.00    0.00   24.00    16  tempo
03:48:31 PM  1000   1037546    0.00    0.00    0.00    0.00    0.00    18  pyroscope

03:48:30 PM   UID       PID   cswch/s nvcswch/s  Command
03:48:31 PM  1000   1037521      0.00      0.00  run-grafana.sh
03:48:31 PM  1000   1037523      0.00      0.00  run-loki.sh
03:48:31 PM  1000   1037525      0.00      0.00  grafana
03:48:31 PM  1000   1037526      0.00      0.00  run-otelcol.sh
03:48:31 PM  1000   1037529      0.00      0.00  run-prometheus.
03:48:31 PM  1000   1037531     47.00      0.00  otelcol-contrib
03:48:31 PM  1000   1037532      0.00      0.00  run-tempo.sh
03:48:31 PM  1000   1037535      0.00      0.00  run-pyroscope.s
03:48:31 PM  1000   1037541      5.00      0.00  prometheus
03:48:31 PM  1000   1037543      0.00      0.00  loki
03:48:31 PM  1000   1037544     87.00     10.00  tempo
03:48:31 PM  1000   1037546      8.00      0.00  pyroscope

03:48:31 PM   UID       PID    %usr %system  %guest   %wait    %CPU   CPU  Command
03:48:32 PM  1000   1037521    0.00    0.00    0.00    0.00    0.00    18  run-grafana.sh
03:48:32 PM  1000   1037523    0.00    0.00    0.00    0.00    0.00    16  run-loki.sh
03:48:32 PM  1000   1037525    0.00    0.00    0.00    0.00    0.00    16  grafana
03:48:32 PM  1000   1037526    0.00    0.00    0.00    0.00    0.00    16  run-otelcol.sh
03:48:32 PM  1000   1037529    0.00    0.00    0.00    0.00    0.00    20  run-prometheus.
03:48:32 PM  1000   1037531    3.00    0.00    0.00    0.00    3.00    20  otelcol-contrib
03:48:32 PM  1000   1037532    0.00    0.00    0.00    0.00    0.00    16  run-tempo.sh
03:48:32 PM  1000   1037535    0.00    0.00    0.00    0.00    0.00    18  run-pyroscope.s
03:48:32 PM  1000   1037541    0.00    0.00    0.00    1.00    0.00    20  prometheus
03:48:32 PM  1000   1037543    1.00    0.00    0.00    0.00    1.00    20  loki
03:48:32 PM  1000   1037544   35.00    2.00    0.00    0.00   37.00    20  tempo
03:48:32 PM  1000   1037546    0.00    0.00    0.00    0.00    0.00    18  pyroscope

03:48:31 PM   UID       PID   cswch/s nvcswch/s  Command
03:48:32 PM  1000   1037521      0.00      0.00  run-grafana.sh
03:48:32 PM  1000   1037523      0.00      0.00  run-loki.sh
03:48:32 PM  1000   1037525      0.00      0.00  grafana
03:48:32 PM  1000   1037526      0.00      0.00  run-otelcol.sh
03:48:32 PM  1000   1037529      0.00      0.00  run-prometheus.
03:48:32 PM  1000   1037531     33.00      0.00  otelcol-contrib
03:48:32 PM  1000   1037532      0.00      0.00  run-tempo.sh
03:48:32 PM  1000   1037535      0.00      0.00  run-pyroscope.s
03:48:32 PM  1000   1037541      1.00      0.00  prometheus
03:48:32 PM  1000   1037543      0.00      0.00  loki
03:48:32 PM  1000   1037544     72.00      1.00  tempo
03:48:32 PM  1000   1037546      0.00      0.00  pyroscope

03:48:32 PM   UID       PID    %usr %system  %guest   %wait    %CPU   CPU  Command
03:48:33 PM  1000   1037521    0.00    0.00    0.00    0.00    0.00    18  run-grafana.sh
03:48:33 PM  1000   1037523    0.00    0.00    0.00    0.00    0.00    16  run-loki.sh
03:48:33 PM  1000   1037525    0.00    0.00    0.00    0.00    0.00    16  grafana
03:48:33 PM  1000   1037526    0.00    0.00    0.00    0.00    0.00    16  run-otelcol.sh
03:48:33 PM  1000   1037529    0.00    0.00    0.00    0.00    0.00    20  run-prometheus.
03:48:33 PM  1000   1037531    2.00    0.00    0.00    0.00    2.00    20  otelcol-contrib
03:48:33 PM  1000   1037532    0.00    0.00    0.00    0.00    0.00    16  run-tempo.sh
03:48:33 PM  1000   1037535    0.00    0.00    0.00    0.00    0.00    18  run-pyroscope.s
03:48:33 PM  1000   1037541    0.00    0.00    0.00    0.00    0.00    20  prometheus
03:48:33 PM  1000   1037543    0.00    0.00    0.00    0.00    0.00    20  loki
03:48:33 PM  1000   1037544   23.00    1.00    0.00    0.00   24.00    16  tempo
03:48:33 PM  1000   1037546    0.00    0.00    0.00    0.00    0.00    18  pyroscope

03:48:32 PM   UID       PID   cswch/s nvcswch/s  Command
03:48:33 PM  1000   1037521      0.00      0.00  run-grafana.sh
03:48:33 PM  1000   1037523      0.00      0.00  run-loki.sh
03:48:33 PM  1000   1037525      0.00      0.00  grafana
03:48:33 PM  1000   1037526      0.00      0.00  run-otelcol.sh
03:48:33 PM  1000   1037529      0.00      0.00  run-prometheus.
03:48:33 PM  1000   1037531     47.00      0.00  otelcol-contrib
03:48:33 PM  1000   1037532      0.00      0.00  run-tempo.sh
03:48:33 PM  1000   1037535      0.00      0.00  run-pyroscope.s
03:48:33 PM  1000   1037541      3.00      0.00  prometheus
03:48:33 PM  1000   1037543      0.00      0.00  loki
03:48:33 PM  1000   1037544     45.00     18.00  tempo
03:48:33 PM  1000   1037546      0.00      0.00  pyroscope

03:48:33 PM   UID       PID    %usr %system  %guest   %wait    %CPU   CPU  Command
03:48:34 PM  1000   1037521    0.00    0.00    0.00    0.00    0.00    18  run-grafana.sh
03:48:34 PM  1000   1037523    0.00    0.00    0.00    0.00    0.00    16  run-loki.sh
03:48:34 PM  1000   1037525    0.00    0.00    0.00    0.00    0.00    16  grafana
03:48:34 PM  1000   1037526    0.00    0.00    0.00    0.00    0.00    16  run-otelcol.sh
03:48:34 PM  1000   1037529    0.00    0.00    0.00    0.00    0.00    20  run-prometheus.
03:48:34 PM  1000   1037531    4.00    0.00    0.00    0.00    4.00    16  otelcol-contrib
03:48:34 PM  1000   1037532    0.00    0.00    0.00    0.00    0.00    16  run-tempo.sh
03:48:34 PM  1000   1037535    0.00    0.00    0.00    0.00    0.00    18  run-pyroscope.s
03:48:34 PM  1000   1037541    0.00    0.00    0.00    0.00    0.00    20  prometheus
03:48:34 PM  1000   1037543    0.00    0.00    0.00    0.00    0.00    20  loki
03:48:34 PM  1000   1037544    8.00    1.00    0.00    0.00    9.00    16  tempo
03:48:34 PM  1000   1037546    0.00    0.00    0.00    0.00    0.00    18  pyroscope

03:48:33 PM   UID       PID   cswch/s nvcswch/s  Command
03:48:34 PM  1000   1037521      0.00      0.00  run-grafana.sh
03:48:34 PM  1000   1037523      0.00      0.00  run-loki.sh
03:48:34 PM  1000   1037525      0.00      0.00  grafana
03:48:34 PM  1000   1037526      0.00      0.00  run-otelcol.sh
03:48:34 PM  1000   1037529      0.00      0.00  run-prometheus.
03:48:34 PM  1000   1037531     54.00     57.00  otelcol-contrib
03:48:34 PM  1000   1037532      0.00      0.00  run-tempo.sh
03:48:34 PM  1000   1037535      0.00      0.00  run-pyroscope.s
03:48:34 PM  1000   1037541      2.00      0.00  prometheus
03:48:34 PM  1000   1037543      0.00      0.00  loki
03:48:34 PM  1000   1037544     94.00      0.00  tempo
03:48:34 PM  1000   1037546      0.00      0.00  pyroscope

03:48:34 PM   UID       PID    %usr %system  %guest   %wait    %CPU   CPU  Command
03:48:35 PM  1000   1037521    0.00    0.00    0.00    0.00    0.00    18  run-grafana.sh
03:48:35 PM  1000   1037523    0.00    0.00    0.00    0.00    0.00    16  run-loki.sh
03:48:35 PM  1000   1037525    0.00    0.00    0.00    0.00    0.00    16  grafana
03:48:35 PM  1000   1037526    0.00    0.00    0.00    0.00    0.00    16  run-otelcol.sh
03:48:35 PM  1000   1037529    0.00    0.00    0.00    0.00    0.00    20  run-prometheus.
03:48:35 PM  1000   1037531    3.00    0.00    0.00    0.00    3.00    20  otelcol-contrib
03:48:35 PM  1000   1037532    0.00    0.00    0.00    0.00    0.00    16  run-tempo.sh
03:48:35 PM  1000   1037535    0.00    0.00    0.00    0.00    0.00    18  run-pyroscope.s
03:48:35 PM  1000   1037541    0.00    0.00    0.00    0.00    0.00    20  prometheus
03:48:35 PM  1000   1037543    0.00    0.00    0.00    0.00    0.00    20  loki
03:48:35 PM  1000   1037544   23.00    1.00    0.00    0.00   24.00    18  tempo
03:48:35 PM  1000   1037546    0.00    0.00    0.00    0.00    0.00    18  pyroscope

03:48:34 PM   UID       PID   cswch/s nvcswch/s  Command
03:48:35 PM  1000   1037521      0.00      0.00  run-grafana.sh
03:48:35 PM  1000   1037523      0.00      0.00  run-loki.sh
03:48:35 PM  1000   1037525      0.00      0.00  grafana
03:48:35 PM  1000   1037526      0.00      0.00  run-otelcol.sh
03:48:35 PM  1000   1037529      0.00      0.00  run-prometheus.
03:48:35 PM  1000   1037531     37.00      2.00  otelcol-contrib
03:48:35 PM  1000   1037532      0.00      0.00  run-tempo.sh
03:48:35 PM  1000   1037535      0.00      0.00  run-pyroscope.s
03:48:35 PM  1000   1037541      1.00      0.00  prometheus
03:48:35 PM  1000   1037543      0.00      0.00  loki
03:48:35 PM  1000   1037544     52.00      0.00  tempo
03:48:35 PM  1000   1037546      0.00      0.00  pyroscope

03:48:35 PM   UID       PID    %usr %system  %guest   %wait    %CPU   CPU  Command
03:48:36 PM  1000   1037521    0.00    0.00    0.00    0.00    0.00    18  run-grafana.sh
03:48:36 PM  1000   1037523    0.00    0.00    0.00    0.00    0.00    16  run-loki.sh
03:48:36 PM  1000   1037525    0.00    0.00    0.00    0.00    0.00    16  grafana
03:48:36 PM  1000   1037526    0.00    0.00    0.00    0.00    0.00    16  run-otelcol.sh
03:48:36 PM  1000   1037529    0.00    0.00    0.00    0.00    0.00    20  run-prometheus.
03:48:36 PM  1000   1037531    1.98    0.99    0.00    0.00    2.97    18  otelcol-contrib
03:48:36 PM  1000   1037532    0.00    0.00    0.00    0.00    0.00    16  run-tempo.sh
03:48:36 PM  1000   1037535    0.00    0.00    0.00    0.00    0.00    18  run-pyroscope.s
03:48:36 PM  1000   1037541    0.00    0.00    0.00    0.00    0.00    16  prometheus
03:48:36 PM  1000   1037543    0.99    0.00    0.00    0.00    0.99    20  loki
03:48:36 PM  1000   1037544    6.93    0.00    0.00    0.00    6.93    18  tempo
03:48:36 PM  1000   1037546    3.96    0.99    0.00    0.00    4.95    18  pyroscope

03:48:35 PM   UID       PID   cswch/s nvcswch/s  Command
03:48:36 PM  1000   1037521      0.00      0.00  run-grafana.sh
03:48:36 PM  1000   1037523      0.00      0.00  run-loki.sh
03:48:36 PM  1000   1037525      0.00      0.00  grafana
03:48:36 PM  1000   1037526      0.00      0.00  run-otelcol.sh
03:48:36 PM  1000   1037529      0.00      0.00  run-prometheus.
03:48:36 PM  1000   1037531     49.50      0.00  otelcol-contrib
03:48:36 PM  1000   1037532      0.00      0.00  run-tempo.sh
03:48:36 PM  1000   1037535      0.00      0.00  run-pyroscope.s
03:48:36 PM  1000   1037541      4.95      0.00  prometheus
03:48:36 PM  1000   1037543      0.00      0.00  loki
03:48:36 PM  1000   1037544     63.37      0.99  tempo
03:48:36 PM  1000   1037546     35.64      0.00  pyroscope

03:48:36 PM   UID       PID    %usr %system  %guest   %wait    %CPU   CPU  Command
03:48:37 PM  1000   1037521    0.00    0.00    0.00    0.00    0.00    18  run-grafana.sh
03:48:37 PM  1000   1037523    0.00    0.00    0.00    0.00    0.00    16  run-loki.sh
03:48:37 PM  1000   1037525    0.00    0.00    0.00    0.00    0.00    16  grafana
03:48:37 PM  1000   1037526    0.00    0.00    0.00    0.00    0.00    16  run-otelcol.sh
03:48:37 PM  1000   1037529    0.00    0.00    0.00    0.00    0.00    20  run-prometheus.
03:48:37 PM  1000   1037531    4.00    0.00    0.00    0.00    4.00    20  otelcol-contrib
03:48:37 PM  1000   1037532    0.00    0.00    0.00    0.00    0.00    16  run-tempo.sh
03:48:37 PM  1000   1037535    0.00    0.00    0.00    0.00    0.00    18  run-pyroscope.s
03:48:37 PM  1000   1037541    0.00    0.00    0.00    0.00    0.00    18  prometheus
03:48:37 PM  1000   1037543    0.00    0.00    0.00    0.00    0.00    20  loki
03:48:37 PM  1000   1037544    7.00    1.00    0.00    0.00    8.00    18  tempo
03:48:37 PM  1000   1037546    0.00    0.00    0.00    0.00    0.00    18  pyroscope

03:48:36 PM   UID       PID   cswch/s nvcswch/s  Command
03:48:37 PM  1000   1037521      0.00      0.00  run-grafana.sh
03:48:37 PM  1000   1037523      0.00      0.00  run-loki.sh
03:48:37 PM  1000   1037525      0.00      0.00  grafana
03:48:37 PM  1000   1037526      0.00      0.00  run-otelcol.sh
03:48:37 PM  1000   1037529      0.00      0.00  run-prometheus.
03:48:37 PM  1000   1037531     42.00      3.00  otelcol-contrib
03:48:37 PM  1000   1037532      0.00      0.00  run-tempo.sh
03:48:37 PM  1000   1037535      0.00      0.00  run-pyroscope.s
03:48:37 PM  1000   1037541      1.00      0.00  prometheus
03:48:37 PM  1000   1037543      0.00      0.00  loki
03:48:37 PM  1000   1037544     76.00      0.00  tempo
03:48:37 PM  1000   1037546     43.00      0.00  pyroscope

03:48:37 PM   UID       PID    %usr %system  %guest   %wait    %CPU   CPU  Command
03:48:38 PM  1000   1037521    0.00    0.00    0.00    0.00    0.00    18  run-grafana.sh
03:48:38 PM  1000   1037523    0.00    0.00    0.00    0.00    0.00    16  run-loki.sh
03:48:38 PM  1000   1037525    0.00    0.00    0.00    0.00    0.00    16  grafana
03:48:38 PM  1000   1037526    0.00    0.00    0.00    0.00    0.00    16  run-otelcol.sh
03:48:38 PM  1000   1037529    0.00    0.00    0.00    0.00    0.00    20  run-prometheus.
03:48:38 PM  1000   1037531    2.00    0.00    0.00    0.00    2.00    18  otelcol-contrib
03:48:38 PM  1000   1037532    0.00    0.00    0.00    0.00    0.00    16  run-tempo.sh
03:48:38 PM  1000   1037535    0.00    0.00    0.00    0.00    0.00    18  run-pyroscope.s
03:48:38 PM  1000   1037541    0.00    0.00    0.00    0.00    0.00    16  prometheus
03:48:38 PM  1000   1037543    0.00    0.00    0.00    0.00    0.00    20  loki
03:48:38 PM  1000   1037544    6.00    0.00    0.00    0.00    6.00    16  tempo
03:48:38 PM  1000   1037546    0.00    0.00    0.00    0.00    0.00    18  pyroscope

03:48:37 PM   UID       PID   cswch/s nvcswch/s  Command
03:48:38 PM  1000   1037521      0.00      0.00  run-grafana.sh
03:48:38 PM  1000   1037523      0.00      0.00  run-loki.sh
03:48:38 PM  1000   1037525      0.00      0.00  grafana
03:48:38 PM  1000   1037526      0.00      0.00  run-otelcol.sh
03:48:38 PM  1000   1037529      0.00      0.00  run-prometheus.
03:48:38 PM  1000   1037531     43.00      2.00  otelcol-contrib
03:48:38 PM  1000   1037532      0.00      0.00  run-tempo.sh
03:48:38 PM  1000   1037535      0.00      0.00  run-pyroscope.s
03:48:38 PM  1000   1037541      2.00      0.00  prometheus
03:48:38 PM  1000   1037543      0.00      0.00  loki
03:48:38 PM  1000   1037544     48.00      0.00  tempo
03:48:38 PM  1000   1037546     36.00      0.00  pyroscope

03:48:38 PM   UID       PID    %usr %system  %guest   %wait    %CPU   CPU  Command
03:48:39 PM  1000   1037521    0.00    0.00    0.00    0.00    0.00    18  run-grafana.sh
03:48:39 PM  1000   1037523    0.00    0.00    0.00    0.00    0.00    16  run-loki.sh
03:48:39 PM  1000   1037525    4.00    0.00    0.00    0.00    4.00    16  grafana
03:48:39 PM  1000   1037526    0.00    0.00    0.00    0.00    0.00    16  run-otelcol.sh
03:48:39 PM  1000   1037529    0.00    0.00    0.00    0.00    0.00    20  run-prometheus.
03:48:39 PM  1000   1037531    4.00    1.00    0.00    1.00    5.00    18  otelcol-contrib
03:48:39 PM  1000   1037532    0.00    0.00    0.00    0.00    0.00    16  run-tempo.sh
03:48:39 PM  1000   1037535    0.00    0.00    0.00    0.00    0.00    18  run-pyroscope.s
03:48:39 PM  1000   1037541    0.00    0.00    0.00    0.00    0.00    16  prometheus
03:48:39 PM  1000   1037543    0.00    0.00    0.00    0.00    0.00    20  loki
03:48:39 PM  1000   1037544   37.00    3.00    0.00    1.00   40.00    18  tempo
03:48:39 PM  1000   1037546    0.00    0.00    0.00    0.00    0.00    16  pyroscope

03:48:38 PM   UID       PID   cswch/s nvcswch/s  Command
03:48:39 PM  1000   1037521      0.00      0.00  run-grafana.sh
03:48:39 PM  1000   1037523      0.00      0.00  run-loki.sh
03:48:39 PM  1000   1037525      0.00      0.00  grafana
03:48:39 PM  1000   1037526      0.00      0.00  run-otelcol.sh
03:48:39 PM  1000   1037529      0.00      0.00  run-prometheus.
03:48:39 PM  1000   1037531     65.00      0.00  otelcol-contrib
03:48:39 PM  1000   1037532      0.00      0.00  run-tempo.sh
03:48:39 PM  1000   1037535      0.00      0.00  run-pyroscope.s
03:48:39 PM  1000   1037541      1.00      0.00  prometheus
03:48:39 PM  1000   1037543      0.00      0.00  loki
03:48:39 PM  1000   1037544     61.00     15.00  tempo
03:48:39 PM  1000   1037546     30.00      0.00  pyroscope

03:48:39 PM   UID       PID    %usr %system  %guest   %wait    %CPU   CPU  Command
03:48:40 PM  1000   1037521    0.00    0.00    0.00    0.00    0.00    18  run-grafana.sh
03:48:40 PM  1000   1037523    0.00    0.00    0.00    0.00    0.00    16  run-loki.sh
03:48:40 PM  1000   1037525    0.00    0.00    0.00    0.00    0.00    16  grafana
03:48:40 PM  1000   1037526    0.00    0.00    0.00    0.00    0.00    16  run-otelcol.sh
03:48:40 PM  1000   1037529    0.00    0.00    0.00    0.00    0.00    20  run-prometheus.
03:48:40 PM  1000   1037531    2.00    0.00    0.00    0.00    2.00    16  otelcol-contrib
03:48:40 PM  1000   1037532    0.00    0.00    0.00    0.00    0.00    16  run-tempo.sh
03:48:40 PM  1000   1037535    0.00    0.00    0.00    0.00    0.00    18  run-pyroscope.s
03:48:40 PM  1000   1037541    1.00    0.00    0.00    0.00    1.00    16  prometheus
03:48:40 PM  1000   1037543    1.00    0.00    0.00    0.00    1.00    20  loki
03:48:40 PM  1000   1037544   19.00    4.00    0.00    0.00   23.00    18  tempo
03:48:40 PM  1000   1037546    0.00    0.00    0.00    0.00    0.00    18  pyroscope

03:48:39 PM   UID       PID   cswch/s nvcswch/s  Command
03:48:40 PM  1000   1037521      0.00      0.00  run-grafana.sh
03:48:40 PM  1000   1037523      0.00      0.00  run-loki.sh
03:48:40 PM  1000   1037525      0.00      0.00  grafana
03:48:40 PM  1000   1037526      0.00      0.00  run-otelcol.sh
03:48:40 PM  1000   1037529      0.00      0.00  run-prometheus.
03:48:40 PM  1000   1037531     37.00      0.00  otelcol-contrib
03:48:40 PM  1000   1037532      0.00      0.00  run-tempo.sh
03:48:40 PM  1000   1037535      0.00      0.00  run-pyroscope.s
03:48:40 PM  1000   1037541      1.00      0.00  prometheus
03:48:40 PM  1000   1037543      0.00      0.00  loki
03:48:40 PM  1000   1037544      0.00      0.00  tempo
03:48:40 PM  1000   1037546     44.00      0.00  pyroscope

03:48:40 PM   UID       PID    %usr %system  %guest   %wait    %CPU   CPU  Command
03:48:41 PM  1000   1037521    0.00    0.00    0.00    0.00    0.00    18  run-grafana.sh
03:48:41 PM  1000   1037523    0.00    0.00    0.00    0.00    0.00    16  run-loki.sh
03:48:41 PM  1000   1037525    0.00    0.00    0.00    0.00    0.00    16  grafana
03:48:41 PM  1000   1037526    0.00    0.00    0.00    0.00    0.00    16  run-otelcol.sh
03:48:41 PM  1000   1037529    0.00    0.00    0.00    0.00    0.00    20  run-prometheus.
03:48:41 PM  1000   1037531    2.00    1.00    0.00    0.00    3.00    16  otelcol-contrib
03:48:41 PM  1000   1037532    0.00    0.00    0.00    0.00    0.00    16  run-tempo.sh
03:48:41 PM  1000   1037535    0.00    0.00    0.00    0.00    0.00    18  run-pyroscope.s
03:48:41 PM  1000   1037541    0.00    0.00    0.00    0.00    0.00    16  prometheus
03:48:41 PM  1000   1037543    0.00    0.00    0.00    0.00    0.00    20  loki
03:48:41 PM  1000   1037544    7.00    0.00    0.00    0.00    7.00    18  tempo
03:48:41 PM  1000   1037546    0.00    0.00    0.00    0.00    0.00    18  pyroscope

03:48:40 PM   UID       PID   cswch/s nvcswch/s  Command
03:48:41 PM  1000   1037521      0.00      0.00  run-grafana.sh
03:48:41 PM  1000   1037523      0.00      0.00  run-loki.sh
03:48:41 PM  1000   1037525      0.00      0.00  grafana
03:48:41 PM  1000   1037526      0.00      0.00  run-otelcol.sh
03:48:41 PM  1000   1037529      0.00      0.00  run-prometheus.
03:48:41 PM  1000   1037531     44.00      0.00  otelcol-contrib
03:48:41 PM  1000   1037532      0.00      0.00  run-tempo.sh
03:48:41 PM  1000   1037535      0.00      0.00  run-pyroscope.s
03:48:41 PM  1000   1037541      3.00      0.00  prometheus
03:48:41 PM  1000   1037543      0.00      0.00  loki
03:48:41 PM  1000   1037544      0.00      0.00  tempo
03:48:41 PM  1000   1037546     33.00      0.00  pyroscope

03:48:41 PM   UID       PID    %usr %system  %guest   %wait    %CPU   CPU  Command
03:48:42 PM  1000   1037521    0.00    0.00    0.00    0.00    0.00    18  run-grafana.sh
03:48:42 PM  1000   1037523    0.00    0.00    0.00    0.00    0.00    16  run-loki.sh
03:48:42 PM  1000   1037525    1.00    0.00    0.00    0.00    1.00    16  grafana
03:48:42 PM  1000   1037526    0.00    0.00    0.00    0.00    0.00    16  run-otelcol.sh
03:48:42 PM  1000   1037529    0.00    0.00    0.00    0.00    0.00    20  run-prometheus.
03:48:42 PM  1000   1037531    4.00    0.00    0.00    0.00    4.00    16  otelcol-contrib
03:48:42 PM  1000   1037532    0.00    0.00    0.00    0.00    0.00    16  run-tempo.sh
03:48:42 PM  1000   1037535    0.00    0.00    0.00    0.00    0.00    18  run-pyroscope.s
03:48:42 PM  1000   1037541    0.00    0.00    0.00    0.00    0.00    16  prometheus
03:48:42 PM  1000   1037543    0.00    0.00    0.00    0.00    0.00    20  loki
03:48:42 PM  1000   1037544   20.00    4.00    0.00    0.00   24.00    18  tempo
03:48:42 PM  1000   1037546    0.00    0.00    0.00    0.00    0.00    18  pyroscope

03:48:41 PM   UID       PID   cswch/s nvcswch/s  Command
03:48:42 PM  1000   1037521      0.00      0.00  run-grafana.sh
03:48:42 PM  1000   1037523      0.00      0.00  run-loki.sh
03:48:42 PM  1000   1037525      0.00      0.00  grafana
03:48:42 PM  1000   1037526      0.00      0.00  run-otelcol.sh
03:48:42 PM  1000   1037529      0.00      0.00  run-prometheus.
03:48:42 PM  1000   1037531     40.00      1.00  otelcol-contrib
03:48:42 PM  1000   1037532      0.00      0.00  run-tempo.sh
03:48:42 PM  1000   1037535      0.00      0.00  run-pyroscope.s
03:48:42 PM  1000   1037541      2.00      0.00  prometheus
03:48:42 PM  1000   1037543      0.00      0.00  loki
03:48:42 PM  1000   1037544      0.00      0.00  tempo
03:48:42 PM  1000   1037546      0.00      0.00  pyroscope

03:48:42 PM   UID       PID    %usr %system  %guest   %wait    %CPU   CPU  Command
03:48:43 PM  1000   1037521    0.00    0.00    0.00    0.00    0.00    18  run-grafana.sh
03:48:43 PM  1000   1037523    0.00    0.00    0.00    0.00    0.00    16  run-loki.sh
03:48:43 PM  1000   1037525    0.00    0.00    0.00    0.00    0.00    16  grafana
03:48:43 PM  1000   1037526    0.00    0.00    0.00    0.00    0.00    16  run-otelcol.sh
03:48:43 PM  1000   1037529    0.00    0.00    0.00    0.00    0.00    20  run-prometheus.
03:48:43 PM  1000   1037531    0.00    0.00    0.00    0.00    0.00    18  otelcol-contrib
03:48:43 PM  1000   1037532    0.00    0.00    0.00    0.00    0.00    16  run-tempo.sh
03:48:43 PM  1000   1037535    0.00    0.00    0.00    0.00    0.00    18  run-pyroscope.s
03:48:43 PM  1000   1037541    0.00    0.00    0.00    0.00    0.00    20  prometheus
03:48:43 PM  1000   1037543    0.00    0.00    0.00    0.00    0.00    20  loki
03:48:43 PM  1000   1037544    2.00    0.00    0.00    0.00    2.00    18  tempo
03:48:43 PM  1000   1037546    1.00    0.00    0.00    0.00    1.00    18  pyroscope

03:48:42 PM   UID       PID   cswch/s nvcswch/s  Command
03:48:43 PM  1000   1037521      0.00      0.00  run-grafana.sh
03:48:43 PM  1000   1037523      0.00      0.00  run-loki.sh
03:48:43 PM  1000   1037525      0.00      0.00  grafana
03:48:43 PM  1000   1037526      0.00      0.00  run-otelcol.sh
03:48:43 PM  1000   1037529      0.00      0.00  run-prometheus.
03:48:43 PM  1000   1037531     30.00      0.00  otelcol-contrib
03:48:43 PM  1000   1037532      0.00      0.00  run-tempo.sh
03:48:43 PM  1000   1037535      0.00      0.00  run-pyroscope.s
03:48:43 PM  1000   1037541      1.00      0.00  prometheus
03:48:43 PM  1000   1037543      0.00      0.00  loki
03:48:43 PM  1000   1037544      0.00      0.00  tempo
03:48:43 PM  1000   1037546      0.00      0.00  pyroscope

03:48:43 PM   UID       PID    %usr %system  %guest   %wait    %CPU   CPU  Command
03:48:44 PM  1000   1037521    0.00    0.00    0.00    0.00    0.00    18  run-grafana.sh
03:48:44 PM  1000   1037523    0.00    0.00    0.00    0.00    0.00    16  run-loki.sh
03:48:44 PM  1000   1037525    0.00    0.00    0.00    0.00    0.00    16  grafana
03:48:44 PM  1000   1037526    0.00    0.00    0.00    0.00    0.00    16  run-otelcol.sh
03:48:44 PM  1000   1037529    0.00    0.00    0.00    0.00    0.00    20  run-prometheus.
03:48:44 PM  1000   1037531    0.00    0.00    0.00    0.00    0.00    18  otelcol-contrib
03:48:44 PM  1000   1037532    0.00    0.00    0.00    0.00    0.00    16  run-tempo.sh
03:48:44 PM  1000   1037535    0.00    0.00    0.00    0.00    0.00    18  run-pyroscope.s
03:48:44 PM  1000   1037541    0.00    0.00    0.00    0.00    0.00    18  prometheus
03:48:44 PM  1000   1037543    1.00    0.00    0.00    0.00    1.00    20  loki
03:48:44 PM  1000   1037544   15.00    0.00    0.00    0.00   15.00    18  tempo
03:48:44 PM  1000   1037546    0.00    0.00    0.00    0.00    0.00    18  pyroscope

03:48:43 PM   UID       PID   cswch/s nvcswch/s  Command
03:48:44 PM  1000   1037521      0.00      0.00  run-grafana.sh
03:48:44 PM  1000   1037523      0.00      0.00  run-loki.sh
03:48:44 PM  1000   1037525      0.00      0.00  grafana
03:48:44 PM  1000   1037526      0.00      0.00  run-otelcol.sh
03:48:44 PM  1000   1037529      0.00      0.00  run-prometheus.
03:48:44 PM  1000   1037531     34.00      0.00  otelcol-contrib
03:48:44 PM  1000   1037532      0.00      0.00  run-tempo.sh
03:48:44 PM  1000   1037535      0.00      0.00  run-pyroscope.s
03:48:44 PM  1000   1037541      2.00      0.00  prometheus
03:48:44 PM  1000   1037543      0.00      0.00  loki
03:48:44 PM  1000   1037544      0.00      0.00  tempo
03:48:44 PM  1000   1037546      0.00      0.00  pyroscope

03:48:44 PM   UID       PID    %usr %system  %guest   %wait    %CPU   CPU  Command
03:48:45 PM  1000   1037521    0.00    0.00    0.00    0.00    0.00    18  run-grafana.sh
03:48:45 PM  1000   1037523    0.00    0.00    0.00    0.00    0.00    16  run-loki.sh
03:48:45 PM  1000   1037525    0.00    0.00    0.00    0.00    0.00    16  grafana
03:48:45 PM  1000   1037526    0.00    0.00    0.00    0.00    0.00    16  run-otelcol.sh
03:48:45 PM  1000   1037529    0.00    0.00    0.00    0.00    0.00    20  run-prometheus.
03:48:45 PM  1000   1037531    1.00    0.00    0.00    0.00    1.00    18  otelcol-contrib
03:48:45 PM  1000   1037532    0.00    0.00    0.00    0.00    0.00    16  run-tempo.sh
03:48:45 PM  1000   1037535    0.00    0.00    0.00    0.00    0.00    18  run-pyroscope.s
03:48:45 PM  1000   1037541    0.00    0.00    0.00    0.00    0.00    18  prometheus
03:48:45 PM  1000   1037543    0.00    0.00    0.00    0.00    0.00    20  loki
03:48:45 PM  1000   1037544   13.00    1.00    0.00    0.00   14.00    18  tempo
03:48:45 PM  1000   1037546    0.00    0.00    0.00    0.00    0.00    16  pyroscope

03:48:44 PM   UID       PID   cswch/s nvcswch/s  Command
03:48:45 PM  1000   1037521      0.00      0.00  run-grafana.sh
03:48:45 PM  1000   1037523      0.00      0.00  run-loki.sh
03:48:45 PM  1000   1037525      0.00      0.00  grafana
03:48:45 PM  1000   1037526      0.00      0.00  run-otelcol.sh
03:48:45 PM  1000   1037529      0.00      0.00  run-prometheus.
03:48:45 PM  1000   1037531     17.00      0.00  otelcol-contrib
03:48:45 PM  1000   1037532      0.00      0.00  run-tempo.sh
03:48:45 PM  1000   1037535      0.00      0.00  run-pyroscope.s
03:48:45 PM  1000   1037541      1.00      0.00  prometheus
03:48:45 PM  1000   1037543      0.00      0.00  loki
03:48:45 PM  1000   1037544      0.00      0.00  tempo
03:48:45 PM  1000   1037546     27.00      0.00  pyroscope

03:48:45 PM   UID       PID    %usr %system  %guest   %wait    %CPU   CPU  Command
03:48:46 PM  1000   1037521    0.00    0.00    0.00    0.00    0.00    18  run-grafana.sh
03:48:46 PM  1000   1037523    0.00    0.00    0.00    0.00    0.00    16  run-loki.sh
03:48:46 PM  1000   1037525    0.00    0.00    0.00    0.00    0.00    16  grafana
03:48:46 PM  1000   1037526    0.00    0.00    0.00    0.00    0.00    16  run-otelcol.sh
03:48:46 PM  1000   1037529    0.00    0.00    0.00    0.00    0.00    20  run-prometheus.
03:48:46 PM  1000   1037531    0.00    0.00    0.00    0.00    0.00    18  otelcol-contrib
03:48:46 PM  1000   1037532    0.00    0.00    0.00    0.00    0.00    16  run-tempo.sh
03:48:46 PM  1000   1037535    0.00    0.00    0.00    0.00    0.00    18  run-pyroscope.s
03:48:46 PM  1000   1037541    0.00    0.00    0.00    0.00    0.00    16  prometheus
03:48:46 PM  1000   1037543    0.00    1.00    0.00    0.00    1.00    20  loki
03:48:46 PM  1000   1037544    1.00    0.00    0.00    0.00    1.00    18  tempo
03:48:46 PM  1000   1037546    0.00    0.00    0.00    0.00    0.00    20  pyroscope

03:48:45 PM   UID       PID   cswch/s nvcswch/s  Command
03:48:46 PM  1000   1037521      0.00      0.00  run-grafana.sh
03:48:46 PM  1000   1037523      0.00      0.00  run-loki.sh
03:48:46 PM  1000   1037525      0.00      0.00  grafana
03:48:46 PM  1000   1037526      0.00      0.00  run-otelcol.sh
03:48:46 PM  1000   1037529      0.00      0.00  run-prometheus.
03:48:46 PM  1000   1037531     10.00      0.00  otelcol-contrib
03:48:46 PM  1000   1037532      0.00      0.00  run-tempo.sh
03:48:46 PM  1000   1037535      0.00      0.00  run-pyroscope.s
03:48:46 PM  1000   1037541      6.00      0.00  prometheus
03:48:46 PM  1000   1037543      0.00      0.00  loki
03:48:46 PM  1000   1037544      0.00      0.00  tempo
03:48:46 PM  1000   1037546     63.00      0.00  pyroscope
