Linux 5.14.0-570.60.1.el9_6.x86_64 *****) 	04/17/2026 	_x86_64_	(64 CPU)

01:14:08 PM   UID       PID    %usr %system  %guest   %wait    %CPU   CPU  Command
01:14:09 PM  1000    931871    0.00    0.00    0.00    0.00    0.00    20  run-grafana.sh
01:14:09 PM  1000    931873    0.00    0.00    0.00    0.00    0.00    18  run-loki.sh
01:14:09 PM  1000    931875    1.94    0.00    0.00    0.00    1.94    18  grafana
01:14:09 PM  1000    931876    0.00    0.00    0.00    0.00    0.00    18  run-otelcol.sh
01:14:09 PM  1000    931879    0.00    0.00    0.00    0.00    0.00    20  run-prometheus.
01:14:09 PM  1000    931881    0.00    0.00    0.00    0.00    0.00    16  otelcol-contrib
01:14:09 PM  1000    931882    0.00    0.00    0.00    0.00    0.00    18  run-tempo.sh
01:14:09 PM  1000    931889    0.00    0.00    0.00    0.00    0.00    16  run-pyroscope.s
01:14:09 PM  1000    931891    0.00    0.00    0.00    0.00    0.00    18  prometheus
01:14:09 PM  1000    931893    0.00    0.00    0.00    0.00    0.00    20  loki
01:14:09 PM  1000    931894    0.00    0.00    0.00    0.00    0.00    20  tempo
01:14:09 PM  1000    931896    0.00    0.00    0.00    0.00    0.00    18  pyroscope

01:14:08 PM   UID       PID   cswch/s nvcswch/s  Command
01:14:09 PM  1000    931871      0.00      0.00  run-grafana.sh
01:14:09 PM  1000    931873      0.00      0.00  run-loki.sh
01:14:09 PM  1000    931875     23.30      0.97  grafana
01:14:09 PM  1000    931876      0.00      0.00  run-otelcol.sh
01:14:09 PM  1000    931879      0.00      0.00  run-prometheus.
01:14:09 PM  1000    931881      0.00      0.00  otelcol-contrib
01:14:09 PM  1000    931882      0.00      0.00  run-tempo.sh
01:14:09 PM  1000    931889      0.00      0.00  run-pyroscope.s
01:14:09 PM  1000    931891      0.00      0.00  prometheus
01:14:09 PM  1000    931893     52.43      0.00  loki
01:14:09 PM  1000    931894     18.45      0.00  tempo
01:14:09 PM  1000    931896     26.21      0.00  pyroscope

01:14:09 PM   UID       PID    %usr %system  %guest   %wait    %CPU   CPU  Command
01:14:10 PM  1000    931871    0.00    0.00    0.00    0.00    0.00    20  run-grafana.sh
01:14:10 PM  1000    931873    0.00    0.00    0.00    0.00    0.00    18  run-loki.sh
01:14:10 PM  1000    931875    0.00    1.00    0.00    0.00    1.00    18  grafana
01:14:10 PM  1000    931876    0.00    0.00    0.00    0.00    0.00    18  run-otelcol.sh
01:14:10 PM  1000    931879    0.00    0.00    0.00    0.00    0.00    20  run-prometheus.
01:14:10 PM  1000    931881    0.00    0.00    0.00    0.00    0.00    16  otelcol-contrib
01:14:10 PM  1000    931882    0.00    0.00    0.00    0.00    0.00    18  run-tempo.sh
01:14:10 PM  1000    931889    0.00    0.00    0.00    0.00    0.00    16  run-pyroscope.s
01:14:10 PM  1000    931891    0.00    0.00    0.00    0.00    0.00    18  prometheus
01:14:10 PM  1000    931893    0.00    0.00    0.00    0.00    0.00    18  loki
01:14:10 PM  1000    931894    0.00    0.00    0.00    0.00    0.00    20  tempo
01:14:10 PM  1000    931896    0.00    0.00    0.00    0.00    0.00    18  pyroscope

01:14:09 PM   UID       PID   cswch/s nvcswch/s  Command
01:14:10 PM  1000    931871      0.00      0.00  run-grafana.sh
01:14:10 PM  1000    931873      0.00      0.00  run-loki.sh
01:14:10 PM  1000    931875      7.00      0.00  grafana
01:14:10 PM  1000    931876      0.00      0.00  run-otelcol.sh
01:14:10 PM  1000    931879      0.00      0.00  run-prometheus.
01:14:10 PM  1000    931881      0.00      0.00  otelcol-contrib
01:14:10 PM  1000    931882      0.00      0.00  run-tempo.sh
01:14:10 PM  1000    931889      0.00      0.00  run-pyroscope.s
01:14:10 PM  1000    931891      0.00      0.00  prometheus
01:14:10 PM  1000    931893     39.00      0.00  loki
01:14:10 PM  1000    931894     19.00      0.00  tempo
01:14:10 PM  1000    931896     34.00      0.00  pyroscope

01:14:10 PM   UID       PID    %usr %system  %guest   %wait    %CPU   CPU  Command
01:14:11 PM  1000    931871    0.00    0.00    0.00    0.00    0.00    20  run-grafana.sh
01:14:11 PM  1000    931873    0.00    0.00    0.00    0.00    0.00    18  run-loki.sh
01:14:11 PM  1000    931875    0.00    0.00    0.00    0.00    0.00    18  grafana
01:14:11 PM  1000    931876    0.00    0.00    0.00    0.00    0.00    18  run-otelcol.sh
01:14:11 PM  1000    931879    0.00    0.00    0.00    0.00    0.00    20  run-prometheus.
01:14:11 PM  1000    931881    0.00    0.00    0.00    0.00    0.00    16  otelcol-contrib
01:14:11 PM  1000    931882    0.00    0.00    0.00    0.00    0.00    18  run-tempo.sh
01:14:11 PM  1000    931889    0.00    0.00    0.00    0.00    0.00    16  run-pyroscope.s
01:14:11 PM  1000    931891    0.00    0.00    0.00    0.00    0.00    18  prometheus
01:14:11 PM  1000    931893    0.00    0.00    0.00    0.00    0.00    16  loki
01:14:11 PM  1000    931894    0.00    0.00    0.00    0.00    0.00    16  tempo
01:14:11 PM  1000    931896    0.00    0.00    0.00    0.00    0.00    18  pyroscope

01:14:10 PM   UID       PID   cswch/s nvcswch/s  Command
01:14:11 PM  1000    931871      0.00      0.00  run-grafana.sh
01:14:11 PM  1000    931873      0.00      0.00  run-loki.sh
01:14:11 PM  1000    931875     15.00      0.00  grafana
01:14:11 PM  1000    931876      0.00      0.00  run-otelcol.sh
01:14:11 PM  1000    931879      0.00      0.00  run-prometheus.
01:14:11 PM  1000    931881      0.00      0.00  otelcol-contrib
01:14:11 PM  1000    931882      0.00      0.00  run-tempo.sh
01:14:11 PM  1000    931889      0.00      0.00  run-pyroscope.s
01:14:11 PM  1000    931891      0.00      0.00  prometheus
01:14:11 PM  1000    931893     43.00      0.00  loki
01:14:11 PM  1000    931894     20.00      0.00  tempo
01:14:11 PM  1000    931896     30.00      0.00  pyroscope

01:14:11 PM   UID       PID    %usr %system  %guest   %wait    %CPU   CPU  Command
01:14:12 PM  1000    931871    0.00    0.00    0.00    0.00    0.00    20  run-grafana.sh
01:14:12 PM  1000    931873    0.00    0.00    0.00    0.00    0.00    18  run-loki.sh
01:14:12 PM  1000    931875    0.00    0.00    0.00    0.00    0.00    16  grafana
01:14:12 PM  1000    931876    0.00    0.00    0.00    0.00    0.00    18  run-otelcol.sh
01:14:12 PM  1000    931879    0.00    0.00    0.00    0.00    0.00    20  run-prometheus.
01:14:12 PM  1000    931881    1.00    0.00    0.00    0.00    1.00    16  otelcol-contrib
01:14:12 PM  1000    931882    0.00    0.00    0.00    0.00    0.00    18  run-tempo.sh
01:14:12 PM  1000    931889    0.00    0.00    0.00    0.00    0.00    16  run-pyroscope.s
01:14:12 PM  1000    931891    0.00    0.00    0.00    0.00    0.00    18  prometheus
01:14:12 PM  1000    931893    0.00    0.00    0.00    0.00    0.00    18  loki
01:14:12 PM  1000    931894    1.00    0.00    0.00    0.00    1.00    20  tempo
01:14:12 PM  1000    931896    5.00    1.00    0.00    0.00    6.00    20  pyroscope

01:14:11 PM   UID       PID   cswch/s nvcswch/s  Command
01:14:12 PM  1000    931871      0.00      0.00  run-grafana.sh
01:14:12 PM  1000    931873      0.00      0.00  run-loki.sh
01:14:12 PM  1000    931875     13.00      0.00  grafana
01:14:12 PM  1000    931876      0.00      0.00  run-otelcol.sh
01:14:12 PM  1000    931879      0.00      0.00  run-prometheus.
01:14:12 PM  1000    931881      0.00      0.00  otelcol-contrib
01:14:12 PM  1000    931882      0.00      0.00  run-tempo.sh
01:14:12 PM  1000    931889      0.00      0.00  run-pyroscope.s
01:14:12 PM  1000    931891      0.00      0.00  prometheus
01:14:12 PM  1000    931893     42.00      0.00  loki
01:14:12 PM  1000    931894     20.00      0.00  tempo
01:14:12 PM  1000    931896     90.00      0.00  pyroscope

01:14:12 PM   UID       PID    %usr %system  %guest   %wait    %CPU   CPU  Command
01:14:13 PM  1000    931871    0.00    0.00    0.00    0.00    0.00    20  run-grafana.sh
01:14:13 PM  1000    931873    0.00    0.00    0.00    0.00    0.00    18  run-loki.sh
01:14:13 PM  1000    931875    0.00    0.00    0.00    0.00    0.00    16  grafana
01:14:13 PM  1000    931876    0.00    0.00    0.00    0.00    0.00    18  run-otelcol.sh
01:14:13 PM  1000    931879    0.00    0.00    0.00    0.00    0.00    20  run-prometheus.
01:14:13 PM  1000    931881    0.00    0.00    0.00    0.00    0.00    16  otelcol-contrib
01:14:13 PM  1000    931882    0.00    0.00    0.00    0.00    0.00    18  run-tempo.sh
01:14:13 PM  1000    931889    0.00    0.00    0.00    0.00    0.00    16  run-pyroscope.s
01:14:13 PM  1000    931891    0.00    0.00    0.00    0.00    0.00    18  prometheus
01:14:13 PM  1000    931893    1.00    0.00    0.00    0.00    1.00    16  loki
01:14:13 PM  1000    931894    0.00    0.00    0.00    0.00    0.00    20  tempo
01:14:13 PM  1000    931896    0.00    0.00    0.00    0.00    0.00    16  pyroscope

01:14:12 PM   UID       PID   cswch/s nvcswch/s  Command
01:14:13 PM  1000    931871      0.00      0.00  run-grafana.sh
01:14:13 PM  1000    931873      0.00      0.00  run-loki.sh
01:14:13 PM  1000    931875     29.00      0.00  grafana
01:14:13 PM  1000    931876      0.00      0.00  run-otelcol.sh
01:14:13 PM  1000    931879      0.00      0.00  run-prometheus.
01:14:13 PM  1000    931881      0.00      0.00  otelcol-contrib
01:14:13 PM  1000    931882      0.00      0.00  run-tempo.sh
01:14:13 PM  1000    931889      0.00      0.00  run-pyroscope.s
01:14:13 PM  1000    931891      0.00      0.00  prometheus
01:14:13 PM  1000    931893     14.00      0.00  loki
01:14:13 PM  1000    931894     18.00      0.00  tempo
01:14:13 PM  1000    931896     32.00      0.00  pyroscope

01:14:13 PM   UID       PID    %usr %system  %guest   %wait    %CPU   CPU  Command
01:14:14 PM  1000    931871    0.00    0.00    0.00    0.00    0.00    20  run-grafana.sh
01:14:14 PM  1000    931873    0.00    0.00    0.00    0.00    0.00    18  run-loki.sh
01:14:14 PM  1000    931875    0.00    0.00    0.00    0.00    0.00    16  grafana
01:14:14 PM  1000    931876    0.00    0.00    0.00    0.00    0.00    18  run-otelcol.sh
01:14:14 PM  1000    931879    0.00    0.00    0.00    0.00    0.00    20  run-prometheus.
01:14:14 PM  1000    931881    3.00    1.00    0.00    0.00    4.00    16  otelcol-contrib
01:14:14 PM  1000    931882    0.00    0.00    0.00    0.00    0.00    18  run-tempo.sh
01:14:14 PM  1000    931889    0.00    0.00    0.00    0.00    0.00    16  run-pyroscope.s
01:14:14 PM  1000    931891    0.00    0.00    0.00    0.00    0.00    18  prometheus
01:14:14 PM  1000    931893    0.00    0.00    0.00    0.00    0.00    20  loki
01:14:14 PM  1000    931894    8.00    1.00    0.00    0.00    9.00    20  tempo
01:14:14 PM  1000    931896    0.00    0.00    0.00    0.00    0.00    16  pyroscope

01:14:13 PM   UID       PID   cswch/s nvcswch/s  Command
01:14:14 PM  1000    931871      0.00      0.00  run-grafana.sh
01:14:14 PM  1000    931873      0.00      0.00  run-loki.sh
01:14:14 PM  1000    931875      2.00      0.00  grafana
01:14:14 PM  1000    931876      0.00      0.00  run-otelcol.sh
01:14:14 PM  1000    931879      0.00      0.00  run-prometheus.
01:14:14 PM  1000    931881      0.00      0.00  otelcol-contrib
01:14:14 PM  1000    931882      0.00      0.00  run-tempo.sh
01:14:14 PM  1000    931889      0.00      0.00  run-pyroscope.s
01:14:14 PM  1000    931891      0.00      0.00  prometheus
01:14:14 PM  1000    931893     26.00      1.00  loki
01:14:14 PM  1000    931894    157.00      3.00  tempo
01:14:14 PM  1000    931896     32.00      0.00  pyroscope

01:14:14 PM   UID       PID    %usr %system  %guest   %wait    %CPU   CPU  Command
01:14:15 PM  1000    931871    0.00    0.00    0.00    0.00    0.00    20  run-grafana.sh
01:14:15 PM  1000    931873    0.00    0.00    0.00    0.00    0.00    18  run-loki.sh
01:14:15 PM  1000    931875    0.00    0.00    0.00    0.00    0.00    18  grafana
01:14:15 PM  1000    931876    0.00    0.00    0.00    0.00    0.00    18  run-otelcol.sh
01:14:15 PM  1000    931879    0.00    0.00    0.00    0.00    0.00    20  run-prometheus.
01:14:15 PM  1000    931881    2.00    0.00    0.00    0.00    2.00    16  otelcol-contrib
01:14:15 PM  1000    931882    0.00    0.00    0.00    0.00    0.00    18  run-tempo.sh
01:14:15 PM  1000    931889    0.00    0.00    0.00    0.00    0.00    16  run-pyroscope.s
01:14:15 PM  1000    931891    0.00    1.00    0.00    0.00    1.00    18  prometheus
01:14:15 PM  1000    931893    0.00    0.00    0.00    0.00    0.00    20  loki
01:14:15 PM  1000    931894   12.00    1.00    0.00    1.00   13.00    20  tempo
01:14:15 PM  1000    931896    0.00    0.00    0.00    0.00    0.00    20  pyroscope

01:14:14 PM   UID       PID   cswch/s nvcswch/s  Command
01:14:15 PM  1000    931871      0.00      0.00  run-grafana.sh
01:14:15 PM  1000    931873      0.00      0.00  run-loki.sh
01:14:15 PM  1000    931875     16.00      0.00  grafana
01:14:15 PM  1000    931876      0.00      0.00  run-otelcol.sh
01:14:15 PM  1000    931879      0.00      0.00  run-prometheus.
01:14:15 PM  1000    931881      0.00      0.00  otelcol-contrib
01:14:15 PM  1000    931882      0.00      0.00  run-tempo.sh
01:14:15 PM  1000    931889      0.00      0.00  run-pyroscope.s
01:14:15 PM  1000    931891      0.00      0.00  prometheus
01:14:15 PM  1000    931893     49.00      0.00  loki
01:14:15 PM  1000    931894     94.00      2.00  tempo
01:14:15 PM  1000    931896     33.00      0.00  pyroscope

01:14:15 PM   UID       PID    %usr %system  %guest   %wait    %CPU   CPU  Command
01:14:16 PM  1000    931871    0.00    0.00    0.00    0.00    0.00    20  run-grafana.sh
01:14:16 PM  1000    931873    0.00    0.00    0.00    0.00    0.00    18  run-loki.sh
01:14:16 PM  1000    931875    0.00    0.00    0.00    0.00    0.00    18  grafana
01:14:16 PM  1000    931876    0.00    0.00    0.00    0.00    0.00    18  run-otelcol.sh
01:14:16 PM  1000    931879    0.00    0.00    0.00    0.00    0.00    20  run-prometheus.
01:14:16 PM  1000    931881    3.00    0.00    0.00    0.00    3.00    16  otelcol-contrib
01:14:16 PM  1000    931882    0.00    0.00    0.00    0.00    0.00    18  run-tempo.sh
01:14:16 PM  1000    931889    0.00    0.00    0.00    0.00    0.00    16  run-pyroscope.s
01:14:16 PM  1000    931891    1.00    0.00    0.00    0.00    1.00    18  prometheus
01:14:16 PM  1000    931893    0.00    1.00    0.00    0.00    1.00    16  loki
01:14:16 PM  1000    931894   15.00    2.00    0.00    1.00   17.00    18  tempo
01:14:16 PM  1000    931896    0.00    0.00    0.00    0.00    0.00    18  pyroscope

01:14:15 PM   UID       PID   cswch/s nvcswch/s  Command
01:14:16 PM  1000    931871      0.00      0.00  run-grafana.sh
01:14:16 PM  1000    931873      0.00      0.00  run-loki.sh
01:14:16 PM  1000    931875      6.00      0.00  grafana
01:14:16 PM  1000    931876      0.00      0.00  run-otelcol.sh
01:14:16 PM  1000    931879      0.00      0.00  run-prometheus.
01:14:16 PM  1000    931881      0.00      0.00  otelcol-contrib
01:14:16 PM  1000    931882      0.00      0.00  run-tempo.sh
01:14:16 PM  1000    931889      0.00      0.00  run-pyroscope.s
01:14:16 PM  1000    931891      0.00      0.00  prometheus
01:14:16 PM  1000    931893     28.00      0.00  loki
01:14:16 PM  1000    931894     93.00     54.00  tempo
01:14:16 PM  1000    931896     40.00      0.00  pyroscope

01:14:16 PM   UID       PID    %usr %system  %guest   %wait    %CPU   CPU  Command
01:14:17 PM  1000    931871    0.00    0.00    0.00    0.00    0.00    20  run-grafana.sh
01:14:17 PM  1000    931873    0.00    0.00    0.00    0.00    0.00    18  run-loki.sh
01:14:17 PM  1000    931875    1.00    0.00    0.00    0.00    1.00    20  grafana
01:14:17 PM  1000    931876    0.00    0.00    0.00    0.00    0.00    18  run-otelcol.sh
01:14:17 PM  1000    931879    0.00    0.00    0.00    0.00    0.00    20  run-prometheus.
01:14:17 PM  1000    931881    5.00    1.00    0.00    0.00    6.00    16  otelcol-contrib
01:14:17 PM  1000    931882    0.00    0.00    0.00    0.00    0.00    18  run-tempo.sh
01:14:17 PM  1000    931889    0.00    0.00    0.00    0.00    0.00    16  run-pyroscope.s
01:14:17 PM  1000    931891    0.00    0.00    0.00    0.00    0.00    18  prometheus
01:14:17 PM  1000    931893    0.00    0.00    0.00    0.00    0.00    20  loki
01:14:17 PM  1000    931894   21.00    2.00    0.00    0.00   23.00    20  tempo
01:14:17 PM  1000    931896    0.00    0.00    0.00    0.00    0.00    20  pyroscope

01:14:16 PM   UID       PID   cswch/s nvcswch/s  Command
01:14:17 PM  1000    931871      0.00      0.00  run-grafana.sh
01:14:17 PM  1000    931873      0.00      0.00  run-loki.sh
01:14:17 PM  1000    931875      9.00      0.00  grafana
01:14:17 PM  1000    931876      0.00      0.00  run-otelcol.sh
01:14:17 PM  1000    931879      0.00      0.00  run-prometheus.
01:14:17 PM  1000    931881      0.00      0.00  otelcol-contrib
01:14:17 PM  1000    931882      0.00      0.00  run-tempo.sh
01:14:17 PM  1000    931889      0.00      0.00  run-pyroscope.s
01:14:17 PM  1000    931891      0.00      0.00  prometheus
01:14:17 PM  1000    931893     28.00      0.00  loki
01:14:17 PM  1000    931894     65.00      5.00  tempo
01:14:17 PM  1000    931896     53.00      0.00  pyroscope

01:14:17 PM   UID       PID    %usr %system  %guest   %wait    %CPU   CPU  Command
01:14:18 PM  1000    931871    0.00    0.00    0.00    0.00    0.00    20  run-grafana.sh
01:14:18 PM  1000    931873    0.00    0.00    0.00    0.00    0.00    18  run-loki.sh
01:14:18 PM  1000    931875    0.00    0.00    0.00    0.00    0.00    20  grafana
01:14:18 PM  1000    931876    0.00    0.00    0.00    0.00    0.00    18  run-otelcol.sh
01:14:18 PM  1000    931879    0.00    0.00    0.00    0.00    0.00    20  run-prometheus.
01:14:18 PM  1000    931881    3.00    0.00    0.00    0.00    3.00    16  otelcol-contrib
01:14:18 PM  1000    931882    0.00    0.00    0.00    0.00    0.00    18  run-tempo.sh
01:14:18 PM  1000    931889    0.00    0.00    0.00    0.00    0.00    16  run-pyroscope.s
01:14:18 PM  1000    931891    0.00    0.00    0.00    0.00    0.00    18  prometheus
01:14:18 PM  1000    931893    0.00    0.00    0.00    0.00    0.00    20  loki
01:14:18 PM  1000    931894   19.00    2.00    0.00    0.00   21.00    20  tempo
01:14:18 PM  1000    931896    0.00    0.00    0.00    0.00    0.00    20  pyroscope

01:14:17 PM   UID       PID   cswch/s nvcswch/s  Command
01:14:18 PM  1000    931871      0.00      0.00  run-grafana.sh
01:14:18 PM  1000    931873      0.00      0.00  run-loki.sh
01:14:18 PM  1000    931875     14.00      0.00  grafana
01:14:18 PM  1000    931876      0.00      0.00  run-otelcol.sh
01:14:18 PM  1000    931879      0.00      0.00  run-prometheus.
01:14:18 PM  1000    931881      0.00      0.00  otelcol-contrib
01:14:18 PM  1000    931882      0.00      0.00  run-tempo.sh
01:14:18 PM  1000    931889      0.00      0.00  run-pyroscope.s
01:14:18 PM  1000    931891      0.00      0.00  prometheus
01:14:18 PM  1000    931893     40.00      0.00  loki
01:14:18 PM  1000    931894      0.00      0.00  tempo
01:14:18 PM  1000    931896     16.00      0.00  pyroscope

01:14:18 PM   UID       PID    %usr %system  %guest   %wait    %CPU   CPU  Command
01:14:19 PM  1000    931871    0.00    0.00    0.00    0.00    0.00    20  run-grafana.sh
01:14:19 PM  1000    931873    0.00    0.00    0.00    0.00    0.00    18  run-loki.sh
01:14:19 PM  1000    931875    2.00    0.00    0.00    0.00    2.00    18  grafana
01:14:19 PM  1000    931876    0.00    0.00    0.00    0.00    0.00    18  run-otelcol.sh
01:14:19 PM  1000    931879    0.00    0.00    0.00    0.00    0.00    20  run-prometheus.
01:14:19 PM  1000    931881    3.00    0.00    0.00    0.00    3.00    16  otelcol-contrib
01:14:19 PM  1000    931882    0.00    0.00    0.00    0.00    0.00    18  run-tempo.sh
01:14:19 PM  1000    931889    0.00    0.00    0.00    0.00    0.00    16  run-pyroscope.s
01:14:19 PM  1000    931891    0.00    0.00    0.00    0.00    0.00    18  prometheus
01:14:19 PM  1000    931893    1.00    0.00    0.00    0.00    1.00    16  loki
01:14:19 PM  1000    931894   11.00    0.00    0.00    0.00   11.00    20  tempo
01:14:19 PM  1000    931896    1.00    0.00    0.00    0.00    1.00    20  pyroscope

01:14:18 PM   UID       PID   cswch/s nvcswch/s  Command
01:14:19 PM  1000    931871      0.00      0.00  run-grafana.sh
01:14:19 PM  1000    931873      0.00      0.00  run-loki.sh
01:14:19 PM  1000    931875     30.00      0.00  grafana
01:14:19 PM  1000    931876      0.00      0.00  run-otelcol.sh
01:14:19 PM  1000    931879      0.00      0.00  run-prometheus.
01:14:19 PM  1000    931881      0.00      0.00  otelcol-contrib
01:14:19 PM  1000    931882      0.00      0.00  run-tempo.sh
01:14:19 PM  1000    931889      0.00      0.00  run-pyroscope.s
01:14:19 PM  1000    931891      0.00      0.00  prometheus
01:14:19 PM  1000    931893     39.00      0.00  loki
01:14:19 PM  1000    931894      0.00      0.00  tempo
01:14:19 PM  1000    931896     26.00      0.00  pyroscope

01:14:19 PM   UID       PID    %usr %system  %guest   %wait    %CPU   CPU  Command
01:14:20 PM  1000    931871    0.00    0.00    0.00    0.00    0.00    20  run-grafana.sh
01:14:20 PM  1000    931873    0.00    0.00    0.00    0.00    0.00    18  run-loki.sh
01:14:20 PM  1000    931875    0.00    0.00    0.00    0.00    0.00    20  grafana
01:14:20 PM  1000    931876    0.00    0.00    0.00    0.00    0.00    18  run-otelcol.sh
01:14:20 PM  1000    931879    0.00    0.00    0.00    0.00    0.00    20  run-prometheus.
01:14:20 PM  1000    931881    4.00    0.00    0.00    0.00    4.00    16  otelcol-contrib
01:14:20 PM  1000    931882    0.00    0.00    0.00    0.00    0.00    18  run-tempo.sh
01:14:20 PM  1000    931889    0.00    0.00    0.00    0.00    0.00    16  run-pyroscope.s
01:14:20 PM  1000    931891    0.00    0.00    0.00    0.00    0.00    18  prometheus
01:14:20 PM  1000    931893    0.00    0.00    0.00    0.00    0.00    18  loki
01:14:20 PM  1000    931894   19.00    1.00    0.00    0.00   20.00    20  tempo
01:14:20 PM  1000    931896    0.00    0.00    0.00    0.00    0.00    20  pyroscope

01:14:19 PM   UID       PID   cswch/s nvcswch/s  Command
01:14:20 PM  1000    931871      0.00      0.00  run-grafana.sh
01:14:20 PM  1000    931873      0.00      0.00  run-loki.sh
01:14:20 PM  1000    931875      7.00      0.00  grafana
01:14:20 PM  1000    931876      0.00      0.00  run-otelcol.sh
01:14:20 PM  1000    931879      0.00      0.00  run-prometheus.
01:14:20 PM  1000    931881      0.00      0.00  otelcol-contrib
01:14:20 PM  1000    931882      0.00      0.00  run-tempo.sh
01:14:20 PM  1000    931889      0.00      0.00  run-pyroscope.s
01:14:20 PM  1000    931891      0.00      0.00  prometheus
01:14:20 PM  1000    931893     12.00      0.00  loki
01:14:20 PM  1000    931894      0.00      0.00  tempo
01:14:20 PM  1000    931896     33.00      0.00  pyroscope

01:14:20 PM   UID       PID    %usr %system  %guest   %wait    %CPU   CPU  Command
01:14:21 PM  1000    931871    0.00    0.00    0.00    0.00    0.00    20  run-grafana.sh
01:14:21 PM  1000    931873    0.00    0.00    0.00    0.00    0.00    18  run-loki.sh
01:14:21 PM  1000    931875    0.00    0.00    0.00    0.00    0.00    20  grafana
01:14:21 PM  1000    931876    0.00    0.00    0.00    0.00    0.00    18  run-otelcol.sh
01:14:21 PM  1000    931879    0.00    0.00    0.00    0.00    0.00    20  run-prometheus.
01:14:21 PM  1000    931881    4.00    0.00    0.00    0.00    4.00    16  otelcol-contrib
01:14:21 PM  1000    931882    0.00    0.00    0.00    0.00    0.00    18  run-tempo.sh
01:14:21 PM  1000    931889    0.00    0.00    0.00    0.00    0.00    16  run-pyroscope.s
01:14:21 PM  1000    931891    0.00    0.00    0.00    0.00    0.00    18  prometheus
01:14:21 PM  1000    931893    0.00    0.00    0.00    0.00    0.00    20  loki
01:14:21 PM  1000    931894   19.00    1.00    0.00    1.00   20.00    20  tempo
01:14:21 PM  1000    931896    0.00    1.00    0.00    0.00    1.00    18  pyroscope

01:14:20 PM   UID       PID   cswch/s nvcswch/s  Command
01:14:21 PM  1000    931871      0.00      0.00  run-grafana.sh
01:14:21 PM  1000    931873      0.00      0.00  run-loki.sh
01:14:21 PM  1000    931875     23.00      0.00  grafana
01:14:21 PM  1000    931876      0.00      0.00  run-otelcol.sh
01:14:21 PM  1000    931879      0.00      0.00  run-prometheus.
01:14:21 PM  1000    931881      0.00      0.00  otelcol-contrib
01:14:21 PM  1000    931882      0.00      0.00  run-tempo.sh
01:14:21 PM  1000    931889      0.00      0.00  run-pyroscope.s
01:14:21 PM  1000    931891      0.00      0.00  prometheus
01:14:21 PM  1000    931893     42.00      0.00  loki
01:14:21 PM  1000    931894     51.00      9.00  tempo
01:14:21 PM  1000    931896     46.00      0.00  pyroscope

01:14:21 PM   UID       PID    %usr %system  %guest   %wait    %CPU   CPU  Command
01:14:22 PM  1000    931871    0.00    0.00    0.00    0.00    0.00    20  run-grafana.sh
01:14:22 PM  1000    931873    0.00    0.00    0.00    0.00    0.00    18  run-loki.sh
01:14:22 PM  1000    931875    0.00    0.00    0.00    0.00    0.00    20  grafana
01:14:22 PM  1000    931876    0.00    0.00    0.00    0.00    0.00    18  run-otelcol.sh
01:14:22 PM  1000    931879    0.00    0.00    0.00    0.00    0.00    20  run-prometheus.
01:14:22 PM  1000    931881    3.00    0.00    0.00    0.00    3.00    16  otelcol-contrib
01:14:22 PM  1000    931882    0.00    0.00    0.00    0.00    0.00    18  run-tempo.sh
01:14:22 PM  1000    931889    0.00    0.00    0.00    0.00    0.00    16  run-pyroscope.s
01:14:22 PM  1000    931891    0.00    0.00    0.00    0.00    0.00    18  prometheus
01:14:22 PM  1000    931893    0.00    0.00    0.00    0.00    0.00    16  loki
01:14:22 PM  1000    931894   25.00    3.00    0.00    1.00   28.00    20  tempo
01:14:22 PM  1000    931896    0.00    0.00    0.00    0.00    0.00    20  pyroscope

01:14:21 PM   UID       PID   cswch/s nvcswch/s  Command
01:14:22 PM  1000    931871      0.00      0.00  run-grafana.sh
01:14:22 PM  1000    931873      0.00      0.00  run-loki.sh
01:14:22 PM  1000    931875     16.00      0.00  grafana
01:14:22 PM  1000    931876      0.00      0.00  run-otelcol.sh
01:14:22 PM  1000    931879      0.00      0.00  run-prometheus.
01:14:22 PM  1000    931881      0.00      0.00  otelcol-contrib
01:14:22 PM  1000    931882      0.00      0.00  run-tempo.sh
01:14:22 PM  1000    931889      0.00      0.00  run-pyroscope.s
01:14:22 PM  1000    931891      0.00      0.00  prometheus
01:14:22 PM  1000    931893     34.00      0.00  loki
01:14:22 PM  1000    931894     77.00      3.00  tempo
01:14:22 PM  1000    931896     17.00      0.00  pyroscope

01:14:22 PM   UID       PID    %usr %system  %guest   %wait    %CPU   CPU  Command
01:14:23 PM  1000    931871    0.00    0.00    0.00    0.00    0.00    20  run-grafana.sh
01:14:23 PM  1000    931873    0.00    0.00    0.00    0.00    0.00    18  run-loki.sh
01:14:23 PM  1000    931875    0.00    0.00    0.00    0.00    0.00    20  grafana
01:14:23 PM  1000    931876    0.00    0.00    0.00    0.00    0.00    18  run-otelcol.sh
01:14:23 PM  1000    931879    0.00    0.00    0.00    0.00    0.00    20  run-prometheus.
01:14:23 PM  1000    931881    3.00    0.00    0.00    0.00    3.00    16  otelcol-contrib
01:14:23 PM  1000    931882    0.00    0.00    0.00    0.00    0.00    18  run-tempo.sh
01:14:23 PM  1000    931889    0.00    0.00    0.00    0.00    0.00    16  run-pyroscope.s
01:14:23 PM  1000    931891    0.00    0.00    0.00    0.00    0.00    18  prometheus
01:14:23 PM  1000    931893    1.00    0.00    0.00    0.00    1.00    18  loki
01:14:23 PM  1000    931894   43.00    3.00    0.00    0.00   46.00    18  tempo
01:14:23 PM  1000    931896    0.00    0.00    0.00    0.00    0.00    18  pyroscope

01:14:22 PM   UID       PID   cswch/s nvcswch/s  Command
01:14:23 PM  1000    931871      0.00      0.00  run-grafana.sh
01:14:23 PM  1000    931873      0.00      0.00  run-loki.sh
01:14:23 PM  1000    931875     34.00      0.00  grafana
01:14:23 PM  1000    931876      0.00      0.00  run-otelcol.sh
01:14:23 PM  1000    931879      0.00      0.00  run-prometheus.
01:14:23 PM  1000    931881      0.00      0.00  otelcol-contrib
01:14:23 PM  1000    931882      0.00      0.00  run-tempo.sh
01:14:23 PM  1000    931889      0.00      0.00  run-pyroscope.s
01:14:23 PM  1000    931891      0.00      0.00  prometheus
01:14:23 PM  1000    931893     35.00      0.00  loki
01:14:23 PM  1000    931894     72.00      8.00  tempo
01:14:23 PM  1000    931896     38.00      0.00  pyroscope

01:14:23 PM   UID       PID    %usr %system  %guest   %wait    %CPU   CPU  Command
01:14:24 PM  1000    931871    0.00    0.00    0.00    0.00    0.00    20  run-grafana.sh
01:14:24 PM  1000    931873    0.00    0.00    0.00    0.00    0.00    18  run-loki.sh
01:14:24 PM  1000    931875    0.00    0.00    0.00    0.00    0.00    20  grafana
01:14:24 PM  1000    931876    0.00    0.00    0.00    0.00    0.00    18  run-otelcol.sh
01:14:24 PM  1000    931879    0.00    0.00    0.00    0.00    0.00    20  run-prometheus.
01:14:24 PM  1000    931881    3.00    1.00    0.00    0.00    4.00    20  otelcol-contrib
01:14:24 PM  1000    931882    0.00    0.00    0.00    0.00    0.00    18  run-tempo.sh
01:14:24 PM  1000    931889    0.00    0.00    0.00    0.00    0.00    16  run-pyroscope.s
01:14:24 PM  1000    931891    0.00    0.00    0.00    0.00    0.00    18  prometheus
01:14:24 PM  1000    931893    0.00    0.00    0.00    0.00    0.00    18  loki
01:14:24 PM  1000    931894   32.00    1.00    0.00    1.00   33.00    18  tempo
01:14:24 PM  1000    931896    1.00    0.00    0.00    0.00    1.00    16  pyroscope

01:14:23 PM   UID       PID   cswch/s nvcswch/s  Command
01:14:24 PM  1000    931871      0.00      0.00  run-grafana.sh
01:14:24 PM  1000    931873      0.00      0.00  run-loki.sh
01:14:24 PM  1000    931875     24.00      0.00  grafana
01:14:24 PM  1000    931876      0.00      0.00  run-otelcol.sh
01:14:24 PM  1000    931879      0.00      0.00  run-prometheus.
01:14:24 PM  1000    931881     20.00      0.00  otelcol-contrib
01:14:24 PM  1000    931882      0.00      0.00  run-tempo.sh
01:14:24 PM  1000    931889      0.00      0.00  run-pyroscope.s
01:14:24 PM  1000    931891      0.00      0.00  prometheus
01:14:24 PM  1000    931893     32.00      0.00  loki
01:14:24 PM  1000    931894     74.00      8.00  tempo
01:14:24 PM  1000    931896     17.00      0.00  pyroscope

01:14:24 PM   UID       PID    %usr %system  %guest   %wait    %CPU   CPU  Command
01:14:25 PM  1000    931871    0.00    0.00    0.00    0.00    0.00    20  run-grafana.sh
01:14:25 PM  1000    931873    0.00    0.00    0.00    0.00    0.00    18  run-loki.sh
01:14:25 PM  1000    931875    0.00    0.00    0.00    0.00    0.00    16  grafana
01:14:25 PM  1000    931876    0.00    0.00    0.00    0.00    0.00    18  run-otelcol.sh
01:14:25 PM  1000    931879    0.00    0.00    0.00    0.00    0.00    20  run-prometheus.
01:14:25 PM  1000    931881    3.00    0.00    0.00    0.00    3.00    18  otelcol-contrib
01:14:25 PM  1000    931882    0.00    0.00    0.00    0.00    0.00    18  run-tempo.sh
01:14:25 PM  1000    931889    0.00    0.00    0.00    0.00    0.00    16  run-pyroscope.s
01:14:25 PM  1000    931891    0.00    0.00    0.00    0.00    0.00    18  prometheus
01:14:25 PM  1000    931893    0.00    0.00    0.00    0.00    0.00    16  loki
01:14:25 PM  1000    931894   27.00    1.00    0.00    0.00   28.00    18  tempo
01:14:25 PM  1000    931896    0.00    0.00    0.00    0.00    0.00    16  pyroscope

01:14:24 PM   UID       PID   cswch/s nvcswch/s  Command
01:14:25 PM  1000    931871      0.00      0.00  run-grafana.sh
01:14:25 PM  1000    931873      0.00      0.00  run-loki.sh
01:14:25 PM  1000    931875     22.00      0.00  grafana
01:14:25 PM  1000    931876      0.00      0.00  run-otelcol.sh
01:14:25 PM  1000    931879      0.00      0.00  run-prometheus.
01:14:25 PM  1000    931881     46.00      0.00  otelcol-contrib
01:14:25 PM  1000    931882      0.00      0.00  run-tempo.sh
01:14:25 PM  1000    931889      0.00      0.00  run-pyroscope.s
01:14:25 PM  1000    931891      0.00      0.00  prometheus
01:14:25 PM  1000    931893     30.00      0.00  loki
01:14:25 PM  1000    931894     72.00     72.00  tempo
01:14:25 PM  1000    931896      0.00      0.00  pyroscope

01:14:25 PM   UID       PID    %usr %system  %guest   %wait    %CPU   CPU  Command
01:14:26 PM  1000    931871    0.00    0.00    0.00    0.00    0.00    20  run-grafana.sh
01:14:26 PM  1000    931873    0.00    0.00    0.00    0.00    0.00    18  run-loki.sh
01:14:26 PM  1000    931875    0.00    1.00    0.00    0.00    1.00    16  grafana
01:14:26 PM  1000    931876    0.00    0.00    0.00    0.00    0.00    18  run-otelcol.sh
01:14:26 PM  1000    931879    0.00    0.00    0.00    0.00    0.00    20  run-prometheus.
01:14:26 PM  1000    931881    5.00    0.00    0.00    0.00    5.00    20  otelcol-contrib
01:14:26 PM  1000    931882    0.00    0.00    0.00    0.00    0.00    18  run-tempo.sh
01:14:26 PM  1000    931889    0.00    0.00    0.00    0.00    0.00    16  run-pyroscope.s
01:14:26 PM  1000    931891    1.00    0.00    0.00    0.00    1.00    18  prometheus
01:14:26 PM  1000    931893    0.00    0.00    0.00    0.00    0.00    18  loki
01:14:26 PM  1000    931894   10.00    1.00    0.00    0.00   11.00    16  tempo
01:14:26 PM  1000    931896    0.00    0.00    0.00    0.00    0.00    16  pyroscope

01:14:25 PM   UID       PID   cswch/s nvcswch/s  Command
01:14:26 PM  1000    931871      0.00      0.00  run-grafana.sh
01:14:26 PM  1000    931873      0.00      0.00  run-loki.sh
01:14:26 PM  1000    931875     11.00      0.00  grafana
01:14:26 PM  1000    931876      0.00      0.00  run-otelcol.sh
01:14:26 PM  1000    931879      0.00      0.00  run-prometheus.
01:14:26 PM  1000    931881     52.00      1.00  otelcol-contrib
01:14:26 PM  1000    931882      0.00      0.00  run-tempo.sh
01:14:26 PM  1000    931889      0.00      0.00  run-pyroscope.s
01:14:26 PM  1000    931891      0.00      0.00  prometheus
01:14:26 PM  1000    931893     40.00      0.00  loki
01:14:26 PM  1000    931894    102.00      4.00  tempo
01:14:26 PM  1000    931896      5.00      0.00  pyroscope

01:14:26 PM   UID       PID    %usr %system  %guest   %wait    %CPU   CPU  Command
01:14:27 PM  1000    931871    0.00    0.00    0.00    0.00    0.00    20  run-grafana.sh
01:14:27 PM  1000    931873    0.00    0.00    0.00    0.00    0.00    18  run-loki.sh
01:14:27 PM  1000    931875    0.00    0.00    0.00    0.00    0.00    16  grafana
01:14:27 PM  1000    931876    0.00    0.00    0.00    0.00    0.00    18  run-otelcol.sh
01:14:27 PM  1000    931879    0.00    0.00    0.00    0.00    0.00    20  run-prometheus.
01:14:27 PM  1000    931881    3.00    0.00    0.00    1.00    3.00    18  otelcol-contrib
01:14:27 PM  1000    931882    0.00    0.00    0.00    0.00    0.00    18  run-tempo.sh
01:14:27 PM  1000    931889    0.00    0.00    0.00    0.00    0.00    16  run-pyroscope.s
01:14:27 PM  1000    931891    0.00    0.00    0.00    0.00    0.00    18  prometheus
01:14:27 PM  1000    931893    1.00    0.00    0.00    0.00    1.00    18  loki
01:14:27 PM  1000    931894   29.00    1.00    0.00    0.00   30.00    20  tempo
01:14:27 PM  1000    931896    4.00    0.00    0.00    0.00    4.00    20  pyroscope

01:14:26 PM   UID       PID   cswch/s nvcswch/s  Command
01:14:27 PM  1000    931871      0.00      0.00  run-grafana.sh
01:14:27 PM  1000    931873      0.00      0.00  run-loki.sh
01:14:27 PM  1000    931875      0.00      0.00  grafana
01:14:27 PM  1000    931876      0.00      0.00  run-otelcol.sh
01:14:27 PM  1000    931879      0.00      0.00  run-prometheus.
01:14:27 PM  1000    931881     30.00      1.00  otelcol-contrib
01:14:27 PM  1000    931882      0.00      0.00  run-tempo.sh
01:14:27 PM  1000    931889      0.00      0.00  run-pyroscope.s
01:14:27 PM  1000    931891      0.00      0.00  prometheus
01:14:27 PM  1000    931893     45.00      0.00  loki
01:14:27 PM  1000    931894     55.00      4.00  tempo
01:14:27 PM  1000    931896     68.00      0.00  pyroscope

01:14:27 PM   UID       PID    %usr %system  %guest   %wait    %CPU   CPU  Command
01:14:28 PM  1000    931871    0.00    0.00    0.00    0.00    0.00    20  run-grafana.sh
01:14:28 PM  1000    931873    0.00    0.00    0.00    0.00    0.00    18  run-loki.sh
01:14:28 PM  1000    931875    0.00    0.00    0.00    0.00    0.00    16  grafana
01:14:28 PM  1000    931876    0.00    0.00    0.00    0.00    0.00    18  run-otelcol.sh
01:14:28 PM  1000    931879    0.00    0.00    0.00    0.00    0.00    20  run-prometheus.
01:14:28 PM  1000    931881    3.00    0.00    0.00    0.00    3.00    18  otelcol-contrib
01:14:28 PM  1000    931882    0.00    0.00    0.00    0.00    0.00    18  run-tempo.sh
01:14:28 PM  1000    931889    0.00    0.00    0.00    0.00    0.00    16  run-pyroscope.s
01:14:28 PM  1000    931891    0.00    0.00    0.00    0.00    0.00    18  prometheus
01:14:28 PM  1000    931893    0.00    0.00    0.00    0.00    0.00    16  loki
01:14:28 PM  1000    931894   12.00    0.00    0.00    0.00   12.00    16  tempo
01:14:28 PM  1000    931896    0.00    0.00    0.00    0.00    0.00    16  pyroscope

01:14:27 PM   UID       PID   cswch/s nvcswch/s  Command
01:14:28 PM  1000    931871      0.00      0.00  run-grafana.sh
01:14:28 PM  1000    931873      0.00      0.00  run-loki.sh
01:14:28 PM  1000    931875      0.00      0.00  grafana
01:14:28 PM  1000    931876      0.00      0.00  run-otelcol.sh
01:14:28 PM  1000    931879      0.00      0.00  run-prometheus.
01:14:28 PM  1000    931881     53.00      0.00  otelcol-contrib
01:14:28 PM  1000    931882      0.00      0.00  run-tempo.sh
01:14:28 PM  1000    931889      0.00      0.00  run-pyroscope.s
01:14:28 PM  1000    931891      0.00      0.00  prometheus
01:14:28 PM  1000    931893     49.00      0.00  loki
01:14:28 PM  1000    931894     87.00      1.00  tempo
01:14:28 PM  1000    931896     34.00      0.00  pyroscope

01:14:28 PM   UID       PID    %usr %system  %guest   %wait    %CPU   CPU  Command
01:14:29 PM  1000    931871    0.00    0.00    0.00    0.00    0.00    20  run-grafana.sh
01:14:29 PM  1000    931873    0.00    0.00    0.00    0.00    0.00    18  run-loki.sh
01:14:29 PM  1000    931875    5.00    0.00    0.00    0.00    5.00    20  grafana
01:14:29 PM  1000    931876    0.00    0.00    0.00    0.00    0.00    18  run-otelcol.sh
01:14:29 PM  1000    931879    0.00    0.00    0.00    0.00    0.00    20  run-prometheus.
01:14:29 PM  1000    931881    3.00    0.00    0.00    0.00    3.00    16  otelcol-contrib
01:14:29 PM  1000    931882    0.00    0.00    0.00    0.00    0.00    18  run-tempo.sh
01:14:29 PM  1000    931889    0.00    0.00    0.00    0.00    0.00    16  run-pyroscope.s
01:14:29 PM  1000    931891    0.00    0.00    0.00    0.00    0.00    18  prometheus
01:14:29 PM  1000    931893    0.00    0.00    0.00    0.00    0.00    18  loki
01:14:29 PM  1000    931894   23.00    2.00    0.00    1.00   25.00    18  tempo
01:14:29 PM  1000    931896    0.00    0.00    0.00    0.00    0.00    18  pyroscope

01:14:28 PM   UID       PID   cswch/s nvcswch/s  Command
01:14:29 PM  1000    931871      0.00      0.00  run-grafana.sh
01:14:29 PM  1000    931873      0.00      0.00  run-loki.sh
01:14:29 PM  1000    931875     44.00      2.00  grafana
01:14:29 PM  1000    931876      0.00      0.00  run-otelcol.sh
01:14:29 PM  1000    931879      0.00      0.00  run-prometheus.
01:14:29 PM  1000    931881     48.00      0.00  otelcol-contrib
01:14:29 PM  1000    931882      0.00      0.00  run-tempo.sh
01:14:29 PM  1000    931889      0.00      0.00  run-pyroscope.s
01:14:29 PM  1000    931891      0.00      0.00  prometheus
01:14:29 PM  1000    931893     50.00      0.00  loki
01:14:29 PM  1000    931894     76.00      0.00  tempo
01:14:29 PM  1000    931896     40.00      0.00  pyroscope

01:14:29 PM   UID       PID    %usr %system  %guest   %wait    %CPU   CPU  Command
01:14:30 PM  1000    931871    0.00    0.00    0.00    0.00    0.00    20  run-grafana.sh
01:14:30 PM  1000    931873    0.00    0.00    0.00    0.00    0.00    18  run-loki.sh
01:14:30 PM  1000    931875    0.00    0.00    0.00    0.00    0.00    20  grafana
01:14:30 PM  1000    931876    0.00    0.00    0.00    0.00    0.00    18  run-otelcol.sh
01:14:30 PM  1000    931879    0.00    0.00    0.00    0.00    0.00    20  run-prometheus.
01:14:30 PM  1000    931881    3.00    1.00    0.00    0.00    4.00    16  otelcol-contrib
01:14:30 PM  1000    931882    0.00    0.00    0.00    0.00    0.00    18  run-tempo.sh
01:14:30 PM  1000    931889    0.00    0.00    0.00    0.00    0.00    16  run-pyroscope.s
01:14:30 PM  1000    931891    0.00    0.00    0.00    0.00    0.00    18  prometheus
01:14:30 PM  1000    931893    0.00    1.00    0.00    0.00    1.00    16  loki
01:14:30 PM  1000    931894   34.00    4.00    0.00    0.00   38.00    16  tempo
01:14:30 PM  1000    931896    0.00    1.00    0.00    0.00    1.00    20  pyroscope

01:14:29 PM   UID       PID   cswch/s nvcswch/s  Command
01:14:30 PM  1000    931871      0.00      0.00  run-grafana.sh
01:14:30 PM  1000    931873      0.00      0.00  run-loki.sh
01:14:30 PM  1000    931875      1.00      0.00  grafana
01:14:30 PM  1000    931876      0.00      0.00  run-otelcol.sh
01:14:30 PM  1000    931879      0.00      0.00  run-prometheus.
01:14:30 PM  1000    931881     36.00      0.00  otelcol-contrib
01:14:30 PM  1000    931882      0.00      0.00  run-tempo.sh
01:14:30 PM  1000    931889      0.00      0.00  run-pyroscope.s
01:14:30 PM  1000    931891      0.00      0.00  prometheus
01:14:30 PM  1000    931893     29.00      0.00  loki
01:14:30 PM  1000    931894     88.00      6.00  tempo
01:14:30 PM  1000    931896     22.00      0.00  pyroscope

01:14:30 PM   UID       PID    %usr %system  %guest   %wait    %CPU   CPU  Command
01:14:31 PM  1000    931871    0.00    0.00    0.00    0.00    0.00    20  run-grafana.sh
01:14:31 PM  1000    931873    0.00    0.00    0.00    0.00    0.00    18  run-loki.sh
01:14:31 PM  1000    931875    0.00    0.00    0.00    0.00    0.00    20  grafana
01:14:31 PM  1000    931876    0.00    0.00    0.00    0.00    0.00    18  run-otelcol.sh
01:14:31 PM  1000    931879    0.00    0.00    0.00    0.00    0.00    20  run-prometheus.
01:14:31 PM  1000    931881    5.00    0.00    0.00    1.00    5.00    18  otelcol-contrib
01:14:31 PM  1000    931882    0.00    0.00    0.00    0.00    0.00    18  run-tempo.sh
01:14:31 PM  1000    931889    0.00    0.00    0.00    0.00    0.00    16  run-pyroscope.s
01:14:31 PM  1000    931891    0.00    0.00    0.00    0.00    0.00    18  prometheus
01:14:31 PM  1000    931893    1.00    0.00    0.00    0.00    1.00    20  loki
01:14:31 PM  1000    931894   33.00    3.00    0.00    0.00   36.00    16  tempo
01:14:31 PM  1000    931896    0.00    0.00    0.00    0.00    0.00    16  pyroscope

01:14:30 PM   UID       PID   cswch/s nvcswch/s  Command
01:14:31 PM  1000    931871      0.00      0.00  run-grafana.sh
01:14:31 PM  1000    931873      0.00      0.00  run-loki.sh
01:14:31 PM  1000    931875      0.00      0.00  grafana
01:14:31 PM  1000    931876      0.00      0.00  run-otelcol.sh
01:14:31 PM  1000    931879      0.00      0.00  run-prometheus.
01:14:31 PM  1000    931881     45.00     25.00  otelcol-contrib
01:14:31 PM  1000    931882      0.00      0.00  run-tempo.sh
01:14:31 PM  1000    931889      0.00      0.00  run-pyroscope.s
01:14:31 PM  1000    931891      0.00      0.00  prometheus
01:14:31 PM  1000    931893      7.00      0.00  loki
01:14:31 PM  1000    931894    103.00      7.00  tempo
01:14:31 PM  1000    931896     35.00      0.00  pyroscope

01:14:31 PM   UID       PID    %usr %system  %guest   %wait    %CPU   CPU  Command
01:14:32 PM  1000    931871    0.00    0.00    0.00    0.00    0.00    20  run-grafana.sh
01:14:32 PM  1000    931873    0.00    0.00    0.00    0.00    0.00    18  run-loki.sh
01:14:32 PM  1000    931875    0.00    0.00    0.00    0.00    0.00    20  grafana
01:14:32 PM  1000    931876    0.00    0.00    0.00    0.00    0.00    18  run-otelcol.sh
01:14:32 PM  1000    931879    0.00    0.00    0.00    0.00    0.00    20  run-prometheus.
01:14:32 PM  1000    931881    3.00    0.00    0.00    0.00    3.00    16  otelcol-contrib
01:14:32 PM  1000    931882    0.00    0.00    0.00    0.00    0.00    18  run-tempo.sh
01:14:32 PM  1000    931889    0.00    0.00    0.00    0.00    0.00    16  run-pyroscope.s
01:14:32 PM  1000    931891    0.00    0.00    0.00    0.00    0.00    18  prometheus
01:14:32 PM  1000    931893    0.00    0.00    0.00    0.00    0.00    18  loki
01:14:32 PM  1000    931894   33.00    2.00    0.00    0.00   35.00    18  tempo
01:14:32 PM  1000    931896    0.00    0.00    0.00    0.00    0.00    16  pyroscope

01:14:31 PM   UID       PID   cswch/s nvcswch/s  Command
01:14:32 PM  1000    931871      0.00      0.00  run-grafana.sh
01:14:32 PM  1000    931873      0.00      0.00  run-loki.sh
01:14:32 PM  1000    931875      0.00      0.00  grafana
01:14:32 PM  1000    931876      0.00      0.00  run-otelcol.sh
01:14:32 PM  1000    931879      0.00      0.00  run-prometheus.
01:14:32 PM  1000    931881     52.00      0.00  otelcol-contrib
01:14:32 PM  1000    931882      0.00      0.00  run-tempo.sh
01:14:32 PM  1000    931889      0.00      0.00  run-pyroscope.s
01:14:32 PM  1000    931891      0.00      0.00  prometheus
01:14:32 PM  1000    931893      7.00      0.00  loki
01:14:32 PM  1000    931894     96.00     19.00  tempo
01:14:32 PM  1000    931896     40.00      0.00  pyroscope

01:14:32 PM   UID       PID    %usr %system  %guest   %wait    %CPU   CPU  Command
01:14:33 PM  1000    931871    0.00    0.00    0.00    0.00    0.00    20  run-grafana.sh
01:14:33 PM  1000    931873    0.00    0.00    0.00    0.00    0.00    18  run-loki.sh
01:14:33 PM  1000    931875    0.00    0.00    0.00    0.00    0.00    16  grafana
01:14:33 PM  1000    931876    0.00    0.00    0.00    0.00    0.00    18  run-otelcol.sh
01:14:33 PM  1000    931879    0.00    0.00    0.00    0.00    0.00    20  run-prometheus.
01:14:33 PM  1000    931881    3.00    1.00    0.00    0.00    4.00    16  otelcol-contrib
01:14:33 PM  1000    931882    0.00    0.00    0.00    0.00    0.00    18  run-tempo.sh
01:14:33 PM  1000    931889    0.00    0.00    0.00    0.00    0.00    16  run-pyroscope.s
01:14:33 PM  1000    931891    1.00    0.00    0.00    0.00    1.00    18  prometheus
01:14:33 PM  1000    931893    0.00    0.00    0.00    0.00    0.00    16  loki
01:14:33 PM  1000    931894   11.00    0.00    0.00    0.00   11.00    18  tempo
01:14:33 PM  1000    931896    1.00    0.00    0.00    0.00    1.00    20  pyroscope

01:14:32 PM   UID       PID   cswch/s nvcswch/s  Command
01:14:33 PM  1000    931871      0.00      0.00  run-grafana.sh
01:14:33 PM  1000    931873      0.00      0.00  run-loki.sh
01:14:33 PM  1000    931875      7.00      0.00  grafana
01:14:33 PM  1000    931876      0.00      0.00  run-otelcol.sh
01:14:33 PM  1000    931879      0.00      0.00  run-prometheus.
01:14:33 PM  1000    931881     57.00      1.00  otelcol-contrib
01:14:33 PM  1000    931882      0.00      0.00  run-tempo.sh
01:14:33 PM  1000    931889      0.00      0.00  run-pyroscope.s
01:14:33 PM  1000    931891      0.00      0.00  prometheus
01:14:33 PM  1000    931893     11.00      0.00  loki
01:14:33 PM  1000    931894    103.00     12.00  tempo
01:14:33 PM  1000    931896     40.00      0.00  pyroscope

01:14:33 PM   UID       PID    %usr %system  %guest   %wait    %CPU   CPU  Command
01:14:34 PM  1000    931871    0.00    0.00    0.00    0.00    0.00    20  run-grafana.sh
01:14:34 PM  1000    931873    0.00    0.00    0.00    0.00    0.00    18  run-loki.sh
01:14:34 PM  1000    931875    1.00    0.00    0.00    0.00    1.00    20  grafana
01:14:34 PM  1000    931876    0.00    0.00    0.00    0.00    0.00    18  run-otelcol.sh
01:14:34 PM  1000    931879    0.00    0.00    0.00    0.00    0.00    20  run-prometheus.
01:14:34 PM  1000    931881    3.00    0.00    0.00    0.00    3.00    20  otelcol-contrib
01:14:34 PM  1000    931882    0.00    0.00    0.00    0.00    0.00    18  run-tempo.sh
01:14:34 PM  1000    931889    0.00    0.00    0.00    0.00    0.00    16  run-pyroscope.s
01:14:34 PM  1000    931891    0.00    0.00    0.00    0.00    0.00    18  prometheus
01:14:34 PM  1000    931893    0.00    0.00    0.00    0.00    0.00    20  loki
01:14:34 PM  1000    931894   54.00    1.00    0.00    0.00   55.00    18  tempo
01:14:34 PM  1000    931896    0.00    0.00    0.00    0.00    0.00    18  pyroscope

01:14:33 PM   UID       PID   cswch/s nvcswch/s  Command
01:14:34 PM  1000    931871      0.00      0.00  run-grafana.sh
01:14:34 PM  1000    931873      0.00      0.00  run-loki.sh
01:14:34 PM  1000    931875     27.00      0.00  grafana
01:14:34 PM  1000    931876      0.00      0.00  run-otelcol.sh
01:14:34 PM  1000    931879      0.00      0.00  run-prometheus.
01:14:34 PM  1000    931881     40.00      0.00  otelcol-contrib
01:14:34 PM  1000    931882      0.00      0.00  run-tempo.sh
01:14:34 PM  1000    931889      0.00      0.00  run-pyroscope.s
01:14:34 PM  1000    931891      0.00      0.00  prometheus
01:14:34 PM  1000    931893     36.00      0.00  loki
01:14:34 PM  1000    931894     61.00      9.00  tempo
01:14:34 PM  1000    931896      8.00      0.00  pyroscope

01:14:34 PM   UID       PID    %usr %system  %guest   %wait    %CPU   CPU  Command
01:14:35 PM  1000    931871    0.00    0.00    0.00    0.00    0.00    20  run-grafana.sh
01:14:35 PM  1000    931873    0.00    0.00    0.00    0.00    0.00    18  run-loki.sh
01:14:35 PM  1000    931875    0.00    0.00    0.00    0.00    0.00    16  grafana
01:14:35 PM  1000    931876    0.00    0.00    0.00    0.00    0.00    18  run-otelcol.sh
01:14:35 PM  1000    931879    0.00    0.00    0.00    0.00    0.00    20  run-prometheus.
01:14:35 PM  1000    931881    3.00    0.00    0.00    0.00    3.00    16  otelcol-contrib
01:14:35 PM  1000    931882    0.00    0.00    0.00    0.00    0.00    18  run-tempo.sh
01:14:35 PM  1000    931889    0.00    0.00    0.00    0.00    0.00    16  run-pyroscope.s
01:14:35 PM  1000    931891    0.00    0.00    0.00    0.00    0.00    18  prometheus
01:14:35 PM  1000    931893    0.00    0.00    0.00    0.00    0.00    16  loki
01:14:35 PM  1000    931894   11.00    1.00    0.00    0.00   12.00    16  tempo
01:14:35 PM  1000    931896    0.00    0.00    0.00    0.00    0.00    20  pyroscope

01:14:34 PM   UID       PID   cswch/s nvcswch/s  Command
01:14:35 PM  1000    931871      0.00      0.00  run-grafana.sh
01:14:35 PM  1000    931873      0.00      0.00  run-loki.sh
01:14:35 PM  1000    931875     10.00      0.00  grafana
01:14:35 PM  1000    931876      0.00      0.00  run-otelcol.sh
01:14:35 PM  1000    931879      0.00      0.00  run-prometheus.
01:14:35 PM  1000    931881     54.00      2.00  otelcol-contrib
01:14:35 PM  1000    931882      0.00      0.00  run-tempo.sh
01:14:35 PM  1000    931889      0.00      0.00  run-pyroscope.s
01:14:35 PM  1000    931891      0.00      0.00  prometheus
01:14:35 PM  1000    931893      8.00      0.00  loki
01:14:35 PM  1000    931894    110.00      1.00  tempo
01:14:35 PM  1000    931896      8.00      0.00  pyroscope

01:14:35 PM   UID       PID    %usr %system  %guest   %wait    %CPU   CPU  Command
01:14:36 PM  1000    931871    0.00    0.00    0.00    0.00    0.00    20  run-grafana.sh
01:14:36 PM  1000    931873    0.00    0.00    0.00    0.00    0.00    18  run-loki.sh
01:14:36 PM  1000    931875    1.00    0.00    0.00    0.00    1.00    16  grafana
01:14:36 PM  1000    931876    0.00    0.00    0.00    0.00    0.00    18  run-otelcol.sh
01:14:36 PM  1000    931879    0.00    0.00    0.00    0.00    0.00    20  run-prometheus.
01:14:36 PM  1000    931881    5.00    0.00    0.00    1.00    5.00    18  otelcol-contrib
01:14:36 PM  1000    931882    0.00    0.00    0.00    0.00    0.00    18  run-tempo.sh
01:14:36 PM  1000    931889    0.00    0.00    0.00    0.00    0.00    16  run-pyroscope.s
01:14:36 PM  1000    931891    0.00    0.00    0.00    0.00    0.00    18  prometheus
01:14:36 PM  1000    931893    1.00    0.00    0.00    0.00    1.00    16  loki
01:14:36 PM  1000    931894   11.00    0.00    0.00    1.00   11.00    18  tempo
01:14:36 PM  1000    931896    0.00    0.00    0.00    0.00    0.00    20  pyroscope

01:14:35 PM   UID       PID   cswch/s nvcswch/s  Command
01:14:36 PM  1000    931871      0.00      0.00  run-grafana.sh
01:14:36 PM  1000    931873      0.00      0.00  run-loki.sh
01:14:36 PM  1000    931875     68.00     11.00  grafana
01:14:36 PM  1000    931876      0.00      0.00  run-otelcol.sh
01:14:36 PM  1000    931879      0.00      0.00  run-prometheus.
01:14:36 PM  1000    931881     58.00     39.00  otelcol-contrib
01:14:36 PM  1000    931882      0.00      0.00  run-tempo.sh
01:14:36 PM  1000    931889      0.00      0.00  run-pyroscope.s
01:14:36 PM  1000    931891      0.00      0.00  prometheus
01:14:36 PM  1000    931893      3.00      0.00  loki
01:14:36 PM  1000    931894     92.00      4.00  tempo
01:14:36 PM  1000    931896     53.00      0.00  pyroscope

01:14:36 PM   UID       PID    %usr %system  %guest   %wait    %CPU   CPU  Command
01:14:37 PM  1000    931871    0.00    0.00    0.00    0.00    0.00    20  run-grafana.sh
01:14:37 PM  1000    931873    0.00    0.00    0.00    0.00    0.00    18  run-loki.sh
01:14:37 PM  1000    931875    0.00    0.00    0.00    0.00    0.00    18  grafana
01:14:37 PM  1000    931876    0.00    0.00    0.00    0.00    0.00    18  run-otelcol.sh
01:14:37 PM  1000    931879    0.00    0.00    0.00    0.00    0.00    20  run-prometheus.
01:14:37 PM  1000    931881    3.00    1.00    0.00    0.00    4.00    18  otelcol-contrib
01:14:37 PM  1000    931882    0.00    0.00    0.00    0.00    0.00    18  run-tempo.sh
01:14:37 PM  1000    931889    0.00    0.00    0.00    0.00    0.00    16  run-pyroscope.s
01:14:37 PM  1000    931891    0.00    0.00    0.00    0.00    0.00    18  prometheus
01:14:37 PM  1000    931893    0.00    0.00    0.00    0.00    0.00    18  loki
01:14:37 PM  1000    931894   57.00    5.00    0.00    0.00   62.00    20  tempo
01:14:37 PM  1000    931896    0.00    0.00    0.00    0.00    0.00    16  pyroscope

01:14:36 PM   UID       PID   cswch/s nvcswch/s  Command
01:14:37 PM  1000    931871      0.00      0.00  run-grafana.sh
01:14:37 PM  1000    931873      0.00      0.00  run-loki.sh
01:14:37 PM  1000    931875     22.00      0.00  grafana
01:14:37 PM  1000    931876      0.00      0.00  run-otelcol.sh
01:14:37 PM  1000    931879      0.00      0.00  run-prometheus.
01:14:37 PM  1000    931881     50.00      2.00  otelcol-contrib
01:14:37 PM  1000    931882      0.00      0.00  run-tempo.sh
01:14:37 PM  1000    931889      0.00      0.00  run-pyroscope.s
01:14:37 PM  1000    931891      0.00      0.00  prometheus
01:14:37 PM  1000    931893     35.00      0.00  loki
01:14:37 PM  1000    931894     88.00     16.00  tempo
01:14:37 PM  1000    931896     19.00      0.00  pyroscope

01:14:37 PM   UID       PID    %usr %system  %guest   %wait    %CPU   CPU  Command
01:14:38 PM  1000    931871    0.00    0.00    0.00    0.00    0.00    20  run-grafana.sh
01:14:38 PM  1000    931873    0.00    0.00    0.00    0.00    0.00    18  run-loki.sh
01:14:38 PM  1000    931875    1.00    0.00    0.00    0.00    1.00    16  grafana
01:14:38 PM  1000    931876    0.00    0.00    0.00    0.00    0.00    18  run-otelcol.sh
01:14:38 PM  1000    931879    0.00    0.00    0.00    0.00    0.00    20  run-prometheus.
01:14:38 PM  1000    931881    3.00    0.00    0.00    1.00    3.00    20  otelcol-contrib
01:14:38 PM  1000    931882    0.00    0.00    0.00    0.00    0.00    18  run-tempo.sh
01:14:38 PM  1000    931889    0.00    0.00    0.00    0.00    0.00    16  run-pyroscope.s
01:14:38 PM  1000    931891    0.00    0.00    0.00    0.00    0.00    18  prometheus
01:14:38 PM  1000    931893    0.00    0.00    0.00    0.00    0.00    20  loki
01:14:38 PM  1000    931894   56.00    7.00    0.00    0.00   63.00    18  tempo
01:14:38 PM  1000    931896    0.00    0.00    0.00    0.00    0.00    16  pyroscope

01:14:37 PM   UID       PID   cswch/s nvcswch/s  Command
01:14:38 PM  1000    931871      0.00      0.00  run-grafana.sh
01:14:38 PM  1000    931873      0.00      0.00  run-loki.sh
01:14:38 PM  1000    931875     10.00      0.00  grafana
01:14:38 PM  1000    931876      0.00      0.00  run-otelcol.sh
01:14:38 PM  1000    931879      0.00      0.00  run-prometheus.
01:14:38 PM  1000    931881     59.00      2.00  otelcol-contrib
01:14:38 PM  1000    931882      0.00      0.00  run-tempo.sh
01:14:38 PM  1000    931889      0.00      0.00  run-pyroscope.s
01:14:38 PM  1000    931891      0.00      0.00  prometheus
01:14:38 PM  1000    931893     40.00      0.00  loki
01:14:38 PM  1000    931894    105.00      7.00  tempo
01:14:38 PM  1000    931896      0.00      0.00  pyroscope

01:14:38 PM   UID       PID    %usr %system  %guest   %wait    %CPU   CPU  Command
01:14:39 PM  1000    931871    0.00    0.00    0.00    0.00    0.00    20  run-grafana.sh
01:14:39 PM  1000    931873    0.00    0.00    0.00    0.00    0.00    18  run-loki.sh
01:14:39 PM  1000    931875    2.00    0.00    0.00    0.00    2.00    16  grafana
01:14:39 PM  1000    931876    0.00    0.00    0.00    0.00    0.00    18  run-otelcol.sh
01:14:39 PM  1000    931879    0.00    0.00    0.00    0.00    0.00    20  run-prometheus.
01:14:39 PM  1000    931881    3.00    0.00    0.00    0.00    3.00    18  otelcol-contrib
01:14:39 PM  1000    931882    0.00    0.00    0.00    0.00    0.00    18  run-tempo.sh
01:14:39 PM  1000    931889    0.00    0.00    0.00    0.00    0.00    16  run-pyroscope.s
01:14:39 PM  1000    931891    1.00    0.00    0.00    0.00    1.00    18  prometheus
01:14:39 PM  1000    931893    1.00    0.00    0.00    0.00    1.00    20  loki
01:14:39 PM  1000    931894   12.00    0.00    0.00    0.00   12.00    20  tempo
01:14:39 PM  1000    931896    0.00    0.00    0.00    0.00    0.00    16  pyroscope

01:14:38 PM   UID       PID   cswch/s nvcswch/s  Command
01:14:39 PM  1000    931871      0.00      0.00  run-grafana.sh
01:14:39 PM  1000    931873      0.00      0.00  run-loki.sh
01:14:39 PM  1000    931875     23.00      0.00  grafana
01:14:39 PM  1000    931876      0.00      0.00  run-otelcol.sh
01:14:39 PM  1000    931879      0.00      0.00  run-prometheus.
01:14:39 PM  1000    931881     59.00      3.00  otelcol-contrib
01:14:39 PM  1000    931882      0.00      0.00  run-tempo.sh
01:14:39 PM  1000    931889      0.00      0.00  run-pyroscope.s
01:14:39 PM  1000    931891      0.00      0.00  prometheus
01:14:39 PM  1000    931893     48.00      0.00  loki
01:14:39 PM  1000    931894     96.00      8.00  tempo
01:14:39 PM  1000    931896      0.00      0.00  pyroscope

01:14:39 PM   UID       PID    %usr %system  %guest   %wait    %CPU   CPU  Command
01:14:40 PM  1000    931871    0.00    0.00    0.00    0.00    0.00    20  run-grafana.sh
01:14:40 PM  1000    931873    0.00    0.00    0.00    0.00    0.00    18  run-loki.sh
01:14:40 PM  1000    931875    0.00    0.00    0.00    0.00    0.00    18  grafana
01:14:40 PM  1000    931876    0.00    0.00    0.00    0.00    0.00    18  run-otelcol.sh
01:14:40 PM  1000    931879    0.00    0.00    0.00    0.00    0.00    20  run-prometheus.
01:14:40 PM  1000    931881    3.00    0.00    0.00    0.00    3.00    18  otelcol-contrib
01:14:40 PM  1000    931882    0.00    0.00    0.00    0.00    0.00    18  run-tempo.sh
01:14:40 PM  1000    931889    0.00    0.00    0.00    0.00    0.00    16  run-pyroscope.s
01:14:40 PM  1000    931891    0.00    0.00    0.00    0.00    0.00    18  prometheus
01:14:40 PM  1000    931893    0.00    1.00    0.00    0.00    1.00    16  loki
01:14:40 PM  1000    931894   10.00    2.00    0.00    0.00   12.00    20  tempo
01:14:40 PM  1000    931896    0.00    0.00    0.00    0.00    0.00    16  pyroscope

01:14:39 PM   UID       PID   cswch/s nvcswch/s  Command
01:14:40 PM  1000    931871      0.00      0.00  run-grafana.sh
01:14:40 PM  1000    931873      0.00      0.00  run-loki.sh
01:14:40 PM  1000    931875     38.00      0.00  grafana
01:14:40 PM  1000    931876      0.00      0.00  run-otelcol.sh
01:14:40 PM  1000    931879      0.00      0.00  run-prometheus.
01:14:40 PM  1000    931881     62.00      3.00  otelcol-contrib
01:14:40 PM  1000    931882      0.00      0.00  run-tempo.sh
01:14:40 PM  1000    931889      0.00      0.00  run-pyroscope.s
01:14:40 PM  1000    931891      0.00      0.00  prometheus
01:14:40 PM  1000    931893     44.00      0.00  loki
01:14:40 PM  1000    931894    108.00      4.00  tempo
01:14:40 PM  1000    931896     19.00      0.00  pyroscope

01:14:40 PM   UID       PID    %usr %system  %guest   %wait    %CPU   CPU  Command
01:14:41 PM  1000    931871    0.00    0.00    0.00    0.00    0.00    20  run-grafana.sh
01:14:41 PM  1000    931873    0.00    0.00    0.00    0.00    0.00    18  run-loki.sh
01:14:41 PM  1000    931875    0.00    0.00    0.00    0.00    0.00    20  grafana
01:14:41 PM  1000    931876    0.00    0.00    0.00    0.00    0.00    18  run-otelcol.sh
01:14:41 PM  1000    931879    0.00    0.00    0.00    0.00    0.00    20  run-prometheus.
01:14:41 PM  1000    931881    3.00    0.00    0.00    0.00    3.00    18  otelcol-contrib
01:14:41 PM  1000    931882    0.00    0.00    0.00    0.00    0.00    18  run-tempo.sh
01:14:41 PM  1000    931889    0.00    0.00    0.00    0.00    0.00    16  run-pyroscope.s
01:14:41 PM  1000    931891    0.00    0.00    0.00    0.00    0.00    18  prometheus
01:14:41 PM  1000    931893    0.00    0.00    0.00    0.00    0.00    18  loki
01:14:41 PM  1000    931894   26.00    2.00    0.00    0.00   28.00    20  tempo
01:14:41 PM  1000    931896    1.00    0.00    0.00    0.00    1.00    20  pyroscope

01:14:40 PM   UID       PID   cswch/s nvcswch/s  Command
01:14:41 PM  1000    931871      0.00      0.00  run-grafana.sh
01:14:41 PM  1000    931873      0.00      0.00  run-loki.sh
01:14:41 PM  1000    931875     26.00      0.00  grafana
01:14:41 PM  1000    931876      0.00      0.00  run-otelcol.sh
01:14:41 PM  1000    931879      0.00      0.00  run-prometheus.
01:14:41 PM  1000    931881     46.00      0.00  otelcol-contrib
01:14:41 PM  1000    931882      0.00      0.00  run-tempo.sh
01:14:41 PM  1000    931889      0.00      0.00  run-pyroscope.s
01:14:41 PM  1000    931891      0.00      0.00  prometheus
01:14:41 PM  1000    931893     38.00      0.00  loki
01:14:41 PM  1000    931894    115.00     20.00  tempo
01:14:41 PM  1000    931896     49.00      0.00  pyroscope

01:14:41 PM   UID       PID    %usr %system  %guest   %wait    %CPU   CPU  Command
01:14:42 PM  1000    931871    0.00    0.00    0.00    0.00    0.00    20  run-grafana.sh
01:14:42 PM  1000    931873    0.00    0.00    0.00    0.00    0.00    18  run-loki.sh
01:14:42 PM  1000    931875    0.00    0.00    0.00    0.00    0.00    18  grafana
01:14:42 PM  1000    931876    0.00    0.00    0.00    0.00    0.00    18  run-otelcol.sh
01:14:42 PM  1000    931879    0.00    0.00    0.00    0.00    0.00    20  run-prometheus.
01:14:42 PM  1000    931881    5.00    1.00    0.00    0.00    6.00    20  otelcol-contrib
01:14:42 PM  1000    931882    0.00    0.00    0.00    0.00    0.00    18  run-tempo.sh
01:14:42 PM  1000    931889    0.00    0.00    0.00    0.00    0.00    16  run-pyroscope.s
01:14:42 PM  1000    931891    0.00    1.00    0.00    0.00    1.00    18  prometheus
01:14:42 PM  1000    931893    0.00    0.00    0.00    0.00    0.00    16  loki
01:14:42 PM  1000    931894   36.00    2.00    0.00    1.00   38.00    20  tempo
01:14:42 PM  1000    931896    2.00    0.00    0.00    0.00    2.00    16  pyroscope

01:14:41 PM   UID       PID   cswch/s nvcswch/s  Command
01:14:42 PM  1000    931871      0.00      0.00  run-grafana.sh
01:14:42 PM  1000    931873      0.00      0.00  run-loki.sh
01:14:42 PM  1000    931875     31.00      0.00  grafana
01:14:42 PM  1000    931876      0.00      0.00  run-otelcol.sh
01:14:42 PM  1000    931879      0.00      0.00  run-prometheus.
01:14:42 PM  1000    931881     56.00      0.00  otelcol-contrib
01:14:42 PM  1000    931882      0.00      0.00  run-tempo.sh
01:14:42 PM  1000    931889      0.00      0.00  run-pyroscope.s
01:14:42 PM  1000    931891      0.00      0.00  prometheus
01:14:42 PM  1000    931893     23.00      0.00  loki
01:14:42 PM  1000    931894    124.00      3.00  tempo
01:14:42 PM  1000    931896     14.00      0.00  pyroscope

01:14:42 PM   UID       PID    %usr %system  %guest   %wait    %CPU   CPU  Command
01:14:43 PM  1000    931871    0.00    0.00    0.00    0.00    0.00    20  run-grafana.sh
01:14:43 PM  1000    931873    0.00    0.00    0.00    0.00    0.00    18  run-loki.sh
01:14:43 PM  1000    931875    0.00    0.00    0.00    0.00    0.00    18  grafana
01:14:43 PM  1000    931876    0.00    0.00    0.00    0.00    0.00    18  run-otelcol.sh
01:14:43 PM  1000    931879    0.00    0.00    0.00    0.00    0.00    20  run-prometheus.
01:14:43 PM  1000    931881    4.00    0.00    0.00    0.00    4.00    20  otelcol-contrib
01:14:43 PM  1000    931882    0.00    0.00    0.00    0.00    0.00    18  run-tempo.sh
01:14:43 PM  1000    931889    0.00    0.00    0.00    0.00    0.00    16  run-pyroscope.s
01:14:43 PM  1000    931891    0.00    0.00    0.00    0.00    0.00    18  prometheus
01:14:43 PM  1000    931893    0.00    0.00    0.00    0.00    0.00    20  loki
01:14:43 PM  1000    931894   43.00    3.00    0.00    0.00   46.00    20  tempo
01:14:43 PM  1000    931896    0.00    0.00    0.00    0.00    0.00    16  pyroscope

01:14:42 PM   UID       PID   cswch/s nvcswch/s  Command
01:14:43 PM  1000    931871      0.00      0.00  run-grafana.sh
01:14:43 PM  1000    931873      0.00      0.00  run-loki.sh
01:14:43 PM  1000    931875     27.00      0.00  grafana
01:14:43 PM  1000    931876      0.00      0.00  run-otelcol.sh
01:14:43 PM  1000    931879      0.00      0.00  run-prometheus.
01:14:43 PM  1000    931881     58.00      1.00  otelcol-contrib
01:14:43 PM  1000    931882      0.00      0.00  run-tempo.sh
01:14:43 PM  1000    931889      0.00      0.00  run-pyroscope.s
01:14:43 PM  1000    931891      0.00      0.00  prometheus
01:14:43 PM  1000    931893     22.00      0.00  loki
01:14:43 PM  1000    931894     87.00     95.00  tempo
01:14:43 PM  1000    931896     16.00      0.00  pyroscope

01:14:43 PM   UID       PID    %usr %system  %guest   %wait    %CPU   CPU  Command
01:14:44 PM  1000    931871    0.00    0.00    0.00    0.00    0.00    20  run-grafana.sh
01:14:44 PM  1000    931873    0.00    0.00    0.00    0.00    0.00    18  run-loki.sh
01:14:44 PM  1000    931875    0.00    0.00    0.00    0.00    0.00    20  grafana
01:14:44 PM  1000    931876    0.00    0.00    0.00    0.00    0.00    18  run-otelcol.sh
01:14:44 PM  1000    931879    0.00    0.00    0.00    0.00    0.00    20  run-prometheus.
01:14:44 PM  1000    931881    3.00    0.00    0.00    0.00    3.00    18  otelcol-contrib
01:14:44 PM  1000    931882    0.00    0.00    0.00    0.00    0.00    18  run-tempo.sh
01:14:44 PM  1000    931889    0.00    0.00    0.00    0.00    0.00    16  run-pyroscope.s
01:14:44 PM  1000    931891    0.00    0.00    0.00    0.00    0.00    18  prometheus
01:14:44 PM  1000    931893    1.00    0.00    0.00    0.00    1.00    20  loki
01:14:44 PM  1000    931894   58.00    3.00    0.00    1.00   61.00    16  tempo
01:14:44 PM  1000    931896    0.00    0.00    0.00    0.00    0.00    16  pyroscope

01:14:43 PM   UID       PID   cswch/s nvcswch/s  Command
01:14:44 PM  1000    931871      0.00      0.00  run-grafana.sh
01:14:44 PM  1000    931873      0.00      0.00  run-loki.sh
01:14:44 PM  1000    931875     28.00      0.00  grafana
01:14:44 PM  1000    931876      0.00      0.00  run-otelcol.sh
01:14:44 PM  1000    931879      0.00      0.00  run-prometheus.
01:14:44 PM  1000    931881     46.00      8.00  otelcol-contrib
01:14:44 PM  1000    931882      0.00      0.00  run-tempo.sh
01:14:44 PM  1000    931889      0.00      0.00  run-pyroscope.s
01:14:44 PM  1000    931891      0.00      0.00  prometheus
01:14:44 PM  1000    931893     41.00      0.00  loki
01:14:44 PM  1000    931894     79.00     53.00  tempo
01:14:44 PM  1000    931896      0.00      0.00  pyroscope

01:14:44 PM   UID       PID    %usr %system  %guest   %wait    %CPU   CPU  Command
01:14:45 PM  1000    931871    0.00    0.00    0.00    0.00    0.00    20  run-grafana.sh
01:14:45 PM  1000    931873    0.00    0.00    0.00    0.00    0.00    18  run-loki.sh
01:14:45 PM  1000    931875    1.00    0.00    0.00    0.00    1.00    20  grafana
01:14:45 PM  1000    931876    0.00    0.00    0.00    0.00    0.00    18  run-otelcol.sh
01:14:45 PM  1000    931879    0.00    0.00    0.00    0.00    0.00    20  run-prometheus.
01:14:45 PM  1000    931881    3.00    0.00    0.00    0.00    3.00    16  otelcol-contrib
01:14:45 PM  1000    931882    0.00    0.00    0.00    0.00    0.00    18  run-tempo.sh
01:14:45 PM  1000    931889    0.00    0.00    0.00    0.00    0.00    16  run-pyroscope.s
01:14:45 PM  1000    931891    0.00    0.00    0.00    0.00    0.00    18  prometheus
01:14:45 PM  1000    931893    0.00    0.00    0.00    0.00    0.00    20  loki
01:14:45 PM  1000    931894   29.00    2.00    0.00    0.00   31.00    16  tempo
01:14:45 PM  1000    931896    0.00    0.00    0.00    0.00    0.00    16  pyroscope

01:14:44 PM   UID       PID   cswch/s nvcswch/s  Command
01:14:45 PM  1000    931871      0.00      0.00  run-grafana.sh
01:14:45 PM  1000    931873      0.00      0.00  run-loki.sh
01:14:45 PM  1000    931875     16.00      0.00  grafana
01:14:45 PM  1000    931876      0.00      0.00  run-otelcol.sh
01:14:45 PM  1000    931879      0.00      0.00  run-prometheus.
01:14:45 PM  1000    931881     46.00      0.00  otelcol-contrib
01:14:45 PM  1000    931882      0.00      0.00  run-tempo.sh
01:14:45 PM  1000    931889      0.00      0.00  run-pyroscope.s
01:14:45 PM  1000    931891      0.00      0.00  prometheus
01:14:45 PM  1000    931893     25.00      0.00  loki
01:14:45 PM  1000    931894     78.00     91.00  tempo
01:14:45 PM  1000    931896      0.00      0.00  pyroscope

01:14:45 PM   UID       PID    %usr %system  %guest   %wait    %CPU   CPU  Command
01:14:46 PM  1000    931871    0.00    0.00    0.00    0.00    0.00    20  run-grafana.sh
01:14:46 PM  1000    931873    0.00    0.00    0.00    0.00    0.00    18  run-loki.sh
01:14:46 PM  1000    931875    0.00    0.00    0.00    0.00    0.00    16  grafana
01:14:46 PM  1000    931876    0.00    0.00    0.00    0.00    0.00    18  run-otelcol.sh
01:14:46 PM  1000    931879    0.00    0.00    0.00    0.00    0.00    20  run-prometheus.
01:14:46 PM  1000    931881    3.00    0.00    0.00    0.00    3.00    16  otelcol-contrib
01:14:46 PM  1000    931882    0.00    0.00    0.00    0.00    0.00    18  run-tempo.sh
01:14:46 PM  1000    931889    0.00    0.00    0.00    0.00    0.00    16  run-pyroscope.s
01:14:46 PM  1000    931891    0.00    0.00    0.00    0.00    0.00    18  prometheus
01:14:46 PM  1000    931893    0.00    0.00    0.00    0.00    0.00    20  loki
01:14:46 PM  1000    931894   12.00    0.00    0.00    0.00   12.00    20  tempo
01:14:46 PM  1000    931896    0.00    1.00    0.00    0.00    1.00    20  pyroscope

01:14:45 PM   UID       PID   cswch/s nvcswch/s  Command
01:14:46 PM  1000    931871      0.00      0.00  run-grafana.sh
01:14:46 PM  1000    931873      0.00      0.00  run-loki.sh
01:14:46 PM  1000    931875     14.00      0.00  grafana
01:14:46 PM  1000    931876      0.00      0.00  run-otelcol.sh
01:14:46 PM  1000    931879      0.00      0.00  run-prometheus.
01:14:46 PM  1000    931881     51.00      0.00  otelcol-contrib
01:14:46 PM  1000    931882      0.00      0.00  run-tempo.sh
01:14:46 PM  1000    931889      0.00      0.00  run-pyroscope.s
01:14:46 PM  1000    931891      0.00      0.00  prometheus
01:14:46 PM  1000    931893     22.00      0.00  loki
01:14:46 PM  1000    931894     93.00      2.00  tempo
01:14:46 PM  1000    931896      5.00      0.00  pyroscope

01:14:46 PM   UID       PID    %usr %system  %guest   %wait    %CPU   CPU  Command
01:14:47 PM  1000    931871    0.00    0.00    0.00    0.00    0.00    20  run-grafana.sh
01:14:47 PM  1000    931873    0.00    0.00    0.00    0.00    0.00    18  run-loki.sh
01:14:47 PM  1000    931875    0.00    0.00    0.00    0.00    0.00    18  grafana
01:14:47 PM  1000    931876    0.00    0.00    0.00    0.00    0.00    18  run-otelcol.sh
01:14:47 PM  1000    931879    0.00    0.00    0.00    0.00    0.00    20  run-prometheus.
01:14:47 PM  1000    931881    4.00    0.00    0.00    0.00    4.00    18  otelcol-contrib
01:14:47 PM  1000    931882    0.00    0.00    0.00    0.00    0.00    18  run-tempo.sh
01:14:47 PM  1000    931889    0.00    0.00    0.00    0.00    0.00    16  run-pyroscope.s
01:14:47 PM  1000    931891    0.00    0.00    0.00    0.00    0.00    18  prometheus
01:14:47 PM  1000    931893    0.00    0.00    0.00    0.00    0.00    16  loki
01:14:47 PM  1000    931894   48.00    3.00    0.00    0.00   51.00    18  tempo
01:14:47 PM  1000    931896    0.00    0.00    0.00    0.00    0.00    16  pyroscope

01:14:46 PM   UID       PID   cswch/s nvcswch/s  Command
01:14:47 PM  1000    931871      0.00      0.00  run-grafana.sh
01:14:47 PM  1000    931873      0.00      0.00  run-loki.sh
01:14:47 PM  1000    931875     39.00      0.00  grafana
01:14:47 PM  1000    931876      0.00      0.00  run-otelcol.sh
01:14:47 PM  1000    931879      0.00      0.00  run-prometheus.
01:14:47 PM  1000    931881     50.00     17.00  otelcol-contrib
01:14:47 PM  1000    931882      0.00      0.00  run-tempo.sh
01:14:47 PM  1000    931889      0.00      0.00  run-pyroscope.s
01:14:47 PM  1000    931891      0.00      0.00  prometheus
01:14:47 PM  1000    931893     54.00      0.00  loki
01:14:47 PM  1000    931894     53.00     42.00  tempo
01:14:47 PM  1000    931896     16.00      0.00  pyroscope

01:14:47 PM   UID       PID    %usr %system  %guest   %wait    %CPU   CPU  Command
01:14:48 PM  1000    931871    0.00    0.00    0.00    0.00    0.00    20  run-grafana.sh
01:14:48 PM  1000    931873    0.00    0.00    0.00    0.00    0.00    18  run-loki.sh
01:14:48 PM  1000    931875    0.00    1.00    0.00    0.00    1.00    16  grafana
01:14:48 PM  1000    931876    0.00    0.00    0.00    0.00    0.00    18  run-otelcol.sh
01:14:48 PM  1000    931879    0.00    0.00    0.00    0.00    0.00    20  run-prometheus.
01:14:48 PM  1000    931881    4.00    0.00    0.00    0.00    4.00    18  otelcol-contrib
01:14:48 PM  1000    931882    0.00    0.00    0.00    0.00    0.00    18  run-tempo.sh
01:14:48 PM  1000    931889    0.00    0.00    0.00    0.00    0.00    16  run-pyroscope.s
01:14:48 PM  1000    931891    0.00    0.00    0.00    0.00    0.00    18  prometheus
01:14:48 PM  1000    931893    0.00    0.00    0.00    0.00    0.00    18  loki
01:14:48 PM  1000    931894   31.00    3.00    0.00    1.00   34.00    18  tempo
01:14:48 PM  1000    931896    1.00    0.00    0.00    0.00    1.00    16  pyroscope

01:14:47 PM   UID       PID   cswch/s nvcswch/s  Command
01:14:48 PM  1000    931871      0.00      0.00  run-grafana.sh
01:14:48 PM  1000    931873      0.00      0.00  run-loki.sh
01:14:48 PM  1000    931875      6.00      0.00  grafana
01:14:48 PM  1000    931876      0.00      0.00  run-otelcol.sh
01:14:48 PM  1000    931879      0.00      0.00  run-prometheus.
01:14:48 PM  1000    931881     58.00      0.00  otelcol-contrib
01:14:48 PM  1000    931882      0.00      0.00  run-tempo.sh
01:14:48 PM  1000    931889      0.00      0.00  run-pyroscope.s
01:14:48 PM  1000    931891      0.00      0.00  prometheus
01:14:48 PM  1000    931893     43.00      0.00  loki
01:14:48 PM  1000    931894    103.00      6.00  tempo
01:14:48 PM  1000    931896     18.00      0.00  pyroscope

01:14:48 PM   UID       PID    %usr %system  %guest   %wait    %CPU   CPU  Command
01:14:49 PM  1000    931871    0.00    0.00    0.00    0.00    0.00    20  run-grafana.sh
01:14:49 PM  1000    931873    0.00    0.00    0.00    0.00    0.00    18  run-loki.sh
01:14:49 PM  1000    931875    7.00    0.00    0.00    1.00    7.00    16  grafana
01:14:49 PM  1000    931876    0.00    0.00    0.00    0.00    0.00    18  run-otelcol.sh
01:14:49 PM  1000    931879    0.00    0.00    0.00    0.00    0.00    20  run-prometheus.
01:14:49 PM  1000    931881    3.00    1.00    0.00    0.00    4.00    20  otelcol-contrib
01:14:49 PM  1000    931882    0.00    0.00    0.00    0.00    0.00    18  run-tempo.sh
01:14:49 PM  1000    931889    0.00    0.00    0.00    0.00    0.00    16  run-pyroscope.s
01:14:49 PM  1000    931891    0.00    0.00    0.00    0.00    0.00    18  prometheus
01:14:49 PM  1000    931893    0.00    0.00    0.00    0.00    0.00    18  loki
01:14:49 PM  1000    931894   11.00    1.00    0.00    0.00   12.00    20  tempo
01:14:49 PM  1000    931896    0.00    0.00    0.00    0.00    0.00    16  pyroscope

01:14:48 PM   UID       PID   cswch/s nvcswch/s  Command
01:14:49 PM  1000    931871      0.00      0.00  run-grafana.sh
01:14:49 PM  1000    931873      0.00      0.00  run-loki.sh
01:14:49 PM  1000    931875     39.00      1.00  grafana
01:14:49 PM  1000    931876      0.00      0.00  run-otelcol.sh
01:14:49 PM  1000    931879      0.00      0.00  run-prometheus.
01:14:49 PM  1000    931881     46.00      0.00  otelcol-contrib
01:14:49 PM  1000    931882      0.00      0.00  run-tempo.sh
01:14:49 PM  1000    931889      0.00      0.00  run-pyroscope.s
01:14:49 PM  1000    931891      0.00      0.00  prometheus
01:14:49 PM  1000    931893      0.00      0.00  loki
01:14:49 PM  1000    931894    105.00      2.00  tempo
01:14:49 PM  1000    931896      0.00      0.00  pyroscope

01:14:49 PM   UID       PID    %usr %system  %guest   %wait    %CPU   CPU  Command
01:14:50 PM  1000    931871    0.00    0.00    0.00    0.00    0.00    20  run-grafana.sh
01:14:50 PM  1000    931873    0.00    0.00    0.00    0.00    0.00    18  run-loki.sh
01:14:50 PM  1000    931875    0.00    0.00    0.00    0.00    0.00    16  grafana
01:14:50 PM  1000    931876    0.00    0.00    0.00    0.00    0.00    18  run-otelcol.sh
01:14:50 PM  1000    931879    0.00    0.00    0.00    0.00    0.00    20  run-prometheus.
01:14:50 PM  1000    931881    3.00    0.00    0.00    0.00    3.00    16  otelcol-contrib
01:14:50 PM  1000    931882    0.00    0.00    0.00    0.00    0.00    18  run-tempo.sh
01:14:50 PM  1000    931889    0.00    0.00    0.00    0.00    0.00    16  run-pyroscope.s
01:14:50 PM  1000    931891    1.00    0.00    0.00    0.00    1.00    18  prometheus
01:14:50 PM  1000    931893    1.00    1.00    0.00    0.00    2.00    20  loki
01:14:50 PM  1000    931894   26.00    1.00    0.00    1.00   27.00    16  tempo
01:14:50 PM  1000    931896    0.00    0.00    0.00    0.00    0.00    18  pyroscope

01:14:49 PM   UID       PID   cswch/s nvcswch/s  Command
01:14:50 PM  1000    931871      0.00      0.00  run-grafana.sh
01:14:50 PM  1000    931873      0.00      0.00  run-loki.sh
01:14:50 PM  1000    931875      7.00      0.00  grafana
01:14:50 PM  1000    931876      0.00      0.00  run-otelcol.sh
01:14:50 PM  1000    931879      0.00      0.00  run-prometheus.
01:14:50 PM  1000    931881     49.00      4.00  otelcol-contrib
01:14:50 PM  1000    931882      0.00      0.00  run-tempo.sh
01:14:50 PM  1000    931889      0.00      0.00  run-pyroscope.s
01:14:50 PM  1000    931891      0.00      0.00  prometheus
01:14:50 PM  1000    931893     46.00      0.00  loki
01:14:50 PM  1000    931894    113.00      5.00  tempo
01:14:50 PM  1000    931896      7.00      0.00  pyroscope

01:14:50 PM   UID       PID    %usr %system  %guest   %wait    %CPU   CPU  Command
01:14:51 PM  1000    931871    0.00    0.00    0.00    0.00    0.00    20  run-grafana.sh
01:14:51 PM  1000    931873    0.00    0.00    0.00    0.00    0.00    18  run-loki.sh
01:14:51 PM  1000    931875    0.00    0.00    0.00    0.00    0.00    18  grafana
01:14:51 PM  1000    931876    0.00    0.00    0.00    0.00    0.00    18  run-otelcol.sh
01:14:51 PM  1000    931879    0.00    0.00    0.00    0.00    0.00    20  run-prometheus.
01:14:51 PM  1000    931881    3.00    0.00    0.00    0.00    3.00    20  otelcol-contrib
01:14:51 PM  1000    931882    0.00    0.00    0.00    0.00    0.00    18  run-tempo.sh
01:14:51 PM  1000    931889    0.00    0.00    0.00    0.00    0.00    16  run-pyroscope.s
01:14:51 PM  1000    931891    0.00    0.00    0.00    0.00    0.00    18  prometheus
01:14:51 PM  1000    931893    0.00    0.00    0.00    0.00    0.00    20  loki
01:14:51 PM  1000    931894   12.00    1.00    0.00    0.00   13.00    18  tempo
01:14:51 PM  1000    931896    0.00    0.00    0.00    0.00    0.00    16  pyroscope

01:14:50 PM   UID       PID   cswch/s nvcswch/s  Command
01:14:51 PM  1000    931871      0.00      0.00  run-grafana.sh
01:14:51 PM  1000    931873      0.00      0.00  run-loki.sh
01:14:51 PM  1000    931875      9.00      0.00  grafana
01:14:51 PM  1000    931876      0.00      0.00  run-otelcol.sh
01:14:51 PM  1000    931879      0.00      0.00  run-prometheus.
01:14:51 PM  1000    931881     53.00      0.00  otelcol-contrib
01:14:51 PM  1000    931882      0.00      0.00  run-tempo.sh
01:14:51 PM  1000    931889      0.00      0.00  run-pyroscope.s
01:14:51 PM  1000    931891      0.00      0.00  prometheus
01:14:51 PM  1000    931893     11.00      0.00  loki
01:14:51 PM  1000    931894    101.00      8.00  tempo
01:14:51 PM  1000    931896     15.00      0.00  pyroscope

01:14:51 PM   UID       PID    %usr %system  %guest   %wait    %CPU   CPU  Command
01:14:52 PM  1000    931871    0.00    0.00    0.00    0.00    0.00    20  run-grafana.sh
01:14:52 PM  1000    931873    0.00    0.00    0.00    0.00    0.00    18  run-loki.sh
01:14:52 PM  1000    931875    0.00    0.00    0.00    0.00    0.00    16  grafana
01:14:52 PM  1000    931876    0.00    0.00    0.00    0.00    0.00    18  run-otelcol.sh
01:14:52 PM  1000    931879    0.00    0.00    0.00    0.00    0.00    20  run-prometheus.
01:14:52 PM  1000    931881    5.00    1.00    0.00    0.00    6.00    20  otelcol-contrib
01:14:52 PM  1000    931882    0.00    0.00    0.00    0.00    0.00    18  run-tempo.sh
01:14:52 PM  1000    931889    0.00    0.00    0.00    0.00    0.00    16  run-pyroscope.s
01:14:52 PM  1000    931891    0.00    0.00    0.00    0.00    0.00    18  prometheus
01:14:52 PM  1000    931893    0.00    0.00    0.00    1.00    0.00    20  loki
01:14:52 PM  1000    931894   34.00    4.00    0.00    0.00   38.00    18  tempo
01:14:52 PM  1000    931896    0.00    0.00    0.00    0.00    0.00    16  pyroscope

01:14:51 PM   UID       PID   cswch/s nvcswch/s  Command
01:14:52 PM  1000    931871      0.00      0.00  run-grafana.sh
01:14:52 PM  1000    931873      0.00      0.00  run-loki.sh
01:14:52 PM  1000    931875     22.00      0.00  grafana
01:14:52 PM  1000    931876      0.00      0.00  run-otelcol.sh
01:14:52 PM  1000    931879      0.00      0.00  run-prometheus.
01:14:52 PM  1000    931881     58.00      2.00  otelcol-contrib
01:14:52 PM  1000    931882      0.00      0.00  run-tempo.sh
01:14:52 PM  1000    931889      0.00      0.00  run-pyroscope.s
01:14:52 PM  1000    931891      0.00      0.00  prometheus
01:14:52 PM  1000    931893     33.00      0.00  loki
01:14:52 PM  1000    931894     99.00      5.00  tempo
01:14:52 PM  1000    931896     37.00      0.00  pyroscope

01:14:52 PM   UID       PID    %usr %system  %guest   %wait    %CPU   CPU  Command
01:14:53 PM  1000    931871    0.00    0.00    0.00    0.00    0.00    20  run-grafana.sh
01:14:53 PM  1000    931873    0.00    0.00    0.00    0.00    0.00    18  run-loki.sh
01:14:53 PM  1000    931875    0.00    0.00    0.00    0.00    0.00    20  grafana
01:14:53 PM  1000    931876    0.00    0.00    0.00    0.00    0.00    18  run-otelcol.sh
01:14:53 PM  1000    931879    0.00    0.00    0.00    0.00    0.00    20  run-prometheus.
01:14:53 PM  1000    931881    3.00    0.00    0.00    0.00    3.00    20  otelcol-contrib
01:14:53 PM  1000    931882    0.00    0.00    0.00    0.00    0.00    18  run-tempo.sh
01:14:53 PM  1000    931889    0.00    0.00    0.00    0.00    0.00    16  run-pyroscope.s
01:14:53 PM  1000    931891    0.00    0.00    0.00    0.00    0.00    18  prometheus
01:14:53 PM  1000    931893    1.00    0.00    0.00    0.00    1.00    18  loki
01:14:53 PM  1000    931894   32.00    5.00    0.00    0.00   37.00    18  tempo
01:14:53 PM  1000    931896    0.00    0.00    0.00    0.00    0.00    18  pyroscope

01:14:52 PM   UID       PID   cswch/s nvcswch/s  Command
01:14:53 PM  1000    931871      0.00      0.00  run-grafana.sh
01:14:53 PM  1000    931873      0.00      0.00  run-loki.sh
01:14:53 PM  1000    931875     16.00      0.00  grafana
01:14:53 PM  1000    931876      0.00      0.00  run-otelcol.sh
01:14:53 PM  1000    931879      0.00      0.00  run-prometheus.
01:14:53 PM  1000    931881     59.00      3.00  otelcol-contrib
01:14:53 PM  1000    931882      0.00      0.00  run-tempo.sh
01:14:53 PM  1000    931889      0.00      0.00  run-pyroscope.s
01:14:53 PM  1000    931891      0.00      0.00  prometheus
01:14:53 PM  1000    931893     32.00      1.00  loki
01:14:53 PM  1000    931894     80.00      2.00  tempo
01:14:53 PM  1000    931896     36.00      0.00  pyroscope

01:14:53 PM   UID       PID    %usr %system  %guest   %wait    %CPU   CPU  Command
01:14:54 PM  1000    931871    0.00    0.00    0.00    0.00    0.00    20  run-grafana.sh
01:14:54 PM  1000    931873    0.00    0.00    0.00    0.00    0.00    18  run-loki.sh
01:14:54 PM  1000    931875    0.00    0.00    0.00    0.00    0.00    16  grafana
01:14:54 PM  1000    931876    0.00    0.00    0.00    0.00    0.00    18  run-otelcol.sh
01:14:54 PM  1000    931879    0.00    0.00    0.00    0.00    0.00    20  run-prometheus.
01:14:54 PM  1000    931881    3.00    0.00    0.00    1.00    3.00    18  otelcol-contrib
01:14:54 PM  1000    931882    0.00    0.00    0.00    0.00    0.00    18  run-tempo.sh
01:14:54 PM  1000    931889    0.00    0.00    0.00    0.00    0.00    16  run-pyroscope.s
01:14:54 PM  1000    931891    0.00    0.00    0.00    0.00    0.00    18  prometheus
01:14:54 PM  1000    931893    0.00    0.00    0.00    0.00    0.00    18  loki
01:14:54 PM  1000    931894   67.00    4.00    0.00    0.00   71.00    20  tempo
01:14:54 PM  1000    931896    0.00    0.00    0.00    0.00    0.00    16  pyroscope

01:14:53 PM   UID       PID   cswch/s nvcswch/s  Command
01:14:54 PM  1000    931871      0.00      0.00  run-grafana.sh
01:14:54 PM  1000    931873      0.00      0.00  run-loki.sh
01:14:54 PM  1000    931875     28.00      0.00  grafana
01:14:54 PM  1000    931876      0.00      0.00  run-otelcol.sh
01:14:54 PM  1000    931879      0.00      0.00  run-prometheus.
01:14:54 PM  1000    931881     43.00      0.00  otelcol-contrib
01:14:54 PM  1000    931882      0.00      0.00  run-tempo.sh
01:14:54 PM  1000    931889      0.00      0.00  run-pyroscope.s
01:14:54 PM  1000    931891      0.00      0.00  prometheus
01:14:54 PM  1000    931893     42.00      0.00  loki
01:14:54 PM  1000    931894     72.00     41.00  tempo
01:14:54 PM  1000    931896     19.00      0.00  pyroscope

01:14:54 PM   UID       PID    %usr %system  %guest   %wait    %CPU   CPU  Command
01:14:55 PM  1000    931871    0.00    0.00    0.00    0.00    0.00    20  run-grafana.sh
01:14:55 PM  1000    931873    0.00    0.00    0.00    0.00    0.00    18  run-loki.sh
01:14:55 PM  1000    931875    1.00    0.00    0.00    0.00    1.00    18  grafana
01:14:55 PM  1000    931876    0.00    0.00    0.00    0.00    0.00    18  run-otelcol.sh
01:14:55 PM  1000    931879    0.00    0.00    0.00    0.00    0.00    20  run-prometheus.
01:14:55 PM  1000    931881    3.00    0.00    0.00    0.00    3.00    16  otelcol-contrib
01:14:55 PM  1000    931882    0.00    0.00    0.00    0.00    0.00    18  run-tempo.sh
01:14:55 PM  1000    931889    0.00    0.00    0.00    0.00    0.00    16  run-pyroscope.s
01:14:55 PM  1000    931891    0.00    0.00    0.00    0.00    0.00    18  prometheus
01:14:55 PM  1000    931893    0.00    0.00    0.00    0.00    0.00    18  loki
01:14:55 PM  1000    931894   31.00    2.00    0.00    1.00   33.00    18  tempo
01:14:55 PM  1000    931896    1.00    0.00    0.00    0.00    1.00    20  pyroscope

01:14:54 PM   UID       PID   cswch/s nvcswch/s  Command
01:14:55 PM  1000    931871      0.00      0.00  run-grafana.sh
01:14:55 PM  1000    931873      0.00      0.00  run-loki.sh
01:14:55 PM  1000    931875     25.00      0.00  grafana
01:14:55 PM  1000    931876      0.00      0.00  run-otelcol.sh
01:14:55 PM  1000    931879      0.00      0.00  run-prometheus.
01:14:55 PM  1000    931881     54.00      0.00  otelcol-contrib
01:14:55 PM  1000    931882      0.00      0.00  run-tempo.sh
01:14:55 PM  1000    931889      0.00      0.00  run-pyroscope.s
01:14:55 PM  1000    931891      0.00      0.00  prometheus
01:14:55 PM  1000    931893     28.00      0.00  loki
01:14:55 PM  1000    931894     85.00     16.00  tempo
01:14:55 PM  1000    931896     27.00      0.00  pyroscope

01:14:55 PM   UID       PID    %usr %system  %guest   %wait    %CPU   CPU  Command
01:14:56 PM  1000    931871    0.00    0.00    0.00    0.00    0.00    20  run-grafana.sh
01:14:56 PM  1000    931873    0.00    0.00    0.00    0.00    0.00    18  run-loki.sh
01:14:56 PM  1000    931875    0.00    0.00    0.00    0.00    0.00    20  grafana
01:14:56 PM  1000    931876    0.00    0.00    0.00    0.00    0.00    18  run-otelcol.sh
01:14:56 PM  1000    931879    0.00    0.00    0.00    0.00    0.00    20  run-prometheus.
01:14:56 PM  1000    931881    3.00    0.00    0.00    0.00    3.00    16  otelcol-contrib
01:14:56 PM  1000    931882    0.00    0.00    0.00    0.00    0.00    18  run-tempo.sh
01:14:56 PM  1000    931889    0.00    0.00    0.00    0.00    0.00    16  run-pyroscope.s
01:14:56 PM  1000    931891    0.00    0.00    0.00    0.00    0.00    18  prometheus
01:14:56 PM  1000    931893    0.00    0.00    0.00    0.00    0.00    20  loki
01:14:56 PM  1000    931894   11.00    0.00    0.00    0.00   11.00    18  tempo
01:14:56 PM  1000    931896    0.00    0.00    0.00    0.00    0.00    18  pyroscope

01:14:55 PM   UID       PID   cswch/s nvcswch/s  Command
01:14:56 PM  1000    931871      0.00      0.00  run-grafana.sh
01:14:56 PM  1000    931873      0.00      0.00  run-loki.sh
01:14:56 PM  1000    931875     29.00      0.00  grafana
01:14:56 PM  1000    931876      0.00      0.00  run-otelcol.sh
01:14:56 PM  1000    931879      0.00      0.00  run-prometheus.
01:14:56 PM  1000    931881     42.00      0.00  otelcol-contrib
01:14:56 PM  1000    931882      0.00      0.00  run-tempo.sh
01:14:56 PM  1000    931889      0.00      0.00  run-pyroscope.s
01:14:56 PM  1000    931891      0.00      0.00  prometheus
01:14:56 PM  1000    931893     37.00      0.00  loki
01:14:56 PM  1000    931894    104.00      3.00  tempo
01:14:56 PM  1000    931896     44.00      0.00  pyroscope

01:14:56 PM   UID       PID    %usr %system  %guest   %wait    %CPU   CPU  Command
01:14:57 PM  1000    931871    0.00    0.00    0.00    0.00    0.00    20  run-grafana.sh
01:14:57 PM  1000    931873    0.00    0.00    0.00    0.00    0.00    18  run-loki.sh
01:14:57 PM  1000    931875    0.00    0.00    0.00    0.00    0.00    16  grafana
01:14:57 PM  1000    931876    0.00    0.00    0.00    0.00    0.00    18  run-otelcol.sh
01:14:57 PM  1000    931879    0.00    0.00    0.00    0.00    0.00    20  run-prometheus.
01:14:57 PM  1000    931881    5.00    0.00    0.00    0.00    5.00    18  otelcol-contrib
01:14:57 PM  1000    931882    0.00    0.00    0.00    0.00    0.00    18  run-tempo.sh
01:14:57 PM  1000    931889    0.00    0.00    0.00    0.00    0.00    16  run-pyroscope.s
01:14:57 PM  1000    931891    1.00    0.00    0.00    0.00    1.00    18  prometheus
01:14:57 PM  1000    931893    0.00    0.00    0.00    0.00    0.00    16  loki
01:14:57 PM  1000    931894   12.00    1.00    0.00    0.00   13.00    16  tempo
01:14:57 PM  1000    931896    5.00    1.00    0.00    0.00    6.00    16  pyroscope

01:14:56 PM   UID       PID   cswch/s nvcswch/s  Command
01:14:57 PM  1000    931871      0.00      0.00  run-grafana.sh
01:14:57 PM  1000    931873      0.00      0.00  run-loki.sh
01:14:57 PM  1000    931875     29.00      0.00  grafana
01:14:57 PM  1000    931876      0.00      0.00  run-otelcol.sh
01:14:57 PM  1000    931879      0.00      0.00  run-prometheus.
01:14:57 PM  1000    931881     51.00      2.00  otelcol-contrib
01:14:57 PM  1000    931882      0.00      0.00  run-tempo.sh
01:14:57 PM  1000    931889      0.00      0.00  run-pyroscope.s
01:14:57 PM  1000    931891      0.00      0.00  prometheus
01:14:57 PM  1000    931893     34.00      0.00  loki
01:14:57 PM  1000    931894    113.00      5.00  tempo
01:14:57 PM  1000    931896     71.00      2.00  pyroscope

01:14:57 PM   UID       PID    %usr %system  %guest   %wait    %CPU   CPU  Command
01:14:58 PM  1000    931871    0.00    0.00    0.00    0.00    0.00    20  run-grafana.sh
01:14:58 PM  1000    931873    0.00    0.00    0.00    0.00    0.00    18  run-loki.sh
01:14:58 PM  1000    931875    0.00    0.00    0.00    0.00    0.00    16  grafana
01:14:58 PM  1000    931876    0.00    0.00    0.00    0.00    0.00    18  run-otelcol.sh
01:14:58 PM  1000    931879    0.00    0.00    0.00    0.00    0.00    20  run-prometheus.
01:14:58 PM  1000    931881    3.00    0.00    0.00    0.00    3.00    16  otelcol-contrib
01:14:58 PM  1000    931882    0.00    0.00    0.00    0.00    0.00    18  run-tempo.sh
01:14:58 PM  1000    931889    0.00    0.00    0.00    0.00    0.00    16  run-pyroscope.s
01:14:58 PM  1000    931891    1.00    0.00    0.00    0.00    1.00    18  prometheus
01:14:58 PM  1000    931893    1.00    0.00    0.00    0.00    1.00    16  loki
01:14:58 PM  1000    931894   24.00    2.00    0.00    0.00   26.00    18  tempo
01:14:58 PM  1000    931896    0.00    0.00    0.00    0.00    0.00    20  pyroscope

01:14:57 PM   UID       PID   cswch/s nvcswch/s  Command
01:14:58 PM  1000    931871      0.00      0.00  run-grafana.sh
01:14:58 PM  1000    931873      0.00      0.00  run-loki.sh
01:14:58 PM  1000    931875     28.00      0.00  grafana
01:14:58 PM  1000    931876      0.00      0.00  run-otelcol.sh
01:14:58 PM  1000    931879      0.00      0.00  run-prometheus.
01:14:58 PM  1000    931881     60.00      0.00  otelcol-contrib
01:14:58 PM  1000    931882      0.00      0.00  run-tempo.sh
01:14:58 PM  1000    931889      0.00      0.00  run-pyroscope.s
01:14:58 PM  1000    931891      0.00      0.00  prometheus
01:14:58 PM  1000    931893      7.00      0.00  loki
01:14:58 PM  1000    931894     67.00     12.00  tempo
01:14:58 PM  1000    931896     42.00      0.00  pyroscope

01:14:58 PM   UID       PID    %usr %system  %guest   %wait    %CPU   CPU  Command
01:14:59 PM  1000    931871    0.00    0.00    0.00    0.00    0.00    20  run-grafana.sh
01:14:59 PM  1000    931873    0.00    0.00    0.00    0.00    0.00    18  run-loki.sh
01:14:59 PM  1000    931875    7.00    1.00    0.00    0.00    8.00    18  grafana
01:14:59 PM  1000    931876    0.00    0.00    0.00    0.00    0.00    18  run-otelcol.sh
01:14:59 PM  1000    931879    0.00    0.00    0.00    0.00    0.00    20  run-prometheus.
01:14:59 PM  1000    931881    3.00    1.00    0.00    0.00    4.00    20  otelcol-contrib
01:14:59 PM  1000    931882    0.00    0.00    0.00    0.00    0.00    18  run-tempo.sh
01:14:59 PM  1000    931889    0.00    0.00    0.00    0.00    0.00    16  run-pyroscope.s
01:14:59 PM  1000    931891    0.00    0.00    0.00    0.00    0.00    18  prometheus
01:14:59 PM  1000    931893    0.00    0.00    0.00    0.00    0.00    20  loki
01:14:59 PM  1000    931894   36.00    3.00    0.00    0.00   39.00    18  tempo
01:14:59 PM  1000    931896    0.00    0.00    0.00    0.00    0.00    20  pyroscope

01:14:58 PM   UID       PID   cswch/s nvcswch/s  Command
01:14:59 PM  1000    931871      0.00      0.00  run-grafana.sh
01:14:59 PM  1000    931873      0.00      0.00  run-loki.sh
01:14:59 PM  1000    931875     39.00      0.00  grafana
01:14:59 PM  1000    931876      0.00      0.00  run-otelcol.sh
01:14:59 PM  1000    931879      0.00      0.00  run-prometheus.
01:14:59 PM  1000    931881     41.00      0.00  otelcol-contrib
01:14:59 PM  1000    931882      0.00      0.00  run-tempo.sh
01:14:59 PM  1000    931889      0.00      0.00  run-pyroscope.s
01:14:59 PM  1000    931891      0.00      0.00  prometheus
01:14:59 PM  1000    931893      3.00      0.00  loki
01:14:59 PM  1000    931894      0.00      0.00  tempo
01:14:59 PM  1000    931896     14.00      0.00  pyroscope

01:14:59 PM   UID       PID    %usr %system  %guest   %wait    %CPU   CPU  Command
01:15:00 PM  1000    931871    0.00    0.00    0.00    0.00    0.00    20  run-grafana.sh
01:15:00 PM  1000    931873    0.00    0.00    0.00    0.00    0.00    18  run-loki.sh
01:15:00 PM  1000    931875    0.00    0.00    0.00    0.00    0.00    18  grafana
01:15:00 PM  1000    931876    0.00    0.00    0.00    0.00    0.00    18  run-otelcol.sh
01:15:00 PM  1000    931879    0.00    0.00    0.00    0.00    0.00    20  run-prometheus.
01:15:00 PM  1000    931881    3.00    0.00    0.00    0.00    3.00    18  otelcol-contrib
01:15:00 PM  1000    931882    0.00    0.00    0.00    0.00    0.00    18  run-tempo.sh
01:15:00 PM  1000    931889    0.00    0.00    0.00    0.00    0.00    16  run-pyroscope.s
01:15:00 PM  1000    931891    0.00    0.00    0.00    0.00    0.00    18  prometheus
01:15:00 PM  1000    931893    0.00    0.00    0.00    0.00    0.00    18  loki
01:15:00 PM  1000    931894   33.00    2.00    0.00    0.00   35.00    18  tempo
01:15:00 PM  1000    931896    0.00    0.00    0.00    0.00    0.00    20  pyroscope

01:14:59 PM   UID       PID   cswch/s nvcswch/s  Command
01:15:00 PM  1000    931871      0.00      0.00  run-grafana.sh
01:15:00 PM  1000    931873      0.00      0.00  run-loki.sh
01:15:00 PM  1000    931875      0.00      0.00  grafana
01:15:00 PM  1000    931876      0.00      0.00  run-otelcol.sh
01:15:00 PM  1000    931879      0.00      0.00  run-prometheus.
01:15:00 PM  1000    931881     49.00      0.00  otelcol-contrib
01:15:00 PM  1000    931882      0.00      0.00  run-tempo.sh
01:15:00 PM  1000    931889      0.00      0.00  run-pyroscope.s
01:15:00 PM  1000    931891      0.00      0.00  prometheus
01:15:00 PM  1000    931893     27.00      0.00  loki
01:15:00 PM  1000    931894      0.00      0.00  tempo
01:15:00 PM  1000    931896      0.00      0.00  pyroscope

01:15:00 PM   UID       PID    %usr %system  %guest   %wait    %CPU   CPU  Command
01:15:01 PM  1000    931871    0.00    0.00    0.00    0.00    0.00    20  run-grafana.sh
01:15:01 PM  1000    931873    0.00    0.00    0.00    0.00    0.00    18  run-loki.sh
01:15:01 PM  1000    931875    1.00    0.00    0.00    0.00    1.00    18  grafana
01:15:01 PM  1000    931876    0.00    0.00    0.00    0.00    0.00    18  run-otelcol.sh
01:15:01 PM  1000    931879    0.00    0.00    0.00    0.00    0.00    20  run-prometheus.
01:15:01 PM  1000    931881    5.00    0.00    0.00    0.00    5.00    16  otelcol-contrib
01:15:01 PM  1000    931882    0.00    0.00    0.00    0.00    0.00    18  run-tempo.sh
01:15:01 PM  1000    931889    0.00    0.00    0.00    0.00    0.00    16  run-pyroscope.s
01:15:01 PM  1000    931891    0.00    0.00    0.00    0.00    0.00    18  prometheus
01:15:01 PM  1000    931893    1.00    0.00    0.00    0.00    1.00    20  loki
01:15:01 PM  1000    931894   37.00    1.00    0.00    0.00   38.00    16  tempo
01:15:01 PM  1000    931896    0.00    0.00    0.00    0.00    0.00    20  pyroscope

01:15:00 PM   UID       PID   cswch/s nvcswch/s  Command
01:15:01 PM  1000    931871      0.00      0.00  run-grafana.sh
01:15:01 PM  1000    931873      0.00      0.00  run-loki.sh
01:15:01 PM  1000    931875      0.00      0.00  grafana
01:15:01 PM  1000    931876      0.00      0.00  run-otelcol.sh
01:15:01 PM  1000    931879      0.00      0.00  run-prometheus.
01:15:01 PM  1000    931881     59.00      4.00  otelcol-contrib
01:15:01 PM  1000    931882      0.00      0.00  run-tempo.sh
01:15:01 PM  1000    931889      0.00      0.00  run-pyroscope.s
01:15:01 PM  1000    931891      0.00      0.00  prometheus
01:15:01 PM  1000    931893     48.00      0.00  loki
01:15:01 PM  1000    931894     62.00     14.00  tempo
01:15:01 PM  1000    931896      0.00      0.00  pyroscope

01:15:01 PM   UID       PID    %usr %system  %guest   %wait    %CPU   CPU  Command
01:15:02 PM  1000    931871    0.00    0.00    0.00    0.00    0.00    20  run-grafana.sh
01:15:02 PM  1000    931873    0.00    0.00    0.00    0.00    0.00    18  run-loki.sh
01:15:02 PM  1000    931875    0.00    0.00    0.00    0.00    0.00    18  grafana
01:15:02 PM  1000    931876    0.00    0.00    0.00    0.00    0.00    18  run-otelcol.sh
01:15:02 PM  1000    931879    0.00    0.00    0.00    0.00    0.00    20  run-prometheus.
01:15:02 PM  1000    931881    3.00    1.00    0.00    0.00    4.00    16  otelcol-contrib
01:15:02 PM  1000    931882    0.00    0.00    0.00    0.00    0.00    18  run-tempo.sh
01:15:02 PM  1000    931889    0.00    0.00    0.00    0.00    0.00    16  run-pyroscope.s
01:15:02 PM  1000    931891    0.00    0.00    0.00    0.00    0.00    18  prometheus
01:15:02 PM  1000    931893    0.00    0.00    0.00    0.00    0.00    16  loki
01:15:02 PM  1000    931894   10.00    0.00    0.00    0.00   10.00    16  tempo
01:15:02 PM  1000    931896    0.00    0.00    0.00    0.00    0.00    20  pyroscope

01:15:01 PM   UID       PID   cswch/s nvcswch/s  Command
01:15:02 PM  1000    931871      0.00      0.00  run-grafana.sh
01:15:02 PM  1000    931873      0.00      0.00  run-loki.sh
01:15:02 PM  1000    931875      0.00      0.00  grafana
01:15:02 PM  1000    931876      0.00      0.00  run-otelcol.sh
01:15:02 PM  1000    931879      0.00      0.00  run-prometheus.
01:15:02 PM  1000    931881     60.00      1.00  otelcol-contrib
01:15:02 PM  1000    931882      0.00      0.00  run-tempo.sh
01:15:02 PM  1000    931889      0.00      0.00  run-pyroscope.s
01:15:02 PM  1000    931891      0.00      0.00  prometheus
01:15:02 PM  1000    931893     48.00      0.00  loki
01:15:02 PM  1000    931894     85.00      4.00  tempo
01:15:02 PM  1000    931896      0.00      0.00  pyroscope

01:15:02 PM   UID       PID    %usr %system  %guest   %wait    %CPU   CPU  Command
01:15:03 PM  1000    931871    0.00    0.00    0.00    0.00    0.00    20  run-grafana.sh
01:15:03 PM  1000    931873    0.00    0.00    0.00    0.00    0.00    18  run-loki.sh
01:15:03 PM  1000    931875    0.00    0.00    0.00    0.00    0.00    18  grafana
01:15:03 PM  1000    931876    0.00    0.00    0.00    0.00    0.00    18  run-otelcol.sh
01:15:03 PM  1000    931879    0.00    0.00    0.00    0.00    0.00    20  run-prometheus.
01:15:03 PM  1000    931881    3.00    0.00    0.00    0.00    3.00    16  otelcol-contrib
01:15:03 PM  1000    931882    0.00    0.00    0.00    0.00    0.00    18  run-tempo.sh
01:15:03 PM  1000    931889    0.00    0.00    0.00    0.00    0.00    16  run-pyroscope.s
01:15:03 PM  1000    931891    0.00    0.00    0.00    0.00    0.00    18  prometheus
01:15:03 PM  1000    931893    0.00    0.00    0.00    0.00    0.00    20  loki
01:15:03 PM  1000    931894   12.00    1.00    0.00    0.00   13.00    16  tempo
01:15:03 PM  1000    931896    1.00    0.00    0.00    0.00    1.00    20  pyroscope

01:15:02 PM   UID       PID   cswch/s nvcswch/s  Command
01:15:03 PM  1000    931871      0.00      0.00  run-grafana.sh
01:15:03 PM  1000    931873      0.00      0.00  run-loki.sh
01:15:03 PM  1000    931875      0.00      0.00  grafana
01:15:03 PM  1000    931876      0.00      0.00  run-otelcol.sh
01:15:03 PM  1000    931879      0.00      0.00  run-prometheus.
01:15:03 PM  1000    931881     61.00      0.00  otelcol-contrib
01:15:03 PM  1000    931882      0.00      0.00  run-tempo.sh
01:15:03 PM  1000    931889      0.00      0.00  run-pyroscope.s
01:15:03 PM  1000    931891      0.00      0.00  prometheus
01:15:03 PM  1000    931893     46.00      0.00  loki
01:15:03 PM  1000    931894     95.00      2.00  tempo
01:15:03 PM  1000    931896     31.00      0.00  pyroscope

01:15:03 PM   UID       PID    %usr %system  %guest   %wait    %CPU   CPU  Command
01:15:04 PM  1000    931871    0.00    0.00    0.00    0.00    0.00    20  run-grafana.sh
01:15:04 PM  1000    931873    0.00    0.00    0.00    0.00    0.00    18  run-loki.sh
01:15:04 PM  1000    931875    0.00    0.00    0.00    0.00    0.00    18  grafana
01:15:04 PM  1000    931876    0.00    0.00    0.00    0.00    0.00    18  run-otelcol.sh
01:15:04 PM  1000    931879    0.00    0.00    0.00    0.00    0.00    20  run-prometheus.
01:15:04 PM  1000    931881    3.00    1.00    0.00    1.00    4.00    20  otelcol-contrib
01:15:04 PM  1000    931882    0.00    0.00    0.00    0.00    0.00    18  run-tempo.sh
01:15:04 PM  1000    931889    0.00    0.00    0.00    0.00    0.00    16  run-pyroscope.s
01:15:04 PM  1000    931891    0.00    0.00    0.00    0.00    0.00    18  prometheus
01:15:04 PM  1000    931893    0.00    0.00    0.00    0.00    0.00    16  loki
01:15:04 PM  1000    931894   66.00    1.00    0.00    0.00   67.00    16  tempo
01:15:04 PM  1000    931896    0.00    0.00    0.00    0.00    0.00    20  pyroscope

01:15:03 PM   UID       PID   cswch/s nvcswch/s  Command
01:15:04 PM  1000    931871      0.00      0.00  run-grafana.sh
01:15:04 PM  1000    931873      0.00      0.00  run-loki.sh
01:15:04 PM  1000    931875      0.00      0.00  grafana
01:15:04 PM  1000    931876      0.00      0.00  run-otelcol.sh
01:15:04 PM  1000    931879      0.00      0.00  run-prometheus.
01:15:04 PM  1000    931881     50.00      0.00  otelcol-contrib
01:15:04 PM  1000    931882      0.00      0.00  run-tempo.sh
01:15:04 PM  1000    931889      0.00      0.00  run-pyroscope.s
01:15:04 PM  1000    931891      0.00      0.00  prometheus
01:15:04 PM  1000    931893     46.00      0.00  loki
01:15:04 PM  1000    931894     79.00      4.00  tempo
01:15:04 PM  1000    931896     28.00      0.00  pyroscope

01:15:04 PM   UID       PID    %usr %system  %guest   %wait    %CPU   CPU  Command
01:15:05 PM  1000    931871    0.00    0.00    0.00    0.00    0.00    20  run-grafana.sh
01:15:05 PM  1000    931873    0.00    0.00    0.00    0.00    0.00    18  run-loki.sh
01:15:05 PM  1000    931875    0.00    0.00    0.00    0.00    0.00    18  grafana
01:15:05 PM  1000    931876    0.00    0.00    0.00    0.00    0.00    18  run-otelcol.sh
01:15:05 PM  1000    931879    0.00    0.00    0.00    0.00    0.00    20  run-prometheus.
01:15:05 PM  1000    931881    3.00    0.00    0.00    0.00    3.00    18  otelcol-contrib
01:15:05 PM  1000    931882    0.00    0.00    0.00    0.00    0.00    18  run-tempo.sh
01:15:05 PM  1000    931889    0.00    0.00    0.00    0.00    0.00    16  run-pyroscope.s
01:15:05 PM  1000    931891    0.00    0.00    0.00    0.00    0.00    18  prometheus
01:15:05 PM  1000    931893    0.00    0.00    0.00    0.00    0.00    20  loki
01:15:05 PM  1000    931894   22.00    1.00    0.00    0.00   23.00    20  tempo
01:15:05 PM  1000    931896    0.00    0.00    0.00    0.00    0.00    20  pyroscope

01:15:04 PM   UID       PID   cswch/s nvcswch/s  Command
01:15:05 PM  1000    931871      0.00      0.00  run-grafana.sh
01:15:05 PM  1000    931873      0.00      0.00  run-loki.sh
01:15:05 PM  1000    931875      0.00      0.00  grafana
01:15:05 PM  1000    931876      0.00      0.00  run-otelcol.sh
01:15:05 PM  1000    931879      0.00      0.00  run-prometheus.
01:15:05 PM  1000    931881     61.00      3.00  otelcol-contrib
01:15:05 PM  1000    931882      0.00      0.00  run-tempo.sh
01:15:05 PM  1000    931889      0.00      0.00  run-pyroscope.s
01:15:05 PM  1000    931891      0.00      0.00  prometheus
01:15:05 PM  1000    931893     39.00      0.00  loki
01:15:05 PM  1000    931894    103.00      2.00  tempo
01:15:05 PM  1000    931896      8.00      0.00  pyroscope

01:15:05 PM   UID       PID    %usr %system  %guest   %wait    %CPU   CPU  Command
01:15:06 PM  1000    931871    0.00    0.00    0.00    0.00    0.00    20  run-grafana.sh
01:15:06 PM  1000    931873    0.00    0.00    0.00    0.00    0.00    18  run-loki.sh
01:15:06 PM  1000    931875    0.00    0.00    0.00    0.00    0.00    18  grafana
01:15:06 PM  1000    931876    0.00    0.00    0.00    0.00    0.00    18  run-otelcol.sh
01:15:06 PM  1000    931879    0.00    0.00    0.00    0.00    0.00    20  run-prometheus.
01:15:06 PM  1000    931881    5.00    0.00    0.00    0.00    5.00    20  otelcol-contrib
01:15:06 PM  1000    931882    0.00    0.00    0.00    0.00    0.00    18  run-tempo.sh
01:15:06 PM  1000    931889    0.00    0.00    0.00    0.00    0.00    16  run-pyroscope.s
01:15:06 PM  1000    931891    1.00    0.00    0.00    0.00    1.00    18  prometheus
01:15:06 PM  1000    931893    1.00    0.00    0.00    0.00    1.00    16  loki
01:15:06 PM  1000    931894   30.00    3.00    0.00    0.00   33.00    18  tempo
01:15:06 PM  1000    931896    0.00    1.00    0.00    0.00    1.00    20  pyroscope

01:15:05 PM   UID       PID   cswch/s nvcswch/s  Command
01:15:06 PM  1000    931871      0.00      0.00  run-grafana.sh
01:15:06 PM  1000    931873      0.00      0.00  run-loki.sh
01:15:06 PM  1000    931875      0.00      0.00  grafana
01:15:06 PM  1000    931876      0.00      0.00  run-otelcol.sh
01:15:06 PM  1000    931879      0.00      0.00  run-prometheus.
01:15:06 PM  1000    931881     51.00      5.00  otelcol-contrib
01:15:06 PM  1000    931882      0.00      0.00  run-tempo.sh
01:15:06 PM  1000    931889      0.00      0.00  run-pyroscope.s
01:15:06 PM  1000    931891      0.00      0.00  prometheus
01:15:06 PM  1000    931893     47.00      0.00  loki
01:15:06 PM  1000    931894     85.00      7.00  tempo
01:15:06 PM  1000    931896      0.00      0.00  pyroscope

01:15:06 PM   UID       PID    %usr %system  %guest   %wait    %CPU   CPU  Command
01:15:07 PM  1000    931871    0.00    0.00    0.00    0.00    0.00    20  run-grafana.sh
01:15:07 PM  1000    931873    0.00    0.00    0.00    0.00    0.00    18  run-loki.sh
01:15:07 PM  1000    931875    0.00    0.00    0.00    0.00    0.00    18  grafana
01:15:07 PM  1000    931876    0.00    0.00    0.00    0.00    0.00    18  run-otelcol.sh
01:15:07 PM  1000    931879    0.00    0.00    0.00    0.00    0.00    20  run-prometheus.
01:15:07 PM  1000    931881    3.00    0.00    0.00    0.00    3.00    16  otelcol-contrib
01:15:07 PM  1000    931882    0.00    0.00    0.00    0.00    0.00    18  run-tempo.sh
01:15:07 PM  1000    931889    0.00    0.00    0.00    0.00    0.00    16  run-pyroscope.s
01:15:07 PM  1000    931891    0.00    0.00    0.00    0.00    0.00    18  prometheus
01:15:07 PM  1000    931893    0.00    0.00    0.00    0.00    0.00    16  loki
01:15:07 PM  1000    931894   11.00    1.00    0.00    0.00   12.00    18  tempo
01:15:07 PM  1000    931896    0.00    0.00    0.00    0.00    0.00    18  pyroscope

01:15:06 PM   UID       PID   cswch/s nvcswch/s  Command
01:15:07 PM  1000    931871      0.00      0.00  run-grafana.sh
01:15:07 PM  1000    931873      0.00      0.00  run-loki.sh
01:15:07 PM  1000    931875      0.00      0.00  grafana
01:15:07 PM  1000    931876      0.00      0.00  run-otelcol.sh
01:15:07 PM  1000    931879      0.00      0.00  run-prometheus.
01:15:07 PM  1000    931881     49.00      0.00  otelcol-contrib
01:15:07 PM  1000    931882      0.00      0.00  run-tempo.sh
01:15:07 PM  1000    931889      0.00      0.00  run-pyroscope.s
01:15:07 PM  1000    931891      0.00      0.00  prometheus
01:15:07 PM  1000    931893     52.00      0.00  loki
01:15:07 PM  1000    931894     96.00      4.00  tempo
01:15:07 PM  1000    931896     35.00      0.00  pyroscope

01:15:07 PM   UID       PID    %usr %system  %guest   %wait    %CPU   CPU  Command
01:15:08 PM  1000    931871    0.00    0.00    0.00    0.00    0.00    20  run-grafana.sh
01:15:08 PM  1000    931873    0.00    0.00    0.00    0.00    0.00    18  run-loki.sh
01:15:08 PM  1000    931875    0.00    0.00    0.00    0.00    0.00    18  grafana
01:15:08 PM  1000    931876    0.00    0.00    0.00    0.00    0.00    18  run-otelcol.sh
01:15:08 PM  1000    931879    0.00    0.00    0.00    0.00    0.00    20  run-prometheus.
01:15:08 PM  1000    931881    3.00    1.00    0.00    0.00    4.00    20  otelcol-contrib
01:15:08 PM  1000    931882    0.00    0.00    0.00    0.00    0.00    18  run-tempo.sh
01:15:08 PM  1000    931889    0.00    0.00    0.00    0.00    0.00    16  run-pyroscope.s
01:15:08 PM  1000    931891    0.00    0.00    0.00    0.00    0.00    18  prometheus
01:15:08 PM  1000    931893    0.00    0.00    0.00    0.00    0.00    20  loki
01:15:08 PM  1000    931894   56.00    2.00    0.00    0.00   58.00    18  tempo
01:15:08 PM  1000    931896    1.00    0.00    0.00    0.00    1.00    18  pyroscope

01:15:07 PM   UID       PID   cswch/s nvcswch/s  Command
01:15:08 PM  1000    931871      0.00      0.00  run-grafana.sh
01:15:08 PM  1000    931873      0.00      0.00  run-loki.sh
01:15:08 PM  1000    931875      0.00      0.00  grafana
01:15:08 PM  1000    931876      0.00      0.00  run-otelcol.sh
01:15:08 PM  1000    931879      0.00      0.00  run-prometheus.
01:15:08 PM  1000    931881     50.00      0.00  otelcol-contrib
01:15:08 PM  1000    931882      0.00      0.00  run-tempo.sh
01:15:08 PM  1000    931889      0.00      0.00  run-pyroscope.s
01:15:08 PM  1000    931891      0.00      0.00  prometheus
01:15:08 PM  1000    931893     26.00      0.00  loki
01:15:08 PM  1000    931894    110.00      5.00  tempo
01:15:08 PM  1000    931896     33.00      0.00  pyroscope

01:15:08 PM   UID       PID    %usr %system  %guest   %wait    %CPU   CPU  Command
01:15:09 PM  1000    931871    0.00    0.00    0.00    0.00    0.00    20  run-grafana.sh
01:15:09 PM  1000    931873    0.00    0.00    0.00    0.00    0.00    18  run-loki.sh
01:15:09 PM  1000    931875    3.00    0.00    0.00    0.00    3.00    18  grafana
01:15:09 PM  1000    931876    0.00    0.00    0.00    0.00    0.00    18  run-otelcol.sh
01:15:09 PM  1000    931879    0.00    0.00    0.00    0.00    0.00    20  run-prometheus.
01:15:09 PM  1000    931881    4.00    0.00    0.00    0.00    4.00    16  otelcol-contrib
01:15:09 PM  1000    931882    0.00    0.00    0.00    0.00    0.00    18  run-tempo.sh
01:15:09 PM  1000    931889    0.00    0.00    0.00    0.00    0.00    16  run-pyroscope.s
01:15:09 PM  1000    931891    0.00    0.00    0.00    0.00    0.00    18  prometheus
01:15:09 PM  1000    931893    0.00    1.00    0.00    0.00    1.00    16  loki
01:15:09 PM  1000    931894   38.00    4.00    0.00    1.00   42.00    18  tempo
01:15:09 PM  1000    931896    0.00    0.00    0.00    0.00    0.00    18  pyroscope

01:15:08 PM   UID       PID   cswch/s nvcswch/s  Command
01:15:09 PM  1000    931871      0.00      0.00  run-grafana.sh
01:15:09 PM  1000    931873      0.00      0.00  run-loki.sh
01:15:09 PM  1000    931875      0.00      0.00  grafana
01:15:09 PM  1000    931876      0.00      0.00  run-otelcol.sh
01:15:09 PM  1000    931879      0.00      0.00  run-prometheus.
01:15:09 PM  1000    931881     40.00      0.00  otelcol-contrib
01:15:09 PM  1000    931882      0.00      0.00  run-tempo.sh
01:15:09 PM  1000    931889      0.00      0.00  run-pyroscope.s
01:15:09 PM  1000    931891      0.00      0.00  prometheus
01:15:09 PM  1000    931893     28.00      0.00  loki
01:15:09 PM  1000    931894     74.00      7.00  tempo
01:15:09 PM  1000    931896     35.00      0.00  pyroscope

01:15:09 PM   UID       PID    %usr %system  %guest   %wait    %CPU   CPU  Command
01:15:10 PM  1000    931871    0.00    0.00    0.00    0.00    0.00    20  run-grafana.sh
01:15:10 PM  1000    931873    0.00    0.00    0.00    0.00    0.00    18  run-loki.sh
01:15:10 PM  1000    931875    0.00    0.00    0.00    0.00    0.00    18  grafana
01:15:10 PM  1000    931876    0.00    0.00    0.00    0.00    0.00    18  run-otelcol.sh
01:15:10 PM  1000    931879    0.00    0.00    0.00    0.00    0.00    20  run-prometheus.
01:15:10 PM  1000    931881    5.00    0.00    0.00    0.00    5.00    20  otelcol-contrib
01:15:10 PM  1000    931882    0.00    0.00    0.00    0.00    0.00    18  run-tempo.sh
01:15:10 PM  1000    931889    0.00    0.00    0.00    0.00    0.00    16  run-pyroscope.s
01:15:10 PM  1000    931891    0.00    0.00    0.00    0.00    0.00    18  prometheus
01:15:10 PM  1000    931893    1.00    0.00    0.00    0.00    1.00    20  loki
01:15:10 PM  1000    931894   11.00    1.00    0.00    0.00   12.00    16  tempo
01:15:10 PM  1000    931896    0.00    0.00    0.00    0.00    0.00    16  pyroscope

01:15:09 PM   UID       PID   cswch/s nvcswch/s  Command
01:15:10 PM  1000    931871      0.00      0.00  run-grafana.sh
01:15:10 PM  1000    931873      0.00      0.00  run-loki.sh
01:15:10 PM  1000    931875      0.00      0.00  grafana
01:15:10 PM  1000    931876      0.00      0.00  run-otelcol.sh
01:15:10 PM  1000    931879      0.00      0.00  run-prometheus.
01:15:10 PM  1000    931881     55.00      0.00  otelcol-contrib
01:15:10 PM  1000    931882      0.00      0.00  run-tempo.sh
01:15:10 PM  1000    931889      0.00      0.00  run-pyroscope.s
01:15:10 PM  1000    931891      0.00      0.00  prometheus
01:15:10 PM  1000    931893     32.00      0.00  loki
01:15:10 PM  1000    931894    103.00      3.00  tempo
01:15:10 PM  1000    931896     34.00      0.00  pyroscope

01:15:10 PM   UID       PID    %usr %system  %guest   %wait    %CPU   CPU  Command
01:15:11 PM  1000    931871    0.00    0.00    0.00    0.00    0.00    20  run-grafana.sh
01:15:11 PM  1000    931873    0.00    0.00    0.00    0.00    0.00    18  run-loki.sh
01:15:11 PM  1000    931875    0.00    0.00    0.00    0.00    0.00    18  grafana
01:15:11 PM  1000    931876    0.00    0.00    0.00    0.00    0.00    18  run-otelcol.sh
01:15:11 PM  1000    931879    0.00    0.00    0.00    0.00    0.00    20  run-prometheus.
01:15:11 PM  1000    931881    2.00    0.00    0.00    0.00    2.00    20  otelcol-contrib
01:15:11 PM  1000    931882    0.00    0.00    0.00    0.00    0.00    18  run-tempo.sh
01:15:11 PM  1000    931889    0.00    0.00    0.00    0.00    0.00    16  run-pyroscope.s
01:15:11 PM  1000    931891    0.00    0.00    0.00    0.00    0.00    18  prometheus
01:15:11 PM  1000    931893    0.00    0.00    0.00    0.00    0.00    16  loki
01:15:11 PM  1000    931894   10.00    1.00    0.00    0.00   11.00    20  tempo
01:15:11 PM  1000    931896    0.00    0.00    0.00    0.00    0.00    16  pyroscope

01:15:10 PM   UID       PID   cswch/s nvcswch/s  Command
01:15:11 PM  1000    931871      0.00      0.00  run-grafana.sh
01:15:11 PM  1000    931873      0.00      0.00  run-loki.sh
01:15:11 PM  1000    931875      0.00      0.00  grafana
01:15:11 PM  1000    931876      0.00      0.00  run-otelcol.sh
01:15:11 PM  1000    931879      0.00      0.00  run-prometheus.
01:15:11 PM  1000    931881     60.00      0.00  otelcol-contrib
01:15:11 PM  1000    931882      0.00      0.00  run-tempo.sh
01:15:11 PM  1000    931889      0.00      0.00  run-pyroscope.s
01:15:11 PM  1000    931891      0.00      0.00  prometheus
01:15:11 PM  1000    931893     12.00      0.00  loki
01:15:11 PM  1000    931894     88.00      5.00  tempo
01:15:11 PM  1000    931896     10.00      0.00  pyroscope

01:15:11 PM   UID       PID    %usr %system  %guest   %wait    %CPU   CPU  Command
01:15:12 PM  1000    931871    0.00    0.00    0.00    0.00    0.00    20  run-grafana.sh
01:15:12 PM  1000    931873    0.00    0.00    0.00    0.00    0.00    18  run-loki.sh
01:15:12 PM  1000    931875    0.00    0.00    0.00    0.00    0.00    18  grafana
01:15:12 PM  1000    931876    0.00    0.00    0.00    0.00    0.00    18  run-otelcol.sh
01:15:12 PM  1000    931879    0.00    0.00    0.00    0.00    0.00    20  run-prometheus.
01:15:12 PM  1000    931881    4.00    0.00    0.00    0.00    4.00    18  otelcol-contrib
01:15:12 PM  1000    931882    0.00    0.00    0.00    0.00    0.00    18  run-tempo.sh
01:15:12 PM  1000    931889    0.00    0.00    0.00    0.00    0.00    16  run-pyroscope.s
01:15:12 PM  1000    931891    0.00    0.00    0.00    0.00    0.00    18  prometheus
01:15:12 PM  1000    931893    0.00    0.00    0.00    0.00    0.00    20  loki
01:15:12 PM  1000    931894   12.00    1.00    0.00    0.00   13.00    20  tempo
01:15:12 PM  1000    931896    3.00    0.00    0.00    0.00    3.00    18  pyroscope

01:15:11 PM   UID       PID   cswch/s nvcswch/s  Command
01:15:12 PM  1000    931871      0.00      0.00  run-grafana.sh
01:15:12 PM  1000    931873      0.00      0.00  run-loki.sh
01:15:12 PM  1000    931875      0.00      0.00  grafana
01:15:12 PM  1000    931876      0.00      0.00  run-otelcol.sh
01:15:12 PM  1000    931879      0.00      0.00  run-prometheus.
01:15:12 PM  1000    931881     59.00      3.00  otelcol-contrib
01:15:12 PM  1000    931882      0.00      0.00  run-tempo.sh
01:15:12 PM  1000    931889      0.00      0.00  run-pyroscope.s
01:15:12 PM  1000    931891      0.00      0.00  prometheus
01:15:12 PM  1000    931893     46.00      0.00  loki
01:15:12 PM  1000    931894      1.00      0.00  tempo
01:15:12 PM  1000    931896     64.00      0.00  pyroscope

01:15:12 PM   UID       PID    %usr %system  %guest   %wait    %CPU   CPU  Command
01:15:13 PM  1000    931871    0.00    0.00    0.00    0.00    0.00    20  run-grafana.sh
01:15:13 PM  1000    931873    0.00    0.00    0.00    0.00    0.00    18  run-loki.sh
01:15:13 PM  1000    931875    0.00    0.00    0.00    0.00    0.00    18  grafana
01:15:13 PM  1000    931876    0.00    0.00    0.00    0.00    0.00    18  run-otelcol.sh
01:15:13 PM  1000    931879    0.00    0.00    0.00    0.00    0.00    20  run-prometheus.
01:15:13 PM  1000    931881    3.00    0.00    0.00    0.00    3.00    16  otelcol-contrib
01:15:13 PM  1000    931882    0.00    0.00    0.00    0.00    0.00    18  run-tempo.sh
01:15:13 PM  1000    931889    0.00    0.00    0.00    0.00    0.00    16  run-pyroscope.s
01:15:13 PM  1000    931891    0.00    0.00    0.00    0.00    0.00    18  prometheus
01:15:13 PM  1000    931893    0.00    0.00    0.00    0.00    0.00    20  loki
01:15:13 PM  1000    931894   65.00    2.00    0.00    0.00   67.00    16  tempo
01:15:13 PM  1000    931896    0.00    1.00    0.00    0.00    1.00    20  pyroscope

01:15:12 PM   UID       PID   cswch/s nvcswch/s  Command
01:15:13 PM  1000    931871      0.00      0.00  run-grafana.sh
01:15:13 PM  1000    931873      0.00      0.00  run-loki.sh
01:15:13 PM  1000    931875      0.00      0.00  grafana
01:15:13 PM  1000    931876      0.00      0.00  run-otelcol.sh
01:15:13 PM  1000    931879      0.00      0.00  run-prometheus.
01:15:13 PM  1000    931881     39.00      0.00  otelcol-contrib
01:15:13 PM  1000    931882      0.00      0.00  run-tempo.sh
01:15:13 PM  1000    931889      0.00      0.00  run-pyroscope.s
01:15:13 PM  1000    931891      0.00      0.00  prometheus
01:15:13 PM  1000    931893     21.00      0.00  loki
01:15:13 PM  1000    931894     96.00     27.00  tempo
01:15:13 PM  1000    931896     37.00      0.00  pyroscope

01:15:13 PM   UID       PID    %usr %system  %guest   %wait    %CPU   CPU  Command
01:15:14 PM  1000    931871    0.00    0.00    0.00    0.00    0.00    20  run-grafana.sh
01:15:14 PM  1000    931873    0.00    0.00    0.00    0.00    0.00    18  run-loki.sh
01:15:14 PM  1000    931875    0.00    0.00    0.00    0.00    0.00    18  grafana
01:15:14 PM  1000    931876    0.00    0.00    0.00    0.00    0.00    18  run-otelcol.sh
01:15:14 PM  1000    931879    0.00    0.00    0.00    0.00    0.00    20  run-prometheus.
01:15:14 PM  1000    931881    3.00    1.00    0.00    0.00    4.00    18  otelcol-contrib
01:15:14 PM  1000    931882    0.00    0.00    0.00    0.00    0.00    18  run-tempo.sh
01:15:14 PM  1000    931889    0.00    0.00    0.00    0.00    0.00    16  run-pyroscope.s
01:15:14 PM  1000    931891    1.00    0.00    0.00    0.00    1.00    18  prometheus
01:15:14 PM  1000    931893    0.00    0.00    0.00    0.00    0.00    16  loki
01:15:14 PM  1000    931894   38.00    3.00    0.00    0.00   41.00    18  tempo
01:15:14 PM  1000    931896    0.00    0.00    0.00    0.00    0.00    18  pyroscope

01:15:13 PM   UID       PID   cswch/s nvcswch/s  Command
01:15:14 PM  1000    931871      0.00      0.00  run-grafana.sh
01:15:14 PM  1000    931873      0.00      0.00  run-loki.sh
01:15:14 PM  1000    931875      0.00      0.00  grafana
01:15:14 PM  1000    931876      0.00      0.00  run-otelcol.sh
01:15:14 PM  1000    931879      0.00      0.00  run-prometheus.
01:15:14 PM  1000    931881     53.00      0.00  otelcol-contrib
01:15:14 PM  1000    931882      0.00      0.00  run-tempo.sh
01:15:14 PM  1000    931889      0.00      0.00  run-pyroscope.s
01:15:14 PM  1000    931891      0.00      0.00  prometheus
01:15:14 PM  1000    931893     38.00      0.00  loki
01:15:14 PM  1000    931894    108.00      1.00  tempo
01:15:14 PM  1000    931896     52.00      0.00  pyroscope

01:15:14 PM   UID       PID    %usr %system  %guest   %wait    %CPU   CPU  Command
01:15:15 PM  1000    931871    0.00    0.00    0.00    0.00    0.00    20  run-grafana.sh
01:15:15 PM  1000    931873    0.00    0.00    0.00    0.00    0.00    18  run-loki.sh
01:15:15 PM  1000    931875    0.00    0.00    0.00    0.00    0.00    18  grafana
01:15:15 PM  1000    931876    0.00    0.00    0.00    0.00    0.00    18  run-otelcol.sh
01:15:15 PM  1000    931879    0.00    0.00    0.00    0.00    0.00    20  run-prometheus.
01:15:15 PM  1000    931881    5.00    0.00    0.00    0.00    5.00    18  otelcol-contrib
01:15:15 PM  1000    931882    0.00    0.00    0.00    0.00    0.00    18  run-tempo.sh
01:15:15 PM  1000    931889    0.00    0.00    0.00    0.00    0.00    16  run-pyroscope.s
01:15:15 PM  1000    931891    0.00    0.00    0.00    0.00    0.00    18  prometheus
01:15:15 PM  1000    931893    0.00    0.00    0.00    0.00    0.00    18  loki
01:15:15 PM  1000    931894   11.00    0.00    0.00    0.00   11.00    18  tempo
01:15:15 PM  1000    931896    1.00    0.00    0.00    0.00    1.00    16  pyroscope

01:15:14 PM   UID       PID   cswch/s nvcswch/s  Command
01:15:15 PM  1000    931871      0.00      0.00  run-grafana.sh
01:15:15 PM  1000    931873      0.00      0.00  run-loki.sh
01:15:15 PM  1000    931875      0.00      0.00  grafana
01:15:15 PM  1000    931876      0.00      0.00  run-otelcol.sh
01:15:15 PM  1000    931879      0.00      0.00  run-prometheus.
01:15:15 PM  1000    931881     62.00      0.00  otelcol-contrib
01:15:15 PM  1000    931882      0.00      0.00  run-tempo.sh
01:15:15 PM  1000    931889      0.00      0.00  run-pyroscope.s
01:15:15 PM  1000    931891      0.00      0.00  prometheus
01:15:15 PM  1000    931893     16.00      1.00  loki
01:15:15 PM  1000    931894     71.00      3.00  tempo
01:15:15 PM  1000    931896     30.00      0.00  pyroscope

01:15:15 PM   UID       PID    %usr %system  %guest   %wait    %CPU   CPU  Command
01:15:16 PM  1000    931871    0.00    0.00    0.00    0.00    0.00    20  run-grafana.sh
01:15:16 PM  1000    931873    0.00    0.00    0.00    0.00    0.00    18  run-loki.sh
01:15:16 PM  1000    931875    0.00    0.00    0.00    0.00    0.00    18  grafana
01:15:16 PM  1000    931876    0.00    0.00    0.00    0.00    0.00    18  run-otelcol.sh
01:15:16 PM  1000    931879    0.00    0.00    0.00    0.00    0.00    20  run-prometheus.
01:15:16 PM  1000    931881    3.00    0.00    0.00    0.00    3.00    18  otelcol-contrib
01:15:16 PM  1000    931882    0.00    0.00    0.00    0.00    0.00    18  run-tempo.sh
01:15:16 PM  1000    931889    0.00    0.00    0.00    0.00    0.00    16  run-pyroscope.s
01:15:16 PM  1000    931891    0.00    0.00    0.00    0.00    0.00    18  prometheus
01:15:16 PM  1000    931893    1.00    0.00    0.00    0.00    1.00    18  loki
01:15:16 PM  1000    931894   24.00    3.00    0.00    0.00   27.00    18  tempo
01:15:16 PM  1000    931896    0.00    0.00    0.00    0.00    0.00    18  pyroscope

01:15:15 PM   UID       PID   cswch/s nvcswch/s  Command
01:15:16 PM  1000    931871      0.00      0.00  run-grafana.sh
01:15:16 PM  1000    931873      0.00      0.00  run-loki.sh
01:15:16 PM  1000    931875      0.00      0.00  grafana
01:15:16 PM  1000    931876      0.00      0.00  run-otelcol.sh
01:15:16 PM  1000    931879      0.00      0.00  run-prometheus.
01:15:16 PM  1000    931881     70.00      0.00  otelcol-contrib
01:15:16 PM  1000    931882      0.00      0.00  run-tempo.sh
01:15:16 PM  1000    931889      0.00      0.00  run-pyroscope.s
01:15:16 PM  1000    931891      0.00      0.00  prometheus
01:15:16 PM  1000    931893      6.00      0.00  loki
01:15:16 PM  1000    931894     25.00      4.00  tempo
01:15:16 PM  1000    931896     45.00      0.00  pyroscope

01:15:16 PM   UID       PID    %usr %system  %guest   %wait    %CPU   CPU  Command
01:15:17 PM  1000    931871    0.00    0.00    0.00    0.00    0.00    20  run-grafana.sh
01:15:17 PM  1000    931873    0.00    0.00    0.00    0.00    0.00    18  run-loki.sh
01:15:17 PM  1000    931875    0.00    0.00    0.00    0.00    0.00    18  grafana
01:15:17 PM  1000    931876    0.00    0.00    0.00    0.00    0.00    18  run-otelcol.sh
01:15:17 PM  1000    931879    0.00    0.00    0.00    0.00    0.00    20  run-prometheus.
01:15:17 PM  1000    931881    3.00    1.00    0.00    0.00    4.00    20  otelcol-contrib
01:15:17 PM  1000    931882    0.00    0.00    0.00    0.00    0.00    18  run-tempo.sh
01:15:17 PM  1000    931889    0.00    0.00    0.00    0.00    0.00    16  run-pyroscope.s
01:15:17 PM  1000    931891    0.00    0.00    0.00    0.00    0.00    18  prometheus
01:15:17 PM  1000    931893    0.00    0.00    0.00    0.00    0.00    20  loki
01:15:17 PM  1000    931894   31.00    2.00    0.00    0.00   33.00    18  tempo
01:15:17 PM  1000    931896    0.00    0.00    0.00    0.00    0.00    18  pyroscope

01:15:16 PM   UID       PID   cswch/s nvcswch/s  Command
01:15:17 PM  1000    931871      0.00      0.00  run-grafana.sh
01:15:17 PM  1000    931873      0.00      0.00  run-loki.sh
01:15:17 PM  1000    931875      0.00      0.00  grafana
01:15:17 PM  1000    931876      0.00      0.00  run-otelcol.sh
01:15:17 PM  1000    931879      0.00      0.00  run-prometheus.
01:15:17 PM  1000    931881     51.00      0.00  otelcol-contrib
01:15:17 PM  1000    931882      0.00      0.00  run-tempo.sh
01:15:17 PM  1000    931889      0.00      0.00  run-pyroscope.s
01:15:17 PM  1000    931891      0.00      0.00  prometheus
01:15:17 PM  1000    931893     24.00      0.00  loki
01:15:17 PM  1000    931894     17.00      0.00  tempo
01:15:17 PM  1000    931896     27.00      0.00  pyroscope

01:15:17 PM   UID       PID    %usr %system  %guest   %wait    %CPU   CPU  Command
01:15:18 PM  1000    931871    0.00    0.00    0.00    0.00    0.00    20  run-grafana.sh
01:15:18 PM  1000    931873    0.00    0.00    0.00    0.00    0.00    18  run-loki.sh
01:15:18 PM  1000    931875    0.00    1.00    0.00    0.00    1.00    18  grafana
01:15:18 PM  1000    931876    0.00    0.00    0.00    0.00    0.00    18  run-otelcol.sh
01:15:18 PM  1000    931879    0.00    0.00    0.00    0.00    0.00    20  run-prometheus.
01:15:18 PM  1000    931881    3.00    0.00    0.00    0.00    3.00    20  otelcol-contrib
01:15:18 PM  1000    931882    0.00    0.00    0.00    0.00    0.00    18  run-tempo.sh
01:15:18 PM  1000    931889    0.00    0.00    0.00    0.00    0.00    16  run-pyroscope.s
01:15:18 PM  1000    931891    0.00    0.00    0.00    0.00    0.00    18  prometheus
01:15:18 PM  1000    931893    0.00    0.00    0.00    0.00    0.00    16  loki
01:15:18 PM  1000    931894   11.00    0.00    0.00    0.00   11.00    16  tempo
01:15:18 PM  1000    931896    0.00    0.00    0.00    0.00    0.00    20  pyroscope

01:15:17 PM   UID       PID   cswch/s nvcswch/s  Command
01:15:18 PM  1000    931871      0.00      0.00  run-grafana.sh
01:15:18 PM  1000    931873      0.00      0.00  run-loki.sh
01:15:18 PM  1000    931875      0.00      0.00  grafana
01:15:18 PM  1000    931876      0.00      0.00  run-otelcol.sh
01:15:18 PM  1000    931879      0.00      0.00  run-prometheus.
01:15:18 PM  1000    931881     52.00      0.00  otelcol-contrib
01:15:18 PM  1000    931882      0.00      0.00  run-tempo.sh
01:15:18 PM  1000    931889      0.00      0.00  run-pyroscope.s
01:15:18 PM  1000    931891      0.00      0.00  prometheus
01:15:18 PM  1000    931893     47.00      0.00  loki
01:15:18 PM  1000    931894     99.00      7.00  tempo
01:15:18 PM  1000    931896     32.00      0.00  pyroscope

01:15:18 PM   UID       PID    %usr %system  %guest   %wait    %CPU   CPU  Command
01:15:19 PM  1000    931871    0.00    0.00    0.00    0.00    0.00    20  run-grafana.sh
01:15:19 PM  1000    931873    0.00    0.00    0.00    0.00    0.00    18  run-loki.sh
01:15:19 PM  1000    931875    3.00    0.00    0.00    0.00    3.00    18  grafana
01:15:19 PM  1000    931876    0.00    0.00    0.00    0.00    0.00    18  run-otelcol.sh
01:15:19 PM  1000    931879    0.00    0.00    0.00    0.00    0.00    20  run-prometheus.
01:15:19 PM  1000    931881    3.00    0.00    0.00    0.00    3.00    18  otelcol-contrib
01:15:19 PM  1000    931882    0.00    0.00    0.00    0.00    0.00    18  run-tempo.sh
01:15:19 PM  1000    931889    0.00    0.00    0.00    0.00    0.00    16  run-pyroscope.s
01:15:19 PM  1000    931891    0.00    0.00    0.00    0.00    0.00    18  prometheus
01:15:19 PM  1000    931893    1.00    0.00    0.00    0.00    1.00    16  loki
01:15:19 PM  1000    931894   11.00    1.00    0.00    0.00   12.00    18  tempo
01:15:19 PM  1000    931896    0.00    0.00    0.00    0.00    0.00    18  pyroscope

01:15:18 PM   UID       PID   cswch/s nvcswch/s  Command
01:15:19 PM  1000    931871      0.00      0.00  run-grafana.sh
01:15:19 PM  1000    931873      0.00      0.00  run-loki.sh
01:15:19 PM  1000    931875      0.00      0.00  grafana
01:15:19 PM  1000    931876      0.00      0.00  run-otelcol.sh
01:15:19 PM  1000    931879      0.00      0.00  run-prometheus.
01:15:19 PM  1000    931881     47.00      5.00  otelcol-contrib
01:15:19 PM  1000    931882      0.00      0.00  run-tempo.sh
01:15:19 PM  1000    931889      0.00      0.00  run-pyroscope.s
01:15:19 PM  1000    931891      0.00      0.00  prometheus
01:15:19 PM  1000    931893     36.00      0.00  loki
01:15:19 PM  1000    931894     87.00      8.00  tempo
01:15:19 PM  1000    931896     31.00      0.00  pyroscope

01:15:19 PM   UID       PID    %usr %system  %guest   %wait    %CPU   CPU  Command
01:15:20 PM  1000    931871    0.00    0.00    0.00    0.00    0.00    20  run-grafana.sh
01:15:20 PM  1000    931873    0.00    0.00    0.00    0.00    0.00    18  run-loki.sh
01:15:20 PM  1000    931875    0.00    0.00    0.00    0.00    0.00    18  grafana
01:15:20 PM  1000    931876    0.00    0.00    0.00    0.00    0.00    18  run-otelcol.sh
01:15:20 PM  1000    931879    0.00    0.00    0.00    0.00    0.00    20  run-prometheus.
01:15:20 PM  1000    931881    5.00    0.00    0.00    0.00    5.00    20  otelcol-contrib
01:15:20 PM  1000    931882    0.00    0.00    0.00    0.00    0.00    18  run-tempo.sh
01:15:20 PM  1000    931889    0.00    0.00    0.00    0.00    0.00    16  run-pyroscope.s
01:15:20 PM  1000    931891    1.00    0.00    0.00    0.00    1.00    18  prometheus
01:15:20 PM  1000    931893    0.00    0.00    0.00    0.00    0.00    18  loki
01:15:20 PM  1000    931894   51.00    3.00    0.00    0.00   54.00    16  tempo
01:15:20 PM  1000    931896    0.00    0.00    0.00    0.00    0.00    18  pyroscope

01:15:19 PM   UID       PID   cswch/s nvcswch/s  Command
01:15:20 PM  1000    931871      0.00      0.00  run-grafana.sh
01:15:20 PM  1000    931873      0.00      0.00  run-loki.sh
01:15:20 PM  1000    931875      0.00      0.00  grafana
01:15:20 PM  1000    931876      0.00      0.00  run-otelcol.sh
01:15:20 PM  1000    931879      0.00      0.00  run-prometheus.
01:15:20 PM  1000    931881     47.00      0.00  otelcol-contrib
01:15:20 PM  1000    931882      0.00      0.00  run-tempo.sh
01:15:20 PM  1000    931889      0.00      0.00  run-pyroscope.s
01:15:20 PM  1000    931891      0.00      0.00  prometheus
01:15:20 PM  1000    931893     33.00      0.00  loki
01:15:20 PM  1000    931894     87.00     34.00  tempo
01:15:20 PM  1000    931896     30.00      0.00  pyroscope

01:15:20 PM   UID       PID    %usr %system  %guest   %wait    %CPU   CPU  Command
01:15:21 PM  1000    931871    0.00    0.00    0.00    0.00    0.00    20  run-grafana.sh
01:15:21 PM  1000    931873    0.00    0.00    0.00    0.00    0.00    18  run-loki.sh
01:15:21 PM  1000    931875    0.00    0.00    0.00    0.00    0.00    18  grafana
01:15:21 PM  1000    931876    0.00    0.00    0.00    0.00    0.00    18  run-otelcol.sh
01:15:21 PM  1000    931879    0.00    0.00    0.00    0.00    0.00    20  run-prometheus.
01:15:21 PM  1000    931881    3.00    1.00    0.00    1.00    4.00    16  otelcol-contrib
01:15:21 PM  1000    931882    0.00    0.00    0.00    0.00    0.00    18  run-tempo.sh
01:15:21 PM  1000    931889    0.00    0.00    0.00    0.00    0.00    16  run-pyroscope.s
01:15:21 PM  1000    931891    0.00    0.00    0.00    0.00    0.00    18  prometheus
01:15:21 PM  1000    931893    0.00    1.00    0.00    0.00    1.00    18  loki
01:15:21 PM  1000    931894   54.00    7.00    0.00    0.00   61.00    18  tempo
01:15:21 PM  1000    931896    0.00    0.00    0.00    0.00    0.00    18  pyroscope

01:15:20 PM   UID       PID   cswch/s nvcswch/s  Command
01:15:21 PM  1000    931871      0.00      0.00  run-grafana.sh
01:15:21 PM  1000    931873      0.00      0.00  run-loki.sh
01:15:21 PM  1000    931875      0.00      0.00  grafana
01:15:21 PM  1000    931876      0.00      0.00  run-otelcol.sh
01:15:21 PM  1000    931879      0.00      0.00  run-prometheus.
01:15:21 PM  1000    931881     58.00      0.00  otelcol-contrib
01:15:21 PM  1000    931882      0.00      0.00  run-tempo.sh
01:15:21 PM  1000    931889      0.00      0.00  run-pyroscope.s
01:15:21 PM  1000    931891      0.00      0.00  prometheus
01:15:21 PM  1000    931893     31.00      0.00  loki
01:15:21 PM  1000    931894     93.00     21.00  tempo
01:15:21 PM  1000    931896     38.00      0.00  pyroscope

01:15:21 PM   UID       PID    %usr %system  %guest   %wait    %CPU   CPU  Command
01:15:22 PM  1000    931871    0.00    0.00    0.00    0.00    0.00    20  run-grafana.sh
01:15:22 PM  1000    931873    0.00    0.00    0.00    0.00    0.00    18  run-loki.sh
01:15:22 PM  1000    931875    0.00    0.00    0.00    0.00    0.00    18  grafana
01:15:22 PM  1000    931876    0.00    0.00    0.00    0.00    0.00    18  run-otelcol.sh
01:15:22 PM  1000    931879    0.00    0.00    0.00    0.00    0.00    20  run-prometheus.
01:15:22 PM  1000    931881    3.00    0.00    0.00    0.00    3.00    20  otelcol-contrib
01:15:22 PM  1000    931882    0.00    0.00    0.00    0.00    0.00    18  run-tempo.sh
01:15:22 PM  1000    931889    0.00    0.00    0.00    0.00    0.00    16  run-pyroscope.s
01:15:22 PM  1000    931891    0.00    0.00    0.00    0.00    0.00    18  prometheus
01:15:22 PM  1000    931893    0.00    0.00    0.00    0.00    0.00    18  loki
01:15:22 PM  1000    931894   11.00    0.00    0.00    0.00   11.00    20  tempo
01:15:22 PM  1000    931896    1.00    0.00    0.00    0.00    1.00    16  pyroscope

01:15:21 PM   UID       PID   cswch/s nvcswch/s  Command
01:15:22 PM  1000    931871      0.00      0.00  run-grafana.sh
01:15:22 PM  1000    931873      0.00      0.00  run-loki.sh
01:15:22 PM  1000    931875      0.00      0.00  grafana
01:15:22 PM  1000    931876      0.00      0.00  run-otelcol.sh
01:15:22 PM  1000    931879      0.00      0.00  run-prometheus.
01:15:22 PM  1000    931881     63.00      0.00  otelcol-contrib
01:15:22 PM  1000    931882      0.00      0.00  run-tempo.sh
01:15:22 PM  1000    931889      0.00      0.00  run-pyroscope.s
01:15:22 PM  1000    931891      0.00      0.00  prometheus
01:15:22 PM  1000    931893     48.00      0.00  loki
01:15:22 PM  1000    931894     68.00      2.00  tempo
01:15:22 PM  1000    931896     38.00      0.00  pyroscope

01:15:22 PM   UID       PID    %usr %system  %guest   %wait    %CPU   CPU  Command
01:15:23 PM  1000    931871    0.00    0.00    0.00    0.00    0.00    20  run-grafana.sh
01:15:23 PM  1000    931873    0.00    0.00    0.00    0.00    0.00    18  run-loki.sh
01:15:23 PM  1000    931875    0.00    0.00    0.00    0.00    0.00    18  grafana
01:15:23 PM  1000    931876    0.00    0.00    0.00    0.00    0.00    18  run-otelcol.sh
01:15:23 PM  1000    931879    0.00    0.00    0.00    0.00    0.00    20  run-prometheus.
01:15:23 PM  1000    931881    3.00    0.00    0.00    0.00    3.00    16  otelcol-contrib
01:15:23 PM  1000    931882    0.00    0.00    0.00    0.00    0.00    18  run-tempo.sh
01:15:23 PM  1000    931889    0.00    0.00    0.00    0.00    0.00    16  run-pyroscope.s
01:15:23 PM  1000    931891    0.00    0.00    0.00    0.00    0.00    18  prometheus
01:15:23 PM  1000    931893    0.00    0.00    0.00    0.00    0.00    18  loki
01:15:23 PM  1000    931894   64.00    3.00    0.00    1.00   67.00    18  tempo
01:15:23 PM  1000    931896    0.00    0.00    0.00    0.00    0.00    20  pyroscope

01:15:22 PM   UID       PID   cswch/s nvcswch/s  Command
01:15:23 PM  1000    931871      0.00      0.00  run-grafana.sh
01:15:23 PM  1000    931873      0.00      0.00  run-loki.sh
01:15:23 PM  1000    931875      0.00      0.00  grafana
01:15:23 PM  1000    931876      0.00      0.00  run-otelcol.sh
01:15:23 PM  1000    931879      0.00      0.00  run-prometheus.
01:15:23 PM  1000    931881     52.00      4.00  otelcol-contrib
01:15:23 PM  1000    931882      0.00      0.00  run-tempo.sh
01:15:23 PM  1000    931889      0.00      0.00  run-pyroscope.s
01:15:23 PM  1000    931891      0.00      0.00  prometheus
01:15:23 PM  1000    931893     11.00      0.00  loki
01:15:23 PM  1000    931894     98.00      2.00  tempo
01:15:23 PM  1000    931896     36.00      0.00  pyroscope

01:15:23 PM   UID       PID    %usr %system  %guest   %wait    %CPU   CPU  Command
01:15:24 PM  1000    931871    0.00    0.00    0.00    0.00    0.00    20  run-grafana.sh
01:15:24 PM  1000    931873    0.00    0.00    0.00    0.00    0.00    18  run-loki.sh
01:15:24 PM  1000    931875    0.00    0.00    0.00    0.00    0.00    18  grafana
01:15:24 PM  1000    931876    0.00    0.00    0.00    0.00    0.00    18  run-otelcol.sh
01:15:24 PM  1000    931879    0.00    0.00    0.00    0.00    0.00    20  run-prometheus.
01:15:24 PM  1000    931881    3.00    0.00    0.00    1.00    3.00    16  otelcol-contrib
01:15:24 PM  1000    931882    0.00    0.00    0.00    0.00    0.00    18  run-tempo.sh
01:15:24 PM  1000    931889    0.00    0.00    0.00    0.00    0.00    16  run-pyroscope.s
01:15:24 PM  1000    931891    1.00    0.00    0.00    0.00    1.00    18  prometheus
01:15:24 PM  1000    931893    1.00    0.00    0.00    0.00    1.00    18  loki
01:15:24 PM  1000    931894   97.00    8.00    0.00    2.00  105.00    20  tempo
01:15:24 PM  1000    931896    0.00    1.00    0.00    0.00    1.00    20  pyroscope

01:15:23 PM   UID       PID   cswch/s nvcswch/s  Command
01:15:24 PM  1000    931871      0.00      0.00  run-grafana.sh
01:15:24 PM  1000    931873      0.00      0.00  run-loki.sh
01:15:24 PM  1000    931875      0.00      0.00  grafana
01:15:24 PM  1000    931876      0.00      0.00  run-otelcol.sh
01:15:24 PM  1000    931879      0.00      0.00  run-prometheus.
01:15:24 PM  1000    931881     24.00      0.00  otelcol-contrib
01:15:24 PM  1000    931882      0.00      0.00  run-tempo.sh
01:15:24 PM  1000    931889      0.00      0.00  run-pyroscope.s
01:15:24 PM  1000    931891      0.00      0.00  prometheus
01:15:24 PM  1000    931893      0.00      0.00  loki
01:15:24 PM  1000    931894     84.00     62.00  tempo
01:15:24 PM  1000    931896     25.00      0.00  pyroscope

01:15:24 PM   UID       PID    %usr %system  %guest   %wait    %CPU   CPU  Command
01:15:25 PM  1000    931871    0.00    0.00    0.00    0.00    0.00    20  run-grafana.sh
01:15:25 PM  1000    931873    0.00    0.00    0.00    0.00    0.00    18  run-loki.sh
01:15:25 PM  1000    931875    0.00    0.00    0.00    0.00    0.00    18  grafana
01:15:25 PM  1000    931876    0.00    0.00    0.00    0.00    0.00    18  run-otelcol.sh
01:15:25 PM  1000    931879    0.00    0.00    0.00    0.00    0.00    20  run-prometheus.
01:15:25 PM  1000    931881    5.00    0.00    0.00    0.00    5.00    16  otelcol-contrib
01:15:25 PM  1000    931882    0.00    0.00    0.00    0.00    0.00    18  run-tempo.sh
01:15:25 PM  1000    931889    0.00    0.00    0.00    0.00    0.00    16  run-pyroscope.s
01:15:25 PM  1000    931891    0.00    0.00    0.00    0.00    0.00    18  prometheus
01:15:25 PM  1000    931893    0.00    0.00    0.00    0.00    0.00    18  loki
01:15:25 PM  1000    931894  138.00    5.00    0.00    0.00  143.00    18  tempo
01:15:25 PM  1000    931896    0.00    0.00    0.00    0.00    0.00    16  pyroscope

01:15:24 PM   UID       PID   cswch/s nvcswch/s  Command
01:15:25 PM  1000    931871      0.00      0.00  run-grafana.sh
01:15:25 PM  1000    931873      0.00      0.00  run-loki.sh
01:15:25 PM  1000    931875      0.00      0.00  grafana
01:15:25 PM  1000    931876      0.00      0.00  run-otelcol.sh
01:15:25 PM  1000    931879      0.00      0.00  run-prometheus.
01:15:25 PM  1000    931881     38.00      0.00  otelcol-contrib
01:15:25 PM  1000    931882      0.00      0.00  run-tempo.sh
01:15:25 PM  1000    931889      0.00      0.00  run-pyroscope.s
01:15:25 PM  1000    931891      0.00      0.00  prometheus
01:15:25 PM  1000    931893      0.00      0.00  loki
01:15:25 PM  1000    931894     66.00     35.00  tempo
01:15:25 PM  1000    931896     53.00      0.00  pyroscope

01:15:25 PM   UID       PID    %usr %system  %guest   %wait    %CPU   CPU  Command
01:15:26 PM  1000    931871    0.00    0.00    0.00    0.00    0.00    20  run-grafana.sh
01:15:26 PM  1000    931873    0.00    0.00    0.00    0.00    0.00    18  run-loki.sh
01:15:26 PM  1000    931875    0.00    0.00    0.00    0.00    0.00    18  grafana
01:15:26 PM  1000    931876    0.00    0.00    0.00    0.00    0.00    18  run-otelcol.sh
01:15:26 PM  1000    931879    0.00    0.00    0.00    0.00    0.00    20  run-prometheus.
01:15:26 PM  1000    931881    3.00    1.00    0.00    0.00    4.00    20  otelcol-contrib
01:15:26 PM  1000    931882    0.00    0.00    0.00    0.00    0.00    18  run-tempo.sh
01:15:26 PM  1000    931889    0.00    0.00    0.00    0.00    0.00    16  run-pyroscope.s
01:15:26 PM  1000    931891    0.00    0.00    0.00    0.00    0.00    18  prometheus
01:15:26 PM  1000    931893    0.00    0.00    0.00    0.00    0.00    18  loki
01:15:26 PM  1000    931894  131.00    1.00    0.00    0.00  132.00    16  tempo
01:15:26 PM  1000    931896    0.00    0.00    0.00    0.00    0.00    18  pyroscope

01:15:25 PM   UID       PID   cswch/s nvcswch/s  Command
01:15:26 PM  1000    931871      0.00      0.00  run-grafana.sh
01:15:26 PM  1000    931873      0.00      0.00  run-loki.sh
01:15:26 PM  1000    931875      0.00      0.00  grafana
01:15:26 PM  1000    931876      0.00      0.00  run-otelcol.sh
01:15:26 PM  1000    931879      0.00      0.00  run-prometheus.
01:15:26 PM  1000    931881     27.00      0.00  otelcol-contrib
01:15:26 PM  1000    931882      0.00      0.00  run-tempo.sh
01:15:26 PM  1000    931889      0.00      0.00  run-pyroscope.s
01:15:26 PM  1000    931891      0.00      0.00  prometheus
01:15:26 PM  1000    931893      0.00      0.00  loki
01:15:26 PM  1000    931894     39.00     33.00  tempo
01:15:26 PM  1000    931896     47.00      0.00  pyroscope

01:15:26 PM   UID       PID    %usr %system  %guest   %wait    %CPU   CPU  Command
01:15:27 PM  1000    931871    0.00    0.00    0.00    0.00    0.00    20  run-grafana.sh
01:15:27 PM  1000    931873    0.00    0.00    0.00    0.00    0.00    18  run-loki.sh
01:15:27 PM  1000    931875    0.00    0.00    0.00    0.00    0.00    18  grafana
01:15:27 PM  1000    931876    0.00    0.00    0.00    0.00    0.00    18  run-otelcol.sh
01:15:27 PM  1000    931879    0.00    0.00    0.00    0.00    0.00    20  run-prometheus.
01:15:27 PM  1000    931881    3.00    0.00    0.00    0.00    3.00    16  otelcol-contrib
01:15:27 PM  1000    931882    0.00    0.00    0.00    0.00    0.00    18  run-tempo.sh
01:15:27 PM  1000    931889    0.00    0.00    0.00    0.00    0.00    16  run-pyroscope.s
01:15:27 PM  1000    931891    0.00    0.00    0.00    0.00    0.00    18  prometheus
01:15:27 PM  1000    931893    0.00    0.00    0.00    0.00    0.00    16  loki
01:15:27 PM  1000    931894   87.00    9.00    0.00    1.00   96.00    16  tempo
01:15:27 PM  1000    931896    4.00    0.00    0.00    1.00    4.00    16  pyroscope

01:15:26 PM   UID       PID   cswch/s nvcswch/s  Command
01:15:27 PM  1000    931871      0.00      0.00  run-grafana.sh
01:15:27 PM  1000    931873      0.00      0.00  run-loki.sh
01:15:27 PM  1000    931875      0.00      0.00  grafana
01:15:27 PM  1000    931876      0.00      0.00  run-otelcol.sh
01:15:27 PM  1000    931879      0.00      0.00  run-prometheus.
01:15:27 PM  1000    931881     38.00      0.00  otelcol-contrib
01:15:27 PM  1000    931882      0.00      0.00  run-tempo.sh
01:15:27 PM  1000    931889      0.00      0.00  run-pyroscope.s
01:15:27 PM  1000    931891      0.00      0.00  prometheus
01:15:27 PM  1000    931893     13.00      0.00  loki
01:15:27 PM  1000    931894    110.00     80.00  tempo
01:15:27 PM  1000    931896     34.00      7.00  pyroscope

01:15:27 PM   UID       PID    %usr %system  %guest   %wait    %CPU   CPU  Command
01:15:28 PM  1000    931871    0.00    0.00    0.00    0.00    0.00    20  run-grafana.sh
01:15:28 PM  1000    931873    0.00    0.00    0.00    0.00    0.00    18  run-loki.sh
01:15:28 PM  1000    931875    0.00    0.00    0.00    0.00    0.00    18  grafana
01:15:28 PM  1000    931876    0.00    0.00    0.00    0.00    0.00    18  run-otelcol.sh
01:15:28 PM  1000    931879    0.00    0.00    0.00    0.00    0.00    20  run-prometheus.
01:15:28 PM  1000    931881    3.00    0.00    0.00    0.00    3.00    16  otelcol-contrib
01:15:28 PM  1000    931882    0.00    0.00    0.00    0.00    0.00    18  run-tempo.sh
01:15:28 PM  1000    931889    0.00    0.00    0.00    0.00    0.00    16  run-pyroscope.s
01:15:28 PM  1000    931891    0.00    0.00    0.00    0.00    0.00    18  prometheus
01:15:28 PM  1000    931893    1.00    0.00    0.00    0.00    1.00    18  loki
01:15:28 PM  1000    931894   12.00    0.00    0.00    0.00   12.00    16  tempo
01:15:28 PM  1000    931896    0.00    0.00    0.00    0.00    0.00    16  pyroscope

01:15:27 PM   UID       PID   cswch/s nvcswch/s  Command
01:15:28 PM  1000    931871      0.00      0.00  run-grafana.sh
01:15:28 PM  1000    931873      0.00      0.00  run-loki.sh
01:15:28 PM  1000    931875      0.00      0.00  grafana
01:15:28 PM  1000    931876      0.00      0.00  run-otelcol.sh
01:15:28 PM  1000    931879      0.00      0.00  run-prometheus.
01:15:28 PM  1000    931881     53.00      1.00  otelcol-contrib
01:15:28 PM  1000    931882      0.00      0.00  run-tempo.sh
01:15:28 PM  1000    931889      0.00      0.00  run-pyroscope.s
01:15:28 PM  1000    931891      0.00      0.00  prometheus
01:15:28 PM  1000    931893     42.00      0.00  loki
01:15:28 PM  1000    931894     99.00      5.00  tempo
01:15:28 PM  1000    931896      0.00      0.00  pyroscope

01:15:28 PM   UID       PID    %usr %system  %guest   %wait    %CPU   CPU  Command
01:15:29 PM  1000    931871    0.00    0.00    0.00    0.00    0.00    20  run-grafana.sh
01:15:29 PM  1000    931873    0.00    0.00    0.00    0.00    0.00    18  run-loki.sh
01:15:29 PM  1000    931875    3.00    1.00    0.00    0.00    4.00    18  grafana
01:15:29 PM  1000    931876    0.00    0.00    0.00    0.00    0.00    18  run-otelcol.sh
01:15:29 PM  1000    931879    0.00    0.00    0.00    0.00    0.00    20  run-prometheus.
01:15:29 PM  1000    931881    5.00    0.00    0.00    0.00    5.00    16  otelcol-contrib
01:15:29 PM  1000    931882    0.00    0.00    0.00    0.00    0.00    18  run-tempo.sh
01:15:29 PM  1000    931889    0.00    0.00    0.00    0.00    0.00    16  run-pyroscope.s
01:15:29 PM  1000    931891    0.00    0.00    0.00    0.00    0.00    18  prometheus
01:15:29 PM  1000    931893    0.00    0.00    0.00    0.00    0.00    18  loki
01:15:29 PM  1000    931894   10.00    0.00    0.00    0.00   10.00    20  tempo
01:15:29 PM  1000    931896    0.00    0.00    0.00    0.00    0.00    16  pyroscope

01:15:28 PM   UID       PID   cswch/s nvcswch/s  Command
01:15:29 PM  1000    931871      0.00      0.00  run-grafana.sh
01:15:29 PM  1000    931873      0.00      0.00  run-loki.sh
01:15:29 PM  1000    931875      0.00      0.00  grafana
01:15:29 PM  1000    931876      0.00      0.00  run-otelcol.sh
01:15:29 PM  1000    931879      0.00      0.00  run-prometheus.
01:15:29 PM  1000    931881     63.00      3.00  otelcol-contrib
01:15:29 PM  1000    931882      0.00      0.00  run-tempo.sh
01:15:29 PM  1000    931889      0.00      0.00  run-pyroscope.s
01:15:29 PM  1000    931891      0.00      0.00  prometheus
01:15:29 PM  1000    931893      7.00      0.00  loki
01:15:29 PM  1000    931894     96.00      9.00  tempo
01:15:29 PM  1000    931896      0.00      0.00  pyroscope

01:15:29 PM   UID       PID    %usr %system  %guest   %wait    %CPU   CPU  Command
01:15:30 PM  1000    931871    0.00    0.00    0.00    0.00    0.00    20  run-grafana.sh
01:15:30 PM  1000    931873    0.00    0.00    0.00    0.00    0.00    18  run-loki.sh
01:15:30 PM  1000    931875    0.00    0.00    0.00    0.00    0.00    18  grafana
01:15:30 PM  1000    931876    0.00    0.00    0.00    0.00    0.00    18  run-otelcol.sh
01:15:30 PM  1000    931879    0.00    0.00    0.00    0.00    0.00    20  run-prometheus.
01:15:30 PM  1000    931881    3.00    0.00    0.00    1.00    3.00    20  otelcol-contrib
01:15:30 PM  1000    931882    0.00    0.00    0.00    0.00    0.00    18  run-tempo.sh
01:15:30 PM  1000    931889    0.00    0.00    0.00    0.00    0.00    16  run-pyroscope.s
01:15:30 PM  1000    931891    0.00    0.00    0.00    0.00    0.00    18  prometheus
01:15:30 PM  1000    931893    0.00    0.00    0.00    0.00    0.00    18  loki
01:15:30 PM  1000    931894   46.00    2.00    0.00    0.00   48.00    18  tempo
01:15:30 PM  1000    931896    0.00    0.00    0.00    0.00    0.00    16  pyroscope

01:15:29 PM   UID       PID   cswch/s nvcswch/s  Command
01:15:30 PM  1000    931871      0.00      0.00  run-grafana.sh
01:15:30 PM  1000    931873      0.00      0.00  run-loki.sh
01:15:30 PM  1000    931875      0.00      0.00  grafana
01:15:30 PM  1000    931876      0.00      0.00  run-otelcol.sh
01:15:30 PM  1000    931879      0.00      0.00  run-prometheus.
01:15:30 PM  1000    931881     50.00      5.00  otelcol-contrib
01:15:30 PM  1000    931882      0.00      0.00  run-tempo.sh
01:15:30 PM  1000    931889      0.00      0.00  run-pyroscope.s
01:15:30 PM  1000    931891      0.00      0.00  prometheus
01:15:30 PM  1000    931893     37.00      0.00  loki
01:15:30 PM  1000    931894     87.00     28.00  tempo
01:15:30 PM  1000    931896      0.00      0.00  pyroscope

01:15:30 PM   UID       PID    %usr %system  %guest   %wait    %CPU   CPU  Command
01:15:31 PM  1000    931871    0.00    0.00    0.00    0.00    0.00    20  run-grafana.sh
01:15:31 PM  1000    931873    0.00    0.00    0.00    0.00    0.00    18  run-loki.sh
01:15:31 PM  1000    931875    0.00    0.00    0.00    0.00    0.00    18  grafana
01:15:31 PM  1000    931876    0.00    0.00    0.00    0.00    0.00    18  run-otelcol.sh
01:15:31 PM  1000    931879    0.00    0.00    0.00    0.00    0.00    20  run-prometheus.
01:15:31 PM  1000    931881    3.00    1.00    0.00    0.00    4.00    18  otelcol-contrib
01:15:31 PM  1000    931882    0.00    0.00    0.00    0.00    0.00    18  run-tempo.sh
01:15:31 PM  1000    931889    0.00    0.00    0.00    0.00    0.00    16  run-pyroscope.s
01:15:31 PM  1000    931891    0.00    0.00    0.00    0.00    0.00    18  prometheus
01:15:31 PM  1000    931893    0.00    0.00    0.00    0.00    0.00    20  loki
01:15:31 PM  1000    931894   33.00    2.00    0.00    0.00   35.00    16  tempo
01:15:31 PM  1000    931896    1.00    0.00    0.00    0.00    1.00    16  pyroscope

01:15:30 PM   UID       PID   cswch/s nvcswch/s  Command
01:15:31 PM  1000    931871      0.00      0.00  run-grafana.sh
01:15:31 PM  1000    931873      0.00      0.00  run-loki.sh
01:15:31 PM  1000    931875      0.00      0.00  grafana
01:15:31 PM  1000    931876      0.00      0.00  run-otelcol.sh
01:15:31 PM  1000    931879      0.00      0.00  run-prometheus.
01:15:31 PM  1000    931881     36.00      0.00  otelcol-contrib
01:15:31 PM  1000    931882      0.00      0.00  run-tempo.sh
01:15:31 PM  1000    931889      0.00      0.00  run-pyroscope.s
01:15:31 PM  1000    931891      0.00      0.00  prometheus
01:15:31 PM  1000    931893     45.00      0.00  loki
01:15:31 PM  1000    931894    103.00     10.00  tempo
01:15:31 PM  1000    931896      0.00      0.00  pyroscope

01:15:31 PM   UID       PID    %usr %system  %guest   %wait    %CPU   CPU  Command
01:15:32 PM  1000    931871    0.00    0.00    0.00    0.00    0.00    20  run-grafana.sh
01:15:32 PM  1000    931873    0.00    0.00    0.00    0.00    0.00    18  run-loki.sh
01:15:32 PM  1000    931875    0.00    0.00    0.00    0.00    0.00    18  grafana
01:15:32 PM  1000    931876    0.00    0.00    0.00    0.00    0.00    18  run-otelcol.sh
01:15:32 PM  1000    931879    0.00    0.00    0.00    0.00    0.00    20  run-prometheus.
01:15:32 PM  1000    931881    3.00    0.00    0.00    0.00    3.00    16  otelcol-contrib
01:15:32 PM  1000    931882    0.00    0.00    0.00    0.00    0.00    18  run-tempo.sh
01:15:32 PM  1000    931889    0.00    0.00    0.00    0.00    0.00    16  run-pyroscope.s
01:15:32 PM  1000    931891    0.00    0.00    0.00    0.00    0.00    18  prometheus
01:15:32 PM  1000    931893    1.00    0.00    0.00    0.00    1.00    18  loki
01:15:32 PM  1000    931894   32.00    4.00    0.00    1.00   36.00    18  tempo
01:15:32 PM  1000    931896    0.00    0.00    0.00    0.00    0.00    16  pyroscope

01:15:31 PM   UID       PID   cswch/s nvcswch/s  Command
01:15:32 PM  1000    931871      0.00      0.00  run-grafana.sh
01:15:32 PM  1000    931873      0.00      0.00  run-loki.sh
01:15:32 PM  1000    931875      0.00      0.00  grafana
01:15:32 PM  1000    931876      0.00      0.00  run-otelcol.sh
01:15:32 PM  1000    931879      0.00      0.00  run-prometheus.
01:15:32 PM  1000    931881     54.00      0.00  otelcol-contrib
01:15:32 PM  1000    931882      0.00      0.00  run-tempo.sh
01:15:32 PM  1000    931889      0.00      0.00  run-pyroscope.s
01:15:32 PM  1000    931891      0.00      0.00  prometheus
01:15:32 PM  1000    931893     34.00      0.00  loki
01:15:32 PM  1000    931894     98.00      0.00  tempo
01:15:32 PM  1000    931896      0.00      0.00  pyroscope

01:15:32 PM   UID       PID    %usr %system  %guest   %wait    %CPU   CPU  Command
01:15:33 PM  1000    931871    0.00    0.00    0.00    0.00    0.00    20  run-grafana.sh
01:15:33 PM  1000    931873    0.00    0.00    0.00    0.00    0.00    18  run-loki.sh
01:15:33 PM  1000    931875    0.00    0.00    0.00    0.00    0.00    18  grafana
01:15:33 PM  1000    931876    0.00    0.00    0.00    0.00    0.00    18  run-otelcol.sh
01:15:33 PM  1000    931879    0.00    0.00    0.00    0.00    0.00    20  run-prometheus.
01:15:33 PM  1000    931881    3.00    1.00    0.00    0.00    4.00    20  otelcol-contrib
01:15:33 PM  1000    931882    0.00    0.00    0.00    0.00    0.00    18  run-tempo.sh
01:15:33 PM  1000    931889    0.00    0.00    0.00    0.00    0.00    16  run-pyroscope.s
01:15:33 PM  1000    931891    1.00    0.00    0.00    0.00    1.00    18  prometheus
01:15:33 PM  1000    931893    0.00    0.00    0.00    0.00    0.00    20  loki
01:15:33 PM  1000    931894   39.00    1.00    0.00    0.00   40.00    18  tempo
01:15:33 PM  1000    931896    0.00    1.00    0.00    0.00    1.00    16  pyroscope

01:15:32 PM   UID       PID   cswch/s nvcswch/s  Command
01:15:33 PM  1000    931871      0.00      0.00  run-grafana.sh
01:15:33 PM  1000    931873      0.00      0.00  run-loki.sh
01:15:33 PM  1000    931875      0.00      0.00  grafana
01:15:33 PM  1000    931876      0.00      0.00  run-otelcol.sh
01:15:33 PM  1000    931879      0.00      0.00  run-prometheus.
01:15:33 PM  1000    931881     39.00      0.00  otelcol-contrib
01:15:33 PM  1000    931882      0.00      0.00  run-tempo.sh
01:15:33 PM  1000    931889      0.00      0.00  run-pyroscope.s
01:15:33 PM  1000    931891      0.00      0.00  prometheus
01:15:33 PM  1000    931893     22.00      0.00  loki
01:15:33 PM  1000    931894     77.00     17.00  tempo
01:15:33 PM  1000    931896      0.00      0.00  pyroscope

01:15:33 PM   UID       PID    %usr %system  %guest   %wait    %CPU   CPU  Command
01:15:34 PM  1000    931871    0.00    0.00    0.00    0.00    0.00    20  run-grafana.sh
01:15:34 PM  1000    931873    0.00    0.00    0.00    0.00    0.00    18  run-loki.sh
01:15:34 PM  1000    931875    0.00    0.00    0.00    0.00    0.00    18  grafana
01:15:34 PM  1000    931876    0.00    0.00    0.00    0.00    0.00    18  run-otelcol.sh
01:15:34 PM  1000    931879    0.00    0.00    0.00    0.00    0.00    20  run-prometheus.
01:15:34 PM  1000    931881    4.95    0.00    0.00    0.00    4.95    16  otelcol-contrib
01:15:34 PM  1000    931882    0.00    0.00    0.00    0.00    0.00    18  run-tempo.sh
01:15:34 PM  1000    931889    0.00    0.00    0.00    0.00    0.00    16  run-pyroscope.s
01:15:34 PM  1000    931891    0.00    0.99    0.00    0.00    0.99    18  prometheus
01:15:34 PM  1000    931893    0.00    0.00    0.00    0.00    0.00    20  loki
01:15:34 PM  1000    931894   38.61    0.99    0.00    0.99   39.60    18  tempo
01:15:34 PM  1000    931896    0.00    0.00    0.00    0.00    0.00    20  pyroscope

01:15:33 PM   UID       PID   cswch/s nvcswch/s  Command
01:15:34 PM  1000    931871      0.00      0.00  run-grafana.sh
01:15:34 PM  1000    931873      0.00      0.00  run-loki.sh
01:15:34 PM  1000    931875      0.00      0.00  grafana
01:15:34 PM  1000    931876      0.00      0.00  run-otelcol.sh
01:15:34 PM  1000    931879      0.00      0.00  run-prometheus.
01:15:34 PM  1000    931881     54.46      0.00  otelcol-contrib
01:15:34 PM  1000    931882      0.00      0.00  run-tempo.sh
01:15:34 PM  1000    931889      0.00      0.00  run-pyroscope.s
01:15:34 PM  1000    931891      0.00      0.00  prometheus
01:15:34 PM  1000    931893     32.67      0.00  loki
01:15:34 PM  1000    931894    100.00      9.90  tempo
01:15:34 PM  1000    931896     10.89      0.00  pyroscope

01:15:34 PM   UID       PID    %usr %system  %guest   %wait    %CPU   CPU  Command
01:15:35 PM  1000    931871    0.00    0.00    0.00    0.00    0.00    20  run-grafana.sh
01:15:35 PM  1000    931873    0.00    0.00    0.00    0.00    0.00    18  run-loki.sh
01:15:35 PM  1000    931875    1.00    0.00    0.00    0.00    1.00    18  grafana
01:15:35 PM  1000    931876    0.00    0.00    0.00    0.00    0.00    18  run-otelcol.sh
01:15:35 PM  1000    931879    0.00    0.00    0.00    0.00    0.00    20  run-prometheus.
01:15:35 PM  1000    931881    3.00    0.00    0.00    0.00    3.00    18  otelcol-contrib
01:15:35 PM  1000    931882    0.00    0.00    0.00    0.00    0.00    18  run-tempo.sh
01:15:35 PM  1000    931889    0.00    0.00    0.00    0.00    0.00    16  run-pyroscope.s
01:15:35 PM  1000    931891    0.00    0.00    0.00    0.00    0.00    18  prometheus
01:15:35 PM  1000    931893    0.00    0.00    0.00    0.00    0.00    18  loki
01:15:35 PM  1000    931894   21.00    1.00    0.00    0.00   22.00    20  tempo
01:15:35 PM  1000    931896    0.00    0.00    0.00    0.00    0.00    20  pyroscope

01:15:34 PM   UID       PID   cswch/s nvcswch/s  Command
01:15:35 PM  1000    931871      0.00      0.00  run-grafana.sh
01:15:35 PM  1000    931873      0.00      0.00  run-loki.sh
01:15:35 PM  1000    931875      0.00      0.00  grafana
01:15:35 PM  1000    931876      0.00      0.00  run-otelcol.sh
01:15:35 PM  1000    931879      0.00      0.00  run-prometheus.
01:15:35 PM  1000    931881     52.00      0.00  otelcol-contrib
01:15:35 PM  1000    931882      0.00      0.00  run-tempo.sh
01:15:35 PM  1000    931889      0.00      0.00  run-pyroscope.s
01:15:35 PM  1000    931891      0.00      0.00  prometheus
01:15:35 PM  1000    931893     12.00      0.00  loki
01:15:35 PM  1000    931894     98.00     59.00  tempo
01:15:35 PM  1000    931896     16.00      0.00  pyroscope

01:15:35 PM   UID       PID    %usr %system  %guest   %wait    %CPU   CPU  Command
01:15:36 PM  1000    931871    0.00    0.00    0.00    0.00    0.00    20  run-grafana.sh
01:15:36 PM  1000    931873    0.00    0.00    0.00    0.00    0.00    18  run-loki.sh
01:15:36 PM  1000    931875    0.00    0.00    0.00    0.00    0.00    18  grafana
01:15:36 PM  1000    931876    0.00    0.00    0.00    0.00    0.00    18  run-otelcol.sh
01:15:36 PM  1000    931879    0.00    0.00    0.00    0.00    0.00    20  run-prometheus.
01:15:36 PM  1000    931881    3.00    0.00    0.00    0.00    3.00    18  otelcol-contrib
01:15:36 PM  1000    931882    0.00    0.00    0.00    0.00    0.00    18  run-tempo.sh
01:15:36 PM  1000    931889    0.00    0.00    0.00    0.00    0.00    16  run-pyroscope.s
01:15:36 PM  1000    931891    0.00    0.00    0.00    0.00    0.00    18  prometheus
01:15:36 PM  1000    931893    1.00    0.00    0.00    0.00    1.00    18  loki
01:15:36 PM  1000    931894   31.00    2.00    0.00    0.00   33.00    20  tempo
01:15:36 PM  1000    931896    0.00    0.00    0.00    0.00    0.00    20  pyroscope

01:15:35 PM   UID       PID   cswch/s nvcswch/s  Command
01:15:36 PM  1000    931871      0.00      0.00  run-grafana.sh
01:15:36 PM  1000    931873      0.00      0.00  run-loki.sh
01:15:36 PM  1000    931875      0.00      0.00  grafana
01:15:36 PM  1000    931876      0.00      0.00  run-otelcol.sh
01:15:36 PM  1000    931879      0.00      0.00  run-prometheus.
01:15:36 PM  1000    931881     49.00      0.00  otelcol-contrib
01:15:36 PM  1000    931882      0.00      0.00  run-tempo.sh
01:15:36 PM  1000    931889      0.00      0.00  run-pyroscope.s
01:15:36 PM  1000    931891      0.00      0.00  prometheus
01:15:36 PM  1000    931893     39.00      0.00  loki
01:15:36 PM  1000    931894     86.00     20.00  tempo
01:15:36 PM  1000    931896      0.00      0.00  pyroscope

01:15:36 PM   UID       PID    %usr %system  %guest   %wait    %CPU   CPU  Command
01:15:37 PM  1000    931871    0.00    0.00    0.00    0.00    0.00    20  run-grafana.sh
01:15:37 PM  1000    931873    0.00    0.00    0.00    0.00    0.00    18  run-loki.sh
01:15:37 PM  1000    931875    0.00    0.00    0.00    0.00    0.00    18  grafana
01:15:37 PM  1000    931876    0.00    0.00    0.00    0.00    0.00    18  run-otelcol.sh
01:15:37 PM  1000    931879    0.00    0.00    0.00    0.00    0.00    20  run-prometheus.
01:15:37 PM  1000    931881    3.00    1.00    0.00    0.00    4.00    18  otelcol-contrib
01:15:37 PM  1000    931882    0.00    0.00    0.00    0.00    0.00    18  run-tempo.sh
01:15:37 PM  1000    931889    0.00    0.00    0.00    0.00    0.00    16  run-pyroscope.s
01:15:37 PM  1000    931891    0.00    0.00    0.00    0.00    0.00    18  prometheus
01:15:37 PM  1000    931893    0.00    1.00    0.00    0.00    1.00    18  loki
01:15:37 PM  1000    931894   37.00    3.00    0.00    0.00   40.00    16  tempo
01:15:37 PM  1000    931896    1.00    0.00    0.00    0.00    1.00    18  pyroscope

01:15:36 PM   UID       PID   cswch/s nvcswch/s  Command
01:15:37 PM  1000    931871      0.00      0.00  run-grafana.sh
01:15:37 PM  1000    931873      0.00      0.00  run-loki.sh
01:15:37 PM  1000    931875      0.00      0.00  grafana
01:15:37 PM  1000    931876      0.00      0.00  run-otelcol.sh
01:15:37 PM  1000    931879      0.00      0.00  run-prometheus.
01:15:37 PM  1000    931881     48.00      2.00  otelcol-contrib
01:15:37 PM  1000    931882      0.00      0.00  run-tempo.sh
01:15:37 PM  1000    931889      0.00      0.00  run-pyroscope.s
01:15:37 PM  1000    931891      0.00      0.00  prometheus
01:15:37 PM  1000    931893     53.00      0.00  loki
01:15:37 PM  1000    931894    117.00      1.00  tempo
01:15:37 PM  1000    931896     34.00      0.00  pyroscope

01:15:37 PM   UID       PID    %usr %system  %guest   %wait    %CPU   CPU  Command
01:15:38 PM  1000    931871    0.00    0.00    0.00    0.00    0.00    20  run-grafana.sh
01:15:38 PM  1000    931873    0.00    0.00    0.00    0.00    0.00    18  run-loki.sh
01:15:38 PM  1000    931875    0.00    0.00    0.00    0.00    0.00    18  grafana
01:15:38 PM  1000    931876    0.00    0.00    0.00    0.00    0.00    18  run-otelcol.sh
01:15:38 PM  1000    931879    0.00    0.00    0.00    0.00    0.00    20  run-prometheus.
01:15:38 PM  1000    931881    3.00    0.00    0.00    0.00    3.00    20  otelcol-contrib
01:15:38 PM  1000    931882    0.00    0.00    0.00    0.00    0.00    18  run-tempo.sh
01:15:38 PM  1000    931889    0.00    0.00    0.00    0.00    0.00    16  run-pyroscope.s
01:15:38 PM  1000    931891    0.00    0.00    0.00    0.00    0.00    18  prometheus
01:15:38 PM  1000    931893    0.00    0.00    0.00    0.00    0.00    20  loki
01:15:38 PM  1000    931894   16.00    1.00    0.00    0.00   17.00    16  tempo
01:15:38 PM  1000    931896    0.00    0.00    0.00    0.00    0.00    18  pyroscope

01:15:37 PM   UID       PID   cswch/s nvcswch/s  Command
01:15:38 PM  1000    931871      0.00      0.00  run-grafana.sh
01:15:38 PM  1000    931873      0.00      0.00  run-loki.sh
01:15:38 PM  1000    931875      0.00      0.00  grafana
01:15:38 PM  1000    931876      0.00      0.00  run-otelcol.sh
01:15:38 PM  1000    931879      0.00      0.00  run-prometheus.
01:15:38 PM  1000    931881     56.00      2.00  otelcol-contrib
01:15:38 PM  1000    931882      0.00      0.00  run-tempo.sh
01:15:38 PM  1000    931889      0.00      0.00  run-pyroscope.s
01:15:38 PM  1000    931891      0.00      0.00  prometheus
01:15:38 PM  1000    931893      9.00      0.00  loki
01:15:38 PM  1000    931894     89.00      7.00  tempo
01:15:38 PM  1000    931896      0.00      0.00  pyroscope

01:15:38 PM   UID       PID    %usr %system  %guest   %wait    %CPU   CPU  Command
01:15:39 PM  1000    931871    0.00    0.00    0.00    0.00    0.00    20  run-grafana.sh
01:15:39 PM  1000    931873    0.00    0.00    0.00    0.00    0.00    18  run-loki.sh
01:15:39 PM  1000    931875    2.00    0.00    0.00    0.00    2.00    18  grafana
01:15:39 PM  1000    931876    0.00    0.00    0.00    0.00    0.00    18  run-otelcol.sh
01:15:39 PM  1000    931879    0.00    0.00    0.00    0.00    0.00    20  run-prometheus.
01:15:39 PM  1000    931881    4.00    0.00    0.00    0.00    4.00    20  otelcol-contrib
01:15:39 PM  1000    931882    0.00    0.00    0.00    0.00    0.00    18  run-tempo.sh
01:15:39 PM  1000    931889    0.00    0.00    0.00    0.00    0.00    16  run-pyroscope.s
01:15:39 PM  1000    931891    0.00    0.00    0.00    0.00    0.00    18  prometheus
01:15:39 PM  1000    931893    0.00    0.00    0.00    0.00    0.00    16  loki
01:15:39 PM  1000    931894   36.00    4.00    0.00    0.00   40.00    16  tempo
01:15:39 PM  1000    931896    0.00    0.00    0.00    0.00    0.00    18  pyroscope

01:15:38 PM   UID       PID   cswch/s nvcswch/s  Command
01:15:39 PM  1000    931871      0.00      0.00  run-grafana.sh
01:15:39 PM  1000    931873      0.00      0.00  run-loki.sh
01:15:39 PM  1000    931875      0.00      0.00  grafana
01:15:39 PM  1000    931876      0.00      0.00  run-otelcol.sh
01:15:39 PM  1000    931879      0.00      0.00  run-prometheus.
01:15:39 PM  1000    931881     54.00      0.00  otelcol-contrib
01:15:39 PM  1000    931882      0.00      0.00  run-tempo.sh
01:15:39 PM  1000    931889      0.00      0.00  run-pyroscope.s
01:15:39 PM  1000    931891      0.00      0.00  prometheus
01:15:39 PM  1000    931893     21.00      0.00  loki
01:15:39 PM  1000    931894     93.00     14.00  tempo
01:15:39 PM  1000    931896     35.00      0.00  pyroscope

01:15:39 PM   UID       PID    %usr %system  %guest   %wait    %CPU   CPU  Command
01:15:40 PM  1000    931871    0.00    0.00    0.00    0.00    0.00    20  run-grafana.sh
01:15:40 PM  1000    931873    0.00    0.00    0.00    0.00    0.00    18  run-loki.sh
01:15:40 PM  1000    931875    0.00    0.00    0.00    0.00    0.00    18  grafana
01:15:40 PM  1000    931876    0.00    0.00    0.00    0.00    0.00    18  run-otelcol.sh
01:15:40 PM  1000    931879    0.00    0.00    0.00    0.00    0.00    20  run-prometheus.
01:15:40 PM  1000    931881    4.00    0.00    0.00    0.00    4.00    18  otelcol-contrib
01:15:40 PM  1000    931882    0.00    0.00    0.00    0.00    0.00    18  run-tempo.sh
01:15:40 PM  1000    931889    0.00    0.00    0.00    0.00    0.00    16  run-pyroscope.s
01:15:40 PM  1000    931891    0.00    0.00    0.00    0.00    0.00    18  prometheus
01:15:40 PM  1000    931893    0.00    0.00    0.00    0.00    0.00    18  loki
01:15:40 PM  1000    931894   11.00    0.00    0.00    0.00   11.00    20  tempo
01:15:40 PM  1000    931896    0.00    0.00    0.00    0.00    0.00    16  pyroscope

01:15:39 PM   UID       PID   cswch/s nvcswch/s  Command
01:15:40 PM  1000    931871      0.00      0.00  run-grafana.sh
01:15:40 PM  1000    931873      0.00      0.00  run-loki.sh
01:15:40 PM  1000    931875      0.00      0.00  grafana
01:15:40 PM  1000    931876      0.00      0.00  run-otelcol.sh
01:15:40 PM  1000    931879      0.00      0.00  run-prometheus.
01:15:40 PM  1000    931881     74.00      8.00  otelcol-contrib
01:15:40 PM  1000    931882      0.00      0.00  run-tempo.sh
01:15:40 PM  1000    931889      0.00      0.00  run-pyroscope.s
01:15:40 PM  1000    931891      0.00      0.00  prometheus
01:15:40 PM  1000    931893     42.00      0.00  loki
01:15:40 PM  1000    931894    110.00      5.00  tempo
01:15:40 PM  1000    931896     35.00      0.00  pyroscope

01:15:40 PM   UID       PID    %usr %system  %guest   %wait    %CPU   CPU  Command
01:15:41 PM  1000    931871    0.00    0.00    0.00    0.00    0.00    20  run-grafana.sh
01:15:41 PM  1000    931873    0.00    0.00    0.00    0.00    0.00    18  run-loki.sh
01:15:41 PM  1000    931875    1.00    0.00    0.00    0.00    1.00    18  grafana
01:15:41 PM  1000    931876    0.00    0.00    0.00    0.00    0.00    18  run-otelcol.sh
01:15:41 PM  1000    931879    0.00    0.00    0.00    0.00    0.00    20  run-prometheus.
01:15:41 PM  1000    931881    3.00    1.00    0.00    0.00    4.00    18  otelcol-contrib
01:15:41 PM  1000    931882    0.00    0.00    0.00    0.00    0.00    18  run-tempo.sh
01:15:41 PM  1000    931889    0.00    0.00    0.00    0.00    0.00    16  run-pyroscope.s
01:15:41 PM  1000    931891    0.00    0.00    0.00    0.00    0.00    18  prometheus
01:15:41 PM  1000    931893    0.00    0.00    0.00    0.00    0.00    16  loki
01:15:41 PM  1000    931894   60.00    1.00    0.00    0.00   61.00    18  tempo
01:15:41 PM  1000    931896    0.00    0.00    0.00    0.00    0.00    18  pyroscope

01:15:40 PM   UID       PID   cswch/s nvcswch/s  Command
01:15:41 PM  1000    931871      0.00      0.00  run-grafana.sh
01:15:41 PM  1000    931873      0.00      0.00  run-loki.sh
01:15:41 PM  1000    931875      0.00      0.00  grafana
01:15:41 PM  1000    931876      0.00      0.00  run-otelcol.sh
01:15:41 PM  1000    931879      0.00      0.00  run-prometheus.
01:15:41 PM  1000    931881     54.00      0.00  otelcol-contrib
01:15:41 PM  1000    931882      0.00      0.00  run-tempo.sh
01:15:41 PM  1000    931889      0.00      0.00  run-pyroscope.s
01:15:41 PM  1000    931891      0.00      0.00  prometheus
01:15:41 PM  1000    931893     34.00      0.00  loki
01:15:41 PM  1000    931894     93.00      8.00  tempo
01:15:41 PM  1000    931896     28.00      0.00  pyroscope

01:15:41 PM   UID       PID    %usr %system  %guest   %wait    %CPU   CPU  Command
01:15:42 PM  1000    931871    0.00    0.00    0.00    0.00    0.00    20  run-grafana.sh
01:15:42 PM  1000    931873    0.00    0.00    0.00    0.00    0.00    18  run-loki.sh
01:15:42 PM  1000    931875    0.00    0.00    0.00    0.00    0.00    18  grafana
01:15:42 PM  1000    931876    0.00    0.00    0.00    0.00    0.00    18  run-otelcol.sh
01:15:42 PM  1000    931879    0.00    0.00    0.00    0.00    0.00    20  run-prometheus.
01:15:42 PM  1000    931881    3.00    0.00    0.00    0.00    3.00    16  otelcol-contrib
01:15:42 PM  1000    931882    0.00    0.00    0.00    0.00    0.00    18  run-tempo.sh
01:15:42 PM  1000    931889    0.00    0.00    0.00    0.00    0.00    16  run-pyroscope.s
01:15:42 PM  1000    931891    0.00    0.00    0.00    0.00    0.00    18  prometheus
01:15:42 PM  1000    931893    2.00    0.00    0.00    0.00    2.00    18  loki
01:15:42 PM  1000    931894   13.00    1.00    0.00    1.00   14.00    20  tempo
01:15:42 PM  1000    931896    4.00    0.00    0.00    0.00    4.00    16  pyroscope

01:15:41 PM   UID       PID   cswch/s nvcswch/s  Command
01:15:42 PM  1000    931871      0.00      0.00  run-grafana.sh
01:15:42 PM  1000    931873      0.00      0.00  run-loki.sh
01:15:42 PM  1000    931875      0.00      0.00  grafana
01:15:42 PM  1000    931876      0.00      0.00  run-otelcol.sh
01:15:42 PM  1000    931879      0.00      0.00  run-prometheus.
01:15:42 PM  1000    931881     55.00      0.00  otelcol-contrib
01:15:42 PM  1000    931882      0.00      0.00  run-tempo.sh
01:15:42 PM  1000    931889      0.00      0.00  run-pyroscope.s
01:15:42 PM  1000    931891      0.00      0.00  prometheus
01:15:42 PM  1000    931893     33.00      0.00  loki
01:15:42 PM  1000    931894    101.00      3.00  tempo
01:15:42 PM  1000    931896     32.00      0.00  pyroscope

01:15:42 PM   UID       PID    %usr %system  %guest   %wait    %CPU   CPU  Command
01:15:43 PM  1000    931871    0.00    0.00    0.00    0.00    0.00    20  run-grafana.sh
01:15:43 PM  1000    931873    0.00    0.00    0.00    0.00    0.00    18  run-loki.sh
01:15:43 PM  1000    931875    0.00    0.00    0.00    0.00    0.00    18  grafana
01:15:43 PM  1000    931876    0.00    0.00    0.00    0.00    0.00    18  run-otelcol.sh
01:15:43 PM  1000    931879    0.00    0.00    0.00    0.00    0.00    20  run-prometheus.
01:15:43 PM  1000    931881    3.00    0.00    0.00    0.00    3.00    18  otelcol-contrib
01:15:43 PM  1000    931882    0.00    0.00    0.00    0.00    0.00    18  run-tempo.sh
01:15:43 PM  1000    931889    0.00    0.00    0.00    0.00    0.00    16  run-pyroscope.s
01:15:43 PM  1000    931891    1.00    0.00    0.00    0.00    1.00    18  prometheus
01:15:43 PM  1000    931893    0.00    0.00    0.00    0.00    0.00    18  loki
01:15:43 PM  1000    931894   39.00    1.00    0.00    0.00   40.00    16  tempo
01:15:43 PM  1000    931896    0.00    0.00    0.00    0.00    0.00    16  pyroscope

01:15:42 PM   UID       PID   cswch/s nvcswch/s  Command
01:15:43 PM  1000    931871      0.00      0.00  run-grafana.sh
01:15:43 PM  1000    931873      0.00      0.00  run-loki.sh
01:15:43 PM  1000    931875      0.00      0.00  grafana
01:15:43 PM  1000    931876      0.00      0.00  run-otelcol.sh
01:15:43 PM  1000    931879      0.00      0.00  run-prometheus.
01:15:43 PM  1000    931881     67.00      0.00  otelcol-contrib
01:15:43 PM  1000    931882      0.00      0.00  run-tempo.sh
01:15:43 PM  1000    931889      0.00      0.00  run-pyroscope.s
01:15:43 PM  1000    931891      0.00      0.00  prometheus
01:15:43 PM  1000    931893      0.00      0.00  loki
01:15:43 PM  1000    931894     90.00      6.00  tempo
01:15:43 PM  1000    931896      0.00      0.00  pyroscope

01:15:43 PM   UID       PID    %usr %system  %guest   %wait    %CPU   CPU  Command
01:15:44 PM  1000    931871    0.00    0.00    0.00    0.00    0.00    20  run-grafana.sh
01:15:44 PM  1000    931873    0.00    0.00    0.00    0.00    0.00    18  run-loki.sh
01:15:44 PM  1000    931875    0.00    0.00    0.00    0.00    0.00    18  grafana
01:15:44 PM  1000    931876    0.00    0.00    0.00    0.00    0.00    18  run-otelcol.sh
01:15:44 PM  1000    931879    0.00    0.00    0.00    0.00    0.00    20  run-prometheus.
01:15:44 PM  1000    931881    5.00    1.00    0.00    0.00    6.00    16  otelcol-contrib
01:15:44 PM  1000    931882    0.00    0.00    0.00    0.00    0.00    18  run-tempo.sh
01:15:44 PM  1000    931889    0.00    0.00    0.00    0.00    0.00    16  run-pyroscope.s
01:15:44 PM  1000    931891    1.00    0.00    0.00    0.00    1.00    18  prometheus
01:15:44 PM  1000    931893    0.00    0.00    0.00    0.00    0.00    18  loki
01:15:44 PM  1000    931894   47.00    4.00    0.00    0.00   51.00    20  tempo
01:15:44 PM  1000    931896    0.00    0.00    0.00    0.00    0.00    16  pyroscope

01:15:43 PM   UID       PID   cswch/s nvcswch/s  Command
01:15:44 PM  1000    931871      0.00      0.00  run-grafana.sh
01:15:44 PM  1000    931873      0.00      0.00  run-loki.sh
01:15:44 PM  1000    931875      0.00      0.00  grafana
01:15:44 PM  1000    931876      0.00      0.00  run-otelcol.sh
01:15:44 PM  1000    931879      0.00      0.00  run-prometheus.
01:15:44 PM  1000    931881     54.00      0.00  otelcol-contrib
01:15:44 PM  1000    931882      0.00      0.00  run-tempo.sh
01:15:44 PM  1000    931889      0.00      0.00  run-pyroscope.s
01:15:44 PM  1000    931891      1.00      0.00  prometheus
01:15:44 PM  1000    931893      1.00      0.00  loki
01:15:44 PM  1000    931894     45.00      1.00  tempo
01:15:44 PM  1000    931896      0.00      0.00  pyroscope

01:15:44 PM   UID       PID    %usr %system  %guest   %wait    %CPU   CPU  Command
01:15:45 PM  1000    931871    0.00    0.00    0.00    0.00    0.00    20  run-grafana.sh
01:15:45 PM  1000    931873    0.00    0.00    0.00    0.00    0.00    18  run-loki.sh
01:15:45 PM  1000    931875    0.00    0.00    0.00    0.00    0.00    18  grafana
01:15:45 PM  1000    931876    0.00    0.00    0.00    0.00    0.00    18  run-otelcol.sh
01:15:45 PM  1000    931879    0.00    0.00    0.00    0.00    0.00    20  run-prometheus.
01:15:45 PM  1000    931881    3.00    0.00    0.00    0.00    3.00    20  otelcol-contrib
01:15:45 PM  1000    931882    0.00    0.00    0.00    0.00    0.00    18  run-tempo.sh
01:15:45 PM  1000    931889    0.00    0.00    0.00    0.00    0.00    16  run-pyroscope.s
01:15:45 PM  1000    931891    0.00    0.00    0.00    0.00    0.00    18  prometheus
01:15:45 PM  1000    931893    1.00    0.00    0.00    0.00    1.00    18  loki
01:15:45 PM  1000    931894   31.00    3.00    0.00    0.00   34.00    20  tempo
01:15:45 PM  1000    931896    0.00    1.00    0.00    0.00    1.00    16  pyroscope

01:15:44 PM   UID       PID   cswch/s nvcswch/s  Command
01:15:45 PM  1000    931871      0.00      0.00  run-grafana.sh
01:15:45 PM  1000    931873      0.00      0.00  run-loki.sh
01:15:45 PM  1000    931875      0.00      0.00  grafana
01:15:45 PM  1000    931876      0.00      0.00  run-otelcol.sh
01:15:45 PM  1000    931879      0.00      0.00  run-prometheus.
01:15:45 PM  1000    931881     50.00      0.00  otelcol-contrib
01:15:45 PM  1000    931882      0.00      0.00  run-tempo.sh
01:15:45 PM  1000    931889      0.00      0.00  run-pyroscope.s
01:15:45 PM  1000    931891      2.00      0.00  prometheus
01:15:45 PM  1000    931893      0.00      0.00  loki
01:15:45 PM  1000    931894      0.00      0.00  tempo
01:15:45 PM  1000    931896      0.00      0.00  pyroscope

01:15:45 PM   UID       PID    %usr %system  %guest   %wait    %CPU   CPU  Command
01:15:46 PM  1000    931871    0.00    0.00    0.00    0.00    0.00    20  run-grafana.sh
01:15:46 PM  1000    931873    0.00    0.00    0.00    0.00    0.00    18  run-loki.sh
01:15:46 PM  1000    931875    0.00    0.00    0.00    0.00    0.00    18  grafana
01:15:46 PM  1000    931876    0.00    0.00    0.00    0.00    0.00    18  run-otelcol.sh
01:15:46 PM  1000    931879    0.00    0.00    0.00    0.00    0.00    20  run-prometheus.
01:15:46 PM  1000    931881    3.00    0.00    0.00    0.00    3.00    20  otelcol-contrib
01:15:46 PM  1000    931882    0.00    0.00    0.00    0.00    0.00    18  run-tempo.sh
01:15:46 PM  1000    931889    0.00    0.00    0.00    0.00    0.00    16  run-pyroscope.s
01:15:46 PM  1000    931891    0.00    0.00    0.00    0.00    0.00    18  prometheus
01:15:46 PM  1000    931893    0.00    1.00    0.00    0.00    1.00    18  loki
01:15:46 PM  1000    931894   22.00    1.00    0.00    0.00   23.00    20  tempo
01:15:46 PM  1000    931896    0.00    0.00    0.00    0.00    0.00    16  pyroscope

01:15:45 PM   UID       PID   cswch/s nvcswch/s  Command
01:15:46 PM  1000    931871      0.00      0.00  run-grafana.sh
01:15:46 PM  1000    931873      0.00      0.00  run-loki.sh
01:15:46 PM  1000    931875      0.00      0.00  grafana
01:15:46 PM  1000    931876      0.00      0.00  run-otelcol.sh
01:15:46 PM  1000    931879      0.00      0.00  run-prometheus.
01:15:46 PM  1000    931881     51.00      0.00  otelcol-contrib
01:15:46 PM  1000    931882      0.00      0.00  run-tempo.sh
01:15:46 PM  1000    931889      0.00      0.00  run-pyroscope.s
01:15:46 PM  1000    931891      4.00      0.00  prometheus
01:15:46 PM  1000    931893      0.00      0.00  loki
01:15:46 PM  1000    931894      0.00      0.00  tempo
01:15:46 PM  1000    931896      0.00      0.00  pyroscope

01:15:46 PM   UID       PID    %usr %system  %guest   %wait    %CPU   CPU  Command
01:15:47 PM  1000    931871    0.00    0.00    0.00    0.00    0.00    20  run-grafana.sh
01:15:47 PM  1000    931873    0.00    0.00    0.00    0.00    0.00    18  run-loki.sh
01:15:47 PM  1000    931875    0.00    0.00    0.00    0.00    0.00    18  grafana
01:15:47 PM  1000    931876    0.00    0.00    0.00    0.00    0.00    18  run-otelcol.sh
01:15:47 PM  1000    931879    0.00    0.00    0.00    0.00    0.00    20  run-prometheus.
01:15:47 PM  1000    931881    3.00    0.00    0.00    0.00    3.00    20  otelcol-contrib
01:15:47 PM  1000    931882    0.00    0.00    0.00    0.00    0.00    18  run-tempo.sh
01:15:47 PM  1000    931889    0.00    0.00    0.00    0.00    0.00    16  run-pyroscope.s
01:15:47 PM  1000    931891    0.00    0.00    0.00    0.00    0.00    18  prometheus
01:15:47 PM  1000    931893    0.00    0.00    0.00    0.00    0.00    18  loki
01:15:47 PM  1000    931894   29.00    3.00    0.00    0.00   32.00    20  tempo
01:15:47 PM  1000    931896    0.00    0.00    0.00    0.00    0.00    16  pyroscope

01:15:46 PM   UID       PID   cswch/s nvcswch/s  Command
01:15:47 PM  1000    931871      0.00      0.00  run-grafana.sh
01:15:47 PM  1000    931873      0.00      0.00  run-loki.sh
01:15:47 PM  1000    931875      0.00      0.00  grafana
01:15:47 PM  1000    931876      0.00      0.00  run-otelcol.sh
01:15:47 PM  1000    931879      0.00      0.00  run-prometheus.
01:15:47 PM  1000    931881     39.00      0.00  otelcol-contrib
01:15:47 PM  1000    931882      0.00      0.00  run-tempo.sh
01:15:47 PM  1000    931889      0.00      0.00  run-pyroscope.s
01:15:47 PM  1000    931891      6.00      0.00  prometheus
01:15:47 PM  1000    931893      0.00      0.00  loki
01:15:47 PM  1000    931894      0.00      0.00  tempo
01:15:47 PM  1000    931896      0.00      0.00  pyroscope

01:15:47 PM   UID       PID    %usr %system  %guest   %wait    %CPU   CPU  Command
01:15:48 PM  1000    931871    0.00    0.00    0.00    0.00    0.00    20  run-grafana.sh
01:15:48 PM  1000    931873    0.00    0.00    0.00    0.00    0.00    18  run-loki.sh
01:15:48 PM  1000    931875    0.00    0.00    0.00    0.00    0.00    18  grafana
01:15:48 PM  1000    931876    0.00    0.00    0.00    0.00    0.00    18  run-otelcol.sh
01:15:48 PM  1000    931879    0.00    0.00    0.00    0.00    0.00    20  run-prometheus.
01:15:48 PM  1000    931881    3.00    0.00    0.00    0.00    3.00    18  otelcol-contrib
01:15:48 PM  1000    931882    0.00    0.00    0.00    0.00    0.00    18  run-tempo.sh
01:15:48 PM  1000    931889    0.00    0.00    0.00    0.00    0.00    16  run-pyroscope.s
01:15:48 PM  1000    931891    0.00    0.00    0.00    0.00    0.00    20  prometheus
01:15:48 PM  1000    931893    0.00    0.00    0.00    0.00    0.00    18  loki
01:15:48 PM  1000    931894   32.00    2.00    0.00    0.00   34.00    20  tempo
01:15:48 PM  1000    931896    0.00    0.00    0.00    0.00    0.00    16  pyroscope

01:15:47 PM   UID       PID   cswch/s nvcswch/s  Command
01:15:48 PM  1000    931871      0.00      0.00  run-grafana.sh
01:15:48 PM  1000    931873      0.00      0.00  run-loki.sh
01:15:48 PM  1000    931875      0.00      0.00  grafana
01:15:48 PM  1000    931876      0.00      0.00  run-otelcol.sh
01:15:48 PM  1000    931879      0.00      0.00  run-prometheus.
01:15:48 PM  1000    931881     53.00      0.00  otelcol-contrib
01:15:48 PM  1000    931882      0.00      0.00  run-tempo.sh
01:15:48 PM  1000    931889      0.00      0.00  run-pyroscope.s
01:15:48 PM  1000    931891      2.00      0.00  prometheus
01:15:48 PM  1000    931893      0.00      0.00  loki
01:15:48 PM  1000    931894      9.00      0.00  tempo
01:15:48 PM  1000    931896      0.00      0.00  pyroscope

01:15:48 PM   UID       PID    %usr %system  %guest   %wait    %CPU   CPU  Command
01:15:49 PM  1000    931871    0.00    0.00    0.00    0.00    0.00    20  run-grafana.sh
01:15:49 PM  1000    931873    0.00    0.00    0.00    0.00    0.00    18  run-loki.sh
01:15:49 PM  1000    931875    3.00    0.00    0.00    0.00    3.00    18  grafana
01:15:49 PM  1000    931876    0.00    0.00    0.00    0.00    0.00    18  run-otelcol.sh
01:15:49 PM  1000    931879    0.00    0.00    0.00    0.00    0.00    20  run-prometheus.
01:15:49 PM  1000    931881    5.00    0.00    0.00    0.00    5.00    18  otelcol-contrib
01:15:49 PM  1000    931882    0.00    0.00    0.00    0.00    0.00    18  run-tempo.sh
01:15:49 PM  1000    931889    0.00    0.00    0.00    0.00    0.00    16  run-pyroscope.s
01:15:49 PM  1000    931891    0.00    0.00    0.00    0.00    0.00    20  prometheus
01:15:49 PM  1000    931893    1.00    0.00    0.00    0.00    1.00    18  loki
01:15:49 PM  1000    931894   33.00    3.00    0.00    0.00   36.00    18  tempo
01:15:49 PM  1000    931896    0.00    0.00    0.00    0.00    0.00    16  pyroscope

01:15:48 PM   UID       PID   cswch/s nvcswch/s  Command
01:15:49 PM  1000    931871      0.00      0.00  run-grafana.sh
01:15:49 PM  1000    931873      0.00      0.00  run-loki.sh
01:15:49 PM  1000    931875      0.00      0.00  grafana
01:15:49 PM  1000    931876      0.00      0.00  run-otelcol.sh
01:15:49 PM  1000    931879      0.00      0.00  run-prometheus.
01:15:49 PM  1000    931881     60.00     54.00  otelcol-contrib
01:15:49 PM  1000    931882      0.00      0.00  run-tempo.sh
01:15:49 PM  1000    931889      0.00      0.00  run-pyroscope.s
01:15:49 PM  1000    931891      2.00      0.00  prometheus
01:15:49 PM  1000    931893      0.00      0.00  loki
01:15:49 PM  1000    931894     67.00     10.00  tempo
01:15:49 PM  1000    931896      0.00      0.00  pyroscope

01:15:49 PM   UID       PID    %usr %system  %guest   %wait    %CPU   CPU  Command
01:15:50 PM  1000    931871    0.00    0.00    0.00    0.00    0.00    20  run-grafana.sh
01:15:50 PM  1000    931873    0.00    0.00    0.00    0.00    0.00    18  run-loki.sh
01:15:50 PM  1000    931875    0.00    0.00    0.00    0.00    0.00    18  grafana
01:15:50 PM  1000    931876    0.00    0.00    0.00    0.00    0.00    18  run-otelcol.sh
01:15:50 PM  1000    931879    0.00    0.00    0.00    0.00    0.00    20  run-prometheus.
01:15:50 PM  1000    931881    3.00    0.00    0.00    0.00    3.00    16  otelcol-contrib
01:15:50 PM  1000    931882    0.00    0.00    0.00    0.00    0.00    18  run-tempo.sh
01:15:50 PM  1000    931889    0.00    0.00    0.00    0.00    0.00    16  run-pyroscope.s
01:15:50 PM  1000    931891    1.00    0.00    0.00    0.00    1.00    20  prometheus
01:15:50 PM  1000    931893    0.00    0.00    0.00    0.00    0.00    18  loki
01:15:50 PM  1000    931894   34.00    1.00    0.00    1.00   35.00    20  tempo
01:15:50 PM  1000    931896    0.00    0.00    0.00    0.00    0.00    16  pyroscope

01:15:49 PM   UID       PID   cswch/s nvcswch/s  Command
01:15:50 PM  1000    931871      0.00      0.00  run-grafana.sh
01:15:50 PM  1000    931873      0.00      0.00  run-loki.sh
01:15:50 PM  1000    931875      0.00      0.00  grafana
01:15:50 PM  1000    931876      0.00      0.00  run-otelcol.sh
01:15:50 PM  1000    931879      0.00      0.00  run-prometheus.
01:15:50 PM  1000    931881     58.00      5.00  otelcol-contrib
01:15:50 PM  1000    931882      0.00      0.00  run-tempo.sh
01:15:50 PM  1000    931889      0.00      0.00  run-pyroscope.s
01:15:50 PM  1000    931891      1.00      0.00  prometheus
01:15:50 PM  1000    931893      0.00      0.00  loki
01:15:50 PM  1000    931894     68.00      5.00  tempo
01:15:50 PM  1000    931896      0.00      0.00  pyroscope

01:15:50 PM   UID       PID    %usr %system  %guest   %wait    %CPU   CPU  Command
01:15:51 PM  1000    931871    0.00    0.00    0.00    0.00    0.00    20  run-grafana.sh
01:15:51 PM  1000    931873    0.00    0.00    0.00    0.00    0.00    18  run-loki.sh
01:15:51 PM  1000    931875    0.00    0.00    0.00    0.00    0.00    18  grafana
01:15:51 PM  1000    931876    0.00    0.00    0.00    0.00    0.00    18  run-otelcol.sh
01:15:51 PM  1000    931879    0.00    0.00    0.00    0.00    0.00    20  run-prometheus.
01:15:51 PM  1000    931881    3.00    1.00    0.00    0.00    4.00    20  otelcol-contrib
01:15:51 PM  1000    931882    0.00    0.00    0.00    0.00    0.00    18  run-tempo.sh
01:15:51 PM  1000    931889    0.00    0.00    0.00    0.00    0.00    16  run-pyroscope.s
01:15:51 PM  1000    931891    0.00    0.00    0.00    0.00    0.00    16  prometheus
01:15:51 PM  1000    931893    0.00    0.00    0.00    0.00    0.00    18  loki
01:15:51 PM  1000    931894   10.00    1.00    0.00    0.00   11.00    18  tempo
01:15:51 PM  1000    931896    1.00    0.00    0.00    0.00    1.00    16  pyroscope

01:15:50 PM   UID       PID   cswch/s nvcswch/s  Command
01:15:51 PM  1000    931871      0.00      0.00  run-grafana.sh
01:15:51 PM  1000    931873      0.00      0.00  run-loki.sh
01:15:51 PM  1000    931875      0.00      0.00  grafana
01:15:51 PM  1000    931876      0.00      0.00  run-otelcol.sh
01:15:51 PM  1000    931879      0.00      0.00  run-prometheus.
01:15:51 PM  1000    931881     61.00      0.00  otelcol-contrib
01:15:51 PM  1000    931882      0.00      0.00  run-tempo.sh
01:15:51 PM  1000    931889      0.00      0.00  run-pyroscope.s
01:15:51 PM  1000    931891      3.00      0.00  prometheus
01:15:51 PM  1000    931893      0.00      0.00  loki
01:15:51 PM  1000    931894    104.00     14.00  tempo
01:15:51 PM  1000    931896      0.00      0.00  pyroscope

01:15:51 PM   UID       PID    %usr %system  %guest   %wait    %CPU   CPU  Command
01:15:52 PM  1000    931871    0.00    0.00    0.00    0.00    0.00    20  run-grafana.sh
01:15:52 PM  1000    931873    0.00    0.00    0.00    0.00    0.00    18  run-loki.sh
01:15:52 PM  1000    931875    0.00    0.00    0.00    0.00    0.00    18  grafana
01:15:52 PM  1000    931876    0.00    0.00    0.00    0.00    0.00    18  run-otelcol.sh
01:15:52 PM  1000    931879    0.00    0.00    0.00    0.00    0.00    20  run-prometheus.
01:15:52 PM  1000    931881    3.00    0.00    0.00    0.00    3.00    18  otelcol-contrib
01:15:52 PM  1000    931882    0.00    0.00    0.00    0.00    0.00    18  run-tempo.sh
01:15:52 PM  1000    931889    0.00    0.00    0.00    0.00    0.00    16  run-pyroscope.s
01:15:52 PM  1000    931891    0.00    0.00    0.00    0.00    0.00    18  prometheus
01:15:52 PM  1000    931893    0.00    0.00    0.00    0.00    0.00    18  loki
01:15:52 PM  1000    931894   10.00    0.00    0.00    0.00   10.00    20  tempo
01:15:52 PM  1000    931896    0.00    0.00    0.00    0.00    0.00    16  pyroscope

01:15:51 PM   UID       PID   cswch/s nvcswch/s  Command
01:15:52 PM  1000    931871      0.00      0.00  run-grafana.sh
01:15:52 PM  1000    931873      0.00      0.00  run-loki.sh
01:15:52 PM  1000    931875      0.00      0.00  grafana
01:15:52 PM  1000    931876      0.00      0.00  run-otelcol.sh
01:15:52 PM  1000    931879      0.00      0.00  run-prometheus.
01:15:52 PM  1000    931881     50.00      2.00  otelcol-contrib
01:15:52 PM  1000    931882      0.00      0.00  run-tempo.sh
01:15:52 PM  1000    931889      0.00      0.00  run-pyroscope.s
01:15:52 PM  1000    931891      4.00      0.00  prometheus
01:15:52 PM  1000    931893      0.00      0.00  loki
01:15:52 PM  1000    931894    107.00      5.00  tempo
01:15:52 PM  1000    931896      0.00      0.00  pyroscope

01:15:52 PM   UID       PID    %usr %system  %guest   %wait    %CPU   CPU  Command
01:15:53 PM  1000    931871    0.00    0.00    0.00    0.00    0.00    20  run-grafana.sh
01:15:53 PM  1000    931873    0.00    0.00    0.00    0.00    0.00    18  run-loki.sh
01:15:53 PM  1000    931875    0.00    0.00    0.00    0.00    0.00    18  grafana
01:15:53 PM  1000    931876    0.00    0.00    0.00    0.00    0.00    18  run-otelcol.sh
01:15:53 PM  1000    931879    0.00    0.00    0.00    0.00    0.00    20  run-prometheus.
01:15:53 PM  1000    931881    3.00    0.00    0.00    0.00    3.00    20  otelcol-contrib
01:15:53 PM  1000    931882    0.00    0.00    0.00    0.00    0.00    18  run-tempo.sh
01:15:53 PM  1000    931889    0.00    0.00    0.00    0.00    0.00    16  run-pyroscope.s
01:15:53 PM  1000    931891    0.00    0.00    0.00    0.00    0.00    20  prometheus
01:15:53 PM  1000    931893    0.00    0.00    0.00    0.00    0.00    18  loki
01:15:53 PM  1000    931894   30.00    3.00    0.00    0.00   33.00    20  tempo
01:15:53 PM  1000    931896    0.00    0.00    0.00    0.00    0.00    20  pyroscope

01:15:52 PM   UID       PID   cswch/s nvcswch/s  Command
01:15:53 PM  1000    931871      0.00      0.00  run-grafana.sh
01:15:53 PM  1000    931873      0.00      0.00  run-loki.sh
01:15:53 PM  1000    931875      0.00      0.00  grafana
01:15:53 PM  1000    931876      0.00      0.00  run-otelcol.sh
01:15:53 PM  1000    931879      0.00      0.00  run-prometheus.
01:15:53 PM  1000    931881     52.00      0.00  otelcol-contrib
01:15:53 PM  1000    931882      0.00      0.00  run-tempo.sh
01:15:53 PM  1000    931889      0.00      0.00  run-pyroscope.s
01:15:53 PM  1000    931891      3.00      0.00  prometheus
01:15:53 PM  1000    931893      0.00      0.00  loki
01:15:53 PM  1000    931894     44.00      2.00  tempo
01:15:53 PM  1000    931896      6.00      0.00  pyroscope

01:15:53 PM   UID       PID    %usr %system  %guest   %wait    %CPU   CPU  Command
01:15:54 PM  1000    931871    0.00    0.00    0.00    0.00    0.00    20  run-grafana.sh
01:15:54 PM  1000    931873    0.00    0.00    0.00    0.00    0.00    18  run-loki.sh
01:15:54 PM  1000    931875    0.00    0.00    0.00    0.00    0.00    18  grafana
01:15:54 PM  1000    931876    0.00    0.00    0.00    0.00    0.00    18  run-otelcol.sh
01:15:54 PM  1000    931879    0.00    0.00    0.00    0.00    0.00    20  run-prometheus.
01:15:54 PM  1000    931881    5.00    0.00    0.00    0.00    5.00    18  otelcol-contrib
01:15:54 PM  1000    931882    0.00    0.00    0.00    0.00    0.00    18  run-tempo.sh
01:15:54 PM  1000    931889    0.00    0.00    0.00    0.00    0.00    16  run-pyroscope.s
01:15:54 PM  1000    931891    0.00    0.00    0.00    0.00    0.00    18  prometheus
01:15:54 PM  1000    931893    0.00    1.00    0.00    0.00    1.00    18  loki
01:15:54 PM  1000    931894   68.00    4.00    0.00    0.00   72.00    18  tempo
01:15:54 PM  1000    931896    0.00    0.00    0.00    0.00    0.00    20  pyroscope

01:15:53 PM   UID       PID   cswch/s nvcswch/s  Command
01:15:54 PM  1000    931871      0.00      0.00  run-grafana.sh
01:15:54 PM  1000    931873      0.00      0.00  run-loki.sh
01:15:54 PM  1000    931875      0.00      0.00  grafana
01:15:54 PM  1000    931876      0.00      0.00  run-otelcol.sh
01:15:54 PM  1000    931879      0.00      0.00  run-prometheus.
01:15:54 PM  1000    931881     43.00      0.00  otelcol-contrib
01:15:54 PM  1000    931882      0.00      0.00  run-tempo.sh
01:15:54 PM  1000    931889      0.00      0.00  run-pyroscope.s
01:15:54 PM  1000    931891      1.00      0.00  prometheus
01:15:54 PM  1000    931893      0.00      0.00  loki
01:15:54 PM  1000    931894     38.00      3.00  tempo
01:15:54 PM  1000    931896     10.00      0.00  pyroscope

01:15:54 PM   UID       PID    %usr %system  %guest   %wait    %CPU   CPU  Command
01:15:55 PM  1000    931871    0.00    0.00    0.00    0.00    0.00    20  run-grafana.sh
01:15:55 PM  1000    931873    0.00    0.00    0.00    0.00    0.00    18  run-loki.sh
01:15:55 PM  1000    931875    0.00    0.00    0.00    0.00    0.00    18  grafana
01:15:55 PM  1000    931876    0.00    0.00    0.00    0.00    0.00    18  run-otelcol.sh
01:15:55 PM  1000    931879    0.00    0.00    0.00    0.00    0.00    20  run-prometheus.
01:15:55 PM  1000    931881    3.00    1.00    0.00    0.00    4.00    18  otelcol-contrib
01:15:55 PM  1000    931882    0.00    0.00    0.00    0.00    0.00    18  run-tempo.sh
01:15:55 PM  1000    931889    0.00    0.00    0.00    0.00    0.00    16  run-pyroscope.s
01:15:55 PM  1000    931891    0.00    0.00    0.00    0.00    0.00    16  prometheus
01:15:55 PM  1000    931893    0.00    0.00    0.00    0.00    0.00    18  loki
01:15:55 PM  1000    931894   21.00    2.00    0.00    0.00   23.00    16  tempo
01:15:55 PM  1000    931896    0.00    0.00    0.00    0.00    0.00    20  pyroscope

01:15:54 PM   UID       PID   cswch/s nvcswch/s  Command
01:15:55 PM  1000    931871      0.00      0.00  run-grafana.sh
01:15:55 PM  1000    931873      0.00      0.00  run-loki.sh
01:15:55 PM  1000    931875      0.00      0.00  grafana
01:15:55 PM  1000    931876      0.00      0.00  run-otelcol.sh
01:15:55 PM  1000    931879      0.00      0.00  run-prometheus.
01:15:55 PM  1000    931881     56.00      0.00  otelcol-contrib
01:15:55 PM  1000    931882      0.00      0.00  run-tempo.sh
01:15:55 PM  1000    931889      0.00      0.00  run-pyroscope.s
01:15:55 PM  1000    931891      3.00      0.00  prometheus
01:15:55 PM  1000    931893      0.00      0.00  loki
01:15:55 PM  1000    931894     96.00      6.00  tempo
01:15:55 PM  1000    931896      3.00      0.00  pyroscope

01:15:55 PM   UID       PID    %usr %system  %guest   %wait    %CPU   CPU  Command
01:15:56 PM  1000    931871    0.00    0.00    0.00    0.00    0.00    20  run-grafana.sh
01:15:56 PM  1000    931873    0.00    0.00    0.00    0.00    0.00    18  run-loki.sh
01:15:56 PM  1000    931875    0.00    1.00    0.00    0.00    1.00    18  grafana
01:15:56 PM  1000    931876    0.00    0.00    0.00    0.00    0.00    18  run-otelcol.sh
01:15:56 PM  1000    931879    0.00    0.00    0.00    0.00    0.00    20  run-prometheus.
01:15:56 PM  1000    931881    3.00    0.00    0.00    0.00    3.00    18  otelcol-contrib
01:15:56 PM  1000    931882    0.00    0.00    0.00    0.00    0.00    18  run-tempo.sh
01:15:56 PM  1000    931889    0.00    0.00    0.00    0.00    0.00    16  run-pyroscope.s
01:15:56 PM  1000    931891    0.00    0.00    0.00    0.00    0.00    18  prometheus
01:15:56 PM  1000    931893    1.00    0.00    0.00    0.00    1.00    18  loki
01:15:56 PM  1000    931894   11.00    0.00    0.00    0.00   11.00    20  tempo
01:15:56 PM  1000    931896    1.00    1.00    0.00    0.00    2.00    16  pyroscope

01:15:55 PM   UID       PID   cswch/s nvcswch/s  Command
01:15:56 PM  1000    931871      0.00      0.00  run-grafana.sh
01:15:56 PM  1000    931873      0.00      0.00  run-loki.sh
01:15:56 PM  1000    931875      0.00      0.00  grafana
01:15:56 PM  1000    931876      0.00      0.00  run-otelcol.sh
01:15:56 PM  1000    931879      0.00      0.00  run-prometheus.
01:15:56 PM  1000    931881     60.00      0.00  otelcol-contrib
01:15:56 PM  1000    931882      0.00      0.00  run-tempo.sh
01:15:56 PM  1000    931889      0.00      0.00  run-pyroscope.s
01:15:56 PM  1000    931891      4.00      0.00  prometheus
01:15:56 PM  1000    931893      0.00      0.00  loki
01:15:56 PM  1000    931894     91.00      2.00  tempo
01:15:56 PM  1000    931896     41.00      0.00  pyroscope

01:15:56 PM   UID       PID    %usr %system  %guest   %wait    %CPU   CPU  Command
01:15:57 PM  1000    931871    0.00    0.00    0.00    0.00    0.00    20  run-grafana.sh
01:15:57 PM  1000    931873    0.00    0.00    0.00    0.00    0.00    18  run-loki.sh
01:15:57 PM  1000    931875    0.00    0.00    0.00    0.00    0.00    18  grafana
01:15:57 PM  1000    931876    0.00    0.00    0.00    0.00    0.00    18  run-otelcol.sh
01:15:57 PM  1000    931879    0.00    0.00    0.00    0.00    0.00    20  run-prometheus.
01:15:57 PM  1000    931881    3.00    0.00    0.00    1.00    3.00    16  otelcol-contrib
01:15:57 PM  1000    931882    0.00    0.00    0.00    0.00    0.00    18  run-tempo.sh
01:15:57 PM  1000    931889    0.00    0.00    0.00    0.00    0.00    16  run-pyroscope.s
01:15:57 PM  1000    931891    0.00    0.00    0.00    0.00    0.00    16  prometheus
01:15:57 PM  1000    931893    0.00    0.00    0.00    0.00    0.00    18  loki
01:15:57 PM  1000    931894   41.00    3.00    0.00    1.00   44.00    16  tempo
01:15:57 PM  1000    931896    3.00    0.00    0.00    0.00    3.00    18  pyroscope

01:15:56 PM   UID       PID   cswch/s nvcswch/s  Command
01:15:57 PM  1000    931871      0.00      0.00  run-grafana.sh
01:15:57 PM  1000    931873      0.00      0.00  run-loki.sh
01:15:57 PM  1000    931875      0.00      0.00  grafana
01:15:57 PM  1000    931876      0.00      0.00  run-otelcol.sh
01:15:57 PM  1000    931879      0.00      0.00  run-prometheus.
01:15:57 PM  1000    931881     48.00      1.00  otelcol-contrib
01:15:57 PM  1000    931882      0.00      0.00  run-tempo.sh
01:15:57 PM  1000    931889      0.00      0.00  run-pyroscope.s
01:15:57 PM  1000    931891      6.00      0.00  prometheus
01:15:57 PM  1000    931893      0.00      0.00  loki
01:15:57 PM  1000    931894    117.00     14.00  tempo
01:15:57 PM  1000    931896     59.00      1.00  pyroscope

01:15:57 PM   UID       PID    %usr %system  %guest   %wait    %CPU   CPU  Command
01:15:58 PM  1000    931871    0.00    0.00    0.00    0.00    0.00    20  run-grafana.sh
01:15:58 PM  1000    931873    0.00    0.00    0.00    0.00    0.00    18  run-loki.sh
01:15:58 PM  1000    931875    0.00    0.00    0.00    0.00    0.00    18  grafana
01:15:58 PM  1000    931876    0.00    0.00    0.00    0.00    0.00    18  run-otelcol.sh
01:15:58 PM  1000    931879    0.00    0.00    0.00    0.00    0.00    20  run-prometheus.
01:15:58 PM  1000    931881    3.00    0.00    0.00    0.00    3.00    16  otelcol-contrib
01:15:58 PM  1000    931882    0.00    0.00    0.00    0.00    0.00    18  run-tempo.sh
01:15:58 PM  1000    931889    0.00    0.00    0.00    0.00    0.00    16  run-pyroscope.s
01:15:58 PM  1000    931891    1.00    0.00    0.00    0.00    1.00    18  prometheus
01:15:58 PM  1000    931893    0.00    0.00    0.00    0.00    0.00    18  loki
01:15:58 PM  1000    931894   10.00    1.00    0.00    0.00   11.00    18  tempo
01:15:58 PM  1000    931896    1.00    0.00    0.00    0.00    1.00    16  pyroscope

01:15:57 PM   UID       PID   cswch/s nvcswch/s  Command
01:15:58 PM  1000    931871      0.00      0.00  run-grafana.sh
01:15:58 PM  1000    931873      0.00      0.00  run-loki.sh
01:15:58 PM  1000    931875      0.00      0.00  grafana
01:15:58 PM  1000    931876      0.00      0.00  run-otelcol.sh
01:15:58 PM  1000    931879      0.00      0.00  run-prometheus.
01:15:58 PM  1000    931881     52.00      2.00  otelcol-contrib
01:15:58 PM  1000    931882      0.00      0.00  run-tempo.sh
01:15:58 PM  1000    931889      0.00      0.00  run-pyroscope.s
01:15:58 PM  1000    931891      1.00      0.00  prometheus
01:15:58 PM  1000    931893      0.00      0.00  loki
01:15:58 PM  1000    931894     88.00      5.00  tempo
01:15:58 PM  1000    931896     36.00      0.00  pyroscope

01:15:58 PM   UID       PID    %usr %system  %guest   %wait    %CPU   CPU  Command
01:15:59 PM  1000    931871    0.00    0.00    0.00    0.00    0.00    20  run-grafana.sh
01:15:59 PM  1000    931873    0.00    0.00    0.00    0.00    0.00    18  run-loki.sh
01:15:59 PM  1000    931875    5.00    0.00    0.00    0.00    5.00    18  grafana
01:15:59 PM  1000    931876    0.00    0.00    0.00    0.00    0.00    18  run-otelcol.sh
01:15:59 PM  1000    931879    0.00    0.00    0.00    0.00    0.00    20  run-prometheus.
01:15:59 PM  1000    931881    4.00    1.00    0.00    0.00    5.00    16  otelcol-contrib
01:15:59 PM  1000    931882    0.00    0.00    0.00    0.00    0.00    18  run-tempo.sh
01:15:59 PM  1000    931889    0.00    0.00    0.00    0.00    0.00    16  run-pyroscope.s
01:15:59 PM  1000    931891    0.00    0.00    0.00    0.00    0.00    18  prometheus
01:15:59 PM  1000    931893    0.00    0.00    0.00    0.00    0.00    18  loki
01:15:59 PM  1000    931894   10.00    1.00    0.00    0.00   11.00    20  tempo
01:15:59 PM  1000    931896    0.00    0.00    0.00    0.00    0.00    16  pyroscope

01:15:58 PM   UID       PID   cswch/s nvcswch/s  Command
01:15:59 PM  1000    931871      0.00      0.00  run-grafana.sh
01:15:59 PM  1000    931873      0.00      0.00  run-loki.sh
01:15:59 PM  1000    931875      0.00      0.00  grafana
01:15:59 PM  1000    931876      0.00      0.00  run-otelcol.sh
01:15:59 PM  1000    931879      0.00      0.00  run-prometheus.
01:15:59 PM  1000    931881     58.00      1.00  otelcol-contrib
01:15:59 PM  1000    931882      0.00      0.00  run-tempo.sh
01:15:59 PM  1000    931889      0.00      0.00  run-pyroscope.s
01:15:59 PM  1000    931891      3.00      0.00  prometheus
01:15:59 PM  1000    931893      0.00      0.00  loki
01:15:59 PM  1000    931894    102.00      4.00  tempo
01:15:59 PM  1000    931896     28.00      0.00  pyroscope

01:15:59 PM   UID       PID    %usr %system  %guest   %wait    %CPU   CPU  Command
01:16:00 PM  1000    931871    0.00    0.00    0.00    0.00    0.00    20  run-grafana.sh
01:16:00 PM  1000    931873    0.00    0.00    0.00    0.00    0.00    18  run-loki.sh
01:16:00 PM  1000    931875    0.00    0.00    0.00    0.00    0.00    18  grafana
01:16:00 PM  1000    931876    0.00    0.00    0.00    0.00    0.00    18  run-otelcol.sh
01:16:00 PM  1000    931879    0.00    0.00    0.00    0.00    0.00    20  run-prometheus.
01:16:00 PM  1000    931881    3.00    0.00    0.00    0.00    3.00    16  otelcol-contrib
01:16:00 PM  1000    931882    0.00    0.00    0.00    0.00    0.00    18  run-tempo.sh
01:16:00 PM  1000    931889    0.00    0.00    0.00    0.00    0.00    16  run-pyroscope.s
01:16:00 PM  1000    931891    0.00    0.00    0.00    0.00    0.00    16  prometheus
01:16:00 PM  1000    931893    1.00    0.00    0.00    0.00    1.00    18  loki
01:16:00 PM  1000    931894   34.00    4.00    0.00    0.00   38.00    18  tempo
01:16:00 PM  1000    931896    0.00    0.00    0.00    0.00    0.00    20  pyroscope

01:15:59 PM   UID       PID   cswch/s nvcswch/s  Command
01:16:00 PM  1000    931871      0.00      0.00  run-grafana.sh
01:16:00 PM  1000    931873      0.00      0.00  run-loki.sh
01:16:00 PM  1000    931875      0.00      0.00  grafana
01:16:00 PM  1000    931876      0.00      0.00  run-otelcol.sh
01:16:00 PM  1000    931879      0.00      0.00  run-prometheus.
01:16:00 PM  1000    931881     44.00      0.00  otelcol-contrib
01:16:00 PM  1000    931882      0.00      0.00  run-tempo.sh
01:16:00 PM  1000    931889      0.00      0.00  run-pyroscope.s
01:16:00 PM  1000    931891      2.00      0.00  prometheus
01:16:00 PM  1000    931893      0.00      0.00  loki
01:16:00 PM  1000    931894    106.00     14.00  tempo
01:16:00 PM  1000    931896     18.00      0.00  pyroscope

01:16:00 PM   UID       PID    %usr %system  %guest   %wait    %CPU   CPU  Command
01:16:01 PM  1000    931871    0.00    0.00    0.00    0.00    0.00    20  run-grafana.sh
01:16:01 PM  1000    931873    0.00    0.00    0.00    0.00    0.00    18  run-loki.sh
01:16:01 PM  1000    931875    0.00    0.00    0.00    0.00    0.00    18  grafana
01:16:01 PM  1000    931876    0.00    0.00    0.00    0.00    0.00    18  run-otelcol.sh
01:16:01 PM  1000    931879    0.00    0.00    0.00    0.00    0.00    20  run-prometheus.
01:16:01 PM  1000    931881    3.00    0.00    0.00    0.00    3.00    20  otelcol-contrib
01:16:01 PM  1000    931882    0.00    0.00    0.00    0.00    0.00    18  run-tempo.sh
01:16:01 PM  1000    931889    0.00    0.00    0.00    0.00    0.00    16  run-pyroscope.s
01:16:01 PM  1000    931891    0.00    0.00    0.00    0.00    0.00    16  prometheus
01:16:01 PM  1000    931893    0.00    0.00    0.00    0.00    0.00    18  loki
01:16:01 PM  1000    931894   44.00    3.00    0.00    1.00   47.00    20  tempo
01:16:01 PM  1000    931896    0.00    0.00    0.00    0.00    0.00    16  pyroscope

01:16:00 PM   UID       PID   cswch/s nvcswch/s  Command
01:16:01 PM  1000    931871      0.00      0.00  run-grafana.sh
01:16:01 PM  1000    931873      0.00      0.00  run-loki.sh
01:16:01 PM  1000    931875      0.00      0.00  grafana
01:16:01 PM  1000    931876      0.00      0.00  run-otelcol.sh
01:16:01 PM  1000    931879      0.00      0.00  run-prometheus.
01:16:01 PM  1000    931881     46.00      1.00  otelcol-contrib
01:16:01 PM  1000    931882      0.00      0.00  run-tempo.sh
01:16:01 PM  1000    931889      0.00      0.00  run-pyroscope.s
01:16:01 PM  1000    931891      2.00      0.00  prometheus
01:16:01 PM  1000    931893      0.00      0.00  loki
01:16:01 PM  1000    931894     65.00     25.00  tempo
01:16:01 PM  1000    931896     33.00      0.00  pyroscope

01:16:01 PM   UID       PID    %usr %system  %guest   %wait    %CPU   CPU  Command
01:16:02 PM  1000    931871    0.00    0.00    0.00    0.00    0.00    20  run-grafana.sh
01:16:02 PM  1000    931873    0.00    0.00    0.00    0.00    0.00    18  run-loki.sh
01:16:02 PM  1000    931875    0.00    0.00    0.00    0.00    0.00    18  grafana
01:16:02 PM  1000    931876    0.00    0.00    0.00    0.00    0.00    18  run-otelcol.sh
01:16:02 PM  1000    931879    0.00    0.00    0.00    0.00    0.00    20  run-prometheus.
01:16:02 PM  1000    931881    4.00    0.00    0.00    0.00    4.00    16  otelcol-contrib
01:16:02 PM  1000    931882    0.00    0.00    0.00    0.00    0.00    18  run-tempo.sh
01:16:02 PM  1000    931889    0.00    0.00    0.00    0.00    0.00    16  run-pyroscope.s
01:16:02 PM  1000    931891    0.00    0.00    0.00    0.00    0.00    20  prometheus
01:16:02 PM  1000    931893    0.00    0.00    0.00    0.00    0.00    18  loki
01:16:02 PM  1000    931894   38.00    4.00    0.00    0.00   42.00    20  tempo
01:16:02 PM  1000    931896    0.00    0.00    0.00    0.00    0.00    20  pyroscope

01:16:01 PM   UID       PID   cswch/s nvcswch/s  Command
01:16:02 PM  1000    931871      0.00      0.00  run-grafana.sh
01:16:02 PM  1000    931873      0.00      0.00  run-loki.sh
01:16:02 PM  1000    931875      0.00      0.00  grafana
01:16:02 PM  1000    931876      0.00      0.00  run-otelcol.sh
01:16:02 PM  1000    931879      0.00      0.00  run-prometheus.
01:16:02 PM  1000    931881     34.00      2.00  otelcol-contrib
01:16:02 PM  1000    931882      0.00      0.00  run-tempo.sh
01:16:02 PM  1000    931889      0.00      0.00  run-pyroscope.s
01:16:02 PM  1000    931891      5.00      0.00  prometheus
01:16:02 PM  1000    931893      0.00      0.00  loki
01:16:02 PM  1000    931894      0.00      0.00  tempo
01:16:02 PM  1000    931896     41.00      0.00  pyroscope

01:16:02 PM   UID       PID    %usr %system  %guest   %wait    %CPU   CPU  Command
01:16:03 PM  1000    931871    0.00    0.00    0.00    0.00    0.00    20  run-grafana.sh
01:16:03 PM  1000    931873    0.00    0.00    0.00    0.00    0.00    18  run-loki.sh
01:16:03 PM  1000    931875    0.00    0.00    0.00    0.00    0.00    18  grafana
01:16:03 PM  1000    931876    0.00    0.00    0.00    0.00    0.00    18  run-otelcol.sh
01:16:03 PM  1000    931879    0.00    0.00    0.00    0.00    0.00    20  run-prometheus.
01:16:03 PM  1000    931881    2.00    1.00    0.00    0.00    3.00    18  otelcol-contrib
01:16:03 PM  1000    931882    0.00    0.00    0.00    0.00    0.00    18  run-tempo.sh
01:16:03 PM  1000    931889    0.00    0.00    0.00    0.00    0.00    16  run-pyroscope.s
01:16:03 PM  1000    931891    0.00    0.00    0.00    0.00    0.00    16  prometheus
01:16:03 PM  1000    931893    0.00    0.00    0.00    0.00    0.00    18  loki
01:16:03 PM  1000    931894   62.00    5.00    0.00    0.00   67.00    20  tempo
01:16:03 PM  1000    931896    0.00    0.00    0.00    0.00    0.00    16  pyroscope

01:16:02 PM   UID       PID   cswch/s nvcswch/s  Command
01:16:03 PM  1000    931871      0.00      0.00  run-grafana.sh
01:16:03 PM  1000    931873      0.00      0.00  run-loki.sh
01:16:03 PM  1000    931875      0.00      0.00  grafana
01:16:03 PM  1000    931876      0.00      0.00  run-otelcol.sh
01:16:03 PM  1000    931879      0.00      0.00  run-prometheus.
01:16:03 PM  1000    931881     48.00      0.00  otelcol-contrib
01:16:03 PM  1000    931882      0.00      0.00  run-tempo.sh
01:16:03 PM  1000    931889      0.00      0.00  run-pyroscope.s
01:16:03 PM  1000    931891      1.00      0.00  prometheus
01:16:03 PM  1000    931893      0.00      0.00  loki
01:16:03 PM  1000    931894      0.00      0.00  tempo
01:16:03 PM  1000    931896     27.00      0.00  pyroscope

01:16:03 PM   UID       PID    %usr %system  %guest   %wait    %CPU   CPU  Command
01:16:04 PM  1000    931871    0.00    0.00    0.00    0.00    0.00    20  run-grafana.sh
01:16:04 PM  1000    931873    0.00    0.00    0.00    0.00    0.00    18  run-loki.sh
01:16:04 PM  1000    931875    0.00    0.00    0.00    0.00    0.00    18  grafana
01:16:04 PM  1000    931876    0.00    0.00    0.00    0.00    0.00    18  run-otelcol.sh
01:16:04 PM  1000    931879    0.00    0.00    0.00    0.00    0.00    20  run-prometheus.
01:16:04 PM  1000    931881    6.00    0.00    0.00    0.00    6.00    16  otelcol-contrib
01:16:04 PM  1000    931882    0.00    0.00    0.00    0.00    0.00    18  run-tempo.sh
01:16:04 PM  1000    931889    0.00    0.00    0.00    0.00    0.00    16  run-pyroscope.s
01:16:04 PM  1000    931891    0.00    0.00    0.00    0.00    0.00    20  prometheus
01:16:04 PM  1000    931893    0.00    0.00    0.00    0.00    0.00    18  loki
01:16:04 PM  1000    931894   60.00    1.00    0.00    0.00   61.00    20  tempo
01:16:04 PM  1000    931896    0.00    0.00    0.00    0.00    0.00    16  pyroscope

01:16:03 PM   UID       PID   cswch/s nvcswch/s  Command
01:16:04 PM  1000    931871      0.00      0.00  run-grafana.sh
01:16:04 PM  1000    931873      0.00      0.00  run-loki.sh
01:16:04 PM  1000    931875      0.00      0.00  grafana
01:16:04 PM  1000    931876      0.00      0.00  run-otelcol.sh
01:16:04 PM  1000    931879      0.00      0.00  run-prometheus.
01:16:04 PM  1000    931881     61.00      0.00  otelcol-contrib
01:16:04 PM  1000    931882      0.00      0.00  run-tempo.sh
01:16:04 PM  1000    931889      0.00      0.00  run-pyroscope.s
01:16:04 PM  1000    931891      3.00      0.00  prometheus
01:16:04 PM  1000    931893      0.00      0.00  loki
01:16:04 PM  1000    931894      0.00      0.00  tempo
01:16:04 PM  1000    931896      9.00      0.00  pyroscope

01:16:04 PM   UID       PID    %usr %system  %guest   %wait    %CPU   CPU  Command
01:16:05 PM  1000    931871    0.00    0.00    0.00    0.00    0.00    20  run-grafana.sh
01:16:05 PM  1000    931873    0.00    0.00    0.00    0.00    0.00    18  run-loki.sh
01:16:05 PM  1000    931875    0.00    0.00    0.00    0.00    0.00    18  grafana
01:16:05 PM  1000    931876    0.00    0.00    0.00    0.00    0.00    18  run-otelcol.sh
01:16:05 PM  1000    931879    0.00    0.00    0.00    0.00    0.00    20  run-prometheus.
01:16:05 PM  1000    931881    3.00    0.00    0.00    0.00    3.00    18  otelcol-contrib
01:16:05 PM  1000    931882    0.00    0.00    0.00    0.00    0.00    18  run-tempo.sh
01:16:05 PM  1000    931889    0.00    0.00    0.00    0.00    0.00    16  run-pyroscope.s
01:16:05 PM  1000    931891    0.00    0.00    0.00    0.00    0.00    16  prometheus
01:16:05 PM  1000    931893    1.00    0.00    0.00    0.00    1.00    18  loki
01:16:05 PM  1000    931894   26.00    3.00    0.00    0.00   29.00    18  tempo
01:16:05 PM  1000    931896    1.00    0.00    0.00    0.00    1.00    16  pyroscope

01:16:04 PM   UID       PID   cswch/s nvcswch/s  Command
01:16:05 PM  1000    931871      0.00      0.00  run-grafana.sh
01:16:05 PM  1000    931873      0.00      0.00  run-loki.sh
01:16:05 PM  1000    931875      0.00      0.00  grafana
01:16:05 PM  1000    931876      0.00      0.00  run-otelcol.sh
01:16:05 PM  1000    931879      0.00      0.00  run-prometheus.
01:16:05 PM  1000    931881     58.00      0.00  otelcol-contrib
01:16:05 PM  1000    931882      0.00      0.00  run-tempo.sh
01:16:05 PM  1000    931889      0.00      0.00  run-pyroscope.s
01:16:05 PM  1000    931891      1.00      0.00  prometheus
01:16:05 PM  1000    931893      0.00      0.00  loki
01:16:05 PM  1000    931894     71.00      0.00  tempo
01:16:05 PM  1000    931896      0.00      0.00  pyroscope

01:16:05 PM   UID       PID    %usr %system  %guest   %wait    %CPU   CPU  Command
01:16:06 PM  1000    931871    0.00    0.00    0.00    0.00    0.00    20  run-grafana.sh
01:16:06 PM  1000    931873    0.00    0.00    0.00    0.00    0.00    18  run-loki.sh
01:16:06 PM  1000    931875    0.00    0.00    0.00    0.00    0.00    18  grafana
01:16:06 PM  1000    931876    0.00    0.00    0.00    0.00    0.00    18  run-otelcol.sh
01:16:06 PM  1000    931879    0.00    0.00    0.00    0.00    0.00    20  run-prometheus.
01:16:06 PM  1000    931881    3.00    0.00    0.00    0.00    3.00    16  otelcol-contrib
01:16:06 PM  1000    931882    0.00    0.00    0.00    0.00    0.00    18  run-tempo.sh
01:16:06 PM  1000    931889    0.00    0.00    0.00    0.00    0.00    16  run-pyroscope.s
01:16:06 PM  1000    931891    1.00    0.00    0.00    0.00    1.00    20  prometheus
01:16:06 PM  1000    931893    0.00    0.00    0.00    0.00    0.00    18  loki
01:16:06 PM  1000    931894   34.00    2.00    0.00    0.00   36.00    18  tempo
01:16:06 PM  1000    931896    0.00    0.00    0.00    0.00    0.00    18  pyroscope

01:16:05 PM   UID       PID   cswch/s nvcswch/s  Command
01:16:06 PM  1000    931871      0.00      0.00  run-grafana.sh
01:16:06 PM  1000    931873      0.00      0.00  run-loki.sh
01:16:06 PM  1000    931875      0.00      0.00  grafana
01:16:06 PM  1000    931876      0.00      0.00  run-otelcol.sh
01:16:06 PM  1000    931879      0.00      0.00  run-prometheus.
01:16:06 PM  1000    931881     43.00      0.00  otelcol-contrib
01:16:06 PM  1000    931882      0.00      0.00  run-tempo.sh
01:16:06 PM  1000    931889      0.00      0.00  run-pyroscope.s
01:16:06 PM  1000    931891      1.00      0.00  prometheus
01:16:06 PM  1000    931893      0.00      0.00  loki
01:16:06 PM  1000    931894    101.00     13.00  tempo
01:16:06 PM  1000    931896     30.00      0.00  pyroscope

01:16:06 PM   UID       PID    %usr %system  %guest   %wait    %CPU   CPU  Command
01:16:07 PM  1000    931871    0.00    0.00    0.00    0.00    0.00    20  run-grafana.sh
01:16:07 PM  1000    931873    0.00    0.00    0.00    0.00    0.00    18  run-loki.sh
01:16:07 PM  1000    931875    0.00    0.00    0.00    0.00    0.00    18  grafana
01:16:07 PM  1000    931876    0.00    0.00    0.00    0.00    0.00    18  run-otelcol.sh
01:16:07 PM  1000    931879    0.00    0.00    0.00    0.00    0.00    20  run-prometheus.
01:16:07 PM  1000    931881    2.00    1.00    0.00    0.00    3.00    18  otelcol-contrib
01:16:07 PM  1000    931882    0.00    0.00    0.00    0.00    0.00    18  run-tempo.sh
01:16:07 PM  1000    931889    0.00    0.00    0.00    0.00    0.00    16  run-pyroscope.s
01:16:07 PM  1000    931891    0.00    0.00    0.00    0.00    0.00    18  prometheus
01:16:07 PM  1000    931893    0.00    0.00    0.00    0.00    0.00    18  loki
01:16:07 PM  1000    931894   10.00    0.00    0.00    0.00   10.00    20  tempo
01:16:07 PM  1000    931896    0.00    0.00    0.00    0.00    0.00    16  pyroscope

01:16:06 PM   UID       PID   cswch/s nvcswch/s  Command
01:16:07 PM  1000    931871      0.00      0.00  run-grafana.sh
01:16:07 PM  1000    931873      0.00      0.00  run-loki.sh
01:16:07 PM  1000    931875      0.00      0.00  grafana
01:16:07 PM  1000    931876      0.00      0.00  run-otelcol.sh
01:16:07 PM  1000    931879      0.00      0.00  run-prometheus.
01:16:07 PM  1000    931881     59.00      0.00  otelcol-contrib
01:16:07 PM  1000    931882      0.00      0.00  run-tempo.sh
01:16:07 PM  1000    931889      0.00      0.00  run-pyroscope.s
01:16:07 PM  1000    931891      5.00      0.00  prometheus
01:16:07 PM  1000    931893      0.00      0.00  loki
01:16:07 PM  1000    931894    102.00      2.00  tempo
01:16:07 PM  1000    931896     29.00      0.00  pyroscope

01:16:07 PM   UID       PID    %usr %system  %guest   %wait    %CPU   CPU  Command
01:16:08 PM  1000    931871    0.00    0.00    0.00    0.00    0.00    20  run-grafana.sh
01:16:08 PM  1000    931873    0.00    0.00    0.00    0.00    0.00    18  run-loki.sh
01:16:08 PM  1000    931875    1.00    0.00    0.00    0.00    1.00    18  grafana
01:16:08 PM  1000    931876    0.00    0.00    0.00    0.00    0.00    18  run-otelcol.sh
01:16:08 PM  1000    931879    0.00    0.00    0.00    0.00    0.00    20  run-prometheus.
01:16:08 PM  1000    931881    4.00    0.00    0.00    1.00    4.00    16  otelcol-contrib
01:16:08 PM  1000    931882    0.00    0.00    0.00    0.00    0.00    18  run-tempo.sh
01:16:08 PM  1000    931889    0.00    0.00    0.00    0.00    0.00    16  run-pyroscope.s
01:16:08 PM  1000    931891    0.00    0.00    0.00    0.00    0.00    18  prometheus
01:16:08 PM  1000    931893    0.00    0.00    0.00    0.00    0.00    18  loki
01:16:08 PM  1000    931894   26.00    2.00    0.00    0.00   28.00    20  tempo
01:16:08 PM  1000    931896    0.00    0.00    0.00    0.00    0.00    16  pyroscope

01:16:07 PM   UID       PID   cswch/s nvcswch/s  Command
01:16:08 PM  1000    931871      0.00      0.00  run-grafana.sh
01:16:08 PM  1000    931873      0.00      0.00  run-loki.sh
01:16:08 PM  1000    931875      0.00      0.00  grafana
01:16:08 PM  1000    931876      0.00      0.00  run-otelcol.sh
01:16:08 PM  1000    931879      0.00      0.00  run-prometheus.
01:16:08 PM  1000    931881     54.00      0.00  otelcol-contrib
01:16:08 PM  1000    931882      0.00      0.00  run-tempo.sh
01:16:08 PM  1000    931889      0.00      0.00  run-pyroscope.s
01:16:08 PM  1000    931891      3.00      0.00  prometheus
01:16:08 PM  1000    931893      0.00      0.00  loki
01:16:08 PM  1000    931894     80.00     63.00  tempo
01:16:08 PM  1000    931896     22.00      0.00  pyroscope

01:16:08 PM   UID       PID    %usr %system  %guest   %wait    %CPU   CPU  Command
01:16:09 PM  1000    931871    0.00    0.00    0.00    0.00    0.00    20  run-grafana.sh
01:16:09 PM  1000    931873    0.00    0.00    0.00    0.00    0.00    18  run-loki.sh
01:16:09 PM  1000    931875    2.00    0.00    0.00    0.00    2.00    18  grafana
01:16:09 PM  1000    931876    0.00    0.00    0.00    0.00    0.00    18  run-otelcol.sh
01:16:09 PM  1000    931879    0.00    0.00    0.00    0.00    0.00    20  run-prometheus.
01:16:09 PM  1000    931881    5.00    0.00    0.00    0.00    5.00    20  otelcol-contrib
01:16:09 PM  1000    931882    0.00    0.00    0.00    0.00    0.00    18  run-tempo.sh
01:16:09 PM  1000    931889    0.00    0.00    0.00    0.00    0.00    16  run-pyroscope.s
01:16:09 PM  1000    931891    0.00    0.00    0.00    0.00    0.00    18  prometheus
01:16:09 PM  1000    931893    1.00    0.00    0.00    0.00    1.00    18  loki
01:16:09 PM  1000    931894   33.00    3.00    0.00    0.00   36.00    16  tempo
01:16:09 PM  1000    931896    0.00    0.00    0.00    0.00    0.00    18  pyroscope

01:16:08 PM   UID       PID   cswch/s nvcswch/s  Command
01:16:09 PM  1000    931871      0.00      0.00  run-grafana.sh
01:16:09 PM  1000    931873      0.00      0.00  run-loki.sh
01:16:09 PM  1000    931875      0.00      0.00  grafana
01:16:09 PM  1000    931876      0.00      0.00  run-otelcol.sh
01:16:09 PM  1000    931879      0.00      0.00  run-prometheus.
01:16:09 PM  1000    931881     45.00      0.00  otelcol-contrib
01:16:09 PM  1000    931882      0.00      0.00  run-tempo.sh
01:16:09 PM  1000    931889      0.00      0.00  run-pyroscope.s
01:16:09 PM  1000    931891      1.00      0.00  prometheus
01:16:09 PM  1000    931893      0.00      0.00  loki
01:16:09 PM  1000    931894     91.00     13.00  tempo
01:16:09 PM  1000    931896     30.00      0.00  pyroscope

01:16:09 PM   UID       PID    %usr %system  %guest   %wait    %CPU   CPU  Command
01:16:10 PM  1000    931871    0.00    0.00    0.00    0.00    0.00    20  run-grafana.sh
01:16:10 PM  1000    931873    0.00    0.00    0.00    0.00    0.00    18  run-loki.sh
01:16:10 PM  1000    931875    0.00    0.00    0.00    0.00    0.00    18  grafana
01:16:10 PM  1000    931876    0.00    0.00    0.00    0.00    0.00    18  run-otelcol.sh
01:16:10 PM  1000    931879    0.00    0.00    0.00    0.00    0.00    20  run-prometheus.
01:16:10 PM  1000    931881    3.00    1.00    0.00    0.00    4.00    16  otelcol-contrib
01:16:10 PM  1000    931882    0.00    0.00    0.00    0.00    0.00    18  run-tempo.sh
01:16:10 PM  1000    931889    0.00    0.00    0.00    0.00    0.00    16  run-pyroscope.s
01:16:10 PM  1000    931891    0.00    0.00    0.00    0.00    0.00    16  prometheus
01:16:10 PM  1000    931893    0.00    1.00    0.00    0.00    1.00    18  loki
01:16:10 PM  1000    931894   11.00    1.00    0.00    0.00   12.00    20  tempo
01:16:10 PM  1000    931896    0.00    0.00    0.00    0.00    0.00    16  pyroscope

01:16:09 PM   UID       PID   cswch/s nvcswch/s  Command
01:16:10 PM  1000    931871      0.00      0.00  run-grafana.sh
01:16:10 PM  1000    931873      0.00      0.00  run-loki.sh
01:16:10 PM  1000    931875      0.00      0.00  grafana
01:16:10 PM  1000    931876      0.00      0.00  run-otelcol.sh
01:16:10 PM  1000    931879      0.00      0.00  run-prometheus.
01:16:10 PM  1000    931881     45.00      0.00  otelcol-contrib
01:16:10 PM  1000    931882      0.00      0.00  run-tempo.sh
01:16:10 PM  1000    931889      0.00      0.00  run-pyroscope.s
01:16:10 PM  1000    931891      3.00      0.00  prometheus
01:16:10 PM  1000    931893      0.00      0.00  loki
01:16:10 PM  1000    931894    110.00      4.00  tempo
01:16:10 PM  1000    931896     35.00      0.00  pyroscope

01:16:10 PM   UID       PID    %usr %system  %guest   %wait    %CPU   CPU  Command
01:16:11 PM  1000    931871    0.00    0.00    0.00    0.00    0.00    20  run-grafana.sh
01:16:11 PM  1000    931873    0.00    0.00    0.00    0.00    0.00    18  run-loki.sh
01:16:11 PM  1000    931875    0.00    0.00    0.00    0.00    0.00    18  grafana
01:16:11 PM  1000    931876    0.00    0.00    0.00    0.00    0.00    18  run-otelcol.sh
01:16:11 PM  1000    931879    0.00    0.00    0.00    0.00    0.00    20  run-prometheus.
01:16:11 PM  1000    931881    3.00    0.00    0.00    0.00    3.00    16  otelcol-contrib
01:16:11 PM  1000    931882    0.00    0.00    0.00    0.00    0.00    18  run-tempo.sh
01:16:11 PM  1000    931889    0.00    0.00    0.00    0.00    0.00    16  run-pyroscope.s
01:16:11 PM  1000    931891    0.00    0.00    0.00    0.00    0.00    16  prometheus
01:16:11 PM  1000    931893    0.00    0.00    0.00    0.00    0.00    18  loki
01:16:11 PM  1000    931894   10.00    1.00    0.00    0.00   11.00    18  tempo
01:16:11 PM  1000    931896    0.00    0.00    0.00    0.00    0.00    18  pyroscope

01:16:10 PM   UID       PID   cswch/s nvcswch/s  Command
01:16:11 PM  1000    931871      0.00      0.00  run-grafana.sh
01:16:11 PM  1000    931873      0.00      0.00  run-loki.sh
01:16:11 PM  1000    931875      0.00      0.00  grafana
01:16:11 PM  1000    931876      0.00      0.00  run-otelcol.sh
01:16:11 PM  1000    931879      0.00      0.00  run-prometheus.
01:16:11 PM  1000    931881     45.00      5.00  otelcol-contrib
01:16:11 PM  1000    931882      0.00      0.00  run-tempo.sh
01:16:11 PM  1000    931889      0.00      0.00  run-pyroscope.s
01:16:11 PM  1000    931891      4.00      0.00  prometheus
01:16:11 PM  1000    931893      0.00      0.00  loki
01:16:11 PM  1000    931894     74.00      4.00  tempo
01:16:11 PM  1000    931896     40.00      0.00  pyroscope

01:16:11 PM   UID       PID    %usr %system  %guest   %wait    %CPU   CPU  Command
01:16:12 PM  1000    931871    0.00    0.00    0.00    0.00    0.00    20  run-grafana.sh
01:16:12 PM  1000    931873    0.00    0.00    0.00    0.00    0.00    18  run-loki.sh
01:16:12 PM  1000    931875    0.00    0.00    0.00    0.00    0.00    18  grafana
01:16:12 PM  1000    931876    0.00    0.00    0.00    0.00    0.00    18  run-otelcol.sh
01:16:12 PM  1000    931879    0.00    0.00    0.00    0.00    0.00    20  run-prometheus.
01:16:12 PM  1000    931881    2.00    0.00    0.00    0.00    2.00    16  otelcol-contrib
01:16:12 PM  1000    931882    0.00    0.00    0.00    0.00    0.00    18  run-tempo.sh
01:16:12 PM  1000    931889    0.00    0.00    0.00    0.00    0.00    16  run-pyroscope.s
01:16:12 PM  1000    931891    0.00    0.00    0.00    0.00    0.00    16  prometheus
01:16:12 PM  1000    931893    0.00    0.00    0.00    0.00    0.00    20  loki
01:16:12 PM  1000    931894   30.00    1.00    0.00    1.00   31.00    16  tempo
01:16:12 PM  1000    931896    4.00    1.00    0.00    1.00    5.00    18  pyroscope

01:16:11 PM   UID       PID   cswch/s nvcswch/s  Command
01:16:12 PM  1000    931871      0.00      0.00  run-grafana.sh
01:16:12 PM  1000    931873      0.00      0.00  run-loki.sh
01:16:12 PM  1000    931875      0.00      0.00  grafana
01:16:12 PM  1000    931876      0.00      0.00  run-otelcol.sh
01:16:12 PM  1000    931879      0.00      0.00  run-prometheus.
01:16:12 PM  1000    931881     45.00      0.00  otelcol-contrib
01:16:12 PM  1000    931882      0.00      0.00  run-tempo.sh
01:16:12 PM  1000    931889      0.00      0.00  run-pyroscope.s
01:16:12 PM  1000    931891      3.00      0.00  prometheus
01:16:12 PM  1000    931893     14.00      0.00  loki
01:16:12 PM  1000    931894    105.00      4.00  tempo
01:16:12 PM  1000    931896     51.00      0.00  pyroscope

01:16:12 PM   UID       PID    %usr %system  %guest   %wait    %CPU   CPU  Command
01:16:13 PM  1000    931871    0.00    0.00    0.00    0.00    0.00    20  run-grafana.sh
01:16:13 PM  1000    931873    0.00    0.00    0.00    0.00    0.00    18  run-loki.sh
01:16:13 PM  1000    931875    0.00    0.00    0.00    0.00    0.00    18  grafana
01:16:13 PM  1000    931876    0.00    0.00    0.00    0.00    0.00    18  run-otelcol.sh
01:16:13 PM  1000    931879    0.00    0.00    0.00    0.00    0.00    20  run-prometheus.
01:16:13 PM  1000    931881    3.00    1.00    0.00    0.00    4.00    16  otelcol-contrib
01:16:13 PM  1000    931882    0.00    0.00    0.00    0.00    0.00    18  run-tempo.sh
01:16:13 PM  1000    931889    0.00    0.00    0.00    0.00    0.00    16  run-pyroscope.s
01:16:13 PM  1000    931891    0.00    0.00    0.00    0.00    0.00    16  prometheus
01:16:13 PM  1000    931893    0.00    0.00    0.00    0.00    0.00    16  loki
01:16:13 PM  1000    931894   64.00    7.00    0.00    0.00   71.00    16  tempo
01:16:13 PM  1000    931896    0.00    0.00    0.00    0.00    0.00    20  pyroscope

01:16:12 PM   UID       PID   cswch/s nvcswch/s  Command
01:16:13 PM  1000    931871      0.00      0.00  run-grafana.sh
01:16:13 PM  1000    931873      0.00      0.00  run-loki.sh
01:16:13 PM  1000    931875      0.00      0.00  grafana
01:16:13 PM  1000    931876      0.00      0.00  run-otelcol.sh
01:16:13 PM  1000    931879      0.00      0.00  run-prometheus.
01:16:13 PM  1000    931881     35.00      0.00  otelcol-contrib
01:16:13 PM  1000    931882      0.00      0.00  run-tempo.sh
01:16:13 PM  1000    931889      0.00      0.00  run-pyroscope.s
01:16:13 PM  1000    931891      0.00      0.00  prometheus
01:16:13 PM  1000    931893     35.00      0.00  loki
01:16:13 PM  1000    931894     78.00     36.00  tempo
01:16:13 PM  1000    931896     37.00      0.00  pyroscope

01:16:13 PM   UID       PID    %usr %system  %guest   %wait    %CPU   CPU  Command
01:16:14 PM  1000    931871    0.00    0.00    0.00    0.00    0.00    20  run-grafana.sh
01:16:14 PM  1000    931873    0.00    0.00    0.00    0.00    0.00    18  run-loki.sh
01:16:14 PM  1000    931875    0.00    0.00    0.00    0.00    0.00    18  grafana
01:16:14 PM  1000    931876    0.00    0.00    0.00    0.00    0.00    18  run-otelcol.sh
01:16:14 PM  1000    931879    0.00    0.00    0.00    0.00    0.00    20  run-prometheus.
01:16:14 PM  1000    931881    5.00    0.00    0.00    0.00    5.00    20  otelcol-contrib
01:16:14 PM  1000    931882    0.00    0.00    0.00    0.00    0.00    18  run-tempo.sh
01:16:14 PM  1000    931889    0.00    0.00    0.00    0.00    0.00    16  run-pyroscope.s
01:16:14 PM  1000    931891    0.00    0.00    0.00    0.00    0.00    20  prometheus
01:16:14 PM  1000    931893    0.00    0.00    0.00    0.00    0.00    18  loki
01:16:14 PM  1000    931894   95.00    7.00    0.00    1.00  102.00    20  tempo
01:16:14 PM  1000    931896    0.00    0.00    0.00    0.00    0.00    16  pyroscope

01:16:13 PM   UID       PID   cswch/s nvcswch/s  Command
01:16:14 PM  1000    931871      0.00      0.00  run-grafana.sh
01:16:14 PM  1000    931873      0.00      0.00  run-loki.sh
01:16:14 PM  1000    931875      0.00      0.00  grafana
01:16:14 PM  1000    931876      0.00      0.00  run-otelcol.sh
01:16:14 PM  1000    931879      0.00      0.00  run-prometheus.
01:16:14 PM  1000    931881     31.00      0.00  otelcol-contrib
01:16:14 PM  1000    931882      0.00      0.00  run-tempo.sh
01:16:14 PM  1000    931889      0.00      0.00  run-pyroscope.s
01:16:14 PM  1000    931891      2.00      0.00  prometheus
01:16:14 PM  1000    931893     35.00      0.00  loki
01:16:14 PM  1000    931894     86.00     51.00  tempo
01:16:14 PM  1000    931896     49.00      0.00  pyroscope

01:16:14 PM   UID       PID    %usr %system  %guest   %wait    %CPU   CPU  Command
01:16:15 PM  1000    931871    0.00    0.00    0.00    0.00    0.00    20  run-grafana.sh
01:16:15 PM  1000    931873    0.00    0.00    0.00    0.00    0.00    18  run-loki.sh
01:16:15 PM  1000    931875    0.00    1.00    0.00    0.00    1.00    18  grafana
01:16:15 PM  1000    931876    0.00    0.00    0.00    0.00    0.00    18  run-otelcol.sh
01:16:15 PM  1000    931879    0.00    0.00    0.00    0.00    0.00    20  run-prometheus.
01:16:15 PM  1000    931881    3.00    0.00    0.00    0.00    3.00    20  otelcol-contrib
01:16:15 PM  1000    931882    0.00    0.00    0.00    0.00    0.00    18  run-tempo.sh
01:16:15 PM  1000    931889    0.00    0.00    0.00    0.00    0.00    16  run-pyroscope.s
01:16:15 PM  1000    931891    0.00    0.00    0.00    0.00    0.00    18  prometheus
01:16:15 PM  1000    931893    1.00    0.00    0.00    0.00    1.00    20  loki
01:16:15 PM  1000    931894   18.00    3.00    0.00    0.00   21.00    20  tempo
01:16:15 PM  1000    931896    1.00    0.00    0.00    0.00    1.00    20  pyroscope

01:16:14 PM   UID       PID   cswch/s nvcswch/s  Command
01:16:15 PM  1000    931871      0.00      0.00  run-grafana.sh
01:16:15 PM  1000    931873      0.00      0.00  run-loki.sh
01:16:15 PM  1000    931875      0.00      0.00  grafana
01:16:15 PM  1000    931876      0.00      0.00  run-otelcol.sh
01:16:15 PM  1000    931879      0.00      0.00  run-prometheus.
01:16:15 PM  1000    931881     47.00      0.00  otelcol-contrib
01:16:15 PM  1000    931882      0.00      0.00  run-tempo.sh
01:16:15 PM  1000    931889      0.00      0.00  run-pyroscope.s
01:16:15 PM  1000    931891      3.00      0.00  prometheus
01:16:15 PM  1000    931893     47.00      0.00  loki
01:16:15 PM  1000    931894     96.00      8.00  tempo
01:16:15 PM  1000    931896     31.00      0.00  pyroscope

01:16:15 PM   UID       PID    %usr %system  %guest   %wait    %CPU   CPU  Command
01:16:16 PM  1000    931871    0.00    0.00    0.00    0.00    0.00    20  run-grafana.sh
01:16:16 PM  1000    931873    0.00    0.00    0.00    0.00    0.00    18  run-loki.sh
01:16:16 PM  1000    931875    1.00    0.00    0.00    0.00    1.00    18  grafana
01:16:16 PM  1000    931876    0.00    0.00    0.00    0.00    0.00    18  run-otelcol.sh
01:16:16 PM  1000    931879    0.00    0.00    0.00    0.00    0.00    20  run-prometheus.
01:16:16 PM  1000    931881    3.00    0.00    0.00    0.00    3.00    20  otelcol-contrib
01:16:16 PM  1000    931882    0.00    0.00    0.00    0.00    0.00    18  run-tempo.sh
01:16:16 PM  1000    931889    0.00    0.00    0.00    0.00    0.00    16  run-pyroscope.s
01:16:16 PM  1000    931891    0.00    0.00    0.00    0.00    0.00    16  prometheus
01:16:16 PM  1000    931893    0.00    0.00    0.00    0.00    0.00    18  loki
01:16:16 PM  1000    931894   22.00    0.00    0.00    0.00   22.00    16  tempo
01:16:16 PM  1000    931896    0.00    0.00    0.00    0.00    0.00    20  pyroscope

01:16:15 PM   UID       PID   cswch/s nvcswch/s  Command
01:16:16 PM  1000    931871      0.00      0.00  run-grafana.sh
01:16:16 PM  1000    931873      0.00      0.00  run-loki.sh
01:16:16 PM  1000    931875      0.00      0.00  grafana
01:16:16 PM  1000    931876      0.00      0.00  run-otelcol.sh
01:16:16 PM  1000    931879      0.00      0.00  run-prometheus.
01:16:16 PM  1000    931881     50.00      0.00  otelcol-contrib
01:16:16 PM  1000    931882      0.00      0.00  run-tempo.sh
01:16:16 PM  1000    931889      0.00      0.00  run-pyroscope.s
01:16:16 PM  1000    931891      4.00      0.00  prometheus
01:16:16 PM  1000    931893     41.00      0.00  loki
01:16:16 PM  1000    931894     92.00      3.00  tempo
01:16:16 PM  1000    931896     40.00      0.00  pyroscope

01:16:16 PM   UID       PID    %usr %system  %guest   %wait    %CPU   CPU  Command
01:16:17 PM  1000    931871    0.00    0.00    0.00    0.00    0.00    20  run-grafana.sh
01:16:17 PM  1000    931873    0.00    0.00    0.00    0.00    0.00    18  run-loki.sh
01:16:17 PM  1000    931875    0.00    0.00    0.00    0.00    0.00    18  grafana
01:16:17 PM  1000    931876    0.00    0.00    0.00    0.00    0.00    18  run-otelcol.sh
01:16:17 PM  1000    931879    0.00    0.00    0.00    0.00    0.00    20  run-prometheus.
01:16:17 PM  1000    931881    3.00    0.00    0.00    0.00    3.00    18  otelcol-contrib
01:16:17 PM  1000    931882    0.00    0.00    0.00    0.00    0.00    18  run-tempo.sh
01:16:17 PM  1000    931889    0.00    0.00    0.00    0.00    0.00    16  run-pyroscope.s
01:16:17 PM  1000    931891    1.00    0.00    0.00    0.00    1.00    16  prometheus
01:16:17 PM  1000    931893    0.00    0.00    0.00    0.00    0.00    16  loki
01:16:17 PM  1000    931894   11.00    2.00    0.00    0.00   13.00    18  tempo
01:16:17 PM  1000    931896    0.00    0.00    0.00    0.00    0.00    16  pyroscope

01:16:16 PM   UID       PID   cswch/s nvcswch/s  Command
01:16:17 PM  1000    931871      0.00      0.00  run-grafana.sh
01:16:17 PM  1000    931873      0.00      0.00  run-loki.sh
01:16:17 PM  1000    931875      0.00      0.00  grafana
01:16:17 PM  1000    931876      0.00      0.00  run-otelcol.sh
01:16:17 PM  1000    931879      0.00      0.00  run-prometheus.
01:16:17 PM  1000    931881     47.00      0.00  otelcol-contrib
01:16:17 PM  1000    931882      0.00      0.00  run-tempo.sh
01:16:17 PM  1000    931889      0.00      0.00  run-pyroscope.s
01:16:17 PM  1000    931891      4.00      0.00  prometheus
01:16:17 PM  1000    931893     20.00      0.00  loki
01:16:17 PM  1000    931894     77.00      4.00  tempo
01:16:17 PM  1000    931896     34.00      0.00  pyroscope

01:16:17 PM   UID       PID    %usr %system  %guest   %wait    %CPU   CPU  Command
01:16:18 PM  1000    931871    0.00    0.00    0.00    0.00    0.00    20  run-grafana.sh
01:16:18 PM  1000    931873    0.00    0.00    0.00    0.00    0.00    18  run-loki.sh
01:16:18 PM  1000    931875    0.00    0.00    0.00    0.00    0.00    18  grafana
01:16:18 PM  1000    931876    0.00    0.00    0.00    0.00    0.00    18  run-otelcol.sh
01:16:18 PM  1000    931879    0.00    0.00    0.00    0.00    0.00    20  run-prometheus.
01:16:18 PM  1000    931881    3.00    1.00    0.00    0.00    4.00    16  otelcol-contrib
01:16:18 PM  1000    931882    0.00    0.00    0.00    0.00    0.00    18  run-tempo.sh
01:16:18 PM  1000    931889    0.00    0.00    0.00    0.00    0.00    16  run-pyroscope.s
01:16:18 PM  1000    931891    0.00    0.00    0.00    0.00    0.00    18  prometheus
01:16:18 PM  1000    931893    1.00    0.00    0.00    0.00    1.00    20  loki
01:16:18 PM  1000    931894   24.00    0.00    0.00    1.00   24.00    18  tempo
01:16:18 PM  1000    931896    0.00    0.00    0.00    0.00    0.00    18  pyroscope

01:16:17 PM   UID       PID   cswch/s nvcswch/s  Command
01:16:18 PM  1000    931871      0.00      0.00  run-grafana.sh
01:16:18 PM  1000    931873      0.00      0.00  run-loki.sh
01:16:18 PM  1000    931875      0.00      0.00  grafana
01:16:18 PM  1000    931876      0.00      0.00  run-otelcol.sh
01:16:18 PM  1000    931879      0.00      0.00  run-prometheus.
01:16:18 PM  1000    931881     41.00      2.00  otelcol-contrib
01:16:18 PM  1000    931882      0.00      0.00  run-tempo.sh
01:16:18 PM  1000    931889      0.00      0.00  run-pyroscope.s
01:16:18 PM  1000    931891      1.00      0.00  prometheus
01:16:18 PM  1000    931893     21.00      0.00  loki
01:16:18 PM  1000    931894     85.00     20.00  tempo
01:16:18 PM  1000    931896     36.00      0.00  pyroscope

01:16:18 PM   UID       PID    %usr %system  %guest   %wait    %CPU   CPU  Command
01:16:19 PM  1000    931871    0.00    0.00    0.00    0.00    0.00    20  run-grafana.sh
01:16:19 PM  1000    931873    0.00    0.00    0.00    0.00    0.00    18  run-loki.sh
01:16:19 PM  1000    931875    2.00    0.00    0.00    0.00    2.00    18  grafana
01:16:19 PM  1000    931876    0.00    0.00    0.00    0.00    0.00    18  run-otelcol.sh
01:16:19 PM  1000    931879    0.00    0.00    0.00    0.00    0.00    20  run-prometheus.
01:16:19 PM  1000    931881    5.00    0.00    0.00    0.00    5.00    18  otelcol-contrib
01:16:19 PM  1000    931882    0.00    0.00    0.00    0.00    0.00    18  run-tempo.sh
01:16:19 PM  1000    931889    0.00    0.00    0.00    0.00    0.00    16  run-pyroscope.s
01:16:19 PM  1000    931891    0.00    0.00    0.00    0.00    0.00    20  prometheus
01:16:19 PM  1000    931893    0.00    0.00    0.00    0.00    0.00    16  loki
01:16:19 PM  1000    931894   32.00    4.00    0.00    0.00   36.00    20  tempo
01:16:19 PM  1000    931896    0.00    0.00    0.00    0.00    0.00    18  pyroscope

01:16:18 PM   UID       PID   cswch/s nvcswch/s  Command
01:16:19 PM  1000    931871      0.00      0.00  run-grafana.sh
01:16:19 PM  1000    931873      0.00      0.00  run-loki.sh
01:16:19 PM  1000    931875      0.00      0.00  grafana
01:16:19 PM  1000    931876      0.00      0.00  run-otelcol.sh
01:16:19 PM  1000    931879      0.00      0.00  run-prometheus.
01:16:19 PM  1000    931881     50.00      2.00  otelcol-contrib
01:16:19 PM  1000    931882      0.00      0.00  run-tempo.sh
01:16:19 PM  1000    931889      0.00      0.00  run-pyroscope.s
01:16:19 PM  1000    931891      2.00      0.00  prometheus
01:16:19 PM  1000    931893     45.00      0.00  loki
01:16:19 PM  1000    931894     80.00     13.00  tempo
01:16:19 PM  1000    931896     15.00      0.00  pyroscope

01:16:19 PM   UID       PID    %usr %system  %guest   %wait    %CPU   CPU  Command
01:16:20 PM  1000    931871    0.00    0.00    0.00    0.00    0.00    20  run-grafana.sh
01:16:20 PM  1000    931873    0.00    0.00    0.00    0.00    0.00    18  run-loki.sh
01:16:20 PM  1000    931875    0.00    0.00    0.00    0.00    0.00    18  grafana
01:16:20 PM  1000    931876    0.00    0.00    0.00    0.00    0.00    18  run-otelcol.sh
01:16:20 PM  1000    931879    0.00    0.00    0.00    0.00    0.00    20  run-prometheus.
01:16:20 PM  1000    931881    0.00    0.00    0.00    0.00    0.00    16  otelcol-contrib
01:16:20 PM  1000    931882    0.00    0.00    0.00    0.00    0.00    18  run-tempo.sh
01:16:20 PM  1000    931889    0.00    0.00    0.00    0.00    0.00    16  run-pyroscope.s
01:16:20 PM  1000    931891    0.00    0.00    0.00    0.00    0.00    20  prometheus
01:16:20 PM  1000    931893    0.00    0.00    0.00    0.00    0.00    16  loki
01:16:20 PM  1000    931894    6.00    1.00    0.00    0.00    7.00    16  tempo
01:16:20 PM  1000    931896    0.00    0.00    0.00    0.00    0.00    18  pyroscope

01:16:19 PM   UID       PID   cswch/s nvcswch/s  Command
01:16:20 PM  1000    931871      0.00      0.00  run-grafana.sh
01:16:20 PM  1000    931873      0.00      0.00  run-loki.sh
01:16:20 PM  1000    931875      0.00      0.00  grafana
01:16:20 PM  1000    931876      0.00      0.00  run-otelcol.sh
01:16:20 PM  1000    931879      0.00      0.00  run-prometheus.
01:16:20 PM  1000    931881     16.00      0.00  otelcol-contrib
01:16:20 PM  1000    931882      0.00      0.00  run-tempo.sh
01:16:20 PM  1000    931889      0.00      0.00  run-pyroscope.s
01:16:20 PM  1000    931891      3.00      0.00  prometheus
01:16:20 PM  1000    931893     51.00      0.00  loki
01:16:20 PM  1000    931894     28.00      0.00  tempo
01:16:20 PM  1000    931896      0.00      0.00  pyroscope

01:16:20 PM   UID       PID    %usr %system  %guest   %wait    %CPU   CPU  Command
01:16:21 PM  1000    931871    0.00    0.00    0.00    0.00    0.00    20  run-grafana.sh
01:16:21 PM  1000    931873    0.00    0.00    0.00    0.00    0.00    18  run-loki.sh
01:16:21 PM  1000    931875    0.00    0.00    0.00    0.00    0.00    18  grafana
01:16:21 PM  1000    931876    0.00    0.00    0.00    0.00    0.00    18  run-otelcol.sh
01:16:21 PM  1000    931879    0.00    0.00    0.00    0.00    0.00    20  run-prometheus.
01:16:21 PM  1000    931881    1.00    0.00    0.00    0.00    1.00    20  otelcol-contrib
01:16:21 PM  1000    931882    0.00    0.00    0.00    0.00    0.00    18  run-tempo.sh
01:16:21 PM  1000    931889    0.00    0.00    0.00    0.00    0.00    16  run-pyroscope.s
01:16:21 PM  1000    931891    1.00    0.00    0.00    0.00    1.00    16  prometheus
01:16:21 PM  1000    931893    0.00    0.00    0.00    0.00    0.00    20  loki
01:16:21 PM  1000    931894   43.00    5.00    0.00    0.00   48.00    16  tempo
01:16:21 PM  1000    931896    0.00    0.00    0.00    0.00    0.00    18  pyroscope

01:16:20 PM   UID       PID   cswch/s nvcswch/s  Command
01:16:21 PM  1000    931871      0.00      0.00  run-grafana.sh
01:16:21 PM  1000    931873      0.00      0.00  run-loki.sh
01:16:21 PM  1000    931875      0.00      0.00  grafana
01:16:21 PM  1000    931876      0.00      0.00  run-otelcol.sh
01:16:21 PM  1000    931879      0.00      0.00  run-prometheus.
01:16:21 PM  1000    931881     14.00      0.00  otelcol-contrib
01:16:21 PM  1000    931882      0.00      0.00  run-tempo.sh
01:16:21 PM  1000    931889      0.00      0.00  run-pyroscope.s
01:16:21 PM  1000    931891      3.00      0.00  prometheus
01:16:21 PM  1000    931893     53.00      0.00  loki
01:16:21 PM  1000    931894     13.00     17.00  tempo
01:16:21 PM  1000    931896      0.00      0.00  pyroscope

01:16:21 PM   UID       PID    %usr %system  %guest   %wait    %CPU   CPU  Command
01:16:22 PM  1000    931871    0.00    0.00    0.00    0.00    0.00    20  run-grafana.sh
01:16:22 PM  1000    931873    0.00    0.00    0.00    0.00    0.00    18  run-loki.sh
01:16:22 PM  1000    931875    0.00    0.00    0.00    0.00    0.00    18  grafana
01:16:22 PM  1000    931876    0.00    0.00    0.00    0.00    0.00    18  run-otelcol.sh
01:16:22 PM  1000    931879    0.00    0.00    0.00    0.00    0.00    20  run-prometheus.
01:16:22 PM  1000    931881    0.00    0.00    0.00    0.00    0.00    16  otelcol-contrib
01:16:22 PM  1000    931882    0.00    0.00    0.00    0.00    0.00    18  run-tempo.sh
01:16:22 PM  1000    931889    0.00    0.00    0.00    0.00    0.00    16  run-pyroscope.s
01:16:22 PM  1000    931891    0.00    0.00    0.00    0.00    0.00    16  prometheus
01:16:22 PM  1000    931893    0.00    0.00    0.00    0.00    0.00    20  loki
01:16:22 PM  1000    931894    6.00    0.00    0.00    0.00    6.00    16  tempo
01:16:22 PM  1000    931896    1.00    0.00    0.00    0.00    1.00    18  pyroscope

01:16:21 PM   UID       PID   cswch/s nvcswch/s  Command
01:16:22 PM  1000    931871      0.00      0.00  run-grafana.sh
01:16:22 PM  1000    931873      0.00      0.00  run-loki.sh
01:16:22 PM  1000    931875      0.00      0.00  grafana
01:16:22 PM  1000    931876      0.00      0.00  run-otelcol.sh
01:16:22 PM  1000    931879      0.00      0.00  run-prometheus.
01:16:22 PM  1000    931881     20.00      0.00  otelcol-contrib
01:16:22 PM  1000    931882      0.00      0.00  run-tempo.sh
01:16:22 PM  1000    931889      0.00      0.00  run-pyroscope.s
01:16:22 PM  1000    931891      2.00      0.00  prometheus
01:16:22 PM  1000    931893     50.00      0.00  loki
01:16:22 PM  1000    931894      0.00      0.00  tempo
01:16:22 PM  1000    931896      0.00      0.00  pyroscope

01:16:22 PM   UID       PID    %usr %system  %guest   %wait    %CPU   CPU  Command
01:16:23 PM  1000    931871    0.00    0.00    0.00    0.00    0.00    20  run-grafana.sh
01:16:23 PM  1000    931873    0.00    0.00    0.00    0.00    0.00    18  run-loki.sh
01:16:23 PM  1000    931875    0.00    0.00    0.00    0.00    0.00    18  grafana
01:16:23 PM  1000    931876    0.00    0.00    0.00    0.00    0.00    18  run-otelcol.sh
01:16:23 PM  1000    931879    0.00    0.00    0.00    0.00    0.00    20  run-prometheus.
01:16:23 PM  1000    931881    0.00    0.00    0.00    0.00    0.00    20  otelcol-contrib
01:16:23 PM  1000    931882    0.00    0.00    0.00    0.00    0.00    18  run-tempo.sh
01:16:23 PM  1000    931889    0.00    0.00    0.00    0.00    0.00    16  run-pyroscope.s
01:16:23 PM  1000    931891    0.00    0.00    0.00    0.00    0.00    16  prometheus
01:16:23 PM  1000    931893    1.00    0.00    0.00    0.00    1.00    16  loki
01:16:23 PM  1000    931894    0.00    0.00    0.00    0.00    0.00    16  tempo
01:16:23 PM  1000    931896    0.00    0.00    0.00    0.00    0.00    18  pyroscope

01:16:22 PM   UID       PID   cswch/s nvcswch/s  Command
01:16:23 PM  1000    931871      0.00      0.00  run-grafana.sh
01:16:23 PM  1000    931873      0.00      0.00  run-loki.sh
01:16:23 PM  1000    931875      0.00      0.00  grafana
01:16:23 PM  1000    931876      0.00      0.00  run-otelcol.sh
01:16:23 PM  1000    931879      0.00      0.00  run-prometheus.
01:16:23 PM  1000    931881     25.00      0.00  otelcol-contrib
01:16:23 PM  1000    931882      0.00      0.00  run-tempo.sh
01:16:23 PM  1000    931889      0.00      0.00  run-pyroscope.s
01:16:23 PM  1000    931891      1.00      0.00  prometheus
01:16:23 PM  1000    931893     36.00      0.00  loki
01:16:23 PM  1000    931894      0.00      0.00  tempo
01:16:23 PM  1000    931896     33.00      0.00  pyroscope

01:16:23 PM   UID       PID    %usr %system  %guest   %wait    %CPU   CPU  Command
01:16:24 PM  1000    931871    0.00    0.00    0.00    0.00    0.00    20  run-grafana.sh
01:16:24 PM  1000    931873    0.00    0.00    0.00    0.00    0.00    18  run-loki.sh
01:16:24 PM  1000    931875    0.00    0.00    0.00    0.00    0.00    18  grafana
01:16:24 PM  1000    931876    0.00    0.00    0.00    0.00    0.00    18  run-otelcol.sh
01:16:24 PM  1000    931879    0.00    0.00    0.00    0.00    0.00    20  run-prometheus.
01:16:24 PM  1000    931881    1.00    0.00    0.00    0.00    1.00    18  otelcol-contrib
01:16:24 PM  1000    931882    0.00    0.00    0.00    0.00    0.00    18  run-tempo.sh
01:16:24 PM  1000    931889    0.00    0.00    0.00    0.00    0.00    16  run-pyroscope.s
01:16:24 PM  1000    931891    0.00    0.00    0.00    0.00    0.00    20  prometheus
01:16:24 PM  1000    931893    0.00    1.00    0.00    0.00    1.00    16  loki
01:16:24 PM  1000    931894   30.00    2.00    0.00    0.00   32.00    16  tempo
01:16:24 PM  1000    931896    0.00    0.00    0.00    0.00    0.00    18  pyroscope

01:16:23 PM   UID       PID   cswch/s nvcswch/s  Command
01:16:24 PM  1000    931871      0.00      0.00  run-grafana.sh
01:16:24 PM  1000    931873      0.00      0.00  run-loki.sh
01:16:24 PM  1000    931875      0.00      0.00  grafana
01:16:24 PM  1000    931876      0.00      0.00  run-otelcol.sh
01:16:24 PM  1000    931879      0.00      0.00  run-prometheus.
01:16:24 PM  1000    931881     25.00      0.00  otelcol-contrib
01:16:24 PM  1000    931882      0.00      0.00  run-tempo.sh
01:16:24 PM  1000    931889      0.00      0.00  run-pyroscope.s
01:16:24 PM  1000    931891      2.00      0.00  prometheus
01:16:24 PM  1000    931893     36.00      0.00  loki
01:16:24 PM  1000    931894      0.00      0.00  tempo
01:16:24 PM  1000    931896     55.00      0.00  pyroscope

01:16:24 PM   UID       PID    %usr %system  %guest   %wait    %CPU   CPU  Command
01:16:25 PM  1000    931871    0.00    0.00    0.00    0.00    0.00    20  run-grafana.sh
01:16:25 PM  1000    931873    0.00    0.00    0.00    0.00    0.00    18  run-loki.sh
01:16:25 PM  1000    931875    0.00    0.00    0.00    0.00    0.00    18  grafana
01:16:25 PM  1000    931876    0.00    0.00    0.00    0.00    0.00    18  run-otelcol.sh
01:16:25 PM  1000    931879    0.00    0.00    0.00    0.00    0.00    20  run-prometheus.
01:16:25 PM  1000    931881    0.00    0.00    0.00    0.00    0.00    16  otelcol-contrib
01:16:25 PM  1000    931882    0.00    0.00    0.00    0.00    0.00    18  run-tempo.sh
01:16:25 PM  1000    931889    0.00    0.00    0.00    0.00    0.00    16  run-pyroscope.s
01:16:25 PM  1000    931891    1.00    0.00    0.00    0.00    1.00    18  prometheus
01:16:25 PM  1000    931893    0.00    0.00    0.00    0.00    0.00    20  loki
01:16:25 PM  1000    931894    0.00    0.00    0.00    0.00    0.00    16  tempo
01:16:25 PM  1000    931896    0.00    0.00    0.00    0.00    0.00    16  pyroscope

01:16:24 PM   UID       PID   cswch/s nvcswch/s  Command
01:16:25 PM  1000    931871      0.00      0.00  run-grafana.sh
01:16:25 PM  1000    931873      0.00      0.00  run-loki.sh
01:16:25 PM  1000    931875      0.00      0.00  grafana
01:16:25 PM  1000    931876      0.00      0.00  run-otelcol.sh
01:16:25 PM  1000    931879      0.00      0.00  run-prometheus.
01:16:25 PM  1000    931881     26.00      0.00  otelcol-contrib
01:16:25 PM  1000    931882      0.00      0.00  run-tempo.sh
01:16:25 PM  1000    931889      0.00      0.00  run-pyroscope.s
01:16:25 PM  1000    931891      4.00      0.00  prometheus
01:16:25 PM  1000    931893     44.00      0.00  loki
01:16:25 PM  1000    931894      0.00      0.00  tempo
01:16:25 PM  1000    931896     24.00      0.00  pyroscope

01:16:25 PM   UID       PID    %usr %system  %guest   %wait    %CPU   CPU  Command
01:16:26 PM  1000    931871    0.00    0.00    0.00    0.00    0.00    20  run-grafana.sh
01:16:26 PM  1000    931873    0.00    0.00    0.00    0.00    0.00    18  run-loki.sh
01:16:26 PM  1000    931875    0.00    0.00    0.00    0.00    0.00    18  grafana
01:16:26 PM  1000    931876    0.00    0.00    0.00    0.00    0.00    18  run-otelcol.sh
01:16:26 PM  1000    931879    0.00    0.00    0.00    0.00    0.00    20  run-prometheus.
01:16:26 PM  1000    931881    1.00    0.00    0.00    0.00    1.00    20  otelcol-contrib
01:16:26 PM  1000    931882    0.00    0.00    0.00    0.00    0.00    18  run-tempo.sh
01:16:26 PM  1000    931889    0.00    0.00    0.00    0.00    0.00    16  run-pyroscope.s
01:16:26 PM  1000    931891    0.00    0.00    0.00    0.00    0.00    18  prometheus
01:16:26 PM  1000    931893    0.00    0.00    0.00    0.00    0.00    16  loki
01:16:26 PM  1000    931894    1.00    0.00    0.00    0.00    1.00    16  tempo
01:16:26 PM  1000    931896    0.00    0.00    0.00    0.00    0.00    18  pyroscope

01:16:25 PM   UID       PID   cswch/s nvcswch/s  Command
01:16:26 PM  1000    931871      0.00      0.00  run-grafana.sh
01:16:26 PM  1000    931873      0.00      0.00  run-loki.sh
01:16:26 PM  1000    931875      0.00      0.00  grafana
01:16:26 PM  1000    931876      0.00      0.00  run-otelcol.sh
01:16:26 PM  1000    931879      0.00      0.00  run-prometheus.
01:16:26 PM  1000    931881     15.00      0.00  otelcol-contrib
01:16:26 PM  1000    931882      0.00      0.00  run-tempo.sh
01:16:26 PM  1000    931889      0.00      0.00  run-pyroscope.s
01:16:26 PM  1000    931891      4.00      0.00  prometheus
01:16:26 PM  1000    931893     38.00      0.00  loki
01:16:26 PM  1000    931894      0.00      0.00  tempo
01:16:26 PM  1000    931896     41.00      0.00  pyroscope

01:16:26 PM   UID       PID    %usr %system  %guest   %wait    %CPU   CPU  Command
01:16:27 PM  1000    931871    0.00    0.00    0.00    0.00    0.00    20  run-grafana.sh
01:16:27 PM  1000    931873    0.00    0.00    0.00    0.00    0.00    18  run-loki.sh
01:16:27 PM  1000    931875    0.00    0.00    0.00    0.00    0.00    18  grafana
01:16:27 PM  1000    931876    0.00    0.00    0.00    0.00    0.00    18  run-otelcol.sh
01:16:27 PM  1000    931879    0.00    0.00    0.00    0.00    0.00    20  run-prometheus.
01:16:27 PM  1000    931881    0.00    0.00    0.00    0.00    0.00    20  otelcol-contrib
01:16:27 PM  1000    931882    0.00    0.00    0.00    0.00    0.00    18  run-tempo.sh
01:16:27 PM  1000    931889    0.00    0.00    0.00    0.00    0.00    16  run-pyroscope.s
01:16:27 PM  1000    931891    0.00    0.00    0.00    0.00    0.00    16  prometheus
01:16:27 PM  1000    931893    0.00    0.00    0.00    0.00    0.00    18  loki
01:16:27 PM  1000    931894    0.00    0.00    0.00    0.00    0.00    16  tempo
01:16:27 PM  1000    931896    4.00    0.00    0.00    0.00    4.00    18  pyroscope

01:16:26 PM   UID       PID   cswch/s nvcswch/s  Command
01:16:27 PM  1000    931871      0.00      0.00  run-grafana.sh
01:16:27 PM  1000    931873      0.00      0.00  run-loki.sh
01:16:27 PM  1000    931875      0.00      0.00  grafana
01:16:27 PM  1000    931876      0.00      0.00  run-otelcol.sh
01:16:27 PM  1000    931879      0.00      0.00  run-prometheus.
01:16:27 PM  1000    931881     15.00      0.00  otelcol-contrib
01:16:27 PM  1000    931882      0.00      0.00  run-tempo.sh
01:16:27 PM  1000    931889      0.00      0.00  run-pyroscope.s
01:16:27 PM  1000    931891     10.00      0.00  prometheus
01:16:27 PM  1000    931893     34.00      0.00  loki
01:16:27 PM  1000    931894      0.00      0.00  tempo
01:16:27 PM  1000    931896     72.00      0.00  pyroscope

01:16:27 PM   UID       PID    %usr %system  %guest   %wait    %CPU   CPU  Command
01:16:28 PM  1000    931871    0.00    0.00    0.00    0.00    0.00    20  run-grafana.sh
01:16:28 PM  1000    931873    0.00    0.00    0.00    0.00    0.00    18  run-loki.sh
01:16:28 PM  1000    931875    0.00    0.00    0.00    0.00    0.00    18  grafana
01:16:28 PM  1000    931876    0.00    0.00    0.00    0.00    0.00    18  run-otelcol.sh
01:16:28 PM  1000    931879    0.00    0.00    0.00    0.00    0.00    20  run-prometheus.
01:16:28 PM  1000    931881    0.00    1.00    0.00    0.00    1.00    16  otelcol-contrib
01:16:28 PM  1000    931882    0.00    0.00    0.00    0.00    0.00    18  run-tempo.sh
01:16:28 PM  1000    931889    0.00    0.00    0.00    0.00    0.00    16  run-pyroscope.s
01:16:28 PM  1000    931891    0.00    0.00    0.00    0.00    0.00    16  prometheus
01:16:28 PM  1000    931893    0.00    0.00    0.00    0.00    0.00    16  loki
01:16:28 PM  1000    931894    1.00    0.00    0.00    0.00    1.00    16  tempo
01:16:28 PM  1000    931896    0.00    0.00    0.00    0.00    0.00    18  pyroscope

01:16:27 PM   UID       PID   cswch/s nvcswch/s  Command
01:16:28 PM  1000    931871      0.00      0.00  run-grafana.sh
01:16:28 PM  1000    931873      0.00      0.00  run-loki.sh
01:16:28 PM  1000    931875      0.00      0.00  grafana
01:16:28 PM  1000    931876      0.00      0.00  run-otelcol.sh
01:16:28 PM  1000    931879      0.00      0.00  run-prometheus.
01:16:28 PM  1000    931881     11.00      0.00  otelcol-contrib
01:16:28 PM  1000    931882      0.00      0.00  run-tempo.sh
01:16:28 PM  1000    931889      0.00      0.00  run-pyroscope.s
01:16:28 PM  1000    931891      1.00      0.00  prometheus
01:16:28 PM  1000    931893     29.00      0.00  loki
01:16:28 PM  1000    931894      0.00      0.00  tempo
01:16:28 PM  1000    931896     17.00      0.00  pyroscope

01:16:28 PM   UID       PID    %usr %system  %guest   %wait    %CPU   CPU  Command
01:16:29 PM  1000    931871    0.00    0.00    0.00    0.00    0.00    20  run-grafana.sh
01:16:29 PM  1000    931873    0.00    0.00    0.00    0.00    0.00    18  run-loki.sh
01:16:29 PM  1000    931875    4.00    1.00    0.00    0.00    5.00    18  grafana
01:16:29 PM  1000    931876    0.00    0.00    0.00    0.00    0.00    18  run-otelcol.sh
01:16:29 PM  1000    931879    0.00    0.00    0.00    0.00    0.00    20  run-prometheus.
01:16:29 PM  1000    931881    1.00    0.00    0.00    0.00    1.00    18  otelcol-contrib
01:16:29 PM  1000    931882    0.00    0.00    0.00    0.00    0.00    18  run-tempo.sh
01:16:29 PM  1000    931889    0.00    0.00    0.00    0.00    0.00    16  run-pyroscope.s
01:16:29 PM  1000    931891    0.00    0.00    0.00    0.00    0.00    16  prometheus
01:16:29 PM  1000    931893    1.00    0.00    0.00    0.00    1.00    20  loki
01:16:29 PM  1000    931894    0.00    0.00    0.00    0.00    0.00    16  tempo
01:16:29 PM  1000    931896    0.00    0.00    0.00    0.00    0.00    16  pyroscope

01:16:28 PM   UID       PID   cswch/s nvcswch/s  Command
01:16:29 PM  1000    931871      0.00      0.00  run-grafana.sh
01:16:29 PM  1000    931873      0.00      0.00  run-loki.sh
01:16:29 PM  1000    931875      0.00      0.00  grafana
01:16:29 PM  1000    931876      0.00      0.00  run-otelcol.sh
01:16:29 PM  1000    931879      0.00      0.00  run-prometheus.
01:16:29 PM  1000    931881     24.00      0.00  otelcol-contrib
01:16:29 PM  1000    931882      0.00      0.00  run-tempo.sh
01:16:29 PM  1000    931889      0.00      0.00  run-pyroscope.s
01:16:29 PM  1000    931891      2.00      0.00  prometheus
01:16:29 PM  1000    931893     38.00      0.00  loki
01:16:29 PM  1000    931894      0.00      0.00  tempo
01:16:29 PM  1000    931896     24.00      0.00  pyroscope

01:16:29 PM   UID       PID    %usr %system  %guest   %wait    %CPU   CPU  Command
01:16:30 PM  1000    931871    0.00    0.00    0.00    0.00    0.00    20  run-grafana.sh
01:16:30 PM  1000    931873    0.00    0.00    0.00    0.00    0.00    18  run-loki.sh
01:16:30 PM  1000    931875    0.00    0.00    0.00    0.00    0.00    18  grafana
01:16:30 PM  1000    931876    0.00    0.00    0.00    0.00    0.00    18  run-otelcol.sh
01:16:30 PM  1000    931879    0.00    0.00    0.00    0.00    0.00    20  run-prometheus.
01:16:30 PM  1000    931881    0.00    0.00    0.00    0.00    0.00    18  otelcol-contrib
01:16:30 PM  1000    931882    0.00    0.00    0.00    0.00    0.00    18  run-tempo.sh
01:16:30 PM  1000    931889    0.00    0.00    0.00    0.00    0.00    16  run-pyroscope.s
01:16:30 PM  1000    931891    0.00    0.00    0.00    0.00    0.00    18  prometheus
01:16:30 PM  1000    931893    0.00    0.00    0.00    0.00    0.00    20  loki
01:16:30 PM  1000    931894   11.00    2.00    0.00    0.00   13.00    16  tempo
01:16:30 PM  1000    931896    1.00    0.00    0.00    0.00    1.00    18  pyroscope

01:16:29 PM   UID       PID   cswch/s nvcswch/s  Command
01:16:30 PM  1000    931871      0.00      0.00  run-grafana.sh
01:16:30 PM  1000    931873      0.00      0.00  run-loki.sh
01:16:30 PM  1000    931875      0.00      0.00  grafana
01:16:30 PM  1000    931876      0.00      0.00  run-otelcol.sh
01:16:30 PM  1000    931879      0.00      0.00  run-prometheus.
01:16:30 PM  1000    931881     26.00      0.00  otelcol-contrib
01:16:30 PM  1000    931882      0.00      0.00  run-tempo.sh
01:16:30 PM  1000    931889      0.00      0.00  run-pyroscope.s
01:16:30 PM  1000    931891      1.00      0.00  prometheus
01:16:30 PM  1000    931893     34.00      0.00  loki
01:16:30 PM  1000    931894      0.00      0.00  tempo
01:16:30 PM  1000    931896     30.00      1.00  pyroscope

01:16:30 PM   UID       PID    %usr %system  %guest   %wait    %CPU   CPU  Command
01:16:31 PM  1000    931871    0.00    0.00    0.00    0.00    0.00    20  run-grafana.sh
01:16:31 PM  1000    931873    0.00    0.00    0.00    0.00    0.00    18  run-loki.sh
01:16:31 PM  1000    931875    0.00    0.00    0.00    0.00    0.00    18  grafana
01:16:31 PM  1000    931876    0.00    0.00    0.00    0.00    0.00    18  run-otelcol.sh
01:16:31 PM  1000    931879    0.00    0.00    0.00    0.00    0.00    20  run-prometheus.
01:16:31 PM  1000    931881    0.00    0.00    0.00    0.00    0.00    18  otelcol-contrib
01:16:31 PM  1000    931882    0.00    0.00    0.00    0.00    0.00    18  run-tempo.sh
01:16:31 PM  1000    931889    0.00    0.00    0.00    0.00    0.00    16  run-pyroscope.s
01:16:31 PM  1000    931891    0.00    0.00    0.00    0.00    0.00    20  prometheus
01:16:31 PM  1000    931893    0.00    0.00    0.00    0.00    0.00    18  loki
01:16:31 PM  1000    931894    0.00    0.00    0.00    0.00    0.00    16  tempo
01:16:31 PM  1000    931896    0.00    0.00    0.00    0.00    0.00    18  pyroscope

01:16:30 PM   UID       PID   cswch/s nvcswch/s  Command
01:16:31 PM  1000    931871      0.00      0.00  run-grafana.sh
01:16:31 PM  1000    931873      0.00      0.00  run-loki.sh
01:16:31 PM  1000    931875      0.00      0.00  grafana
01:16:31 PM  1000    931876      0.00      0.00  run-otelcol.sh
01:16:31 PM  1000    931879      0.00      0.00  run-prometheus.
01:16:31 PM  1000    931881     15.00      0.00  otelcol-contrib
01:16:31 PM  1000    931882      0.00      0.00  run-tempo.sh
01:16:31 PM  1000    931889      0.00      0.00  run-pyroscope.s
01:16:31 PM  1000    931891      2.00      0.00  prometheus
01:16:31 PM  1000    931893     25.00      0.00  loki
01:16:31 PM  1000    931894      0.00      0.00  tempo
01:16:31 PM  1000    931896     37.00      0.00  pyroscope

01:16:31 PM   UID       PID    %usr %system  %guest   %wait    %CPU   CPU  Command
01:16:32 PM  1000    931871    0.00    0.00    0.00    0.00    0.00    20  run-grafana.sh
01:16:32 PM  1000    931873    0.00    0.00    0.00    0.00    0.00    18  run-loki.sh
01:16:32 PM  1000    931875    0.00    0.00    0.00    0.00    0.00    18  grafana
01:16:32 PM  1000    931876    0.00    0.00    0.00    0.00    0.00    18  run-otelcol.sh
01:16:32 PM  1000    931879    0.00    0.00    0.00    0.00    0.00    20  run-prometheus.
01:16:32 PM  1000    931881    1.00    0.00    0.00    0.00    1.00    18  otelcol-contrib
01:16:32 PM  1000    931882    0.00    0.00    0.00    0.00    0.00    18  run-tempo.sh
01:16:32 PM  1000    931889    0.00    0.00    0.00    0.00    0.00    16  run-pyroscope.s
01:16:32 PM  1000    931891    0.00    0.00    0.00    0.00    0.00    20  prometheus
01:16:32 PM  1000    931893    0.00    0.00    0.00    0.00    0.00    18  loki
01:16:32 PM  1000    931894    0.00    0.00    0.00    0.00    0.00    16  tempo
01:16:32 PM  1000    931896    0.00    0.00    0.00    0.00    0.00    18  pyroscope

01:16:31 PM   UID       PID   cswch/s nvcswch/s  Command
01:16:32 PM  1000    931871      0.00      0.00  run-grafana.sh
01:16:32 PM  1000    931873      0.00      0.00  run-loki.sh
01:16:32 PM  1000    931875      0.00      0.00  grafana
01:16:32 PM  1000    931876      0.00      0.00  run-otelcol.sh
01:16:32 PM  1000    931879      0.00      0.00  run-prometheus.
01:16:32 PM  1000    931881     19.00      0.00  otelcol-contrib
01:16:32 PM  1000    931882      0.00      0.00  run-tempo.sh
01:16:32 PM  1000    931889      0.00      0.00  run-pyroscope.s
01:16:32 PM  1000    931891      3.00      0.00  prometheus
01:16:32 PM  1000    931893     43.00      0.00  loki
01:16:32 PM  1000    931894      0.00      0.00  tempo
01:16:32 PM  1000    931896      7.00      0.00  pyroscope

01:16:32 PM   UID       PID    %usr %system  %guest   %wait    %CPU   CPU  Command
01:16:33 PM  1000    931871    0.00    0.00    0.00    0.00    0.00    20  run-grafana.sh
01:16:33 PM  1000    931873    0.00    0.00    0.00    0.00    0.00    18  run-loki.sh
01:16:33 PM  1000    931875    0.00    0.00    0.00    0.00    0.00    18  grafana
01:16:33 PM  1000    931876    0.00    0.00    0.00    0.00    0.00    18  run-otelcol.sh
01:16:33 PM  1000    931879    0.00    0.00    0.00    0.00    0.00    20  run-prometheus.
01:16:33 PM  1000    931881    0.00    0.00    0.00    0.00    0.00    20  otelcol-contrib
01:16:33 PM  1000    931882    0.00    0.00    0.00    0.00    0.00    18  run-tempo.sh
01:16:33 PM  1000    931889    0.00    0.00    0.00    0.00    0.00    16  run-pyroscope.s
01:16:33 PM  1000    931891    0.00    0.00    0.00    0.00    0.00    16  prometheus
01:16:33 PM  1000    931893    0.00    0.00    0.00    0.00    0.00    16  loki
01:16:33 PM  1000    931894    7.00    0.00    0.00    0.00    7.00    16  tempo
01:16:33 PM  1000    931896    0.00    0.00    0.00    0.00    0.00    18  pyroscope

01:16:32 PM   UID       PID   cswch/s nvcswch/s  Command
01:16:33 PM  1000    931871      0.00      0.00  run-grafana.sh
01:16:33 PM  1000    931873      0.00      0.00  run-loki.sh
01:16:33 PM  1000    931875      0.00      0.00  grafana
01:16:33 PM  1000    931876      0.00      0.00  run-otelcol.sh
01:16:33 PM  1000    931879      0.00      0.00  run-prometheus.
01:16:33 PM  1000    931881     18.00      0.00  otelcol-contrib
01:16:33 PM  1000    931882      0.00      0.00  run-tempo.sh
01:16:33 PM  1000    931889      0.00      0.00  run-pyroscope.s
01:16:33 PM  1000    931891      3.00      0.00  prometheus
01:16:33 PM  1000    931893     43.00      0.00  loki
01:16:33 PM  1000    931894      0.00      0.00  tempo
01:16:33 PM  1000    931896     20.00      0.00  pyroscope

01:16:33 PM   UID       PID    %usr %system  %guest   %wait    %CPU   CPU  Command
01:16:34 PM  1000    931871    0.00    0.00    0.00    0.00    0.00    20  run-grafana.sh
01:16:34 PM  1000    931873    0.00    0.00    0.00    0.00    0.00    18  run-loki.sh
01:16:34 PM  1000    931875    0.00    0.00    0.00    0.00    0.00    18  grafana
01:16:34 PM  1000    931876    0.00    0.00    0.00    0.00    0.00    18  run-otelcol.sh
01:16:34 PM  1000    931879    0.00    0.00    0.00    0.00    0.00    20  run-prometheus.
01:16:34 PM  1000    931881    0.00    0.00    0.00    0.00    0.00    16  otelcol-contrib
01:16:34 PM  1000    931882    0.00    0.00    0.00    0.00    0.00    18  run-tempo.sh
01:16:34 PM  1000    931889    0.00    0.00    0.00    0.00    0.00    16  run-pyroscope.s
01:16:34 PM  1000    931891    0.00    0.00    0.00    0.00    0.00    16  prometheus
01:16:34 PM  1000    931893    0.00    0.00    0.00    0.00    0.00    20  loki
01:16:34 PM  1000    931894   55.00    3.00    0.00    0.00   58.00    16  tempo
01:16:34 PM  1000    931896    0.00    0.00    0.00    0.00    0.00    16  pyroscope

01:16:33 PM   UID       PID   cswch/s nvcswch/s  Command
01:16:34 PM  1000    931871      0.00      0.00  run-grafana.sh
01:16:34 PM  1000    931873      0.00      0.00  run-loki.sh
01:16:34 PM  1000    931875      0.00      0.00  grafana
01:16:34 PM  1000    931876      0.00      0.00  run-otelcol.sh
01:16:34 PM  1000    931879      0.00      0.00  run-prometheus.
01:16:34 PM  1000    931881     25.00      0.00  otelcol-contrib
01:16:34 PM  1000    931882      0.00      0.00  run-tempo.sh
01:16:34 PM  1000    931889      0.00      0.00  run-pyroscope.s
01:16:34 PM  1000    931891      2.00      0.00  prometheus
01:16:34 PM  1000    931893     36.00      0.00  loki
01:16:34 PM  1000    931894      0.00      0.00  tempo
01:16:34 PM  1000    931896     22.00      0.00  pyroscope

01:16:34 PM   UID       PID    %usr %system  %guest   %wait    %CPU   CPU  Command
01:16:35 PM  1000    931871    0.00    0.00    0.00    0.00    0.00    20  run-grafana.sh
01:16:35 PM  1000    931873    0.00    0.00    0.00    0.00    0.00    18  run-loki.sh
01:16:35 PM  1000    931875    0.00    0.00    0.00    0.00    0.00    18  grafana
01:16:35 PM  1000    931876    0.00    0.00    0.00    0.00    0.00    18  run-otelcol.sh
01:16:35 PM  1000    931879    0.00    0.00    0.00    0.00    0.00    20  run-prometheus.
01:16:35 PM  1000    931881    1.00    0.00    0.00    0.00    1.00    16  otelcol-contrib
01:16:35 PM  1000    931882    0.00    0.00    0.00    0.00    0.00    18  run-tempo.sh
01:16:35 PM  1000    931889    0.00    0.00    0.00    0.00    0.00    16  run-pyroscope.s
01:16:35 PM  1000    931891    0.00    1.00    0.00    0.00    1.00    18  prometheus
01:16:35 PM  1000    931893    1.00    0.00    0.00    0.00    1.00    18  loki
01:16:35 PM  1000    931894  113.00    3.00    0.00    0.00  116.00    16  tempo
01:16:35 PM  1000    931896    0.00    0.00    0.00    0.00    0.00    20  pyroscope

01:16:34 PM   UID       PID   cswch/s nvcswch/s  Command
01:16:35 PM  1000    931871      0.00      0.00  run-grafana.sh
01:16:35 PM  1000    931873      0.00      0.00  run-loki.sh
01:16:35 PM  1000    931875      0.00      0.00  grafana
01:16:35 PM  1000    931876      0.00      0.00  run-otelcol.sh
01:16:35 PM  1000    931879      0.00      0.00  run-prometheus.
01:16:35 PM  1000    931881     25.00      0.00  otelcol-contrib
01:16:35 PM  1000    931882      0.00      0.00  run-tempo.sh
01:16:35 PM  1000    931889      0.00      0.00  run-pyroscope.s
01:16:35 PM  1000    931891      2.00      0.00  prometheus
01:16:35 PM  1000    931893     42.00      0.00  loki
01:16:35 PM  1000    931894      3.00      1.00  tempo
01:16:35 PM  1000    931896     39.00      0.00  pyroscope

01:16:35 PM   UID       PID    %usr %system  %guest   %wait    %CPU   CPU  Command
01:16:36 PM  1000    931871    0.00    0.00    0.00    0.00    0.00    20  run-grafana.sh
01:16:36 PM  1000    931873    0.00    0.00    0.00    0.00    0.00    18  run-loki.sh
01:16:36 PM  1000    931875    0.00    0.00    0.00    0.00    0.00    18  grafana
01:16:36 PM  1000    931876    0.00    0.00    0.00    0.00    0.00    18  run-otelcol.sh
01:16:36 PM  1000    931879    0.00    0.00    0.00    0.00    0.00    20  run-prometheus.
01:16:36 PM  1000    931881    0.00    0.00    0.00    0.00    0.00    18  otelcol-contrib
01:16:36 PM  1000    931882    0.00    0.00    0.00    0.00    0.00    18  run-tempo.sh
01:16:36 PM  1000    931889    0.00    0.00    0.00    0.00    0.00    16  run-pyroscope.s
01:16:36 PM  1000    931891    1.00    0.00    0.00    0.00    1.00    20  prometheus
01:16:36 PM  1000    931893    0.00    0.00    0.00    0.00    0.00    20  loki
01:16:36 PM  1000    931894   71.00    8.00    0.00    0.00   79.00    18  tempo
01:16:36 PM  1000    931896    0.00    0.00    0.00    0.00    0.00    20  pyroscope

01:16:35 PM   UID       PID   cswch/s nvcswch/s  Command
01:16:36 PM  1000    931871      0.00      0.00  run-grafana.sh
01:16:36 PM  1000    931873      0.00      0.00  run-loki.sh
01:16:36 PM  1000    931875      0.00      0.00  grafana
01:16:36 PM  1000    931876      0.00      0.00  run-otelcol.sh
01:16:36 PM  1000    931879      0.00      0.00  run-prometheus.
01:16:36 PM  1000    931881     12.00      0.00  otelcol-contrib
01:16:36 PM  1000    931882      0.00      0.00  run-tempo.sh
01:16:36 PM  1000    931889      0.00      0.00  run-pyroscope.s
01:16:36 PM  1000    931891      1.00      0.00  prometheus
01:16:36 PM  1000    931893     40.00      0.00  loki
01:16:36 PM  1000    931894     48.00     10.00  tempo
01:16:36 PM  1000    931896     55.00      0.00  pyroscope

01:16:36 PM   UID       PID    %usr %system  %guest   %wait    %CPU   CPU  Command
01:16:37 PM  1000    931871    0.00    0.00    0.00    0.00    0.00    20  run-grafana.sh
01:16:37 PM  1000    931873    0.00    0.00    0.00    0.00    0.00    18  run-loki.sh
01:16:37 PM  1000    931875    0.00    0.00    0.00    0.00    0.00    18  grafana
01:16:37 PM  1000    931876    0.00    0.00    0.00    0.00    0.00    18  run-otelcol.sh
01:16:37 PM  1000    931879    0.00    0.00    0.00    0.00    0.00    20  run-prometheus.
01:16:37 PM  1000    931881    0.00    0.00    0.00    0.00    0.00    16  otelcol-contrib
01:16:37 PM  1000    931882    0.00    0.00    0.00    0.00    0.00    18  run-tempo.sh
01:16:37 PM  1000    931889    0.00    0.00    0.00    0.00    0.00    16  run-pyroscope.s
01:16:37 PM  1000    931891    0.00    0.00    0.00    0.00    0.00    16  prometheus
01:16:37 PM  1000    931893    0.00    0.00    0.00    0.00    0.00    18  loki
01:16:37 PM  1000    931894    0.00    0.00    0.00    0.00    0.00    20  tempo
01:16:37 PM  1000    931896    0.00    1.00    0.00    0.00    1.00    20  pyroscope

01:16:36 PM   UID       PID   cswch/s nvcswch/s  Command
01:16:37 PM  1000    931871      0.00      0.00  run-grafana.sh
01:16:37 PM  1000    931873      0.00      0.00  run-loki.sh
01:16:37 PM  1000    931875      0.00      0.00  grafana
01:16:37 PM  1000    931876      0.00      0.00  run-otelcol.sh
01:16:37 PM  1000    931879      0.00      0.00  run-prometheus.
01:16:37 PM  1000    931881     23.00      0.00  otelcol-contrib
01:16:37 PM  1000    931882      0.00      0.00  run-tempo.sh
01:16:37 PM  1000    931889      0.00      0.00  run-pyroscope.s
01:16:37 PM  1000    931891      6.00      0.00  prometheus
01:16:37 PM  1000    931893     38.00      0.00  loki
01:16:37 PM  1000    931894     47.00      0.00  tempo
01:16:37 PM  1000    931896     31.00      0.00  pyroscope

01:16:37 PM   UID       PID    %usr %system  %guest   %wait    %CPU   CPU  Command
01:16:38 PM  1000    931871    0.00    0.00    0.00    0.00    0.00    20  run-grafana.sh
01:16:38 PM  1000    931873    0.00    0.00    0.00    0.00    0.00    18  run-loki.sh
01:16:38 PM  1000    931875    0.00    0.00    0.00    0.00    0.00    18  grafana
01:16:38 PM  1000    931876    0.00    0.00    0.00    0.00    0.00    18  run-otelcol.sh
01:16:38 PM  1000    931879    0.00    0.00    0.00    0.00    0.00    20  run-prometheus.
01:16:38 PM  1000    931881    1.00    0.00    0.00    0.00    1.00    18  otelcol-contrib
01:16:38 PM  1000    931882    0.00    0.00    0.00    0.00    0.00    18  run-tempo.sh
01:16:38 PM  1000    931889    0.00    0.00    0.00    0.00    0.00    16  run-pyroscope.s
01:16:38 PM  1000    931891    0.00    0.00    0.00    0.00    0.00    16  prometheus
01:16:38 PM  1000    931893    0.00    0.00    0.00    0.00    0.00    18  loki
01:16:38 PM  1000    931894    0.00    0.00    0.00    0.00    0.00    20  tempo
01:16:38 PM  1000    931896    0.00    0.00    0.00    0.00    0.00    20  pyroscope

01:16:37 PM   UID       PID   cswch/s nvcswch/s  Command
01:16:38 PM  1000    931871      0.00      0.00  run-grafana.sh
01:16:38 PM  1000    931873      0.00      0.00  run-loki.sh
01:16:38 PM  1000    931875      0.00      0.00  grafana
01:16:38 PM  1000    931876      0.00      0.00  run-otelcol.sh
01:16:38 PM  1000    931879      0.00      0.00  run-prometheus.
01:16:38 PM  1000    931881     36.00      0.00  otelcol-contrib
01:16:38 PM  1000    931882      0.00      0.00  run-tempo.sh
01:16:38 PM  1000    931889      0.00      0.00  run-pyroscope.s
01:16:38 PM  1000    931891      2.00      0.00  prometheus
01:16:38 PM  1000    931893     24.00      0.00  loki
01:16:38 PM  1000    931894     36.00      0.00  tempo
01:16:38 PM  1000    931896     37.00      0.00  pyroscope

01:16:38 PM   UID       PID    %usr %system  %guest   %wait    %CPU   CPU  Command
01:16:39 PM  1000    931871    0.00    0.00    0.00    0.00    0.00    20  run-grafana.sh
01:16:39 PM  1000    931873    0.00    0.00    0.00    0.00    0.00    18  run-loki.sh
01:16:39 PM  1000    931875    7.00    0.00    0.00    0.00    7.00    18  grafana
01:16:39 PM  1000    931876    0.00    0.00    0.00    0.00    0.00    18  run-otelcol.sh
01:16:39 PM  1000    931879    0.00    0.00    0.00    0.00    0.00    20  run-prometheus.
01:16:39 PM  1000    931881    0.00    0.00    0.00    0.00    0.00    18  otelcol-contrib
01:16:39 PM  1000    931882    0.00    0.00    0.00    0.00    0.00    18  run-tempo.sh
01:16:39 PM  1000    931889    0.00    0.00    0.00    0.00    0.00    16  run-pyroscope.s
01:16:39 PM  1000    931891    0.00    0.00    0.00    0.00    0.00    16  prometheus
01:16:39 PM  1000    931893    0.00    0.00    0.00    0.00    0.00    18  loki
01:16:39 PM  1000    931894    0.00    0.00    0.00    0.00    0.00    18  tempo
01:16:39 PM  1000    931896    1.00    0.00    0.00    0.00    1.00    20  pyroscope

01:16:38 PM   UID       PID   cswch/s nvcswch/s  Command
01:16:39 PM  1000    931871      0.00      0.00  run-grafana.sh
01:16:39 PM  1000    931873      0.00      0.00  run-loki.sh
01:16:39 PM  1000    931875      0.00      0.00  grafana
01:16:39 PM  1000    931876      0.00      0.00  run-otelcol.sh
01:16:39 PM  1000    931879      0.00      0.00  run-prometheus.
01:16:39 PM  1000    931881     35.00      0.00  otelcol-contrib
01:16:39 PM  1000    931882      0.00      0.00  run-tempo.sh
01:16:39 PM  1000    931889      0.00      0.00  run-pyroscope.s
01:16:39 PM  1000    931891      1.00      0.00  prometheus
01:16:39 PM  1000    931893     13.00      0.00  loki
01:16:39 PM  1000    931894     35.00      0.00  tempo
01:16:39 PM  1000    931896     32.00      0.00  pyroscope

01:16:39 PM   UID       PID    %usr %system  %guest   %wait    %CPU   CPU  Command
01:16:40 PM  1000    931871    0.00    0.00    0.00    0.00    0.00    20  run-grafana.sh
01:16:40 PM  1000    931873    0.00    0.00    0.00    0.00    0.00    18  run-loki.sh
01:16:40 PM  1000    931875    0.00    0.00    0.00    0.00    0.00    18  grafana
01:16:40 PM  1000    931876    0.00    0.00    0.00    0.00    0.00    18  run-otelcol.sh
01:16:40 PM  1000    931879    0.00    0.00    0.00    0.00    0.00    20  run-prometheus.
01:16:40 PM  1000    931881    1.00    0.00    0.00    0.00    1.00    16  otelcol-contrib
01:16:40 PM  1000    931882    0.00    0.00    0.00    0.00    0.00    18  run-tempo.sh
01:16:40 PM  1000    931889    0.00    0.00    0.00    0.00    0.00    16  run-pyroscope.s
01:16:40 PM  1000    931891    0.00    0.00    0.00    0.00    0.00    20  prometheus
01:16:40 PM  1000    931893    1.00    1.00    0.00    0.00    2.00    16  loki
01:16:40 PM  1000    931894    0.00    0.00    0.00    0.00    0.00    16  tempo
01:16:40 PM  1000    931896    0.00    0.00    0.00    0.00    0.00    18  pyroscope

01:16:39 PM   UID       PID   cswch/s nvcswch/s  Command
01:16:40 PM  1000    931871      0.00      0.00  run-grafana.sh
01:16:40 PM  1000    931873      0.00      0.00  run-loki.sh
01:16:40 PM  1000    931875      0.00      0.00  grafana
01:16:40 PM  1000    931876      0.00      0.00  run-otelcol.sh
01:16:40 PM  1000    931879      0.00      0.00  run-prometheus.
01:16:40 PM  1000    931881     18.00      0.00  otelcol-contrib
01:16:40 PM  1000    931882      0.00      0.00  run-tempo.sh
01:16:40 PM  1000    931889      0.00      0.00  run-pyroscope.s
01:16:40 PM  1000    931891      3.00      0.00  prometheus
01:16:40 PM  1000    931893     45.00      0.00  loki
01:16:40 PM  1000    931894     35.00      0.00  tempo
01:16:40 PM  1000    931896     37.00      0.00  pyroscope

01:16:40 PM   UID       PID    %usr %system  %guest   %wait    %CPU   CPU  Command
01:16:41 PM  1000    931871    0.00    0.00    0.00    0.00    0.00    20  run-grafana.sh
01:16:41 PM  1000    931873    0.00    0.00    0.00    0.00    0.00    18  run-loki.sh
01:16:41 PM  1000    931875    0.00    0.00    0.00    0.00    0.00    18  grafana
01:16:41 PM  1000    931876    0.00    0.00    0.00    0.00    0.00    18  run-otelcol.sh
01:16:41 PM  1000    931879    0.00    0.00    0.00    0.00    0.00    20  run-prometheus.
01:16:41 PM  1000    931881    0.00    0.00    0.00    0.00    0.00    18  otelcol-contrib
01:16:41 PM  1000    931882    0.00    0.00    0.00    0.00    0.00    18  run-tempo.sh
01:16:41 PM  1000    931889    0.00    0.00    0.00    0.00    0.00    16  run-pyroscope.s
01:16:41 PM  1000    931891    0.00    0.00    0.00    0.00    0.00    18  prometheus
01:16:41 PM  1000    931893    0.00    0.00    0.00    0.00    0.00    18  loki
01:16:41 PM  1000    931894    0.00    0.00    0.00    0.00    0.00    16  tempo
01:16:41 PM  1000    931896    0.00    0.00    0.00    0.00    0.00    18  pyroscope

01:16:40 PM   UID       PID   cswch/s nvcswch/s  Command
01:16:41 PM  1000    931871      0.00      0.00  run-grafana.sh
01:16:41 PM  1000    931873      0.00      0.00  run-loki.sh
01:16:41 PM  1000    931875      0.00      0.00  grafana
01:16:41 PM  1000    931876      0.00      0.00  run-otelcol.sh
01:16:41 PM  1000    931879      0.00      0.00  run-prometheus.
01:16:41 PM  1000    931881     19.00      0.00  otelcol-contrib
01:16:41 PM  1000    931882      0.00      0.00  run-tempo.sh
01:16:41 PM  1000    931889      0.00      0.00  run-pyroscope.s
01:16:41 PM  1000    931891      3.00      0.00  prometheus
01:16:41 PM  1000    931893     43.00      0.00  loki
01:16:41 PM  1000    931894     27.00      0.00  tempo
01:16:41 PM  1000    931896     57.00      0.00  pyroscope

01:16:41 PM   UID       PID    %usr %system  %guest   %wait    %CPU   CPU  Command
01:16:42 PM  1000    931871    0.00    0.00    0.00    0.00    0.00    20  run-grafana.sh
01:16:42 PM  1000    931873    0.00    0.00    0.00    0.00    0.00    18  run-loki.sh
01:16:42 PM  1000    931875    0.00    0.00    0.00    0.00    0.00    18  grafana
01:16:42 PM  1000    931876    0.00    0.00    0.00    0.00    0.00    18  run-otelcol.sh
01:16:42 PM  1000    931879    0.00    0.00    0.00    0.00    0.00    20  run-prometheus.
01:16:42 PM  1000    931881    0.00    0.00    0.00    0.00    0.00    18  otelcol-contrib
01:16:42 PM  1000    931882    0.00    0.00    0.00    0.00    0.00    18  run-tempo.sh
01:16:42 PM  1000    931889    0.00    0.00    0.00    0.00    0.00    16  run-pyroscope.s
01:16:42 PM  1000    931891    0.00    0.00    0.00    0.00    0.00    18  prometheus
01:16:42 PM  1000    931893    0.00    0.00    0.00    0.00    0.00    16  loki
01:16:42 PM  1000    931894    0.00    0.00    0.00    0.00    0.00    20  tempo
01:16:42 PM  1000    931896    3.00    0.00    0.00    0.00    3.00    18  pyroscope

01:16:41 PM   UID       PID   cswch/s nvcswch/s  Command
01:16:42 PM  1000    931871      0.00      0.00  run-grafana.sh
01:16:42 PM  1000    931873      0.00      0.00  run-loki.sh
01:16:42 PM  1000    931875      0.00      0.00  grafana
01:16:42 PM  1000    931876      0.00      0.00  run-otelcol.sh
01:16:42 PM  1000    931879      0.00      0.00  run-prometheus.
01:16:42 PM  1000    931881     23.00      0.00  otelcol-contrib
01:16:42 PM  1000    931882      0.00      0.00  run-tempo.sh
01:16:42 PM  1000    931889      0.00      0.00  run-pyroscope.s
01:16:42 PM  1000    931891      2.00      0.00  prometheus
01:16:42 PM  1000    931893     43.00      0.00  loki
01:16:42 PM  1000    931894     35.00      0.00  tempo
01:16:42 PM  1000    931896     62.00      3.00  pyroscope

01:16:42 PM   UID       PID    %usr %system  %guest   %wait    %CPU   CPU  Command
01:16:43 PM  1000    931871    0.00    0.00    0.00    0.00    0.00    20  run-grafana.sh
01:16:43 PM  1000    931873    0.00    0.00    0.00    0.00    0.00    18  run-loki.sh
01:16:43 PM  1000    931875    0.00    0.00    0.00    0.00    0.00    18  grafana
01:16:43 PM  1000    931876    0.00    0.00    0.00    0.00    0.00    18  run-otelcol.sh
01:16:43 PM  1000    931879    0.00    0.00    0.00    0.00    0.00    20  run-prometheus.
01:16:43 PM  1000    931881    1.00    0.00    0.00    0.00    1.00    16  otelcol-contrib
01:16:43 PM  1000    931882    0.00    0.00    0.00    0.00    0.00    18  run-tempo.sh
01:16:43 PM  1000    931889    0.00    0.00    0.00    0.00    0.00    16  run-pyroscope.s
01:16:43 PM  1000    931891    0.00    0.00    0.00    0.00    0.00    18  prometheus
01:16:43 PM  1000    931893    0.00    0.00    0.00    0.00    0.00    18  loki
01:16:43 PM  1000    931894    0.00    0.00    0.00    0.00    0.00    20  tempo
01:16:43 PM  1000    931896    0.00    0.00    0.00    0.00    0.00    20  pyroscope

01:16:42 PM   UID       PID   cswch/s nvcswch/s  Command
01:16:43 PM  1000    931871      0.00      0.00  run-grafana.sh
01:16:43 PM  1000    931873      0.00      0.00  run-loki.sh
01:16:43 PM  1000    931875      0.00      0.00  grafana
01:16:43 PM  1000    931876      0.00      0.00  run-otelcol.sh
01:16:43 PM  1000    931879      0.00      0.00  run-prometheus.
01:16:43 PM  1000    931881     14.00      0.00  otelcol-contrib
01:16:43 PM  1000    931882      0.00      0.00  run-tempo.sh
01:16:43 PM  1000    931889      0.00      0.00  run-pyroscope.s
01:16:43 PM  1000    931891      2.00      0.00  prometheus
01:16:43 PM  1000    931893     42.00      0.00  loki
01:16:43 PM  1000    931894      7.00      0.00  tempo
01:16:43 PM  1000    931896     26.00      1.00  pyroscope

01:16:43 PM   UID       PID    %usr %system  %guest   %wait    %CPU   CPU  Command
01:16:44 PM  1000    931871    0.00    0.00    0.00    0.00    0.00    20  run-grafana.sh
01:16:44 PM  1000    931873    0.00    0.00    0.00    0.00    0.00    18  run-loki.sh
01:16:44 PM  1000    931875    0.00    0.00    0.00    0.00    0.00    18  grafana
01:16:44 PM  1000    931876    0.00    0.00    0.00    0.00    0.00    18  run-otelcol.sh
01:16:44 PM  1000    931879    0.00    0.00    0.00    0.00    0.00    20  run-prometheus.
01:16:44 PM  1000    931881    0.00    0.00    0.00    0.00    0.00    16  otelcol-contrib
01:16:44 PM  1000    931882    0.00    0.00    0.00    0.00    0.00    18  run-tempo.sh
01:16:44 PM  1000    931889    0.00    0.00    0.00    0.00    0.00    16  run-pyroscope.s
01:16:44 PM  1000    931891    0.00    0.00    0.00    0.00    0.00    18  prometheus
01:16:44 PM  1000    931893    0.00    0.00    0.00    0.00    0.00    20  loki
01:16:44 PM  1000    931894    0.00    0.00    0.00    0.00    0.00    16  tempo
01:16:44 PM  1000    931896    0.00    0.00    0.00    0.00    0.00    20  pyroscope

01:16:43 PM   UID       PID   cswch/s nvcswch/s  Command
01:16:44 PM  1000    931871      0.00      0.00  run-grafana.sh
01:16:44 PM  1000    931873      0.00      0.00  run-loki.sh
01:16:44 PM  1000    931875      0.00      0.00  grafana
01:16:44 PM  1000    931876      0.00      0.00  run-otelcol.sh
01:16:44 PM  1000    931879      0.00      0.00  run-prometheus.
01:16:44 PM  1000    931881     15.00      0.00  otelcol-contrib
01:16:44 PM  1000    931882      0.00      0.00  run-tempo.sh
01:16:44 PM  1000    931889      0.00      0.00  run-pyroscope.s
01:16:44 PM  1000    931891      2.00      0.00  prometheus
01:16:44 PM  1000    931893     19.00      0.00  loki
01:16:44 PM  1000    931894     29.00      0.00  tempo
01:16:44 PM  1000    931896      3.00      0.00  pyroscope

01:16:44 PM   UID       PID    %usr %system  %guest   %wait    %CPU   CPU  Command
01:16:45 PM  1000    931871    0.00    0.00    0.00    0.00    0.00    20  run-grafana.sh
01:16:45 PM  1000    931873    0.00    0.00    0.00    0.00    0.00    18  run-loki.sh
01:16:45 PM  1000    931875    1.00    0.00    0.00    0.00    1.00    18  grafana
01:16:45 PM  1000    931876    0.00    0.00    0.00    0.00    0.00    18  run-otelcol.sh
01:16:45 PM  1000    931879    0.00    0.00    0.00    0.00    0.00    20  run-prometheus.
01:16:45 PM  1000    931881    0.00    0.00    0.00    0.00    0.00    18  otelcol-contrib
01:16:45 PM  1000    931882    0.00    0.00    0.00    0.00    0.00    18  run-tempo.sh
01:16:45 PM  1000    931889    0.00    0.00    0.00    0.00    0.00    16  run-pyroscope.s
01:16:45 PM  1000    931891    0.00    0.00    0.00    0.00    0.00    18  prometheus
01:16:45 PM  1000    931893    1.00    0.00    0.00    0.00    1.00    20  loki
01:16:45 PM  1000    931894    1.00    0.00    0.00    0.00    1.00    16  tempo
01:16:45 PM  1000    931896    0.00    0.00    0.00    0.00    0.00    18  pyroscope

01:16:44 PM   UID       PID   cswch/s nvcswch/s  Command
01:16:45 PM  1000    931871      0.00      0.00  run-grafana.sh
01:16:45 PM  1000    931873      0.00      0.00  run-loki.sh
01:16:45 PM  1000    931875      0.00      0.00  grafana
01:16:45 PM  1000    931876      0.00      0.00  run-otelcol.sh
01:16:45 PM  1000    931879      0.00      0.00  run-prometheus.
01:16:45 PM  1000    931881     20.00      0.00  otelcol-contrib
01:16:45 PM  1000    931882      0.00      0.00  run-tempo.sh
01:16:45 PM  1000    931889      0.00      0.00  run-pyroscope.s
01:16:45 PM  1000    931891      2.00      0.00  prometheus
01:16:45 PM  1000    931893     36.00      0.00  loki
01:16:45 PM  1000    931894     32.00      0.00  tempo
01:16:45 PM  1000    931896     28.00      1.00  pyroscope

01:16:45 PM   UID       PID    %usr %system  %guest   %wait    %CPU   CPU  Command
01:16:46 PM  1000    931871    0.00    0.00    0.00    0.00    0.00    20  run-grafana.sh
01:16:46 PM  1000    931873    0.00    0.00    0.00    0.00    0.00    18  run-loki.sh
01:16:46 PM  1000    931875    0.00    0.00    0.00    0.00    0.00    18  grafana
01:16:46 PM  1000    931876    0.00    0.00    0.00    0.00    0.00    18  run-otelcol.sh
01:16:46 PM  1000    931879    0.00    0.00    0.00    0.00    0.00    20  run-prometheus.
01:16:46 PM  1000    931881    1.00    0.00    0.00    0.00    1.00    20  otelcol-contrib
01:16:46 PM  1000    931882    0.00    0.00    0.00    0.00    0.00    18  run-tempo.sh
01:16:46 PM  1000    931889    0.00    0.00    0.00    0.00    0.00    16  run-pyroscope.s
01:16:46 PM  1000    931891    1.00    0.00    0.00    0.00    1.00    18  prometheus
01:16:46 PM  1000    931893    0.00    0.00    0.00    0.00    0.00    18  loki
01:16:46 PM  1000    931894    0.00    0.00    0.00    0.00    0.00    16  tempo
01:16:46 PM  1000    931896    0.00    0.00    0.00    0.00    0.00    18  pyroscope

01:16:45 PM   UID       PID   cswch/s nvcswch/s  Command
01:16:46 PM  1000    931871      0.00      0.00  run-grafana.sh
01:16:46 PM  1000    931873      0.00      0.00  run-loki.sh
01:16:46 PM  1000    931875      0.00      0.00  grafana
01:16:46 PM  1000    931876      0.00      0.00  run-otelcol.sh
01:16:46 PM  1000    931879      0.00      0.00  run-prometheus.
01:16:46 PM  1000    931881     13.00      0.00  otelcol-contrib
01:16:46 PM  1000    931882      0.00      0.00  run-tempo.sh
01:16:46 PM  1000    931889      0.00      0.00  run-pyroscope.s
01:16:46 PM  1000    931891      2.00      0.00  prometheus
01:16:46 PM  1000    931893     21.00      0.00  loki
01:16:46 PM  1000    931894     14.00      0.00  tempo
01:16:46 PM  1000    931896     23.00      0.00  pyroscope

01:16:46 PM   UID       PID    %usr %system  %guest   %wait    %CPU   CPU  Command
01:16:47 PM  1000    931871    0.00    0.00    0.00    0.00    0.00    20  run-grafana.sh
01:16:47 PM  1000    931873    0.00    0.00    0.00    0.00    0.00    18  run-loki.sh
01:16:47 PM  1000    931875    0.00    0.00    0.00    0.00    0.00    18  grafana
01:16:47 PM  1000    931876    0.00    0.00    0.00    0.00    0.00    18  run-otelcol.sh
01:16:47 PM  1000    931879    0.00    0.00    0.00    0.00    0.00    20  run-prometheus.
01:16:47 PM  1000    931881    0.00    0.00    0.00    0.00    0.00    18  otelcol-contrib
01:16:47 PM  1000    931882    0.00    0.00    0.00    0.00    0.00    18  run-tempo.sh
01:16:47 PM  1000    931889    0.00    0.00    0.00    0.00    0.00    16  run-pyroscope.s
01:16:47 PM  1000    931891    0.00    0.00    0.00    0.00    0.00    18  prometheus
01:16:47 PM  1000    931893    0.00    0.00    0.00    0.00    0.00    16  loki
01:16:47 PM  1000    931894    0.00    0.00    0.00    0.00    0.00    16  tempo
01:16:47 PM  1000    931896    1.00    0.00    0.00    0.00    1.00    20  pyroscope

01:16:46 PM   UID       PID   cswch/s nvcswch/s  Command
01:16:47 PM  1000    931871      0.00      0.00  run-grafana.sh
01:16:47 PM  1000    931873      0.00      0.00  run-loki.sh
01:16:47 PM  1000    931875      0.00      0.00  grafana
01:16:47 PM  1000    931876      0.00      0.00  run-otelcol.sh
01:16:47 PM  1000    931879      0.00      0.00  run-prometheus.
01:16:47 PM  1000    931881     22.00      0.00  otelcol-contrib
01:16:47 PM  1000    931882      0.00      0.00  run-tempo.sh
01:16:47 PM  1000    931889      0.00      0.00  run-pyroscope.s
01:16:47 PM  1000    931891      5.00      0.00  prometheus
01:16:47 PM  1000    931893     42.00      0.00  loki
01:16:47 PM  1000    931894      6.00      0.00  tempo
01:16:47 PM  1000    931896     35.00      0.00  pyroscope

01:16:47 PM   UID       PID    %usr %system  %guest   %wait    %CPU   CPU  Command
01:16:48 PM  1000    931871    0.00    0.00    0.00    0.00    0.00    20  run-grafana.sh
01:16:48 PM  1000    931873    0.00    0.00    0.00    0.00    0.00    18  run-loki.sh
01:16:48 PM  1000    931875    0.00    0.00    0.00    0.00    0.00    18  grafana
01:16:48 PM  1000    931876    0.00    0.00    0.00    0.00    0.00    18  run-otelcol.sh
01:16:48 PM  1000    931879    0.00    0.00    0.00    0.00    0.00    20  run-prometheus.
01:16:48 PM  1000    931881    0.00    0.00    0.00    0.00    0.00    20  otelcol-contrib
01:16:48 PM  1000    931882    0.00    0.00    0.00    0.00    0.00    18  run-tempo.sh
01:16:48 PM  1000    931889    0.00    0.00    0.00    0.00    0.00    16  run-pyroscope.s
01:16:48 PM  1000    931891    0.00    0.00    0.00    0.00    0.00    18  prometheus
01:16:48 PM  1000    931893    0.00    0.00    0.00    0.00    0.00    18  loki
01:16:48 PM  1000    931894    0.00    0.00    0.00    0.00    0.00    18  tempo
01:16:48 PM  1000    931896    0.00    0.00    0.00    0.00    0.00    20  pyroscope

01:16:47 PM   UID       PID   cswch/s nvcswch/s  Command
01:16:48 PM  1000    931871      0.00      0.00  run-grafana.sh
01:16:48 PM  1000    931873      0.00      0.00  run-loki.sh
01:16:48 PM  1000    931875      0.00      0.00  grafana
01:16:48 PM  1000    931876      0.00      0.00  run-otelcol.sh
01:16:48 PM  1000    931879      0.00      0.00  run-prometheus.
01:16:48 PM  1000    931881     27.00      0.00  otelcol-contrib
01:16:48 PM  1000    931882      0.00      0.00  run-tempo.sh
01:16:48 PM  1000    931889      0.00      0.00  run-pyroscope.s
01:16:48 PM  1000    931891      1.00      0.00  prometheus
01:16:48 PM  1000    931893     13.00      0.00  loki
01:16:48 PM  1000    931894     13.00      0.00  tempo
01:16:48 PM  1000    931896     27.00      0.00  pyroscope

01:16:48 PM   UID       PID    %usr %system  %guest   %wait    %CPU   CPU  Command
01:16:49 PM  1000    931871    0.00    0.00    0.00    0.00    0.00    20  run-grafana.sh
01:16:49 PM  1000    931873    0.00    0.00    0.00    0.00    0.00    18  run-loki.sh
01:16:49 PM  1000    931875    2.00    0.00    0.00    0.00    2.00    18  grafana
01:16:49 PM  1000    931876    0.00    0.00    0.00    0.00    0.00    18  run-otelcol.sh
01:16:49 PM  1000    931879    0.00    0.00    0.00    0.00    0.00    20  run-prometheus.
01:16:49 PM  1000    931881    1.00    0.00    0.00    0.00    1.00    20  otelcol-contrib
01:16:49 PM  1000    931882    0.00    0.00    0.00    0.00    0.00    18  run-tempo.sh
01:16:49 PM  1000    931889    0.00    0.00    0.00    0.00    0.00    16  run-pyroscope.s
01:16:49 PM  1000    931891    0.00    0.00    0.00    0.00    0.00    18  prometheus
01:16:49 PM  1000    931893    0.00    0.00    0.00    0.00    0.00    18  loki
01:16:49 PM  1000    931894    0.00    0.00    0.00    0.00    0.00    18  tempo
01:16:49 PM  1000    931896    0.00    0.00    0.00    0.00    0.00    20  pyroscope

01:16:48 PM   UID       PID   cswch/s nvcswch/s  Command
01:16:49 PM  1000    931871      0.00      0.00  run-grafana.sh
01:16:49 PM  1000    931873      0.00      0.00  run-loki.sh
01:16:49 PM  1000    931875      0.00      0.00  grafana
01:16:49 PM  1000    931876      0.00      0.00  run-otelcol.sh
01:16:49 PM  1000    931879      0.00      0.00  run-prometheus.
01:16:49 PM  1000    931881     20.00      0.00  otelcol-contrib
01:16:49 PM  1000    931882      0.00      0.00  run-tempo.sh
01:16:49 PM  1000    931889      0.00      0.00  run-pyroscope.s
01:16:49 PM  1000    931891      1.00      0.00  prometheus
01:16:49 PM  1000    931893     26.00      0.00  loki
01:16:49 PM  1000    931894      4.00      0.00  tempo
01:16:49 PM  1000    931896     20.00      0.00  pyroscope

01:16:49 PM   UID       PID    %usr %system  %guest   %wait    %CPU   CPU  Command
01:16:50 PM  1000    931871    0.00    0.00    0.00    0.00    0.00    20  run-grafana.sh
01:16:50 PM  1000    931873    0.00    0.00    0.00    0.00    0.00    18  run-loki.sh
01:16:50 PM  1000    931875    0.00    0.00    0.00    0.00    0.00    18  grafana
01:16:50 PM  1000    931876    0.00    0.00    0.00    0.00    0.00    18  run-otelcol.sh
01:16:50 PM  1000    931879    0.00    0.00    0.00    0.00    0.00    20  run-prometheus.
01:16:50 PM  1000    931881    0.00    0.00    0.00    0.00    0.00    18  otelcol-contrib
01:16:50 PM  1000    931882    0.00    0.00    0.00    0.00    0.00    18  run-tempo.sh
01:16:50 PM  1000    931889    0.00    0.00    0.00    0.00    0.00    16  run-pyroscope.s
01:16:50 PM  1000    931891    0.00    0.00    0.00    0.00    0.00    16  prometheus
01:16:50 PM  1000    931893    0.00    0.00    0.00    0.00    0.00    18  loki
01:16:50 PM  1000    931894    0.00    1.00    0.00    0.00    1.00    18  tempo
01:16:50 PM  1000    931896    0.00    0.00    0.00    0.00    0.00    20  pyroscope

01:16:49 PM   UID       PID   cswch/s nvcswch/s  Command
01:16:50 PM  1000    931871      0.00      0.00  run-grafana.sh
01:16:50 PM  1000    931873      0.00      0.00  run-loki.sh
01:16:50 PM  1000    931875      0.00      0.00  grafana
01:16:50 PM  1000    931876      0.00      0.00  run-otelcol.sh
01:16:50 PM  1000    931879      0.00      0.00  run-prometheus.
01:16:50 PM  1000    931881     25.00      1.00  otelcol-contrib
01:16:50 PM  1000    931882      0.00      0.00  run-tempo.sh
01:16:50 PM  1000    931889      0.00      0.00  run-pyroscope.s
01:16:50 PM  1000    931891      2.00      0.00  prometheus
01:16:50 PM  1000    931893     38.00      0.00  loki
01:16:50 PM  1000    931894      0.00      0.00  tempo
01:16:50 PM  1000    931896     18.00      0.00  pyroscope

01:16:50 PM   UID       PID    %usr %system  %guest   %wait    %CPU   CPU  Command
01:16:51 PM  1000    931871    0.00    0.00    0.00    0.00    0.00    20  run-grafana.sh
01:16:51 PM  1000    931873    0.00    0.00    0.00    0.00    0.00    18  run-loki.sh
01:16:51 PM  1000    931875    0.00    0.00    0.00    0.00    0.00    18  grafana
01:16:51 PM  1000    931876    0.00    0.00    0.00    0.00    0.00    18  run-otelcol.sh
01:16:51 PM  1000    931879    0.00    0.00    0.00    0.00    0.00    20  run-prometheus.
01:16:51 PM  1000    931881    0.00    0.00    0.00    0.00    0.00    20  otelcol-contrib
01:16:51 PM  1000    931882    0.00    0.00    0.00    0.00    0.00    18  run-tempo.sh
01:16:51 PM  1000    931889    0.00    0.00    0.00    0.00    0.00    16  run-pyroscope.s
01:16:51 PM  1000    931891    0.00    0.00    0.00    0.00    0.00    16  prometheus
01:16:51 PM  1000    931893    1.00    0.00    0.00    0.00    1.00    20  loki
01:16:51 PM  1000    931894    0.00    0.00    0.00    0.00    0.00    18  tempo
01:16:51 PM  1000    931896    0.00    0.00    0.00    0.00    0.00    20  pyroscope

01:16:50 PM   UID       PID   cswch/s nvcswch/s  Command
01:16:51 PM  1000    931871      0.00      0.00  run-grafana.sh
01:16:51 PM  1000    931873      0.00      0.00  run-loki.sh
01:16:51 PM  1000    931875      0.00      0.00  grafana
01:16:51 PM  1000    931876      0.00      0.00  run-otelcol.sh
01:16:51 PM  1000    931879      0.00      0.00  run-prometheus.
01:16:51 PM  1000    931881     11.00      0.00  otelcol-contrib
01:16:51 PM  1000    931882      0.00      0.00  run-tempo.sh
01:16:51 PM  1000    931889      0.00      0.00  run-pyroscope.s
01:16:51 PM  1000    931891      3.00      0.00  prometheus
01:16:51 PM  1000    931893     55.00      0.00  loki
01:16:51 PM  1000    931894      0.00      0.00  tempo
01:16:51 PM  1000    931896     27.00      0.00  pyroscope

01:16:51 PM   UID       PID    %usr %system  %guest   %wait    %CPU   CPU  Command
01:16:52 PM  1000    931871    0.00    0.00    0.00    0.00    0.00    20  run-grafana.sh
01:16:52 PM  1000    931873    0.00    0.00    0.00    0.00    0.00    18  run-loki.sh
01:16:52 PM  1000    931875    0.00    0.00    0.00    0.00    0.00    18  grafana
01:16:52 PM  1000    931876    0.00    0.00    0.00    0.00    0.00    18  run-otelcol.sh
01:16:52 PM  1000    931879    0.00    0.00    0.00    0.00    0.00    20  run-prometheus.
01:16:52 PM  1000    931881    1.00    0.00    0.00    0.00    1.00    20  otelcol-contrib
01:16:52 PM  1000    931882    0.00    0.00    0.00    0.00    0.00    18  run-tempo.sh
01:16:52 PM  1000    931889    0.00    0.00    0.00    0.00    0.00    16  run-pyroscope.s
01:16:52 PM  1000    931891    0.00    0.00    0.00    0.00    0.00    16  prometheus
01:16:52 PM  1000    931893    0.00    0.00    0.00    0.00    0.00    16  loki
01:16:52 PM  1000    931894    0.00    0.00    0.00    0.00    0.00    18  tempo
01:16:52 PM  1000    931896    0.00    0.00    0.00    0.00    0.00    18  pyroscope

01:16:51 PM   UID       PID   cswch/s nvcswch/s  Command
01:16:52 PM  1000    931871      0.00      0.00  run-grafana.sh
01:16:52 PM  1000    931873      0.00      0.00  run-loki.sh
01:16:52 PM  1000    931875      0.00      0.00  grafana
01:16:52 PM  1000    931876      0.00      0.00  run-otelcol.sh
01:16:52 PM  1000    931879      0.00      0.00  run-prometheus.
01:16:52 PM  1000    931881     22.00      1.00  otelcol-contrib
01:16:52 PM  1000    931882      0.00      0.00  run-tempo.sh
01:16:52 PM  1000    931889      0.00      0.00  run-pyroscope.s
01:16:52 PM  1000    931891      4.00      0.00  prometheus
01:16:52 PM  1000    931893     36.00      0.00  loki
01:16:52 PM  1000    931894     25.00      0.00  tempo
01:16:52 PM  1000    931896     40.00      0.00  pyroscope

01:16:52 PM   UID       PID    %usr %system  %guest   %wait    %CPU   CPU  Command
01:16:53 PM  1000    931871    0.00    0.00    0.00    0.00    0.00    20  run-grafana.sh
01:16:53 PM  1000    931873    0.00    0.00    0.00    0.00    0.00    18  run-loki.sh
01:16:53 PM  1000    931875    0.00    0.00    0.00    0.00    0.00    18  grafana
01:16:53 PM  1000    931876    0.00    0.00    0.00    0.00    0.00    18  run-otelcol.sh
01:16:53 PM  1000    931879    0.00    0.00    0.00    0.00    0.00    20  run-prometheus.
01:16:53 PM  1000    931881    0.00    0.00    0.00    0.00    0.00    18  otelcol-contrib
01:16:53 PM  1000    931882    0.00    0.00    0.00    0.00    0.00    18  run-tempo.sh
01:16:53 PM  1000    931889    0.00    0.00    0.00    0.00    0.00    16  run-pyroscope.s
01:16:53 PM  1000    931891    0.00    0.00    0.00    0.00    0.00    20  prometheus
01:16:53 PM  1000    931893    0.00    0.00    0.00    0.00    0.00    16  loki
01:16:53 PM  1000    931894    1.00    0.00    0.00    0.00    1.00    18  tempo
01:16:53 PM  1000    931896    0.00    0.00    0.00    0.00    0.00    18  pyroscope

01:16:52 PM   UID       PID   cswch/s nvcswch/s  Command
01:16:53 PM  1000    931871      0.00      0.00  run-grafana.sh
01:16:53 PM  1000    931873      0.00      0.00  run-loki.sh
01:16:53 PM  1000    931875      0.00      0.00  grafana
01:16:53 PM  1000    931876      0.00      0.00  run-otelcol.sh
01:16:53 PM  1000    931879      0.00      0.00  run-prometheus.
01:16:53 PM  1000    931881     20.00      0.00  otelcol-contrib
01:16:53 PM  1000    931882      0.00      0.00  run-tempo.sh
01:16:53 PM  1000    931889      0.00      0.00  run-pyroscope.s
01:16:53 PM  1000    931891      4.00      0.00  prometheus
01:16:53 PM  1000    931893      0.00      0.00  loki
01:16:53 PM  1000    931894     24.00      0.00  tempo
01:16:53 PM  1000    931896     29.00      0.00  pyroscope

01:16:53 PM   UID       PID    %usr %system  %guest   %wait    %CPU   CPU  Command
01:16:54 PM  1000    931871    0.00    0.00    0.00    0.00    0.00    20  run-grafana.sh
01:16:54 PM  1000    931873    0.00    0.00    0.00    0.00    0.00    18  run-loki.sh
01:16:54 PM  1000    931875    0.00    0.00    0.00    0.00    0.00    18  grafana
01:16:54 PM  1000    931876    0.00    0.00    0.00    0.00    0.00    18  run-otelcol.sh
01:16:54 PM  1000    931879    0.00    0.00    0.00    0.00    0.00    20  run-prometheus.
01:16:54 PM  1000    931881    0.00    0.00    0.00    0.00    0.00    20  otelcol-contrib
01:16:54 PM  1000    931882    0.00    0.00    0.00    0.00    0.00    18  run-tempo.sh
01:16:54 PM  1000    931889    0.00    0.00    0.00    0.00    0.00    16  run-pyroscope.s
01:16:54 PM  1000    931891    0.00    0.00    0.00    0.00    0.00    16  prometheus
01:16:54 PM  1000    931893    0.00    0.00    0.00    0.00    0.00    16  loki
01:16:54 PM  1000    931894    0.00    0.00    0.00    0.00    0.00    18  tempo
01:16:54 PM  1000    931896    0.00    0.00    0.00    0.00    0.00    18  pyroscope

01:16:53 PM   UID       PID   cswch/s nvcswch/s  Command
01:16:54 PM  1000    931871      0.00      0.00  run-grafana.sh
01:16:54 PM  1000    931873      0.00      0.00  run-loki.sh
01:16:54 PM  1000    931875      0.00      0.00  grafana
01:16:54 PM  1000    931876      0.00      0.00  run-otelcol.sh
01:16:54 PM  1000    931879      0.00      0.00  run-prometheus.
01:16:54 PM  1000    931881     14.00      1.00  otelcol-contrib
01:16:54 PM  1000    931882      0.00      0.00  run-tempo.sh
01:16:54 PM  1000    931889      0.00      0.00  run-pyroscope.s
01:16:54 PM  1000    931891      3.00      0.00  prometheus
01:16:54 PM  1000    931893      0.00      0.00  loki
01:16:54 PM  1000    931894     40.00      0.00  tempo
01:16:54 PM  1000    931896     38.00      0.00  pyroscope

01:16:54 PM   UID       PID    %usr %system  %guest   %wait    %CPU   CPU  Command
01:16:55 PM  1000    931871    0.00    0.00    0.00    0.00    0.00    20  run-grafana.sh
01:16:55 PM  1000    931873    0.00    0.00    0.00    0.00    0.00    18  run-loki.sh
01:16:55 PM  1000    931875    0.00    0.00    0.00    0.00    0.00    18  grafana
01:16:55 PM  1000    931876    0.00    0.00    0.00    0.00    0.00    18  run-otelcol.sh
01:16:55 PM  1000    931879    0.00    0.00    0.00    0.00    0.00    20  run-prometheus.
01:16:55 PM  1000    931881    3.00    1.00    0.00    0.00    4.00    18  otelcol-contrib
01:16:55 PM  1000    931882    0.00    0.00    0.00    0.00    0.00    18  run-tempo.sh
01:16:55 PM  1000    931889    0.00    0.00    0.00    0.00    0.00    16  run-pyroscope.s
01:16:55 PM  1000    931891    0.00    0.00    0.00    0.00    0.00    16  prometheus
01:16:55 PM  1000    931893    1.00    0.00    0.00    0.00    1.00    16  loki
01:16:55 PM  1000    931894    5.00    0.00    0.00    0.00    5.00    16  tempo
01:16:55 PM  1000    931896    0.00    1.00    0.00    0.00    1.00    18  pyroscope

01:16:54 PM   UID       PID   cswch/s nvcswch/s  Command
01:16:55 PM  1000    931871      0.00      0.00  run-grafana.sh
01:16:55 PM  1000    931873      0.00      0.00  run-loki.sh
01:16:55 PM  1000    931875      0.00      0.00  grafana
01:16:55 PM  1000    931876      0.00      0.00  run-otelcol.sh
01:16:55 PM  1000    931879      0.00      0.00  run-prometheus.
01:16:55 PM  1000    931881     46.00      6.00  otelcol-contrib
01:16:55 PM  1000    931882      0.00      0.00  run-tempo.sh
01:16:55 PM  1000    931889      0.00      0.00  run-pyroscope.s
01:16:55 PM  1000    931891      2.00      0.00  prometheus
01:16:55 PM  1000    931893      0.00      0.00  loki
01:16:55 PM  1000    931894     77.00      3.00  tempo
01:16:55 PM  1000    931896      8.00      0.00  pyroscope

01:16:55 PM   UID       PID    %usr %system  %guest   %wait    %CPU   CPU  Command
01:16:56 PM  1000    931871    0.00    0.00    0.00    0.00    0.00    20  run-grafana.sh
01:16:56 PM  1000    931873    0.00    0.00    0.00    0.00    0.00    18  run-loki.sh
01:16:56 PM  1000    931875    1.00    0.00    0.00    0.00    1.00    18  grafana
01:16:56 PM  1000    931876    0.00    0.00    0.00    0.00    0.00    18  run-otelcol.sh
01:16:56 PM  1000    931879    0.00    0.00    0.00    0.00    0.00    20  run-prometheus.
01:16:56 PM  1000    931881    5.00    0.00    0.00    1.00    5.00    16  otelcol-contrib
01:16:56 PM  1000    931882    0.00    0.00    0.00    0.00    0.00    18  run-tempo.sh
01:16:56 PM  1000    931889    0.00    0.00    0.00    0.00    0.00    16  run-pyroscope.s
01:16:56 PM  1000    931891    2.00    0.00    0.00    0.00    2.00    20  prometheus
01:16:56 PM  1000    931893    0.00    0.00    0.00    0.00    0.00    16  loki
01:16:56 PM  1000    931894    8.00    0.00    0.00    0.00    8.00    18  tempo
01:16:56 PM  1000    931896    1.00    0.00    0.00    0.00    1.00    18  pyroscope

01:16:55 PM   UID       PID   cswch/s nvcswch/s  Command
01:16:56 PM  1000    931871      0.00      0.00  run-grafana.sh
01:16:56 PM  1000    931873      0.00      0.00  run-loki.sh
01:16:56 PM  1000    931875      0.00      0.00  grafana
01:16:56 PM  1000    931876      0.00      0.00  run-otelcol.sh
01:16:56 PM  1000    931879      0.00      0.00  run-prometheus.
01:16:56 PM  1000    931881     48.00      3.00  otelcol-contrib
01:16:56 PM  1000    931882      0.00      0.00  run-tempo.sh
01:16:56 PM  1000    931889      0.00      0.00  run-pyroscope.s
01:16:56 PM  1000    931891      4.00      0.00  prometheus
01:16:56 PM  1000    931893      0.00      0.00  loki
01:16:56 PM  1000    931894    102.00      5.00  tempo
01:16:56 PM  1000    931896     15.00      0.00  pyroscope

01:16:56 PM   UID       PID    %usr %system  %guest   %wait    %CPU   CPU  Command
01:16:57 PM  1000    931871    0.00    0.00    0.00    0.00    0.00    20  run-grafana.sh
01:16:57 PM  1000    931873    0.00    0.00    0.00    0.00    0.00    18  run-loki.sh
01:16:57 PM  1000    931875    0.00    1.00    0.00    0.00    1.00    18  grafana
01:16:57 PM  1000    931876    0.00    0.00    0.00    0.00    0.00    18  run-otelcol.sh
01:16:57 PM  1000    931879    0.00    0.00    0.00    0.00    0.00    20  run-prometheus.
01:16:57 PM  1000    931881    3.00    0.00    0.00    0.00    3.00    16  otelcol-contrib
01:16:57 PM  1000    931882    0.00    0.00    0.00    0.00    0.00    18  run-tempo.sh
01:16:57 PM  1000    931889    0.00    0.00    0.00    0.00    0.00    16  run-pyroscope.s
01:16:57 PM  1000    931891    0.00    0.00    0.00    0.00    0.00    20  prometheus
01:16:57 PM  1000    931893    0.00    0.00    0.00    0.00    0.00    16  loki
01:16:57 PM  1000    931894   10.00    1.00    0.00    0.00   11.00    16  tempo
01:16:57 PM  1000    931896    3.00    0.00    0.00    1.00    3.00    18  pyroscope

01:16:56 PM   UID       PID   cswch/s nvcswch/s  Command
01:16:57 PM  1000    931871      0.00      0.00  run-grafana.sh
01:16:57 PM  1000    931873      0.00      0.00  run-loki.sh
01:16:57 PM  1000    931875      0.00      0.00  grafana
01:16:57 PM  1000    931876      0.00      0.00  run-otelcol.sh
01:16:57 PM  1000    931879      0.00      0.00  run-prometheus.
01:16:57 PM  1000    931881     56.00      0.00  otelcol-contrib
01:16:57 PM  1000    931882      0.00      0.00  run-tempo.sh
01:16:57 PM  1000    931889      0.00      0.00  run-pyroscope.s
01:16:57 PM  1000    931891      3.00      0.00  prometheus
01:16:57 PM  1000    931893      0.00      0.00  loki
01:16:57 PM  1000    931894     85.00      3.00  tempo
01:16:57 PM  1000    931896     74.00      0.00  pyroscope

01:16:57 PM   UID       PID    %usr %system  %guest   %wait    %CPU   CPU  Command
01:16:58 PM  1000    931871    0.00    0.00    0.00    0.00    0.00    20  run-grafana.sh
01:16:58 PM  1000    931873    0.00    0.00    0.00    0.00    0.00    18  run-loki.sh
01:16:58 PM  1000    931875    0.00    0.00    0.00    0.00    0.00    18  grafana
01:16:58 PM  1000    931876    0.00    0.00    0.00    0.00    0.00    18  run-otelcol.sh
01:16:58 PM  1000    931879    0.00    0.00    0.00    0.00    0.00    20  run-prometheus.
01:16:58 PM  1000    931881    3.00    1.00    0.00    0.00    4.00    16  otelcol-contrib
01:16:58 PM  1000    931882    0.00    0.00    0.00    0.00    0.00    18  run-tempo.sh
01:16:58 PM  1000    931889    0.00    0.00    0.00    0.00    0.00    16  run-pyroscope.s
01:16:58 PM  1000    931891    0.00    0.00    0.00    0.00    0.00    20  prometheus
01:16:58 PM  1000    931893    0.00    1.00    0.00    0.00    1.00    16  loki
01:16:58 PM  1000    931894   22.00    2.00    0.00    0.00   24.00    16  tempo
01:16:58 PM  1000    931896    1.00    0.00    0.00    0.00    1.00    20  pyroscope

01:16:57 PM   UID       PID   cswch/s nvcswch/s  Command
01:16:58 PM  1000    931871      0.00      0.00  run-grafana.sh
01:16:58 PM  1000    931873      0.00      0.00  run-loki.sh
01:16:58 PM  1000    931875      0.00      0.00  grafana
01:16:58 PM  1000    931876      0.00      0.00  run-otelcol.sh
01:16:58 PM  1000    931879      0.00      0.00  run-prometheus.
01:16:58 PM  1000    931881     51.00      0.00  otelcol-contrib
01:16:58 PM  1000    931882      0.00      0.00  run-tempo.sh
01:16:58 PM  1000    931889      0.00      0.00  run-pyroscope.s
01:16:58 PM  1000    931891      0.00      0.00  prometheus
01:16:58 PM  1000    931893      0.00      0.00  loki
01:16:58 PM  1000    931894    113.00      1.00  tempo
01:16:58 PM  1000    931896     22.00      0.00  pyroscope

01:16:58 PM   UID       PID    %usr %system  %guest   %wait    %CPU   CPU  Command
01:16:59 PM  1000    931871    0.00    0.00    0.00    0.00    0.00    20  run-grafana.sh
01:16:59 PM  1000    931873    0.00    0.00    0.00    0.00    0.00    18  run-loki.sh
01:16:59 PM  1000    931875    4.00    0.00    0.00    0.00    4.00    18  grafana
01:16:59 PM  1000    931876    0.00    0.00    0.00    0.00    0.00    18  run-otelcol.sh
01:16:59 PM  1000    931879    0.00    0.00    0.00    0.00    0.00    20  run-prometheus.
01:16:59 PM  1000    931881    3.00    0.00    0.00    0.00    3.00    18  otelcol-contrib
01:16:59 PM  1000    931882    0.00    0.00    0.00    0.00    0.00    18  run-tempo.sh
01:16:59 PM  1000    931889    0.00    0.00    0.00    0.00    0.00    16  run-pyroscope.s
01:16:59 PM  1000    931891    0.00    0.00    0.00    0.00    0.00    20  prometheus
01:16:59 PM  1000    931893    0.00    0.00    0.00    0.00    0.00    16  loki
01:16:59 PM  1000    931894   10.00    1.00    0.00    0.00   11.00    20  tempo
01:16:59 PM  1000    931896    0.00    0.00    0.00    0.00    0.00    18  pyroscope

01:16:58 PM   UID       PID   cswch/s nvcswch/s  Command
01:16:59 PM  1000    931871      0.00      0.00  run-grafana.sh
01:16:59 PM  1000    931873      0.00      0.00  run-loki.sh
01:16:59 PM  1000    931875      0.00      0.00  grafana
01:16:59 PM  1000    931876      0.00      0.00  run-otelcol.sh
01:16:59 PM  1000    931879      0.00      0.00  run-prometheus.
01:16:59 PM  1000    931881     46.00      1.00  otelcol-contrib
01:16:59 PM  1000    931882      0.00      0.00  run-tempo.sh
01:16:59 PM  1000    931889      0.00      0.00  run-pyroscope.s
01:16:59 PM  1000    931891      4.00      0.00  prometheus
01:16:59 PM  1000    931893      0.00      0.00  loki
01:16:59 PM  1000    931894    100.00      6.00  tempo
01:16:59 PM  1000    931896     34.00      0.00  pyroscope

01:16:59 PM   UID       PID    %usr %system  %guest   %wait    %CPU   CPU  Command
01:17:00 PM  1000    931871    0.00    0.00    0.00    0.00    0.00    20  run-grafana.sh
01:17:00 PM  1000    931873    0.00    0.00    0.00    0.00    0.00    18  run-loki.sh
01:17:00 PM  1000    931875    0.00    0.00    0.00    0.00    0.00    18  grafana
01:17:00 PM  1000    931876    0.00    0.00    0.00    0.00    0.00    18  run-otelcol.sh
01:17:00 PM  1000    931879    0.00    0.00    0.00    0.00    0.00    20  run-prometheus.
01:17:00 PM  1000    931881    3.00    0.00    0.00    0.00    3.00    20  otelcol-contrib
01:17:00 PM  1000    931882    0.00    0.00    0.00    0.00    0.00    18  run-tempo.sh
01:17:00 PM  1000    931889    0.00    0.00    0.00    0.00    0.00    16  run-pyroscope.s
01:17:00 PM  1000    931891    0.00    0.00    0.00    0.00    0.00    16  prometheus
01:17:00 PM  1000    931893    1.00    0.00    0.00    0.00    1.00    16  loki
01:17:00 PM  1000    931894   20.00    3.00    0.00    1.00   23.00    16  tempo
01:17:00 PM  1000    931896    0.00    0.00    0.00    0.00    0.00    18  pyroscope

01:16:59 PM   UID       PID   cswch/s nvcswch/s  Command
01:17:00 PM  1000    931871      0.00      0.00  run-grafana.sh
01:17:00 PM  1000    931873      0.00      0.00  run-loki.sh
01:17:00 PM  1000    931875      0.00      0.00  grafana
01:17:00 PM  1000    931876      0.00      0.00  run-otelcol.sh
01:17:00 PM  1000    931879      0.00      0.00  run-prometheus.
01:17:00 PM  1000    931881     45.00      1.00  otelcol-contrib
01:17:00 PM  1000    931882      0.00      0.00  run-tempo.sh
01:17:00 PM  1000    931889      0.00      0.00  run-pyroscope.s
01:17:00 PM  1000    931891      1.00      0.00  prometheus
01:17:00 PM  1000    931893      0.00      0.00  loki
01:17:00 PM  1000    931894     90.00      8.00  tempo
01:17:00 PM  1000    931896     30.00      0.00  pyroscope

01:17:00 PM   UID       PID    %usr %system  %guest   %wait    %CPU   CPU  Command
01:17:01 PM  1000    931871    0.00    0.00    0.00    0.00    0.00    20  run-grafana.sh
01:17:01 PM  1000    931873    0.00    0.00    0.00    0.00    0.00    18  run-loki.sh
01:17:01 PM  1000    931875    0.00    0.00    0.00    0.00    0.00    18  grafana
01:17:01 PM  1000    931876    0.00    0.00    0.00    0.00    0.00    18  run-otelcol.sh
01:17:01 PM  1000    931879    0.00    0.00    0.00    0.00    0.00    20  run-prometheus.
01:17:01 PM  1000    931881    5.00    0.00    0.00    0.00    5.00    16  otelcol-contrib
01:17:01 PM  1000    931882    0.00    0.00    0.00    0.00    0.00    18  run-tempo.sh
01:17:01 PM  1000    931889    0.00    0.00    0.00    0.00    0.00    16  run-pyroscope.s
01:17:01 PM  1000    931891    1.00    0.00    0.00    0.00    1.00    20  prometheus
01:17:01 PM  1000    931893    0.00    0.00    0.00    0.00    0.00    16  loki
01:17:01 PM  1000    931894   24.00    0.00    0.00    1.00   24.00    18  tempo
01:17:01 PM  1000    931896    0.00    0.00    0.00    0.00    0.00    18  pyroscope

01:17:00 PM   UID       PID   cswch/s nvcswch/s  Command
01:17:01 PM  1000    931871      0.00      0.00  run-grafana.sh
01:17:01 PM  1000    931873      0.00      0.00  run-loki.sh
01:17:01 PM  1000    931875      0.00      0.00  grafana
01:17:01 PM  1000    931876      0.00      0.00  run-otelcol.sh
01:17:01 PM  1000    931879      0.00      0.00  run-prometheus.
01:17:01 PM  1000    931881     55.00      0.00  otelcol-contrib
01:17:01 PM  1000    931882      0.00      0.00  run-tempo.sh
01:17:01 PM  1000    931889      0.00      0.00  run-pyroscope.s
01:17:01 PM  1000    931891      3.00      0.00  prometheus
01:17:01 PM  1000    931893      0.00      0.00  loki
01:17:01 PM  1000    931894     84.00      4.00  tempo
01:17:01 PM  1000    931896     54.00      0.00  pyroscope

01:17:01 PM   UID       PID    %usr %system  %guest   %wait    %CPU   CPU  Command
01:17:02 PM  1000    931871    0.00    0.00    0.00    0.00    0.00    20  run-grafana.sh
01:17:02 PM  1000    931873    0.00    0.00    0.00    0.00    0.00    18  run-loki.sh
01:17:02 PM  1000    931875    0.00    0.00    0.00    0.00    0.00    18  grafana
01:17:02 PM  1000    931876    0.00    0.00    0.00    0.00    0.00    18  run-otelcol.sh
01:17:02 PM  1000    931879    0.00    0.00    0.00    0.00    0.00    20  run-prometheus.
01:17:02 PM  1000    931881    3.00    1.00    0.00    0.00    4.00    20  otelcol-contrib
01:17:02 PM  1000    931882    0.00    0.00    0.00    0.00    0.00    18  run-tempo.sh
01:17:02 PM  1000    931889    0.00    0.00    0.00    0.00    0.00    16  run-pyroscope.s
01:17:02 PM  1000    931891    0.00    0.00    0.00    0.00    0.00    18  prometheus
01:17:02 PM  1000    931893    0.00    0.00    0.00    0.00    0.00    16  loki
01:17:02 PM  1000    931894   20.00    1.00    0.00    0.00   21.00    18  tempo
01:17:02 PM  1000    931896    0.00    0.00    0.00    0.00    0.00    18  pyroscope

01:17:01 PM   UID       PID   cswch/s nvcswch/s  Command
01:17:02 PM  1000    931871      0.00      0.00  run-grafana.sh
01:17:02 PM  1000    931873      0.00      0.00  run-loki.sh
01:17:02 PM  1000    931875      0.00      0.00  grafana
01:17:02 PM  1000    931876      0.00      0.00  run-otelcol.sh
01:17:02 PM  1000    931879      0.00      0.00  run-prometheus.
01:17:02 PM  1000    931881     48.00      0.00  otelcol-contrib
01:17:02 PM  1000    931882      0.00      0.00  run-tempo.sh
01:17:02 PM  1000    931889      0.00      0.00  run-pyroscope.s
01:17:02 PM  1000    931891      5.00      0.00  prometheus
01:17:02 PM  1000    931893      0.00      0.00  loki
01:17:02 PM  1000    931894     99.00      8.00  tempo
01:17:02 PM  1000    931896     23.00      0.00  pyroscope

01:17:02 PM   UID       PID    %usr %system  %guest   %wait    %CPU   CPU  Command
01:17:03 PM  1000    931871    0.00    0.00    0.00    0.00    0.00    20  run-grafana.sh
01:17:03 PM  1000    931873    0.00    0.00    0.00    0.00    0.00    18  run-loki.sh
01:17:03 PM  1000    931875    1.00    0.00    0.00    0.00    1.00    18  grafana
01:17:03 PM  1000    931876    0.00    0.00    0.00    0.00    0.00    18  run-otelcol.sh
01:17:03 PM  1000    931879    0.00    0.00    0.00    0.00    0.00    20  run-prometheus.
01:17:03 PM  1000    931881    3.00    0.00    0.00    0.00    3.00    16  otelcol-contrib
01:17:03 PM  1000    931882    0.00    0.00    0.00    0.00    0.00    18  run-tempo.sh
01:17:03 PM  1000    931889    0.00    0.00    0.00    0.00    0.00    16  run-pyroscope.s
01:17:03 PM  1000    931891    0.00    0.00    0.00    0.00    0.00    20  prometheus
01:17:03 PM  1000    931893    0.00    0.00    0.00    0.00    0.00    16  loki
01:17:03 PM  1000    931894   23.00    2.00    0.00    0.00   25.00    20  tempo
01:17:03 PM  1000    931896    0.00    0.00    0.00    0.00    0.00    18  pyroscope

01:17:02 PM   UID       PID   cswch/s nvcswch/s  Command
01:17:03 PM  1000    931871      0.00      0.00  run-grafana.sh
01:17:03 PM  1000    931873      0.00      0.00  run-loki.sh
01:17:03 PM  1000    931875      0.00      0.00  grafana
01:17:03 PM  1000    931876      0.00      0.00  run-otelcol.sh
01:17:03 PM  1000    931879      0.00      0.00  run-prometheus.
01:17:03 PM  1000    931881     46.00      0.00  otelcol-contrib
01:17:03 PM  1000    931882      0.00      0.00  run-tempo.sh
01:17:03 PM  1000    931889      0.00      0.00  run-pyroscope.s
01:17:03 PM  1000    931891      3.00      0.00  prometheus
01:17:03 PM  1000    931893      0.00      0.00  loki
01:17:03 PM  1000    931894     74.00      7.00  tempo
01:17:03 PM  1000    931896      0.00      0.00  pyroscope

01:17:03 PM   UID       PID    %usr %system  %guest   %wait    %CPU   CPU  Command
01:17:04 PM  1000    931871    0.00    0.00    0.00    0.00    0.00    20  run-grafana.sh
01:17:04 PM  1000    931873    0.00    0.00    0.00    0.00    0.00    18  run-loki.sh
01:17:04 PM  1000    931875    0.00    0.00    0.00    0.00    0.00    18  grafana
01:17:04 PM  1000    931876    0.00    0.00    0.00    0.00    0.00    18  run-otelcol.sh
01:17:04 PM  1000    931879    0.00    0.00    0.00    0.00    0.00    20  run-prometheus.
01:17:04 PM  1000    931881    3.00    0.00    0.00    0.00    3.00    18  otelcol-contrib
01:17:04 PM  1000    931882    0.00    0.00    0.00    0.00    0.00    18  run-tempo.sh
01:17:04 PM  1000    931889    0.00    0.00    0.00    0.00    0.00    16  run-pyroscope.s
01:17:04 PM  1000    931891    0.00    0.00    0.00    0.00    0.00    20  prometheus
01:17:04 PM  1000    931893    1.00    0.00    0.00    0.00    1.00    18  loki
01:17:04 PM  1000    931894   37.00    5.00    0.00    0.00   42.00    16  tempo
01:17:04 PM  1000    931896    1.00    0.00    0.00    0.00    1.00    18  pyroscope

01:17:03 PM   UID       PID   cswch/s nvcswch/s  Command
01:17:04 PM  1000    931871      0.00      0.00  run-grafana.sh
01:17:04 PM  1000    931873      0.00      0.00  run-loki.sh
01:17:04 PM  1000    931875      0.00      0.00  grafana
01:17:04 PM  1000    931876      0.00      0.00  run-otelcol.sh
01:17:04 PM  1000    931879      0.00      0.00  run-prometheus.
01:17:04 PM  1000    931881     45.00      0.00  otelcol-contrib
01:17:04 PM  1000    931882      0.00      0.00  run-tempo.sh
01:17:04 PM  1000    931889      0.00      0.00  run-pyroscope.s
01:17:04 PM  1000    931891      3.00      0.00  prometheus
01:17:04 PM  1000    931893     24.00      0.00  loki
01:17:04 PM  1000    931894     79.00      3.00  tempo
01:17:04 PM  1000    931896      0.00      0.00  pyroscope

01:17:04 PM   UID       PID    %usr %system  %guest   %wait    %CPU   CPU  Command
01:17:05 PM  1000    931871    0.00    0.00    0.00    0.00    0.00    20  run-grafana.sh
01:17:05 PM  1000    931873    0.00    0.00    0.00    0.00    0.00    18  run-loki.sh
01:17:05 PM  1000    931875    0.00    0.00    0.00    0.00    0.00    18  grafana
01:17:05 PM  1000    931876    0.00    0.00    0.00    0.00    0.00    18  run-otelcol.sh
01:17:05 PM  1000    931879    0.00    0.00    0.00    0.00    0.00    20  run-prometheus.
01:17:05 PM  1000    931881    5.00    0.00    0.00    0.00    5.00    16  otelcol-contrib
01:17:05 PM  1000    931882    0.00    0.00    0.00    0.00    0.00    18  run-tempo.sh
01:17:05 PM  1000    931889    0.00    0.00    0.00    0.00    0.00    16  run-pyroscope.s
01:17:05 PM  1000    931891    0.00    0.00    0.00    0.00    0.00    18  prometheus
01:17:05 PM  1000    931893    0.00    0.00    0.00    0.00    0.00    20  loki
01:17:05 PM  1000    931894   30.00    0.00    0.00    0.00   30.00    18  tempo
01:17:05 PM  1000    931896    0.00    0.00    0.00    0.00    0.00    18  pyroscope

01:17:04 PM   UID       PID   cswch/s nvcswch/s  Command
01:17:05 PM  1000    931871      0.00      0.00  run-grafana.sh
01:17:05 PM  1000    931873      0.00      0.00  run-loki.sh
01:17:05 PM  1000    931875      0.00      0.00  grafana
01:17:05 PM  1000    931876      0.00      0.00  run-otelcol.sh
01:17:05 PM  1000    931879      0.00      0.00  run-prometheus.
01:17:05 PM  1000    931881     37.00      1.00  otelcol-contrib
01:17:05 PM  1000    931882      0.00      0.00  run-tempo.sh
01:17:05 PM  1000    931889      0.00      0.00  run-pyroscope.s
01:17:05 PM  1000    931891      2.00      0.00  prometheus
01:17:05 PM  1000    931893     35.00      0.00  loki
01:17:05 PM  1000    931894     65.00     23.00  tempo
01:17:05 PM  1000    931896     36.00      0.00  pyroscope

01:17:05 PM   UID       PID    %usr %system  %guest   %wait    %CPU   CPU  Command
01:17:06 PM  1000    931871    0.00    0.00    0.00    0.00    0.00    20  run-grafana.sh
01:17:06 PM  1000    931873    0.00    0.00    0.00    0.00    0.00    18  run-loki.sh
01:17:06 PM  1000    931875    0.00    0.00    0.00    0.00    0.00    18  grafana
01:17:06 PM  1000    931876    0.00    0.00    0.00    0.00    0.00    18  run-otelcol.sh
01:17:06 PM  1000    931879    0.00    0.00    0.00    0.00    0.00    20  run-prometheus.
01:17:06 PM  1000    931881    3.00    0.00    0.00    0.00    3.00    18  otelcol-contrib
01:17:06 PM  1000    931882    0.00    0.00    0.00    0.00    0.00    18  run-tempo.sh
01:17:06 PM  1000    931889    0.00    0.00    0.00    0.00    0.00    16  run-pyroscope.s
01:17:06 PM  1000    931891    0.00    0.00    0.00    0.00    0.00    18  prometheus
01:17:06 PM  1000    931893    0.00    0.00    0.00    0.00    0.00    16  loki
01:17:06 PM  1000    931894   10.00    1.00    0.00    0.00   11.00    18  tempo
01:17:06 PM  1000    931896    0.00    1.00    0.00    0.00    1.00    18  pyroscope

01:17:05 PM   UID       PID   cswch/s nvcswch/s  Command
01:17:06 PM  1000    931871      0.00      0.00  run-grafana.sh
01:17:06 PM  1000    931873      0.00      0.00  run-loki.sh
01:17:06 PM  1000    931875      0.00      0.00  grafana
01:17:06 PM  1000    931876      0.00      0.00  run-otelcol.sh
01:17:06 PM  1000    931879      0.00      0.00  run-prometheus.
01:17:06 PM  1000    931881     43.00      2.00  otelcol-contrib
01:17:06 PM  1000    931882      0.00      0.00  run-tempo.sh
01:17:06 PM  1000    931889      0.00      0.00  run-pyroscope.s
01:17:06 PM  1000    931891      3.00      0.00  prometheus
01:17:06 PM  1000    931893     43.00      0.00  loki
01:17:06 PM  1000    931894      3.00      0.00  tempo
01:17:06 PM  1000    931896     35.00      0.00  pyroscope

01:17:06 PM   UID       PID    %usr %system  %guest   %wait    %CPU   CPU  Command
01:17:07 PM  1000    931871    0.00    0.00    0.00    0.00    0.00    20  run-grafana.sh
01:17:07 PM  1000    931873    0.00    0.00    0.00    0.00    0.00    18  run-loki.sh
01:17:07 PM  1000    931875    0.00    0.00    0.00    0.00    0.00    18  grafana
01:17:07 PM  1000    931876    0.00    0.00    0.00    0.00    0.00    18  run-otelcol.sh
01:17:07 PM  1000    931879    0.00    0.00    0.00    0.00    0.00    20  run-prometheus.
01:17:07 PM  1000    931881    3.00    0.00    0.00    1.00    3.00    16  otelcol-contrib
01:17:07 PM  1000    931882    0.00    0.00    0.00    0.00    0.00    18  run-tempo.sh
01:17:07 PM  1000    931889    0.00    0.00    0.00    0.00    0.00    16  run-pyroscope.s
01:17:07 PM  1000    931891    0.00    0.00    0.00    0.00    0.00    20  prometheus
01:17:07 PM  1000    931893    0.00    0.00    0.00    0.00    0.00    18  loki
01:17:07 PM  1000    931894   65.00   11.00    0.00    1.00   76.00    18  tempo
01:17:07 PM  1000    931896    0.00    0.00    0.00    0.00    0.00    20  pyroscope

01:17:06 PM   UID       PID   cswch/s nvcswch/s  Command
01:17:07 PM  1000    931871      0.00      0.00  run-grafana.sh
01:17:07 PM  1000    931873      0.00      0.00  run-loki.sh
01:17:07 PM  1000    931875      0.00      0.00  grafana
01:17:07 PM  1000    931876      0.00      0.00  run-otelcol.sh
01:17:07 PM  1000    931879      0.00      0.00  run-prometheus.
01:17:07 PM  1000    931881     48.00      1.00  otelcol-contrib
01:17:07 PM  1000    931882      0.00      0.00  run-tempo.sh
01:17:07 PM  1000    931889      0.00      0.00  run-pyroscope.s
01:17:07 PM  1000    931891      6.00      0.00  prometheus
01:17:07 PM  1000    931893     46.00      0.00  loki
01:17:07 PM  1000    931894    151.00     38.00  tempo
01:17:07 PM  1000    931896      5.00      0.00  pyroscope

01:17:07 PM   UID       PID    %usr %system  %guest   %wait    %CPU   CPU  Command
01:17:08 PM  1000    931871    0.00    0.00    0.00    0.00    0.00    20  run-grafana.sh
01:17:08 PM  1000    931873    0.00    0.00    0.00    0.00    0.00    18  run-loki.sh
01:17:08 PM  1000    931875    0.00    0.00    0.00    0.00    0.00    18  grafana
01:17:08 PM  1000    931876    0.00    0.00    0.00    0.00    0.00    18  run-otelcol.sh
01:17:08 PM  1000    931879    0.00    0.00    0.00    0.00    0.00    20  run-prometheus.
01:17:08 PM  1000    931881    3.00    1.00    0.00    0.00    4.00    20  otelcol-contrib
01:17:08 PM  1000    931882    0.00    0.00    0.00    0.00    0.00    18  run-tempo.sh
01:17:08 PM  1000    931889    0.00    0.00    0.00    0.00    0.00    16  run-pyroscope.s
01:17:08 PM  1000    931891    0.00    0.00    0.00    0.00    0.00    16  prometheus
01:17:08 PM  1000    931893    1.00    0.00    0.00    0.00    1.00    16  loki
01:17:08 PM  1000    931894   11.00    0.00    0.00    0.00   11.00    16  tempo
01:17:08 PM  1000    931896    0.00    0.00    0.00    0.00    0.00    20  pyroscope

01:17:07 PM   UID       PID   cswch/s nvcswch/s  Command
01:17:08 PM  1000    931871      0.00      0.00  run-grafana.sh
01:17:08 PM  1000    931873      0.00      0.00  run-loki.sh
01:17:08 PM  1000    931875      0.00      0.00  grafana
01:17:08 PM  1000    931876      0.00      0.00  run-otelcol.sh
01:17:08 PM  1000    931879      0.00      0.00  run-prometheus.
01:17:08 PM  1000    931881     49.00      0.00  otelcol-contrib
01:17:08 PM  1000    931882      0.00      0.00  run-tempo.sh
01:17:08 PM  1000    931889      0.00      0.00  run-pyroscope.s
01:17:08 PM  1000    931891      1.00      0.00  prometheus
01:17:08 PM  1000    931893     37.00      0.00  loki
01:17:08 PM  1000    931894     53.00      3.00  tempo
01:17:08 PM  1000    931896      0.00      0.00  pyroscope

01:17:08 PM   UID       PID    %usr %system  %guest   %wait    %CPU   CPU  Command
01:17:09 PM  1000    931871    0.00    0.00    0.00    0.00    0.00    20  run-grafana.sh
01:17:09 PM  1000    931873    0.00    0.00    0.00    0.00    0.00    18  run-loki.sh
01:17:09 PM  1000    931875    2.00    0.00    0.00    0.00    2.00    18  grafana
01:17:09 PM  1000    931876    0.00    0.00    0.00    0.00    0.00    18  run-otelcol.sh
01:17:09 PM  1000    931879    0.00    0.00    0.00    0.00    0.00    20  run-prometheus.
01:17:09 PM  1000    931881    3.00    0.00    0.00    0.00    3.00    18  otelcol-contrib
01:17:09 PM  1000    931882    0.00    0.00    0.00    0.00    0.00    18  run-tempo.sh
01:17:09 PM  1000    931889    0.00    0.00    0.00    0.00    0.00    16  run-pyroscope.s
01:17:09 PM  1000    931891    0.00    0.00    0.00    0.00    0.00    16  prometheus
01:17:09 PM  1000    931893    0.00    0.00    0.00    0.00    0.00    16  loki
01:17:09 PM  1000    931894   35.00    3.00    0.00    0.00   38.00    20  tempo
01:17:09 PM  1000    931896    0.00    0.00    0.00    0.00    0.00    20  pyroscope

01:17:08 PM   UID       PID   cswch/s nvcswch/s  Command
01:17:09 PM  1000    931871      0.00      0.00  run-grafana.sh
01:17:09 PM  1000    931873      0.00      0.00  run-loki.sh
01:17:09 PM  1000    931875      0.00      0.00  grafana
01:17:09 PM  1000    931876      0.00      0.00  run-otelcol.sh
01:17:09 PM  1000    931879      0.00      0.00  run-prometheus.
01:17:09 PM  1000    931881     49.00      0.00  otelcol-contrib
01:17:09 PM  1000    931882      0.00      0.00  run-tempo.sh
01:17:09 PM  1000    931889      0.00      0.00  run-pyroscope.s
01:17:09 PM  1000    931891      1.00      0.00  prometheus
01:17:09 PM  1000    931893     32.00      0.00  loki
01:17:09 PM  1000    931894     49.00      4.00  tempo
01:17:09 PM  1000    931896      0.00      0.00  pyroscope

01:17:09 PM   UID       PID    %usr %system  %guest   %wait    %CPU   CPU  Command
01:17:10 PM  1000    931871    0.00    0.00    0.00    0.00    0.00    20  run-grafana.sh
01:17:10 PM  1000    931873    0.00    0.00    0.00    0.00    0.00    18  run-loki.sh
01:17:10 PM  1000    931875    0.00    0.00    0.00    0.00    0.00    18  grafana
01:17:10 PM  1000    931876    0.00    0.00    0.00    0.00    0.00    18  run-otelcol.sh
01:17:10 PM  1000    931879    0.00    0.00    0.00    0.00    0.00    20  run-prometheus.
01:17:10 PM  1000    931881    5.00    0.00    0.00    0.00    5.00    20  otelcol-contrib
01:17:10 PM  1000    931882    0.00    0.00    0.00    0.00    0.00    18  run-tempo.sh
01:17:10 PM  1000    931889    0.00    0.00    0.00    0.00    0.00    16  run-pyroscope.s
01:17:10 PM  1000    931891    1.00    0.00    0.00    0.00    1.00    16  prometheus
01:17:10 PM  1000    931893    0.00    0.00    0.00    0.00    0.00    20  loki
01:17:10 PM  1000    931894   11.00    1.00    0.00    0.00   12.00    16  tempo
01:17:10 PM  1000    931896    1.00    0.00    0.00    0.00    1.00    20  pyroscope

01:17:09 PM   UID       PID   cswch/s nvcswch/s  Command
01:17:10 PM  1000    931871      0.00      0.00  run-grafana.sh
01:17:10 PM  1000    931873      0.00      0.00  run-loki.sh
01:17:10 PM  1000    931875      0.00      0.00  grafana
01:17:10 PM  1000    931876      0.00      0.00  run-otelcol.sh
01:17:10 PM  1000    931879      0.00      0.00  run-prometheus.
01:17:10 PM  1000    931881     46.00     40.00  otelcol-contrib
01:17:10 PM  1000    931882      0.00      0.00  run-tempo.sh
01:17:10 PM  1000    931889      0.00      0.00  run-pyroscope.s
01:17:10 PM  1000    931891      1.00      0.00  prometheus
01:17:10 PM  1000    931893     39.00      0.00  loki
01:17:10 PM  1000    931894     86.00      3.00  tempo
01:17:10 PM  1000    931896     15.00      0.00  pyroscope

01:17:10 PM   UID       PID    %usr %system  %guest   %wait    %CPU   CPU  Command
01:17:11 PM  1000    931871    0.00    0.00    0.00    0.00    0.00    20  run-grafana.sh
01:17:11 PM  1000    931873    0.00    0.00    0.00    0.00    0.00    18  run-loki.sh
01:17:11 PM  1000    931875    1.00    0.00    0.00    0.00    1.00    18  grafana
01:17:11 PM  1000    931876    0.00    0.00    0.00    0.00    0.00    18  run-otelcol.sh
01:17:11 PM  1000    931879    0.00    0.00    0.00    0.00    0.00    20  run-prometheus.
01:17:11 PM  1000    931881    3.00    0.00    0.00    0.00    3.00    20  otelcol-contrib
01:17:11 PM  1000    931882    0.00    0.00    0.00    0.00    0.00    18  run-tempo.sh
01:17:11 PM  1000    931889    0.00    0.00    0.00    0.00    0.00    16  run-pyroscope.s
01:17:11 PM  1000    931891    0.00    0.00    0.00    0.00    0.00    16  prometheus
01:17:11 PM  1000    931893    0.00    0.00    0.00    0.00    0.00    18  loki
01:17:11 PM  1000    931894   60.00    2.00    0.00    0.00   62.00    18  tempo
01:17:11 PM  1000    931896    0.00    0.00    0.00    0.00    0.00    20  pyroscope

01:17:10 PM   UID       PID   cswch/s nvcswch/s  Command
01:17:11 PM  1000    931871      0.00      0.00  run-grafana.sh
01:17:11 PM  1000    931873      0.00      0.00  run-loki.sh
01:17:11 PM  1000    931875      0.00      0.00  grafana
01:17:11 PM  1000    931876      0.00      0.00  run-otelcol.sh
01:17:11 PM  1000    931879      0.00      0.00  run-prometheus.
01:17:11 PM  1000    931881     56.00      0.00  otelcol-contrib
01:17:11 PM  1000    931882      0.00      0.00  run-tempo.sh
01:17:11 PM  1000    931889      0.00      0.00  run-pyroscope.s
01:17:11 PM  1000    931891      2.00      0.00  prometheus
01:17:11 PM  1000    931893     47.00      0.00  loki
01:17:11 PM  1000    931894    101.00      7.00  tempo
01:17:11 PM  1000    931896      0.00      0.00  pyroscope

01:17:11 PM   UID       PID    %usr %system  %guest   %wait    %CPU   CPU  Command
01:17:12 PM  1000    931871    0.00    0.00    0.00    0.00    0.00    20  run-grafana.sh
01:17:12 PM  1000    931873    0.00    0.00    0.00    0.00    0.00    18  run-loki.sh
01:17:12 PM  1000    931875    0.00    0.00    0.00    0.00    0.00    18  grafana
01:17:12 PM  1000    931876    0.00    0.00    0.00    0.00    0.00    18  run-otelcol.sh
01:17:12 PM  1000    931879    0.00    0.00    0.00    0.00    0.00    20  run-prometheus.
01:17:12 PM  1000    931881    3.00    1.00    0.00    1.00    4.00    18  otelcol-contrib
01:17:12 PM  1000    931882    0.00    0.00    0.00    0.00    0.00    18  run-tempo.sh
01:17:12 PM  1000    931889    0.00    0.00    0.00    0.00    0.00    16  run-pyroscope.s
01:17:12 PM  1000    931891    0.00    0.00    0.00    0.00    0.00    18  prometheus
01:17:12 PM  1000    931893    0.00    0.00    0.00    0.00    0.00    20  loki
01:17:12 PM  1000    931894   11.00    1.00    0.00    0.00   12.00    16  tempo
01:17:12 PM  1000    931896    3.00    0.00    0.00    0.00    3.00    16  pyroscope

01:17:11 PM   UID       PID   cswch/s nvcswch/s  Command
01:17:12 PM  1000    931871      0.00      0.00  run-grafana.sh
01:17:12 PM  1000    931873      0.00      0.00  run-loki.sh
01:17:12 PM  1000    931875      0.00      0.00  grafana
01:17:12 PM  1000    931876      0.00      0.00  run-otelcol.sh
01:17:12 PM  1000    931879      0.00      0.00  run-prometheus.
01:17:12 PM  1000    931881     52.00      0.00  otelcol-contrib
01:17:12 PM  1000    931882      0.00      0.00  run-tempo.sh
01:17:12 PM  1000    931889      0.00      0.00  run-pyroscope.s
01:17:12 PM  1000    931891      5.00      0.00  prometheus
01:17:12 PM  1000    931893     18.00      0.00  loki
01:17:12 PM  1000    931894    103.00      8.00  tempo
01:17:12 PM  1000    931896     63.00      2.00  pyroscope

01:17:12 PM   UID       PID    %usr %system  %guest   %wait    %CPU   CPU  Command
01:17:13 PM  1000    931871    0.00    0.00    0.00    0.00    0.00    20  run-grafana.sh
01:17:13 PM  1000    931873    0.00    0.00    0.00    0.00    0.00    18  run-loki.sh
01:17:13 PM  1000    931875    0.00    0.00    0.00    0.00    0.00    18  grafana
01:17:13 PM  1000    931876    0.00    0.00    0.00    0.00    0.00    18  run-otelcol.sh
01:17:13 PM  1000    931879    0.00    0.00    0.00    0.00    0.00    20  run-prometheus.
01:17:13 PM  1000    931881    3.00    0.00    0.00    0.00    3.00    18  otelcol-contrib
01:17:13 PM  1000    931882    0.00    0.00    0.00    0.00    0.00    18  run-tempo.sh
01:17:13 PM  1000    931889    0.00    0.00    0.00    0.00    0.00    16  run-pyroscope.s
01:17:13 PM  1000    931891    0.00    0.00    0.00    0.00    0.00    20  prometheus
01:17:13 PM  1000    931893    1.00    1.00    0.00    0.00    2.00    18  loki
01:17:13 PM  1000    931894   10.00    0.00    0.00    0.00   10.00    16  tempo
01:17:13 PM  1000    931896    0.00    0.00    0.00    0.00    0.00    18  pyroscope

01:17:12 PM   UID       PID   cswch/s nvcswch/s  Command
01:17:13 PM  1000    931871      0.00      0.00  run-grafana.sh
01:17:13 PM  1000    931873      0.00      0.00  run-loki.sh
01:17:13 PM  1000    931875      0.00      0.00  grafana
01:17:13 PM  1000    931876      0.00      0.00  run-otelcol.sh
01:17:13 PM  1000    931879      0.00      0.00  run-prometheus.
01:17:13 PM  1000    931881     53.00      0.00  otelcol-contrib
01:17:13 PM  1000    931882      0.00      0.00  run-tempo.sh
01:17:13 PM  1000    931889      0.00      0.00  run-pyroscope.s
01:17:13 PM  1000    931891      3.00      0.00  prometheus
01:17:13 PM  1000    931893     21.00      0.00  loki
01:17:13 PM  1000    931894     82.00      3.00  tempo
01:17:13 PM  1000    931896     34.00      0.00  pyroscope

01:17:13 PM   UID       PID    %usr %system  %guest   %wait    %CPU   CPU  Command
01:17:14 PM  1000    931871    0.00    0.00    0.00    0.00    0.00    20  run-grafana.sh
01:17:14 PM  1000    931873    0.00    0.00    0.00    0.00    0.00    18  run-loki.sh
01:17:14 PM  1000    931875    0.00    1.00    0.00    0.00    1.00    18  grafana
01:17:14 PM  1000    931876    0.00    0.00    0.00    0.00    0.00    18  run-otelcol.sh
01:17:14 PM  1000    931879    0.00    0.00    0.00    0.00    0.00    20  run-prometheus.
01:17:14 PM  1000    931881    3.00    0.00    0.00    0.00    3.00    18  otelcol-contrib
01:17:14 PM  1000    931882    0.00    0.00    0.00    0.00    0.00    18  run-tempo.sh
01:17:14 PM  1000    931889    0.00    0.00    0.00    0.00    0.00    16  run-pyroscope.s
01:17:14 PM  1000    931891    0.00    0.00    0.00    1.00    0.00    18  prometheus
01:17:14 PM  1000    931893    0.00    0.00    0.00    0.00    0.00    20  loki
01:17:14 PM  1000    931894   70.00    7.00    0.00    0.00   77.00    20  tempo
01:17:14 PM  1000    931896    1.00    0.00    0.00    0.00    1.00    16  pyroscope

01:17:13 PM   UID       PID   cswch/s nvcswch/s  Command
01:17:14 PM  1000    931871      0.00      0.00  run-grafana.sh
01:17:14 PM  1000    931873      0.00      0.00  run-loki.sh
01:17:14 PM  1000    931875      0.00      0.00  grafana
01:17:14 PM  1000    931876      0.00      0.00  run-otelcol.sh
01:17:14 PM  1000    931879      0.00      0.00  run-prometheus.
01:17:14 PM  1000    931881     39.00      1.00  otelcol-contrib
01:17:14 PM  1000    931882      0.00      0.00  run-tempo.sh
01:17:14 PM  1000    931889      0.00      0.00  run-pyroscope.s
01:17:14 PM  1000    931891      2.00      0.00  prometheus
01:17:14 PM  1000    931893     37.00      0.00  loki
01:17:14 PM  1000    931894     88.00      4.00  tempo
01:17:14 PM  1000    931896     35.00      0.00  pyroscope

01:17:14 PM   UID       PID    %usr %system  %guest   %wait    %CPU   CPU  Command
01:17:15 PM  1000    931871    0.00    0.00    0.00    0.00    0.00    20  run-grafana.sh
01:17:15 PM  1000    931873    0.00    0.00    0.00    0.00    0.00    18  run-loki.sh
01:17:15 PM  1000    931875    0.00    0.00    0.00    0.00    0.00    18  grafana
01:17:15 PM  1000    931876    0.00    0.00    0.00    0.00    0.00    18  run-otelcol.sh
01:17:15 PM  1000    931879    0.00    0.00    0.00    0.00    0.00    20  run-prometheus.
01:17:15 PM  1000    931881    5.00    0.00    0.00    0.00    5.00    16  otelcol-contrib
01:17:15 PM  1000    931882    0.00    0.00    0.00    0.00    0.00    18  run-tempo.sh
01:17:15 PM  1000    931889    0.00    0.00    0.00    0.00    0.00    16  run-pyroscope.s
01:17:15 PM  1000    931891    0.00    0.00    0.00    0.00    0.00    20  prometheus
01:17:15 PM  1000    931893    0.00    0.00    0.00    0.00    0.00    20  loki
01:17:15 PM  1000    931894   22.00    2.00    0.00    0.00   24.00    20  tempo
01:17:15 PM  1000    931896    0.00    0.00    0.00    0.00    0.00    18  pyroscope

01:17:14 PM   UID       PID   cswch/s nvcswch/s  Command
01:17:15 PM  1000    931871      0.00      0.00  run-grafana.sh
01:17:15 PM  1000    931873      0.00      0.00  run-loki.sh
01:17:15 PM  1000    931875      0.00      0.00  grafana
01:17:15 PM  1000    931876      0.00      0.00  run-otelcol.sh
01:17:15 PM  1000    931879      0.00      0.00  run-prometheus.
01:17:15 PM  1000    931881     60.00      3.00  otelcol-contrib
01:17:15 PM  1000    931882      0.00      0.00  run-tempo.sh
01:17:15 PM  1000    931889      0.00      0.00  run-pyroscope.s
01:17:15 PM  1000    931891      3.00      0.00  prometheus
01:17:15 PM  1000    931893     43.00      0.00  loki
01:17:15 PM  1000    931894     83.00      1.00  tempo
01:17:15 PM  1000    931896     37.00      0.00  pyroscope

01:17:15 PM   UID       PID    %usr %system  %guest   %wait    %CPU   CPU  Command
01:17:16 PM  1000    931871    0.00    0.00    0.00    0.00    0.00    20  run-grafana.sh
01:17:16 PM  1000    931873    0.00    0.00    0.00    0.00    0.00    18  run-loki.sh
01:17:16 PM  1000    931875    0.00    0.00    0.00    0.00    0.00    18  grafana
01:17:16 PM  1000    931876    0.00    0.00    0.00    0.00    0.00    18  run-otelcol.sh
01:17:16 PM  1000    931879    0.00    0.00    0.00    0.00    0.00    20  run-prometheus.
01:17:16 PM  1000    931881    3.00    1.00    0.00    1.00    4.00    20  otelcol-contrib
01:17:16 PM  1000    931882    0.00    0.00    0.00    0.00    0.00    18  run-tempo.sh
01:17:16 PM  1000    931889    0.00    0.00    0.00    0.00    0.00    16  run-pyroscope.s
01:17:16 PM  1000    931891    1.00    0.00    0.00    0.00    1.00    20  prometheus
01:17:16 PM  1000    931893    0.00    0.00    0.00    0.00    0.00    20  loki
01:17:16 PM  1000    931894   27.00    3.00    0.00    1.00   30.00    16  tempo
01:17:16 PM  1000    931896    0.00    0.00    0.00    0.00    0.00    18  pyroscope

01:17:15 PM   UID       PID   cswch/s nvcswch/s  Command
01:17:16 PM  1000    931871      0.00      0.00  run-grafana.sh
01:17:16 PM  1000    931873      0.00      0.00  run-loki.sh
01:17:16 PM  1000    931875      0.00      0.00  grafana
01:17:16 PM  1000    931876      0.00      0.00  run-otelcol.sh
01:17:16 PM  1000    931879      0.00      0.00  run-prometheus.
01:17:16 PM  1000    931881     44.00      0.00  otelcol-contrib
01:17:16 PM  1000    931882      0.00      0.00  run-tempo.sh
01:17:16 PM  1000    931889      0.00      0.00  run-pyroscope.s
01:17:16 PM  1000    931891      3.00      0.00  prometheus
01:17:16 PM  1000    931893     35.00      0.00  loki
01:17:16 PM  1000    931894     40.00      6.00  tempo
01:17:16 PM  1000    931896     44.00      0.00  pyroscope

01:17:16 PM   UID       PID    %usr %system  %guest   %wait    %CPU   CPU  Command
01:17:17 PM  1000    931871    0.00    0.00    0.00    0.00    0.00    20  run-grafana.sh
01:17:17 PM  1000    931873    0.00    0.00    0.00    0.00    0.00    18  run-loki.sh
01:17:17 PM  1000    931875    0.00    0.00    0.00    0.00    0.00    18  grafana
01:17:17 PM  1000    931876    0.00    0.00    0.00    0.00    0.00    18  run-otelcol.sh
01:17:17 PM  1000    931879    0.00    0.00    0.00    0.00    0.00    20  run-prometheus.
01:17:17 PM  1000    931881    2.00    0.00    0.00    0.00    2.00    16  otelcol-contrib
01:17:17 PM  1000    931882    0.00    0.00    0.00    0.00    0.00    18  run-tempo.sh
01:17:17 PM  1000    931889    0.00    0.00    0.00    0.00    0.00    16  run-pyroscope.s
01:17:17 PM  1000    931891    0.00    0.00    0.00    0.00    0.00    20  prometheus
01:17:17 PM  1000    931893    0.00    0.00    0.00    0.00    0.00    20  loki
01:17:17 PM  1000    931894   10.00    1.00    0.00    0.00   11.00    18  tempo
01:17:17 PM  1000    931896    0.00    0.00    0.00    0.00    0.00    20  pyroscope

01:17:16 PM   UID       PID   cswch/s nvcswch/s  Command
01:17:17 PM  1000    931871      0.00      0.00  run-grafana.sh
01:17:17 PM  1000    931873      0.00      0.00  run-loki.sh
01:17:17 PM  1000    931875      0.00      0.00  grafana
01:17:17 PM  1000    931876      0.00      0.00  run-otelcol.sh
01:17:17 PM  1000    931879      0.00      0.00  run-prometheus.
01:17:17 PM  1000    931881     52.00      0.00  otelcol-contrib
01:17:17 PM  1000    931882      0.00      0.00  run-tempo.sh
01:17:17 PM  1000    931889      0.00      0.00  run-pyroscope.s
01:17:17 PM  1000    931891      7.00      0.00  prometheus
01:17:17 PM  1000    931893     50.00      0.00  loki
01:17:17 PM  1000    931894     94.00      7.00  tempo
01:17:17 PM  1000    931896     11.00      0.00  pyroscope

01:17:17 PM   UID       PID    %usr %system  %guest   %wait    %CPU   CPU  Command
01:17:18 PM  1000    931871    0.00    0.00    0.00    0.00    0.00    20  run-grafana.sh
01:17:18 PM  1000    931873    0.00    0.00    0.00    0.00    0.00    18  run-loki.sh
01:17:18 PM  1000    931875    0.00    0.00    0.00    0.00    0.00    18  grafana
01:17:18 PM  1000    931876    0.00    0.00    0.00    0.00    0.00    18  run-otelcol.sh
01:17:18 PM  1000    931879    0.00    0.00    0.00    0.00    0.00    20  run-prometheus.
01:17:18 PM  1000    931881    3.00    0.00    0.00    0.00    3.00    18  otelcol-contrib
01:17:18 PM  1000    931882    0.00    0.00    0.00    0.00    0.00    18  run-tempo.sh
01:17:18 PM  1000    931889    0.00    0.00    0.00    0.00    0.00    16  run-pyroscope.s
01:17:18 PM  1000    931891    1.00    0.00    0.00    0.00    1.00    18  prometheus
01:17:18 PM  1000    931893    1.00    0.00    0.00    0.00    1.00    16  loki
01:17:18 PM  1000    931894   10.00    1.00    0.00    0.00   11.00    20  tempo
01:17:18 PM  1000    931896    0.00    0.00    0.00    0.00    0.00    20  pyroscope

01:17:17 PM   UID       PID   cswch/s nvcswch/s  Command
01:17:18 PM  1000    931871      0.00      0.00  run-grafana.sh
01:17:18 PM  1000    931873      0.00      0.00  run-loki.sh
01:17:18 PM  1000    931875      0.00      0.00  grafana
01:17:18 PM  1000    931876      0.00      0.00  run-otelcol.sh
01:17:18 PM  1000    931879      0.00      0.00  run-prometheus.
01:17:18 PM  1000    931881     51.00      0.00  otelcol-contrib
01:17:18 PM  1000    931882      0.00      0.00  run-tempo.sh
01:17:18 PM  1000    931889      0.00      0.00  run-pyroscope.s
01:17:18 PM  1000    931891      1.00      0.00  prometheus
01:17:18 PM  1000    931893     41.00      0.00  loki
01:17:18 PM  1000    931894     98.00      9.00  tempo
01:17:18 PM  1000    931896      7.00      0.00  pyroscope

01:17:18 PM   UID       PID    %usr %system  %guest   %wait    %CPU   CPU  Command
01:17:19 PM  1000    931871    0.00    0.00    0.00    0.00    0.00    20  run-grafana.sh
01:17:19 PM  1000    931873    0.00    0.00    0.00    0.00    0.00    18  run-loki.sh
01:17:19 PM  1000    931875    3.00    0.00    0.00    0.00    3.00    18  grafana
01:17:19 PM  1000    931876    0.00    0.00    0.00    0.00    0.00    18  run-otelcol.sh
01:17:19 PM  1000    931879    0.00    0.00    0.00    0.00    0.00    20  run-prometheus.
01:17:19 PM  1000    931881    3.00    1.00    0.00    1.00    4.00    16  otelcol-contrib
01:17:19 PM  1000    931882    0.00    0.00    0.00    0.00    0.00    18  run-tempo.sh
01:17:19 PM  1000    931889    0.00    0.00    0.00    0.00    0.00    16  run-pyroscope.s
01:17:19 PM  1000    931891    0.00    0.00    0.00    0.00    0.00    18  prometheus
01:17:19 PM  1000    931893    0.00    0.00    0.00    0.00    0.00    18  loki
01:17:19 PM  1000    931894   34.00    3.00    0.00    0.00   37.00    16  tempo
01:17:19 PM  1000    931896    1.00    0.00    0.00    0.00    1.00    20  pyroscope

01:17:18 PM   UID       PID   cswch/s nvcswch/s  Command
01:17:19 PM  1000    931871      0.00      0.00  run-grafana.sh
01:17:19 PM  1000    931873      0.00      0.00  run-loki.sh
01:17:19 PM  1000    931875      0.00      0.00  grafana
01:17:19 PM  1000    931876      0.00      0.00  run-otelcol.sh
01:17:19 PM  1000    931879      0.00      0.00  run-prometheus.
01:17:19 PM  1000    931881     51.00      0.00  otelcol-contrib
01:17:19 PM  1000    931882      0.00      0.00  run-tempo.sh
01:17:19 PM  1000    931889      0.00      0.00  run-pyroscope.s
01:17:19 PM  1000    931891      2.00      0.00  prometheus
01:17:19 PM  1000    931893     39.00      0.00  loki
01:17:19 PM  1000    931894     91.00     57.00  tempo
01:17:19 PM  1000    931896     51.00      0.00  pyroscope

01:17:19 PM   UID       PID    %usr %system  %guest   %wait    %CPU   CPU  Command
01:17:20 PM  1000    931871    0.00    0.00    0.00    0.00    0.00    20  run-grafana.sh
01:17:20 PM  1000    931873    0.00    0.00    0.00    0.00    0.00    18  run-loki.sh
01:17:20 PM  1000    931875    0.00    0.00    0.00    0.00    0.00    18  grafana
01:17:20 PM  1000    931876    0.00    0.00    0.00    0.00    0.00    18  run-otelcol.sh
01:17:20 PM  1000    931879    0.00    0.00    0.00    0.00    0.00    20  run-prometheus.
01:17:20 PM  1000    931881    5.00    0.00    0.00    0.00    5.00    16  otelcol-contrib
01:17:20 PM  1000    931882    0.00    0.00    0.00    0.00    0.00    18  run-tempo.sh
01:17:20 PM  1000    931889    0.00    0.00    0.00    0.00    0.00    16  run-pyroscope.s
01:17:20 PM  1000    931891    0.00    0.00    0.00    0.00    0.00    18  prometheus
01:17:20 PM  1000    931893    0.00    0.00    0.00    0.00    0.00    20  loki
01:17:20 PM  1000    931894   11.00    1.00    0.00    1.00   12.00    18  tempo
01:17:20 PM  1000    931896    0.00    0.00    0.00    0.00    0.00    18  pyroscope

01:17:19 PM   UID       PID   cswch/s nvcswch/s  Command
01:17:20 PM  1000    931871      0.00      0.00  run-grafana.sh
01:17:20 PM  1000    931873      0.00      0.00  run-loki.sh
01:17:20 PM  1000    931875      0.00      0.00  grafana
01:17:20 PM  1000    931876      0.00      0.00  run-otelcol.sh
01:17:20 PM  1000    931879      0.00      0.00  run-prometheus.
01:17:20 PM  1000    931881     45.00      3.00  otelcol-contrib
01:17:20 PM  1000    931882      0.00      0.00  run-tempo.sh
01:17:20 PM  1000    931889      0.00      0.00  run-pyroscope.s
01:17:20 PM  1000    931891      1.00      0.00  prometheus
01:17:20 PM  1000    931893     18.00      0.00  loki
01:17:20 PM  1000    931894     92.00      7.00  tempo
01:17:20 PM  1000    931896     44.00      0.00  pyroscope

01:17:20 PM   UID       PID    %usr %system  %guest   %wait    %CPU   CPU  Command
01:17:21 PM  1000    931871    0.00    0.00    0.00    0.00    0.00    20  run-grafana.sh
01:17:21 PM  1000    931873    0.00    0.00    0.00    0.00    0.00    18  run-loki.sh
01:17:21 PM  1000    931875    0.00    0.00    0.00    0.00    0.00    18  grafana
01:17:21 PM  1000    931876    0.00    0.00    0.00    0.00    0.00    18  run-otelcol.sh
01:17:21 PM  1000    931879    0.00    0.00    0.00    0.00    0.00    20  run-prometheus.
01:17:21 PM  1000    931881    3.00    1.00    0.00    0.00    4.00    16  otelcol-contrib
01:17:21 PM  1000    931882    0.00    0.00    0.00    0.00    0.00    18  run-tempo.sh
01:17:21 PM  1000    931889    0.00    0.00    0.00    0.00    0.00    16  run-pyroscope.s
01:17:21 PM  1000    931891    0.00    0.00    0.00    0.00    0.00    20  prometheus
01:17:21 PM  1000    931893    0.00    0.00    0.00    0.00    0.00    16  loki
01:17:21 PM  1000    931894   27.00    2.00    0.00    0.00   29.00    18  tempo
01:17:21 PM  1000    931896    0.00    0.00    0.00    0.00    0.00    20  pyroscope

01:17:20 PM   UID       PID   cswch/s nvcswch/s  Command
01:17:21 PM  1000    931871      0.00      0.00  run-grafana.sh
01:17:21 PM  1000    931873      0.00      0.00  run-loki.sh
01:17:21 PM  1000    931875      0.00      0.00  grafana
01:17:21 PM  1000    931876      0.00      0.00  run-otelcol.sh
01:17:21 PM  1000    931879      0.00      0.00  run-prometheus.
01:17:21 PM  1000    931881     54.00      1.00  otelcol-contrib
01:17:21 PM  1000    931882      0.00      0.00  run-tempo.sh
01:17:21 PM  1000    931889      0.00      0.00  run-pyroscope.s
01:17:21 PM  1000    931891      3.00      0.00  prometheus
01:17:21 PM  1000    931893     25.00      0.00  loki
01:17:21 PM  1000    931894     68.00     70.00  tempo
01:17:21 PM  1000    931896     34.00      0.00  pyroscope

01:17:21 PM   UID       PID    %usr %system  %guest   %wait    %CPU   CPU  Command
01:17:22 PM  1000    931871    0.00    0.00    0.00    0.00    0.00    20  run-grafana.sh
01:17:22 PM  1000    931873    0.00    0.00    0.00    0.00    0.00    18  run-loki.sh
01:17:22 PM  1000    931875    0.00    0.00    0.00    0.00    0.00    18  grafana
01:17:22 PM  1000    931876    0.00    0.00    0.00    0.00    0.00    18  run-otelcol.sh
01:17:22 PM  1000    931879    0.00    0.00    0.00    0.00    0.00    20  run-prometheus.
01:17:22 PM  1000    931881    3.00    0.00    0.00    0.00    3.00    16  otelcol-contrib
01:17:22 PM  1000    931882    0.00    0.00    0.00    0.00    0.00    18  run-tempo.sh
01:17:22 PM  1000    931889    0.00    0.00    0.00    0.00    0.00    16  run-pyroscope.s
01:17:22 PM  1000    931891    0.00    0.00    0.00    0.00    0.00    16  prometheus
01:17:22 PM  1000    931893    1.00    0.00    0.00    0.00    1.00    20  loki
01:17:22 PM  1000    931894   35.00    4.00    0.00    0.00   39.00    18  tempo
01:17:22 PM  1000    931896    0.00    0.00    0.00    0.00    0.00    16  pyroscope

01:17:21 PM   UID       PID   cswch/s nvcswch/s  Command
01:17:22 PM  1000    931871      0.00      0.00  run-grafana.sh
01:17:22 PM  1000    931873      0.00      0.00  run-loki.sh
01:17:22 PM  1000    931875      0.00      0.00  grafana
01:17:22 PM  1000    931876      0.00      0.00  run-otelcol.sh
01:17:22 PM  1000    931879      0.00      0.00  run-prometheus.
01:17:22 PM  1000    931881     55.00      0.00  otelcol-contrib
01:17:22 PM  1000    931882      0.00      0.00  run-tempo.sh
01:17:22 PM  1000    931889      0.00      0.00  run-pyroscope.s
01:17:22 PM  1000    931891      4.00      0.00  prometheus
01:17:22 PM  1000    931893     40.00      0.00  loki
01:17:22 PM  1000    931894     73.00     29.00  tempo
01:17:22 PM  1000    931896     52.00      0.00  pyroscope

01:17:22 PM   UID       PID    %usr %system  %guest   %wait    %CPU   CPU  Command
01:17:23 PM  1000    931871    0.00    0.00    0.00    0.00    0.00    20  run-grafana.sh
01:17:23 PM  1000    931873    0.00    0.00    0.00    0.00    0.00    18  run-loki.sh
01:17:23 PM  1000    931875    0.00    0.00    0.00    0.00    0.00    18  grafana
01:17:23 PM  1000    931876    0.00    0.00    0.00    0.00    0.00    18  run-otelcol.sh
01:17:23 PM  1000    931879    0.00    0.00    0.00    0.00    0.00    20  run-prometheus.
01:17:23 PM  1000    931881    3.00    0.00    0.00    0.00    3.00    20  otelcol-contrib
01:17:23 PM  1000    931882    0.00    0.00    0.00    0.00    0.00    18  run-tempo.sh
01:17:23 PM  1000    931889    0.00    0.00    0.00    0.00    0.00    16  run-pyroscope.s
01:17:23 PM  1000    931891    0.00    0.00    0.00    0.00    0.00    18  prometheus
01:17:23 PM  1000    931893    0.00    1.00    0.00    0.00    1.00    18  loki
01:17:23 PM  1000    931894   38.00    6.00    0.00    0.00   44.00    20  tempo
01:17:23 PM  1000    931896    0.00    0.00    0.00    0.00    0.00    16  pyroscope

01:17:22 PM   UID       PID   cswch/s nvcswch/s  Command
01:17:23 PM  1000    931871      0.00      0.00  run-grafana.sh
01:17:23 PM  1000    931873      0.00      0.00  run-loki.sh
01:17:23 PM  1000    931875      0.00      0.00  grafana
01:17:23 PM  1000    931876      0.00      0.00  run-otelcol.sh
01:17:23 PM  1000    931879      0.00      0.00  run-prometheus.
01:17:23 PM  1000    931881     35.00      0.00  otelcol-contrib
01:17:23 PM  1000    931882      0.00      0.00  run-tempo.sh
01:17:23 PM  1000    931889      0.00      0.00  run-pyroscope.s
01:17:23 PM  1000    931891      2.00      0.00  prometheus
01:17:23 PM  1000    931893     26.00      0.00  loki
01:17:23 PM  1000    931894     80.00     25.00  tempo
01:17:23 PM  1000    931896     39.00      0.00  pyroscope

01:17:23 PM   UID       PID    %usr %system  %guest   %wait    %CPU   CPU  Command
01:17:24 PM  1000    931871    0.00    0.00    0.00    0.00    0.00    20  run-grafana.sh
01:17:24 PM  1000    931873    0.00    0.00    0.00    0.00    0.00    18  run-loki.sh
01:17:24 PM  1000    931875    0.00    0.00    0.00    0.00    0.00    18  grafana
01:17:24 PM  1000    931876    0.00    0.00    0.00    0.00    0.00    18  run-otelcol.sh
01:17:24 PM  1000    931879    0.00    0.00    0.00    0.00    0.00    20  run-prometheus.
01:17:24 PM  1000    931881    3.00    0.00    0.00    0.00    3.00    18  otelcol-contrib
01:17:24 PM  1000    931882    0.00    0.00    0.00    0.00    0.00    18  run-tempo.sh
01:17:24 PM  1000    931889    0.00    0.00    0.00    0.00    0.00    16  run-pyroscope.s
01:17:24 PM  1000    931891    0.00    0.00    0.00    0.00    0.00    16  prometheus
01:17:24 PM  1000    931893    0.00    0.00    0.00    0.00    0.00    20  loki
01:17:24 PM  1000    931894   35.00    1.00    0.00    0.00   36.00    16  tempo
01:17:24 PM  1000    931896    0.00    0.00    0.00    0.00    0.00    18  pyroscope

01:17:23 PM   UID       PID   cswch/s nvcswch/s  Command
01:17:24 PM  1000    931871      0.00      0.00  run-grafana.sh
01:17:24 PM  1000    931873      0.00      0.00  run-loki.sh
01:17:24 PM  1000    931875      0.00      0.00  grafana
01:17:24 PM  1000    931876      0.00      0.00  run-otelcol.sh
01:17:24 PM  1000    931879      0.00      0.00  run-prometheus.
01:17:24 PM  1000    931881     67.00      0.00  otelcol-contrib
01:17:24 PM  1000    931882      0.00      0.00  run-tempo.sh
01:17:24 PM  1000    931889      0.00      0.00  run-pyroscope.s
01:17:24 PM  1000    931891      1.00      0.00  prometheus
01:17:24 PM  1000    931893     35.00      0.00  loki
01:17:24 PM  1000    931894     82.00      4.00  tempo
01:17:24 PM  1000    931896     46.00      0.00  pyroscope

01:17:24 PM   UID       PID    %usr %system  %guest   %wait    %CPU   CPU  Command
01:17:25 PM  1000    931871    0.00    0.00    0.00    0.00    0.00    20  run-grafana.sh
01:17:25 PM  1000    931873    0.00    0.00    0.00    0.00    0.00    18  run-loki.sh
01:17:25 PM  1000    931875    0.00    0.00    0.00    0.00    0.00    18  grafana
01:17:25 PM  1000    931876    0.00    0.00    0.00    0.00    0.00    18  run-otelcol.sh
01:17:25 PM  1000    931879    0.00    0.00    0.00    0.00    0.00    20  run-prometheus.
01:17:25 PM  1000    931881    5.00    0.00    0.00    1.00    5.00    16  otelcol-contrib
01:17:25 PM  1000    931882    0.00    0.00    0.00    0.00    0.00    18  run-tempo.sh
01:17:25 PM  1000    931889    0.00    0.00    0.00    0.00    0.00    16  run-pyroscope.s
01:17:25 PM  1000    931891    0.00    0.00    0.00    0.00    0.00    18  prometheus
01:17:25 PM  1000    931893    0.00    0.00    0.00    0.00    0.00    20  loki
01:17:25 PM  1000    931894   31.00    2.00    0.00    1.00   33.00    20  tempo
01:17:25 PM  1000    931896    0.00    1.00    0.00    0.00    1.00    20  pyroscope

01:17:24 PM   UID       PID   cswch/s nvcswch/s  Command
01:17:25 PM  1000    931871      0.00      0.00  run-grafana.sh
01:17:25 PM  1000    931873      0.00      0.00  run-loki.sh
01:17:25 PM  1000    931875      0.00      0.00  grafana
01:17:25 PM  1000    931876      0.00      0.00  run-otelcol.sh
01:17:25 PM  1000    931879      0.00      0.00  run-prometheus.
01:17:25 PM  1000    931881     77.00      0.00  otelcol-contrib
01:17:25 PM  1000    931882      0.00      0.00  run-tempo.sh
01:17:25 PM  1000    931889      0.00      0.00  run-pyroscope.s
01:17:25 PM  1000    931891      3.00      0.00  prometheus
01:17:25 PM  1000    931893     30.00      0.00  loki
01:17:25 PM  1000    931894     62.00     13.00  tempo
01:17:25 PM  1000    931896     35.00      0.00  pyroscope

01:17:25 PM   UID       PID    %usr %system  %guest   %wait    %CPU   CPU  Command
01:17:26 PM  1000    931871    0.00    0.00    0.00    0.00    0.00    20  run-grafana.sh
01:17:26 PM  1000    931873    0.00    0.00    0.00    0.00    0.00    18  run-loki.sh
01:17:26 PM  1000    931875    0.00    0.00    0.00    0.00    0.00    18  grafana
01:17:26 PM  1000    931876    0.00    0.00    0.00    0.00    0.00    18  run-otelcol.sh
01:17:26 PM  1000    931879    0.00    0.00    0.00    0.00    0.00    20  run-prometheus.
01:17:26 PM  1000    931881    3.00    1.00    0.00    0.00    4.00    16  otelcol-contrib
01:17:26 PM  1000    931882    0.00    0.00    0.00    0.00    0.00    18  run-tempo.sh
01:17:26 PM  1000    931889    0.00    0.00    0.00    0.00    0.00    16  run-pyroscope.s
01:17:26 PM  1000    931891    1.00    0.00    0.00    0.00    1.00    20  prometheus
01:17:26 PM  1000    931893    0.00    0.00    0.00    0.00    0.00    16  loki
01:17:26 PM  1000    931894   22.00    1.00    0.00    0.00   23.00    20  tempo
01:17:26 PM  1000    931896    1.00    0.00    0.00    0.00    1.00    18  pyroscope

01:17:25 PM   UID       PID   cswch/s nvcswch/s  Command
01:17:26 PM  1000    931871      0.00      0.00  run-grafana.sh
01:17:26 PM  1000    931873      0.00      0.00  run-loki.sh
01:17:26 PM  1000    931875      0.00      0.00  grafana
01:17:26 PM  1000    931876      0.00      0.00  run-otelcol.sh
01:17:26 PM  1000    931879      0.00      0.00  run-prometheus.
01:17:26 PM  1000    931881      0.00      0.00  otelcol-contrib
01:17:26 PM  1000    931882      0.00      0.00  run-tempo.sh
01:17:26 PM  1000    931889      0.00      0.00  run-pyroscope.s
01:17:26 PM  1000    931891      4.00      0.00  prometheus
01:17:26 PM  1000    931893     51.00      0.00  loki
01:17:26 PM  1000    931894      0.00      0.00  tempo
01:17:26 PM  1000    931896     40.00      0.00  pyroscope

01:17:26 PM   UID       PID    %usr %system  %guest   %wait    %CPU   CPU  Command
01:17:27 PM  1000    931871    0.00    0.00    0.00    0.00    0.00    20  run-grafana.sh
01:17:27 PM  1000    931873    0.00    0.00    0.00    0.00    0.00    18  run-loki.sh
01:17:27 PM  1000    931875    0.00    0.00    0.00    0.00    0.00    18  grafana
01:17:27 PM  1000    931876    0.00    0.00    0.00    0.00    0.00    18  run-otelcol.sh
01:17:27 PM  1000    931879    0.00    0.00    0.00    0.00    0.00    20  run-prometheus.
01:17:27 PM  1000    931881    3.00    0.00    0.00    0.00    3.00    16  otelcol-contrib
01:17:27 PM  1000    931882    0.00    0.00    0.00    0.00    0.00    18  run-tempo.sh
01:17:27 PM  1000    931889    0.00    0.00    0.00    0.00    0.00    16  run-pyroscope.s
01:17:27 PM  1000    931891    0.00    0.00    0.00    0.00    0.00    20  prometheus
01:17:27 PM  1000    931893    1.00    0.00    0.00    0.00    1.00    18  loki
01:17:27 PM  1000    931894   56.00    8.00    0.00    0.00   64.00    20  tempo
01:17:27 PM  1000    931896    4.00    0.00    0.00    0.00    4.00    20  pyroscope

01:17:26 PM   UID       PID   cswch/s nvcswch/s  Command
01:17:27 PM  1000    931871      0.00      0.00  run-grafana.sh
01:17:27 PM  1000    931873      0.00      0.00  run-loki.sh
01:17:27 PM  1000    931875      0.00      0.00  grafana
01:17:27 PM  1000    931876      0.00      0.00  run-otelcol.sh
01:17:27 PM  1000    931879      0.00      0.00  run-prometheus.
01:17:27 PM  1000    931881      0.00      0.00  otelcol-contrib
01:17:27 PM  1000    931882      0.00      0.00  run-tempo.sh
01:17:27 PM  1000    931889      0.00      0.00  run-pyroscope.s
01:17:27 PM  1000    931891      6.00      0.00  prometheus
01:17:27 PM  1000    931893     49.00      0.00  loki
01:17:27 PM  1000    931894      0.00      0.00  tempo
01:17:27 PM  1000    931896     41.00     57.00  pyroscope

01:17:27 PM   UID       PID    %usr %system  %guest   %wait    %CPU   CPU  Command
01:17:28 PM  1000    931871    0.00    0.00    0.00    0.00    0.00    20  run-grafana.sh
01:17:28 PM  1000    931873    0.00    0.00    0.00    0.00    0.00    18  run-loki.sh
01:17:28 PM  1000    931875    0.00    0.00    0.00    0.00    0.00    18  grafana
01:17:28 PM  1000    931876    0.00    0.00    0.00    0.00    0.00    18  run-otelcol.sh
01:17:28 PM  1000    931879    0.00    0.00    0.00    0.00    0.00    20  run-prometheus.
01:17:28 PM  1000    931881    3.00    0.00    0.00    0.00    3.00    16  otelcol-contrib
01:17:28 PM  1000    931882    0.00    0.00    0.00    0.00    0.00    18  run-tempo.sh
01:17:28 PM  1000    931889    0.00    0.00    0.00    0.00    0.00    16  run-pyroscope.s
01:17:28 PM  1000    931891    0.00    0.00    0.00    0.00    0.00    18  prometheus
01:17:28 PM  1000    931893    0.00    0.00    0.00    0.00    0.00    18  loki
01:17:28 PM  1000    931894   15.00    6.00    0.00    0.00   21.00    20  tempo
01:17:28 PM  1000    931896    0.00    0.00    0.00    0.00    0.00    16  pyroscope

01:17:27 PM   UID       PID   cswch/s nvcswch/s  Command
01:17:28 PM  1000    931871      0.00      0.00  run-grafana.sh
01:17:28 PM  1000    931873      0.00      0.00  run-loki.sh
01:17:28 PM  1000    931875      0.00      0.00  grafana
01:17:28 PM  1000    931876      0.00      0.00  run-otelcol.sh
01:17:28 PM  1000    931879      0.00      0.00  run-prometheus.
01:17:28 PM  1000    931881      0.00      0.00  otelcol-contrib
01:17:28 PM  1000    931882      0.00      0.00  run-tempo.sh
01:17:28 PM  1000    931889      0.00      0.00  run-pyroscope.s
01:17:28 PM  1000    931891      2.00      0.00  prometheus
01:17:28 PM  1000    931893     39.00      0.00  loki
01:17:28 PM  1000    931894      0.00      0.00  tempo
01:17:28 PM  1000    931896     30.00      0.00  pyroscope

01:17:28 PM   UID       PID    %usr %system  %guest   %wait    %CPU   CPU  Command
01:17:29 PM  1000    931871    0.00    0.00    0.00    0.00    0.00    20  run-grafana.sh
01:17:29 PM  1000    931873    0.00    0.00    0.00    0.00    0.00    18  run-loki.sh
01:17:29 PM  1000    931875    4.00    0.00    0.00    0.00    4.00    18  grafana
01:17:29 PM  1000    931876    0.00    0.00    0.00    0.00    0.00    18  run-otelcol.sh
01:17:29 PM  1000    931879    0.00    0.00    0.00    0.00    0.00    20  run-prometheus.
01:17:29 PM  1000    931881    3.00    0.00    0.00    0.00    3.00    16  otelcol-contrib
01:17:29 PM  1000    931882    0.00    0.00    0.00    0.00    0.00    18  run-tempo.sh
01:17:29 PM  1000    931889    0.00    0.00    0.00    0.00    0.00    16  run-pyroscope.s
01:17:29 PM  1000    931891    0.00    0.00    0.00    0.00    0.00    16  prometheus
01:17:29 PM  1000    931893    0.00    0.00    0.00    0.00    0.00    18  loki
01:17:29 PM  1000    931894   35.00    6.00    0.00    0.00   41.00    20  tempo
01:17:29 PM  1000    931896    0.00    0.00    0.00    0.00    0.00    16  pyroscope

01:17:28 PM   UID       PID   cswch/s nvcswch/s  Command
01:17:29 PM  1000    931871      0.00      0.00  run-grafana.sh
01:17:29 PM  1000    931873      0.00      0.00  run-loki.sh
01:17:29 PM  1000    931875      0.00      0.00  grafana
01:17:29 PM  1000    931876      0.00      0.00  run-otelcol.sh
01:17:29 PM  1000    931879      0.00      0.00  run-prometheus.
01:17:29 PM  1000    931881      0.00      0.00  otelcol-contrib
01:17:29 PM  1000    931882      0.00      0.00  run-tempo.sh
01:17:29 PM  1000    931889      0.00      0.00  run-pyroscope.s
01:17:29 PM  1000    931891      2.00      0.00  prometheus
01:17:29 PM  1000    931893     46.00      0.00  loki
01:17:29 PM  1000    931894      0.00      0.00  tempo
01:17:29 PM  1000    931896     48.00      0.00  pyroscope

01:17:29 PM   UID       PID    %usr %system  %guest   %wait    %CPU   CPU  Command
01:17:30 PM  1000    931871    0.00    0.00    0.00    0.00    0.00    20  run-grafana.sh
01:17:30 PM  1000    931873    0.00    0.00    0.00    0.00    0.00    18  run-loki.sh
01:17:30 PM  1000    931875    0.00    0.00    0.00    0.00    0.00    18  grafana
01:17:30 PM  1000    931876    0.00    0.00    0.00    0.00    0.00    18  run-otelcol.sh
01:17:30 PM  1000    931879    0.00    0.00    0.00    0.00    0.00    20  run-prometheus.
01:17:30 PM  1000    931881    5.00    1.00    0.00    0.00    6.00    16  otelcol-contrib
01:17:30 PM  1000    931882    0.00    0.00    0.00    0.00    0.00    18  run-tempo.sh
01:17:30 PM  1000    931889    0.00    0.00    0.00    0.00    0.00    16  run-pyroscope.s
01:17:30 PM  1000    931891    0.00    0.00    0.00    0.00    0.00    18  prometheus
01:17:30 PM  1000    931893    0.00    0.00    0.00    0.00    0.00    20  loki
01:17:30 PM  1000    931894   11.00    0.00    0.00    0.00   11.00    20  tempo
01:17:30 PM  1000    931896    0.00    0.00    0.00    0.00    0.00    18  pyroscope

01:17:29 PM   UID       PID   cswch/s nvcswch/s  Command
01:17:30 PM  1000    931871      0.00      0.00  run-grafana.sh
01:17:30 PM  1000    931873      0.00      0.00  run-loki.sh
01:17:30 PM  1000    931875      0.00      0.00  grafana
01:17:30 PM  1000    931876      0.00      0.00  run-otelcol.sh
01:17:30 PM  1000    931879      0.00      0.00  run-prometheus.
01:17:30 PM  1000    931881      0.00      0.00  otelcol-contrib
01:17:30 PM  1000    931882      0.00      0.00  run-tempo.sh
01:17:30 PM  1000    931889      0.00      0.00  run-pyroscope.s
01:17:30 PM  1000    931891      2.00      0.00  prometheus
01:17:30 PM  1000    931893     36.00      0.00  loki
01:17:30 PM  1000    931894      0.00      0.00  tempo
01:17:30 PM  1000    931896     44.00      0.00  pyroscope

01:17:30 PM   UID       PID    %usr %system  %guest   %wait    %CPU   CPU  Command
01:17:31 PM  1000    931871    0.00    0.00    0.00    0.00    0.00    20  run-grafana.sh
01:17:31 PM  1000    931873    0.00    0.00    0.00    0.00    0.00    18  run-loki.sh
01:17:31 PM  1000    931875    0.00    0.00    0.00    0.00    0.00    18  grafana
01:17:31 PM  1000    931876    0.00    0.00    0.00    0.00    0.00    18  run-otelcol.sh
01:17:31 PM  1000    931879    0.00    0.00    0.00    0.00    0.00    20  run-prometheus.
01:17:31 PM  1000    931881    1.00    0.00    0.00    0.00    1.00    16  otelcol-contrib
01:17:31 PM  1000    931882    0.00    0.00    0.00    0.00    0.00    18  run-tempo.sh
01:17:31 PM  1000    931889    0.00    0.00    0.00    0.00    0.00    16  run-pyroscope.s
01:17:31 PM  1000    931891    0.00    0.00    0.00    0.00    0.00    16  prometheus
01:17:31 PM  1000    931893    1.00    0.00    0.00    0.00    1.00    18  loki
01:17:31 PM  1000    931894    5.00    0.00    0.00    0.00    5.00    20  tempo
01:17:31 PM  1000    931896    0.00    0.00    0.00    0.00    0.00    16  pyroscope

01:17:30 PM   UID       PID   cswch/s nvcswch/s  Command
01:17:31 PM  1000    931871      0.00      0.00  run-grafana.sh
01:17:31 PM  1000    931873      0.00      0.00  run-loki.sh
01:17:31 PM  1000    931875      0.00      0.00  grafana
01:17:31 PM  1000    931876      0.00      0.00  run-otelcol.sh
01:17:31 PM  1000    931879      0.00      0.00  run-prometheus.
01:17:31 PM  1000    931881      0.00      0.00  otelcol-contrib
01:17:31 PM  1000    931882      0.00      0.00  run-tempo.sh
01:17:31 PM  1000    931889      0.00      0.00  run-pyroscope.s
01:17:31 PM  1000    931891      2.00      0.00  prometheus
01:17:31 PM  1000    931893     12.00      0.00  loki
01:17:31 PM  1000    931894      0.00      0.00  tempo
01:17:31 PM  1000    931896     44.00      0.00  pyroscope

01:17:31 PM   UID       PID    %usr %system  %guest   %wait    %CPU   CPU  Command
01:17:32 PM  1000    931871    0.00    0.00    0.00    0.00    0.00    20  run-grafana.sh
01:17:32 PM  1000    931873    0.00    0.00    0.00    0.00    0.00    18  run-loki.sh
01:17:32 PM  1000    931875    0.00    1.00    0.00    0.00    1.00    18  grafana
01:17:32 PM  1000    931876    0.00    0.00    0.00    0.00    0.00    18  run-otelcol.sh
01:17:32 PM  1000    931879    0.00    0.00    0.00    0.00    0.00    20  run-prometheus.
01:17:32 PM  1000    931881    0.00    0.00    0.00    0.00    0.00    16  otelcol-contrib
01:17:32 PM  1000    931882    0.00    0.00    0.00    0.00    0.00    18  run-tempo.sh
01:17:32 PM  1000    931889    0.00    0.00    0.00    0.00    0.00    16  run-pyroscope.s
01:17:32 PM  1000    931891    0.00    0.00    0.00    0.00    0.00    18  prometheus
01:17:32 PM  1000    931893    0.00    0.00    0.00    0.00    0.00    18  loki
01:17:32 PM  1000    931894    4.00    0.00    0.00    0.00    4.00    20  tempo
01:17:32 PM  1000    931896    0.00    0.00    0.00    0.00    0.00    16  pyroscope

01:17:31 PM   UID       PID   cswch/s nvcswch/s  Command
01:17:32 PM  1000    931871      0.00      0.00  run-grafana.sh
01:17:32 PM  1000    931873      0.00      0.00  run-loki.sh
01:17:32 PM  1000    931875      0.00      0.00  grafana
01:17:32 PM  1000    931876      0.00      0.00  run-otelcol.sh
01:17:32 PM  1000    931879      0.00      0.00  run-prometheus.
01:17:32 PM  1000    931881      0.00      0.00  otelcol-contrib
01:17:32 PM  1000    931882      0.00      0.00  run-tempo.sh
01:17:32 PM  1000    931889      0.00      0.00  run-pyroscope.s
01:17:32 PM  1000    931891      5.00      0.00  prometheus
01:17:32 PM  1000    931893     33.00      0.00  loki
01:17:32 PM  1000    931894      0.00      0.00  tempo
01:17:32 PM  1000    931896     46.00      0.00  pyroscope

01:17:32 PM   UID       PID    %usr %system  %guest   %wait    %CPU   CPU  Command
01:17:33 PM  1000    931871    0.00    0.00    0.00    0.00    0.00    20  run-grafana.sh
01:17:33 PM  1000    931873    0.00    0.00    0.00    0.00    0.00    18  run-loki.sh
01:17:33 PM  1000    931875    0.00    0.00    0.00    0.00    0.00    18  grafana
01:17:33 PM  1000    931876    0.00    0.00    0.00    0.00    0.00    18  run-otelcol.sh
01:17:33 PM  1000    931879    0.00    0.00    0.00    0.00    0.00    20  run-prometheus.
01:17:33 PM  1000    931881    1.00    0.00    0.00    0.00    1.00    16  otelcol-contrib
01:17:33 PM  1000    931882    0.00    0.00    0.00    0.00    0.00    18  run-tempo.sh
01:17:33 PM  1000    931889    0.00    0.00    0.00    0.00    0.00    16  run-pyroscope.s
01:17:33 PM  1000    931891    0.00    0.00    0.00    0.00    0.00    20  prometheus
01:17:33 PM  1000    931893    0.00    0.00    0.00    0.00    0.00    20  loki
01:17:33 PM  1000    931894    0.00    0.00    0.00    0.00    0.00    20  tempo
01:17:33 PM  1000    931896    0.00    0.00    0.00    0.00    0.00    18  pyroscope

01:17:32 PM   UID       PID   cswch/s nvcswch/s  Command
01:17:33 PM  1000    931871      0.00      0.00  run-grafana.sh
01:17:33 PM  1000    931873      0.00      0.00  run-loki.sh
01:17:33 PM  1000    931875      0.00      0.00  grafana
01:17:33 PM  1000    931876      0.00      0.00  run-otelcol.sh
01:17:33 PM  1000    931879      0.00      0.00  run-prometheus.
01:17:33 PM  1000    931881      0.00      0.00  otelcol-contrib
01:17:33 PM  1000    931882      0.00      0.00  run-tempo.sh
01:17:33 PM  1000    931889      0.00      0.00  run-pyroscope.s
01:17:33 PM  1000    931891      4.00      0.00  prometheus
01:17:33 PM  1000    931893     40.00      0.00  loki
01:17:33 PM  1000    931894      0.00      0.00  tempo
01:17:33 PM  1000    931896     53.00      0.00  pyroscope

01:17:33 PM   UID       PID    %usr %system  %guest   %wait    %CPU   CPU  Command
01:17:34 PM  1000    931871    0.00    0.00    0.00    0.00    0.00    20  run-grafana.sh
01:17:34 PM  1000    931873    0.00    0.00    0.00    0.00    0.00    18  run-loki.sh
01:17:34 PM  1000    931875    0.00    0.00    0.00    0.00    0.00    18  grafana
01:17:34 PM  1000    931876    0.00    0.00    0.00    0.00    0.00    18  run-otelcol.sh
01:17:34 PM  1000    931879    0.00    0.00    0.00    0.00    0.00    20  run-prometheus.
01:17:34 PM  1000    931881    0.00    0.00    0.00    0.00    0.00    16  otelcol-contrib
01:17:34 PM  1000    931882    0.00    0.00    0.00    0.00    0.00    18  run-tempo.sh
01:17:34 PM  1000    931889    0.00    0.00    0.00    0.00    0.00    16  run-pyroscope.s
01:17:34 PM  1000    931891    0.00    0.00    0.00    0.00    0.00    20  prometheus
01:17:34 PM  1000    931893    0.00    0.00    0.00    0.00    0.00    16  loki
01:17:34 PM  1000    931894   77.00    2.00    0.00    0.00   79.00    20  tempo
01:17:34 PM  1000    931896    1.00    0.00    0.00    0.00    1.00    18  pyroscope

01:17:33 PM   UID       PID   cswch/s nvcswch/s  Command
01:17:34 PM  1000    931871      0.00      0.00  run-grafana.sh
01:17:34 PM  1000    931873      0.00      0.00  run-loki.sh
01:17:34 PM  1000    931875      0.00      0.00  grafana
01:17:34 PM  1000    931876      0.00      0.00  run-otelcol.sh
01:17:34 PM  1000    931879      0.00      0.00  run-prometheus.
01:17:34 PM  1000    931881      0.00      0.00  otelcol-contrib
01:17:34 PM  1000    931882      0.00      0.00  run-tempo.sh
01:17:34 PM  1000    931889      0.00      0.00  run-pyroscope.s
01:17:34 PM  1000    931891      1.00      0.00  prometheus
01:17:34 PM  1000    931893     52.00      0.00  loki
01:17:34 PM  1000    931894      0.00      0.00  tempo
01:17:34 PM  1000    931896     18.00      0.00  pyroscope
