Linux 5.14.0-570.60.1.el9_6.x86_64 *****) 	04/17/2026 	_x86_64_	(64 CPU)

01:18:35 PM   UID       PID    %usr %system  %guest   %wait    %CPU   CPU  Command
01:18:36 PM  1000    935106    0.00    0.00    0.00    0.00    0.00    18  run-grafana.sh
01:18:36 PM  1000    935108    0.00    0.00    0.00    0.00    0.00    20  run-loki.sh
01:18:36 PM  1000    935110    0.00    0.00    0.00    0.00    0.00    20  grafana
01:18:36 PM  1000    935111    0.00    0.00    0.00    0.00    0.00    20  run-otelcol.sh
01:18:36 PM  1000    935114    0.00    0.00    0.00    0.00    0.00    18  run-prometheus.
01:18:36 PM  1000    935116    0.00    0.00    0.00    0.00    0.00    20  otelcol-contrib
01:18:36 PM  1000    935117    0.00    0.00    0.00    0.00    0.00    20  run-tempo.sh
01:18:36 PM  1000    935124    0.00    0.00    0.00    0.00    0.00    16  run-pyroscope.s
01:18:36 PM  1000    935125    0.00    0.00    0.00    0.00    0.00    20  prometheus
01:18:36 PM  1000    935128    0.00    0.00    0.00    0.00    0.00    18  tempo
01:18:36 PM  1000    935129    0.96    0.00    0.00    0.00    0.96    20  loki
01:18:36 PM  1000    935131    0.00    0.00    0.00    0.00    0.00    16  pyroscope

01:18:35 PM   UID       PID   cswch/s nvcswch/s  Command
01:18:36 PM  1000    935106      0.00      0.00  run-grafana.sh
01:18:36 PM  1000    935108      0.00      0.00  run-loki.sh
01:18:36 PM  1000    935110     30.77      0.00  grafana
01:18:36 PM  1000    935111      0.00      0.00  run-otelcol.sh
01:18:36 PM  1000    935114      0.00      0.00  run-prometheus.
01:18:36 PM  1000    935116      0.00      0.00  otelcol-contrib
01:18:36 PM  1000    935117      0.00      0.00  run-tempo.sh
01:18:36 PM  1000    935124      0.00      0.00  run-pyroscope.s
01:18:36 PM  1000    935125      3.85      0.00  prometheus
01:18:36 PM  1000    935128     20.19      0.00  tempo
01:18:36 PM  1000    935129      0.00      0.00  loki
01:18:36 PM  1000    935131      0.00      0.00  pyroscope

01:18:36 PM   UID       PID    %usr %system  %guest   %wait    %CPU   CPU  Command
01:18:37 PM  1000    935106    0.00    0.00    0.00    0.00    0.00    18  run-grafana.sh
01:18:37 PM  1000    935108    0.00    0.00    0.00    0.00    0.00    20  run-loki.sh
01:18:37 PM  1000    935110    0.00    1.00    0.00    0.00    1.00    20  grafana
01:18:37 PM  1000    935111    0.00    0.00    0.00    0.00    0.00    20  run-otelcol.sh
01:18:37 PM  1000    935114    0.00    0.00    0.00    0.00    0.00    18  run-prometheus.
01:18:37 PM  1000    935116    1.00    0.00    0.00    0.00    1.00    20  otelcol-contrib
01:18:37 PM  1000    935117    0.00    0.00    0.00    0.00    0.00    20  run-tempo.sh
01:18:37 PM  1000    935124    0.00    0.00    0.00    0.00    0.00    16  run-pyroscope.s
01:18:37 PM  1000    935125    0.00    0.00    0.00    0.00    0.00    16  prometheus
01:18:37 PM  1000    935128    0.00    0.00    0.00    0.00    0.00    18  tempo
01:18:37 PM  1000    935129    0.00    0.00    0.00    0.00    0.00    20  loki
01:18:37 PM  1000    935131    0.00    0.00    0.00    0.00    0.00    16  pyroscope

01:18:36 PM   UID       PID   cswch/s nvcswch/s  Command
01:18:37 PM  1000    935106      0.00      0.00  run-grafana.sh
01:18:37 PM  1000    935108      0.00      0.00  run-loki.sh
01:18:37 PM  1000    935110     13.00      0.00  grafana
01:18:37 PM  1000    935111      0.00      0.00  run-otelcol.sh
01:18:37 PM  1000    935114      0.00      0.00  run-prometheus.
01:18:37 PM  1000    935116      0.00      0.00  otelcol-contrib
01:18:37 PM  1000    935117      0.00      0.00  run-tempo.sh
01:18:37 PM  1000    935124      0.00      0.00  run-pyroscope.s
01:18:37 PM  1000    935125      4.00      0.00  prometheus
01:18:37 PM  1000    935128     23.00      0.00  tempo
01:18:37 PM  1000    935129      0.00      0.00  loki
01:18:37 PM  1000    935131      0.00      0.00  pyroscope

01:18:37 PM   UID       PID    %usr %system  %guest   %wait    %CPU   CPU  Command
01:18:38 PM  1000    935106    0.00    0.00    0.00    0.00    0.00    18  run-grafana.sh
01:18:38 PM  1000    935108    0.00    0.00    0.00    0.00    0.00    20  run-loki.sh
01:18:38 PM  1000    935110    0.00    0.00    0.00    0.00    0.00    20  grafana
01:18:38 PM  1000    935111    0.00    0.00    0.00    0.00    0.00    20  run-otelcol.sh
01:18:38 PM  1000    935114    0.00    0.00    0.00    0.00    0.00    18  run-prometheus.
01:18:38 PM  1000    935116    0.00    0.00    0.00    0.00    0.00    20  otelcol-contrib
01:18:38 PM  1000    935117    0.00    0.00    0.00    0.00    0.00    20  run-tempo.sh
01:18:38 PM  1000    935124    0.00    0.00    0.00    0.00    0.00    16  run-pyroscope.s
01:18:38 PM  1000    935125    0.00    0.00    0.00    0.00    0.00    16  prometheus
01:18:38 PM  1000    935128    0.00    0.00    0.00    0.00    0.00    20  tempo
01:18:38 PM  1000    935129    0.00    0.00    0.00    0.00    0.00    20  loki
01:18:38 PM  1000    935131    0.00    0.00    0.00    0.00    0.00    16  pyroscope

01:18:37 PM   UID       PID   cswch/s nvcswch/s  Command
01:18:38 PM  1000    935106      0.00      0.00  run-grafana.sh
01:18:38 PM  1000    935108      0.00      0.00  run-loki.sh
01:18:38 PM  1000    935110      5.00      0.00  grafana
01:18:38 PM  1000    935111      0.00      0.00  run-otelcol.sh
01:18:38 PM  1000    935114      0.00      0.00  run-prometheus.
01:18:38 PM  1000    935116      0.00      0.00  otelcol-contrib
01:18:38 PM  1000    935117      0.00      0.00  run-tempo.sh
01:18:38 PM  1000    935124      0.00      0.00  run-pyroscope.s
01:18:38 PM  1000    935125      6.00      0.00  prometheus
01:18:38 PM  1000    935128     26.00      0.00  tempo
01:18:38 PM  1000    935129      0.00      0.00  loki
01:18:38 PM  1000    935131      0.00      0.00  pyroscope

01:18:38 PM   UID       PID    %usr %system  %guest   %wait    %CPU   CPU  Command
01:18:39 PM  1000    935106    0.00    0.00    0.00    0.00    0.00    18  run-grafana.sh
01:18:39 PM  1000    935108    0.00    0.00    0.00    0.00    0.00    20  run-loki.sh
01:18:39 PM  1000    935110    2.00    0.00    0.00    0.00    2.00    18  grafana
01:18:39 PM  1000    935111    0.00    0.00    0.00    0.00    0.00    20  run-otelcol.sh
01:18:39 PM  1000    935114    0.00    0.00    0.00    0.00    0.00    18  run-prometheus.
01:18:39 PM  1000    935116    1.00    0.00    0.00    0.00    1.00    20  otelcol-contrib
01:18:39 PM  1000    935117    0.00    0.00    0.00    0.00    0.00    20  run-tempo.sh
01:18:39 PM  1000    935124    0.00    0.00    0.00    0.00    0.00    16  run-pyroscope.s
01:18:39 PM  1000    935125    1.00    0.00    0.00    0.00    1.00    16  prometheus
01:18:39 PM  1000    935128    1.00    0.00    0.00    0.00    1.00    20  tempo
01:18:39 PM  1000    935129    1.00    0.00    0.00    0.00    1.00    20  loki
01:18:39 PM  1000    935131    4.00    1.00    0.00    0.00    5.00    16  pyroscope

01:18:38 PM   UID       PID   cswch/s nvcswch/s  Command
01:18:39 PM  1000    935106      0.00      0.00  run-grafana.sh
01:18:39 PM  1000    935108      0.00      0.00  run-loki.sh
01:18:39 PM  1000    935110     23.00      0.00  grafana
01:18:39 PM  1000    935111      0.00      0.00  run-otelcol.sh
01:18:39 PM  1000    935114      0.00      0.00  run-prometheus.
01:18:39 PM  1000    935116      0.00      0.00  otelcol-contrib
01:18:39 PM  1000    935117      0.00      0.00  run-tempo.sh
01:18:39 PM  1000    935124      0.00      0.00  run-pyroscope.s
01:18:39 PM  1000    935125      1.00      0.00  prometheus
01:18:39 PM  1000    935128      2.00      0.00  tempo
01:18:39 PM  1000    935129      0.00      0.00  loki
01:18:39 PM  1000    935131      0.00      0.00  pyroscope

01:18:39 PM   UID       PID    %usr %system  %guest   %wait    %CPU   CPU  Command
01:18:40 PM  1000    935106    0.00    0.00    0.00    0.00    0.00    18  run-grafana.sh
01:18:40 PM  1000    935108    0.00    0.00    0.00    0.00    0.00    20  run-loki.sh
01:18:40 PM  1000    935110    1.00    0.00    0.00    0.00    1.00    18  grafana
01:18:40 PM  1000    935111    0.00    0.00    0.00    0.00    0.00    20  run-otelcol.sh
01:18:40 PM  1000    935114    0.00    0.00    0.00    0.00    0.00    18  run-prometheus.
01:18:40 PM  1000    935116    0.00    0.00    0.00    0.00    0.00    20  otelcol-contrib
01:18:40 PM  1000    935117    0.00    0.00    0.00    0.00    0.00    20  run-tempo.sh
01:18:40 PM  1000    935124    0.00    0.00    0.00    0.00    0.00    16  run-pyroscope.s
01:18:40 PM  1000    935125    0.00    0.00    0.00    0.00    0.00    20  prometheus
01:18:40 PM  1000    935128    0.00    0.00    0.00    0.00    0.00    20  tempo
01:18:40 PM  1000    935129    0.00    0.00    0.00    0.00    0.00    18  loki
01:18:40 PM  1000    935131    0.00    0.00    0.00    0.00    0.00    16  pyroscope

01:18:39 PM   UID       PID   cswch/s nvcswch/s  Command
01:18:40 PM  1000    935106      0.00      0.00  run-grafana.sh
01:18:40 PM  1000    935108      0.00      0.00  run-loki.sh
01:18:40 PM  1000    935110      8.00      0.00  grafana
01:18:40 PM  1000    935111      0.00      0.00  run-otelcol.sh
01:18:40 PM  1000    935114      0.00      0.00  run-prometheus.
01:18:40 PM  1000    935116      0.00      0.00  otelcol-contrib
01:18:40 PM  1000    935117      0.00      0.00  run-tempo.sh
01:18:40 PM  1000    935124      0.00      0.00  run-pyroscope.s
01:18:40 PM  1000    935125      1.00      0.00  prometheus
01:18:40 PM  1000    935128      9.00      0.00  tempo
01:18:40 PM  1000    935129      1.00      0.00  loki
01:18:40 PM  1000    935131      0.00      0.00  pyroscope

01:18:40 PM   UID       PID    %usr %system  %guest   %wait    %CPU   CPU  Command
01:18:41 PM  1000    935106    0.00    0.00    0.00    0.00    0.00    18  run-grafana.sh
01:18:41 PM  1000    935108    0.00    0.00    0.00    0.00    0.00    20  run-loki.sh
01:18:41 PM  1000    935110    0.00    0.00    0.00    0.00    0.00    16  grafana
01:18:41 PM  1000    935111    0.00    0.00    0.00    0.00    0.00    20  run-otelcol.sh
01:18:41 PM  1000    935114    0.00    0.00    0.00    0.00    0.00    18  run-prometheus.
01:18:41 PM  1000    935116    2.00    0.00    0.00    0.00    2.00    20  otelcol-contrib
01:18:41 PM  1000    935117    0.00    0.00    0.00    0.00    0.00    20  run-tempo.sh
01:18:41 PM  1000    935124    0.00    0.00    0.00    0.00    0.00    16  run-pyroscope.s
01:18:41 PM  1000    935125    0.00    0.00    0.00    0.00    0.00    18  prometheus
01:18:41 PM  1000    935128    8.00    1.00    0.00    0.00    9.00    18  tempo
01:18:41 PM  1000    935129    0.00    0.00    0.00    0.00    0.00    18  loki
01:18:41 PM  1000    935131    0.00    0.00    0.00    0.00    0.00    16  pyroscope

01:18:40 PM   UID       PID   cswch/s nvcswch/s  Command
01:18:41 PM  1000    935106      0.00      0.00  run-grafana.sh
01:18:41 PM  1000    935108      0.00      0.00  run-loki.sh
01:18:41 PM  1000    935110      1.00      0.00  grafana
01:18:41 PM  1000    935111      0.00      0.00  run-otelcol.sh
01:18:41 PM  1000    935114      0.00      0.00  run-prometheus.
01:18:41 PM  1000    935116      0.00      0.00  otelcol-contrib
01:18:41 PM  1000    935117      0.00      0.00  run-tempo.sh
01:18:41 PM  1000    935124      0.00      0.00  run-pyroscope.s
01:18:41 PM  1000    935125      1.00      0.00  prometheus
01:18:41 PM  1000    935128     77.00      6.00  tempo
01:18:41 PM  1000    935129     26.00      0.00  loki
01:18:41 PM  1000    935131      0.00      0.00  pyroscope

01:18:41 PM   UID       PID    %usr %system  %guest   %wait    %CPU   CPU  Command
01:18:42 PM  1000    935106    0.00    0.00    0.00    0.00    0.00    18  run-grafana.sh
01:18:42 PM  1000    935108    0.00    0.00    0.00    0.00    0.00    20  run-loki.sh
01:18:42 PM  1000    935110    0.00    0.00    0.00    0.00    0.00    18  grafana
01:18:42 PM  1000    935111    0.00    0.00    0.00    0.00    0.00    20  run-otelcol.sh
01:18:42 PM  1000    935114    0.00    0.00    0.00    0.00    0.00    18  run-prometheus.
01:18:42 PM  1000    935116    3.00    1.00    0.00    0.00    4.00    20  otelcol-contrib
01:18:42 PM  1000    935117    0.00    0.00    0.00    0.00    0.00    20  run-tempo.sh
01:18:42 PM  1000    935124    0.00    0.00    0.00    0.00    0.00    16  run-pyroscope.s
01:18:42 PM  1000    935125    0.00    0.00    0.00    0.00    0.00    18  prometheus
01:18:42 PM  1000    935128   11.00    1.00    0.00    0.00   12.00    16  tempo
01:18:42 PM  1000    935129    0.00    0.00    0.00    0.00    0.00    18  loki
01:18:42 PM  1000    935131    0.00    1.00    0.00    0.00    1.00    16  pyroscope

01:18:41 PM   UID       PID   cswch/s nvcswch/s  Command
01:18:42 PM  1000    935106      0.00      0.00  run-grafana.sh
01:18:42 PM  1000    935108      0.00      0.00  run-loki.sh
01:18:42 PM  1000    935110      8.00      0.00  grafana
01:18:42 PM  1000    935111      0.00      0.00  run-otelcol.sh
01:18:42 PM  1000    935114      0.00      0.00  run-prometheus.
01:18:42 PM  1000    935116      0.00      0.00  otelcol-contrib
01:18:42 PM  1000    935117      0.00      0.00  run-tempo.sh
01:18:42 PM  1000    935124      0.00      0.00  run-pyroscope.s
01:18:42 PM  1000    935125      3.00      0.00  prometheus
01:18:42 PM  1000    935128     30.00      1.00  tempo
01:18:42 PM  1000    935129     28.00      0.00  loki
01:18:42 PM  1000    935131      0.00      0.00  pyroscope

01:18:42 PM   UID       PID    %usr %system  %guest   %wait    %CPU   CPU  Command
01:18:43 PM  1000    935106    0.00    0.00    0.00    0.00    0.00    18  run-grafana.sh
01:18:43 PM  1000    935108    0.00    0.00    0.00    0.00    0.00    20  run-loki.sh
01:18:43 PM  1000    935110    0.00    0.00    0.00    0.00    0.00    18  grafana
01:18:43 PM  1000    935111    0.00    0.00    0.00    0.00    0.00    20  run-otelcol.sh
01:18:43 PM  1000    935114    0.00    0.00    0.00    0.00    0.00    18  run-prometheus.
01:18:43 PM  1000    935116    4.00    0.00    0.00    0.00    4.00    20  otelcol-contrib
01:18:43 PM  1000    935117    0.00    0.00    0.00    0.00    0.00    20  run-tempo.sh
01:18:43 PM  1000    935124    0.00    0.00    0.00    0.00    0.00    16  run-pyroscope.s
01:18:43 PM  1000    935125    0.00    0.00    0.00    0.00    0.00    18  prometheus
01:18:43 PM  1000    935128   20.00    3.00    0.00    0.00   23.00    18  tempo
01:18:43 PM  1000    935129    0.00    0.00    0.00    0.00    0.00    18  loki
01:18:43 PM  1000    935131    0.00    0.00    0.00    0.00    0.00    16  pyroscope

01:18:42 PM   UID       PID   cswch/s nvcswch/s  Command
01:18:43 PM  1000    935106      0.00      0.00  run-grafana.sh
01:18:43 PM  1000    935108      0.00      0.00  run-loki.sh
01:18:43 PM  1000    935110      0.00      0.00  grafana
01:18:43 PM  1000    935111      0.00      0.00  run-otelcol.sh
01:18:43 PM  1000    935114      0.00      0.00  run-prometheus.
01:18:43 PM  1000    935116      0.00      0.00  otelcol-contrib
01:18:43 PM  1000    935117      0.00      0.00  run-tempo.sh
01:18:43 PM  1000    935124      0.00      0.00  run-pyroscope.s
01:18:43 PM  1000    935125      5.00      0.00  prometheus
01:18:43 PM  1000    935128    100.00      5.00  tempo
01:18:43 PM  1000    935129      6.00      0.00  loki
01:18:43 PM  1000    935131      0.00      0.00  pyroscope

01:18:43 PM   UID       PID    %usr %system  %guest   %wait    %CPU   CPU  Command
01:18:44 PM  1000    935106    0.00    0.00    0.00    0.00    0.00    18  run-grafana.sh
01:18:44 PM  1000    935108    0.00    0.00    0.00    0.00    0.00    20  run-loki.sh
01:18:44 PM  1000    935110    0.00    0.00    0.00    0.00    0.00    18  grafana
01:18:44 PM  1000    935111    0.00    0.00    0.00    0.00    0.00    20  run-otelcol.sh
01:18:44 PM  1000    935114    0.00    0.00    0.00    0.00    0.00    18  run-prometheus.
01:18:44 PM  1000    935116    3.00    0.00    0.00    0.00    3.00    20  otelcol-contrib
01:18:44 PM  1000    935117    0.00    0.00    0.00    0.00    0.00    20  run-tempo.sh
01:18:44 PM  1000    935124    0.00    0.00    0.00    0.00    0.00    16  run-pyroscope.s
01:18:44 PM  1000    935125    0.00    0.00    0.00    0.00    0.00    20  prometheus
01:18:44 PM  1000    935128   15.00    1.00    0.00    0.00   16.00    16  tempo
01:18:44 PM  1000    935129    1.00    0.00    0.00    0.00    1.00    20  loki
01:18:44 PM  1000    935131    1.00    0.00    0.00    0.00    1.00    16  pyroscope

01:18:43 PM   UID       PID   cswch/s nvcswch/s  Command
01:18:44 PM  1000    935106      0.00      0.00  run-grafana.sh
01:18:44 PM  1000    935108      0.00      0.00  run-loki.sh
01:18:44 PM  1000    935110      0.00      0.00  grafana
01:18:44 PM  1000    935111      0.00      0.00  run-otelcol.sh
01:18:44 PM  1000    935114      0.00      0.00  run-prometheus.
01:18:44 PM  1000    935116      0.00      0.00  otelcol-contrib
01:18:44 PM  1000    935117      0.00      0.00  run-tempo.sh
01:18:44 PM  1000    935124      0.00      0.00  run-pyroscope.s
01:18:44 PM  1000    935125      2.00      0.00  prometheus
01:18:44 PM  1000    935128    105.00      2.00  tempo
01:18:44 PM  1000    935129     40.00      0.00  loki
01:18:44 PM  1000    935131      0.00      0.00  pyroscope

01:18:44 PM   UID       PID    %usr %system  %guest   %wait    %CPU   CPU  Command
01:18:45 PM  1000    935106    0.00    0.00    0.00    0.00    0.00    18  run-grafana.sh
01:18:45 PM  1000    935108    0.00    0.00    0.00    0.00    0.00    20  run-loki.sh
01:18:45 PM  1000    935110    0.00    0.00    0.00    0.00    0.00    18  grafana
01:18:45 PM  1000    935111    0.00    0.00    0.00    0.00    0.00    20  run-otelcol.sh
01:18:45 PM  1000    935114    0.00    0.00    0.00    0.00    0.00    18  run-prometheus.
01:18:45 PM  1000    935116    3.00    0.00    0.00    0.00    3.00    20  otelcol-contrib
01:18:45 PM  1000    935117    0.00    0.00    0.00    0.00    0.00    20  run-tempo.sh
01:18:45 PM  1000    935124    0.00    0.00    0.00    0.00    0.00    16  run-pyroscope.s
01:18:45 PM  1000    935125    0.00    0.00    0.00    0.00    0.00    16  prometheus
01:18:45 PM  1000    935128   17.00    0.00    0.00    0.00   17.00    16  tempo
01:18:45 PM  1000    935129    0.00    0.00    0.00    0.00    0.00    20  loki
01:18:45 PM  1000    935131    0.00    0.00    0.00    0.00    0.00    16  pyroscope

01:18:44 PM   UID       PID   cswch/s nvcswch/s  Command
01:18:45 PM  1000    935106      0.00      0.00  run-grafana.sh
01:18:45 PM  1000    935108      0.00      0.00  run-loki.sh
01:18:45 PM  1000    935110      0.00      0.00  grafana
01:18:45 PM  1000    935111      0.00      0.00  run-otelcol.sh
01:18:45 PM  1000    935114      0.00      0.00  run-prometheus.
01:18:45 PM  1000    935116      0.00      0.00  otelcol-contrib
01:18:45 PM  1000    935117      0.00      0.00  run-tempo.sh
01:18:45 PM  1000    935124      0.00      0.00  run-pyroscope.s
01:18:45 PM  1000    935125      1.00      0.00  prometheus
01:18:45 PM  1000    935128     68.00      4.00  tempo
01:18:45 PM  1000    935129     48.00      0.00  loki
01:18:45 PM  1000    935131      0.00      0.00  pyroscope

01:18:45 PM   UID       PID    %usr %system  %guest   %wait    %CPU   CPU  Command
01:18:46 PM  1000    935106    0.00    0.00    0.00    0.00    0.00    18  run-grafana.sh
01:18:46 PM  1000    935108    0.00    0.00    0.00    0.00    0.00    20  run-loki.sh
01:18:46 PM  1000    935110    0.00    0.00    0.00    0.00    0.00    18  grafana
01:18:46 PM  1000    935111    0.00    0.00    0.00    0.00    0.00    20  run-otelcol.sh
01:18:46 PM  1000    935114    0.00    0.00    0.00    0.00    0.00    18  run-prometheus.
01:18:46 PM  1000    935116    3.00    1.00    0.00    0.00    4.00    20  otelcol-contrib
01:18:46 PM  1000    935117    0.00    0.00    0.00    0.00    0.00    20  run-tempo.sh
01:18:46 PM  1000    935124    0.00    0.00    0.00    0.00    0.00    16  run-pyroscope.s
01:18:46 PM  1000    935125    0.00    0.00    0.00    0.00    0.00    20  prometheus
01:18:46 PM  1000    935128   18.00    1.00    0.00    1.00   19.00    16  tempo
01:18:46 PM  1000    935129    0.00    1.00    0.00    0.00    1.00    20  loki
01:18:46 PM  1000    935131    0.00    0.00    0.00    0.00    0.00    16  pyroscope

01:18:45 PM   UID       PID   cswch/s nvcswch/s  Command
01:18:46 PM  1000    935106      0.00      0.00  run-grafana.sh
01:18:46 PM  1000    935108      0.00      0.00  run-loki.sh
01:18:46 PM  1000    935110      0.00      0.00  grafana
01:18:46 PM  1000    935111      0.00      0.00  run-otelcol.sh
01:18:46 PM  1000    935114      0.00      0.00  run-prometheus.
01:18:46 PM  1000    935116      0.00      0.00  otelcol-contrib
01:18:46 PM  1000    935117      0.00      0.00  run-tempo.sh
01:18:46 PM  1000    935124      0.00      0.00  run-pyroscope.s
01:18:46 PM  1000    935125      2.00      0.00  prometheus
01:18:46 PM  1000    935128     83.00      4.00  tempo
01:18:46 PM  1000    935129     44.00      0.00  loki
01:18:46 PM  1000    935131      0.00      0.00  pyroscope

01:18:46 PM   UID       PID    %usr %system  %guest   %wait    %CPU   CPU  Command
01:18:47 PM  1000    935106    0.00    0.00    0.00    0.00    0.00    18  run-grafana.sh
01:18:47 PM  1000    935108    0.00    0.00    0.00    0.00    0.00    20  run-loki.sh
01:18:47 PM  1000    935110    0.00    0.00    0.00    0.00    0.00    18  grafana
01:18:47 PM  1000    935111    0.00    0.00    0.00    0.00    0.00    20  run-otelcol.sh
01:18:47 PM  1000    935114    0.00    0.00    0.00    0.00    0.00    18  run-prometheus.
01:18:47 PM  1000    935116    3.00    0.00    0.00    0.00    3.00    20  otelcol-contrib
01:18:47 PM  1000    935117    0.00    0.00    0.00    0.00    0.00    20  run-tempo.sh
01:18:47 PM  1000    935124    0.00    0.00    0.00    0.00    0.00    16  run-pyroscope.s
01:18:47 PM  1000    935125    0.00    0.00    0.00    0.00    0.00    18  prometheus
01:18:47 PM  1000    935128   23.00    1.00    0.00    0.00   24.00    16  tempo
01:18:47 PM  1000    935129    0.00    0.00    0.00    0.00    0.00    20  loki
01:18:47 PM  1000    935131    0.00    0.00    0.00    0.00    0.00    16  pyroscope

01:18:46 PM   UID       PID   cswch/s nvcswch/s  Command
01:18:47 PM  1000    935106      0.00      0.00  run-grafana.sh
01:18:47 PM  1000    935108      0.00      0.00  run-loki.sh
01:18:47 PM  1000    935110      8.00      0.00  grafana
01:18:47 PM  1000    935111      0.00      0.00  run-otelcol.sh
01:18:47 PM  1000    935114      0.00      0.00  run-prometheus.
01:18:47 PM  1000    935116      0.00      0.00  otelcol-contrib
01:18:47 PM  1000    935117      0.00      0.00  run-tempo.sh
01:18:47 PM  1000    935124      0.00      0.00  run-pyroscope.s
01:18:47 PM  1000    935125      2.00      0.00  prometheus
01:18:47 PM  1000    935128     97.00     17.00  tempo
01:18:47 PM  1000    935129     43.00      0.00  loki
01:18:47 PM  1000    935131      0.00      0.00  pyroscope

01:18:47 PM   UID       PID    %usr %system  %guest   %wait    %CPU   CPU  Command
01:18:48 PM  1000    935106    0.00    0.00    0.00    0.00    0.00    18  run-grafana.sh
01:18:48 PM  1000    935108    0.00    0.00    0.00    0.00    0.00    20  run-loki.sh
01:18:48 PM  1000    935110    0.00    0.00    0.00    0.00    0.00    18  grafana
01:18:48 PM  1000    935111    0.00    0.00    0.00    0.00    0.00    20  run-otelcol.sh
01:18:48 PM  1000    935114    0.00    0.00    0.00    0.00    0.00    18  run-prometheus.
01:18:48 PM  1000    935116    5.00    0.00    0.00    0.00    5.00    20  otelcol-contrib
01:18:48 PM  1000    935117    0.00    0.00    0.00    0.00    0.00    20  run-tempo.sh
01:18:48 PM  1000    935124    0.00    0.00    0.00    0.00    0.00    16  run-pyroscope.s
01:18:48 PM  1000    935125    1.00    0.00    0.00    0.00    1.00    20  prometheus
01:18:48 PM  1000    935128   37.00    2.00    0.00    1.00   39.00    20  tempo
01:18:48 PM  1000    935129    0.00    0.00    0.00    0.00    0.00    20  loki
01:18:48 PM  1000    935131    0.00    0.00    0.00    0.00    0.00    16  pyroscope

01:18:47 PM   UID       PID   cswch/s nvcswch/s  Command
01:18:48 PM  1000    935106      0.00      0.00  run-grafana.sh
01:18:48 PM  1000    935108      0.00      0.00  run-loki.sh
01:18:48 PM  1000    935110     20.00      0.00  grafana
01:18:48 PM  1000    935111      0.00      0.00  run-otelcol.sh
01:18:48 PM  1000    935114      0.00      0.00  run-prometheus.
01:18:48 PM  1000    935116      0.00      0.00  otelcol-contrib
01:18:48 PM  1000    935117      0.00      0.00  run-tempo.sh
01:18:48 PM  1000    935124      0.00      0.00  run-pyroscope.s
01:18:48 PM  1000    935125      6.00      0.00  prometheus
01:18:48 PM  1000    935128     54.00      5.00  tempo
01:18:48 PM  1000    935129      6.00      0.00  loki
01:18:48 PM  1000    935131      0.00      0.00  pyroscope

01:18:48 PM   UID       PID    %usr %system  %guest   %wait    %CPU   CPU  Command
01:18:49 PM  1000    935106    0.00    0.00    0.00    0.00    0.00    18  run-grafana.sh
01:18:49 PM  1000    935108    0.00    0.00    0.00    0.00    0.00    20  run-loki.sh
01:18:49 PM  1000    935110    7.00    1.00    0.00    0.00    8.00    16  grafana
01:18:49 PM  1000    935111    0.00    0.00    0.00    0.00    0.00    20  run-otelcol.sh
01:18:49 PM  1000    935114    0.00    0.00    0.00    0.00    0.00    18  run-prometheus.
01:18:49 PM  1000    935116    3.00    0.00    0.00    0.00    3.00    20  otelcol-contrib
01:18:49 PM  1000    935117    0.00    0.00    0.00    0.00    0.00    20  run-tempo.sh
01:18:49 PM  1000    935124    0.00    0.00    0.00    0.00    0.00    16  run-pyroscope.s
01:18:49 PM  1000    935125    0.00    0.00    0.00    0.00    0.00    16  prometheus
01:18:49 PM  1000    935128    9.00    1.00    0.00    0.00   10.00    20  tempo
01:18:49 PM  1000    935129    1.00    0.00    0.00    0.00    1.00    20  loki
01:18:49 PM  1000    935131    0.00    0.00    0.00    0.00    0.00    16  pyroscope

01:18:48 PM   UID       PID   cswch/s nvcswch/s  Command
01:18:49 PM  1000    935106      0.00      0.00  run-grafana.sh
01:18:49 PM  1000    935108      0.00      0.00  run-loki.sh
01:18:49 PM  1000    935110     15.00      0.00  grafana
01:18:49 PM  1000    935111      0.00      0.00  run-otelcol.sh
01:18:49 PM  1000    935114      0.00      0.00  run-prometheus.
01:18:49 PM  1000    935116      0.00      0.00  otelcol-contrib
01:18:49 PM  1000    935117      0.00      0.00  run-tempo.sh
01:18:49 PM  1000    935124      0.00      0.00  run-pyroscope.s
01:18:49 PM  1000    935125      2.00      0.00  prometheus
01:18:49 PM  1000    935128     79.00     36.00  tempo
01:18:49 PM  1000    935129     48.00      0.00  loki
01:18:49 PM  1000    935131      0.00      0.00  pyroscope

01:18:49 PM   UID       PID    %usr %system  %guest   %wait    %CPU   CPU  Command
01:18:50 PM  1000    935106    0.00    0.00    0.00    0.00    0.00    18  run-grafana.sh
01:18:50 PM  1000    935108    0.00    0.00    0.00    0.00    0.00    20  run-loki.sh
01:18:50 PM  1000    935110    1.00    0.00    0.00    0.00    1.00    18  grafana
01:18:50 PM  1000    935111    0.00    0.00    0.00    0.00    0.00    20  run-otelcol.sh
01:18:50 PM  1000    935114    0.00    0.00    0.00    0.00    0.00    18  run-prometheus.
01:18:50 PM  1000    935116    3.00    1.00    0.00    0.00    4.00    20  otelcol-contrib
01:18:50 PM  1000    935117    0.00    0.00    0.00    0.00    0.00    20  run-tempo.sh
01:18:50 PM  1000    935124    0.00    0.00    0.00    0.00    0.00    16  run-pyroscope.s
01:18:50 PM  1000    935125    0.00    0.00    0.00    0.00    0.00    16  prometheus
01:18:50 PM  1000    935128   21.00    1.00    0.00    0.00   22.00    20  tempo
01:18:50 PM  1000    935129    0.00    0.00    0.00    0.00    0.00    16  loki
01:18:50 PM  1000    935131    1.00    1.00    0.00    0.00    2.00    16  pyroscope

01:18:49 PM   UID       PID   cswch/s nvcswch/s  Command
01:18:50 PM  1000    935106      0.00      0.00  run-grafana.sh
01:18:50 PM  1000    935108      0.00      0.00  run-loki.sh
01:18:50 PM  1000    935110     21.00      0.00  grafana
01:18:50 PM  1000    935111      0.00      0.00  run-otelcol.sh
01:18:50 PM  1000    935114      0.00      0.00  run-prometheus.
01:18:50 PM  1000    935116      0.00      0.00  otelcol-contrib
01:18:50 PM  1000    935117      0.00      0.00  run-tempo.sh
01:18:50 PM  1000    935124      0.00      0.00  run-pyroscope.s
01:18:50 PM  1000    935125      1.00      0.00  prometheus
01:18:50 PM  1000    935128     64.00      4.00  tempo
01:18:50 PM  1000    935129     40.00      0.00  loki
01:18:50 PM  1000    935131      0.00      0.00  pyroscope

01:18:50 PM   UID       PID    %usr %system  %guest   %wait    %CPU   CPU  Command
01:18:51 PM  1000    935106    0.00    0.00    0.00    0.00    0.00    18  run-grafana.sh
01:18:51 PM  1000    935108    0.00    0.00    0.00    0.00    0.00    20  run-loki.sh
01:18:51 PM  1000    935110    0.00    0.00    0.00    0.00    0.00    18  grafana
01:18:51 PM  1000    935111    0.00    0.00    0.00    0.00    0.00    20  run-otelcol.sh
01:18:51 PM  1000    935114    0.00    0.00    0.00    0.00    0.00    18  run-prometheus.
01:18:51 PM  1000    935116    3.00    0.00    0.00    0.00    3.00    20  otelcol-contrib
01:18:51 PM  1000    935117    0.00    0.00    0.00    0.00    0.00    20  run-tempo.sh
01:18:51 PM  1000    935124    0.00    0.00    0.00    0.00    0.00    16  run-pyroscope.s
01:18:51 PM  1000    935125    0.00    0.00    0.00    0.00    0.00    20  prometheus
01:18:51 PM  1000    935128   38.00    0.00    0.00    0.00   38.00    16  tempo
01:18:51 PM  1000    935129    0.00    0.00    0.00    0.00    0.00    16  loki
01:18:51 PM  1000    935131    0.00    0.00    0.00    0.00    0.00    16  pyroscope

01:18:50 PM   UID       PID   cswch/s nvcswch/s  Command
01:18:51 PM  1000    935106      0.00      0.00  run-grafana.sh
01:18:51 PM  1000    935108      0.00      0.00  run-loki.sh
01:18:51 PM  1000    935110     29.00      0.00  grafana
01:18:51 PM  1000    935111      0.00      0.00  run-otelcol.sh
01:18:51 PM  1000    935114      0.00      0.00  run-prometheus.
01:18:51 PM  1000    935116      0.00      0.00  otelcol-contrib
01:18:51 PM  1000    935117      0.00      0.00  run-tempo.sh
01:18:51 PM  1000    935124      0.00      0.00  run-pyroscope.s
01:18:51 PM  1000    935125      2.00      0.00  prometheus
01:18:51 PM  1000    935128    112.00     25.00  tempo
01:18:51 PM  1000    935129     45.00      0.00  loki
01:18:51 PM  1000    935131      0.00      0.00  pyroscope

01:18:51 PM   UID       PID    %usr %system  %guest   %wait    %CPU   CPU  Command
01:18:52 PM  1000    935106    0.00    0.00    0.00    0.00    0.00    18  run-grafana.sh
01:18:52 PM  1000    935108    0.00    0.00    0.00    0.00    0.00    20  run-loki.sh
01:18:52 PM  1000    935110    0.00    0.00    0.00    0.00    0.00    20  grafana
01:18:52 PM  1000    935111    0.00    0.00    0.00    0.00    0.00    20  run-otelcol.sh
01:18:52 PM  1000    935114    0.00    0.00    0.00    0.00    0.00    18  run-prometheus.
01:18:52 PM  1000    935116    5.00    0.00    0.00    0.00    5.00    20  otelcol-contrib
01:18:52 PM  1000    935117    0.00    0.00    0.00    0.00    0.00    20  run-tempo.sh
01:18:52 PM  1000    935124    0.00    0.00    0.00    0.00    0.00    16  run-pyroscope.s
01:18:52 PM  1000    935125    0.00    1.00    0.00    0.00    1.00    18  prometheus
01:18:52 PM  1000    935128   11.00    0.00    0.00    1.00   11.00    16  tempo
01:18:52 PM  1000    935129    0.00    0.00    0.00    0.00    0.00    20  loki
01:18:52 PM  1000    935131    0.00    0.00    0.00    0.00    0.00    16  pyroscope

01:18:51 PM   UID       PID   cswch/s nvcswch/s  Command
01:18:52 PM  1000    935106      0.00      0.00  run-grafana.sh
01:18:52 PM  1000    935108      0.00      0.00  run-loki.sh
01:18:52 PM  1000    935110      6.00      0.00  grafana
01:18:52 PM  1000    935111      0.00      0.00  run-otelcol.sh
01:18:52 PM  1000    935114      0.00      0.00  run-prometheus.
01:18:52 PM  1000    935116      0.00      0.00  otelcol-contrib
01:18:52 PM  1000    935117      0.00      0.00  run-tempo.sh
01:18:52 PM  1000    935124      0.00      0.00  run-pyroscope.s
01:18:52 PM  1000    935125      2.00      0.00  prometheus
01:18:52 PM  1000    935128     86.00      2.00  tempo
01:18:52 PM  1000    935129     44.00      0.00  loki
01:18:52 PM  1000    935131      0.00      0.00  pyroscope

01:18:52 PM   UID       PID    %usr %system  %guest   %wait    %CPU   CPU  Command
01:18:53 PM  1000    935106    0.00    0.00    0.00    0.00    0.00    18  run-grafana.sh
01:18:53 PM  1000    935108    0.00    0.00    0.00    0.00    0.00    20  run-loki.sh
01:18:53 PM  1000    935110    0.00    0.00    0.00    0.00    0.00    16  grafana
01:18:53 PM  1000    935111    0.00    0.00    0.00    0.00    0.00    20  run-otelcol.sh
01:18:53 PM  1000    935114    0.00    0.00    0.00    0.00    0.00    18  run-prometheus.
01:18:53 PM  1000    935116    3.00    0.00    0.00    0.00    3.00    20  otelcol-contrib
01:18:53 PM  1000    935117    0.00    0.00    0.00    0.00    0.00    20  run-tempo.sh
01:18:53 PM  1000    935124    0.00    0.00    0.00    0.00    0.00    16  run-pyroscope.s
01:18:53 PM  1000    935125    0.00    0.00    0.00    0.00    0.00    18  prometheus
01:18:53 PM  1000    935128   37.00    3.00    0.00    0.00   40.00    16  tempo
01:18:53 PM  1000    935129    1.00    0.00    0.00    0.00    1.00    18  loki
01:18:53 PM  1000    935131    0.00    0.00    0.00    0.00    0.00    16  pyroscope

01:18:52 PM   UID       PID   cswch/s nvcswch/s  Command
01:18:53 PM  1000    935106      0.00      0.00  run-grafana.sh
01:18:53 PM  1000    935108      0.00      0.00  run-loki.sh
01:18:53 PM  1000    935110     17.00      0.00  grafana
01:18:53 PM  1000    935111      0.00      0.00  run-otelcol.sh
01:18:53 PM  1000    935114      0.00      0.00  run-prometheus.
01:18:53 PM  1000    935116      0.00      0.00  otelcol-contrib
01:18:53 PM  1000    935117      0.00      0.00  run-tempo.sh
01:18:53 PM  1000    935124      0.00      0.00  run-pyroscope.s
01:18:53 PM  1000    935125      1.00      0.00  prometheus
01:18:53 PM  1000    935128    100.00      6.00  tempo
01:18:53 PM  1000    935129     41.00      0.00  loki
01:18:53 PM  1000    935131      0.00      0.00  pyroscope

01:18:53 PM   UID       PID    %usr %system  %guest   %wait    %CPU   CPU  Command
01:18:54 PM  1000    935106    0.00    0.00    0.00    0.00    0.00    18  run-grafana.sh
01:18:54 PM  1000    935108    0.00    0.00    0.00    0.00    0.00    20  run-loki.sh
01:18:54 PM  1000    935110    0.00    0.00    0.00    0.00    0.00    20  grafana
01:18:54 PM  1000    935111    0.00    0.00    0.00    0.00    0.00    20  run-otelcol.sh
01:18:54 PM  1000    935114    0.00    0.00    0.00    0.00    0.00    18  run-prometheus.
01:18:54 PM  1000    935116    3.00    0.00    0.00    0.00    3.00    20  otelcol-contrib
01:18:54 PM  1000    935117    0.00    0.00    0.00    0.00    0.00    20  run-tempo.sh
01:18:54 PM  1000    935124    0.00    0.00    0.00    0.00    0.00    16  run-pyroscope.s
01:18:54 PM  1000    935125    0.00    0.00    0.00    0.00    0.00    18  prometheus
01:18:54 PM  1000    935128   11.00    0.00    0.00    0.00   11.00    20  tempo
01:18:54 PM  1000    935129    0.00    0.00    0.00    0.00    0.00    18  loki
01:18:54 PM  1000    935131    4.00    0.00    0.00    0.00    4.00    16  pyroscope

01:18:53 PM   UID       PID   cswch/s nvcswch/s  Command
01:18:54 PM  1000    935106      0.00      0.00  run-grafana.sh
01:18:54 PM  1000    935108      0.00      0.00  run-loki.sh
01:18:54 PM  1000    935110     15.00      0.00  grafana
01:18:54 PM  1000    935111      0.00      0.00  run-otelcol.sh
01:18:54 PM  1000    935114      0.00      0.00  run-prometheus.
01:18:54 PM  1000    935116      0.00      0.00  otelcol-contrib
01:18:54 PM  1000    935117      0.00      0.00  run-tempo.sh
01:18:54 PM  1000    935124      0.00      0.00  run-pyroscope.s
01:18:54 PM  1000    935125      2.00      0.00  prometheus
01:18:54 PM  1000    935128     75.00      3.00  tempo
01:18:54 PM  1000    935129     60.00      0.00  loki
01:18:54 PM  1000    935131      0.00      0.00  pyroscope

01:18:54 PM   UID       PID    %usr %system  %guest   %wait    %CPU   CPU  Command
01:18:55 PM  1000    935106    0.00    0.00    0.00    0.00    0.00    18  run-grafana.sh
01:18:55 PM  1000    935108    0.00    0.00    0.00    0.00    0.00    20  run-loki.sh
01:18:55 PM  1000    935110    0.00    0.00    0.00    0.00    0.00    20  grafana
01:18:55 PM  1000    935111    0.00    0.00    0.00    0.00    0.00    20  run-otelcol.sh
01:18:55 PM  1000    935114    0.00    0.00    0.00    0.00    0.00    18  run-prometheus.
01:18:55 PM  1000    935116    3.00    1.00    0.00    0.00    4.00    20  otelcol-contrib
01:18:55 PM  1000    935117    0.00    0.00    0.00    0.00    0.00    20  run-tempo.sh
01:18:55 PM  1000    935124    0.00    0.00    0.00    0.00    0.00    16  run-pyroscope.s
01:18:55 PM  1000    935125    0.00    0.00    0.00    0.00    0.00    16  prometheus
01:18:55 PM  1000    935128   23.00    2.00    0.00    0.00   25.00    18  tempo
01:18:55 PM  1000    935129    0.00    0.00    0.00    0.00    0.00    18  loki
01:18:55 PM  1000    935131    0.00    0.00    0.00    0.00    0.00    16  pyroscope

01:18:54 PM   UID       PID   cswch/s nvcswch/s  Command
01:18:55 PM  1000    935106      0.00      0.00  run-grafana.sh
01:18:55 PM  1000    935108      0.00      0.00  run-loki.sh
01:18:55 PM  1000    935110     18.00      0.00  grafana
01:18:55 PM  1000    935111      0.00      0.00  run-otelcol.sh
01:18:55 PM  1000    935114      0.00      0.00  run-prometheus.
01:18:55 PM  1000    935116      0.00      0.00  otelcol-contrib
01:18:55 PM  1000    935117      0.00      0.00  run-tempo.sh
01:18:55 PM  1000    935124      0.00      0.00  run-pyroscope.s
01:18:55 PM  1000    935125      2.00      0.00  prometheus
01:18:55 PM  1000    935128     13.00      0.00  tempo
01:18:55 PM  1000    935129     55.00      0.00  loki
01:18:55 PM  1000    935131      0.00      0.00  pyroscope

01:18:55 PM   UID       PID    %usr %system  %guest   %wait    %CPU   CPU  Command
01:18:56 PM  1000    935106    0.00    0.00    0.00    0.00    0.00    18  run-grafana.sh
01:18:56 PM  1000    935108    0.00    0.00    0.00    0.00    0.00    20  run-loki.sh
01:18:56 PM  1000    935110    1.00    0.00    0.00    0.00    1.00    16  grafana
01:18:56 PM  1000    935111    0.00    0.00    0.00    0.00    0.00    20  run-otelcol.sh
01:18:56 PM  1000    935114    0.00    0.00    0.00    0.00    0.00    18  run-prometheus.
01:18:56 PM  1000    935116    2.00    0.00    0.00    0.00    2.00    20  otelcol-contrib
01:18:56 PM  1000    935117    0.00    0.00    0.00    0.00    0.00    20  run-tempo.sh
01:18:56 PM  1000    935124    0.00    0.00    0.00    0.00    0.00    16  run-pyroscope.s
01:18:56 PM  1000    935125    1.00    0.00    0.00    0.00    1.00    18  prometheus
01:18:56 PM  1000    935128   31.00    4.00    0.00    0.00   35.00    18  tempo
01:18:56 PM  1000    935129    1.00    0.00    0.00    0.00    1.00    18  loki
01:18:56 PM  1000    935131    0.00    0.00    0.00    0.00    0.00    16  pyroscope

01:18:55 PM   UID       PID   cswch/s nvcswch/s  Command
01:18:56 PM  1000    935106      0.00      0.00  run-grafana.sh
01:18:56 PM  1000    935108      0.00      0.00  run-loki.sh
01:18:56 PM  1000    935110     16.00      0.00  grafana
01:18:56 PM  1000    935111      0.00      0.00  run-otelcol.sh
01:18:56 PM  1000    935114      0.00      0.00  run-prometheus.
01:18:56 PM  1000    935116      0.00      0.00  otelcol-contrib
01:18:56 PM  1000    935117      0.00      0.00  run-tempo.sh
01:18:56 PM  1000    935124      0.00      0.00  run-pyroscope.s
01:18:56 PM  1000    935125      1.00      0.00  prometheus
01:18:56 PM  1000    935128     92.00      8.00  tempo
01:18:56 PM  1000    935129     24.00      0.00  loki
01:18:56 PM  1000    935131      0.00      0.00  pyroscope

01:18:56 PM   UID       PID    %usr %system  %guest   %wait    %CPU   CPU  Command
01:18:57 PM  1000    935106    0.00    0.00    0.00    0.00    0.00    18  run-grafana.sh
01:18:57 PM  1000    935108    0.00    0.00    0.00    0.00    0.00    20  run-loki.sh
01:18:57 PM  1000    935110    0.00    0.00    0.00    0.00    0.00    20  grafana
01:18:57 PM  1000    935111    0.00    0.00    0.00    0.00    0.00    20  run-otelcol.sh
01:18:57 PM  1000    935114    0.00    0.00    0.00    0.00    0.00    18  run-prometheus.
01:18:57 PM  1000    935116    5.00    0.00    0.00    0.00    5.00    20  otelcol-contrib
01:18:57 PM  1000    935117    0.00    0.00    0.00    0.00    0.00    20  run-tempo.sh
01:18:57 PM  1000    935124    0.00    0.00    0.00    0.00    0.00    16  run-pyroscope.s
01:18:57 PM  1000    935125    0.00    0.00    0.00    0.00    0.00    16  prometheus
01:18:57 PM  1000    935128   10.00    2.00    0.00    0.00   12.00    16  tempo
01:18:57 PM  1000    935129    0.00    0.00    0.00    0.00    0.00    18  loki
01:18:57 PM  1000    935131    0.00    0.00    0.00    0.00    0.00    16  pyroscope

01:18:56 PM   UID       PID   cswch/s nvcswch/s  Command
01:18:57 PM  1000    935106      0.00      0.00  run-grafana.sh
01:18:57 PM  1000    935108      0.00      0.00  run-loki.sh
01:18:57 PM  1000    935110     31.00      0.00  grafana
01:18:57 PM  1000    935111      0.00      0.00  run-otelcol.sh
01:18:57 PM  1000    935114      0.00      0.00  run-prometheus.
01:18:57 PM  1000    935116      0.00      0.00  otelcol-contrib
01:18:57 PM  1000    935117      0.00      0.00  run-tempo.sh
01:18:57 PM  1000    935124      0.00      0.00  run-pyroscope.s
01:18:57 PM  1000    935125      2.00      0.00  prometheus
01:18:57 PM  1000    935128     97.00      0.00  tempo
01:18:57 PM  1000    935129     16.00      0.00  loki
01:18:57 PM  1000    935131      0.00      0.00  pyroscope

01:18:57 PM   UID       PID    %usr %system  %guest   %wait    %CPU   CPU  Command
01:18:58 PM  1000    935106    0.00    0.00    0.00    0.00    0.00    18  run-grafana.sh
01:18:58 PM  1000    935108    0.00    0.00    0.00    0.00    0.00    20  run-loki.sh
01:18:58 PM  1000    935110    0.00    0.00    0.00    0.00    0.00    20  grafana
01:18:58 PM  1000    935111    0.00    0.00    0.00    0.00    0.00    20  run-otelcol.sh
01:18:58 PM  1000    935114    0.00    0.00    0.00    0.00    0.00    18  run-prometheus.
01:18:58 PM  1000    935116    3.00    1.00    0.00    0.00    4.00    20  otelcol-contrib
01:18:58 PM  1000    935117    0.00    0.00    0.00    0.00    0.00    20  run-tempo.sh
01:18:58 PM  1000    935124    0.00    0.00    0.00    0.00    0.00    16  run-pyroscope.s
01:18:58 PM  1000    935125    0.00    0.00    0.00    0.00    0.00    18  prometheus
01:18:58 PM  1000    935128   32.00    4.00    0.00    0.00   36.00    20  tempo
01:18:58 PM  1000    935129    0.00    0.00    0.00    0.00    0.00    16  loki
01:18:58 PM  1000    935131    0.00    1.00    0.00    0.00    1.00    16  pyroscope

01:18:57 PM   UID       PID   cswch/s nvcswch/s  Command
01:18:58 PM  1000    935106      0.00      0.00  run-grafana.sh
01:18:58 PM  1000    935108      0.00      0.00  run-loki.sh
01:18:58 PM  1000    935110     17.00      0.00  grafana
01:18:58 PM  1000    935111      0.00      0.00  run-otelcol.sh
01:18:58 PM  1000    935114      0.00      0.00  run-prometheus.
01:18:58 PM  1000    935116      0.00      0.00  otelcol-contrib
01:18:58 PM  1000    935117      0.00      0.00  run-tempo.sh
01:18:58 PM  1000    935124      0.00      0.00  run-pyroscope.s
01:18:58 PM  1000    935125      5.00      0.00  prometheus
01:18:58 PM  1000    935128     84.00     10.00  tempo
01:18:58 PM  1000    935129     46.00      0.00  loki
01:18:58 PM  1000    935131      0.00      0.00  pyroscope

01:18:58 PM   UID       PID    %usr %system  %guest   %wait    %CPU   CPU  Command
01:18:59 PM  1000    935106    0.00    0.00    0.00    0.00    0.00    18  run-grafana.sh
01:18:59 PM  1000    935108    0.00    0.00    0.00    0.00    0.00    20  run-loki.sh
01:18:59 PM  1000    935110    3.00    0.00    0.00    0.00    3.00    16  grafana
01:18:59 PM  1000    935111    0.00    0.00    0.00    0.00    0.00    20  run-otelcol.sh
01:18:59 PM  1000    935114    0.00    0.00    0.00    0.00    0.00    18  run-prometheus.
01:18:59 PM  1000    935116    3.00    0.00    0.00    0.00    3.00    20  otelcol-contrib
01:18:59 PM  1000    935117    0.00    0.00    0.00    0.00    0.00    20  run-tempo.sh
01:18:59 PM  1000    935124    0.00    0.00    0.00    0.00    0.00    16  run-pyroscope.s
01:18:59 PM  1000    935125    0.00    0.00    0.00    0.00    0.00    20  prometheus
01:18:59 PM  1000    935128   11.00    1.00    0.00    0.00   12.00    20  tempo
01:18:59 PM  1000    935129    0.00    1.00    0.00    0.00    1.00    20  loki
01:18:59 PM  1000    935131    0.00    0.00    0.00    0.00    0.00    16  pyroscope

01:18:58 PM   UID       PID   cswch/s nvcswch/s  Command
01:18:59 PM  1000    935106      0.00      0.00  run-grafana.sh
01:18:59 PM  1000    935108      0.00      0.00  run-loki.sh
01:18:59 PM  1000    935110     25.00      1.00  grafana
01:18:59 PM  1000    935111      0.00      0.00  run-otelcol.sh
01:18:59 PM  1000    935114      0.00      0.00  run-prometheus.
01:18:59 PM  1000    935116      0.00      0.00  otelcol-contrib
01:18:59 PM  1000    935117      0.00      0.00  run-tempo.sh
01:18:59 PM  1000    935124      0.00      0.00  run-pyroscope.s
01:18:59 PM  1000    935125      1.00      0.00  prometheus
01:18:59 PM  1000    935128     85.00      2.00  tempo
01:18:59 PM  1000    935129      5.00      0.00  loki
01:18:59 PM  1000    935131      0.00      0.00  pyroscope

01:18:59 PM   UID       PID    %usr %system  %guest   %wait    %CPU   CPU  Command
01:19:00 PM  1000    935106    0.00    0.00    0.00    0.00    0.00    18  run-grafana.sh
01:19:00 PM  1000    935108    0.00    0.00    0.00    0.00    0.00    20  run-loki.sh
01:19:00 PM  1000    935110    0.00    1.00    0.00    0.00    1.00    16  grafana
01:19:00 PM  1000    935111    0.00    0.00    0.00    0.00    0.00    20  run-otelcol.sh
01:19:00 PM  1000    935114    0.00    0.00    0.00    0.00    0.00    18  run-prometheus.
01:19:00 PM  1000    935116    3.00    0.00    0.00    0.00    3.00    20  otelcol-contrib
01:19:00 PM  1000    935117    0.00    0.00    0.00    0.00    0.00    20  run-tempo.sh
01:19:00 PM  1000    935124    0.00    0.00    0.00    0.00    0.00    16  run-pyroscope.s
01:19:00 PM  1000    935125    0.00    0.00    0.00    0.00    0.00    20  prometheus
01:19:00 PM  1000    935128   51.00    3.00    0.00    0.00   54.00    16  tempo
01:19:00 PM  1000    935129    0.00    0.00    0.00    0.00    0.00    16  loki
01:19:00 PM  1000    935131    0.00    0.00    0.00    0.00    0.00    16  pyroscope

01:18:59 PM   UID       PID   cswch/s nvcswch/s  Command
01:19:00 PM  1000    935106      0.00      0.00  run-grafana.sh
01:19:00 PM  1000    935108      0.00      0.00  run-loki.sh
01:19:00 PM  1000    935110     34.00      0.00  grafana
01:19:00 PM  1000    935111      0.00      0.00  run-otelcol.sh
01:19:00 PM  1000    935114      0.00      0.00  run-prometheus.
01:19:00 PM  1000    935116      0.00      0.00  otelcol-contrib
01:19:00 PM  1000    935117      0.00      0.00  run-tempo.sh
01:19:00 PM  1000    935124      0.00      0.00  run-pyroscope.s
01:19:00 PM  1000    935125      0.00      0.00  prometheus
01:19:00 PM  1000    935128    105.00     13.00  tempo
01:19:00 PM  1000    935129     35.00      0.00  loki
01:19:00 PM  1000    935131      0.00      0.00  pyroscope

01:19:00 PM   UID       PID    %usr %system  %guest   %wait    %CPU   CPU  Command
01:19:01 PM  1000    935106    0.00    0.00    0.00    0.00    0.00    18  run-grafana.sh
01:19:01 PM  1000    935108    0.00    0.00    0.00    0.00    0.00    20  run-loki.sh
01:19:01 PM  1000    935110    0.00    0.00    0.00    0.00    0.00    18  grafana
01:19:01 PM  1000    935111    0.00    0.00    0.00    0.00    0.00    20  run-otelcol.sh
01:19:01 PM  1000    935114    0.00    0.00    0.00    0.00    0.00    18  run-prometheus.
01:19:01 PM  1000    935116    4.00    0.00    0.00    0.00    4.00    20  otelcol-contrib
01:19:01 PM  1000    935117    0.00    0.00    0.00    0.00    0.00    20  run-tempo.sh
01:19:01 PM  1000    935124    0.00    0.00    0.00    0.00    0.00    16  run-pyroscope.s
01:19:01 PM  1000    935125    1.00    0.00    0.00    0.00    1.00    20  prometheus
01:19:01 PM  1000    935128   53.00    2.00    0.00    0.00   55.00    16  tempo
01:19:01 PM  1000    935129    0.00    0.00    0.00    0.00    0.00    18  loki
01:19:01 PM  1000    935131    1.00    0.00    0.00    0.00    1.00    16  pyroscope

01:19:00 PM   UID       PID   cswch/s nvcswch/s  Command
01:19:01 PM  1000    935106      0.00      0.00  run-grafana.sh
01:19:01 PM  1000    935108      0.00      0.00  run-loki.sh
01:19:01 PM  1000    935110     20.00      0.00  grafana
01:19:01 PM  1000    935111      0.00      0.00  run-otelcol.sh
01:19:01 PM  1000    935114      0.00      0.00  run-prometheus.
01:19:01 PM  1000    935116      0.00      0.00  otelcol-contrib
01:19:01 PM  1000    935117      0.00      0.00  run-tempo.sh
01:19:01 PM  1000    935124      0.00      0.00  run-pyroscope.s
01:19:01 PM  1000    935125      0.00      0.00  prometheus
01:19:01 PM  1000    935128     98.00      5.00  tempo
01:19:01 PM  1000    935129     38.00      0.00  loki
01:19:01 PM  1000    935131      0.00      0.00  pyroscope

01:19:01 PM   UID       PID    %usr %system  %guest   %wait    %CPU   CPU  Command
01:19:02 PM  1000    935106    0.00    0.00    0.00    0.00    0.00    18  run-grafana.sh
01:19:02 PM  1000    935108    0.00    0.00    0.00    0.00    0.00    20  run-loki.sh
01:19:02 PM  1000    935110    0.00    0.00    0.00    0.00    0.00    20  grafana
01:19:02 PM  1000    935111    0.00    0.00    0.00    0.00    0.00    20  run-otelcol.sh
01:19:02 PM  1000    935114    0.00    0.00    0.00    0.00    0.00    18  run-prometheus.
01:19:02 PM  1000    935116    5.00    1.00    0.00    0.00    6.00    20  otelcol-contrib
01:19:02 PM  1000    935117    0.00    0.00    0.00    0.00    0.00    20  run-tempo.sh
01:19:02 PM  1000    935124    0.00    0.00    0.00    0.00    0.00    16  run-pyroscope.s
01:19:02 PM  1000    935125    0.00    0.00    0.00    0.00    0.00    18  prometheus
01:19:02 PM  1000    935128   28.00    1.00    0.00    1.00   29.00    16  tempo
01:19:02 PM  1000    935129    1.00    0.00    0.00    0.00    1.00    18  loki
01:19:02 PM  1000    935131    0.00    0.00    0.00    0.00    0.00    16  pyroscope

01:19:01 PM   UID       PID   cswch/s nvcswch/s  Command
01:19:02 PM  1000    935106      0.00      0.00  run-grafana.sh
01:19:02 PM  1000    935108      0.00      0.00  run-loki.sh
01:19:02 PM  1000    935110     28.00      0.00  grafana
01:19:02 PM  1000    935111      0.00      0.00  run-otelcol.sh
01:19:02 PM  1000    935114      0.00      0.00  run-prometheus.
01:19:02 PM  1000    935116      0.00      0.00  otelcol-contrib
01:19:02 PM  1000    935117      0.00      0.00  run-tempo.sh
01:19:02 PM  1000    935124      0.00      0.00  run-pyroscope.s
01:19:02 PM  1000    935125      2.00      0.00  prometheus
01:19:02 PM  1000    935128     96.00     11.00  tempo
01:19:02 PM  1000    935129     23.00      0.00  loki
01:19:02 PM  1000    935131      0.00      0.00  pyroscope

01:19:02 PM   UID       PID    %usr %system  %guest   %wait    %CPU   CPU  Command
01:19:03 PM  1000    935106    0.00    0.00    0.00    0.00    0.00    18  run-grafana.sh
01:19:03 PM  1000    935108    0.00    0.00    0.00    0.00    0.00    20  run-loki.sh
01:19:03 PM  1000    935110    0.00    0.00    0.00    0.00    0.00    20  grafana
01:19:03 PM  1000    935111    0.00    0.00    0.00    0.00    0.00    20  run-otelcol.sh
01:19:03 PM  1000    935114    0.00    0.00    0.00    0.00    0.00    18  run-prometheus.
01:19:03 PM  1000    935116    3.00    0.00    0.00    0.00    3.00    20  otelcol-contrib
01:19:03 PM  1000    935117    0.00    0.00    0.00    0.00    0.00    20  run-tempo.sh
01:19:03 PM  1000    935124    0.00    0.00    0.00    0.00    0.00    16  run-pyroscope.s
01:19:03 PM  1000    935125    0.00    0.00    0.00    0.00    0.00    16  prometheus
01:19:03 PM  1000    935128   46.00    2.00    0.00    1.00   48.00    18  tempo
01:19:03 PM  1000    935129    0.00    0.00    0.00    0.00    0.00    20  loki
01:19:03 PM  1000    935131    0.00    0.00    0.00    0.00    0.00    16  pyroscope

01:19:02 PM   UID       PID   cswch/s nvcswch/s  Command
01:19:03 PM  1000    935106      0.00      0.00  run-grafana.sh
01:19:03 PM  1000    935108      0.00      0.00  run-loki.sh
01:19:03 PM  1000    935110     20.00      0.00  grafana
01:19:03 PM  1000    935111      0.00      0.00  run-otelcol.sh
01:19:03 PM  1000    935114      0.00      0.00  run-prometheus.
01:19:03 PM  1000    935116      0.00      0.00  otelcol-contrib
01:19:03 PM  1000    935117      0.00      0.00  run-tempo.sh
01:19:03 PM  1000    935124      0.00      0.00  run-pyroscope.s
01:19:03 PM  1000    935125      9.00      0.00  prometheus
01:19:03 PM  1000    935128     90.00     22.00  tempo
01:19:03 PM  1000    935129     44.00      0.00  loki
01:19:03 PM  1000    935131      0.00      0.00  pyroscope

01:19:03 PM   UID       PID    %usr %system  %guest   %wait    %CPU   CPU  Command
01:19:04 PM  1000    935106    0.00    0.00    0.00    0.00    0.00    18  run-grafana.sh
01:19:04 PM  1000    935108    0.00    0.00    0.00    0.00    0.00    20  run-loki.sh
01:19:04 PM  1000    935110    0.00    0.00    0.00    0.00    0.00    16  grafana
01:19:04 PM  1000    935111    0.00    0.00    0.00    0.00    0.00    20  run-otelcol.sh
01:19:04 PM  1000    935114    0.00    0.00    0.00    0.00    0.00    18  run-prometheus.
01:19:04 PM  1000    935116    3.00    0.00    0.00    0.00    3.00    20  otelcol-contrib
01:19:04 PM  1000    935117    0.00    0.00    0.00    0.00    0.00    20  run-tempo.sh
01:19:04 PM  1000    935124    0.00    0.00    0.00    0.00    0.00    16  run-pyroscope.s
01:19:04 PM  1000    935125    0.00    0.00    0.00    0.00    0.00    16  prometheus
01:19:04 PM  1000    935128   10.00    1.00    0.00    0.00   11.00    18  tempo
01:19:04 PM  1000    935129    0.00    0.00    0.00    0.00    0.00    18  loki
01:19:04 PM  1000    935131    0.00    0.00    0.00    0.00    0.00    16  pyroscope

01:19:03 PM   UID       PID   cswch/s nvcswch/s  Command
01:19:04 PM  1000    935106      0.00      0.00  run-grafana.sh
01:19:04 PM  1000    935108      0.00      0.00  run-loki.sh
01:19:04 PM  1000    935110     14.00      0.00  grafana
01:19:04 PM  1000    935111      0.00      0.00  run-otelcol.sh
01:19:04 PM  1000    935114      0.00      0.00  run-prometheus.
01:19:04 PM  1000    935116      0.00      0.00  otelcol-contrib
01:19:04 PM  1000    935117      0.00      0.00  run-tempo.sh
01:19:04 PM  1000    935124      0.00      0.00  run-pyroscope.s
01:19:04 PM  1000    935125      1.00      0.00  prometheus
01:19:04 PM  1000    935128     99.00      0.00  tempo
01:19:04 PM  1000    935129     57.00      0.00  loki
01:19:04 PM  1000    935131      0.00      0.00  pyroscope

01:19:04 PM   UID       PID    %usr %system  %guest   %wait    %CPU   CPU  Command
01:19:05 PM  1000    935106    0.00    0.00    0.00    0.00    0.00    18  run-grafana.sh
01:19:05 PM  1000    935108    0.00    0.00    0.00    0.00    0.00    20  run-loki.sh
01:19:05 PM  1000    935110    0.00    0.00    0.00    0.00    0.00    18  grafana
01:19:05 PM  1000    935111    0.00    0.00    0.00    0.00    0.00    20  run-otelcol.sh
01:19:05 PM  1000    935114    0.00    0.00    0.00    0.00    0.00    18  run-prometheus.
01:19:05 PM  1000    935116    3.00    0.00    0.00    0.00    3.00    20  otelcol-contrib
01:19:05 PM  1000    935117    0.00    0.00    0.00    0.00    0.00    20  run-tempo.sh
01:19:05 PM  1000    935124    0.00    0.00    0.00    0.00    0.00    16  run-pyroscope.s
01:19:05 PM  1000    935125    0.00    0.00    0.00    0.00    0.00    20  prometheus
01:19:05 PM  1000    935128   11.00    1.00    0.00    0.00   12.00    18  tempo
01:19:05 PM  1000    935129    0.00    1.00    0.00    0.00    1.00    16  loki
01:19:05 PM  1000    935131    0.00    0.00    0.00    0.00    0.00    16  pyroscope

01:19:04 PM   UID       PID   cswch/s nvcswch/s  Command
01:19:05 PM  1000    935106      0.00      0.00  run-grafana.sh
01:19:05 PM  1000    935108      0.00      0.00  run-loki.sh
01:19:05 PM  1000    935110     15.00      0.00  grafana
01:19:05 PM  1000    935111      0.00      0.00  run-otelcol.sh
01:19:05 PM  1000    935114      0.00      0.00  run-prometheus.
01:19:05 PM  1000    935116      0.00      0.00  otelcol-contrib
01:19:05 PM  1000    935117      0.00      0.00  run-tempo.sh
01:19:05 PM  1000    935124      0.00      0.00  run-pyroscope.s
01:19:05 PM  1000    935125      3.00      0.00  prometheus
01:19:05 PM  1000    935128     78.00      0.00  tempo
01:19:05 PM  1000    935129     43.00      0.00  loki
01:19:05 PM  1000    935131      0.00      0.00  pyroscope

01:19:05 PM   UID       PID    %usr %system  %guest   %wait    %CPU   CPU  Command
01:19:06 PM  1000    935106    0.00    0.00    0.00    0.00    0.00    18  run-grafana.sh
01:19:06 PM  1000    935108    0.00    0.00    0.00    0.00    0.00    20  run-loki.sh
01:19:06 PM  1000    935110    0.00    0.00    0.00    0.00    0.00    16  grafana
01:19:06 PM  1000    935111    0.00    0.00    0.00    0.00    0.00    20  run-otelcol.sh
01:19:06 PM  1000    935114    0.00    0.00    0.00    0.00    0.00    18  run-prometheus.
01:19:06 PM  1000    935116    3.00    0.00    0.00    0.00    3.00    20  otelcol-contrib
01:19:06 PM  1000    935117    0.00    0.00    0.00    0.00    0.00    20  run-tempo.sh
01:19:06 PM  1000    935124    0.00    0.00    0.00    0.00    0.00    16  run-pyroscope.s
01:19:06 PM  1000    935125    0.00    0.00    0.00    0.00    0.00    20  prometheus
01:19:06 PM  1000    935128   49.00    5.00    0.00    0.00   54.00    18  tempo
01:19:06 PM  1000    935129    1.00    0.00    0.00    0.00    1.00    20  loki
01:19:06 PM  1000    935131    1.00    0.00    0.00    0.00    1.00    16  pyroscope

01:19:05 PM   UID       PID   cswch/s nvcswch/s  Command
01:19:06 PM  1000    935106      0.00      0.00  run-grafana.sh
01:19:06 PM  1000    935108      0.00      0.00  run-loki.sh
01:19:06 PM  1000    935110     23.00      0.00  grafana
01:19:06 PM  1000    935111      0.00      0.00  run-otelcol.sh
01:19:06 PM  1000    935114      0.00      0.00  run-prometheus.
01:19:06 PM  1000    935116      0.00      0.00  otelcol-contrib
01:19:06 PM  1000    935117      0.00      0.00  run-tempo.sh
01:19:06 PM  1000    935124      0.00      0.00  run-pyroscope.s
01:19:06 PM  1000    935125      4.00      0.00  prometheus
01:19:06 PM  1000    935128     81.00     13.00  tempo
01:19:06 PM  1000    935129     26.00      0.00  loki
01:19:06 PM  1000    935131      0.00      0.00  pyroscope

01:19:06 PM   UID       PID    %usr %system  %guest   %wait    %CPU   CPU  Command
01:19:07 PM  1000    935106    0.00    0.00    0.00    0.00    0.00    18  run-grafana.sh
01:19:07 PM  1000    935108    0.00    0.00    0.00    0.00    0.00    20  run-loki.sh
01:19:07 PM  1000    935110    0.00    0.00    0.00    0.00    0.00    16  grafana
01:19:07 PM  1000    935111    0.00    0.00    0.00    0.00    0.00    20  run-otelcol.sh
01:19:07 PM  1000    935114    0.00    0.00    0.00    0.00    0.00    18  run-prometheus.
01:19:07 PM  1000    935116    5.00    0.00    0.00    0.00    5.00    20  otelcol-contrib
01:19:07 PM  1000    935117    0.00    0.00    0.00    0.00    0.00    20  run-tempo.sh
01:19:07 PM  1000    935124    0.00    0.00    0.00    0.00    0.00    16  run-pyroscope.s
01:19:07 PM  1000    935125    0.00    0.00    0.00    0.00    0.00    16  prometheus
01:19:07 PM  1000    935128   11.00    1.00    0.00    0.00   12.00    20  tempo
01:19:07 PM  1000    935129    0.00    0.00    0.00    0.00    0.00    20  loki
01:19:07 PM  1000    935131    0.00    0.00    0.00    0.00    0.00    16  pyroscope

01:19:06 PM   UID       PID   cswch/s nvcswch/s  Command
01:19:07 PM  1000    935106      0.00      0.00  run-grafana.sh
01:19:07 PM  1000    935108      0.00      0.00  run-loki.sh
01:19:07 PM  1000    935110     23.00      0.00  grafana
01:19:07 PM  1000    935111      0.00      0.00  run-otelcol.sh
01:19:07 PM  1000    935114      0.00      0.00  run-prometheus.
01:19:07 PM  1000    935116      0.00      0.00  otelcol-contrib
01:19:07 PM  1000    935117      0.00      0.00  run-tempo.sh
01:19:07 PM  1000    935124      0.00      0.00  run-pyroscope.s
01:19:07 PM  1000    935125      2.00      0.00  prometheus
01:19:07 PM  1000    935128     72.00      0.00  tempo
01:19:07 PM  1000    935129     20.00      0.00  loki
01:19:07 PM  1000    935131      0.00      0.00  pyroscope

01:19:07 PM   UID       PID    %usr %system  %guest   %wait    %CPU   CPU  Command
01:19:08 PM  1000    935106    0.00    0.00    0.00    0.00    0.00    18  run-grafana.sh
01:19:08 PM  1000    935108    0.00    0.00    0.00    0.00    0.00    20  run-loki.sh
01:19:08 PM  1000    935110    1.00    0.00    0.00    0.00    1.00    16  grafana
01:19:08 PM  1000    935111    0.00    0.00    0.00    0.00    0.00    20  run-otelcol.sh
01:19:08 PM  1000    935114    0.00    0.00    0.00    0.00    0.00    18  run-prometheus.
01:19:08 PM  1000    935116    3.00    0.00    0.00    0.00    3.00    20  otelcol-contrib
01:19:08 PM  1000    935117    0.00    0.00    0.00    0.00    0.00    20  run-tempo.sh
01:19:08 PM  1000    935124    0.00    0.00    0.00    0.00    0.00    16  run-pyroscope.s
01:19:08 PM  1000    935125    0.00    0.00    0.00    0.00    0.00    20  prometheus
01:19:08 PM  1000    935128   26.00    1.00    0.00    0.00   27.00    16  tempo
01:19:08 PM  1000    935129    0.00    0.00    0.00    0.00    0.00    16  loki
01:19:08 PM  1000    935131    0.00    0.00    0.00    0.00    0.00    16  pyroscope

01:19:07 PM   UID       PID   cswch/s nvcswch/s  Command
01:19:08 PM  1000    935106      0.00      0.00  run-grafana.sh
01:19:08 PM  1000    935108      0.00      0.00  run-loki.sh
01:19:08 PM  1000    935110     10.00      0.00  grafana
01:19:08 PM  1000    935111      0.00      0.00  run-otelcol.sh
01:19:08 PM  1000    935114      0.00      0.00  run-prometheus.
01:19:08 PM  1000    935116      0.00      0.00  otelcol-contrib
01:19:08 PM  1000    935117      0.00      0.00  run-tempo.sh
01:19:08 PM  1000    935124      0.00      0.00  run-pyroscope.s
01:19:08 PM  1000    935125      6.00      0.00  prometheus
01:19:08 PM  1000    935128     92.00      1.00  tempo
01:19:08 PM  1000    935129     25.00      0.00  loki
01:19:08 PM  1000    935131      0.00      0.00  pyroscope

01:19:08 PM   UID       PID    %usr %system  %guest   %wait    %CPU   CPU  Command
01:19:09 PM  1000    935106    0.00    0.00    0.00    0.00    0.00    18  run-grafana.sh
01:19:09 PM  1000    935108    0.00    0.00    0.00    0.00    0.00    20  run-loki.sh
01:19:09 PM  1000    935110    2.00    0.00    0.00    0.00    2.00    16  grafana
01:19:09 PM  1000    935111    0.00    0.00    0.00    0.00    0.00    20  run-otelcol.sh
01:19:09 PM  1000    935114    0.00    0.00    0.00    0.00    0.00    18  run-prometheus.
01:19:09 PM  1000    935116    3.00    0.00    0.00    0.00    3.00    20  otelcol-contrib
01:19:09 PM  1000    935117    0.00    0.00    0.00    0.00    0.00    20  run-tempo.sh
01:19:09 PM  1000    935124    0.00    0.00    0.00    0.00    0.00    16  run-pyroscope.s
01:19:09 PM  1000    935125    0.00    0.00    0.00    0.00    0.00    20  prometheus
01:19:09 PM  1000    935128   12.00    1.00    0.00    0.00   13.00    20  tempo
01:19:09 PM  1000    935129    1.00    0.00    0.00    0.00    1.00    16  loki
01:19:09 PM  1000    935131    2.00    0.00    0.00    0.00    2.00    16  pyroscope

01:19:08 PM   UID       PID   cswch/s nvcswch/s  Command
01:19:09 PM  1000    935106      0.00      0.00  run-grafana.sh
01:19:09 PM  1000    935108      0.00      0.00  run-loki.sh
01:19:09 PM  1000    935110     18.00      0.00  grafana
01:19:09 PM  1000    935111      0.00      0.00  run-otelcol.sh
01:19:09 PM  1000    935114      0.00      0.00  run-prometheus.
01:19:09 PM  1000    935116      0.00      0.00  otelcol-contrib
01:19:09 PM  1000    935117      0.00      0.00  run-tempo.sh
01:19:09 PM  1000    935124      0.00      0.00  run-pyroscope.s
01:19:09 PM  1000    935125      2.00      0.00  prometheus
01:19:09 PM  1000    935128    123.00      5.00  tempo
01:19:09 PM  1000    935129     42.00      0.00  loki
01:19:09 PM  1000    935131      0.00      0.00  pyroscope

01:19:09 PM   UID       PID    %usr %system  %guest   %wait    %CPU   CPU  Command
01:19:10 PM  1000    935106    0.00    0.00    0.00    0.00    0.00    18  run-grafana.sh
01:19:10 PM  1000    935108    0.00    0.00    0.00    0.00    0.00    20  run-loki.sh
01:19:10 PM  1000    935110    0.00    0.00    0.00    0.00    0.00    16  grafana
01:19:10 PM  1000    935111    0.00    0.00    0.00    0.00    0.00    20  run-otelcol.sh
01:19:10 PM  1000    935114    0.00    0.00    0.00    0.00    0.00    18  run-prometheus.
01:19:10 PM  1000    935116    3.00    1.00    0.00    0.00    4.00    20  otelcol-contrib
01:19:10 PM  1000    935117    0.00    0.00    0.00    0.00    0.00    20  run-tempo.sh
01:19:10 PM  1000    935124    0.00    0.00    0.00    0.00    0.00    16  run-pyroscope.s
01:19:10 PM  1000    935125    0.00    0.00    0.00    0.00    0.00    20  prometheus
01:19:10 PM  1000    935128   28.00    1.00    0.00    0.00   29.00    18  tempo
01:19:10 PM  1000    935129    0.00    0.00    0.00    0.00    0.00    18  loki
01:19:10 PM  1000    935131    0.00    0.00    0.00    0.00    0.00    16  pyroscope

01:19:09 PM   UID       PID   cswch/s nvcswch/s  Command
01:19:10 PM  1000    935106      0.00      0.00  run-grafana.sh
01:19:10 PM  1000    935108      0.00      0.00  run-loki.sh
01:19:10 PM  1000    935110     11.00      0.00  grafana
01:19:10 PM  1000    935111      0.00      0.00  run-otelcol.sh
01:19:10 PM  1000    935114      0.00      0.00  run-prometheus.
01:19:10 PM  1000    935116      0.00      0.00  otelcol-contrib
01:19:10 PM  1000    935117      0.00      0.00  run-tempo.sh
01:19:10 PM  1000    935124      0.00      0.00  run-pyroscope.s
01:19:10 PM  1000    935125      1.00      0.00  prometheus
01:19:10 PM  1000    935128     81.00     15.00  tempo
01:19:10 PM  1000    935129     44.00      0.00  loki
01:19:10 PM  1000    935131      0.00      0.00  pyroscope

01:19:10 PM   UID       PID    %usr %system  %guest   %wait    %CPU   CPU  Command
01:19:11 PM  1000    935106    0.00    0.00    0.00    0.00    0.00    18  run-grafana.sh
01:19:11 PM  1000    935108    0.00    0.00    0.00    0.00    0.00    20  run-loki.sh
01:19:11 PM  1000    935110    0.00    0.00    0.00    0.00    0.00    20  grafana
01:19:11 PM  1000    935111    0.00    0.00    0.00    0.00    0.00    20  run-otelcol.sh
01:19:11 PM  1000    935114    0.00    0.00    0.00    0.00    0.00    18  run-prometheus.
01:19:11 PM  1000    935116    3.00    0.00    0.00    0.00    3.00    20  otelcol-contrib
01:19:11 PM  1000    935117    0.00    0.00    0.00    0.00    0.00    20  run-tempo.sh
01:19:11 PM  1000    935124    0.00    0.00    0.00    0.00    0.00    16  run-pyroscope.s
01:19:11 PM  1000    935125    1.00    0.00    0.00    1.00    1.00    16  prometheus
01:19:11 PM  1000    935128   85.00    8.00    0.00    1.00   93.00    20  tempo
01:19:11 PM  1000    935129    0.00    0.00    0.00    0.00    0.00    20  loki
01:19:11 PM  1000    935131    1.00    0.00    0.00    0.00    1.00    16  pyroscope

01:19:10 PM   UID       PID   cswch/s nvcswch/s  Command
01:19:11 PM  1000    935106      0.00      0.00  run-grafana.sh
01:19:11 PM  1000    935108      0.00      0.00  run-loki.sh
01:19:11 PM  1000    935110     14.00      0.00  grafana
01:19:11 PM  1000    935111      0.00      0.00  run-otelcol.sh
01:19:11 PM  1000    935114      0.00      0.00  run-prometheus.
01:19:11 PM  1000    935116      0.00      0.00  otelcol-contrib
01:19:11 PM  1000    935117      0.00      0.00  run-tempo.sh
01:19:11 PM  1000    935124      0.00      0.00  run-pyroscope.s
01:19:11 PM  1000    935125      3.00      0.00  prometheus
01:19:11 PM  1000    935128     76.00     39.00  tempo
01:19:11 PM  1000    935129     35.00      0.00  loki
01:19:11 PM  1000    935131      0.00      0.00  pyroscope

01:19:11 PM   UID       PID    %usr %system  %guest   %wait    %CPU   CPU  Command
01:19:12 PM  1000    935106    0.00    0.00    0.00    0.00    0.00    18  run-grafana.sh
01:19:12 PM  1000    935108    0.00    0.00    0.00    0.00    0.00    20  run-loki.sh
01:19:12 PM  1000    935110    0.00    0.00    0.00    0.00    0.00    20  grafana
01:19:12 PM  1000    935111    0.00    0.00    0.00    0.00    0.00    20  run-otelcol.sh
01:19:12 PM  1000    935114    0.00    0.00    0.00    0.00    0.00    18  run-prometheus.
01:19:12 PM  1000    935116    5.00    0.00    0.00    0.00    5.00    20  otelcol-contrib
01:19:12 PM  1000    935117    0.00    0.00    0.00    0.00    0.00    20  run-tempo.sh
01:19:12 PM  1000    935124    0.00    0.00    0.00    0.00    0.00    16  run-pyroscope.s
01:19:12 PM  1000    935125    0.00    0.00    0.00    0.00    0.00    18  prometheus
01:19:12 PM  1000    935128   27.00    2.00    0.00    0.00   29.00    20  tempo
01:19:12 PM  1000    935129    0.00    0.00    0.00    0.00    0.00    18  loki
01:19:12 PM  1000    935131    0.00    0.00    0.00    0.00    0.00    16  pyroscope

01:19:11 PM   UID       PID   cswch/s nvcswch/s  Command
01:19:12 PM  1000    935106      0.00      0.00  run-grafana.sh
01:19:12 PM  1000    935108      0.00      0.00  run-loki.sh
01:19:12 PM  1000    935110     27.00      0.00  grafana
01:19:12 PM  1000    935111      0.00      0.00  run-otelcol.sh
01:19:12 PM  1000    935114      0.00      0.00  run-prometheus.
01:19:12 PM  1000    935116      0.00      0.00  otelcol-contrib
01:19:12 PM  1000    935117      0.00      0.00  run-tempo.sh
01:19:12 PM  1000    935124      0.00      0.00  run-pyroscope.s
01:19:12 PM  1000    935125      1.00      0.00  prometheus
01:19:12 PM  1000    935128     82.00      8.00  tempo
01:19:12 PM  1000    935129     36.00      0.00  loki
01:19:12 PM  1000    935131      0.00      0.00  pyroscope

01:19:12 PM   UID       PID    %usr %system  %guest   %wait    %CPU   CPU  Command
01:19:13 PM  1000    935106    0.00    0.00    0.00    0.00    0.00    18  run-grafana.sh
01:19:13 PM  1000    935108    0.00    0.00    0.00    0.00    0.00    20  run-loki.sh
01:19:13 PM  1000    935110    0.00    0.00    0.00    0.00    0.00    20  grafana
01:19:13 PM  1000    935111    0.00    0.00    0.00    0.00    0.00    20  run-otelcol.sh
01:19:13 PM  1000    935114    0.00    0.00    0.00    0.00    0.00    18  run-prometheus.
01:19:13 PM  1000    935116    3.00    1.00    0.00    0.00    4.00    20  otelcol-contrib
01:19:13 PM  1000    935117    0.00    0.00    0.00    0.00    0.00    20  run-tempo.sh
01:19:13 PM  1000    935124    0.00    0.00    0.00    0.00    0.00    16  run-pyroscope.s
01:19:13 PM  1000    935125    0.00    0.00    0.00    0.00    0.00    16  prometheus
01:19:13 PM  1000    935128   26.00    3.00    0.00    0.00   29.00    18  tempo
01:19:13 PM  1000    935129    1.00    0.00    0.00    0.00    1.00    20  loki
01:19:13 PM  1000    935131    0.00    1.00    0.00    0.00    1.00    16  pyroscope

01:19:12 PM   UID       PID   cswch/s nvcswch/s  Command
01:19:13 PM  1000    935106      0.00      0.00  run-grafana.sh
01:19:13 PM  1000    935108      0.00      0.00  run-loki.sh
01:19:13 PM  1000    935110     22.00      0.00  grafana
01:19:13 PM  1000    935111      0.00      0.00  run-otelcol.sh
01:19:13 PM  1000    935114      0.00      0.00  run-prometheus.
01:19:13 PM  1000    935116      0.00      0.00  otelcol-contrib
01:19:13 PM  1000    935117      0.00      0.00  run-tempo.sh
01:19:13 PM  1000    935124      0.00      0.00  run-pyroscope.s
01:19:13 PM  1000    935125      9.00      0.00  prometheus
01:19:13 PM  1000    935128    100.00      6.00  tempo
01:19:13 PM  1000    935129     35.00      0.00  loki
01:19:13 PM  1000    935131      0.00      0.00  pyroscope

01:19:13 PM   UID       PID    %usr %system  %guest   %wait    %CPU   CPU  Command
01:19:14 PM  1000    935106    0.00    0.00    0.00    0.00    0.00    18  run-grafana.sh
01:19:14 PM  1000    935108    0.00    0.00    0.00    0.00    0.00    20  run-loki.sh
01:19:14 PM  1000    935110    0.00    0.00    0.00    0.00    0.00    20  grafana
01:19:14 PM  1000    935111    0.00    0.00    0.00    0.00    0.00    20  run-otelcol.sh
01:19:14 PM  1000    935114    0.00    0.00    0.00    0.00    0.00    18  run-prometheus.
01:19:14 PM  1000    935116    3.00    0.00    0.00    0.00    3.00    20  otelcol-contrib
01:19:14 PM  1000    935117    0.00    0.00    0.00    0.00    0.00    20  run-tempo.sh
01:19:14 PM  1000    935124    0.00    0.00    0.00    0.00    0.00    16  run-pyroscope.s
01:19:14 PM  1000    935125    0.00    0.00    0.00    0.00    0.00    16  prometheus
01:19:14 PM  1000    935128   30.00    5.00    0.00    1.00   35.00    20  tempo
01:19:14 PM  1000    935129    0.00    0.00    0.00    0.00    0.00    20  loki
01:19:14 PM  1000    935131    0.00    0.00    0.00    0.00    0.00    16  pyroscope

01:19:13 PM   UID       PID   cswch/s nvcswch/s  Command
01:19:14 PM  1000    935106      0.00      0.00  run-grafana.sh
01:19:14 PM  1000    935108      0.00      0.00  run-loki.sh
01:19:14 PM  1000    935110     14.00      0.00  grafana
01:19:14 PM  1000    935111      0.00      0.00  run-otelcol.sh
01:19:14 PM  1000    935114      0.00      0.00  run-prometheus.
01:19:14 PM  1000    935116      0.00      0.00  otelcol-contrib
01:19:14 PM  1000    935117      0.00      0.00  run-tempo.sh
01:19:14 PM  1000    935124      0.00      0.00  run-pyroscope.s
01:19:14 PM  1000    935125      1.00      0.00  prometheus
01:19:14 PM  1000    935128     94.00     10.00  tempo
01:19:14 PM  1000    935129      3.00      0.00  loki
01:19:14 PM  1000    935131      0.00      0.00  pyroscope

01:19:14 PM   UID       PID    %usr %system  %guest   %wait    %CPU   CPU  Command
01:19:15 PM  1000    935106    0.00    0.00    0.00    0.00    0.00    18  run-grafana.sh
01:19:15 PM  1000    935108    0.00    0.00    0.00    0.00    0.00    20  run-loki.sh
01:19:15 PM  1000    935110    0.00    0.00    0.00    0.00    0.00    20  grafana
01:19:15 PM  1000    935111    0.00    0.00    0.00    0.00    0.00    20  run-otelcol.sh
01:19:15 PM  1000    935114    0.00    0.00    0.00    0.00    0.00    18  run-prometheus.
01:19:15 PM  1000    935116    2.00    0.00    0.00    0.00    2.00    20  otelcol-contrib
01:19:15 PM  1000    935117    0.00    0.00    0.00    0.00    0.00    20  run-tempo.sh
01:19:15 PM  1000    935124    0.00    0.00    0.00    0.00    0.00    16  run-pyroscope.s
01:19:15 PM  1000    935125    0.00    0.00    0.00    0.00    0.00    16  prometheus
01:19:15 PM  1000    935128   23.00    2.00    0.00    1.00   25.00    16  tempo
01:19:15 PM  1000    935129    0.00    0.00    0.00    0.00    0.00    20  loki
01:19:15 PM  1000    935131    0.00    0.00    0.00    0.00    0.00    16  pyroscope

01:19:14 PM   UID       PID   cswch/s nvcswch/s  Command
01:19:15 PM  1000    935106      0.00      0.00  run-grafana.sh
01:19:15 PM  1000    935108      0.00      0.00  run-loki.sh
01:19:15 PM  1000    935110     15.00      0.00  grafana
01:19:15 PM  1000    935111      0.00      0.00  run-otelcol.sh
01:19:15 PM  1000    935114      0.00      0.00  run-prometheus.
01:19:15 PM  1000    935116      0.00      0.00  otelcol-contrib
01:19:15 PM  1000    935117      0.00      0.00  run-tempo.sh
01:19:15 PM  1000    935124      0.00      0.00  run-pyroscope.s
01:19:15 PM  1000    935125      0.00      0.00  prometheus
01:19:15 PM  1000    935128     96.00     17.00  tempo
01:19:15 PM  1000    935129     48.00      0.00  loki
01:19:15 PM  1000    935131      0.00      0.00  pyroscope

01:19:15 PM   UID       PID    %usr %system  %guest   %wait    %CPU   CPU  Command
01:19:16 PM  1000    935106    0.00    0.00    0.00    0.00    0.00    18  run-grafana.sh
01:19:16 PM  1000    935108    0.00    0.00    0.00    0.00    0.00    20  run-loki.sh
01:19:16 PM  1000    935110    0.00    0.00    0.00    0.00    0.00    16  grafana
01:19:16 PM  1000    935111    0.00    0.00    0.00    0.00    0.00    20  run-otelcol.sh
01:19:16 PM  1000    935114    0.00    0.00    0.00    0.00    0.00    18  run-prometheus.
01:19:16 PM  1000    935116    4.00    0.00    0.00    0.00    4.00    20  otelcol-contrib
01:19:16 PM  1000    935117    0.00    0.00    0.00    0.00    0.00    20  run-tempo.sh
01:19:16 PM  1000    935124    0.00    0.00    0.00    0.00    0.00    16  run-pyroscope.s
01:19:16 PM  1000    935125    0.00    0.00    0.00    0.00    0.00    20  prometheus
01:19:16 PM  1000    935128   55.00    7.00    0.00    0.00   62.00    16  tempo
01:19:16 PM  1000    935129    0.00    0.00    0.00    0.00    0.00    16  loki
01:19:16 PM  1000    935131    0.00    0.00    0.00    0.00    0.00    16  pyroscope

01:19:15 PM   UID       PID   cswch/s nvcswch/s  Command
01:19:16 PM  1000    935106      0.00      0.00  run-grafana.sh
01:19:16 PM  1000    935108      0.00      0.00  run-loki.sh
01:19:16 PM  1000    935110      5.00      0.00  grafana
01:19:16 PM  1000    935111      0.00      0.00  run-otelcol.sh
01:19:16 PM  1000    935114      0.00      0.00  run-prometheus.
01:19:16 PM  1000    935116      0.00      0.00  otelcol-contrib
01:19:16 PM  1000    935117      0.00      0.00  run-tempo.sh
01:19:16 PM  1000    935124      0.00      0.00  run-pyroscope.s
01:19:16 PM  1000    935125      3.00      0.00  prometheus
01:19:16 PM  1000    935128     90.00     62.00  tempo
01:19:16 PM  1000    935129     40.00      0.00  loki
01:19:16 PM  1000    935131      0.00      0.00  pyroscope

01:19:16 PM   UID       PID    %usr %system  %guest   %wait    %CPU   CPU  Command
01:19:17 PM  1000    935106    0.00    0.00    0.00    0.00    0.00    18  run-grafana.sh
01:19:17 PM  1000    935108    0.00    0.00    0.00    0.00    0.00    20  run-loki.sh
01:19:17 PM  1000    935110    0.00    0.00    0.00    0.00    0.00    16  grafana
01:19:17 PM  1000    935111    0.00    0.00    0.00    0.00    0.00    20  run-otelcol.sh
01:19:17 PM  1000    935114    0.00    0.00    0.00    0.00    0.00    18  run-prometheus.
01:19:17 PM  1000    935116    5.00    0.00    0.00    0.00    5.00    20  otelcol-contrib
01:19:17 PM  1000    935117    0.00    0.00    0.00    0.00    0.00    20  run-tempo.sh
01:19:17 PM  1000    935124    0.00    0.00    0.00    0.00    0.00    16  run-pyroscope.s
01:19:17 PM  1000    935125    0.00    1.00    0.00    0.00    1.00    20  prometheus
01:19:17 PM  1000    935128   10.00    1.00    0.00    1.00   11.00    16  tempo
01:19:17 PM  1000    935129    0.00    0.00    0.00    0.00    0.00    20  loki
01:19:17 PM  1000    935131    1.00    0.00    0.00    0.00    1.00    16  pyroscope

01:19:16 PM   UID       PID   cswch/s nvcswch/s  Command
01:19:17 PM  1000    935106      0.00      0.00  run-grafana.sh
01:19:17 PM  1000    935108      0.00      0.00  run-loki.sh
01:19:17 PM  1000    935110      8.00      0.00  grafana
01:19:17 PM  1000    935111      0.00      0.00  run-otelcol.sh
01:19:17 PM  1000    935114      0.00      0.00  run-prometheus.
01:19:17 PM  1000    935116      0.00      0.00  otelcol-contrib
01:19:17 PM  1000    935117      0.00      0.00  run-tempo.sh
01:19:17 PM  1000    935124      0.00      0.00  run-pyroscope.s
01:19:17 PM  1000    935125      4.00      0.00  prometheus
01:19:17 PM  1000    935128     92.00      6.00  tempo
01:19:17 PM  1000    935129     42.00      0.00  loki
01:19:17 PM  1000    935131      0.00      0.00  pyroscope

01:19:17 PM   UID       PID    %usr %system  %guest   %wait    %CPU   CPU  Command
01:19:18 PM  1000    935106    0.00    0.00    0.00    0.00    0.00    18  run-grafana.sh
01:19:18 PM  1000    935108    0.00    0.00    0.00    0.00    0.00    20  run-loki.sh
01:19:18 PM  1000    935110    0.00    0.00    0.00    0.00    0.00    20  grafana
01:19:18 PM  1000    935111    0.00    0.00    0.00    0.00    0.00    20  run-otelcol.sh
01:19:18 PM  1000    935114    0.00    0.00    0.00    0.00    0.00    18  run-prometheus.
01:19:18 PM  1000    935116    3.00    0.00    0.00    0.00    3.00    20  otelcol-contrib
01:19:18 PM  1000    935117    0.00    0.00    0.00    0.00    0.00    20  run-tempo.sh
01:19:18 PM  1000    935124    0.00    0.00    0.00    0.00    0.00    16  run-pyroscope.s
01:19:18 PM  1000    935125    0.00    0.00    0.00    0.00    0.00    20  prometheus
01:19:18 PM  1000    935128   11.00    0.00    0.00    0.00   11.00    20  tempo
01:19:18 PM  1000    935129    1.00    0.00    0.00    0.00    1.00    16  loki
01:19:18 PM  1000    935131    0.00    0.00    0.00    0.00    0.00    16  pyroscope

01:19:17 PM   UID       PID   cswch/s nvcswch/s  Command
01:19:18 PM  1000    935106      0.00      0.00  run-grafana.sh
01:19:18 PM  1000    935108      0.00      0.00  run-loki.sh
01:19:18 PM  1000    935110     10.00      0.00  grafana
01:19:18 PM  1000    935111      0.00      0.00  run-otelcol.sh
01:19:18 PM  1000    935114      0.00      0.00  run-prometheus.
01:19:18 PM  1000    935116      0.00      0.00  otelcol-contrib
01:19:18 PM  1000    935117      0.00      0.00  run-tempo.sh
01:19:18 PM  1000    935124      0.00      0.00  run-pyroscope.s
01:19:18 PM  1000    935125      5.00      0.00  prometheus
01:19:18 PM  1000    935128     91.00      5.00  tempo
01:19:18 PM  1000    935129     34.00      0.00  loki
01:19:18 PM  1000    935131      0.00      0.00  pyroscope

01:19:18 PM   UID       PID    %usr %system  %guest   %wait    %CPU   CPU  Command
01:19:19 PM  1000    935106    0.00    0.00    0.00    0.00    0.00    18  run-grafana.sh
01:19:19 PM  1000    935108    0.00    0.00    0.00    0.00    0.00    20  run-loki.sh
01:19:19 PM  1000    935110    3.00    1.00    0.00    0.00    4.00    18  grafana
01:19:19 PM  1000    935111    0.00    0.00    0.00    0.00    0.00    20  run-otelcol.sh
01:19:19 PM  1000    935114    0.00    0.00    0.00    0.00    0.00    18  run-prometheus.
01:19:19 PM  1000    935116    3.00    1.00    0.00    0.00    4.00    20  otelcol-contrib
01:19:19 PM  1000    935117    0.00    0.00    0.00    0.00    0.00    20  run-tempo.sh
01:19:19 PM  1000    935124    0.00    0.00    0.00    0.00    0.00    16  run-pyroscope.s
01:19:19 PM  1000    935125    0.00    0.00    0.00    0.00    0.00    16  prometheus
01:19:19 PM  1000    935128   35.00    4.00    0.00    0.00   39.00    20  tempo
01:19:19 PM  1000    935129    0.00    0.00    0.00    0.00    0.00    18  loki
01:19:19 PM  1000    935131    0.00    0.00    0.00    0.00    0.00    16  pyroscope

01:19:18 PM   UID       PID   cswch/s nvcswch/s  Command
01:19:19 PM  1000    935106      0.00      0.00  run-grafana.sh
01:19:19 PM  1000    935108      0.00      0.00  run-loki.sh
01:19:19 PM  1000    935110     24.00      0.00  grafana
01:19:19 PM  1000    935111      0.00      0.00  run-otelcol.sh
01:19:19 PM  1000    935114      0.00      0.00  run-prometheus.
01:19:19 PM  1000    935116      0.00      0.00  otelcol-contrib
01:19:19 PM  1000    935117      0.00      0.00  run-tempo.sh
01:19:19 PM  1000    935124      0.00      0.00  run-pyroscope.s
01:19:19 PM  1000    935125      2.00      0.00  prometheus
01:19:19 PM  1000    935128    101.00      7.00  tempo
01:19:19 PM  1000    935129     44.00      0.00  loki
01:19:19 PM  1000    935131      0.00      0.00  pyroscope

01:19:19 PM   UID       PID    %usr %system  %guest   %wait    %CPU   CPU  Command
01:19:20 PM  1000    935106    0.00    0.00    0.00    0.00    0.00    18  run-grafana.sh
01:19:20 PM  1000    935108    0.00    0.00    0.00    0.00    0.00    20  run-loki.sh
01:19:20 PM  1000    935110    0.00    0.00    0.00    0.00    0.00    18  grafana
01:19:20 PM  1000    935111    0.00    0.00    0.00    0.00    0.00    20  run-otelcol.sh
01:19:20 PM  1000    935114    0.00    0.00    0.00    0.00    0.00    18  run-prometheus.
01:19:20 PM  1000    935116    3.00    0.00    0.00    0.00    3.00    20  otelcol-contrib
01:19:20 PM  1000    935117    0.00    0.00    0.00    0.00    0.00    20  run-tempo.sh
01:19:20 PM  1000    935124    0.00    0.00    0.00    0.00    0.00    16  run-pyroscope.s
01:19:20 PM  1000    935125    0.00    0.00    0.00    0.00    0.00    20  prometheus
01:19:20 PM  1000    935128   11.00    0.00    0.00    0.00   11.00    16  tempo
01:19:20 PM  1000    935129    0.00    0.00    0.00    0.00    0.00    20  loki
01:19:20 PM  1000    935131    0.00    0.00    0.00    0.00    0.00    16  pyroscope

01:19:19 PM   UID       PID   cswch/s nvcswch/s  Command
01:19:20 PM  1000    935106      0.00      0.00  run-grafana.sh
01:19:20 PM  1000    935108      0.00      0.00  run-loki.sh
01:19:20 PM  1000    935110     25.00      0.00  grafana
01:19:20 PM  1000    935111      0.00      0.00  run-otelcol.sh
01:19:20 PM  1000    935114      0.00      0.00  run-prometheus.
01:19:20 PM  1000    935116      0.00      0.00  otelcol-contrib
01:19:20 PM  1000    935117      0.00      0.00  run-tempo.sh
01:19:20 PM  1000    935124      0.00      0.00  run-pyroscope.s
01:19:20 PM  1000    935125      1.00      0.00  prometheus
01:19:20 PM  1000    935128     96.00      1.00  tempo
01:19:20 PM  1000    935129     43.00      0.00  loki
01:19:20 PM  1000    935131      0.00      0.00  pyroscope

01:19:20 PM   UID       PID    %usr %system  %guest   %wait    %CPU   CPU  Command
01:19:21 PM  1000    935106    0.00    0.00    0.00    0.00    0.00    18  run-grafana.sh
01:19:21 PM  1000    935108    0.00    0.00    0.00    0.00    0.00    20  run-loki.sh
01:19:21 PM  1000    935110    0.00    0.00    0.00    0.00    0.00    18  grafana
01:19:21 PM  1000    935111    0.00    0.00    0.00    0.00    0.00    20  run-otelcol.sh
01:19:21 PM  1000    935114    0.00    0.00    0.00    0.00    0.00    18  run-prometheus.
01:19:21 PM  1000    935116    5.00    0.00    0.00    0.00    5.00    20  otelcol-contrib
01:19:21 PM  1000    935117    0.00    0.00    0.00    0.00    0.00    20  run-tempo.sh
01:19:21 PM  1000    935124    0.00    0.00    0.00    0.00    0.00    16  run-pyroscope.s
01:19:21 PM  1000    935125    1.00    0.00    0.00    0.00    1.00    20  prometheus
01:19:21 PM  1000    935128   79.00    2.00    0.00    0.00   81.00    16  tempo
01:19:21 PM  1000    935129    0.00    1.00    0.00    0.00    1.00    20  loki
01:19:21 PM  1000    935131    0.00    0.00    0.00    0.00    0.00    16  pyroscope

01:19:20 PM   UID       PID   cswch/s nvcswch/s  Command
01:19:21 PM  1000    935106      0.00      0.00  run-grafana.sh
01:19:21 PM  1000    935108      0.00      0.00  run-loki.sh
01:19:21 PM  1000    935110      9.00      0.00  grafana
01:19:21 PM  1000    935111      0.00      0.00  run-otelcol.sh
01:19:21 PM  1000    935114      0.00      0.00  run-prometheus.
01:19:21 PM  1000    935116      0.00      0.00  otelcol-contrib
01:19:21 PM  1000    935117      0.00      0.00  run-tempo.sh
01:19:21 PM  1000    935124      0.00      0.00  run-pyroscope.s
01:19:21 PM  1000    935125      4.00      1.00  prometheus
01:19:21 PM  1000    935128     76.00      5.00  tempo
01:19:21 PM  1000    935129     31.00      0.00  loki
01:19:21 PM  1000    935131      0.00      0.00  pyroscope

01:19:21 PM   UID       PID    %usr %system  %guest   %wait    %CPU   CPU  Command
01:19:22 PM  1000    935106    0.00    0.00    0.00    0.00    0.00    18  run-grafana.sh
01:19:22 PM  1000    935108    0.00    0.00    0.00    0.00    0.00    20  run-loki.sh
01:19:22 PM  1000    935110    0.00    0.00    0.00    0.00    0.00    18  grafana
01:19:22 PM  1000    935111    0.00    0.00    0.00    0.00    0.00    20  run-otelcol.sh
01:19:22 PM  1000    935114    0.00    0.00    0.00    0.00    0.00    18  run-prometheus.
01:19:22 PM  1000    935116    3.00    1.00    0.00    0.00    4.00    20  otelcol-contrib
01:19:22 PM  1000    935117    0.00    0.00    0.00    0.00    0.00    20  run-tempo.sh
01:19:22 PM  1000    935124    0.00    0.00    0.00    0.00    0.00    16  run-pyroscope.s
01:19:22 PM  1000    935125    1.00    0.00    0.00    0.00    1.00    20  prometheus
01:19:22 PM  1000    935128   12.00    2.00    0.00    0.00   14.00    18  tempo
01:19:22 PM  1000    935129    0.00    0.00    0.00    0.00    0.00    18  loki
01:19:22 PM  1000    935131    0.00    0.00    0.00    0.00    0.00    16  pyroscope

01:19:21 PM   UID       PID   cswch/s nvcswch/s  Command
01:19:22 PM  1000    935106      0.00      0.00  run-grafana.sh
01:19:22 PM  1000    935108      0.00      0.00  run-loki.sh
01:19:22 PM  1000    935110     26.00      0.00  grafana
01:19:22 PM  1000    935111      0.00      0.00  run-otelcol.sh
01:19:22 PM  1000    935114      0.00      0.00  run-prometheus.
01:19:22 PM  1000    935116      0.00      0.00  otelcol-contrib
01:19:22 PM  1000    935117      0.00      0.00  run-tempo.sh
01:19:22 PM  1000    935124      0.00      0.00  run-pyroscope.s
01:19:22 PM  1000    935125      1.00      0.00  prometheus
01:19:22 PM  1000    935128     84.00      1.00  tempo
01:19:22 PM  1000    935129     47.00      1.00  loki
01:19:22 PM  1000    935131      0.00      0.00  pyroscope

01:19:22 PM   UID       PID    %usr %system  %guest   %wait    %CPU   CPU  Command
01:19:23 PM  1000    935106    0.00    0.00    0.00    0.00    0.00    18  run-grafana.sh
01:19:23 PM  1000    935108    0.00    0.00    0.00    0.00    0.00    20  run-loki.sh
01:19:23 PM  1000    935110    0.00    0.00    0.00    0.00    0.00    18  grafana
01:19:23 PM  1000    935111    0.00    0.00    0.00    0.00    0.00    20  run-otelcol.sh
01:19:23 PM  1000    935114    0.00    0.00    0.00    0.00    0.00    18  run-prometheus.
01:19:23 PM  1000    935116    2.00    0.00    0.00    0.00    2.00    20  otelcol-contrib
01:19:23 PM  1000    935117    0.00    0.00    0.00    0.00    0.00    20  run-tempo.sh
01:19:23 PM  1000    935124    0.00    0.00    0.00    0.00    0.00    16  run-pyroscope.s
01:19:23 PM  1000    935125    0.00    0.00    0.00    0.00    0.00    20  prometheus
01:19:23 PM  1000    935128   70.00    5.00    0.00    1.00   75.00    20  tempo
01:19:23 PM  1000    935129    1.00    0.00    0.00    0.00    1.00    20  loki
01:19:23 PM  1000    935131    0.00    0.00    0.00    0.00    0.00    16  pyroscope

01:19:22 PM   UID       PID   cswch/s nvcswch/s  Command
01:19:23 PM  1000    935106      0.00      0.00  run-grafana.sh
01:19:23 PM  1000    935108      0.00      0.00  run-loki.sh
01:19:23 PM  1000    935110     11.00      0.00  grafana
01:19:23 PM  1000    935111      0.00      0.00  run-otelcol.sh
01:19:23 PM  1000    935114      0.00      0.00  run-prometheus.
01:19:23 PM  1000    935116      0.00      0.00  otelcol-contrib
01:19:23 PM  1000    935117      0.00      0.00  run-tempo.sh
01:19:23 PM  1000    935124      0.00      0.00  run-pyroscope.s
01:19:23 PM  1000    935125      1.00      0.00  prometheus
01:19:23 PM  1000    935128     96.00     26.00  tempo
01:19:23 PM  1000    935129     39.00      0.00  loki
01:19:23 PM  1000    935131      0.00      0.00  pyroscope

01:19:23 PM   UID       PID    %usr %system  %guest   %wait    %CPU   CPU  Command
01:19:24 PM  1000    935106    0.00    0.00    0.00    0.00    0.00    18  run-grafana.sh
01:19:24 PM  1000    935108    0.00    0.00    0.00    0.00    0.00    20  run-loki.sh
01:19:24 PM  1000    935110    0.00    0.00    0.00    0.00    0.00    20  grafana
01:19:24 PM  1000    935111    0.00    0.00    0.00    0.00    0.00    20  run-otelcol.sh
01:19:24 PM  1000    935114    0.00    0.00    0.00    0.00    0.00    18  run-prometheus.
01:19:24 PM  1000    935116    4.00    0.00    0.00    0.00    4.00    20  otelcol-contrib
01:19:24 PM  1000    935117    0.00    0.00    0.00    0.00    0.00    20  run-tempo.sh
01:19:24 PM  1000    935124    0.00    0.00    0.00    0.00    0.00    16  run-pyroscope.s
01:19:24 PM  1000    935125    0.00    0.00    0.00    0.00    0.00    20  prometheus
01:19:24 PM  1000    935128   12.00    0.00    0.00    0.00   12.00    18  tempo
01:19:24 PM  1000    935129    0.00    0.00    0.00    0.00    0.00    20  loki
01:19:24 PM  1000    935131    4.00    0.00    0.00    0.00    4.00    16  pyroscope

01:19:23 PM   UID       PID   cswch/s nvcswch/s  Command
01:19:24 PM  1000    935106      0.00      0.00  run-grafana.sh
01:19:24 PM  1000    935108      0.00      0.00  run-loki.sh
01:19:24 PM  1000    935110     16.00      0.00  grafana
01:19:24 PM  1000    935111      0.00      0.00  run-otelcol.sh
01:19:24 PM  1000    935114      0.00      0.00  run-prometheus.
01:19:24 PM  1000    935116      0.00      0.00  otelcol-contrib
01:19:24 PM  1000    935117      0.00      0.00  run-tempo.sh
01:19:24 PM  1000    935124      0.00      0.00  run-pyroscope.s
01:19:24 PM  1000    935125      3.00      0.00  prometheus
01:19:24 PM  1000    935128     99.00      8.00  tempo
01:19:24 PM  1000    935129     42.00      0.00  loki
01:19:24 PM  1000    935131      0.00      0.00  pyroscope

01:19:24 PM   UID       PID    %usr %system  %guest   %wait    %CPU   CPU  Command
01:19:25 PM  1000    935106    0.00    0.00    0.00    0.00    0.00    18  run-grafana.sh
01:19:25 PM  1000    935108    0.00    0.00    0.00    0.00    0.00    20  run-loki.sh
01:19:25 PM  1000    935110    0.00    0.00    0.00    0.00    0.00    20  grafana
01:19:25 PM  1000    935111    0.00    0.00    0.00    0.00    0.00    20  run-otelcol.sh
01:19:25 PM  1000    935114    0.00    0.00    0.00    0.00    0.00    18  run-prometheus.
01:19:25 PM  1000    935116    3.00    0.00    0.00    0.00    3.00    20  otelcol-contrib
01:19:25 PM  1000    935117    0.00    0.00    0.00    0.00    0.00    20  run-tempo.sh
01:19:25 PM  1000    935124    0.00    0.00    0.00    0.00    0.00    16  run-pyroscope.s
01:19:25 PM  1000    935125    0.00    0.00    0.00    0.00    0.00    16  prometheus
01:19:25 PM  1000    935128   38.00    2.00    0.00    0.00   40.00    18  tempo
01:19:25 PM  1000    935129    0.00    0.00    0.00    0.00    0.00    20  loki
01:19:25 PM  1000    935131    1.00    0.00    0.00    0.00    1.00    16  pyroscope

01:19:24 PM   UID       PID   cswch/s nvcswch/s  Command
01:19:25 PM  1000    935106      0.00      0.00  run-grafana.sh
01:19:25 PM  1000    935108      0.00      0.00  run-loki.sh
01:19:25 PM  1000    935110     14.00      0.00  grafana
01:19:25 PM  1000    935111      0.00      0.00  run-otelcol.sh
01:19:25 PM  1000    935114      0.00      0.00  run-prometheus.
01:19:25 PM  1000    935116      0.00      0.00  otelcol-contrib
01:19:25 PM  1000    935117      0.00      0.00  run-tempo.sh
01:19:25 PM  1000    935124      0.00      0.00  run-pyroscope.s
01:19:25 PM  1000    935125      1.00      0.00  prometheus
01:19:25 PM  1000    935128     98.00      4.00  tempo
01:19:25 PM  1000    935129     49.00      0.00  loki
01:19:25 PM  1000    935131      0.00      0.00  pyroscope

01:19:25 PM   UID       PID    %usr %system  %guest   %wait    %CPU   CPU  Command
01:19:26 PM  1000    935106    0.00    0.00    0.00    0.00    0.00    18  run-grafana.sh
01:19:26 PM  1000    935108    0.00    0.00    0.00    0.00    0.00    20  run-loki.sh
01:19:26 PM  1000    935110    2.00    0.00    0.00    0.00    2.00    18  grafana
01:19:26 PM  1000    935111    0.00    0.00    0.00    0.00    0.00    20  run-otelcol.sh
01:19:26 PM  1000    935114    0.00    0.00    0.00    0.00    0.00    18  run-prometheus.
01:19:26 PM  1000    935116    4.00    1.00    0.00    0.00    5.00    20  otelcol-contrib
01:19:26 PM  1000    935117    0.00    0.00    0.00    0.00    0.00    20  run-tempo.sh
01:19:26 PM  1000    935124    0.00    0.00    0.00    0.00    0.00    16  run-pyroscope.s
01:19:26 PM  1000    935125    0.00    0.00    0.00    0.00    0.00    18  prometheus
01:19:26 PM  1000    935128   36.00    3.00    0.00    2.00   39.00    20  tempo
01:19:26 PM  1000    935129    0.00    0.00    0.00    0.00    0.00    16  loki
01:19:26 PM  1000    935131    0.00    0.00    0.00    0.00    0.00    16  pyroscope

01:19:25 PM   UID       PID   cswch/s nvcswch/s  Command
01:19:26 PM  1000    935106      0.00      0.00  run-grafana.sh
01:19:26 PM  1000    935108      0.00      0.00  run-loki.sh
01:19:26 PM  1000    935110     46.00      0.00  grafana
01:19:26 PM  1000    935111      0.00      0.00  run-otelcol.sh
01:19:26 PM  1000    935114      0.00      0.00  run-prometheus.
01:19:26 PM  1000    935116      0.00      0.00  otelcol-contrib
01:19:26 PM  1000    935117      0.00      0.00  run-tempo.sh
01:19:26 PM  1000    935124      0.00      0.00  run-pyroscope.s
01:19:26 PM  1000    935125      3.00      0.00  prometheus
01:19:26 PM  1000    935128     84.00      0.00  tempo
01:19:26 PM  1000    935129     35.00      0.00  loki
01:19:26 PM  1000    935131      0.00      0.00  pyroscope

01:19:26 PM   UID       PID    %usr %system  %guest   %wait    %CPU   CPU  Command
01:19:27 PM  1000    935106    0.00    0.00    0.00    0.00    0.00    18  run-grafana.sh
01:19:27 PM  1000    935108    0.00    0.00    0.00    0.00    0.00    20  run-loki.sh
01:19:27 PM  1000    935110    0.00    0.00    0.00    0.00    0.00    20  grafana
01:19:27 PM  1000    935111    0.00    0.00    0.00    0.00    0.00    20  run-otelcol.sh
01:19:27 PM  1000    935114    0.00    0.00    0.00    0.00    0.00    18  run-prometheus.
01:19:27 PM  1000    935116    3.00    0.00    0.00    0.00    3.00    20  otelcol-contrib
01:19:27 PM  1000    935117    0.00    0.00    0.00    0.00    0.00    20  run-tempo.sh
01:19:27 PM  1000    935124    0.00    0.00    0.00    0.00    0.00    16  run-pyroscope.s
01:19:27 PM  1000    935125    0.00    0.00    0.00    0.00    0.00    18  prometheus
01:19:27 PM  1000    935128   35.00    2.00    0.00    0.00   37.00    18  tempo
01:19:27 PM  1000    935129    1.00    0.00    0.00    0.00    1.00    16  loki
01:19:27 PM  1000    935131    0.00    1.00    0.00    0.00    1.00    16  pyroscope

01:19:26 PM   UID       PID   cswch/s nvcswch/s  Command
01:19:27 PM  1000    935106      0.00      0.00  run-grafana.sh
01:19:27 PM  1000    935108      0.00      0.00  run-loki.sh
01:19:27 PM  1000    935110     18.00      0.00  grafana
01:19:27 PM  1000    935111      0.00      0.00  run-otelcol.sh
01:19:27 PM  1000    935114      0.00      0.00  run-prometheus.
01:19:27 PM  1000    935116      0.00      0.00  otelcol-contrib
01:19:27 PM  1000    935117      0.00      0.00  run-tempo.sh
01:19:27 PM  1000    935124      0.00      0.00  run-pyroscope.s
01:19:27 PM  1000    935125      1.00      0.00  prometheus
01:19:27 PM  1000    935128     75.00      4.00  tempo
01:19:27 PM  1000    935129      8.00      0.00  loki
01:19:27 PM  1000    935131      0.00      0.00  pyroscope

01:19:27 PM   UID       PID    %usr %system  %guest   %wait    %CPU   CPU  Command
01:19:28 PM  1000    935106    0.00    0.00    0.00    0.00    0.00    18  run-grafana.sh
01:19:28 PM  1000    935108    0.00    0.00    0.00    0.00    0.00    20  run-loki.sh
01:19:28 PM  1000    935110    1.00    0.00    0.00    0.00    1.00    18  grafana
01:19:28 PM  1000    935111    0.00    0.00    0.00    0.00    0.00    20  run-otelcol.sh
01:19:28 PM  1000    935114    0.00    0.00    0.00    0.00    0.00    18  run-prometheus.
01:19:28 PM  1000    935116    3.00    0.00    0.00    0.00    3.00    20  otelcol-contrib
01:19:28 PM  1000    935117    0.00    0.00    0.00    0.00    0.00    20  run-tempo.sh
01:19:28 PM  1000    935124    0.00    0.00    0.00    0.00    0.00    16  run-pyroscope.s
01:19:28 PM  1000    935125    0.00    0.00    0.00    0.00    0.00    20  prometheus
01:19:28 PM  1000    935128   11.00    1.00    0.00    0.00   12.00    18  tempo
01:19:28 PM  1000    935129    0.00    0.00    0.00    0.00    0.00    16  loki
01:19:28 PM  1000    935131    0.00    0.00    0.00    0.00    0.00    16  pyroscope

01:19:27 PM   UID       PID   cswch/s nvcswch/s  Command
01:19:28 PM  1000    935106      0.00      0.00  run-grafana.sh
01:19:28 PM  1000    935108      0.00      0.00  run-loki.sh
01:19:28 PM  1000    935110     23.00      0.00  grafana
01:19:28 PM  1000    935111      0.00      0.00  run-otelcol.sh
01:19:28 PM  1000    935114      0.00      0.00  run-prometheus.
01:19:28 PM  1000    935116      0.00      0.00  otelcol-contrib
01:19:28 PM  1000    935117      0.00      0.00  run-tempo.sh
01:19:28 PM  1000    935124      0.00      0.00  run-pyroscope.s
01:19:28 PM  1000    935125      3.00      0.00  prometheus
01:19:28 PM  1000    935128      0.00      0.00  tempo
01:19:28 PM  1000    935129      4.00      0.00  loki
01:19:28 PM  1000    935131      0.00      0.00  pyroscope

01:19:28 PM   UID       PID    %usr %system  %guest   %wait    %CPU   CPU  Command
01:19:29 PM  1000    935106    0.00    0.00    0.00    0.00    0.00    18  run-grafana.sh
01:19:29 PM  1000    935108    0.00    0.00    0.00    0.00    0.00    20  run-loki.sh
01:19:29 PM  1000    935110    2.00    0.00    0.00    0.00    2.00    18  grafana
01:19:29 PM  1000    935111    0.00    0.00    0.00    0.00    0.00    20  run-otelcol.sh
01:19:29 PM  1000    935114    0.00    0.00    0.00    0.00    0.00    18  run-prometheus.
01:19:29 PM  1000    935116    3.00    1.00    0.00    0.00    4.00    20  otelcol-contrib
01:19:29 PM  1000    935117    0.00    0.00    0.00    0.00    0.00    20  run-tempo.sh
01:19:29 PM  1000    935124    0.00    0.00    0.00    0.00    0.00    16  run-pyroscope.s
01:19:29 PM  1000    935125    0.00    0.00    0.00    0.00    0.00    18  prometheus
01:19:29 PM  1000    935128   18.00    0.00    0.00    0.00   18.00    18  tempo
01:19:29 PM  1000    935129    0.00    0.00    0.00    0.00    0.00    16  loki
01:19:29 PM  1000    935131    0.00    0.00    0.00    0.00    0.00    16  pyroscope

01:19:28 PM   UID       PID   cswch/s nvcswch/s  Command
01:19:29 PM  1000    935106      0.00      0.00  run-grafana.sh
01:19:29 PM  1000    935108      0.00      0.00  run-loki.sh
01:19:29 PM  1000    935110     39.00      0.00  grafana
01:19:29 PM  1000    935111      0.00      0.00  run-otelcol.sh
01:19:29 PM  1000    935114      0.00      0.00  run-prometheus.
01:19:29 PM  1000    935116      0.00      0.00  otelcol-contrib
01:19:29 PM  1000    935117      0.00      0.00  run-tempo.sh
01:19:29 PM  1000    935124      0.00      0.00  run-pyroscope.s
01:19:29 PM  1000    935125      3.00      0.00  prometheus
01:19:29 PM  1000    935128      0.00      0.00  tempo
01:19:29 PM  1000    935129     33.00      0.00  loki
01:19:29 PM  1000    935131      0.00      0.00  pyroscope

01:19:29 PM   UID       PID    %usr %system  %guest   %wait    %CPU   CPU  Command
01:19:30 PM  1000    935106    0.00    0.00    0.00    0.00    0.00    18  run-grafana.sh
01:19:30 PM  1000    935108    0.00    0.00    0.00    0.00    0.00    20  run-loki.sh
01:19:30 PM  1000    935110    0.00    0.00    0.00    0.00    0.00    16  grafana
01:19:30 PM  1000    935111    0.00    0.00    0.00    0.00    0.00    20  run-otelcol.sh
01:19:30 PM  1000    935114    0.00    0.00    0.00    0.00    0.00    18  run-prometheus.
01:19:30 PM  1000    935116    3.00    0.00    0.00    0.00    3.00    20  otelcol-contrib
01:19:30 PM  1000    935117    0.00    0.00    0.00    0.00    0.00    20  run-tempo.sh
01:19:30 PM  1000    935124    0.00    0.00    0.00    0.00    0.00    16  run-pyroscope.s
01:19:30 PM  1000    935125    0.00    0.00    0.00    0.00    0.00    20  prometheus
01:19:30 PM  1000    935128   20.00    2.00    0.00    0.00   22.00    18  tempo
01:19:30 PM  1000    935129    0.00    0.00    0.00    0.00    0.00    20  loki
01:19:30 PM  1000    935131    1.00    0.00    0.00    0.00    1.00    16  pyroscope

01:19:29 PM   UID       PID   cswch/s nvcswch/s  Command
01:19:30 PM  1000    935106      0.00      0.00  run-grafana.sh
01:19:30 PM  1000    935108      0.00      0.00  run-loki.sh
01:19:30 PM  1000    935110      6.00      0.00  grafana
01:19:30 PM  1000    935111      0.00      0.00  run-otelcol.sh
01:19:30 PM  1000    935114      0.00      0.00  run-prometheus.
01:19:30 PM  1000    935116      0.00      0.00  otelcol-contrib
01:19:30 PM  1000    935117      0.00      0.00  run-tempo.sh
01:19:30 PM  1000    935124      0.00      0.00  run-pyroscope.s
01:19:30 PM  1000    935125      2.00      0.00  prometheus
01:19:30 PM  1000    935128      0.00      0.00  tempo
01:19:30 PM  1000    935129     39.00      0.00  loki
01:19:30 PM  1000    935131      0.00      0.00  pyroscope

01:19:30 PM   UID       PID    %usr %system  %guest   %wait    %CPU   CPU  Command
01:19:31 PM  1000    935106    0.00    0.00    0.00    0.00    0.00    18  run-grafana.sh
01:19:31 PM  1000    935108    0.00    0.00    0.00    0.00    0.00    20  run-loki.sh
01:19:31 PM  1000    935110    0.00    0.00    0.00    0.00    0.00    20  grafana
01:19:31 PM  1000    935111    0.00    0.00    0.00    0.00    0.00    20  run-otelcol.sh
01:19:31 PM  1000    935114    0.00    0.00    0.00    0.00    0.00    18  run-prometheus.
01:19:31 PM  1000    935116    5.00    0.00    0.00    0.00    5.00    20  otelcol-contrib
01:19:31 PM  1000    935117    0.00    0.00    0.00    0.00    0.00    20  run-tempo.sh
01:19:31 PM  1000    935124    0.00    0.00    0.00    0.00    0.00    16  run-pyroscope.s
01:19:31 PM  1000    935125    1.00    0.00    0.00    0.00    1.00    18  prometheus
01:19:31 PM  1000    935128   94.00    2.00    0.00    0.00   96.00    18  tempo
01:19:31 PM  1000    935129    0.00    0.00    0.00    0.00    0.00    18  loki
01:19:31 PM  1000    935131    0.00    0.00    0.00    0.00    0.00    16  pyroscope

01:19:30 PM   UID       PID   cswch/s nvcswch/s  Command
01:19:31 PM  1000    935106      0.00      0.00  run-grafana.sh
01:19:31 PM  1000    935108      0.00      0.00  run-loki.sh
01:19:31 PM  1000    935110     14.00      0.00  grafana
01:19:31 PM  1000    935111      0.00      0.00  run-otelcol.sh
01:19:31 PM  1000    935114      0.00      0.00  run-prometheus.
01:19:31 PM  1000    935116      0.00      0.00  otelcol-contrib
01:19:31 PM  1000    935117      0.00      0.00  run-tempo.sh
01:19:31 PM  1000    935124      0.00      0.00  run-pyroscope.s
01:19:31 PM  1000    935125      2.00      0.00  prometheus
01:19:31 PM  1000    935128      0.00      0.00  tempo
01:19:31 PM  1000    935129     52.00      0.00  loki
01:19:31 PM  1000    935131      0.00      0.00  pyroscope

01:19:31 PM   UID       PID    %usr %system  %guest   %wait    %CPU   CPU  Command
01:19:32 PM  1000    935106    0.00    0.00    0.00    0.00    0.00    18  run-grafana.sh
01:19:32 PM  1000    935108    0.00    0.00    0.00    0.00    0.00    20  run-loki.sh
01:19:32 PM  1000    935110    0.00    0.00    0.00    0.00    0.00    20  grafana
01:19:32 PM  1000    935111    0.00    0.00    0.00    0.00    0.00    20  run-otelcol.sh
01:19:32 PM  1000    935114    0.00    0.00    0.00    0.00    0.00    18  run-prometheus.
01:19:32 PM  1000    935116    3.00    0.00    0.00    0.00    3.00    20  otelcol-contrib
01:19:32 PM  1000    935117    0.00    0.00    0.00    0.00    0.00    20  run-tempo.sh
01:19:32 PM  1000    935124    0.00    0.00    0.00    0.00    0.00    16  run-pyroscope.s
01:19:32 PM  1000    935125    0.00    0.00    0.00    0.00    0.00    18  prometheus
01:19:32 PM  1000    935128   10.00    1.00    0.00    0.00   11.00    16  tempo
01:19:32 PM  1000    935129    1.00    1.00    0.00    0.00    2.00    20  loki
01:19:32 PM  1000    935131    0.00    0.00    0.00    0.00    0.00    16  pyroscope

01:19:31 PM   UID       PID   cswch/s nvcswch/s  Command
01:19:32 PM  1000    935106      0.00      0.00  run-grafana.sh
01:19:32 PM  1000    935108      0.00      0.00  run-loki.sh
01:19:32 PM  1000    935110     12.00      0.00  grafana
01:19:32 PM  1000    935111      0.00      0.00  run-otelcol.sh
01:19:32 PM  1000    935114      0.00      0.00  run-prometheus.
01:19:32 PM  1000    935116      0.00      0.00  otelcol-contrib
01:19:32 PM  1000    935117      0.00      0.00  run-tempo.sh
01:19:32 PM  1000    935124      0.00      0.00  run-pyroscope.s
01:19:32 PM  1000    935125      1.00      0.00  prometheus
01:19:32 PM  1000    935128     47.00      0.00  tempo
01:19:32 PM  1000    935129     43.00      0.00  loki
01:19:32 PM  1000    935131      0.00      0.00  pyroscope

01:19:32 PM   UID       PID    %usr %system  %guest   %wait    %CPU   CPU  Command
01:19:33 PM  1000    935106    0.00    0.00    0.00    0.00    0.00    18  run-grafana.sh
01:19:33 PM  1000    935108    0.00    0.00    0.00    0.00    0.00    20  run-loki.sh
01:19:33 PM  1000    935110    0.00    0.00    0.00    0.00    0.00    16  grafana
01:19:33 PM  1000    935111    0.00    0.00    0.00    0.00    0.00    20  run-otelcol.sh
01:19:33 PM  1000    935114    0.00    0.00    0.00    0.00    0.00    18  run-prometheus.
01:19:33 PM  1000    935116    3.00    1.00    0.00    0.00    4.00    20  otelcol-contrib
01:19:33 PM  1000    935117    0.00    0.00    0.00    0.00    0.00    20  run-tempo.sh
01:19:33 PM  1000    935124    0.00    0.00    0.00    0.00    0.00    16  run-pyroscope.s
01:19:33 PM  1000    935125    0.00    0.00    0.00    0.00    0.00    18  prometheus
01:19:33 PM  1000    935128   27.00    6.00    0.00    0.00   33.00    16  tempo
01:19:33 PM  1000    935129    0.00    0.00    0.00    0.00    0.00    16  loki
01:19:33 PM  1000    935131    0.00    0.00    0.00    0.00    0.00    16  pyroscope

01:19:32 PM   UID       PID   cswch/s nvcswch/s  Command
01:19:33 PM  1000    935106      0.00      0.00  run-grafana.sh
01:19:33 PM  1000    935108      0.00      0.00  run-loki.sh
01:19:33 PM  1000    935110     13.00      0.00  grafana
01:19:33 PM  1000    935111      0.00      0.00  run-otelcol.sh
01:19:33 PM  1000    935114      0.00      0.00  run-prometheus.
01:19:33 PM  1000    935116      0.00      0.00  otelcol-contrib
01:19:33 PM  1000    935117      0.00      0.00  run-tempo.sh
01:19:33 PM  1000    935124      0.00      0.00  run-pyroscope.s
01:19:33 PM  1000    935125      9.00      0.00  prometheus
01:19:33 PM  1000    935128     29.00      0.00  tempo
01:19:33 PM  1000    935129     35.00      0.00  loki
01:19:33 PM  1000    935131      0.00      0.00  pyroscope

01:19:33 PM   UID       PID    %usr %system  %guest   %wait    %CPU   CPU  Command
01:19:34 PM  1000    935106    0.00    0.00    0.00    0.00    0.00    18  run-grafana.sh
01:19:34 PM  1000    935108    0.00    0.00    0.00    0.00    0.00    20  run-loki.sh
01:19:34 PM  1000    935110    0.00    0.00    0.00    0.00    0.00    16  grafana
01:19:34 PM  1000    935111    0.00    0.00    0.00    0.00    0.00    20  run-otelcol.sh
01:19:34 PM  1000    935114    0.00    0.00    0.00    0.00    0.00    18  run-prometheus.
01:19:34 PM  1000    935116    3.00    0.00    0.00    0.00    3.00    20  otelcol-contrib
01:19:34 PM  1000    935117    0.00    0.00    0.00    0.00    0.00    20  run-tempo.sh
01:19:34 PM  1000    935124    0.00    0.00    0.00    0.00    0.00    16  run-pyroscope.s
01:19:34 PM  1000    935125    0.00    0.00    0.00    0.00    0.00    20  prometheus
01:19:34 PM  1000    935128   11.00    1.00    0.00    0.00   12.00    18  tempo
01:19:34 PM  1000    935129    0.00    0.00    0.00    0.00    0.00    18  loki
01:19:34 PM  1000    935131    0.00    0.00    0.00    0.00    0.00    16  pyroscope

01:19:33 PM   UID       PID   cswch/s nvcswch/s  Command
01:19:34 PM  1000    935106      0.00      0.00  run-grafana.sh
01:19:34 PM  1000    935108      0.00      0.00  run-loki.sh
01:19:34 PM  1000    935110     27.00      0.00  grafana
01:19:34 PM  1000    935111      0.00      0.00  run-otelcol.sh
01:19:34 PM  1000    935114      0.00      0.00  run-prometheus.
01:19:34 PM  1000    935116      0.00      0.00  otelcol-contrib
01:19:34 PM  1000    935117      0.00      0.00  run-tempo.sh
01:19:34 PM  1000    935124      0.00      0.00  run-pyroscope.s
01:19:34 PM  1000    935125      1.00      0.00  prometheus
01:19:34 PM  1000    935128     79.00      2.00  tempo
01:19:34 PM  1000    935129     33.00      0.00  loki
01:19:34 PM  1000    935131      0.00      0.00  pyroscope

01:19:34 PM   UID       PID    %usr %system  %guest   %wait    %CPU   CPU  Command
01:19:35 PM  1000    935106    0.00    0.00    0.00    0.00    0.00    18  run-grafana.sh
01:19:35 PM  1000    935108    0.00    0.00    0.00    0.00    0.00    20  run-loki.sh
01:19:35 PM  1000    935110    1.00    0.00    0.00    0.00    1.00    18  grafana
01:19:35 PM  1000    935111    0.00    0.00    0.00    0.00    0.00    20  run-otelcol.sh
01:19:35 PM  1000    935114    0.00    0.00    0.00    0.00    0.00    18  run-prometheus.
01:19:35 PM  1000    935116    3.00    0.00    0.00    0.00    3.00    20  otelcol-contrib
01:19:35 PM  1000    935117    0.00    0.00    0.00    0.00    0.00    20  run-tempo.sh
01:19:35 PM  1000    935124    0.00    0.00    0.00    0.00    0.00    16  run-pyroscope.s
01:19:35 PM  1000    935125    0.00    0.00    0.00    0.00    0.00    20  prometheus
01:19:35 PM  1000    935128   34.00    1.00    0.00    0.00   35.00    18  tempo
01:19:35 PM  1000    935129    0.00    0.00    0.00    0.00    0.00    18  loki
01:19:35 PM  1000    935131    0.00    0.00    0.00    0.00    0.00    16  pyroscope

01:19:34 PM   UID       PID   cswch/s nvcswch/s  Command
01:19:35 PM  1000    935106      0.00      0.00  run-grafana.sh
01:19:35 PM  1000    935108      0.00      0.00  run-loki.sh
01:19:35 PM  1000    935110     31.00      0.00  grafana
01:19:35 PM  1000    935111      0.00      0.00  run-otelcol.sh
01:19:35 PM  1000    935114      0.00      0.00  run-prometheus.
01:19:35 PM  1000    935116      0.00      0.00  otelcol-contrib
01:19:35 PM  1000    935117      0.00      0.00  run-tempo.sh
01:19:35 PM  1000    935124      0.00      0.00  run-pyroscope.s
01:19:35 PM  1000    935125      1.00      0.00  prometheus
01:19:35 PM  1000    935128      0.00      0.00  tempo
01:19:35 PM  1000    935129      0.00      0.00  loki
01:19:35 PM  1000    935131      0.00      0.00  pyroscope

01:19:35 PM   UID       PID    %usr %system  %guest   %wait    %CPU   CPU  Command
01:19:36 PM  1000    935106    0.00    0.00    0.00    0.00    0.00    18  run-grafana.sh
01:19:36 PM  1000    935108    0.00    0.00    0.00    0.00    0.00    20  run-loki.sh
01:19:36 PM  1000    935110    0.00    0.00    0.00    0.00    0.00    20  grafana
01:19:36 PM  1000    935111    0.00    0.00    0.00    0.00    0.00    20  run-otelcol.sh
01:19:36 PM  1000    935114    0.00    0.00    0.00    0.00    0.00    18  run-prometheus.
01:19:36 PM  1000    935116    5.00    0.00    0.00    0.00    5.00    20  otelcol-contrib
01:19:36 PM  1000    935117    0.00    0.00    0.00    0.00    0.00    20  run-tempo.sh
01:19:36 PM  1000    935124    0.00    0.00    0.00    0.00    0.00    16  run-pyroscope.s
01:19:36 PM  1000    935125    0.00    0.00    0.00    0.00    0.00    18  prometheus
01:19:36 PM  1000    935128   52.00    3.00    0.00    0.00   55.00    18  tempo
01:19:36 PM  1000    935129    1.00    0.00    0.00    0.00    1.00    16  loki
01:19:36 PM  1000    935131    0.00    0.00    0.00    0.00    0.00    16  pyroscope

01:19:35 PM   UID       PID   cswch/s nvcswch/s  Command
01:19:36 PM  1000    935106      0.00      0.00  run-grafana.sh
01:19:36 PM  1000    935108      0.00      0.00  run-loki.sh
01:19:36 PM  1000    935110     32.00      0.00  grafana
01:19:36 PM  1000    935111      0.00      0.00  run-otelcol.sh
01:19:36 PM  1000    935114      0.00      0.00  run-prometheus.
01:19:36 PM  1000    935116      0.00      0.00  otelcol-contrib
01:19:36 PM  1000    935117      0.00      0.00  run-tempo.sh
01:19:36 PM  1000    935124      0.00      0.00  run-pyroscope.s
01:19:36 PM  1000    935125      1.00      0.00  prometheus
01:19:36 PM  1000    935128      0.00      0.00  tempo
01:19:36 PM  1000    935129      4.00      0.00  loki
01:19:36 PM  1000    935131      0.00      0.00  pyroscope

01:19:36 PM   UID       PID    %usr %system  %guest   %wait    %CPU   CPU  Command
01:19:37 PM  1000    935106    0.00    0.00    0.00    0.00    0.00    18  run-grafana.sh
01:19:37 PM  1000    935108    0.00    0.00    0.00    0.00    0.00    20  run-loki.sh
01:19:37 PM  1000    935110    0.00    0.00    0.00    0.00    0.00    16  grafana
01:19:37 PM  1000    935111    0.00    0.00    0.00    0.00    0.00    20  run-otelcol.sh
01:19:37 PM  1000    935114    0.00    0.00    0.00    0.00    0.00    18  run-prometheus.
01:19:37 PM  1000    935116    2.00    1.00    0.00    0.00    3.00    20  otelcol-contrib
01:19:37 PM  1000    935117    0.00    0.00    0.00    0.00    0.00    20  run-tempo.sh
01:19:37 PM  1000    935124    0.00    0.00    0.00    0.00    0.00    16  run-pyroscope.s
01:19:37 PM  1000    935125    0.00    0.00    0.00    0.00    0.00    20  prometheus
01:19:37 PM  1000    935128   10.00    1.00    0.00    0.00   11.00    18  tempo
01:19:37 PM  1000    935129    0.00    0.00    0.00    0.00    0.00    18  loki
01:19:37 PM  1000    935131    1.00    0.00    0.00    0.00    1.00    16  pyroscope

01:19:36 PM   UID       PID   cswch/s nvcswch/s  Command
01:19:37 PM  1000    935106      0.00      0.00  run-grafana.sh
01:19:37 PM  1000    935108      0.00      0.00  run-loki.sh
01:19:37 PM  1000    935110     23.00      0.00  grafana
01:19:37 PM  1000    935111      0.00      0.00  run-otelcol.sh
01:19:37 PM  1000    935114      0.00      0.00  run-prometheus.
01:19:37 PM  1000    935116      0.00      0.00  otelcol-contrib
01:19:37 PM  1000    935117      0.00      0.00  run-tempo.sh
01:19:37 PM  1000    935124      0.00      0.00  run-pyroscope.s
01:19:37 PM  1000    935125      2.00      0.00  prometheus
01:19:37 PM  1000    935128      0.00      0.00  tempo
01:19:37 PM  1000    935129     10.00      0.00  loki
01:19:37 PM  1000    935131      0.00      0.00  pyroscope

01:19:37 PM   UID       PID    %usr %system  %guest   %wait    %CPU   CPU  Command
01:19:38 PM  1000    935106    0.00    0.00    0.00    0.00    0.00    18  run-grafana.sh
01:19:38 PM  1000    935108    0.00    0.00    0.00    0.00    0.00    20  run-loki.sh
01:19:38 PM  1000    935110    0.00    0.00    0.00    0.00    0.00    18  grafana
01:19:38 PM  1000    935111    0.00    0.00    0.00    0.00    0.00    20  run-otelcol.sh
01:19:38 PM  1000    935114    0.00    0.00    0.00    0.00    0.00    18  run-prometheus.
01:19:38 PM  1000    935116    3.00    0.00    0.00    0.00    3.00    20  otelcol-contrib
01:19:38 PM  1000    935117    0.00    0.00    0.00    0.00    0.00    20  run-tempo.sh
01:19:38 PM  1000    935124    0.00    0.00    0.00    0.00    0.00    16  run-pyroscope.s
01:19:38 PM  1000    935125    0.00    0.00    0.00    0.00    0.00    20  prometheus
01:19:38 PM  1000    935128   25.00    1.00    0.00    0.00   26.00    20  tempo
01:19:38 PM  1000    935129    0.00    0.00    0.00    0.00    0.00    20  loki
01:19:38 PM  1000    935131    0.00    0.00    0.00    0.00    0.00    16  pyroscope

01:19:37 PM   UID       PID   cswch/s nvcswch/s  Command
01:19:38 PM  1000    935106      0.00      0.00  run-grafana.sh
01:19:38 PM  1000    935108      0.00      0.00  run-loki.sh
01:19:38 PM  1000    935110     16.00      0.00  grafana
01:19:38 PM  1000    935111      0.00      0.00  run-otelcol.sh
01:19:38 PM  1000    935114      0.00      0.00  run-prometheus.
01:19:38 PM  1000    935116      0.00      0.00  otelcol-contrib
01:19:38 PM  1000    935117      0.00      0.00  run-tempo.sh
01:19:38 PM  1000    935124      0.00      0.00  run-pyroscope.s
01:19:38 PM  1000    935125      7.00      0.00  prometheus
01:19:38 PM  1000    935128     44.00      1.00  tempo
01:19:38 PM  1000    935129     38.00      0.00  loki
01:19:38 PM  1000    935131      0.00      0.00  pyroscope

01:19:38 PM   UID       PID    %usr %system  %guest   %wait    %CPU   CPU  Command
01:19:39 PM  1000    935106    0.00    0.00    0.00    0.00    0.00    18  run-grafana.sh
01:19:39 PM  1000    935108    0.00    0.00    0.00    0.00    0.00    20  run-loki.sh
01:19:39 PM  1000    935110    4.00    1.00    0.00    1.00    5.00    20  grafana
01:19:39 PM  1000    935111    0.00    0.00    0.00    0.00    0.00    20  run-otelcol.sh
01:19:39 PM  1000    935114    0.00    0.00    0.00    0.00    0.00    18  run-prometheus.
01:19:39 PM  1000    935116    3.00    0.00    0.00    0.00    3.00    20  otelcol-contrib
01:19:39 PM  1000    935117    0.00    0.00    0.00    0.00    0.00    20  run-tempo.sh
01:19:39 PM  1000    935124    0.00    0.00    0.00    0.00    0.00    16  run-pyroscope.s
01:19:39 PM  1000    935125    0.00    0.00    0.00    0.00    0.00    20  prometheus
01:19:39 PM  1000    935128   34.00    6.00    0.00    0.00   40.00    20  tempo
01:19:39 PM  1000    935129    1.00    0.00    0.00    0.00    1.00    18  loki
01:19:39 PM  1000    935131    3.00    0.00    0.00    0.00    3.00    16  pyroscope

01:19:38 PM   UID       PID   cswch/s nvcswch/s  Command
01:19:39 PM  1000    935106      0.00      0.00  run-grafana.sh
01:19:39 PM  1000    935108      0.00      0.00  run-loki.sh
01:19:39 PM  1000    935110    103.00     10.00  grafana
01:19:39 PM  1000    935111      0.00      0.00  run-otelcol.sh
01:19:39 PM  1000    935114      0.00      0.00  run-prometheus.
01:19:39 PM  1000    935116      0.00      0.00  otelcol-contrib
01:19:39 PM  1000    935117      0.00      0.00  run-tempo.sh
01:19:39 PM  1000    935124      0.00      0.00  run-pyroscope.s
01:19:39 PM  1000    935125      1.00      0.00  prometheus
01:19:39 PM  1000    935128     91.00     47.00  tempo
01:19:39 PM  1000    935129     33.00      0.00  loki
01:19:39 PM  1000    935131      0.00      0.00  pyroscope

01:19:39 PM   UID       PID    %usr %system  %guest   %wait    %CPU   CPU  Command
01:19:40 PM  1000    935106    0.00    0.00    0.00    0.00    0.00    18  run-grafana.sh
01:19:40 PM  1000    935108    0.00    0.00    0.00    0.00    0.00    20  run-loki.sh
01:19:40 PM  1000    935110    0.00    0.00    0.00    0.00    0.00    18  grafana
01:19:40 PM  1000    935111    0.00    0.00    0.00    0.00    0.00    20  run-otelcol.sh
01:19:40 PM  1000    935114    0.00    0.00    0.00    0.00    0.00    18  run-prometheus.
01:19:40 PM  1000    935116    3.00    1.00    0.00    0.00    4.00    20  otelcol-contrib
01:19:40 PM  1000    935117    0.00    0.00    0.00    0.00    0.00    20  run-tempo.sh
01:19:40 PM  1000    935124    0.00    0.00    0.00    0.00    0.00    16  run-pyroscope.s
01:19:40 PM  1000    935125    0.00    0.00    0.00    0.00    0.00    18  prometheus
01:19:40 PM  1000    935128   10.00    1.00    0.00    0.00   11.00    18  tempo
01:19:40 PM  1000    935129    0.00    0.00    0.00    0.00    0.00    20  loki
01:19:40 PM  1000    935131    0.00    0.00    0.00    0.00    0.00    16  pyroscope

01:19:39 PM   UID       PID   cswch/s nvcswch/s  Command
01:19:40 PM  1000    935106      0.00      0.00  run-grafana.sh
01:19:40 PM  1000    935108      0.00      0.00  run-loki.sh
01:19:40 PM  1000    935110     20.00      0.00  grafana
01:19:40 PM  1000    935111      0.00      0.00  run-otelcol.sh
01:19:40 PM  1000    935114      0.00      0.00  run-prometheus.
01:19:40 PM  1000    935116      0.00      0.00  otelcol-contrib
01:19:40 PM  1000    935117      0.00      0.00  run-tempo.sh
01:19:40 PM  1000    935124      0.00      0.00  run-pyroscope.s
01:19:40 PM  1000    935125      3.00      0.00  prometheus
01:19:40 PM  1000    935128     88.00      4.00  tempo
01:19:40 PM  1000    935129     40.00      0.00  loki
01:19:40 PM  1000    935131      0.00      0.00  pyroscope

01:19:40 PM   UID       PID    %usr %system  %guest   %wait    %CPU   CPU  Command
01:19:41 PM  1000    935106    0.00    0.00    0.00    0.00    0.00    18  run-grafana.sh
01:19:41 PM  1000    935108    0.00    0.00    0.00    0.00    0.00    20  run-loki.sh
01:19:41 PM  1000    935110    0.00    0.00    0.00    0.00    0.00    18  grafana
01:19:41 PM  1000    935111    0.00    0.00    0.00    0.00    0.00    20  run-otelcol.sh
01:19:41 PM  1000    935114    0.00    0.00    0.00    0.00    0.00    18  run-prometheus.
01:19:41 PM  1000    935116    5.00    0.00    0.00    0.00    5.00    20  otelcol-contrib
01:19:41 PM  1000    935117    0.00    0.00    0.00    0.00    0.00    20  run-tempo.sh
01:19:41 PM  1000    935124    0.00    0.00    0.00    0.00    0.00    16  run-pyroscope.s
01:19:41 PM  1000    935125    1.00    0.00    0.00    0.00    1.00    18  prometheus
01:19:41 PM  1000    935128   56.00    4.00    0.00    0.00   60.00    20  tempo
01:19:41 PM  1000    935129    0.00    0.00    0.00    0.00    0.00    18  loki
01:19:41 PM  1000    935131    1.00    0.00    0.00    0.00    1.00    16  pyroscope

01:19:40 PM   UID       PID   cswch/s nvcswch/s  Command
01:19:41 PM  1000    935106      0.00      0.00  run-grafana.sh
01:19:41 PM  1000    935108      0.00      0.00  run-loki.sh
01:19:41 PM  1000    935110     31.00      0.00  grafana
01:19:41 PM  1000    935111      0.00      0.00  run-otelcol.sh
01:19:41 PM  1000    935114      0.00      0.00  run-prometheus.
01:19:41 PM  1000    935116      0.00      0.00  otelcol-contrib
01:19:41 PM  1000    935117      0.00      0.00  run-tempo.sh
01:19:41 PM  1000    935124      0.00      0.00  run-pyroscope.s
01:19:41 PM  1000    935125      2.00      0.00  prometheus
01:19:41 PM  1000    935128     84.00      9.00  tempo
01:19:41 PM  1000    935129      6.00      0.00  loki
01:19:41 PM  1000    935131      0.00      0.00  pyroscope

01:19:41 PM   UID       PID    %usr %system  %guest   %wait    %CPU   CPU  Command
01:19:42 PM  1000    935106    0.00    0.00    0.00    0.00    0.00    18  run-grafana.sh
01:19:42 PM  1000    935108    0.00    0.00    0.00    0.00    0.00    20  run-loki.sh
01:19:42 PM  1000    935110    0.00    0.00    0.00    0.00    0.00    16  grafana
01:19:42 PM  1000    935111    0.00    0.00    0.00    0.00    0.00    20  run-otelcol.sh
01:19:42 PM  1000    935114    0.00    0.00    0.00    0.00    0.00    18  run-prometheus.
01:19:42 PM  1000    935116    3.00    0.00    0.00    0.00    3.00    20  otelcol-contrib
01:19:42 PM  1000    935117    0.00    0.00    0.00    0.00    0.00    20  run-tempo.sh
01:19:42 PM  1000    935124    0.00    0.00    0.00    0.00    0.00    16  run-pyroscope.s
01:19:42 PM  1000    935125    0.00    0.00    0.00    0.00    0.00    16  prometheus
01:19:42 PM  1000    935128   28.00    1.00    0.00    0.00   29.00    20  tempo
01:19:42 PM  1000    935129    0.00    0.00    0.00    0.00    0.00    18  loki
01:19:42 PM  1000    935131    0.00    0.00    0.00    0.00    0.00    16  pyroscope

01:19:41 PM   UID       PID   cswch/s nvcswch/s  Command
01:19:42 PM  1000    935106      0.00      0.00  run-grafana.sh
01:19:42 PM  1000    935108      0.00      0.00  run-loki.sh
01:19:42 PM  1000    935110      9.00      0.00  grafana
01:19:42 PM  1000    935111      0.00      0.00  run-otelcol.sh
01:19:42 PM  1000    935114      0.00      0.00  run-prometheus.
01:19:42 PM  1000    935116      0.00      0.00  otelcol-contrib
01:19:42 PM  1000    935117      0.00      0.00  run-tempo.sh
01:19:42 PM  1000    935124      0.00      0.00  run-pyroscope.s
01:19:42 PM  1000    935125      3.00      0.00  prometheus
01:19:42 PM  1000    935128    100.00     16.00  tempo
01:19:42 PM  1000    935129     33.00      0.00  loki
01:19:42 PM  1000    935131      0.00      0.00  pyroscope

01:19:42 PM   UID       PID    %usr %system  %guest   %wait    %CPU   CPU  Command
01:19:43 PM  1000    935106    0.00    0.00    0.00    0.00    0.00    18  run-grafana.sh
01:19:43 PM  1000    935108    0.00    0.00    0.00    0.00    0.00    20  run-loki.sh
01:19:43 PM  1000    935110    0.00    0.00    0.00    0.00    0.00    16  grafana
01:19:43 PM  1000    935111    0.00    0.00    0.00    0.00    0.00    20  run-otelcol.sh
01:19:43 PM  1000    935114    0.00    0.00    0.00    0.00    0.00    18  run-prometheus.
01:19:43 PM  1000    935116    3.00    0.00    0.00    0.00    3.00    20  otelcol-contrib
01:19:43 PM  1000    935117    0.00    0.00    0.00    0.00    0.00    20  run-tempo.sh
01:19:43 PM  1000    935124    0.00    0.00    0.00    0.00    0.00    16  run-pyroscope.s
01:19:43 PM  1000    935125    0.00    0.00    0.00    0.00    0.00    16  prometheus
01:19:43 PM  1000    935128   51.00    4.00    0.00    1.00   55.00    18  tempo
01:19:43 PM  1000    935129    1.00    0.00    0.00    0.00    1.00    18  loki
01:19:43 PM  1000    935131    0.00    0.00    0.00    0.00    0.00    16  pyroscope

01:19:42 PM   UID       PID   cswch/s nvcswch/s  Command
01:19:43 PM  1000    935106      0.00      0.00  run-grafana.sh
01:19:43 PM  1000    935108      0.00      0.00  run-loki.sh
01:19:43 PM  1000    935110      0.00      0.00  grafana
01:19:43 PM  1000    935111      0.00      0.00  run-otelcol.sh
01:19:43 PM  1000    935114      0.00      0.00  run-prometheus.
01:19:43 PM  1000    935116      0.00      0.00  otelcol-contrib
01:19:43 PM  1000    935117      0.00      0.00  run-tempo.sh
01:19:43 PM  1000    935124      0.00      0.00  run-pyroscope.s
01:19:43 PM  1000    935125      9.00      0.00  prometheus
01:19:43 PM  1000    935128     91.00     24.00  tempo
01:19:43 PM  1000    935129     55.00      0.00  loki
01:19:43 PM  1000    935131      0.00      0.00  pyroscope

01:19:43 PM   UID       PID    %usr %system  %guest   %wait    %CPU   CPU  Command
01:19:44 PM  1000    935106    0.00    0.00    0.00    0.00    0.00    18  run-grafana.sh
01:19:44 PM  1000    935108    0.00    0.00    0.00    0.00    0.00    20  run-loki.sh
01:19:44 PM  1000    935110    0.00    0.00    0.00    0.00    0.00    18  grafana
01:19:44 PM  1000    935111    0.00    0.00    0.00    0.00    0.00    20  run-otelcol.sh
01:19:44 PM  1000    935114    0.00    0.00    0.00    0.00    0.00    18  run-prometheus.
01:19:44 PM  1000    935116    3.00    0.00    0.00    0.00    3.00    20  otelcol-contrib
01:19:44 PM  1000    935117    0.00    0.00    0.00    0.00    0.00    20  run-tempo.sh
01:19:44 PM  1000    935124    0.00    0.00    0.00    0.00    0.00    16  run-pyroscope.s
01:19:44 PM  1000    935125    1.00    0.00    0.00    0.00    1.00    16  prometheus
01:19:44 PM  1000    935128   28.00    2.00    0.00    0.00   30.00    16  tempo
01:19:44 PM  1000    935129    0.00    0.00    0.00    0.00    0.00    16  loki
01:19:44 PM  1000    935131    0.00    0.00    0.00    0.00    0.00    16  pyroscope

01:19:43 PM   UID       PID   cswch/s nvcswch/s  Command
01:19:44 PM  1000    935106      0.00      0.00  run-grafana.sh
01:19:44 PM  1000    935108      0.00      0.00  run-loki.sh
01:19:44 PM  1000    935110     18.00      0.00  grafana
01:19:44 PM  1000    935111      0.00      0.00  run-otelcol.sh
01:19:44 PM  1000    935114      0.00      0.00  run-prometheus.
01:19:44 PM  1000    935116      0.00      0.00  otelcol-contrib
01:19:44 PM  1000    935117      0.00      0.00  run-tempo.sh
01:19:44 PM  1000    935124      0.00      0.00  run-pyroscope.s
01:19:44 PM  1000    935125      2.00      0.00  prometheus
01:19:44 PM  1000    935128    106.00     36.00  tempo
01:19:44 PM  1000    935129     49.00      0.00  loki
01:19:44 PM  1000    935131      0.00      0.00  pyroscope

01:19:44 PM   UID       PID    %usr %system  %guest   %wait    %CPU   CPU  Command
01:19:45 PM  1000    935106    0.00    0.00    0.00    0.00    0.00    18  run-grafana.sh
01:19:45 PM  1000    935108    0.00    0.00    0.00    0.00    0.00    20  run-loki.sh
01:19:45 PM  1000    935110    0.00    0.00    0.00    0.00    0.00    18  grafana
01:19:45 PM  1000    935111    0.00    0.00    0.00    0.00    0.00    20  run-otelcol.sh
01:19:45 PM  1000    935114    0.00    0.00    0.00    0.00    0.00    18  run-prometheus.
01:19:45 PM  1000    935116    3.00    0.00    0.00    0.00    3.00    20  otelcol-contrib
01:19:45 PM  1000    935117    0.00    0.00    0.00    0.00    0.00    20  run-tempo.sh
01:19:45 PM  1000    935124    0.00    0.00    0.00    0.00    0.00    16  run-pyroscope.s
01:19:45 PM  1000    935125    0.00    0.00    0.00    0.00    0.00    16  prometheus
01:19:45 PM  1000    935128   35.00    1.00    0.00    0.00   36.00    18  tempo
01:19:45 PM  1000    935129    0.00    0.00    0.00    0.00    0.00    20  loki
01:19:45 PM  1000    935131    0.00    0.00    0.00    0.00    0.00    16  pyroscope

01:19:44 PM   UID       PID   cswch/s nvcswch/s  Command
01:19:45 PM  1000    935106      0.00      0.00  run-grafana.sh
01:19:45 PM  1000    935108      0.00      0.00  run-loki.sh
01:19:45 PM  1000    935110     29.00      0.00  grafana
01:19:45 PM  1000    935111      0.00      0.00  run-otelcol.sh
01:19:45 PM  1000    935114      0.00      0.00  run-prometheus.
01:19:45 PM  1000    935116      0.00      0.00  otelcol-contrib
01:19:45 PM  1000    935117      0.00      0.00  run-tempo.sh
01:19:45 PM  1000    935124      0.00      0.00  run-pyroscope.s
01:19:45 PM  1000    935125      1.00      0.00  prometheus
01:19:45 PM  1000    935128     68.00     11.00  tempo
01:19:45 PM  1000    935129     47.00      0.00  loki
01:19:45 PM  1000    935131      0.00      0.00  pyroscope

01:19:45 PM   UID       PID    %usr %system  %guest   %wait    %CPU   CPU  Command
01:19:46 PM  1000    935106    0.00    0.00    0.00    0.00    0.00    18  run-grafana.sh
01:19:46 PM  1000    935108    0.00    0.00    0.00    0.00    0.00    20  run-loki.sh
01:19:46 PM  1000    935110    0.00    0.00    0.00    0.00    0.00    18  grafana
01:19:46 PM  1000    935111    0.00    0.00    0.00    0.00    0.00    20  run-otelcol.sh
01:19:46 PM  1000    935114    0.00    0.00    0.00    0.00    0.00    18  run-prometheus.
01:19:46 PM  1000    935116    6.00    1.00    0.00    0.00    7.00    20  otelcol-contrib
01:19:46 PM  1000    935117    0.00    0.00    0.00    0.00    0.00    20  run-tempo.sh
01:19:46 PM  1000    935124    0.00    0.00    0.00    0.00    0.00    16  run-pyroscope.s
01:19:46 PM  1000    935125    0.00    0.00    0.00    0.00    0.00    16  prometheus
01:19:46 PM  1000    935128   11.00    0.00    0.00    0.00   11.00    16  tempo
01:19:46 PM  1000    935129    0.00    0.00    0.00    0.00    0.00    16  loki
01:19:46 PM  1000    935131    1.00    0.00    0.00    0.00    1.00    16  pyroscope

01:19:45 PM   UID       PID   cswch/s nvcswch/s  Command
01:19:46 PM  1000    935106      0.00      0.00  run-grafana.sh
01:19:46 PM  1000    935108      0.00      0.00  run-loki.sh
01:19:46 PM  1000    935110     15.00      0.00  grafana
01:19:46 PM  1000    935111      0.00      0.00  run-otelcol.sh
01:19:46 PM  1000    935114      0.00      0.00  run-prometheus.
01:19:46 PM  1000    935116      0.00      0.00  otelcol-contrib
01:19:46 PM  1000    935117      0.00      0.00  run-tempo.sh
01:19:46 PM  1000    935124      0.00      0.00  run-pyroscope.s
01:19:46 PM  1000    935125      0.00      0.00  prometheus
01:19:46 PM  1000    935128     91.00      1.00  tempo
01:19:46 PM  1000    935129     33.00      0.00  loki
01:19:46 PM  1000    935131      0.00      0.00  pyroscope

01:19:46 PM   UID       PID    %usr %system  %guest   %wait    %CPU   CPU  Command
01:19:47 PM  1000    935106    0.00    0.00    0.00    0.00    0.00    18  run-grafana.sh
01:19:47 PM  1000    935108    0.00    0.00    0.00    0.00    0.00    20  run-loki.sh
01:19:47 PM  1000    935110    0.00    0.00    0.00    0.00    0.00    18  grafana
01:19:47 PM  1000    935111    0.00    0.00    0.00    0.00    0.00    20  run-otelcol.sh
01:19:47 PM  1000    935114    0.00    0.00    0.00    0.00    0.00    18  run-prometheus.
01:19:47 PM  1000    935116    2.00    0.00    0.00    0.00    2.00    20  otelcol-contrib
01:19:47 PM  1000    935117    0.00    0.00    0.00    0.00    0.00    20  run-tempo.sh
01:19:47 PM  1000    935124    0.00    0.00    0.00    0.00    0.00    16  run-pyroscope.s
01:19:47 PM  1000    935125    0.00    0.00    0.00    0.00    0.00    16  prometheus
01:19:47 PM  1000    935128   37.00    1.00    0.00    1.00   38.00    20  tempo
01:19:47 PM  1000    935129    1.00    0.00    0.00    0.00    1.00    18  loki
01:19:47 PM  1000    935131    0.00    0.00    0.00    0.00    0.00    16  pyroscope

01:19:46 PM   UID       PID   cswch/s nvcswch/s  Command
01:19:47 PM  1000    935106      0.00      0.00  run-grafana.sh
01:19:47 PM  1000    935108      0.00      0.00  run-loki.sh
01:19:47 PM  1000    935110     18.00      0.00  grafana
01:19:47 PM  1000    935111      0.00      0.00  run-otelcol.sh
01:19:47 PM  1000    935114      0.00      0.00  run-prometheus.
01:19:47 PM  1000    935116      0.00      0.00  otelcol-contrib
01:19:47 PM  1000    935117      0.00      0.00  run-tempo.sh
01:19:47 PM  1000    935124      0.00      0.00  run-pyroscope.s
01:19:47 PM  1000    935125      0.00      0.00  prometheus
01:19:47 PM  1000    935128     84.00     22.00  tempo
01:19:47 PM  1000    935129     35.00      0.00  loki
01:19:47 PM  1000    935131      0.00      0.00  pyroscope

01:19:47 PM   UID       PID    %usr %system  %guest   %wait    %CPU   CPU  Command
01:19:48 PM  1000    935106    0.00    0.00    0.00    0.00    0.00    18  run-grafana.sh
01:19:48 PM  1000    935108    0.00    0.00    0.00    0.00    0.00    20  run-loki.sh
01:19:48 PM  1000    935110    0.00    0.00    0.00    0.00    0.00    18  grafana
01:19:48 PM  1000    935111    0.00    0.00    0.00    0.00    0.00    20  run-otelcol.sh
01:19:48 PM  1000    935114    0.00    0.00    0.00    0.00    0.00    18  run-prometheus.
01:19:48 PM  1000    935116    3.00    0.00    0.00    0.00    3.00    20  otelcol-contrib
01:19:48 PM  1000    935117    0.00    0.00    0.00    0.00    0.00    20  run-tempo.sh
01:19:48 PM  1000    935124    0.00    0.00    0.00    0.00    0.00    16  run-pyroscope.s
01:19:48 PM  1000    935125    1.00    0.00    0.00    0.00    1.00    16  prometheus
01:19:48 PM  1000    935128   10.00    1.00    0.00    0.00   11.00    16  tempo
01:19:48 PM  1000    935129    0.00    0.00    0.00    0.00    0.00    18  loki
01:19:48 PM  1000    935131    0.00    0.00    0.00    0.00    0.00    16  pyroscope

01:19:47 PM   UID       PID   cswch/s nvcswch/s  Command
01:19:48 PM  1000    935106      0.00      0.00  run-grafana.sh
01:19:48 PM  1000    935108      0.00      0.00  run-loki.sh
01:19:48 PM  1000    935110     19.00      0.00  grafana
01:19:48 PM  1000    935111      0.00      0.00  run-otelcol.sh
01:19:48 PM  1000    935114      0.00      0.00  run-prometheus.
01:19:48 PM  1000    935116      0.00      0.00  otelcol-contrib
01:19:48 PM  1000    935117      0.00      0.00  run-tempo.sh
01:19:48 PM  1000    935124      0.00      0.00  run-pyroscope.s
01:19:48 PM  1000    935125      0.00      0.00  prometheus
01:19:48 PM  1000    935128     96.00      0.00  tempo
01:19:48 PM  1000    935129     29.00      0.00  loki
01:19:48 PM  1000    935131      0.00      0.00  pyroscope

01:19:48 PM   UID       PID    %usr %system  %guest   %wait    %CPU   CPU  Command
01:19:49 PM  1000    935106    0.00    0.00    0.00    0.00    0.00    18  run-grafana.sh
01:19:49 PM  1000    935108    0.00    0.00    0.00    0.00    0.00    20  run-loki.sh
01:19:49 PM  1000    935110    3.00    0.00    0.00    0.00    3.00    16  grafana
01:19:49 PM  1000    935111    0.00    0.00    0.00    0.00    0.00    20  run-otelcol.sh
01:19:49 PM  1000    935114    0.00    0.00    0.00    0.00    0.00    18  run-prometheus.
01:19:49 PM  1000    935116    4.00    0.00    0.00    0.00    4.00    20  otelcol-contrib
01:19:49 PM  1000    935117    0.00    0.00    0.00    0.00    0.00    20  run-tempo.sh
01:19:49 PM  1000    935124    0.00    0.00    0.00    0.00    0.00    16  run-pyroscope.s
01:19:49 PM  1000    935125    0.00    0.00    0.00    0.00    0.00    16  prometheus
01:19:49 PM  1000    935128   11.00    2.00    0.00    0.00   13.00    18  tempo
01:19:49 PM  1000    935129    0.00    0.00    0.00    0.00    0.00    16  loki
01:19:49 PM  1000    935131    0.00    0.00    0.00    0.00    0.00    16  pyroscope

01:19:48 PM   UID       PID   cswch/s nvcswch/s  Command
01:19:49 PM  1000    935106      0.00      0.00  run-grafana.sh
01:19:49 PM  1000    935108      0.00      0.00  run-loki.sh
01:19:49 PM  1000    935110     16.00      0.00  grafana
01:19:49 PM  1000    935111      0.00      0.00  run-otelcol.sh
01:19:49 PM  1000    935114      0.00      0.00  run-prometheus.
01:19:49 PM  1000    935116      0.00      0.00  otelcol-contrib
01:19:49 PM  1000    935117      0.00      0.00  run-tempo.sh
01:19:49 PM  1000    935124      0.00      0.00  run-pyroscope.s
01:19:49 PM  1000    935125      0.00      0.00  prometheus
01:19:49 PM  1000    935128     81.00      5.00  tempo
01:19:49 PM  1000    935129      9.00      0.00  loki
01:19:49 PM  1000    935131      0.00      0.00  pyroscope

01:19:49 PM   UID       PID    %usr %system  %guest   %wait    %CPU   CPU  Command
01:19:50 PM  1000    935106    0.00    0.00    0.00    0.00    0.00    18  run-grafana.sh
01:19:50 PM  1000    935108    0.00    0.00    0.00    0.00    0.00    20  run-loki.sh
01:19:50 PM  1000    935110    0.00    0.00    0.00    0.00    0.00    20  grafana
01:19:50 PM  1000    935111    0.00    0.00    0.00    0.00    0.00    20  run-otelcol.sh
01:19:50 PM  1000    935114    0.00    0.00    0.00    0.00    0.00    18  run-prometheus.
01:19:50 PM  1000    935116    2.00    1.00    0.00    0.00    3.00    20  otelcol-contrib
01:19:50 PM  1000    935117    0.00    0.00    0.00    0.00    0.00    20  run-tempo.sh
01:19:50 PM  1000    935124    0.00    0.00    0.00    0.00    0.00    16  run-pyroscope.s
01:19:50 PM  1000    935125    0.00    0.00    0.00    0.00    0.00    16  prometheus
01:19:50 PM  1000    935128   29.00    1.00    0.00    0.00   30.00    16  tempo
01:19:50 PM  1000    935129    0.00    0.00    0.00    0.00    0.00    20  loki
01:19:50 PM  1000    935131    0.00    0.00    0.00    0.00    0.00    16  pyroscope

01:19:49 PM   UID       PID   cswch/s nvcswch/s  Command
01:19:50 PM  1000    935106      0.00      0.00  run-grafana.sh
01:19:50 PM  1000    935108      0.00      0.00  run-loki.sh
01:19:50 PM  1000    935110     10.00      0.00  grafana
01:19:50 PM  1000    935111      0.00      0.00  run-otelcol.sh
01:19:50 PM  1000    935114      0.00      0.00  run-prometheus.
01:19:50 PM  1000    935116      0.00      0.00  otelcol-contrib
01:19:50 PM  1000    935117      0.00      0.00  run-tempo.sh
01:19:50 PM  1000    935124      0.00      0.00  run-pyroscope.s
01:19:50 PM  1000    935125      0.00      0.00  prometheus
01:19:50 PM  1000    935128     81.00      6.00  tempo
01:19:50 PM  1000    935129     42.00      0.00  loki
01:19:50 PM  1000    935131      0.00      0.00  pyroscope

01:19:50 PM   UID       PID    %usr %system  %guest   %wait    %CPU   CPU  Command
01:19:51 PM  1000    935106    0.00    0.00    0.00    0.00    0.00    18  run-grafana.sh
01:19:51 PM  1000    935108    0.00    0.00    0.00    0.00    0.00    20  run-loki.sh
01:19:51 PM  1000    935110    0.00    0.00    0.00    0.00    0.00    16  grafana
01:19:51 PM  1000    935111    0.00    0.00    0.00    0.00    0.00    20  run-otelcol.sh
01:19:51 PM  1000    935114    0.00    0.00    0.00    0.00    0.00    18  run-prometheus.
01:19:51 PM  1000    935116    6.00    0.00    0.00    0.00    6.00    20  otelcol-contrib
01:19:51 PM  1000    935117    0.00    0.00    0.00    0.00    0.00    20  run-tempo.sh
01:19:51 PM  1000    935124    0.00    0.00    0.00    0.00    0.00    16  run-pyroscope.s
01:19:51 PM  1000    935125    0.00    0.00    0.00    0.00    0.00    16  prometheus
01:19:51 PM  1000    935128   89.00    4.00    0.00    0.00   93.00    18  tempo
01:19:51 PM  1000    935129    2.00    0.00    0.00    0.00    2.00    18  loki
01:19:51 PM  1000    935131    1.00    0.00    0.00    0.00    1.00    16  pyroscope

01:19:50 PM   UID       PID   cswch/s nvcswch/s  Command
01:19:51 PM  1000    935106      0.00      0.00  run-grafana.sh
01:19:51 PM  1000    935108      0.00      0.00  run-loki.sh
01:19:51 PM  1000    935110     16.00      0.00  grafana
01:19:51 PM  1000    935111      0.00      0.00  run-otelcol.sh
01:19:51 PM  1000    935114      0.00      0.00  run-prometheus.
01:19:51 PM  1000    935116      0.00      0.00  otelcol-contrib
01:19:51 PM  1000    935117      0.00      0.00  run-tempo.sh
01:19:51 PM  1000    935124      0.00      0.00  run-pyroscope.s
01:19:51 PM  1000    935125      0.00      0.00  prometheus
01:19:51 PM  1000    935128     62.00     26.00  tempo
01:19:51 PM  1000    935129     27.00      0.00  loki
01:19:51 PM  1000    935131      0.00      0.00  pyroscope

01:19:51 PM   UID       PID    %usr %system  %guest   %wait    %CPU   CPU  Command
01:19:52 PM  1000    935106    0.00    0.00    0.00    0.00    0.00    18  run-grafana.sh
01:19:52 PM  1000    935108    0.00    0.00    0.00    0.00    0.00    20  run-loki.sh
01:19:52 PM  1000    935110    0.00    0.00    0.00    0.00    0.00    20  grafana
01:19:52 PM  1000    935111    0.00    0.00    0.00    0.00    0.00    20  run-otelcol.sh
01:19:52 PM  1000    935114    0.00    0.00    0.00    0.00    0.00    18  run-prometheus.
01:19:52 PM  1000    935116    3.00    0.00    0.00    0.00    3.00    20  otelcol-contrib
01:19:52 PM  1000    935117    0.00    0.00    0.00    0.00    0.00    20  run-tempo.sh
01:19:52 PM  1000    935124    0.00    0.00    0.00    0.00    0.00    16  run-pyroscope.s
01:19:52 PM  1000    935125    0.00    0.00    0.00    0.00    0.00    16  prometheus
01:19:52 PM  1000    935128  136.00    6.00    0.00    1.00  142.00    16  tempo
01:19:52 PM  1000    935129    0.00    1.00    0.00    0.00    1.00    16  loki
01:19:52 PM  1000    935131    0.00    1.00    0.00    0.00    1.00    16  pyroscope

01:19:51 PM   UID       PID   cswch/s nvcswch/s  Command
01:19:52 PM  1000    935106      0.00      0.00  run-grafana.sh
01:19:52 PM  1000    935108      0.00      0.00  run-loki.sh
01:19:52 PM  1000    935110     15.00      0.00  grafana
01:19:52 PM  1000    935111      0.00      0.00  run-otelcol.sh
01:19:52 PM  1000    935114      0.00      0.00  run-prometheus.
01:19:52 PM  1000    935116      0.00      0.00  otelcol-contrib
01:19:52 PM  1000    935117      0.00      0.00  run-tempo.sh
01:19:52 PM  1000    935124      0.00      0.00  run-pyroscope.s
01:19:52 PM  1000    935125      0.00      0.00  prometheus
01:19:52 PM  1000    935128     90.00     11.00  tempo
01:19:52 PM  1000    935129     43.00      0.00  loki
01:19:52 PM  1000    935131      0.00      0.00  pyroscope

01:19:52 PM   UID       PID    %usr %system  %guest   %wait    %CPU   CPU  Command
01:19:53 PM  1000    935106    0.00    0.00    0.00    0.00    0.00    18  run-grafana.sh
01:19:53 PM  1000    935108    0.00    0.00    0.00    0.00    0.00    20  run-loki.sh
01:19:53 PM  1000    935110    0.00    0.00    0.00    0.00    0.00    20  grafana
01:19:53 PM  1000    935111    0.00    0.00    0.00    0.00    0.00    20  run-otelcol.sh
01:19:53 PM  1000    935114    0.00    0.00    0.00    0.00    0.00    18  run-prometheus.
01:19:53 PM  1000    935116    3.00    0.00    0.00    0.00    3.00    20  otelcol-contrib
01:19:53 PM  1000    935117    0.00    0.00    0.00    0.00    0.00    20  run-tempo.sh
01:19:53 PM  1000    935124    0.00    0.00    0.00    0.00    0.00    16  run-pyroscope.s
01:19:53 PM  1000    935125    0.00    1.00    0.00    0.00    1.00    16  prometheus
01:19:53 PM  1000    935128  159.00    9.00    0.00    1.00  168.00    16  tempo
01:19:53 PM  1000    935129    0.00    0.00    0.00    0.00    0.00    20  loki
01:19:53 PM  1000    935131    0.00    0.00    0.00    0.00    0.00    16  pyroscope

01:19:52 PM   UID       PID   cswch/s nvcswch/s  Command
01:19:53 PM  1000    935106      0.00      0.00  run-grafana.sh
01:19:53 PM  1000    935108      0.00      0.00  run-loki.sh
01:19:53 PM  1000    935110      0.00      0.00  grafana
01:19:53 PM  1000    935111      0.00      0.00  run-otelcol.sh
01:19:53 PM  1000    935114      0.00      0.00  run-prometheus.
01:19:53 PM  1000    935116      0.00      0.00  otelcol-contrib
01:19:53 PM  1000    935117      0.00      0.00  run-tempo.sh
01:19:53 PM  1000    935124      0.00      0.00  run-pyroscope.s
01:19:53 PM  1000    935125      0.00      0.00  prometheus
01:19:53 PM  1000    935128     86.00     37.00  tempo
01:19:53 PM  1000    935129     40.00      0.00  loki
01:19:53 PM  1000    935131      0.00      0.00  pyroscope

01:19:53 PM   UID       PID    %usr %system  %guest   %wait    %CPU   CPU  Command
01:19:54 PM  1000    935106    0.00    0.00    0.00    0.00    0.00    18  run-grafana.sh
01:19:54 PM  1000    935108    0.00    0.00    0.00    0.00    0.00    20  run-loki.sh
01:19:54 PM  1000    935110    0.00    0.00    0.00    0.00    0.00    20  grafana
01:19:54 PM  1000    935111    0.00    0.00    0.00    0.00    0.00    20  run-otelcol.sh
01:19:54 PM  1000    935114    0.00    0.00    0.00    0.00    0.00    18  run-prometheus.
01:19:54 PM  1000    935116    3.00    1.00    0.00    0.00    4.00    20  otelcol-contrib
01:19:54 PM  1000    935117    0.00    0.00    0.00    0.00    0.00    20  run-tempo.sh
01:19:54 PM  1000    935124    0.00    0.00    0.00    0.00    0.00    16  run-pyroscope.s
01:19:54 PM  1000    935125    0.00    0.00    0.00    0.00    0.00    16  prometheus
01:19:54 PM  1000    935128   90.00    3.00    0.00    0.00   93.00    16  tempo
01:19:54 PM  1000    935129    0.00    0.00    0.00    1.00    0.00    18  loki
01:19:54 PM  1000    935131    4.00    0.00    0.00    0.00    4.00    16  pyroscope

01:19:53 PM   UID       PID   cswch/s nvcswch/s  Command
01:19:54 PM  1000    935106      0.00      0.00  run-grafana.sh
01:19:54 PM  1000    935108      0.00      0.00  run-loki.sh
01:19:54 PM  1000    935110      0.00      0.00  grafana
01:19:54 PM  1000    935111      0.00      0.00  run-otelcol.sh
01:19:54 PM  1000    935114      0.00      0.00  run-prometheus.
01:19:54 PM  1000    935116      0.00      0.00  otelcol-contrib
01:19:54 PM  1000    935117      0.00      0.00  run-tempo.sh
01:19:54 PM  1000    935124      0.00      0.00  run-pyroscope.s
01:19:54 PM  1000    935125      0.00      0.00  prometheus
01:19:54 PM  1000    935128     79.00     16.00  tempo
01:19:54 PM  1000    935129     53.00      0.00  loki
01:19:54 PM  1000    935131      0.00      0.00  pyroscope

01:19:54 PM   UID       PID    %usr %system  %guest   %wait    %CPU   CPU  Command
01:19:55 PM  1000    935106    0.00    0.00    0.00    0.00    0.00    18  run-grafana.sh
01:19:55 PM  1000    935108    0.00    0.00    0.00    0.00    0.00    20  run-loki.sh
01:19:55 PM  1000    935110    0.00    0.00    0.00    0.00    0.00    20  grafana
01:19:55 PM  1000    935111    0.00    0.00    0.00    0.00    0.00    20  run-otelcol.sh
01:19:55 PM  1000    935114    0.00    0.00    0.00    0.00    0.00    18  run-prometheus.
01:19:55 PM  1000    935116    3.00    0.00    0.00    0.00    3.00    20  otelcol-contrib
01:19:55 PM  1000    935117    0.00    0.00    0.00    0.00    0.00    20  run-tempo.sh
01:19:55 PM  1000    935124    0.00    0.00    0.00    0.00    0.00    16  run-pyroscope.s
01:19:55 PM  1000    935125    0.00    0.00    0.00    0.00    0.00    16  prometheus
01:19:55 PM  1000    935128   11.00    2.00    0.00    0.00   13.00    18  tempo
01:19:55 PM  1000    935129    1.00    0.00    0.00    0.00    1.00    20  loki
01:19:55 PM  1000    935131    0.00    0.00    0.00    0.00    0.00    16  pyroscope

01:19:54 PM   UID       PID   cswch/s nvcswch/s  Command
01:19:55 PM  1000    935106      0.00      0.00  run-grafana.sh
01:19:55 PM  1000    935108      0.00      0.00  run-loki.sh
01:19:55 PM  1000    935110      0.00      0.00  grafana
01:19:55 PM  1000    935111      0.00      0.00  run-otelcol.sh
01:19:55 PM  1000    935114      0.00      0.00  run-prometheus.
01:19:55 PM  1000    935116      0.00      0.00  otelcol-contrib
01:19:55 PM  1000    935117      0.00      0.00  run-tempo.sh
01:19:55 PM  1000    935124      0.00      0.00  run-pyroscope.s
01:19:55 PM  1000    935125      0.00      0.00  prometheus
01:19:55 PM  1000    935128    133.00      1.00  tempo
01:19:55 PM  1000    935129     43.00      0.00  loki
01:19:55 PM  1000    935131      0.00      0.00  pyroscope

01:19:55 PM   UID       PID    %usr %system  %guest   %wait    %CPU   CPU  Command
01:19:56 PM  1000    935106    0.00    0.00    0.00    0.00    0.00    18  run-grafana.sh
01:19:56 PM  1000    935108    0.00    0.00    0.00    0.00    0.00    20  run-loki.sh
01:19:56 PM  1000    935110    1.00    0.00    0.00    0.00    1.00    18  grafana
01:19:56 PM  1000    935111    0.00    0.00    0.00    0.00    0.00    20  run-otelcol.sh
01:19:56 PM  1000    935114    0.00    0.00    0.00    0.00    0.00    18  run-prometheus.
01:19:56 PM  1000    935116    5.00    0.00    0.00    0.00    5.00    20  otelcol-contrib
01:19:56 PM  1000    935117    0.00    0.00    0.00    0.00    0.00    20  run-tempo.sh
01:19:56 PM  1000    935124    0.00    0.00    0.00    0.00    0.00    16  run-pyroscope.s
01:19:56 PM  1000    935125    0.00    0.00    0.00    0.00    0.00    16  prometheus
01:19:56 PM  1000    935128   37.00    6.00    0.00    1.00   43.00    20  tempo
01:19:56 PM  1000    935129    0.00    0.00    0.00    0.00    0.00    18  loki
01:19:56 PM  1000    935131    0.00    0.00    0.00    0.00    0.00    16  pyroscope

01:19:55 PM   UID       PID   cswch/s nvcswch/s  Command
01:19:56 PM  1000    935106      0.00      0.00  run-grafana.sh
01:19:56 PM  1000    935108      0.00      0.00  run-loki.sh
01:19:56 PM  1000    935110     18.00      0.00  grafana
01:19:56 PM  1000    935111      0.00      0.00  run-otelcol.sh
01:19:56 PM  1000    935114      0.00      0.00  run-prometheus.
01:19:56 PM  1000    935116      0.00      0.00  otelcol-contrib
01:19:56 PM  1000    935117      0.00      0.00  run-tempo.sh
01:19:56 PM  1000    935124      0.00      0.00  run-pyroscope.s
01:19:56 PM  1000    935125      3.00      0.00  prometheus
01:19:56 PM  1000    935128     96.00     17.00  tempo
01:19:56 PM  1000    935129     35.00      0.00  loki
01:19:56 PM  1000    935131      0.00      0.00  pyroscope

01:19:56 PM   UID       PID    %usr %system  %guest   %wait    %CPU   CPU  Command
01:19:57 PM  1000    935106    0.00    0.00    0.00    0.00    0.00    18  run-grafana.sh
01:19:57 PM  1000    935108    0.00    0.00    0.00    0.00    0.00    20  run-loki.sh
01:19:57 PM  1000    935110    0.00    0.00    0.00    0.00    0.00    16  grafana
01:19:57 PM  1000    935111    0.00    0.00    0.00    0.00    0.00    20  run-otelcol.sh
01:19:57 PM  1000    935114    0.00    0.00    0.00    0.00    0.00    18  run-prometheus.
01:19:57 PM  1000    935116    3.00    0.00    0.00    0.00    3.00    20  otelcol-contrib
01:19:57 PM  1000    935117    0.00    0.00    0.00    0.00    0.00    20  run-tempo.sh
01:19:57 PM  1000    935124    0.00    0.00    0.00    0.00    0.00    16  run-pyroscope.s
01:19:57 PM  1000    935125    0.00    0.00    0.00    0.00    0.00    20  prometheus
01:19:57 PM  1000    935128   11.00    1.00    0.00    0.00   12.00    16  tempo
01:19:57 PM  1000    935129    0.00    0.00    0.00    0.00    0.00    18  loki
01:19:57 PM  1000    935131    0.00    0.00    0.00    0.00    0.00    16  pyroscope

01:19:56 PM   UID       PID   cswch/s nvcswch/s  Command
01:19:57 PM  1000    935106      0.00      0.00  run-grafana.sh
01:19:57 PM  1000    935108      0.00      0.00  run-loki.sh
01:19:57 PM  1000    935110     16.00      0.00  grafana
01:19:57 PM  1000    935111      0.00      0.00  run-otelcol.sh
01:19:57 PM  1000    935114      0.00      0.00  run-prometheus.
01:19:57 PM  1000    935116      0.00      0.00  otelcol-contrib
01:19:57 PM  1000    935117      0.00      0.00  run-tempo.sh
01:19:57 PM  1000    935124      0.00      0.00  run-pyroscope.s
01:19:57 PM  1000    935125      2.00      0.00  prometheus
01:19:57 PM  1000    935128    108.00      6.00  tempo
01:19:57 PM  1000    935129     20.00      0.00  loki
01:19:57 PM  1000    935131      0.00      0.00  pyroscope

01:19:57 PM   UID       PID    %usr %system  %guest   %wait    %CPU   CPU  Command
01:19:58 PM  1000    935106    0.00    0.00    0.00    0.00    0.00    18  run-grafana.sh
01:19:58 PM  1000    935108    0.00    0.00    0.00    0.00    0.00    20  run-loki.sh
01:19:58 PM  1000    935110    0.00    0.00    0.00    0.00    0.00    20  grafana
01:19:58 PM  1000    935111    0.00    0.00    0.00    0.00    0.00    20  run-otelcol.sh
01:19:58 PM  1000    935114    0.00    0.00    0.00    0.00    0.00    18  run-prometheus.
01:19:58 PM  1000    935116    3.00    1.00    0.00    0.00    4.00    20  otelcol-contrib
01:19:58 PM  1000    935117    0.00    0.00    0.00    0.00    0.00    20  run-tempo.sh
01:19:58 PM  1000    935124    0.00    0.00    0.00    0.00    0.00    16  run-pyroscope.s
01:19:58 PM  1000    935125    0.00    0.00    0.00    0.00    0.00    18  prometheus
01:19:58 PM  1000    935128   11.00    1.00    0.00    0.00   12.00    18  tempo
01:19:58 PM  1000    935129    0.00    0.00    0.00    0.00    0.00    20  loki
01:19:58 PM  1000    935131    1.00    0.00    0.00    0.00    1.00    16  pyroscope

01:19:57 PM   UID       PID   cswch/s nvcswch/s  Command
01:19:58 PM  1000    935106      0.00      0.00  run-grafana.sh
01:19:58 PM  1000    935108      0.00      0.00  run-loki.sh
01:19:58 PM  1000    935110     11.00      0.00  grafana
01:19:58 PM  1000    935111      0.00      0.00  run-otelcol.sh
01:19:58 PM  1000    935114      0.00      0.00  run-prometheus.
01:19:58 PM  1000    935116      0.00      0.00  otelcol-contrib
01:19:58 PM  1000    935117      0.00      0.00  run-tempo.sh
01:19:58 PM  1000    935124      0.00      0.00  run-pyroscope.s
01:19:58 PM  1000    935125      3.00      0.00  prometheus
01:19:58 PM  1000    935128     88.00      6.00  tempo
01:19:58 PM  1000    935129     28.00      0.00  loki
01:19:58 PM  1000    935131      0.00      0.00  pyroscope

01:19:58 PM   UID       PID    %usr %system  %guest   %wait    %CPU   CPU  Command
01:19:59 PM  1000    935106    0.00    0.00    0.00    0.00    0.00    18  run-grafana.sh
01:19:59 PM  1000    935108    0.00    0.00    0.00    0.00    0.00    20  run-loki.sh
01:19:59 PM  1000    935110    3.00    1.00    0.00    0.00    4.00    16  grafana
01:19:59 PM  1000    935111    0.00    0.00    0.00    0.00    0.00    20  run-otelcol.sh
01:19:59 PM  1000    935114    0.00    0.00    0.00    0.00    0.00    18  run-prometheus.
01:19:59 PM  1000    935116    3.00    0.00    0.00    0.00    3.00    20  otelcol-contrib
01:19:59 PM  1000    935117    0.00    0.00    0.00    0.00    0.00    20  run-tempo.sh
01:19:59 PM  1000    935124    0.00    0.00    0.00    0.00    0.00    16  run-pyroscope.s
01:19:59 PM  1000    935125    0.00    0.00    0.00    0.00    0.00    16  prometheus
01:19:59 PM  1000    935128   29.00    2.00    0.00    0.00   31.00    18  tempo
01:19:59 PM  1000    935129    1.00    0.00    0.00    0.00    1.00    20  loki
01:19:59 PM  1000    935131    0.00    0.00    0.00    0.00    0.00    16  pyroscope

01:19:58 PM   UID       PID   cswch/s nvcswch/s  Command
01:19:59 PM  1000    935106      0.00      0.00  run-grafana.sh
01:19:59 PM  1000    935108      0.00      0.00  run-loki.sh
01:19:59 PM  1000    935110     33.00      0.00  grafana
01:19:59 PM  1000    935111      0.00      0.00  run-otelcol.sh
01:19:59 PM  1000    935114      0.00      0.00  run-prometheus.
01:19:59 PM  1000    935116      0.00      0.00  otelcol-contrib
01:19:59 PM  1000    935117      0.00      0.00  run-tempo.sh
01:19:59 PM  1000    935124      0.00      0.00  run-pyroscope.s
01:19:59 PM  1000    935125      2.00      0.00  prometheus
01:19:59 PM  1000    935128     83.00     22.00  tempo
01:19:59 PM  1000    935129     40.00      0.00  loki
01:19:59 PM  1000    935131      0.00      0.00  pyroscope

01:19:59 PM   UID       PID    %usr %system  %guest   %wait    %CPU   CPU  Command
01:20:00 PM  1000    935106    0.00    0.00    0.00    0.00    0.00    18  run-grafana.sh
01:20:00 PM  1000    935108    0.00    0.00    0.00    0.00    0.00    20  run-loki.sh
01:20:00 PM  1000    935110    0.00    0.00    0.00    0.00    0.00    16  grafana
01:20:00 PM  1000    935111    0.00    0.00    0.00    0.00    0.00    20  run-otelcol.sh
01:20:00 PM  1000    935114    0.00    0.00    0.00    0.00    0.00    18  run-prometheus.
01:20:00 PM  1000    935116    3.00    0.00    0.00    0.00    3.00    20  otelcol-contrib
01:20:00 PM  1000    935117    0.00    0.00    0.00    0.00    0.00    20  run-tempo.sh
01:20:00 PM  1000    935124    0.00    0.00    0.00    0.00    0.00    16  run-pyroscope.s
01:20:00 PM  1000    935125    0.00    0.00    0.00    0.00    0.00    20  prometheus
01:20:00 PM  1000    935128   10.00    0.00    0.00    0.00   10.00    16  tempo
01:20:00 PM  1000    935129    0.00    0.00    0.00    0.00    0.00    20  loki
01:20:00 PM  1000    935131    0.00    0.00    0.00    0.00    0.00    16  pyroscope

01:19:59 PM   UID       PID   cswch/s nvcswch/s  Command
01:20:00 PM  1000    935106      0.00      0.00  run-grafana.sh
01:20:00 PM  1000    935108      0.00      0.00  run-loki.sh
01:20:00 PM  1000    935110     19.00      0.00  grafana
01:20:00 PM  1000    935111      0.00      0.00  run-otelcol.sh
01:20:00 PM  1000    935114      0.00      0.00  run-prometheus.
01:20:00 PM  1000    935116      0.00      0.00  otelcol-contrib
01:20:00 PM  1000    935117      0.00      0.00  run-tempo.sh
01:20:00 PM  1000    935124      0.00      0.00  run-pyroscope.s
01:20:00 PM  1000    935125      1.00      0.00  prometheus
01:20:00 PM  1000    935128     88.00      5.00  tempo
01:20:00 PM  1000    935129     50.00      0.00  loki
01:20:00 PM  1000    935131      0.00      0.00  pyroscope

01:20:00 PM   UID       PID    %usr %system  %guest   %wait    %CPU   CPU  Command
01:20:01 PM  1000    935106    0.00    0.00    0.00    0.00    0.00    18  run-grafana.sh
01:20:01 PM  1000    935108    0.00    0.00    0.00    0.00    0.00    20  run-loki.sh
01:20:01 PM  1000    935110    0.00    0.00    0.00    0.00    0.00    16  grafana
01:20:01 PM  1000    935111    0.00    0.00    0.00    0.00    0.00    20  run-otelcol.sh
01:20:01 PM  1000    935114    0.00    0.00    0.00    0.00    0.00    18  run-prometheus.
01:20:01 PM  1000    935116    5.00    0.00    0.00    0.00    5.00    20  otelcol-contrib
01:20:01 PM  1000    935117    0.00    0.00    0.00    0.00    0.00    20  run-tempo.sh
01:20:01 PM  1000    935124    0.00    0.00    0.00    0.00    0.00    16  run-pyroscope.s
01:20:01 PM  1000    935125    0.00    0.00    0.00    0.00    0.00    20  prometheus
01:20:01 PM  1000    935128  100.00    5.00    0.00    0.00  105.00    20  tempo
01:20:01 PM  1000    935129    0.00    0.00    0.00    0.00    0.00    20  loki
01:20:01 PM  1000    935131    0.00    0.00    0.00    0.00    0.00    16  pyroscope

01:20:00 PM   UID       PID   cswch/s nvcswch/s  Command
01:20:01 PM  1000    935106      0.00      0.00  run-grafana.sh
01:20:01 PM  1000    935108      0.00      0.00  run-loki.sh
01:20:01 PM  1000    935110      4.00      0.00  grafana
01:20:01 PM  1000    935111      0.00      0.00  run-otelcol.sh
01:20:01 PM  1000    935114      0.00      0.00  run-prometheus.
01:20:01 PM  1000    935116      0.00      0.00  otelcol-contrib
01:20:01 PM  1000    935117      0.00      0.00  run-tempo.sh
01:20:01 PM  1000    935124      0.00      0.00  run-pyroscope.s
01:20:01 PM  1000    935125      0.00      0.00  prometheus
01:20:01 PM  1000    935128     56.00     57.00  tempo
01:20:01 PM  1000    935129     33.00      0.00  loki
01:20:01 PM  1000    935131      0.00      0.00  pyroscope

01:20:01 PM   UID       PID    %usr %system  %guest   %wait    %CPU   CPU  Command
01:20:02 PM  1000    935106    0.00    0.00    0.00    0.00    0.00    18  run-grafana.sh
01:20:02 PM  1000    935108    0.00    0.00    0.00    0.00    0.00    20  run-loki.sh
01:20:02 PM  1000    935110    0.00    0.00    0.00    0.00    0.00    18  grafana
01:20:02 PM  1000    935111    0.00    0.00    0.00    0.00    0.00    20  run-otelcol.sh
01:20:02 PM  1000    935114    0.00    0.00    0.00    0.00    0.00    18  run-prometheus.
01:20:02 PM  1000    935116    3.00    1.00    0.00    0.00    4.00    20  otelcol-contrib
01:20:02 PM  1000    935117    0.00    0.00    0.00    0.00    0.00    20  run-tempo.sh
01:20:02 PM  1000    935124    0.00    0.00    0.00    0.00    0.00    16  run-pyroscope.s
01:20:02 PM  1000    935125    1.00    0.00    0.00    0.00    1.00    20  prometheus
01:20:02 PM  1000    935128   10.00    0.00    0.00    0.00   10.00    20  tempo
01:20:02 PM  1000    935129    0.00    0.00    0.00    0.00    0.00    20  loki
01:20:02 PM  1000    935131    0.00    0.00    0.00    0.00    0.00    16  pyroscope

01:20:01 PM   UID       PID   cswch/s nvcswch/s  Command
01:20:02 PM  1000    935106      0.00      0.00  run-grafana.sh
01:20:02 PM  1000    935108      0.00      0.00  run-loki.sh
01:20:02 PM  1000    935110     12.00      0.00  grafana
01:20:02 PM  1000    935111      0.00      0.00  run-otelcol.sh
01:20:02 PM  1000    935114      0.00      0.00  run-prometheus.
01:20:02 PM  1000    935116      0.00      0.00  otelcol-contrib
01:20:02 PM  1000    935117      0.00      0.00  run-tempo.sh
01:20:02 PM  1000    935124      0.00      0.00  run-pyroscope.s
01:20:02 PM  1000    935125      3.00      0.00  prometheus
01:20:02 PM  1000    935128      0.00      0.00  tempo
01:20:02 PM  1000    935129     36.00      0.00  loki
01:20:02 PM  1000    935131      0.00      0.00  pyroscope

01:20:02 PM   UID       PID    %usr %system  %guest   %wait    %CPU   CPU  Command
01:20:03 PM  1000    935106    0.00    0.00    0.00    0.00    0.00    18  run-grafana.sh
01:20:03 PM  1000    935108    0.00    0.00    0.00    0.00    0.00    20  run-loki.sh
01:20:03 PM  1000    935110    0.00    0.00    0.00    0.00    0.00    18  grafana
01:20:03 PM  1000    935111    0.00    0.00    0.00    0.00    0.00    20  run-otelcol.sh
01:20:03 PM  1000    935114    0.00    0.00    0.00    0.00    0.00    18  run-prometheus.
01:20:03 PM  1000    935116    2.00    0.00    0.00    0.00    2.00    20  otelcol-contrib
01:20:03 PM  1000    935117    0.00    0.00    0.00    0.00    0.00    20  run-tempo.sh
01:20:03 PM  1000    935124    0.00    0.00    0.00    0.00    0.00    16  run-pyroscope.s
01:20:03 PM  1000    935125    0.00    0.00    0.00    0.00    0.00    18  prometheus
01:20:03 PM  1000    935128   40.00    5.00    0.00    0.00   45.00    20  tempo
01:20:03 PM  1000    935129    1.00    0.00    0.00    0.00    1.00    20  loki
01:20:03 PM  1000    935131    1.00    0.00    0.00    0.00    1.00    16  pyroscope

01:20:02 PM   UID       PID   cswch/s nvcswch/s  Command
01:20:03 PM  1000    935106      0.00      0.00  run-grafana.sh
01:20:03 PM  1000    935108      0.00      0.00  run-loki.sh
01:20:03 PM  1000    935110     26.00      0.00  grafana
01:20:03 PM  1000    935111      0.00      0.00  run-otelcol.sh
01:20:03 PM  1000    935114      0.00      0.00  run-prometheus.
01:20:03 PM  1000    935116      0.00      0.00  otelcol-contrib
01:20:03 PM  1000    935117      0.00      0.00  run-tempo.sh
01:20:03 PM  1000    935124      0.00      0.00  run-pyroscope.s
01:20:03 PM  1000    935125      4.00      0.00  prometheus
01:20:03 PM  1000    935128      0.00      0.00  tempo
01:20:03 PM  1000    935129     38.00      0.00  loki
01:20:03 PM  1000    935131      0.00      0.00  pyroscope

01:20:03 PM   UID       PID    %usr %system  %guest   %wait    %CPU   CPU  Command
01:20:04 PM  1000    935106    0.00    0.00    0.00    0.00    0.00    18  run-grafana.sh
01:20:04 PM  1000    935108    0.00    0.00    0.00    0.00    0.00    20  run-loki.sh
01:20:04 PM  1000    935110    0.00    0.00    0.00    0.00    0.00    20  grafana
01:20:04 PM  1000    935111    0.00    0.00    0.00    0.00    0.00    20  run-otelcol.sh
01:20:04 PM  1000    935114    0.00    0.00    0.00    0.00    0.00    18  run-prometheus.
01:20:04 PM  1000    935116    3.00    0.00    0.00    0.00    3.00    20  otelcol-contrib
01:20:04 PM  1000    935117    0.00    0.00    0.00    0.00    0.00    20  run-tempo.sh
01:20:04 PM  1000    935124    0.00    0.00    0.00    0.00    0.00    16  run-pyroscope.s
01:20:04 PM  1000    935125    0.00    0.00    0.00    0.00    0.00    20  prometheus
01:20:04 PM  1000    935128   11.00    0.00    0.00    0.00   11.00    16  tempo
01:20:04 PM  1000    935129    0.00    0.00    0.00    0.00    0.00    16  loki
01:20:04 PM  1000    935131    0.00    0.00    0.00    0.00    0.00    16  pyroscope

01:20:03 PM   UID       PID   cswch/s nvcswch/s  Command
01:20:04 PM  1000    935106      0.00      0.00  run-grafana.sh
01:20:04 PM  1000    935108      0.00      0.00  run-loki.sh
01:20:04 PM  1000    935110     27.00      0.00  grafana
01:20:04 PM  1000    935111      0.00      0.00  run-otelcol.sh
01:20:04 PM  1000    935114      0.00      0.00  run-prometheus.
01:20:04 PM  1000    935116      0.00      0.00  otelcol-contrib
01:20:04 PM  1000    935117      0.00      0.00  run-tempo.sh
01:20:04 PM  1000    935124      0.00      0.00  run-pyroscope.s
01:20:04 PM  1000    935125      2.00      0.00  prometheus
01:20:04 PM  1000    935128     85.00      0.00  tempo
01:20:04 PM  1000    935129     40.00      0.00  loki
01:20:04 PM  1000    935131      0.00      0.00  pyroscope

01:20:04 PM   UID       PID    %usr %system  %guest   %wait    %CPU   CPU  Command
01:20:05 PM  1000    935106    0.00    0.00    0.00    0.00    0.00    18  run-grafana.sh
01:20:05 PM  1000    935108    0.00    0.00    0.00    0.00    0.00    20  run-loki.sh
01:20:05 PM  1000    935110    0.00    0.00    0.00    0.00    0.00    16  grafana
01:20:05 PM  1000    935111    0.00    0.00    0.00    0.00    0.00    20  run-otelcol.sh
01:20:05 PM  1000    935114    0.00    0.00    0.00    0.00    0.00    18  run-prometheus.
01:20:05 PM  1000    935116    3.00    1.00    0.00    0.00    4.00    20  otelcol-contrib
01:20:05 PM  1000    935117    0.00    0.00    0.00    0.00    0.00    20  run-tempo.sh
01:20:05 PM  1000    935124    0.00    0.00    0.00    0.00    0.00    16  run-pyroscope.s
01:20:05 PM  1000    935125    0.00    0.00    0.00    0.00    0.00    18  prometheus
01:20:05 PM  1000    935128   33.00    3.00    0.00    0.00   36.00    16  tempo
01:20:05 PM  1000    935129    0.00    0.00    0.00    0.00    0.00    18  loki
01:20:05 PM  1000    935131    0.00    0.00    0.00    0.00    0.00    16  pyroscope

01:20:04 PM   UID       PID   cswch/s nvcswch/s  Command
01:20:05 PM  1000    935106      0.00      0.00  run-grafana.sh
01:20:05 PM  1000    935108      0.00      0.00  run-loki.sh
01:20:05 PM  1000    935110     23.00      0.00  grafana
01:20:05 PM  1000    935111      0.00      0.00  run-otelcol.sh
01:20:05 PM  1000    935114      0.00      0.00  run-prometheus.
01:20:05 PM  1000    935116      0.00      0.00  otelcol-contrib
01:20:05 PM  1000    935117      0.00      0.00  run-tempo.sh
01:20:05 PM  1000    935124      0.00      0.00  run-pyroscope.s
01:20:05 PM  1000    935125      1.00      0.00  prometheus
01:20:05 PM  1000    935128     86.00      4.00  tempo
01:20:05 PM  1000    935129      2.00      0.00  loki
01:20:05 PM  1000    935131      0.00      0.00  pyroscope

01:20:05 PM   UID       PID    %usr %system  %guest   %wait    %CPU   CPU  Command
01:20:06 PM  1000    935106    0.00    0.00    0.00    0.00    0.00    18  run-grafana.sh
01:20:06 PM  1000    935108    0.00    0.00    0.00    0.00    0.00    20  run-loki.sh
01:20:06 PM  1000    935110    0.00    0.00    0.00    0.00    0.00    20  grafana
01:20:06 PM  1000    935111    0.00    0.00    0.00    0.00    0.00    20  run-otelcol.sh
01:20:06 PM  1000    935114    0.00    0.00    0.00    0.00    0.00    18  run-prometheus.
01:20:06 PM  1000    935116    5.00    0.00    0.00    0.00    5.00    20  otelcol-contrib
01:20:06 PM  1000    935117    0.00    0.00    0.00    0.00    0.00    20  run-tempo.sh
01:20:06 PM  1000    935124    0.00    0.00    0.00    0.00    0.00    16  run-pyroscope.s
01:20:06 PM  1000    935125    0.00    0.00    0.00    0.00    0.00    20  prometheus
01:20:06 PM  1000    935128   10.00    0.00    0.00    1.00   10.00    16  tempo
01:20:06 PM  1000    935129    0.00    0.00    0.00    0.00    0.00    16  loki
01:20:06 PM  1000    935131    0.00    1.00    0.00    0.00    1.00    16  pyroscope

01:20:05 PM   UID       PID   cswch/s nvcswch/s  Command
01:20:06 PM  1000    935106      0.00      0.00  run-grafana.sh
01:20:06 PM  1000    935108      0.00      0.00  run-loki.sh
01:20:06 PM  1000    935110      6.00      0.00  grafana
01:20:06 PM  1000    935111      0.00      0.00  run-otelcol.sh
01:20:06 PM  1000    935114      0.00      0.00  run-prometheus.
01:20:06 PM  1000    935116      0.00      0.00  otelcol-contrib
01:20:06 PM  1000    935117      0.00      0.00  run-tempo.sh
01:20:06 PM  1000    935124      0.00      0.00  run-pyroscope.s
01:20:06 PM  1000    935125      2.00      0.00  prometheus
01:20:06 PM  1000    935128     98.00      9.00  tempo
01:20:06 PM  1000    935129     43.00      0.00  loki
01:20:06 PM  1000    935131      0.00      0.00  pyroscope

01:20:06 PM   UID       PID    %usr %system  %guest   %wait    %CPU   CPU  Command
01:20:07 PM  1000    935106    0.00    0.00    0.00    0.00    0.00    18  run-grafana.sh
01:20:07 PM  1000    935108    0.00    0.00    0.00    0.00    0.00    20  run-loki.sh
01:20:07 PM  1000    935110    0.00    0.00    0.00    0.00    0.00    18  grafana
01:20:07 PM  1000    935111    0.00    0.00    0.00    0.00    0.00    20  run-otelcol.sh
01:20:07 PM  1000    935114    0.00    0.00    0.00    0.00    0.00    18  run-prometheus.
01:20:07 PM  1000    935116    3.00    0.00    0.00    0.00    3.00    20  otelcol-contrib
01:20:07 PM  1000    935117    0.00    0.00    0.00    0.00    0.00    20  run-tempo.sh
01:20:07 PM  1000    935124    0.00    0.00    0.00    0.00    0.00    16  run-pyroscope.s
01:20:07 PM  1000    935125    0.00    0.00    0.00    0.00    0.00    18  prometheus
01:20:07 PM  1000    935128   10.00    1.00    0.00    0.00   11.00    20  tempo
01:20:07 PM  1000    935129    1.00    0.00    0.00    0.00    1.00    16  loki
01:20:07 PM  1000    935131    0.00    0.00    0.00    0.00    0.00    16  pyroscope

01:20:06 PM   UID       PID   cswch/s nvcswch/s  Command
01:20:07 PM  1000    935106      0.00      0.00  run-grafana.sh
01:20:07 PM  1000    935108      0.00      0.00  run-loki.sh
01:20:07 PM  1000    935110     20.00      0.00  grafana
01:20:07 PM  1000    935111      0.00      0.00  run-otelcol.sh
01:20:07 PM  1000    935114      0.00      0.00  run-prometheus.
01:20:07 PM  1000    935116      0.00      0.00  otelcol-contrib
01:20:07 PM  1000    935117      0.00      0.00  run-tempo.sh
01:20:07 PM  1000    935124      0.00      0.00  run-pyroscope.s
01:20:07 PM  1000    935125      2.00      0.00  prometheus
01:20:07 PM  1000    935128    101.00      4.00  tempo
01:20:07 PM  1000    935129     40.00      0.00  loki
01:20:07 PM  1000    935131      0.00      0.00  pyroscope

01:20:07 PM   UID       PID    %usr %system  %guest   %wait    %CPU   CPU  Command
01:20:08 PM  1000    935106    0.00    0.00    0.00    0.00    0.00    18  run-grafana.sh
01:20:08 PM  1000    935108    0.00    0.00    0.00    0.00    0.00    20  run-loki.sh
01:20:08 PM  1000    935110    1.00    0.00    0.00    0.00    1.00    18  grafana
01:20:08 PM  1000    935111    0.00    0.00    0.00    0.00    0.00    20  run-otelcol.sh
01:20:08 PM  1000    935114    0.00    0.00    0.00    0.00    0.00    18  run-prometheus.
01:20:08 PM  1000    935116    3.00    0.00    0.00    0.00    3.00    20  otelcol-contrib
01:20:08 PM  1000    935117    0.00    0.00    0.00    0.00    0.00    20  run-tempo.sh
01:20:08 PM  1000    935124    0.00    0.00    0.00    0.00    0.00    16  run-pyroscope.s
01:20:08 PM  1000    935125    0.00    0.00    0.00    0.00    0.00    18  prometheus
01:20:08 PM  1000    935128   34.00    0.00    0.00    0.00   34.00    18  tempo
01:20:08 PM  1000    935129    0.00    0.00    0.00    0.00    0.00    16  loki
01:20:08 PM  1000    935131    0.00    0.00    0.00    0.00    0.00    16  pyroscope

01:20:07 PM   UID       PID   cswch/s nvcswch/s  Command
01:20:08 PM  1000    935106      0.00      0.00  run-grafana.sh
01:20:08 PM  1000    935108      0.00      0.00  run-loki.sh
01:20:08 PM  1000    935110     12.00      0.00  grafana
01:20:08 PM  1000    935111      0.00      0.00  run-otelcol.sh
01:20:08 PM  1000    935114      0.00      0.00  run-prometheus.
01:20:08 PM  1000    935116      0.00      0.00  otelcol-contrib
01:20:08 PM  1000    935117      0.00      0.00  run-tempo.sh
01:20:08 PM  1000    935124      0.00      0.00  run-pyroscope.s
01:20:08 PM  1000    935125      1.00      0.00  prometheus
01:20:08 PM  1000    935128     74.00      5.00  tempo
01:20:08 PM  1000    935129     39.00      0.00  loki
01:20:08 PM  1000    935131      0.00      0.00  pyroscope

01:20:08 PM   UID       PID    %usr %system  %guest   %wait    %CPU   CPU  Command
01:20:09 PM  1000    935106    0.00    0.00    0.00    0.00    0.00    18  run-grafana.sh
01:20:09 PM  1000    935108    0.00    0.00    0.00    0.00    0.00    20  run-loki.sh
01:20:09 PM  1000    935110    2.00    0.00    0.00    0.00    2.00    16  grafana
01:20:09 PM  1000    935111    0.00    0.00    0.00    0.00    0.00    20  run-otelcol.sh
01:20:09 PM  1000    935114    0.00    0.00    0.00    0.00    0.00    18  run-prometheus.
01:20:09 PM  1000    935116    3.00    0.00    0.00    0.00    3.00    20  otelcol-contrib
01:20:09 PM  1000    935117    0.00    0.00    0.00    0.00    0.00    20  run-tempo.sh
01:20:09 PM  1000    935124    0.00    0.00    0.00    0.00    0.00    16  run-pyroscope.s
01:20:09 PM  1000    935125    0.00    0.00    0.00    0.00    0.00    16  prometheus
01:20:09 PM  1000    935128   41.00    1.00    0.00    1.00   42.00    18  tempo
01:20:09 PM  1000    935129    0.00    0.00    0.00    0.00    0.00    18  loki
01:20:09 PM  1000    935131    4.00    0.00    0.00    0.00    4.00    16  pyroscope

01:20:08 PM   UID       PID   cswch/s nvcswch/s  Command
01:20:09 PM  1000    935106      0.00      0.00  run-grafana.sh
01:20:09 PM  1000    935108      0.00      0.00  run-loki.sh
01:20:09 PM  1000    935110     28.00      0.00  grafana
01:20:09 PM  1000    935111      0.00      0.00  run-otelcol.sh
01:20:09 PM  1000    935114      0.00      0.00  run-prometheus.
01:20:09 PM  1000    935116      0.00      0.00  otelcol-contrib
01:20:09 PM  1000    935117      0.00      0.00  run-tempo.sh
01:20:09 PM  1000    935124      0.00      0.00  run-pyroscope.s
01:20:09 PM  1000    935125      2.00      0.00  prometheus
01:20:09 PM  1000    935128     87.00     13.00  tempo
01:20:09 PM  1000    935129     46.00      0.00  loki
01:20:09 PM  1000    935131      0.00      0.00  pyroscope

01:20:09 PM   UID       PID    %usr %system  %guest   %wait    %CPU   CPU  Command
01:20:10 PM  1000    935106    0.00    0.00    0.00    0.00    0.00    18  run-grafana.sh
01:20:10 PM  1000    935108    0.00    0.00    0.00    0.00    0.00    20  run-loki.sh
01:20:10 PM  1000    935110    0.00    0.00    0.00    0.00    0.00    20  grafana
01:20:10 PM  1000    935111    0.00    0.00    0.00    0.00    0.00    20  run-otelcol.sh
01:20:10 PM  1000    935114    0.00    0.00    0.00    0.00    0.00    18  run-prometheus.
01:20:10 PM  1000    935116    5.00    1.00    0.00    0.00    6.00    20  otelcol-contrib
01:20:10 PM  1000    935117    0.00    0.00    0.00    0.00    0.00    20  run-tempo.sh
01:20:10 PM  1000    935124    0.00    0.00    0.00    0.00    0.00    16  run-pyroscope.s
01:20:10 PM  1000    935125    0.00    0.00    0.00    0.00    0.00    18  prometheus
01:20:10 PM  1000    935128   10.00    0.00    0.00    0.00   10.00    20  tempo
01:20:10 PM  1000    935129    0.00    1.00    0.00    0.00    1.00    20  loki
01:20:10 PM  1000    935131    0.00    0.00    0.00    0.00    0.00    16  pyroscope

01:20:09 PM   UID       PID   cswch/s nvcswch/s  Command
01:20:10 PM  1000    935106      0.00      0.00  run-grafana.sh
01:20:10 PM  1000    935108      0.00      0.00  run-loki.sh
01:20:10 PM  1000    935110     32.00      0.00  grafana
01:20:10 PM  1000    935111      0.00      0.00  run-otelcol.sh
01:20:10 PM  1000    935114      0.00      0.00  run-prometheus.
01:20:10 PM  1000    935116      0.00      0.00  otelcol-contrib
01:20:10 PM  1000    935117      0.00      0.00  run-tempo.sh
01:20:10 PM  1000    935124      0.00      0.00  run-pyroscope.s
01:20:10 PM  1000    935125      2.00      0.00  prometheus
01:20:10 PM  1000    935128     80.00      1.00  tempo
01:20:10 PM  1000    935129     47.00      0.00  loki
01:20:10 PM  1000    935131      0.00      0.00  pyroscope

01:20:10 PM   UID       PID    %usr %system  %guest   %wait    %CPU   CPU  Command
01:20:11 PM  1000    935106    0.00    0.00    0.00    0.00    0.00    18  run-grafana.sh
01:20:11 PM  1000    935108    0.00    0.00    0.00    0.00    0.00    20  run-loki.sh
01:20:11 PM  1000    935110    0.00    0.00    0.00    0.00    0.00    20  grafana
01:20:11 PM  1000    935111    0.00    0.00    0.00    0.00    0.00    20  run-otelcol.sh
01:20:11 PM  1000    935114    0.00    0.00    0.00    0.00    0.00    18  run-prometheus.
01:20:11 PM  1000    935116    3.00    0.00    0.00    0.00    3.00    20  otelcol-contrib
01:20:11 PM  1000    935117    0.00    0.00    0.00    0.00    0.00    20  run-tempo.sh
01:20:11 PM  1000    935124    0.00    0.00    0.00    0.00    0.00    16  run-pyroscope.s
01:20:11 PM  1000    935125    1.00    0.00    0.00    0.00    1.00    16  prometheus
01:20:11 PM  1000    935128   58.00    2.00    0.00    0.00   60.00    20  tempo
01:20:11 PM  1000    935129    1.00    0.00    0.00    0.00    1.00    16  loki
01:20:11 PM  1000    935131    0.00    0.00    0.00    0.00    0.00    16  pyroscope

01:20:10 PM   UID       PID   cswch/s nvcswch/s  Command
01:20:11 PM  1000    935106      0.00      0.00  run-grafana.sh
01:20:11 PM  1000    935108      0.00      0.00  run-loki.sh
01:20:11 PM  1000    935110     14.00      0.00  grafana
01:20:11 PM  1000    935111      0.00      0.00  run-otelcol.sh
01:20:11 PM  1000    935114      0.00      0.00  run-prometheus.
01:20:11 PM  1000    935116      0.00      0.00  otelcol-contrib
01:20:11 PM  1000    935117      0.00      0.00  run-tempo.sh
01:20:11 PM  1000    935124      0.00      0.00  run-pyroscope.s
01:20:11 PM  1000    935125      4.00      0.00  prometheus
01:20:11 PM  1000    935128     98.00      6.00  tempo
01:20:11 PM  1000    935129     50.00      0.00  loki
01:20:11 PM  1000    935131      0.00      0.00  pyroscope

01:20:11 PM   UID       PID    %usr %system  %guest   %wait    %CPU   CPU  Command
01:20:12 PM  1000    935106    0.00    0.00    0.00    0.00    0.00    18  run-grafana.sh
01:20:12 PM  1000    935108    0.00    0.00    0.00    0.00    0.00    20  run-loki.sh
01:20:12 PM  1000    935110    0.00    0.00    0.00    0.00    0.00    16  grafana
01:20:12 PM  1000    935111    0.00    0.00    0.00    0.00    0.00    20  run-otelcol.sh
01:20:12 PM  1000    935114    0.00    0.00    0.00    0.00    0.00    18  run-prometheus.
01:20:12 PM  1000    935116    3.00    0.00    0.00    0.00    3.00    20  otelcol-contrib
01:20:12 PM  1000    935117    0.00    0.00    0.00    0.00    0.00    20  run-tempo.sh
01:20:12 PM  1000    935124    0.00    0.00    0.00    0.00    0.00    16  run-pyroscope.s
01:20:12 PM  1000    935125    0.00    0.00    0.00    0.00    0.00    16  prometheus
01:20:12 PM  1000    935128   11.00    1.00    0.00    0.00   12.00    16  tempo
01:20:12 PM  1000    935129    0.00    0.00    0.00    0.00    0.00    20  loki
01:20:12 PM  1000    935131    0.00    0.00    0.00    0.00    0.00    16  pyroscope

01:20:11 PM   UID       PID   cswch/s nvcswch/s  Command
01:20:12 PM  1000    935106      0.00      0.00  run-grafana.sh
01:20:12 PM  1000    935108      0.00      0.00  run-loki.sh
01:20:12 PM  1000    935110     23.00      0.00  grafana
01:20:12 PM  1000    935111      0.00      0.00  run-otelcol.sh
01:20:12 PM  1000    935114      0.00      0.00  run-prometheus.
01:20:12 PM  1000    935116      0.00      0.00  otelcol-contrib
01:20:12 PM  1000    935117      0.00      0.00  run-tempo.sh
01:20:12 PM  1000    935124      0.00      0.00  run-pyroscope.s
01:20:12 PM  1000    935125      1.00      0.00  prometheus
01:20:12 PM  1000    935128     91.00      5.00  tempo
01:20:12 PM  1000    935129     40.00      0.00  loki
01:20:12 PM  1000    935131      0.00      0.00  pyroscope

01:20:12 PM   UID       PID    %usr %system  %guest   %wait    %CPU   CPU  Command
01:20:13 PM  1000    935106    0.00    0.00    0.00    0.00    0.00    18  run-grafana.sh
01:20:13 PM  1000    935108    0.00    0.00    0.00    0.00    0.00    20  run-loki.sh
01:20:13 PM  1000    935110    0.00    0.00    0.00    0.00    0.00    18  grafana
01:20:13 PM  1000    935111    0.00    0.00    0.00    0.00    0.00    20  run-otelcol.sh
01:20:13 PM  1000    935114    0.00    0.00    0.00    0.00    0.00    18  run-prometheus.
01:20:13 PM  1000    935116    3.00    0.00    0.00    0.00    3.00    20  otelcol-contrib
01:20:13 PM  1000    935117    0.00    0.00    0.00    0.00    0.00    20  run-tempo.sh
01:20:13 PM  1000    935124    0.00    0.00    0.00    0.00    0.00    16  run-pyroscope.s
01:20:13 PM  1000    935125    1.00    0.00    0.00    0.00    1.00    16  prometheus
01:20:13 PM  1000    935128   22.00    0.00    0.00    0.00   22.00    18  tempo
01:20:13 PM  1000    935129    0.00    0.00    0.00    0.00    0.00    20  loki
01:20:13 PM  1000    935131    1.00    0.00    0.00    0.00    1.00    16  pyroscope

01:20:12 PM   UID       PID   cswch/s nvcswch/s  Command
01:20:13 PM  1000    935106      0.00      0.00  run-grafana.sh
01:20:13 PM  1000    935108      0.00      0.00  run-loki.sh
01:20:13 PM  1000    935110     12.00      0.00  grafana
01:20:13 PM  1000    935111      0.00      0.00  run-otelcol.sh
01:20:13 PM  1000    935114      0.00      0.00  run-prometheus.
01:20:13 PM  1000    935116      0.00      0.00  otelcol-contrib
01:20:13 PM  1000    935117      0.00      0.00  run-tempo.sh
01:20:13 PM  1000    935124      0.00      0.00  run-pyroscope.s
01:20:13 PM  1000    935125      3.00      0.00  prometheus
01:20:13 PM  1000    935128    114.00      3.00  tempo
01:20:13 PM  1000    935129     41.00      0.00  loki
01:20:13 PM  1000    935131      0.00      0.00  pyroscope

01:20:13 PM   UID       PID    %usr %system  %guest   %wait    %CPU   CPU  Command
01:20:14 PM  1000    935106    0.00    0.00    0.00    0.00    0.00    18  run-grafana.sh
01:20:14 PM  1000    935108    0.00    0.00    0.00    0.00    0.00    20  run-loki.sh
01:20:14 PM  1000    935110    0.00    0.00    0.00    0.00    0.00    20  grafana
01:20:14 PM  1000    935111    0.00    0.00    0.00    0.00    0.00    20  run-otelcol.sh
01:20:14 PM  1000    935114    0.00    0.00    0.00    0.00    0.00    18  run-prometheus.
01:20:14 PM  1000    935116    3.00    0.00    0.00    0.00    3.00    20  otelcol-contrib
01:20:14 PM  1000    935117    0.00    0.00    0.00    0.00    0.00    20  run-tempo.sh
01:20:14 PM  1000    935124    0.00    0.00    0.00    0.00    0.00    16  run-pyroscope.s
01:20:14 PM  1000    935125    0.00    0.00    0.00    0.00    0.00    16  prometheus
01:20:14 PM  1000    935128   30.00    5.00    0.00    0.00   35.00    16  tempo
01:20:14 PM  1000    935129    1.00    0.00    0.00    0.00    1.00    18  loki
01:20:14 PM  1000    935131    0.00    0.00    0.00    0.00    0.00    16  pyroscope

01:20:13 PM   UID       PID   cswch/s nvcswch/s  Command
01:20:14 PM  1000    935106      0.00      0.00  run-grafana.sh
01:20:14 PM  1000    935108      0.00      0.00  run-loki.sh
01:20:14 PM  1000    935110     18.00      0.00  grafana
01:20:14 PM  1000    935111      0.00      0.00  run-otelcol.sh
01:20:14 PM  1000    935114      0.00      0.00  run-prometheus.
01:20:14 PM  1000    935116      0.00      0.00  otelcol-contrib
01:20:14 PM  1000    935117      0.00      0.00  run-tempo.sh
01:20:14 PM  1000    935124      0.00      0.00  run-pyroscope.s
01:20:14 PM  1000    935125      1.00      0.00  prometheus
01:20:14 PM  1000    935128     64.00      4.00  tempo
01:20:14 PM  1000    935129     44.00      0.00  loki
01:20:14 PM  1000    935131      0.00      0.00  pyroscope

01:20:14 PM   UID       PID    %usr %system  %guest   %wait    %CPU   CPU  Command
01:20:15 PM  1000    935106    0.00    0.00    0.00    0.00    0.00    18  run-grafana.sh
01:20:15 PM  1000    935108    0.00    0.00    0.00    0.00    0.00    20  run-loki.sh
01:20:15 PM  1000    935110    1.00    0.00    0.00    0.00    1.00    20  grafana
01:20:15 PM  1000    935111    0.00    0.00    0.00    0.00    0.00    20  run-otelcol.sh
01:20:15 PM  1000    935114    0.00    0.00    0.00    0.00    0.00    18  run-prometheus.
01:20:15 PM  1000    935116    3.00    1.00    0.00    0.00    4.00    20  otelcol-contrib
01:20:15 PM  1000    935117    0.00    0.00    0.00    0.00    0.00    20  run-tempo.sh
01:20:15 PM  1000    935124    0.00    0.00    0.00    0.00    0.00    16  run-pyroscope.s
01:20:15 PM  1000    935125    0.00    0.00    0.00    0.00    0.00    18  prometheus
01:20:15 PM  1000    935128   12.00    0.00    0.00    0.00   12.00    16  tempo
01:20:15 PM  1000    935129    0.00    0.00    0.00    0.00    0.00    16  loki
01:20:15 PM  1000    935131    0.00    0.00    0.00    0.00    0.00    16  pyroscope

01:20:14 PM   UID       PID   cswch/s nvcswch/s  Command
01:20:15 PM  1000    935106      0.00      0.00  run-grafana.sh
01:20:15 PM  1000    935108      0.00      0.00  run-loki.sh
01:20:15 PM  1000    935110     11.00      0.00  grafana
01:20:15 PM  1000    935111      0.00      0.00  run-otelcol.sh
01:20:15 PM  1000    935114      0.00      0.00  run-prometheus.
01:20:15 PM  1000    935116      0.00      0.00  otelcol-contrib
01:20:15 PM  1000    935117      0.00      0.00  run-tempo.sh
01:20:15 PM  1000    935124      0.00      0.00  run-pyroscope.s
01:20:15 PM  1000    935125      1.00      0.00  prometheus
01:20:15 PM  1000    935128      0.00      0.00  tempo
01:20:15 PM  1000    935129     13.00      0.00  loki
01:20:15 PM  1000    935131      0.00      0.00  pyroscope

01:20:15 PM   UID       PID    %usr %system  %guest   %wait    %CPU   CPU  Command
01:20:16 PM  1000    935106    0.00    0.00    0.00    0.00    0.00    18  run-grafana.sh
01:20:16 PM  1000    935108    0.00    0.00    0.00    0.00    0.00    20  run-loki.sh
01:20:16 PM  1000    935110    0.00    0.00    0.00    0.00    0.00    18  grafana
01:20:16 PM  1000    935111    0.00    0.00    0.00    0.00    0.00    20  run-otelcol.sh
01:20:16 PM  1000    935114    0.00    0.00    0.00    0.00    0.00    18  run-prometheus.
01:20:16 PM  1000    935116    5.00    0.00    0.00    0.00    5.00    20  otelcol-contrib
01:20:16 PM  1000    935117    0.00    0.00    0.00    0.00    0.00    20  run-tempo.sh
01:20:16 PM  1000    935124    0.00    0.00    0.00    0.00    0.00    16  run-pyroscope.s
01:20:16 PM  1000    935125    0.00    0.00    0.00    0.00    0.00    16  prometheus
01:20:16 PM  1000    935128   68.00    7.00    0.00    0.00   75.00    16  tempo
01:20:16 PM  1000    935129    0.00    0.00    0.00    0.00    0.00    16  loki
01:20:16 PM  1000    935131    0.00    0.00    0.00    0.00    0.00    16  pyroscope

01:20:15 PM   UID       PID   cswch/s nvcswch/s  Command
01:20:16 PM  1000    935106      0.00      0.00  run-grafana.sh
01:20:16 PM  1000    935108      0.00      0.00  run-loki.sh
01:20:16 PM  1000    935110     18.00      0.00  grafana
01:20:16 PM  1000    935111      0.00      0.00  run-otelcol.sh
01:20:16 PM  1000    935114      0.00      0.00  run-prometheus.
01:20:16 PM  1000    935116      0.00      0.00  otelcol-contrib
01:20:16 PM  1000    935117      0.00      0.00  run-tempo.sh
01:20:16 PM  1000    935124      0.00      0.00  run-pyroscope.s
01:20:16 PM  1000    935125      2.00      0.00  prometheus
01:20:16 PM  1000    935128     17.00      4.00  tempo
01:20:16 PM  1000    935129     34.00      0.00  loki
01:20:16 PM  1000    935131      0.00      0.00  pyroscope

01:20:16 PM   UID       PID    %usr %system  %guest   %wait    %CPU   CPU  Command
01:20:17 PM  1000    935106    0.00    0.00    0.00    0.00    0.00    18  run-grafana.sh
01:20:17 PM  1000    935108    0.00    0.00    0.00    0.00    0.00    20  run-loki.sh
01:20:17 PM  1000    935110    0.00    0.00    0.00    0.00    0.00    18  grafana
01:20:17 PM  1000    935111    0.00    0.00    0.00    0.00    0.00    20  run-otelcol.sh
01:20:17 PM  1000    935114    0.00    0.00    0.00    0.00    0.00    18  run-prometheus.
01:20:17 PM  1000    935116    3.00    0.00    0.00    0.00    3.00    20  otelcol-contrib
01:20:17 PM  1000    935117    0.00    0.00    0.00    0.00    0.00    20  run-tempo.sh
01:20:17 PM  1000    935124    0.00    0.00    0.00    0.00    0.00    16  run-pyroscope.s
01:20:17 PM  1000    935125    0.00    0.00    0.00    0.00    0.00    18  prometheus
01:20:17 PM  1000    935128   14.00    1.00    0.00    1.00   15.00    18  tempo
01:20:17 PM  1000    935129    0.00    0.00    0.00    0.00    0.00    18  loki
01:20:17 PM  1000    935131    0.00    0.00    0.00    0.00    0.00    16  pyroscope

01:20:16 PM   UID       PID   cswch/s nvcswch/s  Command
01:20:17 PM  1000    935106      0.00      0.00  run-grafana.sh
01:20:17 PM  1000    935108      0.00      0.00  run-loki.sh
01:20:17 PM  1000    935110     26.00      0.00  grafana
01:20:17 PM  1000    935111      0.00      0.00  run-otelcol.sh
01:20:17 PM  1000    935114      0.00      0.00  run-prometheus.
01:20:17 PM  1000    935116      0.00      0.00  otelcol-contrib
01:20:17 PM  1000    935117      0.00      0.00  run-tempo.sh
01:20:17 PM  1000    935124      0.00      0.00  run-pyroscope.s
01:20:17 PM  1000    935125      2.00      0.00  prometheus
01:20:17 PM  1000    935128     59.00      5.00  tempo
01:20:17 PM  1000    935129     35.00      0.00  loki
01:20:17 PM  1000    935131      0.00      0.00  pyroscope

01:20:17 PM   UID       PID    %usr %system  %guest   %wait    %CPU   CPU  Command
01:20:18 PM  1000    935106    0.00    0.00    0.00    0.00    0.00    18  run-grafana.sh
01:20:18 PM  1000    935108    0.00    0.00    0.00    0.00    0.00    20  run-loki.sh
01:20:18 PM  1000    935110    0.00    0.00    0.00    0.00    0.00    20  grafana
01:20:18 PM  1000    935111    0.00    0.00    0.00    0.00    0.00    20  run-otelcol.sh
01:20:18 PM  1000    935114    0.00    0.00    0.00    0.00    0.00    18  run-prometheus.
01:20:18 PM  1000    935116    3.00    1.00    0.00    0.00    4.00    20  otelcol-contrib
01:20:18 PM  1000    935117    0.00    0.00    0.00    0.00    0.00    20  run-tempo.sh
01:20:18 PM  1000    935124    0.00    0.00    0.00    0.00    0.00    16  run-pyroscope.s
01:20:18 PM  1000    935125    0.00    0.00    0.00    0.00    0.00    20  prometheus
01:20:18 PM  1000    935128   39.00    3.00    0.00    0.00   42.00    18  tempo
01:20:18 PM  1000    935129    0.00    0.00    0.00    0.00    0.00    20  loki
01:20:18 PM  1000    935131    0.00    0.00    0.00    0.00    0.00    16  pyroscope

01:20:17 PM   UID       PID   cswch/s nvcswch/s  Command
01:20:18 PM  1000    935106      0.00      0.00  run-grafana.sh
01:20:18 PM  1000    935108      0.00      0.00  run-loki.sh
01:20:18 PM  1000    935110     17.00      0.00  grafana
01:20:18 PM  1000    935111      0.00      0.00  run-otelcol.sh
01:20:18 PM  1000    935114      0.00      0.00  run-prometheus.
01:20:18 PM  1000    935116      0.00      0.00  otelcol-contrib
01:20:18 PM  1000    935117      0.00      0.00  run-tempo.sh
01:20:18 PM  1000    935124      0.00      0.00  run-pyroscope.s
01:20:18 PM  1000    935125      5.00      0.00  prometheus
01:20:18 PM  1000    935128     63.00      0.00  tempo
01:20:18 PM  1000    935129      4.00      0.00  loki
01:20:18 PM  1000    935131      0.00      0.00  pyroscope

01:20:18 PM   UID       PID    %usr %system  %guest   %wait    %CPU   CPU  Command
01:20:19 PM  1000    935106    0.00    0.00    0.00    0.00    0.00    18  run-grafana.sh
01:20:19 PM  1000    935108    0.00    0.00    0.00    0.00    0.00    20  run-loki.sh
01:20:19 PM  1000    935110    2.00    0.00    0.00    0.00    2.00    20  grafana
01:20:19 PM  1000    935111    0.00    0.00    0.00    0.00    0.00    20  run-otelcol.sh
01:20:19 PM  1000    935114    0.00    0.00    0.00    0.00    0.00    18  run-prometheus.
01:20:19 PM  1000    935116    3.00    0.00    0.00    0.00    3.00    20  otelcol-contrib
01:20:19 PM  1000    935117    0.00    0.00    0.00    0.00    0.00    20  run-tempo.sh
01:20:19 PM  1000    935124    0.00    0.00    0.00    0.00    0.00    16  run-pyroscope.s
01:20:19 PM  1000    935125    0.00    0.00    0.00    0.00    0.00    20  prometheus
01:20:19 PM  1000    935128   12.00    1.00    0.00    0.00   13.00    20  tempo
01:20:19 PM  1000    935129    1.00    0.00    0.00    0.00    1.00    18  loki
01:20:19 PM  1000    935131    1.00    0.00    0.00    0.00    1.00    16  pyroscope

01:20:18 PM   UID       PID   cswch/s nvcswch/s  Command
01:20:19 PM  1000    935106      0.00      0.00  run-grafana.sh
01:20:19 PM  1000    935108      0.00      0.00  run-loki.sh
01:20:19 PM  1000    935110     28.00      0.00  grafana
01:20:19 PM  1000    935111      0.00      0.00  run-otelcol.sh
01:20:19 PM  1000    935114      0.00      0.00  run-prometheus.
01:20:19 PM  1000    935116      0.00      0.00  otelcol-contrib
01:20:19 PM  1000    935117      0.00      0.00  run-tempo.sh
01:20:19 PM  1000    935124      0.00      0.00  run-pyroscope.s
01:20:19 PM  1000    935125      1.00      0.00  prometheus
01:20:19 PM  1000    935128     97.00      2.00  tempo
01:20:19 PM  1000    935129     37.00      0.00  loki
01:20:19 PM  1000    935131      0.00      0.00  pyroscope

01:20:19 PM   UID       PID    %usr %system  %guest   %wait    %CPU   CPU  Command
01:20:20 PM  1000    935106    0.00    0.00    0.00    0.00    0.00    18  run-grafana.sh
01:20:20 PM  1000    935108    0.00    0.00    0.00    0.00    0.00    20  run-loki.sh
01:20:20 PM  1000    935110    1.00    0.00    0.00    0.00    1.00    20  grafana
01:20:20 PM  1000    935111    0.00    0.00    0.00    0.00    0.00    20  run-otelcol.sh
01:20:20 PM  1000    935114    0.00    0.00    0.00    0.00    0.00    18  run-prometheus.
01:20:20 PM  1000    935116    3.00    0.00    0.00    0.00    3.00    20  otelcol-contrib
01:20:20 PM  1000    935117    0.00    0.00    0.00    0.00    0.00    20  run-tempo.sh
01:20:20 PM  1000    935124    0.00    0.00    0.00    0.00    0.00    16  run-pyroscope.s
01:20:20 PM  1000    935125    1.00    0.00    0.00    0.00    1.00    16  prometheus
01:20:20 PM  1000    935128   10.00    1.00    0.00    0.00   11.00    16  tempo
01:20:20 PM  1000    935129    0.00    0.00    0.00    0.00    0.00    20  loki
01:20:20 PM  1000    935131    0.00    0.00    0.00    0.00    0.00    16  pyroscope

01:20:19 PM   UID       PID   cswch/s nvcswch/s  Command
01:20:20 PM  1000    935106      0.00      0.00  run-grafana.sh
01:20:20 PM  1000    935108      0.00      0.00  run-loki.sh
01:20:20 PM  1000    935110     20.00      0.00  grafana
01:20:20 PM  1000    935111      0.00      0.00  run-otelcol.sh
01:20:20 PM  1000    935114      0.00      0.00  run-prometheus.
01:20:20 PM  1000    935116      0.00      0.00  otelcol-contrib
01:20:20 PM  1000    935117      0.00      0.00  run-tempo.sh
01:20:20 PM  1000    935124      0.00      0.00  run-pyroscope.s
01:20:20 PM  1000    935125      1.00      0.00  prometheus
01:20:20 PM  1000    935128     98.00      4.00  tempo
01:20:20 PM  1000    935129     45.00      0.00  loki
01:20:20 PM  1000    935131      0.00      0.00  pyroscope

01:20:20 PM   UID       PID    %usr %system  %guest   %wait    %CPU   CPU  Command
01:20:21 PM  1000    935106    0.00    0.00    0.00    0.00    0.00    18  run-grafana.sh
01:20:21 PM  1000    935108    0.00    0.00    0.00    0.00    0.00    20  run-loki.sh
01:20:21 PM  1000    935110    0.00    0.00    0.00    0.00    0.00    20  grafana
01:20:21 PM  1000    935111    0.00    0.00    0.00    0.00    0.00    20  run-otelcol.sh
01:20:21 PM  1000    935114    0.00    0.00    0.00    0.00    0.00    18  run-prometheus.
01:20:21 PM  1000    935116    5.00    0.00    0.00    0.00    5.00    20  otelcol-contrib
01:20:21 PM  1000    935117    0.00    0.00    0.00    0.00    0.00    20  run-tempo.sh
01:20:21 PM  1000    935124    0.00    0.00    0.00    0.00    0.00    16  run-pyroscope.s
01:20:21 PM  1000    935125    0.00    0.00    0.00    0.00    0.00    16  prometheus
01:20:21 PM  1000    935128   59.00    3.00    0.00    0.00   62.00    18  tempo
01:20:21 PM  1000    935129    0.00    0.00    0.00    0.00    0.00    16  loki
01:20:21 PM  1000    935131    0.00    0.00    0.00    0.00    0.00    16  pyroscope

01:20:20 PM   UID       PID   cswch/s nvcswch/s  Command
01:20:21 PM  1000    935106      0.00      0.00  run-grafana.sh
01:20:21 PM  1000    935108      0.00      0.00  run-loki.sh
01:20:21 PM  1000    935110     12.00      0.00  grafana
01:20:21 PM  1000    935111      0.00      0.00  run-otelcol.sh
01:20:21 PM  1000    935114      0.00      0.00  run-prometheus.
01:20:21 PM  1000    935116      0.00      0.00  otelcol-contrib
01:20:21 PM  1000    935117      0.00      0.00  run-tempo.sh
01:20:21 PM  1000    935124      0.00      0.00  run-pyroscope.s
01:20:21 PM  1000    935125      1.00      0.00  prometheus
01:20:21 PM  1000    935128    111.00      5.00  tempo
01:20:21 PM  1000    935129     36.00      0.00  loki
01:20:21 PM  1000    935131      0.00      0.00  pyroscope

01:20:21 PM   UID       PID    %usr %system  %guest   %wait    %CPU   CPU  Command
01:20:22 PM  1000    935106    0.00    0.00    0.00    0.00    0.00    18  run-grafana.sh
01:20:22 PM  1000    935108    0.00    0.00    0.00    0.00    0.00    20  run-loki.sh
01:20:22 PM  1000    935110    0.00    0.00    0.00    0.00    0.00    16  grafana
01:20:22 PM  1000    935111    0.00    0.00    0.00    0.00    0.00    20  run-otelcol.sh
01:20:22 PM  1000    935114    0.00    0.00    0.00    0.00    0.00    18  run-prometheus.
01:20:22 PM  1000    935116    3.00    0.00    0.00    0.00    3.00    20  otelcol-contrib
01:20:22 PM  1000    935117    0.00    0.00    0.00    0.00    0.00    20  run-tempo.sh
01:20:22 PM  1000    935124    0.00    0.00    0.00    0.00    0.00    16  run-pyroscope.s
01:20:22 PM  1000    935125    0.00    0.00    0.00    0.00    0.00    16  prometheus
01:20:22 PM  1000    935128   39.00    3.00    0.00    0.00   42.00    18  tempo
01:20:22 PM  1000    935129    1.00    0.00    0.00    0.00    1.00    16  loki
01:20:22 PM  1000    935131    0.00    0.00    0.00    0.00    0.00    16  pyroscope

01:20:21 PM   UID       PID   cswch/s nvcswch/s  Command
01:20:22 PM  1000    935106      0.00      0.00  run-grafana.sh
01:20:22 PM  1000    935108      0.00      0.00  run-loki.sh
01:20:22 PM  1000    935110     22.00      0.00  grafana
01:20:22 PM  1000    935111      0.00      0.00  run-otelcol.sh
01:20:22 PM  1000    935114      0.00      0.00  run-prometheus.
01:20:22 PM  1000    935116      0.00      0.00  otelcol-contrib
01:20:22 PM  1000    935117      0.00      0.00  run-tempo.sh
01:20:22 PM  1000    935124      0.00      0.00  run-pyroscope.s
01:20:22 PM  1000    935125      1.00      0.00  prometheus
01:20:22 PM  1000    935128    101.00      2.00  tempo
01:20:22 PM  1000    935129     36.00      0.00  loki
01:20:22 PM  1000    935131      0.00      0.00  pyroscope

01:20:22 PM   UID       PID    %usr %system  %guest   %wait    %CPU   CPU  Command
01:20:23 PM  1000    935106    0.00    0.00    0.00    0.00    0.00    18  run-grafana.sh
01:20:23 PM  1000    935108    0.00    0.00    0.00    0.00    0.00    20  run-loki.sh
01:20:23 PM  1000    935110    0.00    0.00    0.00    0.00    0.00    18  grafana
01:20:23 PM  1000    935111    0.00    0.00    0.00    0.00    0.00    20  run-otelcol.sh
01:20:23 PM  1000    935114    0.00    0.00    0.00    0.00    0.00    18  run-prometheus.
01:20:23 PM  1000    935116    3.00    1.00    0.00    0.00    4.00    20  otelcol-contrib
01:20:23 PM  1000    935117    0.00    0.00    0.00    0.00    0.00    20  run-tempo.sh
01:20:23 PM  1000    935124    0.00    0.00    0.00    0.00    0.00    16  run-pyroscope.s
01:20:23 PM  1000    935125    0.00    0.00    0.00    0.00    0.00    20  prometheus
01:20:23 PM  1000    935128   41.00    3.00    0.00    0.00   44.00    18  tempo
01:20:23 PM  1000    935129    0.00    0.00    0.00    0.00    0.00    18  loki
01:20:23 PM  1000    935131    0.00    0.00    0.00    0.00    0.00    16  pyroscope

01:20:22 PM   UID       PID   cswch/s nvcswch/s  Command
01:20:23 PM  1000    935106      0.00      0.00  run-grafana.sh
01:20:23 PM  1000    935108      0.00      0.00  run-loki.sh
01:20:23 PM  1000    935110     24.00      0.00  grafana
01:20:23 PM  1000    935111      0.00      0.00  run-otelcol.sh
01:20:23 PM  1000    935114      0.00      0.00  run-prometheus.
01:20:23 PM  1000    935116      0.00      0.00  otelcol-contrib
01:20:23 PM  1000    935117      0.00      0.00  run-tempo.sh
01:20:23 PM  1000    935124      0.00      0.00  run-pyroscope.s
01:20:23 PM  1000    935125      7.00      0.00  prometheus
01:20:23 PM  1000    935128    112.00      6.00  tempo
01:20:23 PM  1000    935129     38.00      0.00  loki
01:20:23 PM  1000    935131      0.00      0.00  pyroscope

01:20:23 PM   UID       PID    %usr %system  %guest   %wait    %CPU   CPU  Command
01:20:24 PM  1000    935106    0.00    0.00    0.00    0.00    0.00    18  run-grafana.sh
01:20:24 PM  1000    935108    0.00    0.00    0.00    0.00    0.00    20  run-loki.sh
01:20:24 PM  1000    935110    0.00    0.00    0.00    0.00    0.00    20  grafana
01:20:24 PM  1000    935111    0.00    0.00    0.00    0.00    0.00    20  run-otelcol.sh
01:20:24 PM  1000    935114    0.00    0.00    0.00    0.00    0.00    18  run-prometheus.
01:20:24 PM  1000    935116    3.00    0.00    0.00    0.00    3.00    20  otelcol-contrib
01:20:24 PM  1000    935117    0.00    0.00    0.00    0.00    0.00    20  run-tempo.sh
01:20:24 PM  1000    935124    0.00    0.00    0.00    0.00    0.00    16  run-pyroscope.s
01:20:24 PM  1000    935125    0.00    0.00    0.00    0.00    0.00    20  prometheus
01:20:24 PM  1000    935128   27.00    1.00    0.00    0.00   28.00    20  tempo
01:20:24 PM  1000    935129    0.00    0.00    0.00    0.00    0.00    18  loki
01:20:24 PM  1000    935131    4.00    1.00    0.00    0.00    5.00    16  pyroscope

01:20:23 PM   UID       PID   cswch/s nvcswch/s  Command
01:20:24 PM  1000    935106      0.00      0.00  run-grafana.sh
01:20:24 PM  1000    935108      0.00      0.00  run-loki.sh
01:20:24 PM  1000    935110      5.00      0.00  grafana
01:20:24 PM  1000    935111      0.00      0.00  run-otelcol.sh
01:20:24 PM  1000    935114      0.00      0.00  run-prometheus.
01:20:24 PM  1000    935116      0.00      0.00  otelcol-contrib
01:20:24 PM  1000    935117      0.00      0.00  run-tempo.sh
01:20:24 PM  1000    935124      0.00      0.00  run-pyroscope.s
01:20:24 PM  1000    935125      6.00      0.00  prometheus
01:20:24 PM  1000    935128     92.00     20.00  tempo
01:20:24 PM  1000    935129     48.00      0.00  loki
01:20:24 PM  1000    935131      0.00      0.00  pyroscope

01:20:24 PM   UID       PID    %usr %system  %guest   %wait    %CPU   CPU  Command
01:20:25 PM  1000    935106    0.00    0.00    0.00    0.00    0.00    18  run-grafana.sh
01:20:25 PM  1000    935108    0.00    0.00    0.00    0.00    0.00    20  run-loki.sh
01:20:25 PM  1000    935110    0.00    0.00    0.00    0.00    0.00    20  grafana
01:20:25 PM  1000    935111    0.00    0.00    0.00    0.00    0.00    20  run-otelcol.sh
01:20:25 PM  1000    935114    0.00    0.00    0.00    0.00    0.00    18  run-prometheus.
01:20:25 PM  1000    935116    3.00    0.00    0.00    0.00    3.00    20  otelcol-contrib
01:20:25 PM  1000    935117    0.00    0.00    0.00    0.00    0.00    20  run-tempo.sh
01:20:25 PM  1000    935124    0.00    0.00    0.00    0.00    0.00    16  run-pyroscope.s
01:20:25 PM  1000    935125    0.00    0.00    0.00    0.00    0.00    18  prometheus
01:20:25 PM  1000    935128   42.00    1.00    0.00    0.00   43.00    18  tempo
01:20:25 PM  1000    935129    0.00    0.00    0.00    0.00    0.00    16  loki
01:20:25 PM  1000    935131    0.00    0.00    0.00    0.00    0.00    16  pyroscope

01:20:24 PM   UID       PID   cswch/s nvcswch/s  Command
01:20:25 PM  1000    935106      0.00      0.00  run-grafana.sh
01:20:25 PM  1000    935108      0.00      0.00  run-loki.sh
01:20:25 PM  1000    935110     12.00      0.00  grafana
01:20:25 PM  1000    935111      0.00      0.00  run-otelcol.sh
01:20:25 PM  1000    935114      0.00      0.00  run-prometheus.
01:20:25 PM  1000    935116      0.00      0.00  otelcol-contrib
01:20:25 PM  1000    935117      0.00      0.00  run-tempo.sh
01:20:25 PM  1000    935124      0.00      0.00  run-pyroscope.s
01:20:25 PM  1000    935125      2.00      0.00  prometheus
01:20:25 PM  1000    935128     95.00      5.00  tempo
01:20:25 PM  1000    935129     37.00      0.00  loki
01:20:25 PM  1000    935131      0.00      0.00  pyroscope

01:20:25 PM   UID       PID    %usr %system  %guest   %wait    %CPU   CPU  Command
01:20:26 PM  1000    935106    0.00    0.00    0.00    0.00    0.00    18  run-grafana.sh
01:20:26 PM  1000    935108    0.00    0.00    0.00    0.00    0.00    20  run-loki.sh
01:20:26 PM  1000    935110    8.00    1.00    0.00    0.00    9.00    16  grafana
01:20:26 PM  1000    935111    0.00    0.00    0.00    0.00    0.00    20  run-otelcol.sh
01:20:26 PM  1000    935114    0.00    0.00    0.00    0.00    0.00    18  run-prometheus.
01:20:26 PM  1000    935116    5.00    1.00    0.00    0.00    6.00    20  otelcol-contrib
01:20:26 PM  1000    935117    0.00    0.00    0.00    0.00    0.00    20  run-tempo.sh
01:20:26 PM  1000    935124    0.00    0.00    0.00    0.00    0.00    16  run-pyroscope.s
01:20:26 PM  1000    935125    0.00    0.00    0.00    0.00    0.00    18  prometheus
01:20:26 PM  1000    935128   12.00    1.00    0.00    1.00   13.00    20  tempo
01:20:26 PM  1000    935129    1.00    0.00    0.00    0.00    1.00    20  loki
01:20:26 PM  1000    935131    1.00    0.00    0.00    0.00    1.00    16  pyroscope

01:20:25 PM   UID       PID   cswch/s nvcswch/s  Command
01:20:26 PM  1000    935106      0.00      0.00  run-grafana.sh
01:20:26 PM  1000    935108      0.00      0.00  run-loki.sh
01:20:26 PM  1000    935110     38.00      0.00  grafana
01:20:26 PM  1000    935111      0.00      0.00  run-otelcol.sh
01:20:26 PM  1000    935114      0.00      0.00  run-prometheus.
01:20:26 PM  1000    935116      0.00      0.00  otelcol-contrib
01:20:26 PM  1000    935117      0.00      0.00  run-tempo.sh
01:20:26 PM  1000    935124      0.00      0.00  run-pyroscope.s
01:20:26 PM  1000    935125      4.00      0.00  prometheus
01:20:26 PM  1000    935128     96.00      8.00  tempo
01:20:26 PM  1000    935129      8.00      0.00  loki
01:20:26 PM  1000    935131      0.00      0.00  pyroscope

01:20:26 PM   UID       PID    %usr %system  %guest   %wait    %CPU   CPU  Command
01:20:27 PM  1000    935106    0.00    0.00    0.00    0.00    0.00    18  run-grafana.sh
01:20:27 PM  1000    935108    0.00    0.00    0.00    0.00    0.00    20  run-loki.sh
01:20:27 PM  1000    935110    0.00    0.00    0.00    0.00    0.00    16  grafana
01:20:27 PM  1000    935111    0.00    0.00    0.00    0.00    0.00    20  run-otelcol.sh
01:20:27 PM  1000    935114    0.00    0.00    0.00    0.00    0.00    18  run-prometheus.
01:20:27 PM  1000    935116    4.00    0.00    0.00    0.00    4.00    20  otelcol-contrib
01:20:27 PM  1000    935117    0.00    0.00    0.00    0.00    0.00    20  run-tempo.sh
01:20:27 PM  1000    935124    0.00    0.00    0.00    0.00    0.00    16  run-pyroscope.s
01:20:27 PM  1000    935125    1.00    0.00    0.00    0.00    1.00    16  prometheus
01:20:27 PM  1000    935128   10.00    0.00    0.00    0.00   10.00    20  tempo
01:20:27 PM  1000    935129    0.00    0.00    0.00    0.00    0.00    18  loki
01:20:27 PM  1000    935131    0.00    0.00    0.00    0.00    0.00    16  pyroscope

01:20:26 PM   UID       PID   cswch/s nvcswch/s  Command
01:20:27 PM  1000    935106      0.00      0.00  run-grafana.sh
01:20:27 PM  1000    935108      0.00      0.00  run-loki.sh
01:20:27 PM  1000    935110      0.00      0.00  grafana
01:20:27 PM  1000    935111      0.00      0.00  run-otelcol.sh
01:20:27 PM  1000    935114      0.00      0.00  run-prometheus.
01:20:27 PM  1000    935116      0.00      0.00  otelcol-contrib
01:20:27 PM  1000    935117      0.00      0.00  run-tempo.sh
01:20:27 PM  1000    935124      0.00      0.00  run-pyroscope.s
01:20:27 PM  1000    935125      4.00      0.00  prometheus
01:20:27 PM  1000    935128     94.00     10.00  tempo
01:20:27 PM  1000    935129     35.00      0.00  loki
01:20:27 PM  1000    935131      0.00      0.00  pyroscope

01:20:27 PM   UID       PID    %usr %system  %guest   %wait    %CPU   CPU  Command
01:20:28 PM  1000    935106    0.00    0.00    0.00    0.00    0.00    18  run-grafana.sh
01:20:28 PM  1000    935108    0.00    0.00    0.00    0.00    0.00    20  run-loki.sh
01:20:28 PM  1000    935110    0.00    0.00    0.00    0.00    0.00    16  grafana
01:20:28 PM  1000    935111    0.00    0.00    0.00    0.00    0.00    20  run-otelcol.sh
01:20:28 PM  1000    935114    0.00    0.00    0.00    0.00    0.00    18  run-prometheus.
01:20:28 PM  1000    935116    2.00    0.00    0.00    0.00    2.00    20  otelcol-contrib
01:20:28 PM  1000    935117    0.00    0.00    0.00    0.00    0.00    20  run-tempo.sh
01:20:28 PM  1000    935124    0.00    0.00    0.00    0.00    0.00    16  run-pyroscope.s
01:20:28 PM  1000    935125    0.00    0.00    0.00    0.00    0.00    20  prometheus
01:20:28 PM  1000    935128   32.00    4.00    0.00    0.00   36.00    20  tempo
01:20:28 PM  1000    935129    0.00    1.00    0.00    0.00    1.00    16  loki
01:20:28 PM  1000    935131    0.00    0.00    0.00    0.00    0.00    16  pyroscope

01:20:27 PM   UID       PID   cswch/s nvcswch/s  Command
01:20:28 PM  1000    935106      0.00      0.00  run-grafana.sh
01:20:28 PM  1000    935108      0.00      0.00  run-loki.sh
01:20:28 PM  1000    935110      0.00      0.00  grafana
01:20:28 PM  1000    935111      0.00      0.00  run-otelcol.sh
01:20:28 PM  1000    935114      0.00      0.00  run-prometheus.
01:20:28 PM  1000    935116      0.00      0.00  otelcol-contrib
01:20:28 PM  1000    935117      0.00      0.00  run-tempo.sh
01:20:28 PM  1000    935124      0.00      0.00  run-pyroscope.s
01:20:28 PM  1000    935125      6.00      0.00  prometheus
01:20:28 PM  1000    935128     92.00     11.00  tempo
01:20:28 PM  1000    935129     49.00      0.00  loki
01:20:28 PM  1000    935131      0.00      0.00  pyroscope

01:20:28 PM   UID       PID    %usr %system  %guest   %wait    %CPU   CPU  Command
01:20:29 PM  1000    935106    0.00    0.00    0.00    0.00    0.00    18  run-grafana.sh
01:20:29 PM  1000    935108    0.00    0.00    0.00    0.00    0.00    20  run-loki.sh
01:20:29 PM  1000    935110    3.00    0.00    0.00    0.00    3.00    18  grafana
01:20:29 PM  1000    935111    0.00    0.00    0.00    0.00    0.00    20  run-otelcol.sh
01:20:29 PM  1000    935114    0.00    0.00    0.00    0.00    0.00    18  run-prometheus.
01:20:29 PM  1000    935116    4.00    1.00    0.00    0.00    5.00    20  otelcol-contrib
01:20:29 PM  1000    935117    0.00    0.00    0.00    0.00    0.00    20  run-tempo.sh
01:20:29 PM  1000    935124    0.00    0.00    0.00    0.00    0.00    16  run-pyroscope.s
01:20:29 PM  1000    935125    0.00    0.00    0.00    0.00    0.00    16  prometheus
01:20:29 PM  1000    935128   12.00    0.00    0.00    0.00   12.00    16  tempo
01:20:29 PM  1000    935129    0.00    0.00    0.00    0.00    0.00    16  loki
01:20:29 PM  1000    935131    0.00    0.00    0.00    0.00    0.00    16  pyroscope

01:20:28 PM   UID       PID   cswch/s nvcswch/s  Command
01:20:29 PM  1000    935106      0.00      0.00  run-grafana.sh
01:20:29 PM  1000    935108      0.00      0.00  run-loki.sh
01:20:29 PM  1000    935110     33.00      0.00  grafana
01:20:29 PM  1000    935111      0.00      0.00  run-otelcol.sh
01:20:29 PM  1000    935114      0.00      0.00  run-prometheus.
01:20:29 PM  1000    935116      0.00      0.00  otelcol-contrib
01:20:29 PM  1000    935117      0.00      0.00  run-tempo.sh
01:20:29 PM  1000    935124      0.00      0.00  run-pyroscope.s
01:20:29 PM  1000    935125      1.00      0.00  prometheus
01:20:29 PM  1000    935128     98.00      2.00  tempo
01:20:29 PM  1000    935129     36.00      0.00  loki
01:20:29 PM  1000    935131      0.00      0.00  pyroscope

01:20:29 PM   UID       PID    %usr %system  %guest   %wait    %CPU   CPU  Command
01:20:30 PM  1000    935106    0.00    0.00    0.00    0.00    0.00    18  run-grafana.sh
01:20:30 PM  1000    935108    0.00    0.00    0.00    0.00    0.00    20  run-loki.sh
01:20:30 PM  1000    935110    0.00    0.00    0.00    0.00    0.00    18  grafana
01:20:30 PM  1000    935111    0.00    0.00    0.00    0.00    0.00    20  run-otelcol.sh
01:20:30 PM  1000    935114    0.00    0.00    0.00    0.00    0.00    18  run-prometheus.
01:20:30 PM  1000    935116    3.00    0.00    0.00    0.00    3.00    20  otelcol-contrib
01:20:30 PM  1000    935117    0.00    0.00    0.00    0.00    0.00    20  run-tempo.sh
01:20:30 PM  1000    935124    0.00    0.00    0.00    0.00    0.00    16  run-pyroscope.s
01:20:30 PM  1000    935125    0.00    0.00    0.00    0.00    0.00    18  prometheus
01:20:30 PM  1000    935128   10.00    1.00    0.00    0.00   11.00    20  tempo
01:20:30 PM  1000    935129    0.00    0.00    0.00    0.00    0.00    20  loki
01:20:30 PM  1000    935131    0.00    0.00    0.00    0.00    0.00    16  pyroscope

01:20:29 PM   UID       PID   cswch/s nvcswch/s  Command
01:20:30 PM  1000    935106      0.00      0.00  run-grafana.sh
01:20:30 PM  1000    935108      0.00      0.00  run-loki.sh
01:20:30 PM  1000    935110     15.00      0.00  grafana
01:20:30 PM  1000    935111      0.00      0.00  run-otelcol.sh
01:20:30 PM  1000    935114      0.00      0.00  run-prometheus.
01:20:30 PM  1000    935116      0.00      0.00  otelcol-contrib
01:20:30 PM  1000    935117      0.00      0.00  run-tempo.sh
01:20:30 PM  1000    935124      0.00      0.00  run-pyroscope.s
01:20:30 PM  1000    935125      3.00      0.00  prometheus
01:20:30 PM  1000    935128     97.00      4.00  tempo
01:20:30 PM  1000    935129     33.00      0.00  loki
01:20:30 PM  1000    935131      0.00      0.00  pyroscope

01:20:30 PM   UID       PID    %usr %system  %guest   %wait    %CPU   CPU  Command
01:20:31 PM  1000    935106    0.00    0.00    0.00    0.00    0.00    18  run-grafana.sh
01:20:31 PM  1000    935108    0.00    0.00    0.00    0.00    0.00    20  run-loki.sh
01:20:31 PM  1000    935110    0.00    0.00    0.00    0.00    0.00    16  grafana
01:20:31 PM  1000    935111    0.00    0.00    0.00    0.00    0.00    20  run-otelcol.sh
01:20:31 PM  1000    935114    0.00    0.00    0.00    0.00    0.00    18  run-prometheus.
01:20:31 PM  1000    935116    5.00    0.00    0.00    0.00    5.00    20  otelcol-contrib
01:20:31 PM  1000    935117    0.00    0.00    0.00    0.00    0.00    20  run-tempo.sh
01:20:31 PM  1000    935124    0.00    0.00    0.00    0.00    0.00    16  run-pyroscope.s
01:20:31 PM  1000    935125    0.00    0.00    0.00    0.00    0.00    16  prometheus
01:20:31 PM  1000    935128   60.00    2.00    0.00    0.00   62.00    20  tempo
01:20:31 PM  1000    935129    1.00    0.00    0.00    1.00    1.00    18  loki
01:20:31 PM  1000    935131    0.00    0.00    0.00    0.00    0.00    16  pyroscope

01:20:30 PM   UID       PID   cswch/s nvcswch/s  Command
01:20:31 PM  1000    935106      0.00      0.00  run-grafana.sh
01:20:31 PM  1000    935108      0.00      0.00  run-loki.sh
01:20:31 PM  1000    935110      8.00      0.00  grafana
01:20:31 PM  1000    935111      0.00      0.00  run-otelcol.sh
01:20:31 PM  1000    935114      0.00      0.00  run-prometheus.
01:20:31 PM  1000    935116      0.00      0.00  otelcol-contrib
01:20:31 PM  1000    935117      0.00      0.00  run-tempo.sh
01:20:31 PM  1000    935124      0.00      0.00  run-pyroscope.s
01:20:31 PM  1000    935125      4.00      0.00  prometheus
01:20:31 PM  1000    935128    103.00     40.00  tempo
01:20:31 PM  1000    935129     43.00      1.00  loki
01:20:31 PM  1000    935131      0.00      0.00  pyroscope

01:20:31 PM   UID       PID    %usr %system  %guest   %wait    %CPU   CPU  Command
01:20:32 PM  1000    935106    0.00    0.00    0.00    0.00    0.00    18  run-grafana.sh
01:20:32 PM  1000    935108    0.00    0.00    0.00    0.00    0.00    20  run-loki.sh
01:20:32 PM  1000    935110    0.00    0.00    0.00    0.00    0.00    20  grafana
01:20:32 PM  1000    935111    0.00    0.00    0.00    0.00    0.00    20  run-otelcol.sh
01:20:32 PM  1000    935114    0.00    0.00    0.00    0.00    0.00    18  run-prometheus.
01:20:32 PM  1000    935116    3.00    0.00    0.00    0.00    3.00    20  otelcol-contrib
01:20:32 PM  1000    935117    0.00    0.00    0.00    0.00    0.00    20  run-tempo.sh
01:20:32 PM  1000    935124    0.00    0.00    0.00    0.00    0.00    16  run-pyroscope.s
01:20:32 PM  1000    935125    0.00    0.00    0.00    0.00    0.00    18  prometheus
01:20:32 PM  1000    935128   29.00    3.00    0.00    0.00   32.00    20  tempo
01:20:32 PM  1000    935129    0.00    0.00    0.00    0.00    0.00    20  loki
01:20:32 PM  1000    935131    0.00    0.00    0.00    0.00    0.00    16  pyroscope

01:20:31 PM   UID       PID   cswch/s nvcswch/s  Command
01:20:32 PM  1000    935106      0.00      0.00  run-grafana.sh
01:20:32 PM  1000    935108      0.00      0.00  run-loki.sh
01:20:32 PM  1000    935110     23.00      0.00  grafana
01:20:32 PM  1000    935111      0.00      0.00  run-otelcol.sh
01:20:32 PM  1000    935114      0.00      0.00  run-prometheus.
01:20:32 PM  1000    935116      0.00      0.00  otelcol-contrib
01:20:32 PM  1000    935117      0.00      0.00  run-tempo.sh
01:20:32 PM  1000    935124      0.00      0.00  run-pyroscope.s
01:20:32 PM  1000    935125      1.00      0.00  prometheus
01:20:32 PM  1000    935128     26.00      0.00  tempo
01:20:32 PM  1000    935129     41.00      0.00  loki
01:20:32 PM  1000    935131      0.00      0.00  pyroscope

01:20:32 PM   UID       PID    %usr %system  %guest   %wait    %CPU   CPU  Command
01:20:33 PM  1000    935106    0.00    0.00    0.00    0.00    0.00    18  run-grafana.sh
01:20:33 PM  1000    935108    0.00    0.00    0.00    0.00    0.00    20  run-loki.sh
01:20:33 PM  1000    935110    0.00    0.00    0.00    0.00    0.00    18  grafana
01:20:33 PM  1000    935111    0.00    0.00    0.00    0.00    0.00    20  run-otelcol.sh
01:20:33 PM  1000    935114    0.00    0.00    0.00    0.00    0.00    18  run-prometheus.
01:20:33 PM  1000    935116    3.00    0.00    0.00    0.00    3.00    20  otelcol-contrib
01:20:33 PM  1000    935117    0.00    0.00    0.00    0.00    0.00    20  run-tempo.sh
01:20:33 PM  1000    935124    0.00    0.00    0.00    0.00    0.00    16  run-pyroscope.s
01:20:33 PM  1000    935125    0.00    0.00    0.00    0.00    0.00    16  prometheus
01:20:33 PM  1000    935128   28.00    4.00    0.00    0.00   32.00    20  tempo
01:20:33 PM  1000    935129    0.00    0.00    0.00    0.00    0.00    16  loki
01:20:33 PM  1000    935131    0.00    0.00    0.00    0.00    0.00    16  pyroscope

01:20:32 PM   UID       PID   cswch/s nvcswch/s  Command
01:20:33 PM  1000    935106      0.00      0.00  run-grafana.sh
01:20:33 PM  1000    935108      0.00      0.00  run-loki.sh
01:20:33 PM  1000    935110      7.00      0.00  grafana
01:20:33 PM  1000    935111      0.00      0.00  run-otelcol.sh
01:20:33 PM  1000    935114      0.00      0.00  run-prometheus.
01:20:33 PM  1000    935116      0.00      0.00  otelcol-contrib
01:20:33 PM  1000    935117      0.00      0.00  run-tempo.sh
01:20:33 PM  1000    935124      0.00      0.00  run-pyroscope.s
01:20:33 PM  1000    935125      5.00      0.00  prometheus
01:20:33 PM  1000    935128      3.00      0.00  tempo
01:20:33 PM  1000    935129     43.00      0.00  loki
01:20:33 PM  1000    935131      0.00      0.00  pyroscope

01:20:33 PM   UID       PID    %usr %system  %guest   %wait    %CPU   CPU  Command
01:20:34 PM  1000    935106    0.00    0.00    0.00    0.00    0.00    18  run-grafana.sh
01:20:34 PM  1000    935108    0.00    0.00    0.00    0.00    0.00    20  run-loki.sh
01:20:34 PM  1000    935110    0.00    0.00    0.00    0.00    0.00    16  grafana
01:20:34 PM  1000    935111    0.00    0.00    0.00    0.00    0.00    20  run-otelcol.sh
01:20:34 PM  1000    935114    0.00    0.00    0.00    0.00    0.00    18  run-prometheus.
01:20:34 PM  1000    935116    2.00    1.00    0.00    0.00    3.00    20  otelcol-contrib
01:20:34 PM  1000    935117    0.00    0.00    0.00    0.00    0.00    20  run-tempo.sh
01:20:34 PM  1000    935124    0.00    0.00    0.00    0.00    0.00    16  run-pyroscope.s
01:20:34 PM  1000    935125    0.00    0.00    0.00    0.00    0.00    16  prometheus
01:20:34 PM  1000    935128   52.00    2.00    0.00    1.00   54.00    18  tempo
01:20:34 PM  1000    935129    0.00    0.00    0.00    0.00    0.00    18  loki
01:20:34 PM  1000    935131    0.00    0.00    0.00    0.00    0.00    16  pyroscope

01:20:33 PM   UID       PID   cswch/s nvcswch/s  Command
01:20:34 PM  1000    935106      0.00      0.00  run-grafana.sh
01:20:34 PM  1000    935108      0.00      0.00  run-loki.sh
01:20:34 PM  1000    935110     10.00      0.00  grafana
01:20:34 PM  1000    935111      0.00      0.00  run-otelcol.sh
01:20:34 PM  1000    935114      0.00      0.00  run-prometheus.
01:20:34 PM  1000    935116      0.00      0.00  otelcol-contrib
01:20:34 PM  1000    935117      0.00      0.00  run-tempo.sh
01:20:34 PM  1000    935124      0.00      0.00  run-pyroscope.s
01:20:34 PM  1000    935125      3.00      0.00  prometheus
01:20:34 PM  1000    935128    108.00     53.00  tempo
01:20:34 PM  1000    935129     46.00      0.00  loki
01:20:34 PM  1000    935131      0.00      0.00  pyroscope

01:20:34 PM   UID       PID    %usr %system  %guest   %wait    %CPU   CPU  Command
01:20:35 PM  1000    935106    0.00    0.00    0.00    0.00    0.00    18  run-grafana.sh
01:20:35 PM  1000    935108    0.00    0.00    0.00    0.00    0.00    20  run-loki.sh
01:20:35 PM  1000    935110    0.00    0.00    0.00    0.00    0.00    18  grafana
01:20:35 PM  1000    935111    0.00    0.00    0.00    0.00    0.00    20  run-otelcol.sh
01:20:35 PM  1000    935114    0.00    0.00    0.00    0.00    0.00    18  run-prometheus.
01:20:35 PM  1000    935116    5.00    0.00    0.00    0.00    5.00    20  otelcol-contrib
01:20:35 PM  1000    935117    0.00    0.00    0.00    0.00    0.00    20  run-tempo.sh
01:20:35 PM  1000    935124    0.00    0.00    0.00    0.00    0.00    16  run-pyroscope.s
01:20:35 PM  1000    935125    0.00    0.00    0.00    0.00    0.00    20  prometheus
01:20:35 PM  1000    935128   11.00    0.00    0.00    0.00   11.00    18  tempo
01:20:35 PM  1000    935129    1.00    0.00    0.00    0.00    1.00    16  loki
01:20:35 PM  1000    935131    1.00    0.00    0.00    0.00    1.00    16  pyroscope

01:20:34 PM   UID       PID   cswch/s nvcswch/s  Command
01:20:35 PM  1000    935106      0.00      0.00  run-grafana.sh
01:20:35 PM  1000    935108      0.00      0.00  run-loki.sh
01:20:35 PM  1000    935110     15.00      0.00  grafana
01:20:35 PM  1000    935111      0.00      0.00  run-otelcol.sh
01:20:35 PM  1000    935114      0.00      0.00  run-prometheus.
01:20:35 PM  1000    935116      0.00      0.00  otelcol-contrib
01:20:35 PM  1000    935117      0.00      0.00  run-tempo.sh
01:20:35 PM  1000    935124      0.00      0.00  run-pyroscope.s
01:20:35 PM  1000    935125      4.00      0.00  prometheus
01:20:35 PM  1000    935128     87.00      5.00  tempo
01:20:35 PM  1000    935129     50.00      0.00  loki
01:20:35 PM  1000    935131      0.00      0.00  pyroscope

01:20:35 PM   UID       PID    %usr %system  %guest   %wait    %CPU   CPU  Command
01:20:36 PM  1000    935106    0.00    0.00    0.00    0.00    0.00    18  run-grafana.sh
01:20:36 PM  1000    935108    0.00    0.00    0.00    0.00    0.00    20  run-loki.sh
01:20:36 PM  1000    935110    0.00    0.00    0.00    0.00    0.00    18  grafana
01:20:36 PM  1000    935111    0.00    0.00    0.00    0.00    0.00    20  run-otelcol.sh
01:20:36 PM  1000    935114    0.00    0.00    0.00    0.00    0.00    18  run-prometheus.
01:20:36 PM  1000    935116    3.00    0.00    0.00    0.00    3.00    20  otelcol-contrib
01:20:36 PM  1000    935117    0.00    0.00    0.00    0.00    0.00    20  run-tempo.sh
01:20:36 PM  1000    935124    0.00    0.00    0.00    0.00    0.00    16  run-pyroscope.s
01:20:36 PM  1000    935125    1.00    0.00    0.00    0.00    1.00    16  prometheus
01:20:36 PM  1000    935128   11.00    1.00    0.00    0.00   12.00    20  tempo
01:20:36 PM  1000    935129    0.00    0.00    0.00    0.00    0.00    20  loki
01:20:36 PM  1000    935131    0.00    1.00    0.00    0.00    1.00    16  pyroscope

01:20:35 PM   UID       PID   cswch/s nvcswch/s  Command
01:20:36 PM  1000    935106      0.00      0.00  run-grafana.sh
01:20:36 PM  1000    935108      0.00      0.00  run-loki.sh
01:20:36 PM  1000    935110     18.00      0.00  grafana
01:20:36 PM  1000    935111      0.00      0.00  run-otelcol.sh
01:20:36 PM  1000    935114      0.00      0.00  run-prometheus.
01:20:36 PM  1000    935116      0.00      0.00  otelcol-contrib
01:20:36 PM  1000    935117      0.00      0.00  run-tempo.sh
01:20:36 PM  1000    935124      0.00      0.00  run-pyroscope.s
01:20:36 PM  1000    935125      2.00      0.00  prometheus
01:20:36 PM  1000    935128     84.00      2.00  tempo
01:20:36 PM  1000    935129     18.00      0.00  loki
01:20:36 PM  1000    935131      0.00      0.00  pyroscope

01:20:36 PM   UID       PID    %usr %system  %guest   %wait    %CPU   CPU  Command
01:20:37 PM  1000    935106    0.00    0.00    0.00    0.00    0.00    18  run-grafana.sh
01:20:37 PM  1000    935108    0.00    0.00    0.00    0.00    0.00    20  run-loki.sh
01:20:37 PM  1000    935110    0.00    0.00    0.00    0.00    0.00    16  grafana
01:20:37 PM  1000    935111    0.00    0.00    0.00    0.00    0.00    20  run-otelcol.sh
01:20:37 PM  1000    935114    0.00    0.00    0.00    0.00    0.00    18  run-prometheus.
01:20:37 PM  1000    935116    4.00    0.00    0.00    0.00    4.00    20  otelcol-contrib
01:20:37 PM  1000    935117    0.00    0.00    0.00    0.00    0.00    20  run-tempo.sh
01:20:37 PM  1000    935124    0.00    0.00    0.00    0.00    0.00    16  run-pyroscope.s
01:20:37 PM  1000    935125    0.00    0.00    0.00    0.00    0.00    16  prometheus
01:20:37 PM  1000    935128   61.00    2.00    0.00    0.00   63.00    20  tempo
01:20:37 PM  1000    935129    0.00    0.00    0.00    0.00    0.00    16  loki
01:20:37 PM  1000    935131    0.00    0.00    0.00    0.00    0.00    16  pyroscope

01:20:36 PM   UID       PID   cswch/s nvcswch/s  Command
01:20:37 PM  1000    935106      0.00      0.00  run-grafana.sh
01:20:37 PM  1000    935108      0.00      0.00  run-loki.sh
01:20:37 PM  1000    935110     16.00      0.00  grafana
01:20:37 PM  1000    935111      0.00      0.00  run-otelcol.sh
01:20:37 PM  1000    935114      0.00      0.00  run-prometheus.
01:20:37 PM  1000    935116      0.00      0.00  otelcol-contrib
01:20:37 PM  1000    935117      0.00      0.00  run-tempo.sh
01:20:37 PM  1000    935124      0.00      0.00  run-pyroscope.s
01:20:37 PM  1000    935125      1.00      0.00  prometheus
01:20:37 PM  1000    935128     82.00     40.00  tempo
01:20:37 PM  1000    935129      6.00      0.00  loki
01:20:37 PM  1000    935131      0.00      0.00  pyroscope

01:20:37 PM   UID       PID    %usr %system  %guest   %wait    %CPU   CPU  Command
01:20:38 PM  1000    935106    0.00    0.00    0.00    0.00    0.00    18  run-grafana.sh
01:20:38 PM  1000    935108    0.00    0.00    0.00    0.00    0.00    20  run-loki.sh
01:20:38 PM  1000    935110    0.00    0.00    0.00    0.00    0.00    20  grafana
01:20:38 PM  1000    935111    0.00    0.00    0.00    0.00    0.00    20  run-otelcol.sh
01:20:38 PM  1000    935114    0.00    0.00    0.00    0.00    0.00    18  run-prometheus.
01:20:38 PM  1000    935116    3.00    0.00    0.00    0.00    3.00    20  otelcol-contrib
01:20:38 PM  1000    935117    0.00    0.00    0.00    0.00    0.00    20  run-tempo.sh
01:20:38 PM  1000    935124    0.00    0.00    0.00    0.00    0.00    16  run-pyroscope.s
01:20:38 PM  1000    935125    0.00    0.00    0.00    0.00    0.00    16  prometheus
01:20:38 PM  1000    935128   41.00    1.00    0.00    0.00   42.00    16  tempo
01:20:38 PM  1000    935129    0.00    0.00    0.00    0.00    0.00    18  loki
01:20:38 PM  1000    935131    0.00    0.00    0.00    0.00    0.00    16  pyroscope

01:20:37 PM   UID       PID   cswch/s nvcswch/s  Command
01:20:38 PM  1000    935106      0.00      0.00  run-grafana.sh
01:20:38 PM  1000    935108      0.00      0.00  run-loki.sh
01:20:38 PM  1000    935110     22.00      0.00  grafana
01:20:38 PM  1000    935111      0.00      0.00  run-otelcol.sh
01:20:38 PM  1000    935114      0.00      0.00  run-prometheus.
01:20:38 PM  1000    935116      0.00      0.00  otelcol-contrib
01:20:38 PM  1000    935117      0.00      0.00  run-tempo.sh
01:20:38 PM  1000    935124      0.00      0.00  run-pyroscope.s
01:20:38 PM  1000    935125      5.00      0.00  prometheus
01:20:38 PM  1000    935128     95.00     41.00  tempo
01:20:38 PM  1000    935129      6.00      0.00  loki
01:20:38 PM  1000    935131      0.00      0.00  pyroscope

01:20:38 PM   UID       PID    %usr %system  %guest   %wait    %CPU   CPU  Command
01:20:39 PM  1000    935106    0.00    0.00    0.00    0.00    0.00    18  run-grafana.sh
01:20:39 PM  1000    935108    0.00    0.00    0.00    0.00    0.00    20  run-loki.sh
01:20:39 PM  1000    935110    3.00    0.00    0.00    0.00    3.00    20  grafana
01:20:39 PM  1000    935111    0.00    0.00    0.00    0.00    0.00    20  run-otelcol.sh
01:20:39 PM  1000    935114    0.00    0.00    0.00    0.00    0.00    18  run-prometheus.
01:20:39 PM  1000    935116    3.00    1.00    0.00    0.00    4.00    20  otelcol-contrib
01:20:39 PM  1000    935117    0.00    0.00    0.00    0.00    0.00    20  run-tempo.sh
01:20:39 PM  1000    935124    0.00    0.00    0.00    0.00    0.00    16  run-pyroscope.s
01:20:39 PM  1000    935125    0.00    0.00    0.00    0.00    0.00    20  prometheus
01:20:39 PM  1000    935128   37.00    2.00    0.00    0.00   39.00    20  tempo
01:20:39 PM  1000    935129    1.00    0.00    0.00    0.00    1.00    18  loki
01:20:39 PM  1000    935131    3.00    0.00    0.00    0.00    3.00    16  pyroscope

01:20:38 PM   UID       PID   cswch/s nvcswch/s  Command
01:20:39 PM  1000    935106      0.00      0.00  run-grafana.sh
01:20:39 PM  1000    935108      0.00      0.00  run-loki.sh
01:20:39 PM  1000    935110     37.00      0.00  grafana
01:20:39 PM  1000    935111      0.00      0.00  run-otelcol.sh
01:20:39 PM  1000    935114      0.00      0.00  run-prometheus.
01:20:39 PM  1000    935116      0.00      0.00  otelcol-contrib
01:20:39 PM  1000    935117      0.00      0.00  run-tempo.sh
01:20:39 PM  1000    935124      0.00      0.00  run-pyroscope.s
01:20:39 PM  1000    935125      2.00      0.00  prometheus
01:20:39 PM  1000    935128     84.00      3.00  tempo
01:20:39 PM  1000    935129     24.00      0.00  loki
01:20:39 PM  1000    935131      0.00      0.00  pyroscope

01:20:39 PM   UID       PID    %usr %system  %guest   %wait    %CPU   CPU  Command
01:20:40 PM  1000    935106    0.00    0.00    0.00    0.00    0.00    18  run-grafana.sh
01:20:40 PM  1000    935108    0.00    0.00    0.00    0.00    0.00    20  run-loki.sh
01:20:40 PM  1000    935110    0.00    0.00    0.00    0.00    0.00    16  grafana
01:20:40 PM  1000    935111    0.00    0.00    0.00    0.00    0.00    20  run-otelcol.sh
01:20:40 PM  1000    935114    0.00    0.00    0.00    0.00    0.00    18  run-prometheus.
01:20:40 PM  1000    935116    5.00    0.00    0.00    0.00    5.00    20  otelcol-contrib
01:20:40 PM  1000    935117    0.00    0.00    0.00    0.00    0.00    20  run-tempo.sh
01:20:40 PM  1000    935124    0.00    0.00    0.00    0.00    0.00    16  run-pyroscope.s
01:20:40 PM  1000    935125    0.00    0.00    0.00    0.00    0.00    20  prometheus
01:20:40 PM  1000    935128   22.00    1.00    0.00    0.00   23.00    16  tempo
01:20:40 PM  1000    935129    0.00    1.00    0.00    0.00    1.00    16  loki
01:20:40 PM  1000    935131    1.00    0.00    0.00    0.00    1.00    16  pyroscope

01:20:39 PM   UID       PID   cswch/s nvcswch/s  Command
01:20:40 PM  1000    935106      0.00      0.00  run-grafana.sh
01:20:40 PM  1000    935108      0.00      0.00  run-loki.sh
01:20:40 PM  1000    935110     29.00      0.00  grafana
01:20:40 PM  1000    935111      0.00      0.00  run-otelcol.sh
01:20:40 PM  1000    935114      0.00      0.00  run-prometheus.
01:20:40 PM  1000    935116      0.00      0.00  otelcol-contrib
01:20:40 PM  1000    935117      0.00      0.00  run-tempo.sh
01:20:40 PM  1000    935124      0.00      0.00  run-pyroscope.s
01:20:40 PM  1000    935125      1.00      0.00  prometheus
01:20:40 PM  1000    935128     89.00     11.00  tempo
01:20:40 PM  1000    935129     41.00      0.00  loki
01:20:40 PM  1000    935131      0.00      0.00  pyroscope

01:20:40 PM   UID       PID    %usr %system  %guest   %wait    %CPU   CPU  Command
01:20:41 PM  1000    935106    0.00    0.00    0.00    0.00    0.00    18  run-grafana.sh
01:20:41 PM  1000    935108    0.00    0.00    0.00    0.00    0.00    20  run-loki.sh
01:20:41 PM  1000    935110    0.00    0.00    0.00    0.00    0.00    20  grafana
01:20:41 PM  1000    935111    0.00    0.00    0.00    0.00    0.00    20  run-otelcol.sh
01:20:41 PM  1000    935114    0.00    0.00    0.00    0.00    0.00    18  run-prometheus.
01:20:41 PM  1000    935116    3.00    0.00    0.00    0.00    3.00    20  otelcol-contrib
01:20:41 PM  1000    935117    0.00    0.00    0.00    0.00    0.00    20  run-tempo.sh
01:20:41 PM  1000    935124    0.00    0.00    0.00    0.00    0.00    16  run-pyroscope.s
01:20:41 PM  1000    935125    0.00    0.00    0.00    0.00    0.00    16  prometheus
01:20:41 PM  1000    935128   64.00    4.00    0.00    1.00   68.00    20  tempo
01:20:41 PM  1000    935129    0.00    0.00    0.00    0.00    0.00    20  loki
01:20:41 PM  1000    935131    0.00    0.00    0.00    0.00    0.00    16  pyroscope

01:20:40 PM   UID       PID   cswch/s nvcswch/s  Command
01:20:41 PM  1000    935106      0.00      0.00  run-grafana.sh
01:20:41 PM  1000    935108      0.00      0.00  run-loki.sh
01:20:41 PM  1000    935110     39.00      0.00  grafana
01:20:41 PM  1000    935111      0.00      0.00  run-otelcol.sh
01:20:41 PM  1000    935114      0.00      0.00  run-prometheus.
01:20:41 PM  1000    935116      0.00      0.00  otelcol-contrib
01:20:41 PM  1000    935117      0.00      0.00  run-tempo.sh
01:20:41 PM  1000    935124      0.00      0.00  run-pyroscope.s
01:20:41 PM  1000    935125      2.00      0.00  prometheus
01:20:41 PM  1000    935128     81.00     41.00  tempo
01:20:41 PM  1000    935129     37.00      0.00  loki
01:20:41 PM  1000    935131      0.00      0.00  pyroscope

01:20:41 PM   UID       PID    %usr %system  %guest   %wait    %CPU   CPU  Command
01:20:42 PM  1000    935106    0.00    0.00    0.00    0.00    0.00    18  run-grafana.sh
01:20:42 PM  1000    935108    0.00    0.00    0.00    0.00    0.00    20  run-loki.sh
01:20:42 PM  1000    935110    0.00    0.00    0.00    0.00    0.00    20  grafana
01:20:42 PM  1000    935111    0.00    0.00    0.00    0.00    0.00    20  run-otelcol.sh
01:20:42 PM  1000    935114    0.00    0.00    0.00    0.00    0.00    18  run-prometheus.
01:20:42 PM  1000    935116    3.00    0.00    0.00    0.00    3.00    20  otelcol-contrib
01:20:42 PM  1000    935117    0.00    0.00    0.00    0.00    0.00    20  run-tempo.sh
01:20:42 PM  1000    935124    0.00    0.00    0.00    0.00    0.00    16  run-pyroscope.s
01:20:42 PM  1000    935125    0.00    0.00    0.00    0.00    0.00    20  prometheus
01:20:42 PM  1000    935128   10.00    1.00    0.00    0.00   11.00    20  tempo
01:20:42 PM  1000    935129    0.00    0.00    0.00    0.00    0.00    20  loki
01:20:42 PM  1000    935131    0.00    0.00    0.00    0.00    0.00    16  pyroscope

01:20:41 PM   UID       PID   cswch/s nvcswch/s  Command
01:20:42 PM  1000    935106      0.00      0.00  run-grafana.sh
01:20:42 PM  1000    935108      0.00      0.00  run-loki.sh
01:20:42 PM  1000    935110     16.00      0.00  grafana
01:20:42 PM  1000    935111      0.00      0.00  run-otelcol.sh
01:20:42 PM  1000    935114      0.00      0.00  run-prometheus.
01:20:42 PM  1000    935116      0.00      0.00  otelcol-contrib
01:20:42 PM  1000    935117      0.00      0.00  run-tempo.sh
01:20:42 PM  1000    935124      0.00      0.00  run-pyroscope.s
01:20:42 PM  1000    935125      3.00      0.00  prometheus
01:20:42 PM  1000    935128     68.00      6.00  tempo
01:20:42 PM  1000    935129     40.00      0.00  loki
01:20:42 PM  1000    935131      0.00      0.00  pyroscope

01:20:42 PM   UID       PID    %usr %system  %guest   %wait    %CPU   CPU  Command
01:20:43 PM  1000    935106    0.00    0.00    0.00    0.00    0.00    18  run-grafana.sh
01:20:43 PM  1000    935108    0.00    0.00    0.00    0.00    0.00    20  run-loki.sh
01:20:43 PM  1000    935110    0.00    0.00    0.00    0.00    0.00    20  grafana
01:20:43 PM  1000    935111    0.00    0.00    0.00    0.00    0.00    20  run-otelcol.sh
01:20:43 PM  1000    935114    0.00    0.00    0.00    0.00    0.00    18  run-prometheus.
01:20:43 PM  1000    935116    4.00    0.00    0.00    0.00    4.00    20  otelcol-contrib
01:20:43 PM  1000    935117    0.00    0.00    0.00    0.00    0.00    20  run-tempo.sh
01:20:43 PM  1000    935124    0.00    0.00    0.00    0.00    0.00    16  run-pyroscope.s
01:20:43 PM  1000    935125    0.00    0.00    0.00    0.00    0.00    16  prometheus
01:20:43 PM  1000    935128   23.00    1.00    0.00    1.00   24.00    18  tempo
01:20:43 PM  1000    935129    0.00    0.00    0.00    0.00    0.00    18  loki
01:20:43 PM  1000    935131    0.00    0.00    0.00    0.00    0.00    16  pyroscope

01:20:42 PM   UID       PID   cswch/s nvcswch/s  Command
01:20:43 PM  1000    935106      0.00      0.00  run-grafana.sh
01:20:43 PM  1000    935108      0.00      0.00  run-loki.sh
01:20:43 PM  1000    935110     16.00      0.00  grafana
01:20:43 PM  1000    935111      0.00      0.00  run-otelcol.sh
01:20:43 PM  1000    935114      0.00      0.00  run-prometheus.
01:20:43 PM  1000    935116      0.00      0.00  otelcol-contrib
01:20:43 PM  1000    935117      0.00      0.00  run-tempo.sh
01:20:43 PM  1000    935124      0.00      0.00  run-pyroscope.s
01:20:43 PM  1000    935125      7.00      0.00  prometheus
01:20:43 PM  1000    935128     92.00     19.00  tempo
01:20:43 PM  1000    935129     31.00      0.00  loki
01:20:43 PM  1000    935131      0.00      0.00  pyroscope

01:20:43 PM   UID       PID    %usr %system  %guest   %wait    %CPU   CPU  Command
01:20:44 PM  1000    935106    0.00    0.00    0.00    0.00    0.00    18  run-grafana.sh
01:20:44 PM  1000    935108    0.00    0.00    0.00    0.00    0.00    20  run-loki.sh
01:20:44 PM  1000    935110    0.00    0.00    0.00    0.00    0.00    20  grafana
01:20:44 PM  1000    935111    0.00    0.00    0.00    0.00    0.00    20  run-otelcol.sh
01:20:44 PM  1000    935114    0.00    0.00    0.00    0.00    0.00    18  run-prometheus.
01:20:44 PM  1000    935116    2.00    0.00    0.00    0.00    2.00    20  otelcol-contrib
01:20:44 PM  1000    935117    0.00    0.00    0.00    0.00    0.00    20  run-tempo.sh
01:20:44 PM  1000    935124    0.00    0.00    0.00    0.00    0.00    16  run-pyroscope.s
01:20:44 PM  1000    935125    1.00    0.00    0.00    0.00    1.00    16  prometheus
01:20:44 PM  1000    935128   11.00    1.00    0.00    0.00   12.00    16  tempo
01:20:44 PM  1000    935129    1.00    0.00    0.00    0.00    1.00    18  loki
01:20:44 PM  1000    935131    0.00    0.00    0.00    0.00    0.00    16  pyroscope

01:20:43 PM   UID       PID   cswch/s nvcswch/s  Command
01:20:44 PM  1000    935106      0.00      0.00  run-grafana.sh
01:20:44 PM  1000    935108      0.00      0.00  run-loki.sh
01:20:44 PM  1000    935110     10.00      0.00  grafana
01:20:44 PM  1000    935111      0.00      0.00  run-otelcol.sh
01:20:44 PM  1000    935114      0.00      0.00  run-prometheus.
01:20:44 PM  1000    935116      0.00      0.00  otelcol-contrib
01:20:44 PM  1000    935117      0.00      0.00  run-tempo.sh
01:20:44 PM  1000    935124      0.00      0.00  run-pyroscope.s
01:20:44 PM  1000    935125      3.00      0.00  prometheus
01:20:44 PM  1000    935128     98.00      3.00  tempo
01:20:44 PM  1000    935129     51.00      0.00  loki
01:20:44 PM  1000    935131      0.00      0.00  pyroscope

01:20:44 PM   UID       PID    %usr %system  %guest   %wait    %CPU   CPU  Command
01:20:45 PM  1000    935106    0.00    0.00    0.00    0.00    0.00    18  run-grafana.sh
01:20:45 PM  1000    935108    0.00    0.00    0.00    0.00    0.00    20  run-loki.sh
01:20:45 PM  1000    935110    1.00    0.00    0.00    0.00    1.00    20  grafana
01:20:45 PM  1000    935111    0.00    0.00    0.00    0.00    0.00    20  run-otelcol.sh
01:20:45 PM  1000    935114    0.00    0.00    0.00    0.00    0.00    18  run-prometheus.
01:20:45 PM  1000    935116    6.00    1.00    0.00    0.00    7.00    20  otelcol-contrib
01:20:45 PM  1000    935117    0.00    0.00    0.00    0.00    0.00    20  run-tempo.sh
01:20:45 PM  1000    935124    0.00    0.00    0.00    0.00    0.00    16  run-pyroscope.s
01:20:45 PM  1000    935125    0.00    0.00    0.00    0.00    0.00    20  prometheus
01:20:45 PM  1000    935128   26.00    1.00    0.00    0.00   27.00    18  tempo
01:20:45 PM  1000    935129    0.00    0.00    0.00    0.00    0.00    18  loki
01:20:45 PM  1000    935131    1.00    0.00    0.00    0.00    1.00    16  pyroscope

01:20:44 PM   UID       PID   cswch/s nvcswch/s  Command
01:20:45 PM  1000    935106      0.00      0.00  run-grafana.sh
01:20:45 PM  1000    935108      0.00      0.00  run-loki.sh
01:20:45 PM  1000    935110      0.00      0.00  grafana
01:20:45 PM  1000    935111      0.00      0.00  run-otelcol.sh
01:20:45 PM  1000    935114      0.00      0.00  run-prometheus.
01:20:45 PM  1000    935116      0.00      0.00  otelcol-contrib
01:20:45 PM  1000    935117      0.00      0.00  run-tempo.sh
01:20:45 PM  1000    935124      0.00      0.00  run-pyroscope.s
01:20:45 PM  1000    935125      3.00      0.00  prometheus
01:20:45 PM  1000    935128     85.00     11.00  tempo
01:20:45 PM  1000    935129     47.00      0.00  loki
01:20:45 PM  1000    935131      0.00      0.00  pyroscope

01:20:45 PM   UID       PID    %usr %system  %guest   %wait    %CPU   CPU  Command
01:20:46 PM  1000    935106    0.00    0.00    0.00    0.00    0.00    18  run-grafana.sh
01:20:46 PM  1000    935108    0.00    0.00    0.00    0.00    0.00    20  run-loki.sh
01:20:46 PM  1000    935110    0.00    0.00    0.00    0.00    0.00    20  grafana
01:20:46 PM  1000    935111    0.00    0.00    0.00    0.00    0.00    20  run-otelcol.sh
01:20:46 PM  1000    935114    0.00    0.00    0.00    0.00    0.00    18  run-prometheus.
01:20:46 PM  1000    935116    3.00    0.00    0.00    0.00    3.00    20  otelcol-contrib
01:20:46 PM  1000    935117    0.00    0.00    0.00    0.00    0.00    20  run-tempo.sh
01:20:46 PM  1000    935124    0.00    0.00    0.00    0.00    0.00    16  run-pyroscope.s
01:20:46 PM  1000    935125    1.00    0.00    0.00    0.00    1.00    18  prometheus
01:20:46 PM  1000    935128   10.00    1.00    0.00    0.00   11.00    20  tempo
01:20:46 PM  1000    935129    0.00    0.00    0.00    0.00    0.00    20  loki
01:20:46 PM  1000    935131    0.00    0.00    0.00    0.00    0.00    16  pyroscope

01:20:45 PM   UID       PID   cswch/s nvcswch/s  Command
01:20:46 PM  1000    935106      0.00      0.00  run-grafana.sh
01:20:46 PM  1000    935108      0.00      0.00  run-loki.sh
01:20:46 PM  1000    935110      0.00      0.00  grafana
01:20:46 PM  1000    935111      0.00      0.00  run-otelcol.sh
01:20:46 PM  1000    935114      0.00      0.00  run-prometheus.
01:20:46 PM  1000    935116      0.00      0.00  otelcol-contrib
01:20:46 PM  1000    935117      0.00      0.00  run-tempo.sh
01:20:46 PM  1000    935124      0.00      0.00  run-pyroscope.s
01:20:46 PM  1000    935125      5.00      0.00  prometheus
01:20:46 PM  1000    935128     97.00      5.00  tempo
01:20:46 PM  1000    935129      9.00      0.00  loki
01:20:46 PM  1000    935131      0.00      0.00  pyroscope

01:20:46 PM   UID       PID    %usr %system  %guest   %wait    %CPU   CPU  Command
01:20:47 PM  1000    935106    0.00    0.00    0.00    0.00    0.00    18  run-grafana.sh
01:20:47 PM  1000    935108    0.00    0.00    0.00    0.00    0.00    20  run-loki.sh
01:20:47 PM  1000    935110    0.00    1.00    0.00    0.00    1.00    18  grafana
01:20:47 PM  1000    935111    0.00    0.00    0.00    0.00    0.00    20  run-otelcol.sh
01:20:47 PM  1000    935114    0.00    0.00    0.00    0.00    0.00    18  run-prometheus.
01:20:47 PM  1000    935116    0.00    0.00    0.00    0.00    0.00    20  otelcol-contrib
01:20:47 PM  1000    935117    0.00    0.00    0.00    0.00    0.00    20  run-tempo.sh
01:20:47 PM  1000    935124    0.00    0.00    0.00    0.00    0.00    16  run-pyroscope.s
01:20:47 PM  1000    935125    0.00    0.00    0.00    0.00    0.00    20  prometheus
01:20:47 PM  1000    935128   24.00    4.00    0.00    0.00   28.00    18  tempo
01:20:47 PM  1000    935129    0.00    0.00    0.00    0.00    0.00    18  loki
01:20:47 PM  1000    935131    0.00    0.00    0.00    0.00    0.00    16  pyroscope

01:20:46 PM   UID       PID   cswch/s nvcswch/s  Command
01:20:47 PM  1000    935106      0.00      0.00  run-grafana.sh
01:20:47 PM  1000    935108      0.00      0.00  run-loki.sh
01:20:47 PM  1000    935110     20.00      0.00  grafana
01:20:47 PM  1000    935111      0.00      0.00  run-otelcol.sh
01:20:47 PM  1000    935114      0.00      0.00  run-prometheus.
01:20:47 PM  1000    935116      0.00      0.00  otelcol-contrib
01:20:47 PM  1000    935117      0.00      0.00  run-tempo.sh
01:20:47 PM  1000    935124      0.00      0.00  run-pyroscope.s
01:20:47 PM  1000    935125      4.00      0.00  prometheus
01:20:47 PM  1000    935128     46.00      4.00  tempo
01:20:47 PM  1000    935129     19.00      1.00  loki
01:20:47 PM  1000    935131      0.00      0.00  pyroscope

01:20:47 PM   UID       PID    %usr %system  %guest   %wait    %CPU   CPU  Command
01:20:48 PM  1000    935106    0.00    0.00    0.00    0.00    0.00    18  run-grafana.sh
01:20:48 PM  1000    935108    0.00    0.00    0.00    0.00    0.00    20  run-loki.sh
01:20:48 PM  1000    935110    0.00    0.00    0.00    0.00    0.00    18  grafana
01:20:48 PM  1000    935111    0.00    0.00    0.00    0.00    0.00    20  run-otelcol.sh
01:20:48 PM  1000    935114    0.00    0.00    0.00    0.00    0.00    18  run-prometheus.
01:20:48 PM  1000    935116    1.00    0.00    0.00    0.00    1.00    20  otelcol-contrib
01:20:48 PM  1000    935117    0.00    0.00    0.00    0.00    0.00    20  run-tempo.sh
01:20:48 PM  1000    935124    0.00    0.00    0.00    0.00    0.00    16  run-pyroscope.s
01:20:48 PM  1000    935125    0.00    0.00    0.00    0.00    0.00    20  prometheus
01:20:48 PM  1000    935128   27.00    3.00    0.00    0.00   30.00    20  tempo
01:20:48 PM  1000    935129    0.00    0.00    0.00    0.00    0.00    20  loki
01:20:48 PM  1000    935131    0.00    0.00    0.00    0.00    0.00    16  pyroscope

01:20:47 PM   UID       PID   cswch/s nvcswch/s  Command
01:20:48 PM  1000    935106      0.00      0.00  run-grafana.sh
01:20:48 PM  1000    935108      0.00      0.00  run-loki.sh
01:20:48 PM  1000    935110     41.00      0.00  grafana
01:20:48 PM  1000    935111      0.00      0.00  run-otelcol.sh
01:20:48 PM  1000    935114      0.00      0.00  run-prometheus.
01:20:48 PM  1000    935116      0.00      0.00  otelcol-contrib
01:20:48 PM  1000    935117      0.00      0.00  run-tempo.sh
01:20:48 PM  1000    935124      0.00      0.00  run-pyroscope.s
01:20:48 PM  1000    935125      5.00      0.00  prometheus
01:20:48 PM  1000    935128     31.00      0.00  tempo
01:20:48 PM  1000    935129      2.00      0.00  loki
01:20:48 PM  1000    935131      0.00      0.00  pyroscope

01:20:48 PM   UID       PID    %usr %system  %guest   %wait    %CPU   CPU  Command
01:20:49 PM  1000    935106    0.00    0.00    0.00    0.00    0.00    18  run-grafana.sh
01:20:49 PM  1000    935108    0.00    0.00    0.00    0.00    0.00    20  run-loki.sh
01:20:49 PM  1000    935110    2.00    0.00    0.00    0.00    2.00    18  grafana
01:20:49 PM  1000    935111    0.00    0.00    0.00    0.00    0.00    20  run-otelcol.sh
01:20:49 PM  1000    935114    0.00    0.00    0.00    0.00    0.00    18  run-prometheus.
01:20:49 PM  1000    935116    0.00    0.00    0.00    0.00    0.00    20  otelcol-contrib
01:20:49 PM  1000    935117    0.00    0.00    0.00    0.00    0.00    20  run-tempo.sh
01:20:49 PM  1000    935124    0.00    0.00    0.00    0.00    0.00    16  run-pyroscope.s
01:20:49 PM  1000    935125    0.00    0.00    0.00    0.00    0.00    20  prometheus
01:20:49 PM  1000    935128    5.00    0.00    0.00    0.00    5.00    20  tempo
01:20:49 PM  1000    935129    1.00    0.00    0.00    0.00    1.00    20  loki
01:20:49 PM  1000    935131    0.00    0.00    0.00    0.00    0.00    16  pyroscope

01:20:48 PM   UID       PID   cswch/s nvcswch/s  Command
01:20:49 PM  1000    935106      0.00      0.00  run-grafana.sh
01:20:49 PM  1000    935108      0.00      0.00  run-loki.sh
01:20:49 PM  1000    935110     20.00      0.00  grafana
01:20:49 PM  1000    935111      0.00      0.00  run-otelcol.sh
01:20:49 PM  1000    935114      0.00      0.00  run-prometheus.
01:20:49 PM  1000    935116      0.00      0.00  otelcol-contrib
01:20:49 PM  1000    935117      0.00      0.00  run-tempo.sh
01:20:49 PM  1000    935124      0.00      0.00  run-pyroscope.s
01:20:49 PM  1000    935125      1.00      0.00  prometheus
01:20:49 PM  1000    935128     37.00      0.00  tempo
01:20:49 PM  1000    935129     35.00      0.00  loki
01:20:49 PM  1000    935131      0.00      0.00  pyroscope

01:20:49 PM   UID       PID    %usr %system  %guest   %wait    %CPU   CPU  Command
01:20:50 PM  1000    935106    0.00    0.00    0.00    0.00    0.00    18  run-grafana.sh
01:20:50 PM  1000    935108    0.00    0.00    0.00    0.00    0.00    20  run-loki.sh
01:20:50 PM  1000    935110    0.00    0.00    0.00    0.00    0.00    18  grafana
01:20:50 PM  1000    935111    0.00    0.00    0.00    0.00    0.00    20  run-otelcol.sh
01:20:50 PM  1000    935114    0.00    0.00    0.00    0.00    0.00    18  run-prometheus.
01:20:50 PM  1000    935116    0.00    0.00    0.00    0.00    0.00    20  otelcol-contrib
01:20:50 PM  1000    935117    0.00    0.00    0.00    0.00    0.00    20  run-tempo.sh
01:20:50 PM  1000    935124    0.00    0.00    0.00    0.00    0.00    16  run-pyroscope.s
01:20:50 PM  1000    935125    0.00    0.00    0.00    0.00    0.00    18  prometheus
01:20:50 PM  1000    935128    0.00    1.00    0.00    0.00    1.00    20  tempo
01:20:50 PM  1000    935129    0.00    0.00    0.00    0.00    0.00    20  loki
01:20:50 PM  1000    935131    0.00    0.00    0.00    0.00    0.00    16  pyroscope

01:20:49 PM   UID       PID   cswch/s nvcswch/s  Command
01:20:50 PM  1000    935106      0.00      0.00  run-grafana.sh
01:20:50 PM  1000    935108      0.00      0.00  run-loki.sh
01:20:50 PM  1000    935110     28.00      0.00  grafana
01:20:50 PM  1000    935111      0.00      0.00  run-otelcol.sh
01:20:50 PM  1000    935114      0.00      0.00  run-prometheus.
01:20:50 PM  1000    935116      0.00      0.00  otelcol-contrib
01:20:50 PM  1000    935117      0.00      0.00  run-tempo.sh
01:20:50 PM  1000    935124      0.00      0.00  run-pyroscope.s
01:20:50 PM  1000    935125      2.00      0.00  prometheus
01:20:50 PM  1000    935128     29.00      0.00  tempo
01:20:50 PM  1000    935129     18.00      0.00  loki
01:20:50 PM  1000    935131      0.00      0.00  pyroscope

01:20:50 PM   UID       PID    %usr %system  %guest   %wait    %CPU   CPU  Command
01:20:51 PM  1000    935106    0.00    0.00    0.00    0.00    0.00    18  run-grafana.sh
01:20:51 PM  1000    935108    0.00    0.00    0.00    0.00    0.00    20  run-loki.sh
01:20:51 PM  1000    935110    0.00    0.00    0.00    0.00    0.00    16  grafana
01:20:51 PM  1000    935111    0.00    0.00    0.00    0.00    0.00    20  run-otelcol.sh
01:20:51 PM  1000    935114    0.00    0.00    0.00    0.00    0.00    18  run-prometheus.
01:20:51 PM  1000    935116    1.00    0.00    0.00    0.00    1.00    20  otelcol-contrib
01:20:51 PM  1000    935117    0.00    0.00    0.00    0.00    0.00    20  run-tempo.sh
01:20:51 PM  1000    935124    0.00    0.00    0.00    0.00    0.00    16  run-pyroscope.s
01:20:51 PM  1000    935125    0.00    0.00    0.00    0.00    0.00    16  prometheus
01:20:51 PM  1000    935128   51.00    3.00    0.00    0.00   54.00    16  tempo
01:20:51 PM  1000    935129    0.00    0.00    0.00    0.00    0.00    20  loki
01:20:51 PM  1000    935131    0.00    0.00    0.00    0.00    0.00    16  pyroscope

01:20:50 PM   UID       PID   cswch/s nvcswch/s  Command
01:20:51 PM  1000    935106      0.00      0.00  run-grafana.sh
01:20:51 PM  1000    935108      0.00      0.00  run-loki.sh
01:20:51 PM  1000    935110     14.00      0.00  grafana
01:20:51 PM  1000    935111      0.00      0.00  run-otelcol.sh
01:20:51 PM  1000    935114      0.00      0.00  run-prometheus.
01:20:51 PM  1000    935116      0.00      0.00  otelcol-contrib
01:20:51 PM  1000    935117      0.00      0.00  run-tempo.sh
01:20:51 PM  1000    935124      0.00      0.00  run-pyroscope.s
01:20:51 PM  1000    935125      2.00      0.00  prometheus
01:20:51 PM  1000    935128     46.00     18.00  tempo
01:20:51 PM  1000    935129      0.00      0.00  loki
01:20:51 PM  1000    935131      0.00      0.00  pyroscope

01:20:51 PM   UID       PID    %usr %system  %guest   %wait    %CPU   CPU  Command
01:20:52 PM  1000    935106    0.00    0.00    0.00    0.00    0.00    18  run-grafana.sh
01:20:52 PM  1000    935108    0.00    0.00    0.00    0.00    0.00    20  run-loki.sh
01:20:52 PM  1000    935110    0.00    0.00    0.00    0.00    0.00    18  grafana
01:20:52 PM  1000    935111    0.00    0.00    0.00    0.00    0.00    20  run-otelcol.sh
01:20:52 PM  1000    935114    0.00    0.00    0.00    0.00    0.00    18  run-prometheus.
01:20:52 PM  1000    935116    0.00    0.00    0.00    0.00    0.00    20  otelcol-contrib
01:20:52 PM  1000    935117    0.00    0.00    0.00    0.00    0.00    20  run-tempo.sh
01:20:52 PM  1000    935124    0.00    0.00    0.00    0.00    0.00    16  run-pyroscope.s
01:20:52 PM  1000    935125    0.00    0.00    0.00    0.00    0.00    20  prometheus
01:20:52 PM  1000    935128   15.00    1.00    0.00    1.00   16.00    20  tempo
01:20:52 PM  1000    935129    0.00    0.00    0.00    0.00    0.00    20  loki
01:20:52 PM  1000    935131    0.00    0.00    0.00    0.00    0.00    16  pyroscope

01:20:51 PM   UID       PID   cswch/s nvcswch/s  Command
01:20:52 PM  1000    935106      0.00      0.00  run-grafana.sh
01:20:52 PM  1000    935108      0.00      0.00  run-loki.sh
01:20:52 PM  1000    935110      6.00      0.00  grafana
01:20:52 PM  1000    935111      0.00      0.00  run-otelcol.sh
01:20:52 PM  1000    935114      0.00      0.00  run-prometheus.
01:20:52 PM  1000    935116      0.00      0.00  otelcol-contrib
01:20:52 PM  1000    935117      0.00      0.00  run-tempo.sh
01:20:52 PM  1000    935124      0.00      0.00  run-pyroscope.s
01:20:52 PM  1000    935125      2.00      0.00  prometheus
01:20:52 PM  1000    935128     73.00      2.00  tempo
01:20:52 PM  1000    935129      0.00      0.00  loki
01:20:52 PM  1000    935131      0.00      0.00  pyroscope

01:20:52 PM   UID       PID    %usr %system  %guest   %wait    %CPU   CPU  Command
01:20:53 PM  1000    935106    0.00    0.00    0.00    0.00    0.00    18  run-grafana.sh
01:20:53 PM  1000    935108    0.00    0.00    0.00    0.00    0.00    20  run-loki.sh
01:20:53 PM  1000    935110    0.00    0.00    0.00    0.00    0.00    20  grafana
01:20:53 PM  1000    935111    0.00    0.00    0.00    0.00    0.00    20  run-otelcol.sh
01:20:53 PM  1000    935114    0.00    0.00    0.00    0.00    0.00    18  run-prometheus.
01:20:53 PM  1000    935116    0.00    0.00    0.00    0.00    0.00    20  otelcol-contrib
01:20:53 PM  1000    935117    0.00    0.00    0.00    0.00    0.00    20  run-tempo.sh
01:20:53 PM  1000    935124    0.00    0.00    0.00    0.00    0.00    16  run-pyroscope.s
01:20:53 PM  1000    935125    0.00    0.00    0.00    0.00    0.00    20  prometheus
01:20:53 PM  1000    935128   13.00    3.00    0.00    0.00   16.00    20  tempo
01:20:53 PM  1000    935129    1.00    0.00    0.00    0.00    1.00    20  loki
01:20:53 PM  1000    935131    0.00    0.00    0.00    0.00    0.00    16  pyroscope

01:20:52 PM   UID       PID   cswch/s nvcswch/s  Command
01:20:53 PM  1000    935106      0.00      0.00  run-grafana.sh
01:20:53 PM  1000    935108      0.00      0.00  run-loki.sh
01:20:53 PM  1000    935110     30.00      0.00  grafana
01:20:53 PM  1000    935111      0.00      0.00  run-otelcol.sh
01:20:53 PM  1000    935114      0.00      0.00  run-prometheus.
01:20:53 PM  1000    935116      0.00      0.00  otelcol-contrib
01:20:53 PM  1000    935117      0.00      0.00  run-tempo.sh
01:20:53 PM  1000    935124      0.00      0.00  run-pyroscope.s
01:20:53 PM  1000    935125      9.00      0.00  prometheus
01:20:53 PM  1000    935128     48.00      2.00  tempo
01:20:53 PM  1000    935129      0.00      0.00  loki
01:20:53 PM  1000    935131      0.00      0.00  pyroscope

01:20:53 PM   UID       PID    %usr %system  %guest   %wait    %CPU   CPU  Command
01:20:54 PM  1000    935106    0.00    0.00    0.00    0.00    0.00    18  run-grafana.sh
01:20:54 PM  1000    935108    0.00    0.00    0.00    0.00    0.00    20  run-loki.sh
01:20:54 PM  1000    935110    1.00    0.00    0.00    0.00    1.00    18  grafana
01:20:54 PM  1000    935111    0.00    0.00    0.00    0.00    0.00    20  run-otelcol.sh
01:20:54 PM  1000    935114    0.00    0.00    0.00    0.00    0.00    18  run-prometheus.
01:20:54 PM  1000    935116    1.00    1.00    0.00    0.00    2.00    20  otelcol-contrib
01:20:54 PM  1000    935117    0.00    0.00    0.00    0.00    0.00    20  run-tempo.sh
01:20:54 PM  1000    935124    0.00    0.00    0.00    0.00    0.00    16  run-pyroscope.s
01:20:54 PM  1000    935125    0.00    0.00    0.00    0.00    0.00    20  prometheus
01:20:54 PM  1000    935128    0.00    0.00    0.00    0.00    0.00    20  tempo
01:20:54 PM  1000    935129    0.00    0.00    0.00    0.00    0.00    20  loki
01:20:54 PM  1000    935131    4.00    0.00    0.00    0.00    4.00    16  pyroscope

01:20:53 PM   UID       PID   cswch/s nvcswch/s  Command
01:20:54 PM  1000    935106      0.00      0.00  run-grafana.sh
01:20:54 PM  1000    935108      0.00      0.00  run-loki.sh
01:20:54 PM  1000    935110     22.00      0.00  grafana
01:20:54 PM  1000    935111      0.00      0.00  run-otelcol.sh
01:20:54 PM  1000    935114      0.00      0.00  run-prometheus.
01:20:54 PM  1000    935116      0.00      0.00  otelcol-contrib
01:20:54 PM  1000    935117      0.00      0.00  run-tempo.sh
01:20:54 PM  1000    935124      0.00      0.00  run-pyroscope.s
01:20:54 PM  1000    935125      6.00      0.00  prometheus
01:20:54 PM  1000    935128     45.00      1.00  tempo
01:20:54 PM  1000    935129      0.00      0.00  loki
01:20:54 PM  1000    935131      0.00      0.00  pyroscope

01:20:54 PM   UID       PID    %usr %system  %guest   %wait    %CPU   CPU  Command
01:20:55 PM  1000    935106    0.00    0.00    0.00    0.00    0.00    18  run-grafana.sh
01:20:55 PM  1000    935108    0.00    0.00    0.00    0.00    0.00    20  run-loki.sh
01:20:55 PM  1000    935110    0.00    0.00    0.00    0.00    0.00    18  grafana
01:20:55 PM  1000    935111    0.00    0.00    0.00    0.00    0.00    20  run-otelcol.sh
01:20:55 PM  1000    935114    0.00    0.00    0.00    0.00    0.00    18  run-prometheus.
01:20:55 PM  1000    935116    0.00    0.00    0.00    0.00    0.00    20  otelcol-contrib
01:20:55 PM  1000    935117    0.00    0.00    0.00    0.00    0.00    20  run-tempo.sh
01:20:55 PM  1000    935124    0.00    0.00    0.00    0.00    0.00    16  run-pyroscope.s
01:20:55 PM  1000    935125    1.00    0.00    0.00    0.00    1.00    18  prometheus
01:20:55 PM  1000    935128    1.00    0.00    0.00    0.00    1.00    16  tempo
01:20:55 PM  1000    935129    0.00    0.00    0.00    0.00    0.00    20  loki
01:20:55 PM  1000    935131    0.00    0.00    0.00    0.00    0.00    16  pyroscope

01:20:54 PM   UID       PID   cswch/s nvcswch/s  Command
01:20:55 PM  1000    935106      0.00      0.00  run-grafana.sh
01:20:55 PM  1000    935108      0.00      0.00  run-loki.sh
01:20:55 PM  1000    935110     10.00      0.00  grafana
01:20:55 PM  1000    935111      0.00      0.00  run-otelcol.sh
01:20:55 PM  1000    935114      0.00      0.00  run-prometheus.
01:20:55 PM  1000    935116      0.00      0.00  otelcol-contrib
01:20:55 PM  1000    935117      0.00      0.00  run-tempo.sh
01:20:55 PM  1000    935124      0.00      0.00  run-pyroscope.s
01:20:55 PM  1000    935125      3.00      0.00  prometheus
01:20:55 PM  1000    935128     31.00      0.00  tempo
01:20:55 PM  1000    935129      0.00      0.00  loki
01:20:55 PM  1000    935131      0.00      0.00  pyroscope

01:20:55 PM   UID       PID    %usr %system  %guest   %wait    %CPU   CPU  Command
01:20:56 PM  1000    935106    0.00    0.00    0.00    0.00    0.00    18  run-grafana.sh
01:20:56 PM  1000    935108    0.00    0.00    0.00    0.00    0.00    20  run-loki.sh
01:20:56 PM  1000    935110    1.00    0.00    0.00    0.00    1.00    18  grafana
01:20:56 PM  1000    935111    0.00    0.00    0.00    0.00    0.00    20  run-otelcol.sh
01:20:56 PM  1000    935114    0.00    0.00    0.00    0.00    0.00    18  run-prometheus.
01:20:56 PM  1000    935116    0.00    0.00    0.00    0.00    0.00    20  otelcol-contrib
01:20:56 PM  1000    935117    0.00    0.00    0.00    0.00    0.00    20  run-tempo.sh
01:20:56 PM  1000    935124    0.00    0.00    0.00    0.00    0.00    16  run-pyroscope.s
01:20:56 PM  1000    935125    0.00    0.00    0.00    0.00    0.00    20  prometheus
01:20:56 PM  1000    935128    9.00    1.00    0.00    0.00   10.00    16  tempo
01:20:56 PM  1000    935129    0.00    0.00    0.00    0.00    0.00    20  loki
01:20:56 PM  1000    935131    0.00    0.00    0.00    0.00    0.00    16  pyroscope

01:20:55 PM   UID       PID   cswch/s nvcswch/s  Command
01:20:56 PM  1000    935106      0.00      0.00  run-grafana.sh
01:20:56 PM  1000    935108      0.00      0.00  run-loki.sh
01:20:56 PM  1000    935110     12.00      0.00  grafana
01:20:56 PM  1000    935111      0.00      0.00  run-otelcol.sh
01:20:56 PM  1000    935114      0.00      0.00  run-prometheus.
01:20:56 PM  1000    935116      0.00      0.00  otelcol-contrib
01:20:56 PM  1000    935117      0.00      0.00  run-tempo.sh
01:20:56 PM  1000    935124      0.00      0.00  run-pyroscope.s
01:20:56 PM  1000    935125      5.00      0.00  prometheus
01:20:56 PM  1000    935128     33.00      0.00  tempo
01:20:56 PM  1000    935129      0.00      0.00  loki
01:20:56 PM  1000    935131      0.00      0.00  pyroscope

01:20:56 PM   UID       PID    %usr %system  %guest   %wait    %CPU   CPU  Command
01:20:57 PM  1000    935106    0.00    0.00    0.00    0.00    0.00    18  run-grafana.sh
01:20:57 PM  1000    935108    0.00    0.00    0.00    0.00    0.00    20  run-loki.sh
01:20:57 PM  1000    935110    0.00    0.00    0.00    0.00    0.00    18  grafana
01:20:57 PM  1000    935111    0.00    0.00    0.00    0.00    0.00    20  run-otelcol.sh
01:20:57 PM  1000    935114    0.00    0.00    0.00    0.00    0.00    18  run-prometheus.
01:20:57 PM  1000    935116    1.00    0.00    0.00    0.00    1.00    20  otelcol-contrib
01:20:57 PM  1000    935117    0.00    0.00    0.00    0.00    0.00    20  run-tempo.sh
01:20:57 PM  1000    935124    0.00    0.00    0.00    0.00    0.00    16  run-pyroscope.s
01:20:57 PM  1000    935125    0.00    0.00    0.00    0.00    0.00    20  prometheus
01:20:57 PM  1000    935128    0.00    0.00    0.00    0.00    0.00    16  tempo
01:20:57 PM  1000    935129    0.00    0.00    0.00    0.00    0.00    20  loki
01:20:57 PM  1000    935131    1.00    0.00    0.00    0.00    1.00    16  pyroscope

01:20:56 PM   UID       PID   cswch/s nvcswch/s  Command
01:20:57 PM  1000    935106      0.00      0.00  run-grafana.sh
01:20:57 PM  1000    935108      0.00      0.00  run-loki.sh
01:20:57 PM  1000    935110     21.00      0.00  grafana
01:20:57 PM  1000    935111      0.00      0.00  run-otelcol.sh
01:20:57 PM  1000    935114      0.00      0.00  run-prometheus.
01:20:57 PM  1000    935116      0.00      0.00  otelcol-contrib
01:20:57 PM  1000    935117      0.00      0.00  run-tempo.sh
01:20:57 PM  1000    935124      0.00      0.00  run-pyroscope.s
01:20:57 PM  1000    935125      1.00      0.00  prometheus
01:20:57 PM  1000    935128     43.00      0.00  tempo
01:20:57 PM  1000    935129      0.00      0.00  loki
01:20:57 PM  1000    935131      0.00      0.00  pyroscope

01:20:57 PM   UID       PID    %usr %system  %guest   %wait    %CPU   CPU  Command
01:20:58 PM  1000    935106    0.00    0.00    0.00    0.00    0.00    18  run-grafana.sh
01:20:58 PM  1000    935108    0.00    0.00    0.00    0.00    0.00    20  run-loki.sh
01:20:58 PM  1000    935110    0.00    0.00    0.00    0.00    0.00    18  grafana
01:20:58 PM  1000    935111    0.00    0.00    0.00    0.00    0.00    20  run-otelcol.sh
01:20:58 PM  1000    935114    0.00    0.00    0.00    0.00    0.00    18  run-prometheus.
01:20:58 PM  1000    935116    0.00    0.00    0.00    0.00    0.00    20  otelcol-contrib
01:20:58 PM  1000    935117    0.00    0.00    0.00    0.00    0.00    20  run-tempo.sh
01:20:58 PM  1000    935124    0.00    0.00    0.00    0.00    0.00    16  run-pyroscope.s
01:20:58 PM  1000    935125    0.00    1.00    0.00    0.00    1.00    20  prometheus
01:20:58 PM  1000    935128    1.00    0.00    0.00    0.00    1.00    16  tempo
01:20:58 PM  1000    935129    1.00    0.00    0.00    0.00    1.00    20  loki
01:20:58 PM  1000    935131    0.00    0.00    0.00    0.00    0.00    16  pyroscope

01:20:57 PM   UID       PID   cswch/s nvcswch/s  Command
01:20:58 PM  1000    935106      0.00      0.00  run-grafana.sh
01:20:58 PM  1000    935108      0.00      0.00  run-loki.sh
01:20:58 PM  1000    935110     28.00      0.00  grafana
01:20:58 PM  1000    935111      0.00      0.00  run-otelcol.sh
01:20:58 PM  1000    935114      0.00      0.00  run-prometheus.
01:20:58 PM  1000    935116      0.00      0.00  otelcol-contrib
01:20:58 PM  1000    935117      0.00      0.00  run-tempo.sh
01:20:58 PM  1000    935124      0.00      0.00  run-pyroscope.s
01:20:58 PM  1000    935125      6.00      0.00  prometheus
01:20:58 PM  1000    935128     40.00      0.00  tempo
01:20:58 PM  1000    935129      0.00      0.00  loki
01:20:58 PM  1000    935131      0.00      0.00  pyroscope

01:20:58 PM   UID       PID    %usr %system  %guest   %wait    %CPU   CPU  Command
01:20:59 PM  1000    935106    0.00    0.00    0.00    0.00    0.00    18  run-grafana.sh
01:20:59 PM  1000    935108    0.00    0.00    0.00    0.00    0.00    20  run-loki.sh
01:20:59 PM  1000    935110    2.00    0.00    0.00    0.00    2.00    20  grafana
01:20:59 PM  1000    935111    0.00    0.00    0.00    0.00    0.00    20  run-otelcol.sh
01:20:59 PM  1000    935114    0.00    0.00    0.00    0.00    0.00    18  run-prometheus.
01:20:59 PM  1000    935116    0.00    0.00    0.00    0.00    0.00    20  otelcol-contrib
01:20:59 PM  1000    935117    0.00    0.00    0.00    0.00    0.00    20  run-tempo.sh
01:20:59 PM  1000    935124    0.00    0.00    0.00    0.00    0.00    16  run-pyroscope.s
01:20:59 PM  1000    935125    0.00    0.00    0.00    0.00    0.00    16  prometheus
01:20:59 PM  1000    935128    0.00    0.00    0.00    0.00    0.00    16  tempo
01:20:59 PM  1000    935129    0.00    0.00    0.00    0.00    0.00    20  loki
01:20:59 PM  1000    935131    0.00    1.00    0.00    0.00    1.00    16  pyroscope

01:20:58 PM   UID       PID   cswch/s nvcswch/s  Command
01:20:59 PM  1000    935106      0.00      0.00  run-grafana.sh
01:20:59 PM  1000    935108      0.00      0.00  run-loki.sh
01:20:59 PM  1000    935110     48.00      6.00  grafana
01:20:59 PM  1000    935111      0.00      0.00  run-otelcol.sh
01:20:59 PM  1000    935114      0.00      0.00  run-prometheus.
01:20:59 PM  1000    935116      0.00      0.00  otelcol-contrib
01:20:59 PM  1000    935117      0.00      0.00  run-tempo.sh
01:20:59 PM  1000    935124      0.00      0.00  run-pyroscope.s
01:20:59 PM  1000    935125      1.00      0.00  prometheus
01:20:59 PM  1000    935128     30.00      1.00  tempo
01:20:59 PM  1000    935129      0.00      0.00  loki
01:20:59 PM  1000    935131      0.00      0.00  pyroscope

01:20:59 PM   UID       PID    %usr %system  %guest   %wait    %CPU   CPU  Command
01:21:00 PM  1000    935106    0.00    0.00    0.00    0.00    0.00    18  run-grafana.sh
01:21:00 PM  1000    935108    0.00    0.00    0.00    0.00    0.00    20  run-loki.sh
01:21:00 PM  1000    935110    0.00    0.00    0.00    0.00    0.00    18  grafana
01:21:00 PM  1000    935111    0.00    0.00    0.00    0.00    0.00    20  run-otelcol.sh
01:21:00 PM  1000    935114    0.00    0.00    0.00    0.00    0.00    18  run-prometheus.
01:21:00 PM  1000    935116    0.00    0.00    0.00    0.00    0.00    20  otelcol-contrib
01:21:00 PM  1000    935117    0.00    0.00    0.00    0.00    0.00    20  run-tempo.sh
01:21:00 PM  1000    935124    0.00    0.00    0.00    0.00    0.00    16  run-pyroscope.s
01:21:00 PM  1000    935125    0.00    0.00    0.00    0.00    0.00    16  prometheus
01:21:00 PM  1000    935128    0.00    0.00    0.00    0.00    0.00    16  tempo
01:21:00 PM  1000    935129    0.00    0.00    0.00    0.00    0.00    20  loki
01:21:00 PM  1000    935131    0.00    0.00    0.00    0.00    0.00    16  pyroscope

01:20:59 PM   UID       PID   cswch/s nvcswch/s  Command
01:21:00 PM  1000    935106      0.00      0.00  run-grafana.sh
01:21:00 PM  1000    935108      0.00      0.00  run-loki.sh
01:21:00 PM  1000    935110     28.00      0.00  grafana
01:21:00 PM  1000    935111      0.00      0.00  run-otelcol.sh
01:21:00 PM  1000    935114      0.00      0.00  run-prometheus.
01:21:00 PM  1000    935116      0.00      0.00  otelcol-contrib
01:21:00 PM  1000    935117      0.00      0.00  run-tempo.sh
01:21:00 PM  1000    935124      0.00      0.00  run-pyroscope.s
01:21:00 PM  1000    935125      3.00      0.00  prometheus
01:21:00 PM  1000    935128     33.00      0.00  tempo
01:21:00 PM  1000    935129      0.00      0.00  loki
01:21:00 PM  1000    935131      0.00      0.00  pyroscope

01:21:00 PM   UID       PID    %usr %system  %guest   %wait    %CPU   CPU  Command
01:21:01 PM  1000    935106    0.00    0.00    0.00    0.00    0.00    18  run-grafana.sh
01:21:01 PM  1000    935108    0.00    0.00    0.00    0.00    0.00    20  run-loki.sh
01:21:01 PM  1000    935110    0.00    0.00    0.00    0.00    0.00    18  grafana
01:21:01 PM  1000    935111    0.00    0.00    0.00    0.00    0.00    20  run-otelcol.sh
01:21:01 PM  1000    935114    0.00    0.00    0.00    0.00    0.00    18  run-prometheus.
01:21:01 PM  1000    935116    0.00    0.00    0.00    0.00    0.00    20  otelcol-contrib
01:21:01 PM  1000    935117    0.00    0.00    0.00    0.00    0.00    20  run-tempo.sh
01:21:01 PM  1000    935124    0.00    0.00    0.00    0.00    0.00    16  run-pyroscope.s
01:21:01 PM  1000    935125    0.00    0.00    0.00    0.00    0.00    20  prometheus
01:21:01 PM  1000    935128   61.00    4.00    0.00    0.00   65.00    20  tempo
01:21:01 PM  1000    935129    0.00    0.00    0.00    0.00    0.00    20  loki
01:21:01 PM  1000    935131    0.00    0.00    0.00    0.00    0.00    16  pyroscope

01:21:00 PM   UID       PID   cswch/s nvcswch/s  Command
01:21:01 PM  1000    935106      0.00      0.00  run-grafana.sh
01:21:01 PM  1000    935108      0.00      0.00  run-loki.sh
01:21:01 PM  1000    935110     36.00      0.00  grafana
01:21:01 PM  1000    935111      0.00      0.00  run-otelcol.sh
01:21:01 PM  1000    935114      0.00      0.00  run-prometheus.
01:21:01 PM  1000    935116      0.00      0.00  otelcol-contrib
01:21:01 PM  1000    935117      0.00      0.00  run-tempo.sh
01:21:01 PM  1000    935124      0.00      0.00  run-pyroscope.s
01:21:01 PM  1000    935125      2.00      0.00  prometheus
01:21:01 PM  1000    935128     60.00      3.00  tempo
01:21:01 PM  1000    935129      0.00      0.00  loki
01:21:01 PM  1000    935131      0.00      0.00  pyroscope

01:21:01 PM   UID       PID    %usr %system  %guest   %wait    %CPU   CPU  Command
01:21:02 PM  1000    935106    0.00    0.00    0.00    0.00    0.00    18  run-grafana.sh
01:21:02 PM  1000    935108    0.00    0.00    0.00    0.00    0.00    20  run-loki.sh
01:21:02 PM  1000    935110    0.00    0.00    0.00    0.00    0.00    18  grafana
01:21:02 PM  1000    935111    0.00    0.00    0.00    0.00    0.00    20  run-otelcol.sh
01:21:02 PM  1000    935114    0.00    0.00    0.00    0.00    0.00    18  run-prometheus.
01:21:02 PM  1000    935116    1.00    1.00    0.00    0.00    2.00    20  otelcol-contrib
01:21:02 PM  1000    935117    0.00    0.00    0.00    0.00    0.00    20  run-tempo.sh
01:21:02 PM  1000    935124    0.00    0.00    0.00    0.00    0.00    16  run-pyroscope.s
01:21:02 PM  1000    935125    0.00    0.00    0.00    0.00    0.00    16  prometheus
01:21:02 PM  1000    935128  106.00   12.00    0.00    0.00  118.00    20  tempo
01:21:02 PM  1000    935129    0.00    1.00    0.00    0.00    1.00    20  loki
01:21:02 PM  1000    935131    0.00    0.00    0.00    0.00    0.00    16  pyroscope

01:21:01 PM   UID       PID   cswch/s nvcswch/s  Command
01:21:02 PM  1000    935106      0.00      0.00  run-grafana.sh
01:21:02 PM  1000    935108      0.00      0.00  run-loki.sh
01:21:02 PM  1000    935110     13.00      0.00  grafana
01:21:02 PM  1000    935111      0.00      0.00  run-otelcol.sh
01:21:02 PM  1000    935114      0.00      0.00  run-prometheus.
01:21:02 PM  1000    935116      0.00      0.00  otelcol-contrib
01:21:02 PM  1000    935117      0.00      0.00  run-tempo.sh
01:21:02 PM  1000    935124      0.00      0.00  run-pyroscope.s
01:21:02 PM  1000    935125      3.00      0.00  prometheus
01:21:02 PM  1000    935128     48.00     17.00  tempo
01:21:02 PM  1000    935129      0.00      0.00  loki
01:21:02 PM  1000    935131      0.00      0.00  pyroscope

01:21:02 PM   UID       PID    %usr %system  %guest   %wait    %CPU   CPU  Command
01:21:03 PM  1000    935106    0.00    0.00    0.00    0.00    0.00    18  run-grafana.sh
01:21:03 PM  1000    935108    0.00    0.00    0.00    0.00    0.00    20  run-loki.sh
01:21:03 PM  1000    935110    0.00    0.00    0.00    0.00    0.00    18  grafana
01:21:03 PM  1000    935111    0.00    0.00    0.00    0.00    0.00    20  run-otelcol.sh
01:21:03 PM  1000    935114    0.00    0.00    0.00    0.00    0.00    18  run-prometheus.
01:21:03 PM  1000    935116    0.00    0.00    0.00    0.00    0.00    20  otelcol-contrib
01:21:03 PM  1000    935117    0.00    0.00    0.00    0.00    0.00    20  run-tempo.sh
01:21:03 PM  1000    935124    0.00    0.00    0.00    0.00    0.00    16  run-pyroscope.s
01:21:03 PM  1000    935125    0.00    0.00    0.00    0.00    0.00    16  prometheus
01:21:03 PM  1000    935128   71.00    7.00    0.00    0.00   78.00    20  tempo
01:21:03 PM  1000    935129    1.00    0.00    0.00    0.00    1.00    20  loki
01:21:03 PM  1000    935131    0.00    0.00    0.00    0.00    0.00    16  pyroscope

01:21:02 PM   UID       PID   cswch/s nvcswch/s  Command
01:21:03 PM  1000    935106      0.00      0.00  run-grafana.sh
01:21:03 PM  1000    935108      0.00      0.00  run-loki.sh
01:21:03 PM  1000    935110      0.00      0.00  grafana
01:21:03 PM  1000    935111      0.00      0.00  run-otelcol.sh
01:21:03 PM  1000    935114      0.00      0.00  run-prometheus.
01:21:03 PM  1000    935116      0.00      0.00  otelcol-contrib
01:21:03 PM  1000    935117      0.00      0.00  run-tempo.sh
01:21:03 PM  1000    935124      0.00      0.00  run-pyroscope.s
01:21:03 PM  1000    935125      8.00      0.00  prometheus
01:21:03 PM  1000    935128     50.00      4.00  tempo
01:21:03 PM  1000    935129      0.00      0.00  loki
01:21:03 PM  1000    935131      0.00      0.00  pyroscope

01:21:03 PM   UID       PID    %usr %system  %guest   %wait    %CPU   CPU  Command
01:21:04 PM  1000    935106    0.00    0.00    0.00    0.00    0.00    18  run-grafana.sh
01:21:04 PM  1000    935108    0.00    0.00    0.00    0.00    0.00    20  run-loki.sh
01:21:04 PM  1000    935110    0.00    0.00    0.00    0.00    0.00    18  grafana
01:21:04 PM  1000    935111    0.00    0.00    0.00    0.00    0.00    20  run-otelcol.sh
01:21:04 PM  1000    935114    0.00    0.00    0.00    0.00    0.00    18  run-prometheus.
01:21:04 PM  1000    935116    0.00    0.00    0.00    0.00    0.00    20  otelcol-contrib
01:21:04 PM  1000    935117    0.00    0.00    0.00    0.00    0.00    20  run-tempo.sh
01:21:04 PM  1000    935124    0.00    0.00    0.00    0.00    0.00    16  run-pyroscope.s
01:21:04 PM  1000    935125    0.00    0.00    0.00    0.00    0.00    20  prometheus
01:21:04 PM  1000    935128    0.00    1.00    0.00    0.00    1.00    20  tempo
01:21:04 PM  1000    935129    0.00    0.00    0.00    0.00    0.00    20  loki
01:21:04 PM  1000    935131    0.00    0.00    0.00    0.00    0.00    16  pyroscope

01:21:03 PM   UID       PID   cswch/s nvcswch/s  Command
01:21:04 PM  1000    935106      0.00      0.00  run-grafana.sh
01:21:04 PM  1000    935108      0.00      0.00  run-loki.sh
01:21:04 PM  1000    935110      0.00      0.00  grafana
01:21:04 PM  1000    935111      0.00      0.00  run-otelcol.sh
01:21:04 PM  1000    935114      0.00      0.00  run-prometheus.
01:21:04 PM  1000    935116      0.00      0.00  otelcol-contrib
01:21:04 PM  1000    935117      0.00      0.00  run-tempo.sh
01:21:04 PM  1000    935124      0.00      0.00  run-pyroscope.s
01:21:04 PM  1000    935125      1.00      0.00  prometheus
01:21:04 PM  1000    935128     38.00      0.00  tempo
01:21:04 PM  1000    935129      0.00      0.00  loki
01:21:04 PM  1000    935131      0.00      0.00  pyroscope

01:21:04 PM   UID       PID    %usr %system  %guest   %wait    %CPU   CPU  Command
01:21:05 PM  1000    935106    0.00    0.00    0.00    0.00    0.00    18  run-grafana.sh
01:21:05 PM  1000    935108    0.00    0.00    0.00    0.00    0.00    20  run-loki.sh
01:21:05 PM  1000    935110    0.00    1.00    0.00    0.00    1.00    18  grafana
01:21:05 PM  1000    935111    0.00    0.00    0.00    0.00    0.00    20  run-otelcol.sh
01:21:05 PM  1000    935114    0.00    0.00    0.00    0.00    0.00    18  run-prometheus.
01:21:05 PM  1000    935116    0.00    0.00    0.00    0.00    0.00    20  otelcol-contrib
01:21:05 PM  1000    935117    0.00    0.00    0.00    0.00    0.00    20  run-tempo.sh
01:21:05 PM  1000    935124    0.00    0.00    0.00    0.00    0.00    16  run-pyroscope.s
01:21:05 PM  1000    935125    1.00    0.00    0.00    0.00    1.00    20  prometheus
01:21:05 PM  1000    935128    0.00    0.00    0.00    0.00    0.00    20  tempo
01:21:05 PM  1000    935129    0.00    0.00    0.00    0.00    0.00    20  loki
01:21:05 PM  1000    935131    0.00    0.00    0.00    0.00    0.00    16  pyroscope

01:21:04 PM   UID       PID   cswch/s nvcswch/s  Command
01:21:05 PM  1000    935106      0.00      0.00  run-grafana.sh
01:21:05 PM  1000    935108      0.00      0.00  run-loki.sh
01:21:05 PM  1000    935110      1.00      0.00  grafana
01:21:05 PM  1000    935111      0.00      0.00  run-otelcol.sh
01:21:05 PM  1000    935114      0.00      0.00  run-prometheus.
01:21:05 PM  1000    935116      0.00      0.00  otelcol-contrib
01:21:05 PM  1000    935117      0.00      0.00  run-tempo.sh
01:21:05 PM  1000    935124      0.00      0.00  run-pyroscope.s
01:21:05 PM  1000    935125      3.00      0.00  prometheus
01:21:05 PM  1000    935128     30.00      0.00  tempo
01:21:05 PM  1000    935129      0.00      0.00  loki
01:21:05 PM  1000    935131      0.00      0.00  pyroscope

01:21:05 PM   UID       PID    %usr %system  %guest   %wait    %CPU   CPU  Command
01:21:06 PM  1000    935106    0.00    0.00    0.00    0.00    0.00    18  run-grafana.sh
01:21:06 PM  1000    935108    0.00    0.00    0.00    0.00    0.00    20  run-loki.sh
01:21:06 PM  1000    935110    0.00    0.00    0.00    0.00    0.00    18  grafana
01:21:06 PM  1000    935111    0.00    0.00    0.00    0.00    0.00    20  run-otelcol.sh
01:21:06 PM  1000    935114    0.00    0.00    0.00    0.00    0.00    18  run-prometheus.
01:21:06 PM  1000    935116    1.00    0.00    0.00    0.00    1.00    20  otelcol-contrib
01:21:06 PM  1000    935117    0.00    0.00    0.00    0.00    0.00    20  run-tempo.sh
01:21:06 PM  1000    935124    0.00    0.00    0.00    0.00    0.00    16  run-pyroscope.s
01:21:06 PM  1000    935125    0.00    0.00    0.00    0.00    0.00    18  prometheus
01:21:06 PM  1000    935128    0.00    0.00    0.00    0.00    0.00    16  tempo
01:21:06 PM  1000    935129    0.00    0.00    0.00    0.00    0.00    20  loki
01:21:06 PM  1000    935131    1.00    0.00    0.00    0.00    1.00    16  pyroscope

01:21:05 PM   UID       PID   cswch/s nvcswch/s  Command
01:21:06 PM  1000    935106      0.00      0.00  run-grafana.sh
01:21:06 PM  1000    935108      0.00      0.00  run-loki.sh
01:21:06 PM  1000    935110     22.00      0.00  grafana
01:21:06 PM  1000    935111      0.00      0.00  run-otelcol.sh
01:21:06 PM  1000    935114      0.00      0.00  run-prometheus.
01:21:06 PM  1000    935116      0.00      0.00  otelcol-contrib
01:21:06 PM  1000    935117      0.00      0.00  run-tempo.sh
01:21:06 PM  1000    935124      0.00      0.00  run-pyroscope.s
01:21:06 PM  1000    935125      2.00      0.00  prometheus
01:21:06 PM  1000    935128     27.00      0.00  tempo
01:21:06 PM  1000    935129      0.00      0.00  loki
01:21:06 PM  1000    935131      0.00      0.00  pyroscope

01:21:06 PM   UID       PID    %usr %system  %guest   %wait    %CPU   CPU  Command
01:21:07 PM  1000    935106    0.00    0.00    0.00    0.00    0.00    18  run-grafana.sh
01:21:07 PM  1000    935108    0.00    0.00    0.00    0.00    0.00    20  run-loki.sh
01:21:07 PM  1000    935110    0.00    0.00    0.00    0.00    0.00    16  grafana
01:21:07 PM  1000    935111    0.00    0.00    0.00    0.00    0.00    20  run-otelcol.sh
01:21:07 PM  1000    935114    0.00    0.00    0.00    0.00    0.00    18  run-prometheus.
01:21:07 PM  1000    935116    0.00    0.00    0.00    0.00    0.00    20  otelcol-contrib
01:21:07 PM  1000    935117    0.00    0.00    0.00    0.00    0.00    20  run-tempo.sh
01:21:07 PM  1000    935124    0.00    0.00    0.00    0.00    0.00    16  run-pyroscope.s
01:21:07 PM  1000    935125    0.00    0.00    0.00    0.00    0.00    20  prometheus
01:21:07 PM  1000    935128    0.00    0.00    0.00    0.00    0.00    16  tempo
01:21:07 PM  1000    935129    1.00    0.00    0.00    0.00    1.00    20  loki
01:21:07 PM  1000    935131    0.00    0.00    0.00    0.00    0.00    16  pyroscope

01:21:06 PM   UID       PID   cswch/s nvcswch/s  Command
01:21:07 PM  1000    935106      0.00      0.00  run-grafana.sh
01:21:07 PM  1000    935108      0.00      0.00  run-loki.sh
01:21:07 PM  1000    935110     24.00      0.00  grafana
01:21:07 PM  1000    935111      0.00      0.00  run-otelcol.sh
01:21:07 PM  1000    935114      0.00      0.00  run-prometheus.
01:21:07 PM  1000    935116      0.00      0.00  otelcol-contrib
01:21:07 PM  1000    935117      0.00      0.00  run-tempo.sh
01:21:07 PM  1000    935124      0.00      0.00  run-pyroscope.s
01:21:07 PM  1000    935125      3.00      0.00  prometheus
01:21:07 PM  1000    935128     29.00      0.00  tempo
01:21:07 PM  1000    935129      0.00      0.00  loki
01:21:07 PM  1000    935131      0.00      0.00  pyroscope

01:21:07 PM   UID       PID    %usr %system  %guest   %wait    %CPU   CPU  Command
01:21:08 PM  1000    935106    0.00    0.00    0.00    0.00    0.00    18  run-grafana.sh
01:21:08 PM  1000    935108    0.00    0.00    0.00    0.00    0.00    20  run-loki.sh
01:21:08 PM  1000    935110    0.00    0.00    0.00    0.00    0.00    18  grafana
01:21:08 PM  1000    935111    0.00    0.00    0.00    0.00    0.00    20  run-otelcol.sh
01:21:08 PM  1000    935114    0.00    0.00    0.00    0.00    0.00    18  run-prometheus.
01:21:08 PM  1000    935116    0.00    0.00    0.00    0.00    0.00    20  otelcol-contrib
01:21:08 PM  1000    935117    0.00    0.00    0.00    0.00    0.00    20  run-tempo.sh
01:21:08 PM  1000    935124    0.00    0.00    0.00    0.00    0.00    16  run-pyroscope.s
01:21:08 PM  1000    935125    0.00    0.00    0.00    0.00    0.00    20  prometheus
01:21:08 PM  1000    935128    1.00    0.00    0.00    0.00    1.00    16  tempo
01:21:08 PM  1000    935129    0.00    0.00    0.00    0.00    0.00    20  loki
01:21:08 PM  1000    935131    0.00    0.00    0.00    0.00    0.00    16  pyroscope

01:21:07 PM   UID       PID   cswch/s nvcswch/s  Command
01:21:08 PM  1000    935106      0.00      0.00  run-grafana.sh
01:21:08 PM  1000    935108      0.00      0.00  run-loki.sh
01:21:08 PM  1000    935110     38.00      0.00  grafana
01:21:08 PM  1000    935111      0.00      0.00  run-otelcol.sh
01:21:08 PM  1000    935114      0.00      0.00  run-prometheus.
01:21:08 PM  1000    935116      0.00      0.00  otelcol-contrib
01:21:08 PM  1000    935117      0.00      0.00  run-tempo.sh
01:21:08 PM  1000    935124      0.00      0.00  run-pyroscope.s
01:21:08 PM  1000    935125      8.00      0.00  prometheus
01:21:08 PM  1000    935128      0.00      0.00  tempo
01:21:08 PM  1000    935129      0.00      0.00  loki
01:21:08 PM  1000    935131      0.00      0.00  pyroscope

01:21:08 PM   UID       PID    %usr %system  %guest   %wait    %CPU   CPU  Command
01:21:09 PM  1000    935106    0.00    0.00    0.00    0.00    0.00    18  run-grafana.sh
01:21:09 PM  1000    935108    0.00    0.00    0.00    0.00    0.00    20  run-loki.sh
01:21:09 PM  1000    935110    3.00    0.00    0.00    0.00    3.00    18  grafana
01:21:09 PM  1000    935111    0.00    0.00    0.00    0.00    0.00    20  run-otelcol.sh
01:21:09 PM  1000    935114    0.00    0.00    0.00    0.00    0.00    18  run-prometheus.
01:21:09 PM  1000    935116    1.00    0.00    0.00    0.00    1.00    20  otelcol-contrib
01:21:09 PM  1000    935117    0.00    0.00    0.00    0.00    0.00    20  run-tempo.sh
01:21:09 PM  1000    935124    0.00    0.00    0.00    0.00    0.00    16  run-pyroscope.s
01:21:09 PM  1000    935125    0.00    0.00    0.00    0.00    0.00    20  prometheus
01:21:09 PM  1000    935128    0.00    0.00    0.00    0.00    0.00    18  tempo
01:21:09 PM  1000    935129    0.00    0.00    0.00    0.00    0.00    20  loki
01:21:09 PM  1000    935131    3.00    0.00    0.00    0.00    3.00    16  pyroscope

01:21:08 PM   UID       PID   cswch/s nvcswch/s  Command
01:21:09 PM  1000    935106      0.00      0.00  run-grafana.sh
01:21:09 PM  1000    935108      0.00      0.00  run-loki.sh
01:21:09 PM  1000    935110     25.00      0.00  grafana
01:21:09 PM  1000    935111      0.00      0.00  run-otelcol.sh
01:21:09 PM  1000    935114      0.00      0.00  run-prometheus.
01:21:09 PM  1000    935116      0.00      0.00  otelcol-contrib
01:21:09 PM  1000    935117      0.00      0.00  run-tempo.sh
01:21:09 PM  1000    935124      0.00      0.00  run-pyroscope.s
01:21:09 PM  1000    935125      1.00      0.00  prometheus
01:21:09 PM  1000    935128      6.00      0.00  tempo
01:21:09 PM  1000    935129      0.00      0.00  loki
01:21:09 PM  1000    935131      0.00      0.00  pyroscope

01:21:09 PM   UID       PID    %usr %system  %guest   %wait    %CPU   CPU  Command
01:21:10 PM  1000    935106    0.00    0.00    0.00    0.00    0.00    18  run-grafana.sh
01:21:10 PM  1000    935108    0.00    0.00    0.00    0.00    0.00    20  run-loki.sh
01:21:10 PM  1000    935110    0.00    0.00    0.00    0.00    0.00    18  grafana
01:21:10 PM  1000    935111    0.00    0.00    0.00    0.00    0.00    20  run-otelcol.sh
01:21:10 PM  1000    935114    0.00    0.00    0.00    0.00    0.00    18  run-prometheus.
01:21:10 PM  1000    935116    0.00    0.00    0.00    0.00    0.00    20  otelcol-contrib
01:21:10 PM  1000    935117    0.00    0.00    0.00    0.00    0.00    20  run-tempo.sh
01:21:10 PM  1000    935124    0.00    0.00    0.00    0.00    0.00    16  run-pyroscope.s
01:21:10 PM  1000    935125    0.00    0.00    0.00    0.00    0.00    18  prometheus
01:21:10 PM  1000    935128    0.00    0.00    0.00    0.00    0.00    16  tempo
01:21:10 PM  1000    935129    0.00    0.00    0.00    0.00    0.00    20  loki
01:21:10 PM  1000    935131    0.00    0.00    0.00    0.00    0.00    16  pyroscope

01:21:09 PM   UID       PID   cswch/s nvcswch/s  Command
01:21:10 PM  1000    935106      0.00      0.00  run-grafana.sh
01:21:10 PM  1000    935108      0.00      0.00  run-loki.sh
01:21:10 PM  1000    935110     12.00      0.00  grafana
01:21:10 PM  1000    935111      0.00      0.00  run-otelcol.sh
01:21:10 PM  1000    935114      0.00      0.00  run-prometheus.
01:21:10 PM  1000    935116      0.00      0.00  otelcol-contrib
01:21:10 PM  1000    935117      0.00      0.00  run-tempo.sh
01:21:10 PM  1000    935124      0.00      0.00  run-pyroscope.s
01:21:10 PM  1000    935125      4.00      0.00  prometheus
01:21:10 PM  1000    935128     12.00      0.00  tempo
01:21:10 PM  1000    935129      0.00      0.00  loki
01:21:10 PM  1000    935131      0.00      0.00  pyroscope

01:21:10 PM   UID       PID    %usr %system  %guest   %wait    %CPU   CPU  Command
01:21:11 PM  1000    935106    0.00    0.00    0.00    0.00    0.00    18  run-grafana.sh
01:21:11 PM  1000    935108    0.00    0.00    0.00    0.00    0.00    20  run-loki.sh
01:21:11 PM  1000    935110    0.00    0.00    0.00    0.00    0.00    18  grafana
01:21:11 PM  1000    935111    0.00    0.00    0.00    0.00    0.00    20  run-otelcol.sh
01:21:11 PM  1000    935114    0.00    0.00    0.00    0.00    0.00    18  run-prometheus.
01:21:11 PM  1000    935116    1.00    0.00    0.00    0.00    1.00    20  otelcol-contrib
01:21:11 PM  1000    935117    0.00    0.00    0.00    0.00    0.00    20  run-tempo.sh
01:21:11 PM  1000    935124    0.00    0.00    0.00    0.00    0.00    16  run-pyroscope.s
01:21:11 PM  1000    935125    0.00    0.00    0.00    0.00    0.00    20  prometheus
01:21:11 PM  1000    935128    0.00    0.00    0.00    0.00    0.00    18  tempo
01:21:11 PM  1000    935129    0.00    0.00    0.00    0.00    0.00    20  loki
01:21:11 PM  1000    935131    0.00    0.00    0.00    0.00    0.00    16  pyroscope

01:21:10 PM   UID       PID   cswch/s nvcswch/s  Command
01:21:11 PM  1000    935106      0.00      0.00  run-grafana.sh
01:21:11 PM  1000    935108      0.00      0.00  run-loki.sh
01:21:11 PM  1000    935110     28.00      0.00  grafana
01:21:11 PM  1000    935111      0.00      0.00  run-otelcol.sh
01:21:11 PM  1000    935114      0.00      0.00  run-prometheus.
01:21:11 PM  1000    935116      0.00      0.00  otelcol-contrib
01:21:11 PM  1000    935117      0.00      0.00  run-tempo.sh
01:21:11 PM  1000    935124      0.00      0.00  run-pyroscope.s
01:21:11 PM  1000    935125      3.00      0.00  prometheus
01:21:11 PM  1000    935128     27.00      0.00  tempo
01:21:11 PM  1000    935129      0.00      0.00  loki
01:21:11 PM  1000    935131      0.00      0.00  pyroscope

01:21:11 PM   UID       PID    %usr %system  %guest   %wait    %CPU   CPU  Command
01:21:12 PM  1000    935106    0.00    0.00    0.00    0.00    0.00    18  run-grafana.sh
01:21:12 PM  1000    935108    0.00    0.00    0.00    0.00    0.00    20  run-loki.sh
01:21:12 PM  1000    935110    0.00    0.00    0.00    0.00    0.00    18  grafana
01:21:12 PM  1000    935111    0.00    0.00    0.00    0.00    0.00    20  run-otelcol.sh
01:21:12 PM  1000    935114    0.00    0.00    0.00    0.00    0.00    18  run-prometheus.
01:21:12 PM  1000    935116    0.00    0.00    0.00    0.00    0.00    20  otelcol-contrib
01:21:12 PM  1000    935117    0.00    0.00    0.00    0.00    0.00    20  run-tempo.sh
01:21:12 PM  1000    935124    0.00    0.00    0.00    0.00    0.00    16  run-pyroscope.s
01:21:12 PM  1000    935125    0.00    0.00    0.00    0.00    0.00    18  prometheus
01:21:12 PM  1000    935128    0.00    0.00    0.00    0.00    0.00    16  tempo
01:21:12 PM  1000    935129    0.00    0.00    0.00    0.00    0.00    20  loki
01:21:12 PM  1000    935131    1.00    0.00    0.00    0.00    1.00    16  pyroscope

01:21:11 PM   UID       PID   cswch/s nvcswch/s  Command
01:21:12 PM  1000    935106      0.00      0.00  run-grafana.sh
01:21:12 PM  1000    935108      0.00      0.00  run-loki.sh
01:21:12 PM  1000    935110     33.00      0.00  grafana
01:21:12 PM  1000    935111      0.00      0.00  run-otelcol.sh
01:21:12 PM  1000    935114      0.00      0.00  run-prometheus.
01:21:12 PM  1000    935116      0.00      0.00  otelcol-contrib
01:21:12 PM  1000    935117      0.00      0.00  run-tempo.sh
01:21:12 PM  1000    935124      0.00      0.00  run-pyroscope.s
01:21:12 PM  1000    935125      3.00      0.00  prometheus
01:21:12 PM  1000    935128     26.00      0.00  tempo
01:21:12 PM  1000    935129      0.00      0.00  loki
01:21:12 PM  1000    935131      0.00      0.00  pyroscope

01:21:12 PM   UID       PID    %usr %system  %guest   %wait    %CPU   CPU  Command
01:21:13 PM  1000    935106    0.00    0.00    0.00    0.00    0.00    18  run-grafana.sh
01:21:13 PM  1000    935108    0.00    0.00    0.00    0.00    0.00    20  run-loki.sh
01:21:13 PM  1000    935110    0.00    0.00    0.00    0.00    0.00    18  grafana
01:21:13 PM  1000    935111    0.00    0.00    0.00    0.00    0.00    20  run-otelcol.sh
01:21:13 PM  1000    935114    0.00    0.00    0.00    0.00    0.00    18  run-prometheus.
01:21:13 PM  1000    935116    0.00    0.00    0.00    0.00    0.00    20  otelcol-contrib
01:21:13 PM  1000    935117    0.00    0.00    0.00    0.00    0.00    20  run-tempo.sh
01:21:13 PM  1000    935124    0.00    0.00    0.00    0.00    0.00    16  run-pyroscope.s
01:21:13 PM  1000    935125    0.00    0.00    0.00    0.00    0.00    18  prometheus
01:21:13 PM  1000    935128    0.00    0.00    0.00    0.00    0.00    20  tempo
01:21:13 PM  1000    935129    1.00    0.00    0.00    0.00    1.00    20  loki
01:21:13 PM  1000    935131    0.00    0.00    0.00    0.00    0.00    16  pyroscope

01:21:12 PM   UID       PID   cswch/s nvcswch/s  Command
01:21:13 PM  1000    935106      0.00      0.00  run-grafana.sh
01:21:13 PM  1000    935108      0.00      0.00  run-loki.sh
01:21:13 PM  1000    935110     20.00      0.00  grafana
01:21:13 PM  1000    935111      0.00      0.00  run-otelcol.sh
01:21:13 PM  1000    935114      0.00      0.00  run-prometheus.
01:21:13 PM  1000    935116      0.00      0.00  otelcol-contrib
01:21:13 PM  1000    935117      0.00      0.00  run-tempo.sh
01:21:13 PM  1000    935124      0.00      0.00  run-pyroscope.s
01:21:13 PM  1000    935125      9.00      0.00  prometheus
01:21:13 PM  1000    935128     28.00      0.00  tempo
01:21:13 PM  1000    935129      0.00      0.00  loki
01:21:13 PM  1000    935131      0.00      0.00  pyroscope

01:21:13 PM   UID       PID    %usr %system  %guest   %wait    %CPU   CPU  Command
01:21:14 PM  1000    935106    0.00    0.00    0.00    0.00    0.00    18  run-grafana.sh
01:21:14 PM  1000    935108    0.00    0.00    0.00    0.00    0.00    20  run-loki.sh
01:21:14 PM  1000    935110    0.00    0.00    0.00    0.00    0.00    18  grafana
01:21:14 PM  1000    935111    0.00    0.00    0.00    0.00    0.00    20  run-otelcol.sh
01:21:14 PM  1000    935114    0.00    0.00    0.00    0.00    0.00    18  run-prometheus.
01:21:14 PM  1000    935116    0.00    0.00    0.00    0.00    0.00    20  otelcol-contrib
01:21:14 PM  1000    935117    0.00    0.00    0.00    0.00    0.00    20  run-tempo.sh
01:21:14 PM  1000    935124    0.00    0.00    0.00    0.00    0.00    16  run-pyroscope.s
01:21:14 PM  1000    935125    0.00    0.00    0.00    0.00    0.00    18  prometheus
01:21:14 PM  1000    935128    0.00    0.00    0.00    0.00    0.00    20  tempo
01:21:14 PM  1000    935129    0.00    0.00    0.00    0.00    0.00    20  loki
01:21:14 PM  1000    935131    0.00    0.00    0.00    0.00    0.00    16  pyroscope

01:21:13 PM   UID       PID   cswch/s nvcswch/s  Command
01:21:14 PM  1000    935106      0.00      0.00  run-grafana.sh
01:21:14 PM  1000    935108      0.00      0.00  run-loki.sh
01:21:14 PM  1000    935110     12.00      0.00  grafana
01:21:14 PM  1000    935111      0.00      0.00  run-otelcol.sh
01:21:14 PM  1000    935114      0.00      0.00  run-prometheus.
01:21:14 PM  1000    935116      0.00      0.00  otelcol-contrib
01:21:14 PM  1000    935117      0.00      0.00  run-tempo.sh
01:21:14 PM  1000    935124      0.00      0.00  run-pyroscope.s
01:21:14 PM  1000    935125      1.00      0.00  prometheus
01:21:14 PM  1000    935128      2.00      0.00  tempo
01:21:14 PM  1000    935129      0.00      0.00  loki
01:21:14 PM  1000    935131      0.00      0.00  pyroscope

01:21:14 PM   UID       PID    %usr %system  %guest   %wait    %CPU   CPU  Command
01:21:15 PM  1000    935106    0.00    0.00    0.00    0.00    0.00    18  run-grafana.sh
01:21:15 PM  1000    935108    0.00    0.00    0.00    0.00    0.00    20  run-loki.sh
01:21:15 PM  1000    935110    0.00    0.00    0.00    0.00    0.00    16  grafana
01:21:15 PM  1000    935111    0.00    0.00    0.00    0.00    0.00    20  run-otelcol.sh
01:21:15 PM  1000    935114    0.00    0.00    0.00    0.00    0.00    18  run-prometheus.
01:21:15 PM  1000    935116    1.00    0.00    0.00    0.00    1.00    20  otelcol-contrib
01:21:15 PM  1000    935117    0.00    0.00    0.00    0.00    0.00    20  run-tempo.sh
01:21:15 PM  1000    935124    0.00    0.00    0.00    0.00    0.00    16  run-pyroscope.s
01:21:15 PM  1000    935125    1.00    0.00    0.00    0.00    1.00    18  prometheus
01:21:15 PM  1000    935128    1.00    0.00    0.00    0.00    1.00    20  tempo
01:21:15 PM  1000    935129    0.00    0.00    0.00    0.00    0.00    20  loki
01:21:15 PM  1000    935131    0.00    0.00    0.00    0.00    0.00    16  pyroscope

01:21:14 PM   UID       PID   cswch/s nvcswch/s  Command
01:21:15 PM  1000    935106      0.00      0.00  run-grafana.sh
01:21:15 PM  1000    935108      0.00      0.00  run-loki.sh
01:21:15 PM  1000    935110     21.00      0.00  grafana
01:21:15 PM  1000    935111      0.00      0.00  run-otelcol.sh
01:21:15 PM  1000    935114      0.00      0.00  run-prometheus.
01:21:15 PM  1000    935116      0.00      0.00  otelcol-contrib
01:21:15 PM  1000    935117      0.00      0.00  run-tempo.sh
01:21:15 PM  1000    935124      0.00      0.00  run-pyroscope.s
01:21:15 PM  1000    935125      2.00      0.00  prometheus
01:21:15 PM  1000    935128      0.00      0.00  tempo
01:21:15 PM  1000    935129      0.00      0.00  loki
01:21:15 PM  1000    935131      0.00      0.00  pyroscope

01:21:15 PM   UID       PID    %usr %system  %guest   %wait    %CPU   CPU  Command
01:21:16 PM  1000    935106    0.00    0.00    0.00    0.00    0.00    18  run-grafana.sh
01:21:16 PM  1000    935108    0.00    0.00    0.00    0.00    0.00    20  run-loki.sh
01:21:16 PM  1000    935110    0.00    0.00    0.00    0.00    0.00    16  grafana
01:21:16 PM  1000    935111    0.00    0.00    0.00    0.00    0.00    20  run-otelcol.sh
01:21:16 PM  1000    935114    0.00    0.00    0.00    0.00    0.00    18  run-prometheus.
01:21:16 PM  1000    935116    0.00    0.00    0.00    0.00    0.00    20  otelcol-contrib
01:21:16 PM  1000    935117    0.00    0.00    0.00    0.00    0.00    20  run-tempo.sh
01:21:16 PM  1000    935124    0.00    0.00    0.00    0.00    0.00    16  run-pyroscope.s
01:21:16 PM  1000    935125    0.00    0.00    0.00    0.00    0.00    18  prometheus
01:21:16 PM  1000    935128    0.00    0.00    0.00    0.00    0.00    20  tempo
01:21:16 PM  1000    935129    0.00    0.00    0.00    0.00    0.00    20  loki
01:21:16 PM  1000    935131    0.00    0.00    0.00    0.00    0.00    16  pyroscope

01:21:15 PM   UID       PID   cswch/s nvcswch/s  Command
01:21:16 PM  1000    935106      0.00      0.00  run-grafana.sh
01:21:16 PM  1000    935108      0.00      0.00  run-loki.sh
01:21:16 PM  1000    935110      0.00      0.00  grafana
01:21:16 PM  1000    935111      0.00      0.00  run-otelcol.sh
01:21:16 PM  1000    935114      0.00      0.00  run-prometheus.
01:21:16 PM  1000    935116      0.00      0.00  otelcol-contrib
01:21:16 PM  1000    935117      0.00      0.00  run-tempo.sh
01:21:16 PM  1000    935124      0.00      0.00  run-pyroscope.s
01:21:16 PM  1000    935125      1.00      0.00  prometheus
01:21:16 PM  1000    935128      0.00      0.00  tempo
01:21:16 PM  1000    935129      0.00      0.00  loki
01:21:16 PM  1000    935131      0.00      0.00  pyroscope

01:21:16 PM   UID       PID    %usr %system  %guest   %wait    %CPU   CPU  Command
01:21:17 PM  1000    935106    0.00    0.00    0.00    0.00    0.00    18  run-grafana.sh
01:21:17 PM  1000    935108    0.00    0.00    0.00    0.00    0.00    20  run-loki.sh
01:21:17 PM  1000    935110    0.00    0.00    0.00    0.00    0.00    16  grafana
01:21:17 PM  1000    935111    0.00    0.00    0.00    0.00    0.00    20  run-otelcol.sh
01:21:17 PM  1000    935114    0.00    0.00    0.00    0.00    0.00    18  run-prometheus.
01:21:17 PM  1000    935116    0.00    0.00    0.00    0.00    0.00    20  otelcol-contrib
01:21:17 PM  1000    935117    0.00    0.00    0.00    0.00    0.00    20  run-tempo.sh
01:21:17 PM  1000    935124    0.00    0.00    0.00    0.00    0.00    16  run-pyroscope.s
01:21:17 PM  1000    935125    0.00    0.00    0.00    0.00    0.00    20  prometheus
01:21:17 PM  1000    935128    0.00    0.00    0.00    0.00    0.00    20  tempo
01:21:17 PM  1000    935129    0.00    0.00    0.00    0.00    0.00    20  loki
01:21:17 PM  1000    935131    0.00    0.00    0.00    0.00    0.00    16  pyroscope

01:21:16 PM   UID       PID   cswch/s nvcswch/s  Command
01:21:17 PM  1000    935106      0.00      0.00  run-grafana.sh
01:21:17 PM  1000    935108      0.00      0.00  run-loki.sh
01:21:17 PM  1000    935110      0.00      0.00  grafana
01:21:17 PM  1000    935111      0.00      0.00  run-otelcol.sh
01:21:17 PM  1000    935114      0.00      0.00  run-prometheus.
01:21:17 PM  1000    935116      0.00      0.00  otelcol-contrib
01:21:17 PM  1000    935117      0.00      0.00  run-tempo.sh
01:21:17 PM  1000    935124      0.00      0.00  run-pyroscope.s
01:21:17 PM  1000    935125      2.00      0.00  prometheus
01:21:17 PM  1000    935128     19.00      0.00  tempo
01:21:17 PM  1000    935129      0.00      0.00  loki
01:21:17 PM  1000    935131      0.00      0.00  pyroscope

01:21:17 PM   UID       PID    %usr %system  %guest   %wait    %CPU   CPU  Command
01:21:18 PM  1000    935106    0.00    0.00    0.00    0.00    0.00    18  run-grafana.sh
01:21:18 PM  1000    935108    0.00    0.00    0.00    0.00    0.00    20  run-loki.sh
01:21:18 PM  1000    935110    0.00    0.00    0.00    0.00    0.00    18  grafana
01:21:18 PM  1000    935111    0.00    0.00    0.00    0.00    0.00    20  run-otelcol.sh
01:21:18 PM  1000    935114    0.00    0.00    0.00    0.00    0.00    18  run-prometheus.
01:21:18 PM  1000    935116    1.00    0.00    0.00    0.00    1.00    20  otelcol-contrib
01:21:18 PM  1000    935117    0.00    0.00    0.00    0.00    0.00    20  run-tempo.sh
01:21:18 PM  1000    935124    0.00    0.00    0.00    0.00    0.00    16  run-pyroscope.s
01:21:18 PM  1000    935125    0.00    0.00    0.00    0.00    0.00    18  prometheus
01:21:18 PM  1000    935128    0.00    1.00    0.00    0.00    1.00    16  tempo
01:21:18 PM  1000    935129    1.00    0.00    0.00    0.00    1.00    20  loki
01:21:18 PM  1000    935131    0.00    0.00    0.00    0.00    0.00    16  pyroscope

01:21:17 PM   UID       PID   cswch/s nvcswch/s  Command
01:21:18 PM  1000    935106      0.00      0.00  run-grafana.sh
01:21:18 PM  1000    935108      0.00      0.00  run-loki.sh
01:21:18 PM  1000    935110      8.00      0.00  grafana
01:21:18 PM  1000    935111      0.00      0.00  run-otelcol.sh
01:21:18 PM  1000    935114      0.00      0.00  run-prometheus.
01:21:18 PM  1000    935116      0.00      0.00  otelcol-contrib
01:21:18 PM  1000    935117      0.00      0.00  run-tempo.sh
01:21:18 PM  1000    935124      0.00      0.00  run-pyroscope.s
01:21:18 PM  1000    935125      5.00      0.00  prometheus
01:21:18 PM  1000    935128     29.00      0.00  tempo
01:21:18 PM  1000    935129      0.00      0.00  loki
01:21:18 PM  1000    935131      0.00      0.00  pyroscope

01:21:18 PM   UID       PID    %usr %system  %guest   %wait    %CPU   CPU  Command
01:21:19 PM  1000    935106    0.00    0.00    0.00    0.00    0.00    18  run-grafana.sh
01:21:19 PM  1000    935108    0.00    0.00    0.00    0.00    0.00    20  run-loki.sh
01:21:19 PM  1000    935110    2.00    0.00    0.00    0.00    2.00    16  grafana
01:21:19 PM  1000    935111    0.00    0.00    0.00    0.00    0.00    20  run-otelcol.sh
01:21:19 PM  1000    935114    0.00    0.00    0.00    0.00    0.00    18  run-prometheus.
01:21:19 PM  1000    935116    0.00    1.00    0.00    0.00    1.00    20  otelcol-contrib
01:21:19 PM  1000    935117    0.00    0.00    0.00    0.00    0.00    20  run-tempo.sh
01:21:19 PM  1000    935124    0.00    0.00    0.00    0.00    0.00    16  run-pyroscope.s
01:21:19 PM  1000    935125    0.00    0.00    0.00    0.00    0.00    20  prometheus
01:21:19 PM  1000    935128    0.00    0.00    0.00    0.00    0.00    16  tempo
01:21:19 PM  1000    935129    0.00    0.00    0.00    0.00    0.00    20  loki
01:21:19 PM  1000    935131    0.00    1.00    0.00    0.00    1.00    16  pyroscope

01:21:18 PM   UID       PID   cswch/s nvcswch/s  Command
01:21:19 PM  1000    935106      0.00      0.00  run-grafana.sh
01:21:19 PM  1000    935108      0.00      0.00  run-loki.sh
01:21:19 PM  1000    935110     48.00      4.00  grafana
01:21:19 PM  1000    935111      0.00      0.00  run-otelcol.sh
01:21:19 PM  1000    935114      0.00      0.00  run-prometheus.
01:21:19 PM  1000    935116      0.00      0.00  otelcol-contrib
01:21:19 PM  1000    935117      0.00      0.00  run-tempo.sh
01:21:19 PM  1000    935124      0.00      0.00  run-pyroscope.s
01:21:19 PM  1000    935125      4.00      0.00  prometheus
01:21:19 PM  1000    935128      0.00      0.00  tempo
01:21:19 PM  1000    935129      0.00      0.00  loki
01:21:19 PM  1000    935131      0.00      0.00  pyroscope

01:21:19 PM   UID       PID    %usr %system  %guest   %wait    %CPU   CPU  Command
01:21:20 PM  1000    935106    0.00    0.00    0.00    0.00    0.00    18  run-grafana.sh
01:21:20 PM  1000    935108    0.00    0.00    0.00    0.00    0.00    20  run-loki.sh
01:21:20 PM  1000    935110    1.00    0.00    0.00    0.00    1.00    18  grafana
01:21:20 PM  1000    935111    0.00    0.00    0.00    0.00    0.00    20  run-otelcol.sh
01:21:20 PM  1000    935114    0.00    0.00    0.00    0.00    0.00    18  run-prometheus.
01:21:20 PM  1000    935116    1.00    0.00    0.00    0.00    1.00    20  otelcol-contrib
01:21:20 PM  1000    935117    0.00    0.00    0.00    0.00    0.00    20  run-tempo.sh
01:21:20 PM  1000    935124    0.00    0.00    0.00    0.00    0.00    16  run-pyroscope.s
01:21:20 PM  1000    935125    0.00    0.00    0.00    0.00    0.00    20  prometheus
01:21:20 PM  1000    935128    0.00    0.00    0.00    0.00    0.00    16  tempo
01:21:20 PM  1000    935129    0.00    0.00    0.00    0.00    0.00    20  loki
01:21:20 PM  1000    935131    0.00    0.00    0.00    0.00    0.00    16  pyroscope

01:21:19 PM   UID       PID   cswch/s nvcswch/s  Command
01:21:20 PM  1000    935106      0.00      0.00  run-grafana.sh
01:21:20 PM  1000    935108      0.00      0.00  run-loki.sh
01:21:20 PM  1000    935110     35.00      0.00  grafana
01:21:20 PM  1000    935111      0.00      0.00  run-otelcol.sh
01:21:20 PM  1000    935114      0.00      0.00  run-prometheus.
01:21:20 PM  1000    935116      0.00      0.00  otelcol-contrib
01:21:20 PM  1000    935117      0.00      0.00  run-tempo.sh
01:21:20 PM  1000    935124      0.00      0.00  run-pyroscope.s
01:21:20 PM  1000    935125      2.00      0.00  prometheus
01:21:20 PM  1000    935128      0.00      0.00  tempo
01:21:20 PM  1000    935129      0.00      0.00  loki
01:21:20 PM  1000    935131      0.00      0.00  pyroscope

01:21:20 PM   UID       PID    %usr %system  %guest   %wait    %CPU   CPU  Command
01:21:21 PM  1000    935106    0.00    0.00    0.00    0.00    0.00    18  run-grafana.sh
01:21:21 PM  1000    935108    0.00    0.00    0.00    0.00    0.00    20  run-loki.sh
01:21:21 PM  1000    935110    0.00    0.00    0.00    0.00    0.00    16  grafana
01:21:21 PM  1000    935111    0.00    0.00    0.00    0.00    0.00    20  run-otelcol.sh
01:21:21 PM  1000    935114    0.00    0.00    0.00    0.00    0.00    18  run-prometheus.
01:21:21 PM  1000    935116    0.00    0.00    0.00    0.00    0.00    20  otelcol-contrib
01:21:21 PM  1000    935117    0.00    0.00    0.00    0.00    0.00    20  run-tempo.sh
01:21:21 PM  1000    935124    0.00    0.00    0.00    0.00    0.00    16  run-pyroscope.s
01:21:21 PM  1000    935125    1.00    0.00    0.00    0.00    1.00    20  prometheus
01:21:21 PM  1000    935128    0.00    0.00    0.00    0.00    0.00    16  tempo
01:21:21 PM  1000    935129    0.00    0.00    0.00    0.00    0.00    20  loki
01:21:21 PM  1000    935131    0.00    0.00    0.00    0.00    0.00    16  pyroscope

01:21:20 PM   UID       PID   cswch/s nvcswch/s  Command
01:21:21 PM  1000    935106      0.00      0.00  run-grafana.sh
01:21:21 PM  1000    935108      0.00      0.00  run-loki.sh
01:21:21 PM  1000    935110     29.00      1.00  grafana
01:21:21 PM  1000    935111      0.00      0.00  run-otelcol.sh
01:21:21 PM  1000    935114      0.00      0.00  run-prometheus.
01:21:21 PM  1000    935116      0.00      0.00  otelcol-contrib
01:21:21 PM  1000    935117      0.00      0.00  run-tempo.sh
01:21:21 PM  1000    935124      0.00      0.00  run-pyroscope.s
01:21:21 PM  1000    935125      1.00      0.00  prometheus
01:21:21 PM  1000    935128     11.00      0.00  tempo
01:21:21 PM  1000    935129      0.00      0.00  loki
01:21:21 PM  1000    935131      0.00      0.00  pyroscope

01:21:21 PM   UID       PID    %usr %system  %guest   %wait    %CPU   CPU  Command
01:21:22 PM  1000    935106    0.00    0.00    0.00    0.00    0.00    18  run-grafana.sh
01:21:22 PM  1000    935108    0.00    0.00    0.00    0.00    0.00    20  run-loki.sh
01:21:22 PM  1000    935110    0.00    0.00    0.00    0.00    0.00    16  grafana
01:21:22 PM  1000    935111    0.00    0.00    0.00    0.00    0.00    20  run-otelcol.sh
01:21:22 PM  1000    935114    0.00    0.00    0.00    0.00    0.00    18  run-prometheus.
01:21:22 PM  1000    935116    4.00    0.00    0.00    0.00    4.00    20  otelcol-contrib
01:21:22 PM  1000    935117    0.00    0.00    0.00    0.00    0.00    20  run-tempo.sh
01:21:22 PM  1000    935124    0.00    0.00    0.00    0.00    0.00    16  run-pyroscope.s
01:21:22 PM  1000    935125    0.00    0.00    0.00    0.00    0.00    20  prometheus
01:21:22 PM  1000    935128    5.00    0.00    0.00    0.00    5.00    18  tempo
01:21:22 PM  1000    935129    0.00    1.00    0.00    0.00    1.00    20  loki
01:21:22 PM  1000    935131    1.00    0.00    0.00    0.00    1.00    16  pyroscope

01:21:21 PM   UID       PID   cswch/s nvcswch/s  Command
01:21:22 PM  1000    935106      0.00      0.00  run-grafana.sh
01:21:22 PM  1000    935108      0.00      0.00  run-loki.sh
01:21:22 PM  1000    935110     33.00      0.00  grafana
01:21:22 PM  1000    935111      0.00      0.00  run-otelcol.sh
01:21:22 PM  1000    935114      0.00      0.00  run-prometheus.
01:21:22 PM  1000    935116      0.00      0.00  otelcol-contrib
01:21:22 PM  1000    935117      0.00      0.00  run-tempo.sh
01:21:22 PM  1000    935124      0.00      0.00  run-pyroscope.s
01:21:22 PM  1000    935125      0.00      0.00  prometheus
01:21:22 PM  1000    935128     75.00      4.00  tempo
01:21:22 PM  1000    935129      0.00      0.00  loki
01:21:22 PM  1000    935131      0.00      0.00  pyroscope

01:21:22 PM   UID       PID    %usr %system  %guest   %wait    %CPU   CPU  Command
01:21:23 PM  1000    935106    0.00    0.00    0.00    0.00    0.00    18  run-grafana.sh
01:21:23 PM  1000    935108    0.00    0.00    0.00    0.00    0.00    20  run-loki.sh
01:21:23 PM  1000    935110    0.00    0.00    0.00    0.00    0.00    20  grafana
01:21:23 PM  1000    935111    0.00    0.00    0.00    0.00    0.00    20  run-otelcol.sh
01:21:23 PM  1000    935114    0.00    0.00    0.00    0.00    0.00    18  run-prometheus.
01:21:23 PM  1000    935116    3.00    0.00    0.00    0.00    3.00    20  otelcol-contrib
01:21:23 PM  1000    935117    0.00    0.00    0.00    0.00    0.00    20  run-tempo.sh
01:21:23 PM  1000    935124    0.00    0.00    0.00    0.00    0.00    16  run-pyroscope.s
01:21:23 PM  1000    935125    1.00    0.00    0.00    0.00    1.00    20  prometheus
01:21:23 PM  1000    935128    7.00    0.00    0.00    0.00    7.00    18  tempo
01:21:23 PM  1000    935129    0.00    0.00    0.00    0.00    0.00    20  loki
01:21:23 PM  1000    935131    0.00    0.00    0.00    0.00    0.00    16  pyroscope

01:21:22 PM   UID       PID   cswch/s nvcswch/s  Command
01:21:23 PM  1000    935106      0.00      0.00  run-grafana.sh
01:21:23 PM  1000    935108      0.00      0.00  run-loki.sh
01:21:23 PM  1000    935110     18.00      0.00  grafana
01:21:23 PM  1000    935111      0.00      0.00  run-otelcol.sh
01:21:23 PM  1000    935114      0.00      0.00  run-prometheus.
01:21:23 PM  1000    935116      0.00      0.00  otelcol-contrib
01:21:23 PM  1000    935117      0.00      0.00  run-tempo.sh
01:21:23 PM  1000    935124      0.00      0.00  run-pyroscope.s
01:21:23 PM  1000    935125      0.00      0.00  prometheus
01:21:23 PM  1000    935128     83.00      1.00  tempo
01:21:23 PM  1000    935129      0.00      0.00  loki
01:21:23 PM  1000    935131      0.00      0.00  pyroscope

01:21:23 PM   UID       PID    %usr %system  %guest   %wait    %CPU   CPU  Command
01:21:24 PM  1000    935106    0.00    0.00    0.00    0.00    0.00    18  run-grafana.sh
01:21:24 PM  1000    935108    0.00    0.00    0.00    0.00    0.00    20  run-loki.sh
01:21:24 PM  1000    935110    0.00    0.00    0.00    0.00    0.00    20  grafana
01:21:24 PM  1000    935111    0.00    0.00    0.00    0.00    0.00    20  run-otelcol.sh
01:21:24 PM  1000    935114    0.00    0.00    0.00    0.00    0.00    18  run-prometheus.
01:21:24 PM  1000    935116    3.00    0.00    0.00    0.00    3.00    20  otelcol-contrib
01:21:24 PM  1000    935117    0.00    0.00    0.00    0.00    0.00    20  run-tempo.sh
01:21:24 PM  1000    935124    0.00    0.00    0.00    0.00    0.00    16  run-pyroscope.s
01:21:24 PM  1000    935125    0.00    0.00    0.00    0.00    0.00    20  prometheus
01:21:24 PM  1000    935128   17.00    1.00    0.00    0.00   18.00    16  tempo
01:21:24 PM  1000    935129    1.00    0.00    0.00    0.00    1.00    20  loki
01:21:24 PM  1000    935131    4.00    0.00    0.00    0.00    4.00    16  pyroscope

01:21:23 PM   UID       PID   cswch/s nvcswch/s  Command
01:21:24 PM  1000    935106      0.00      0.00  run-grafana.sh
01:21:24 PM  1000    935108      0.00      0.00  run-loki.sh
01:21:24 PM  1000    935110     17.00      0.00  grafana
01:21:24 PM  1000    935111      0.00      0.00  run-otelcol.sh
01:21:24 PM  1000    935114      0.00      0.00  run-prometheus.
01:21:24 PM  1000    935116      0.00      0.00  otelcol-contrib
01:21:24 PM  1000    935117      0.00      0.00  run-tempo.sh
01:21:24 PM  1000    935124      0.00      0.00  run-pyroscope.s
01:21:24 PM  1000    935125      0.00      0.00  prometheus
01:21:24 PM  1000    935128     96.00      1.00  tempo
01:21:24 PM  1000    935129      0.00      0.00  loki
01:21:24 PM  1000    935131      1.00      0.00  pyroscope

01:21:24 PM   UID       PID    %usr %system  %guest   %wait    %CPU   CPU  Command
01:21:25 PM  1000    935106    0.00    0.00    0.00    0.00    0.00    18  run-grafana.sh
01:21:25 PM  1000    935108    0.00    0.00    0.00    0.00    0.00    20  run-loki.sh
01:21:25 PM  1000    935110    0.00    0.00    0.00    0.00    0.00    18  grafana
01:21:25 PM  1000    935111    0.00    0.00    0.00    0.00    0.00    20  run-otelcol.sh
01:21:25 PM  1000    935114    0.00    0.00    0.00    0.00    0.00    18  run-prometheus.
01:21:25 PM  1000    935116    3.00    1.00    0.00    0.00    4.00    20  otelcol-contrib
01:21:25 PM  1000    935117    0.00    0.00    0.00    0.00    0.00    20  run-tempo.sh
01:21:25 PM  1000    935124    0.00    0.00    0.00    0.00    0.00    16  run-pyroscope.s
01:21:25 PM  1000    935125    0.00    0.00    0.00    0.00    0.00    20  prometheus
01:21:25 PM  1000    935128   11.00    3.00    0.00    0.00   14.00    20  tempo
01:21:25 PM  1000    935129    0.00    0.00    0.00    0.00    0.00    20  loki
01:21:25 PM  1000    935131    0.00    0.00    0.00    0.00    0.00    16  pyroscope

01:21:24 PM   UID       PID   cswch/s nvcswch/s  Command
01:21:25 PM  1000    935106      0.00      0.00  run-grafana.sh
01:21:25 PM  1000    935108      0.00      0.00  run-loki.sh
01:21:25 PM  1000    935110     13.00      0.00  grafana
01:21:25 PM  1000    935111      0.00      0.00  run-otelcol.sh
01:21:25 PM  1000    935114      0.00      0.00  run-prometheus.
01:21:25 PM  1000    935116      0.00      0.00  otelcol-contrib
01:21:25 PM  1000    935117      0.00      0.00  run-tempo.sh
01:21:25 PM  1000    935124      0.00      0.00  run-pyroscope.s
01:21:25 PM  1000    935125      0.00      0.00  prometheus
01:21:25 PM  1000    935128    114.00      1.00  tempo
01:21:25 PM  1000    935129      0.00      0.00  loki
01:21:25 PM  1000    935131      0.00      0.00  pyroscope

01:21:25 PM   UID       PID    %usr %system  %guest   %wait    %CPU   CPU  Command
01:21:26 PM  1000    935106    0.00    0.00    0.00    0.00    0.00    18  run-grafana.sh
01:21:26 PM  1000    935108    0.00    0.00    0.00    0.00    0.00    20  run-loki.sh
01:21:26 PM  1000    935110    3.00    1.00    0.00    0.00    4.00    20  grafana
01:21:26 PM  1000    935111    0.00    0.00    0.00    0.00    0.00    20  run-otelcol.sh
01:21:26 PM  1000    935114    0.00    0.00    0.00    0.00    0.00    18  run-prometheus.
01:21:26 PM  1000    935116    3.00    0.00    0.00    0.00    3.00    20  otelcol-contrib
01:21:26 PM  1000    935117    0.00    0.00    0.00    0.00    0.00    20  run-tempo.sh
01:21:26 PM  1000    935124    0.00    0.00    0.00    0.00    0.00    16  run-pyroscope.s
01:21:26 PM  1000    935125    0.00    0.00    0.00    0.00    0.00    20  prometheus
01:21:26 PM  1000    935128   19.00    2.00    0.00    0.00   21.00    18  tempo
01:21:26 PM  1000    935129    0.00    0.00    0.00    0.00    0.00    20  loki
01:21:26 PM  1000    935131    0.00    0.00    0.00    0.00    0.00    16  pyroscope

01:21:25 PM   UID       PID   cswch/s nvcswch/s  Command
01:21:26 PM  1000    935106      0.00      0.00  run-grafana.sh
01:21:26 PM  1000    935108      0.00      0.00  run-loki.sh
01:21:26 PM  1000    935110     25.00      1.00  grafana
01:21:26 PM  1000    935111      0.00      0.00  run-otelcol.sh
01:21:26 PM  1000    935114      0.00      0.00  run-prometheus.
01:21:26 PM  1000    935116      0.00      0.00  otelcol-contrib
01:21:26 PM  1000    935117      0.00      0.00  run-tempo.sh
01:21:26 PM  1000    935124      0.00      0.00  run-pyroscope.s
01:21:26 PM  1000    935125      0.00      0.00  prometheus
01:21:26 PM  1000    935128    128.00      2.00  tempo
01:21:26 PM  1000    935129      0.00      0.00  loki
01:21:26 PM  1000    935131      0.00      0.00  pyroscope

01:21:26 PM   UID       PID    %usr %system  %guest   %wait    %CPU   CPU  Command
01:21:27 PM  1000    935106    0.00    0.00    0.00    0.00    0.00    18  run-grafana.sh
01:21:27 PM  1000    935108    0.00    0.00    0.00    0.00    0.00    20  run-loki.sh
01:21:27 PM  1000    935110    0.00    0.00    0.00    0.00    0.00    20  grafana
01:21:27 PM  1000    935111    0.00    0.00    0.00    0.00    0.00    20  run-otelcol.sh
01:21:27 PM  1000    935114    0.00    0.00    0.00    0.00    0.00    18  run-prometheus.
01:21:27 PM  1000    935116    5.00    0.00    0.00    0.00    5.00    20  otelcol-contrib
01:21:27 PM  1000    935117    0.00    0.00    0.00    0.00    0.00    20  run-tempo.sh
01:21:27 PM  1000    935124    0.00    0.00    0.00    0.00    0.00    16  run-pyroscope.s
01:21:27 PM  1000    935125    0.00    0.00    0.00    0.00    0.00    20  prometheus
01:21:27 PM  1000    935128   30.00    4.00    0.00    1.00   34.00    18  tempo
01:21:27 PM  1000    935129    0.00    0.00    0.00    0.00    0.00    20  loki
01:21:27 PM  1000    935131    0.00    0.00    0.00    0.00    0.00    16  pyroscope

01:21:26 PM   UID       PID   cswch/s nvcswch/s  Command
01:21:27 PM  1000    935106      0.00      0.00  run-grafana.sh
01:21:27 PM  1000    935108      0.00      0.00  run-loki.sh
01:21:27 PM  1000    935110      0.00      0.00  grafana
01:21:27 PM  1000    935111      0.00      0.00  run-otelcol.sh
01:21:27 PM  1000    935114      0.00      0.00  run-prometheus.
01:21:27 PM  1000    935116      0.00      0.00  otelcol-contrib
01:21:27 PM  1000    935117      0.00      0.00  run-tempo.sh
01:21:27 PM  1000    935124      0.00      0.00  run-pyroscope.s
01:21:27 PM  1000    935125      0.00      0.00  prometheus
01:21:27 PM  1000    935128     70.00      9.00  tempo
01:21:27 PM  1000    935129      0.00      0.00  loki
01:21:27 PM  1000    935131      0.00      0.00  pyroscope

01:21:27 PM   UID       PID    %usr %system  %guest   %wait    %CPU   CPU  Command
01:21:28 PM  1000    935106    0.00    0.00    0.00    0.00    0.00    18  run-grafana.sh
01:21:28 PM  1000    935108    0.00    0.00    0.00    0.00    0.00    20  run-loki.sh
01:21:28 PM  1000    935110    0.00    0.00    0.00    0.00    0.00    20  grafana
01:21:28 PM  1000    935111    0.00    0.00    0.00    0.00    0.00    20  run-otelcol.sh
01:21:28 PM  1000    935114    0.00    0.00    0.00    0.00    0.00    18  run-prometheus.
01:21:28 PM  1000    935116    4.00    0.00    0.00    0.00    4.00    20  otelcol-contrib
01:21:28 PM  1000    935117    0.00    0.00    0.00    0.00    0.00    20  run-tempo.sh
01:21:28 PM  1000    935124    0.00    0.00    0.00    0.00    0.00    16  run-pyroscope.s
01:21:28 PM  1000    935125    0.00    0.00    0.00    0.00    0.00    20  prometheus
01:21:28 PM  1000    935128   26.00    3.00    0.00    0.00   29.00    18  tempo
01:21:28 PM  1000    935129    0.00    0.00    0.00    0.00    0.00    20  loki
01:21:28 PM  1000    935131    0.00    0.00    0.00    0.00    0.00    16  pyroscope

01:21:27 PM   UID       PID   cswch/s nvcswch/s  Command
01:21:28 PM  1000    935106      0.00      0.00  run-grafana.sh
01:21:28 PM  1000    935108      0.00      0.00  run-loki.sh
01:21:28 PM  1000    935110      0.00      0.00  grafana
01:21:28 PM  1000    935111      0.00      0.00  run-otelcol.sh
01:21:28 PM  1000    935114      0.00      0.00  run-prometheus.
01:21:28 PM  1000    935116      0.00      0.00  otelcol-contrib
01:21:28 PM  1000    935117      0.00      0.00  run-tempo.sh
01:21:28 PM  1000    935124      0.00      0.00  run-pyroscope.s
01:21:28 PM  1000    935125      0.00      0.00  prometheus
01:21:28 PM  1000    935128     97.00      5.00  tempo
01:21:28 PM  1000    935129      0.00      0.00  loki
01:21:28 PM  1000    935131      0.00      0.00  pyroscope

01:21:28 PM   UID       PID    %usr %system  %guest   %wait    %CPU   CPU  Command
01:21:29 PM  1000    935106    0.00    0.00    0.00    0.00    0.00    18  run-grafana.sh
01:21:29 PM  1000    935108    0.00    0.00    0.00    0.00    0.00    20  run-loki.sh
01:21:29 PM  1000    935110    2.00    0.00    0.00    0.00    2.00    20  grafana
01:21:29 PM  1000    935111    0.00    0.00    0.00    0.00    0.00    20  run-otelcol.sh
01:21:29 PM  1000    935114    0.00    0.00    0.00    0.00    0.00    18  run-prometheus.
01:21:29 PM  1000    935116    3.00    0.00    0.00    0.00    3.00    20  otelcol-contrib
01:21:29 PM  1000    935117    0.00    0.00    0.00    0.00    0.00    20  run-tempo.sh
01:21:29 PM  1000    935124    0.00    0.00    0.00    0.00    0.00    16  run-pyroscope.s
01:21:29 PM  1000    935125    0.00    0.00    0.00    0.00    0.00    20  prometheus
01:21:29 PM  1000    935128   27.00    2.00    0.00    0.00   29.00    20  tempo
01:21:29 PM  1000    935129    1.00    0.00    0.00    0.00    1.00    20  loki
01:21:29 PM  1000    935131    0.00    0.00    0.00    0.00    0.00    16  pyroscope

01:21:28 PM   UID       PID   cswch/s nvcswch/s  Command
01:21:29 PM  1000    935106      0.00      0.00  run-grafana.sh
01:21:29 PM  1000    935108      0.00      0.00  run-loki.sh
01:21:29 PM  1000    935110      0.00      0.00  grafana
01:21:29 PM  1000    935111      0.00      0.00  run-otelcol.sh
01:21:29 PM  1000    935114      0.00      0.00  run-prometheus.
01:21:29 PM  1000    935116      0.00      0.00  otelcol-contrib
01:21:29 PM  1000    935117      0.00      0.00  run-tempo.sh
01:21:29 PM  1000    935124      0.00      0.00  run-pyroscope.s
01:21:29 PM  1000    935125      0.00      0.00  prometheus
01:21:29 PM  1000    935128     94.00     14.00  tempo
01:21:29 PM  1000    935129      0.00      0.00  loki
01:21:29 PM  1000    935131      0.00      0.00  pyroscope

01:21:29 PM   UID       PID    %usr %system  %guest   %wait    %CPU   CPU  Command
01:21:30 PM  1000    935106    0.00    0.00    0.00    0.00    0.00    18  run-grafana.sh
01:21:30 PM  1000    935108    0.00    0.00    0.00    0.00    0.00    20  run-loki.sh
01:21:30 PM  1000    935110    0.00    0.00    0.00    0.00    0.00    20  grafana
01:21:30 PM  1000    935111    0.00    0.00    0.00    0.00    0.00    20  run-otelcol.sh
01:21:30 PM  1000    935114    0.00    0.00    0.00    0.00    0.00    18  run-prometheus.
01:21:30 PM  1000    935116    3.00    0.00    0.00    0.00    3.00    20  otelcol-contrib
01:21:30 PM  1000    935117    0.00    0.00    0.00    0.00    0.00    20  run-tempo.sh
01:21:30 PM  1000    935124    0.00    0.00    0.00    0.00    0.00    16  run-pyroscope.s
01:21:30 PM  1000    935125    0.00    0.00    0.00    0.00    0.00    20  prometheus
01:21:30 PM  1000    935128   10.00    1.00    0.00    0.00   11.00    18  tempo
01:21:30 PM  1000    935129    0.00    0.00    0.00    0.00    0.00    20  loki
01:21:30 PM  1000    935131    1.00    0.00    0.00    0.00    1.00    16  pyroscope

01:21:29 PM   UID       PID   cswch/s nvcswch/s  Command
01:21:30 PM  1000    935106      0.00      0.00  run-grafana.sh
01:21:30 PM  1000    935108      0.00      0.00  run-loki.sh
01:21:30 PM  1000    935110      0.00      0.00  grafana
01:21:30 PM  1000    935111      0.00      0.00  run-otelcol.sh
01:21:30 PM  1000    935114      0.00      0.00  run-prometheus.
01:21:30 PM  1000    935116      0.00      0.00  otelcol-contrib
01:21:30 PM  1000    935117      0.00      0.00  run-tempo.sh
01:21:30 PM  1000    935124      0.00      0.00  run-pyroscope.s
01:21:30 PM  1000    935125      0.00      0.00  prometheus
01:21:30 PM  1000    935128     84.00      3.00  tempo
01:21:30 PM  1000    935129      0.00      0.00  loki
01:21:30 PM  1000    935131      0.00      0.00  pyroscope

01:21:30 PM   UID       PID    %usr %system  %guest   %wait    %CPU   CPU  Command
01:21:31 PM  1000    935106    0.00    0.00    0.00    0.00    0.00    18  run-grafana.sh
01:21:31 PM  1000    935108    0.00    0.00    0.00    0.00    0.00    20  run-loki.sh
01:21:31 PM  1000    935110    0.00    0.00    0.00    0.00    0.00    20  grafana
01:21:31 PM  1000    935111    0.00    0.00    0.00    0.00    0.00    20  run-otelcol.sh
01:21:31 PM  1000    935114    0.00    0.00    0.00    0.00    0.00    18  run-prometheus.
01:21:31 PM  1000    935116    3.00    1.00    0.00    0.00    4.00    20  otelcol-contrib
01:21:31 PM  1000    935117    0.00    0.00    0.00    0.00    0.00    20  run-tempo.sh
01:21:31 PM  1000    935124    0.00    0.00    0.00    0.00    0.00    16  run-pyroscope.s
01:21:31 PM  1000    935125    1.00    0.00    0.00    0.00    1.00    20  prometheus
01:21:31 PM  1000    935128   37.00    2.00    0.00    0.00   39.00    16  tempo
01:21:31 PM  1000    935129    0.00    0.00    0.00    0.00    0.00    20  loki
01:21:31 PM  1000    935131    0.00    0.00    0.00    0.00    0.00    16  pyroscope

01:21:30 PM   UID       PID   cswch/s nvcswch/s  Command
01:21:31 PM  1000    935106      0.00      0.00  run-grafana.sh
01:21:31 PM  1000    935108      0.00      0.00  run-loki.sh
01:21:31 PM  1000    935110      0.00      0.00  grafana
01:21:31 PM  1000    935111      0.00      0.00  run-otelcol.sh
01:21:31 PM  1000    935114      0.00      0.00  run-prometheus.
01:21:31 PM  1000    935116      0.00      0.00  otelcol-contrib
01:21:31 PM  1000    935117      0.00      0.00  run-tempo.sh
01:21:31 PM  1000    935124      0.00      0.00  run-pyroscope.s
01:21:31 PM  1000    935125      0.00      0.00  prometheus
01:21:31 PM  1000    935128     96.00     20.00  tempo
01:21:31 PM  1000    935129      5.00      0.00  loki
01:21:31 PM  1000    935131      0.00      0.00  pyroscope

01:21:31 PM   UID       PID    %usr %system  %guest   %wait    %CPU   CPU  Command
01:21:32 PM  1000    935106    0.00    0.00    0.00    0.00    0.00    18  run-grafana.sh
01:21:32 PM  1000    935108    0.00    0.00    0.00    0.00    0.00    20  run-loki.sh
01:21:32 PM  1000    935110    0.00    0.00    0.00    0.00    0.00    20  grafana
01:21:32 PM  1000    935111    0.00    0.00    0.00    0.00    0.00    20  run-otelcol.sh
01:21:32 PM  1000    935114    0.00    0.00    0.00    0.00    0.00    18  run-prometheus.
01:21:32 PM  1000    935116    5.00    0.00    0.00    0.00    5.00    20  otelcol-contrib
01:21:32 PM  1000    935117    0.00    0.00    0.00    0.00    0.00    20  run-tempo.sh
01:21:32 PM  1000    935124    0.00    0.00    0.00    0.00    0.00    16  run-pyroscope.s
01:21:32 PM  1000    935125    0.00    0.00    0.00    0.00    0.00    20  prometheus
01:21:32 PM  1000    935128   10.00    1.00    0.00    0.00   11.00    20  tempo
01:21:32 PM  1000    935129    2.00    1.00    0.00    0.00    3.00    18  loki
01:21:32 PM  1000    935131    0.00    0.00    0.00    0.00    0.00    16  pyroscope

01:21:31 PM   UID       PID   cswch/s nvcswch/s  Command
01:21:32 PM  1000    935106      0.00      0.00  run-grafana.sh
01:21:32 PM  1000    935108      0.00      0.00  run-loki.sh
01:21:32 PM  1000    935110      0.00      0.00  grafana
01:21:32 PM  1000    935111      0.00      0.00  run-otelcol.sh
01:21:32 PM  1000    935114      0.00      0.00  run-prometheus.
01:21:32 PM  1000    935116      0.00      0.00  otelcol-contrib
01:21:32 PM  1000    935117      0.00      0.00  run-tempo.sh
01:21:32 PM  1000    935124      0.00      0.00  run-pyroscope.s
01:21:32 PM  1000    935125      0.00      0.00  prometheus
01:21:32 PM  1000    935128     82.00      2.00  tempo
01:21:32 PM  1000    935129     37.00      0.00  loki
01:21:32 PM  1000    935131      0.00      0.00  pyroscope

01:21:32 PM   UID       PID    %usr %system  %guest   %wait    %CPU   CPU  Command
01:21:33 PM  1000    935106    0.00    0.00    0.00    0.00    0.00    18  run-grafana.sh
01:21:33 PM  1000    935108    0.00    0.00    0.00    0.00    0.00    20  run-loki.sh
01:21:33 PM  1000    935110    0.00    0.00    0.00    0.00    0.00    20  grafana
01:21:33 PM  1000    935111    0.00    0.00    0.00    0.00    0.00    20  run-otelcol.sh
01:21:33 PM  1000    935114    0.00    0.00    0.00    0.00    0.00    18  run-prometheus.
01:21:33 PM  1000    935116    3.00    0.00    0.00    0.00    3.00    20  otelcol-contrib
01:21:33 PM  1000    935117    0.00    0.00    0.00    0.00    0.00    20  run-tempo.sh
01:21:33 PM  1000    935124    0.00    0.00    0.00    0.00    0.00    16  run-pyroscope.s
01:21:33 PM  1000    935125    0.00    0.00    0.00    0.00    0.00    20  prometheus
01:21:33 PM  1000    935128   42.00    4.00    0.00    0.00   46.00    20  tempo
01:21:33 PM  1000    935129    0.00    0.00    0.00    0.00    0.00    20  loki
01:21:33 PM  1000    935131    0.00    1.00    0.00    0.00    1.00    16  pyroscope

01:21:32 PM   UID       PID   cswch/s nvcswch/s  Command
01:21:33 PM  1000    935106      0.00      0.00  run-grafana.sh
01:21:33 PM  1000    935108      0.00      0.00  run-loki.sh
01:21:33 PM  1000    935110      0.00      0.00  grafana
01:21:33 PM  1000    935111      0.00      0.00  run-otelcol.sh
01:21:33 PM  1000    935114      0.00      0.00  run-prometheus.
01:21:33 PM  1000    935116      0.00      0.00  otelcol-contrib
01:21:33 PM  1000    935117      0.00      0.00  run-tempo.sh
01:21:33 PM  1000    935124      0.00      0.00  run-pyroscope.s
01:21:33 PM  1000    935125      0.00      0.00  prometheus
01:21:33 PM  1000    935128    113.00     19.00  tempo
01:21:33 PM  1000    935129     43.00      0.00  loki
01:21:33 PM  1000    935131      0.00      0.00  pyroscope

01:21:33 PM   UID       PID    %usr %system  %guest   %wait    %CPU   CPU  Command
01:21:34 PM  1000    935106    0.00    0.00    0.00    0.00    0.00    18  run-grafana.sh
01:21:34 PM  1000    935108    0.00    0.00    0.00    0.00    0.00    20  run-loki.sh
01:21:34 PM  1000    935110    0.00    0.00    0.00    0.00    0.00    20  grafana
01:21:34 PM  1000    935111    0.00    0.00    0.00    0.00    0.00    20  run-otelcol.sh
01:21:34 PM  1000    935114    0.00    0.00    0.00    0.00    0.00    18  run-prometheus.
01:21:34 PM  1000    935116    3.00    1.00    0.00    0.00    4.00    20  otelcol-contrib
01:21:34 PM  1000    935117    0.00    0.00    0.00    0.00    0.00    20  run-tempo.sh
01:21:34 PM  1000    935124    0.00    0.00    0.00    0.00    0.00    16  run-pyroscope.s
01:21:34 PM  1000    935125    0.00    0.00    0.00    0.00    0.00    20  prometheus
01:21:34 PM  1000    935128   32.00    4.00    0.00    0.00   36.00    18  tempo
01:21:34 PM  1000    935129    0.00    0.00    0.00    1.00    0.00    16  loki
01:21:34 PM  1000    935131    0.00    0.00    0.00    0.00    0.00    16  pyroscope

01:21:33 PM   UID       PID   cswch/s nvcswch/s  Command
01:21:34 PM  1000    935106      0.00      0.00  run-grafana.sh
01:21:34 PM  1000    935108      0.00      0.00  run-loki.sh
01:21:34 PM  1000    935110      0.00      0.00  grafana
01:21:34 PM  1000    935111      0.00      0.00  run-otelcol.sh
01:21:34 PM  1000    935114      0.00      0.00  run-prometheus.
01:21:34 PM  1000    935116      0.00      0.00  otelcol-contrib
01:21:34 PM  1000    935117      0.00      0.00  run-tempo.sh
01:21:34 PM  1000    935124      0.00      0.00  run-pyroscope.s
01:21:34 PM  1000    935125      0.00      0.00  prometheus
01:21:34 PM  1000    935128     82.00     28.00  tempo
01:21:34 PM  1000    935129     45.00      0.00  loki
01:21:34 PM  1000    935131      0.00      0.00  pyroscope

01:21:34 PM   UID       PID    %usr %system  %guest   %wait    %CPU   CPU  Command
01:21:35 PM  1000    935106    0.00    0.00    0.00    0.00    0.00    18  run-grafana.sh
01:21:35 PM  1000    935108    0.00    0.00    0.00    0.00    0.00    20  run-loki.sh
01:21:35 PM  1000    935110    0.00    1.00    0.00    0.00    1.00    20  grafana
01:21:35 PM  1000    935111    0.00    0.00    0.00    0.00    0.00    20  run-otelcol.sh
01:21:35 PM  1000    935114    0.00    0.00    0.00    0.00    0.00    18  run-prometheus.
01:21:35 PM  1000    935116    2.00    0.00    0.00    0.00    2.00    20  otelcol-contrib
01:21:35 PM  1000    935117    0.00    0.00    0.00    0.00    0.00    20  run-tempo.sh
01:21:35 PM  1000    935124    0.00    0.00    0.00    0.00    0.00    16  run-pyroscope.s
01:21:35 PM  1000    935125    0.00    0.00    0.00    0.00    0.00    20  prometheus
01:21:35 PM  1000    935128   11.00    0.00    0.00    0.00   11.00    16  tempo
01:21:35 PM  1000    935129    0.00    0.00    0.00    0.00    0.00    16  loki
01:21:35 PM  1000    935131    0.00    0.00    0.00    0.00    0.00    16  pyroscope

01:21:34 PM   UID       PID   cswch/s nvcswch/s  Command
01:21:35 PM  1000    935106      0.00      0.00  run-grafana.sh
01:21:35 PM  1000    935108      0.00      0.00  run-loki.sh
01:21:35 PM  1000    935110      0.00      0.00  grafana
01:21:35 PM  1000    935111      0.00      0.00  run-otelcol.sh
01:21:35 PM  1000    935114      0.00      0.00  run-prometheus.
01:21:35 PM  1000    935116      0.00      0.00  otelcol-contrib
01:21:35 PM  1000    935117      0.00      0.00  run-tempo.sh
01:21:35 PM  1000    935124      0.00      0.00  run-pyroscope.s
01:21:35 PM  1000    935125      0.00      0.00  prometheus
01:21:35 PM  1000    935128     97.00      5.00  tempo
01:21:35 PM  1000    935129     45.00      0.00  loki
01:21:35 PM  1000    935131      0.00      0.00  pyroscope

01:21:35 PM   UID       PID    %usr %system  %guest   %wait    %CPU   CPU  Command
01:21:36 PM  1000    935106    0.00    0.00    0.00    0.00    0.00    18  run-grafana.sh
01:21:36 PM  1000    935108    0.00    0.00    0.00    0.00    0.00    20  run-loki.sh
01:21:36 PM  1000    935110    1.00    0.00    0.00    0.00    1.00    20  grafana
01:21:36 PM  1000    935111    0.00    0.00    0.00    0.00    0.00    20  run-otelcol.sh
01:21:36 PM  1000    935114    0.00    0.00    0.00    0.00    0.00    18  run-prometheus.
01:21:36 PM  1000    935116    5.00    0.00    0.00    0.00    5.00    20  otelcol-contrib
01:21:36 PM  1000    935117    0.00    0.00    0.00    0.00    0.00    20  run-tempo.sh
01:21:36 PM  1000    935124    0.00    0.00    0.00    0.00    0.00    16  run-pyroscope.s
01:21:36 PM  1000    935125    0.00    0.00    0.00    0.00    0.00    20  prometheus
01:21:36 PM  1000    935128   10.00    3.00    0.00    1.00   13.00    18  tempo
01:21:36 PM  1000    935129    1.00    0.00    0.00    0.00    1.00    20  loki
01:21:36 PM  1000    935131    1.00    0.00    0.00    0.00    1.00    16  pyroscope

01:21:35 PM   UID       PID   cswch/s nvcswch/s  Command
01:21:36 PM  1000    935106      0.00      0.00  run-grafana.sh
01:21:36 PM  1000    935108      0.00      0.00  run-loki.sh
01:21:36 PM  1000    935110      0.00      0.00  grafana
01:21:36 PM  1000    935111      0.00      0.00  run-otelcol.sh
01:21:36 PM  1000    935114      0.00      0.00  run-prometheus.
01:21:36 PM  1000    935116      0.00      0.00  otelcol-contrib
01:21:36 PM  1000    935117      0.00      0.00  run-tempo.sh
01:21:36 PM  1000    935124      0.00      0.00  run-pyroscope.s
01:21:36 PM  1000    935125      0.00      0.00  prometheus
01:21:36 PM  1000    935128     88.00      2.00  tempo
01:21:36 PM  1000    935129     48.00      0.00  loki
01:21:36 PM  1000    935131      0.00      0.00  pyroscope

01:21:36 PM   UID       PID    %usr %system  %guest   %wait    %CPU   CPU  Command
01:21:37 PM  1000    935106    0.00    0.00    0.00    0.00    0.00    18  run-grafana.sh
01:21:37 PM  1000    935108    0.00    0.00    0.00    0.00    0.00    20  run-loki.sh
01:21:37 PM  1000    935110    0.00    0.00    0.00    0.00    0.00    20  grafana
01:21:37 PM  1000    935111    0.00    0.00    0.00    0.00    0.00    20  run-otelcol.sh
01:21:37 PM  1000    935114    0.00    0.00    0.00    0.00    0.00    18  run-prometheus.
01:21:37 PM  1000    935116    3.00    1.00    0.00    0.00    4.00    20  otelcol-contrib
01:21:37 PM  1000    935117    0.00    0.00    0.00    0.00    0.00    20  run-tempo.sh
01:21:37 PM  1000    935124    0.00    0.00    0.00    0.00    0.00    16  run-pyroscope.s
01:21:37 PM  1000    935125    0.00    0.00    0.00    0.00    0.00    20  prometheus
01:21:37 PM  1000    935128   86.00    8.00    0.00    0.00   94.00    18  tempo
01:21:37 PM  1000    935129    0.00    0.00    0.00    0.00    0.00    20  loki
01:21:37 PM  1000    935131    0.00    0.00    0.00    0.00    0.00    16  pyroscope

01:21:36 PM   UID       PID   cswch/s nvcswch/s  Command
01:21:37 PM  1000    935106      0.00      0.00  run-grafana.sh
01:21:37 PM  1000    935108      0.00      0.00  run-loki.sh
01:21:37 PM  1000    935110      0.00      0.00  grafana
01:21:37 PM  1000    935111      0.00      0.00  run-otelcol.sh
01:21:37 PM  1000    935114      0.00      0.00  run-prometheus.
01:21:37 PM  1000    935116      0.00      0.00  otelcol-contrib
01:21:37 PM  1000    935117      0.00      0.00  run-tempo.sh
01:21:37 PM  1000    935124      0.00      0.00  run-pyroscope.s
01:21:37 PM  1000    935125      1.00      0.00  prometheus
01:21:37 PM  1000    935128     71.00      7.00  tempo
01:21:37 PM  1000    935129     42.00      0.00  loki
01:21:37 PM  1000    935131      0.00      0.00  pyroscope

01:21:37 PM   UID       PID    %usr %system  %guest   %wait    %CPU   CPU  Command
01:21:38 PM  1000    935106    0.00    0.00    0.00    0.00    0.00    18  run-grafana.sh
01:21:38 PM  1000    935108    0.00    0.00    0.00    0.00    0.00    20  run-loki.sh
01:21:38 PM  1000    935110    0.00    0.00    0.00    0.00    0.00    20  grafana
01:21:38 PM  1000    935111    0.00    0.00    0.00    0.00    0.00    20  run-otelcol.sh
01:21:38 PM  1000    935114    0.00    0.00    0.00    0.00    0.00    18  run-prometheus.
01:21:38 PM  1000    935116    3.00    0.00    0.00    0.00    3.00    20  otelcol-contrib
01:21:38 PM  1000    935117    0.00    0.00    0.00    0.00    0.00    20  run-tempo.sh
01:21:38 PM  1000    935124    0.00    0.00    0.00    0.00    0.00    16  run-pyroscope.s
01:21:38 PM  1000    935125    0.00    0.00    0.00    0.00    0.00    20  prometheus
01:21:38 PM  1000    935128   30.00    2.00    0.00    0.00   32.00    18  tempo
01:21:38 PM  1000    935129    0.00    0.00    0.00    0.00    0.00    20  loki
01:21:38 PM  1000    935131    0.00    0.00    0.00    0.00    0.00    16  pyroscope

01:21:37 PM   UID       PID   cswch/s nvcswch/s  Command
01:21:38 PM  1000    935106      0.00      0.00  run-grafana.sh
01:21:38 PM  1000    935108      0.00      0.00  run-loki.sh
01:21:38 PM  1000    935110      0.00      0.00  grafana
01:21:38 PM  1000    935111      0.00      0.00  run-otelcol.sh
01:21:38 PM  1000    935114      0.00      0.00  run-prometheus.
01:21:38 PM  1000    935116      0.00      0.00  otelcol-contrib
01:21:38 PM  1000    935117      0.00      0.00  run-tempo.sh
01:21:38 PM  1000    935124      0.00      0.00  run-pyroscope.s
01:21:38 PM  1000    935125      0.00      0.00  prometheus
01:21:38 PM  1000    935128    124.00      5.00  tempo
01:21:38 PM  1000    935129     40.00      0.00  loki
01:21:38 PM  1000    935131      0.00      0.00  pyroscope

01:21:38 PM   UID       PID    %usr %system  %guest   %wait    %CPU   CPU  Command
01:21:39 PM  1000    935106    0.00    0.00    0.00    0.00    0.00    18  run-grafana.sh
01:21:39 PM  1000    935108    0.00    0.00    0.00    0.00    0.00    20  run-loki.sh
01:21:39 PM  1000    935110    2.00    0.00    0.00    0.00    2.00    20  grafana
01:21:39 PM  1000    935111    0.00    0.00    0.00    0.00    0.00    20  run-otelcol.sh
01:21:39 PM  1000    935114    0.00    0.00    0.00    0.00    0.00    18  run-prometheus.
01:21:39 PM  1000    935116    2.00    1.00    0.00    0.00    3.00    20  otelcol-contrib
01:21:39 PM  1000    935117    0.00    0.00    0.00    0.00    0.00    20  run-tempo.sh
01:21:39 PM  1000    935124    0.00    0.00    0.00    0.00    0.00    16  run-pyroscope.s
01:21:39 PM  1000    935125    0.00    0.00    0.00    0.00    0.00    20  prometheus
01:21:39 PM  1000    935128   34.00    2.00    0.00    0.00   36.00    16  tempo
01:21:39 PM  1000    935129    0.00    0.00    0.00    0.00    0.00    16  loki
01:21:39 PM  1000    935131    3.00    0.00    0.00    0.00    3.00    16  pyroscope

01:21:38 PM   UID       PID   cswch/s nvcswch/s  Command
01:21:39 PM  1000    935106      0.00      0.00  run-grafana.sh
01:21:39 PM  1000    935108      0.00      0.00  run-loki.sh
01:21:39 PM  1000    935110      0.00      0.00  grafana
01:21:39 PM  1000    935111      0.00      0.00  run-otelcol.sh
01:21:39 PM  1000    935114      0.00      0.00  run-prometheus.
01:21:39 PM  1000    935116      0.00      0.00  otelcol-contrib
01:21:39 PM  1000    935117      0.00      0.00  run-tempo.sh
01:21:39 PM  1000    935124      0.00      0.00  run-pyroscope.s
01:21:39 PM  1000    935125      0.00      0.00  prometheus
01:21:39 PM  1000    935128     97.00     17.00  tempo
01:21:39 PM  1000    935129     46.00      0.00  loki
01:21:39 PM  1000    935131      0.00      0.00  pyroscope

01:21:39 PM   UID       PID    %usr %system  %guest   %wait    %CPU   CPU  Command
01:21:40 PM  1000    935106    0.00    0.00    0.00    0.00    0.00    18  run-grafana.sh
01:21:40 PM  1000    935108    0.00    0.00    0.00    0.00    0.00    20  run-loki.sh
01:21:40 PM  1000    935110    0.00    0.00    0.00    0.00    0.00    20  grafana
01:21:40 PM  1000    935111    0.00    0.00    0.00    0.00    0.00    20  run-otelcol.sh
01:21:40 PM  1000    935114    0.00    0.00    0.00    0.00    0.00    18  run-prometheus.
01:21:40 PM  1000    935116    3.00    0.00    0.00    0.00    3.00    20  otelcol-contrib
01:21:40 PM  1000    935117    0.00    0.00    0.00    0.00    0.00    20  run-tempo.sh
01:21:40 PM  1000    935124    0.00    0.00    0.00    0.00    0.00    16  run-pyroscope.s
01:21:40 PM  1000    935125    1.00    0.00    0.00    0.00    1.00    20  prometheus
01:21:40 PM  1000    935128   10.00    0.00    0.00    0.00   10.00    18  tempo
01:21:40 PM  1000    935129    1.00    0.00    0.00    0.00    1.00    20  loki
01:21:40 PM  1000    935131    0.00    0.00    0.00    0.00    0.00    16  pyroscope

01:21:39 PM   UID       PID   cswch/s nvcswch/s  Command
01:21:40 PM  1000    935106      0.00      0.00  run-grafana.sh
01:21:40 PM  1000    935108      0.00      0.00  run-loki.sh
01:21:40 PM  1000    935110      0.00      0.00  grafana
01:21:40 PM  1000    935111      0.00      0.00  run-otelcol.sh
01:21:40 PM  1000    935114      0.00      0.00  run-prometheus.
01:21:40 PM  1000    935116      0.00      0.00  otelcol-contrib
01:21:40 PM  1000    935117      0.00      0.00  run-tempo.sh
01:21:40 PM  1000    935124      0.00      0.00  run-pyroscope.s
01:21:40 PM  1000    935125      0.00      0.00  prometheus
01:21:40 PM  1000    935128     85.00      7.00  tempo
01:21:40 PM  1000    935129     17.00      0.00  loki
01:21:40 PM  1000    935131      0.00      0.00  pyroscope

01:21:40 PM   UID       PID    %usr %system  %guest   %wait    %CPU   CPU  Command
01:21:41 PM  1000    935106    0.00    0.00    0.00    0.00    0.00    18  run-grafana.sh
01:21:41 PM  1000    935108    0.00    0.00    0.00    0.00    0.00    20  run-loki.sh
01:21:41 PM  1000    935110    0.00    0.00    0.00    0.00    0.00    20  grafana
01:21:41 PM  1000    935111    0.00    0.00    0.00    0.00    0.00    20  run-otelcol.sh
01:21:41 PM  1000    935114    0.00    0.00    0.00    0.00    0.00    18  run-prometheus.
01:21:41 PM  1000    935116    6.00    0.00    0.00    0.00    6.00    20  otelcol-contrib
01:21:41 PM  1000    935117    0.00    0.00    0.00    0.00    0.00    20  run-tempo.sh
01:21:41 PM  1000    935124    0.00    0.00    0.00    0.00    0.00    16  run-pyroscope.s
01:21:41 PM  1000    935125    1.00    0.00    0.00    0.00    1.00    20  prometheus
01:21:41 PM  1000    935128   59.00    2.00    0.00    1.00   61.00    20  tempo
01:21:41 PM  1000    935129    0.00    0.00    0.00    0.00    0.00    20  loki
01:21:41 PM  1000    935131    1.00    0.00    0.00    0.00    1.00    16  pyroscope

01:21:40 PM   UID       PID   cswch/s nvcswch/s  Command
01:21:41 PM  1000    935106      0.00      0.00  run-grafana.sh
01:21:41 PM  1000    935108      0.00      0.00  run-loki.sh
01:21:41 PM  1000    935110      0.00      0.00  grafana
01:21:41 PM  1000    935111      0.00      0.00  run-otelcol.sh
01:21:41 PM  1000    935114      0.00      0.00  run-prometheus.
01:21:41 PM  1000    935116      0.00      0.00  otelcol-contrib
01:21:41 PM  1000    935117      0.00      0.00  run-tempo.sh
01:21:41 PM  1000    935124      0.00      0.00  run-pyroscope.s
01:21:41 PM  1000    935125      3.00      0.00  prometheus
01:21:41 PM  1000    935128     88.00      2.00  tempo
01:21:41 PM  1000    935129      0.00      0.00  loki
01:21:41 PM  1000    935131      0.00      0.00  pyroscope

01:21:41 PM   UID       PID    %usr %system  %guest   %wait    %CPU   CPU  Command
01:21:42 PM  1000    935106    0.00    0.00    0.00    0.00    0.00    18  run-grafana.sh
01:21:42 PM  1000    935108    0.00    0.00    0.00    0.00    0.00    20  run-loki.sh
01:21:42 PM  1000    935110    1.00    0.00    0.00    0.00    1.00    20  grafana
01:21:42 PM  1000    935111    0.00    0.00    0.00    0.00    0.00    20  run-otelcol.sh
01:21:42 PM  1000    935114    0.00    0.00    0.00    0.00    0.00    18  run-prometheus.
01:21:42 PM  1000    935116    3.00    0.00    0.00    0.00    3.00    20  otelcol-contrib
01:21:42 PM  1000    935117    0.00    0.00    0.00    0.00    0.00    20  run-tempo.sh
01:21:42 PM  1000    935124    0.00    0.00    0.00    0.00    0.00    16  run-pyroscope.s
01:21:42 PM  1000    935125    0.00    0.00    0.00    0.00    0.00    18  prometheus
01:21:42 PM  1000    935128   25.00    1.00    0.00    0.00   26.00    18  tempo
01:21:42 PM  1000    935129    0.00    0.00    0.00    0.00    0.00    18  loki
01:21:42 PM  1000    935131    0.00    0.00    0.00    0.00    0.00    16  pyroscope

01:21:41 PM   UID       PID   cswch/s nvcswch/s  Command
01:21:42 PM  1000    935106      0.00      0.00  run-grafana.sh
01:21:42 PM  1000    935108      0.00      0.00  run-loki.sh
01:21:42 PM  1000    935110      0.00      0.00  grafana
01:21:42 PM  1000    935111      0.00      0.00  run-otelcol.sh
01:21:42 PM  1000    935114      0.00      0.00  run-prometheus.
01:21:42 PM  1000    935116      0.00      0.00  otelcol-contrib
01:21:42 PM  1000    935117      0.00      0.00  run-tempo.sh
01:21:42 PM  1000    935124      0.00      0.00  run-pyroscope.s
01:21:42 PM  1000    935125      1.00      0.00  prometheus
01:21:42 PM  1000    935128    125.00     17.00  tempo
01:21:42 PM  1000    935129     26.00      0.00  loki
01:21:42 PM  1000    935131      0.00      0.00  pyroscope

01:21:42 PM   UID       PID    %usr %system  %guest   %wait    %CPU   CPU  Command
01:21:43 PM  1000    935106    0.00    0.00    0.00    0.00    0.00    18  run-grafana.sh
01:21:43 PM  1000    935108    0.00    0.00    0.00    0.00    0.00    20  run-loki.sh
01:21:43 PM  1000    935110    0.00    0.00    0.00    0.00    0.00    20  grafana
01:21:43 PM  1000    935111    0.00    0.00    0.00    0.00    0.00    20  run-otelcol.sh
01:21:43 PM  1000    935114    0.00    0.00    0.00    0.00    0.00    18  run-prometheus.
01:21:43 PM  1000    935116    2.00    1.00    0.00    0.00    3.00    20  otelcol-contrib
01:21:43 PM  1000    935117    0.00    0.00    0.00    0.00    0.00    20  run-tempo.sh
01:21:43 PM  1000    935124    0.00    0.00    0.00    0.00    0.00    16  run-pyroscope.s
01:21:43 PM  1000    935125    0.00    0.00    0.00    0.00    0.00    20  prometheus
01:21:43 PM  1000    935128   11.00    1.00    0.00    0.00   12.00    18  tempo
01:21:43 PM  1000    935129    0.00    0.00    0.00    0.00    0.00    16  loki
01:21:43 PM  1000    935131    0.00    0.00    0.00    0.00    0.00    16  pyroscope

01:21:42 PM   UID       PID   cswch/s nvcswch/s  Command
01:21:43 PM  1000    935106      0.00      0.00  run-grafana.sh
01:21:43 PM  1000    935108      0.00      0.00  run-loki.sh
01:21:43 PM  1000    935110      0.00      0.00  grafana
01:21:43 PM  1000    935111      0.00      0.00  run-otelcol.sh
01:21:43 PM  1000    935114      0.00      0.00  run-prometheus.
01:21:43 PM  1000    935116      0.00      0.00  otelcol-contrib
01:21:43 PM  1000    935117      0.00      0.00  run-tempo.sh
01:21:43 PM  1000    935124      0.00      0.00  run-pyroscope.s
01:21:43 PM  1000    935125      1.00      0.00  prometheus
01:21:43 PM  1000    935128     47.00      4.00  tempo
01:21:43 PM  1000    935129     42.00      0.00  loki
01:21:43 PM  1000    935131      0.00      0.00  pyroscope

01:21:43 PM   UID       PID    %usr %system  %guest   %wait    %CPU   CPU  Command
01:21:44 PM  1000    935106    0.00    0.00    0.00    0.00    0.00    18  run-grafana.sh
01:21:44 PM  1000    935108    0.00    0.00    0.00    0.00    0.00    20  run-loki.sh
01:21:44 PM  1000    935110    0.00    0.00    0.00    0.00    0.00    20  grafana
01:21:44 PM  1000    935111    0.00    0.00    0.00    0.00    0.00    20  run-otelcol.sh
01:21:44 PM  1000    935114    0.00    0.00    0.00    0.00    0.00    18  run-prometheus.
01:21:44 PM  1000    935116    3.00    0.00    0.00    0.00    3.00    20  otelcol-contrib
01:21:44 PM  1000    935117    0.00    0.00    0.00    0.00    0.00    20  run-tempo.sh
01:21:44 PM  1000    935124    0.00    0.00    0.00    0.00    0.00    16  run-pyroscope.s
01:21:44 PM  1000    935125    0.00    0.00    0.00    0.00    0.00    20  prometheus
01:21:44 PM  1000    935128   31.00    4.00    0.00    0.00   35.00    18  tempo
01:21:44 PM  1000    935129    1.00    0.00    0.00    0.00    1.00    18  loki
01:21:44 PM  1000    935131    0.00    0.00    0.00    0.00    0.00    16  pyroscope

01:21:43 PM   UID       PID   cswch/s nvcswch/s  Command
01:21:44 PM  1000    935106      0.00      0.00  run-grafana.sh
01:21:44 PM  1000    935108      0.00      0.00  run-loki.sh
01:21:44 PM  1000    935110      0.00      0.00  grafana
01:21:44 PM  1000    935111      0.00      0.00  run-otelcol.sh
01:21:44 PM  1000    935114      0.00      0.00  run-prometheus.
01:21:44 PM  1000    935116      0.00      0.00  otelcol-contrib
01:21:44 PM  1000    935117      0.00      0.00  run-tempo.sh
01:21:44 PM  1000    935124      0.00      0.00  run-pyroscope.s
01:21:44 PM  1000    935125      0.00      0.00  prometheus
01:21:44 PM  1000    935128      0.00      0.00  tempo
01:21:44 PM  1000    935129     52.00      0.00  loki
01:21:44 PM  1000    935131      0.00      0.00  pyroscope

01:21:44 PM   UID       PID    %usr %system  %guest   %wait    %CPU   CPU  Command
01:21:45 PM  1000    935106    0.00    0.00    0.00    0.00    0.00    18  run-grafana.sh
01:21:45 PM  1000    935108    0.00    0.00    0.00    0.00    0.00    20  run-loki.sh
01:21:45 PM  1000    935110    0.00    0.00    0.00    0.00    0.00    20  grafana
01:21:45 PM  1000    935111    0.00    0.00    0.00    0.00    0.00    20  run-otelcol.sh
01:21:45 PM  1000    935114    0.00    0.00    0.00    0.00    0.00    18  run-prometheus.
01:21:45 PM  1000    935116    3.00    0.00    0.00    0.00    3.00    20  otelcol-contrib
01:21:45 PM  1000    935117    0.00    0.00    0.00    0.00    0.00    20  run-tempo.sh
01:21:45 PM  1000    935124    0.00    0.00    0.00    0.00    0.00    16  run-pyroscope.s
01:21:45 PM  1000    935125    0.00    0.00    0.00    0.00    0.00    18  prometheus
01:21:45 PM  1000    935128   11.00    0.00    0.00    0.00   11.00    18  tempo
01:21:45 PM  1000    935129    0.00    0.00    0.00    0.00    0.00    18  loki
01:21:45 PM  1000    935131    0.00    0.00    0.00    0.00    0.00    16  pyroscope

01:21:44 PM   UID       PID   cswch/s nvcswch/s  Command
01:21:45 PM  1000    935106      0.00      0.00  run-grafana.sh
01:21:45 PM  1000    935108      0.00      0.00  run-loki.sh
01:21:45 PM  1000    935110      0.00      0.00  grafana
01:21:45 PM  1000    935111      0.00      0.00  run-otelcol.sh
01:21:45 PM  1000    935114      0.00      0.00  run-prometheus.
01:21:45 PM  1000    935116      0.00      0.00  otelcol-contrib
01:21:45 PM  1000    935117      0.00      0.00  run-tempo.sh
01:21:45 PM  1000    935124      0.00      0.00  run-pyroscope.s
01:21:45 PM  1000    935125      1.00      0.00  prometheus
01:21:45 PM  1000    935128      0.00      0.00  tempo
01:21:45 PM  1000    935129     55.00      0.00  loki
01:21:45 PM  1000    935131      0.00      0.00  pyroscope

01:21:45 PM   UID       PID    %usr %system  %guest   %wait    %CPU   CPU  Command
01:21:46 PM  1000    935106    0.00    0.00    0.00    0.00    0.00    18  run-grafana.sh
01:21:46 PM  1000    935108    0.00    0.00    0.00    0.00    0.00    20  run-loki.sh
01:21:46 PM  1000    935110    0.00    0.00    0.00    0.00    0.00    20  grafana
01:21:46 PM  1000    935111    0.00    0.00    0.00    0.00    0.00    20  run-otelcol.sh
01:21:46 PM  1000    935114    0.00    0.00    0.00    0.00    0.00    18  run-prometheus.
01:21:46 PM  1000    935116    5.00    1.00    0.00    0.00    6.00    20  otelcol-contrib
01:21:46 PM  1000    935117    0.00    0.00    0.00    0.00    0.00    20  run-tempo.sh
01:21:46 PM  1000    935124    0.00    0.00    0.00    0.00    0.00    16  run-pyroscope.s
01:21:46 PM  1000    935125    0.00    0.00    0.00    0.00    0.00    20  prometheus
01:21:46 PM  1000    935128   25.00    1.00    0.00    0.00   26.00    18  tempo
01:21:46 PM  1000    935129    0.00    0.00    0.00    0.00    0.00    16  loki
01:21:46 PM  1000    935131    0.00    1.00    0.00    0.00    1.00    16  pyroscope

01:21:45 PM   UID       PID   cswch/s nvcswch/s  Command
01:21:46 PM  1000    935106      0.00      0.00  run-grafana.sh
01:21:46 PM  1000    935108      0.00      0.00  run-loki.sh
01:21:46 PM  1000    935110      0.00      0.00  grafana
01:21:46 PM  1000    935111      0.00      0.00  run-otelcol.sh
01:21:46 PM  1000    935114      0.00      0.00  run-prometheus.
01:21:46 PM  1000    935116      0.00      0.00  otelcol-contrib
01:21:46 PM  1000    935117      0.00      0.00  run-tempo.sh
01:21:46 PM  1000    935124      0.00      0.00  run-pyroscope.s
01:21:46 PM  1000    935125      1.00      0.00  prometheus
01:21:46 PM  1000    935128      0.00      0.00  tempo
01:21:46 PM  1000    935129     41.00      0.00  loki
01:21:46 PM  1000    935131      0.00      0.00  pyroscope

01:21:46 PM   UID       PID    %usr %system  %guest   %wait    %CPU   CPU  Command
01:21:47 PM  1000    935106    0.00    0.00    0.00    0.00    0.00    18  run-grafana.sh
01:21:47 PM  1000    935108    0.00    0.00    0.00    0.00    0.00    20  run-loki.sh
01:21:47 PM  1000    935110    0.00    0.00    0.00    0.00    0.00    20  grafana
01:21:47 PM  1000    935111    0.00    0.00    0.00    0.00    0.00    20  run-otelcol.sh
01:21:47 PM  1000    935114    0.00    0.00    0.00    0.00    0.00    18  run-prometheus.
01:21:47 PM  1000    935116    3.00    0.00    0.00    0.00    3.00    20  otelcol-contrib
01:21:47 PM  1000    935117    0.00    0.00    0.00    0.00    0.00    20  run-tempo.sh
01:21:47 PM  1000    935124    0.00    0.00    0.00    0.00    0.00    16  run-pyroscope.s
01:21:47 PM  1000    935125    0.00    0.00    0.00    0.00    0.00    20  prometheus
01:21:47 PM  1000    935128   11.00    1.00    0.00    0.00   12.00    18  tempo
01:21:47 PM  1000    935129    0.00    0.00    0.00    0.00    0.00    20  loki
01:21:47 PM  1000    935131    0.00    0.00    0.00    0.00    0.00    16  pyroscope

01:21:46 PM   UID       PID   cswch/s nvcswch/s  Command
01:21:47 PM  1000    935106      0.00      0.00  run-grafana.sh
01:21:47 PM  1000    935108      0.00      0.00  run-loki.sh
01:21:47 PM  1000    935110      0.00      0.00  grafana
01:21:47 PM  1000    935111      0.00      0.00  run-otelcol.sh
01:21:47 PM  1000    935114      0.00      0.00  run-prometheus.
01:21:47 PM  1000    935116      0.00      0.00  otelcol-contrib
01:21:47 PM  1000    935117      0.00      0.00  run-tempo.sh
01:21:47 PM  1000    935124      0.00      0.00  run-pyroscope.s
01:21:47 PM  1000    935125      1.00      0.00  prometheus
01:21:47 PM  1000    935128      0.00      0.00  tempo
01:21:47 PM  1000    935129     40.00      0.00  loki
01:21:47 PM  1000    935131      0.00      0.00  pyroscope

01:21:47 PM   UID       PID    %usr %system  %guest   %wait    %CPU   CPU  Command
01:21:48 PM  1000    935106    0.00    0.00    0.00    0.00    0.00    18  run-grafana.sh
01:21:48 PM  1000    935108    0.00    0.00    0.00    0.00    0.00    20  run-loki.sh
01:21:48 PM  1000    935110    0.00    0.00    0.00    0.00    0.00    20  grafana
01:21:48 PM  1000    935111    0.00    0.00    0.00    0.00    0.00    20  run-otelcol.sh
01:21:48 PM  1000    935114    0.00    0.00    0.00    0.00    0.00    18  run-prometheus.
01:21:48 PM  1000    935116    3.00    0.00    0.00    0.00    3.00    20  otelcol-contrib
01:21:48 PM  1000    935117    0.00    0.00    0.00    0.00    0.00    20  run-tempo.sh
01:21:48 PM  1000    935124    0.00    0.00    0.00    0.00    0.00    16  run-pyroscope.s
01:21:48 PM  1000    935125    0.00    0.00    0.00    0.00    0.00    20  prometheus
01:21:48 PM  1000    935128   34.00    4.00    0.00    0.00   38.00    18  tempo
01:21:48 PM  1000    935129    0.00    0.00    0.00    0.00    0.00    18  loki
01:21:48 PM  1000    935131    0.00    0.00    0.00    0.00    0.00    16  pyroscope

01:21:47 PM   UID       PID   cswch/s nvcswch/s  Command
01:21:48 PM  1000    935106      0.00      0.00  run-grafana.sh
01:21:48 PM  1000    935108      0.00      0.00  run-loki.sh
01:21:48 PM  1000    935110      0.00      0.00  grafana
01:21:48 PM  1000    935111      0.00      0.00  run-otelcol.sh
01:21:48 PM  1000    935114      0.00      0.00  run-prometheus.
01:21:48 PM  1000    935116      0.00      0.00  otelcol-contrib
01:21:48 PM  1000    935117      0.00      0.00  run-tempo.sh
01:21:48 PM  1000    935124      0.00      0.00  run-pyroscope.s
01:21:48 PM  1000    935125      1.00      0.00  prometheus
01:21:48 PM  1000    935128     57.00      9.00  tempo
01:21:48 PM  1000    935129     38.00      0.00  loki
01:21:48 PM  1000    935131      0.00      0.00  pyroscope

01:21:48 PM   UID       PID    %usr %system  %guest   %wait    %CPU   CPU  Command
01:21:49 PM  1000    935106    0.00    0.00    0.00    0.00    0.00    18  run-grafana.sh
01:21:49 PM  1000    935108    0.00    0.00    0.00    0.00    0.00    20  run-loki.sh
01:21:49 PM  1000    935110    2.00    0.00    0.00    0.00    2.00    20  grafana
01:21:49 PM  1000    935111    0.00    0.00    0.00    0.00    0.00    20  run-otelcol.sh
01:21:49 PM  1000    935114    0.00    0.00    0.00    0.00    0.00    18  run-prometheus.
01:21:49 PM  1000    935116    3.00    0.00    0.00    0.00    3.00    20  otelcol-contrib
01:21:49 PM  1000    935117    0.00    0.00    0.00    0.00    0.00    20  run-tempo.sh
01:21:49 PM  1000    935124    0.00    0.00    0.00    0.00    0.00    16  run-pyroscope.s
01:21:49 PM  1000    935125    1.00    0.00    0.00    0.00    1.00    16  prometheus
01:21:49 PM  1000    935128   38.00    2.00    0.00    0.00   40.00    18  tempo
01:21:49 PM  1000    935129    1.00    1.00    0.00    0.00    2.00    16  loki
01:21:49 PM  1000    935131    1.00    0.00    0.00    0.00    1.00    16  pyroscope

01:21:48 PM   UID       PID   cswch/s nvcswch/s  Command
01:21:49 PM  1000    935106      0.00      0.00  run-grafana.sh
01:21:49 PM  1000    935108      0.00      0.00  run-loki.sh
01:21:49 PM  1000    935110      0.00      0.00  grafana
01:21:49 PM  1000    935111      0.00      0.00  run-otelcol.sh
01:21:49 PM  1000    935114      0.00      0.00  run-prometheus.
01:21:49 PM  1000    935116      0.00      0.00  otelcol-contrib
01:21:49 PM  1000    935117      0.00      0.00  run-tempo.sh
01:21:49 PM  1000    935124      0.00      0.00  run-pyroscope.s
01:21:49 PM  1000    935125      1.00      0.00  prometheus
01:21:49 PM  1000    935128      8.00      0.00  tempo
01:21:49 PM  1000    935129     54.00      0.00  loki
01:21:49 PM  1000    935131      0.00      0.00  pyroscope

01:21:49 PM   UID       PID    %usr %system  %guest   %wait    %CPU   CPU  Command
01:21:50 PM  1000    935106    0.00    0.00    0.00    0.00    0.00    18  run-grafana.sh
01:21:50 PM  1000    935108    0.00    0.00    0.00    0.00    0.00    20  run-loki.sh
01:21:50 PM  1000    935110    1.00    0.00    0.00    0.00    1.00    20  grafana
01:21:50 PM  1000    935111    0.00    0.00    0.00    0.00    0.00    20  run-otelcol.sh
01:21:50 PM  1000    935114    0.00    0.00    0.00    0.00    0.00    18  run-prometheus.
01:21:50 PM  1000    935116    3.00    0.00    0.00    0.00    3.00    20  otelcol-contrib
01:21:50 PM  1000    935117    0.00    0.00    0.00    0.00    0.00    20  run-tempo.sh
01:21:50 PM  1000    935124    0.00    0.00    0.00    0.00    0.00    16  run-pyroscope.s
01:21:50 PM  1000    935125    0.00    0.00    0.00    0.00    0.00    16  prometheus
01:21:50 PM  1000    935128   37.00    0.00    0.00    1.00   37.00    18  tempo
01:21:50 PM  1000    935129    0.00    0.00    0.00    0.00    0.00    20  loki
01:21:50 PM  1000    935131    0.00    0.00    0.00    0.00    0.00    16  pyroscope

01:21:49 PM   UID       PID   cswch/s nvcswch/s  Command
01:21:50 PM  1000    935106      0.00      0.00  run-grafana.sh
01:21:50 PM  1000    935108      0.00      0.00  run-loki.sh
01:21:50 PM  1000    935110      0.00      0.00  grafana
01:21:50 PM  1000    935111      0.00      0.00  run-otelcol.sh
01:21:50 PM  1000    935114      0.00      0.00  run-prometheus.
01:21:50 PM  1000    935116      0.00      0.00  otelcol-contrib
01:21:50 PM  1000    935117      0.00      0.00  run-tempo.sh
01:21:50 PM  1000    935124      0.00      0.00  run-pyroscope.s
01:21:50 PM  1000    935125      1.00      0.00  prometheus
01:21:50 PM  1000    935128     82.00     79.00  tempo
01:21:50 PM  1000    935129     35.00      0.00  loki
01:21:50 PM  1000    935131      0.00      0.00  pyroscope

01:21:50 PM   UID       PID    %usr %system  %guest   %wait    %CPU   CPU  Command
01:21:51 PM  1000    935106    0.00    0.00    0.00    0.00    0.00    18  run-grafana.sh
01:21:51 PM  1000    935108    0.00    0.00    0.00    0.00    0.00    20  run-loki.sh
01:21:51 PM  1000    935110    0.00    0.00    0.00    0.00    0.00    20  grafana
01:21:51 PM  1000    935111    0.00    0.00    0.00    0.00    0.00    20  run-otelcol.sh
01:21:51 PM  1000    935114    0.00    0.00    0.00    0.00    0.00    18  run-prometheus.
01:21:51 PM  1000    935116    5.00    0.00    0.00    0.00    5.00    20  otelcol-contrib
01:21:51 PM  1000    935117    0.00    0.00    0.00    0.00    0.00    20  run-tempo.sh
01:21:51 PM  1000    935124    0.00    0.00    0.00    0.00    0.00    16  run-pyroscope.s
01:21:51 PM  1000    935125    0.00    0.00    0.00    0.00    0.00    16  prometheus
01:21:51 PM  1000    935128   37.00    1.00    0.00    0.00   38.00    20  tempo
01:21:51 PM  1000    935129    0.00    0.00    0.00    0.00    0.00    20  loki
01:21:51 PM  1000    935131    0.00    0.00    0.00    0.00    0.00    16  pyroscope

01:21:50 PM   UID       PID   cswch/s nvcswch/s  Command
01:21:51 PM  1000    935106      0.00      0.00  run-grafana.sh
01:21:51 PM  1000    935108      0.00      0.00  run-loki.sh
01:21:51 PM  1000    935110      0.00      0.00  grafana
01:21:51 PM  1000    935111      0.00      0.00  run-otelcol.sh
01:21:51 PM  1000    935114      0.00      0.00  run-prometheus.
01:21:51 PM  1000    935116      0.00      0.00  otelcol-contrib
01:21:51 PM  1000    935117      0.00      0.00  run-tempo.sh
01:21:51 PM  1000    935124      0.00      0.00  run-pyroscope.s
01:21:51 PM  1000    935125      1.00      0.00  prometheus
01:21:51 PM  1000    935128     71.00      1.00  tempo
01:21:51 PM  1000    935129     42.00      0.00  loki
01:21:51 PM  1000    935131      0.00      0.00  pyroscope

01:21:51 PM   UID       PID    %usr %system  %guest   %wait    %CPU   CPU  Command
01:21:52 PM  1000    935106    0.00    0.00    0.00    0.00    0.00    18  run-grafana.sh
01:21:52 PM  1000    935108    0.00    0.00    0.00    0.00    0.00    20  run-loki.sh
01:21:52 PM  1000    935110    0.00    0.00    0.00    0.00    0.00    20  grafana
01:21:52 PM  1000    935111    0.00    0.00    0.00    0.00    0.00    20  run-otelcol.sh
01:21:52 PM  1000    935114    0.00    0.00    0.00    0.00    0.00    18  run-prometheus.
01:21:52 PM  1000    935116    3.00    1.00    0.00    0.00    4.00    20  otelcol-contrib
01:21:52 PM  1000    935117    0.00    0.00    0.00    0.00    0.00    20  run-tempo.sh
01:21:52 PM  1000    935124    0.00    0.00    0.00    0.00    0.00    16  run-pyroscope.s
01:21:52 PM  1000    935125    0.00    0.00    0.00    0.00    0.00    16  prometheus
01:21:52 PM  1000    935128   54.00    6.00    0.00    1.00   60.00    20  tempo
01:21:52 PM  1000    935129    0.00    0.00    0.00    0.00    0.00    16  loki
01:21:52 PM  1000    935131    0.00    0.00    0.00    0.00    0.00    16  pyroscope

01:21:51 PM   UID       PID   cswch/s nvcswch/s  Command
01:21:52 PM  1000    935106      0.00      0.00  run-grafana.sh
01:21:52 PM  1000    935108      0.00      0.00  run-loki.sh
01:21:52 PM  1000    935110      0.00      0.00  grafana
01:21:52 PM  1000    935111      0.00      0.00  run-otelcol.sh
01:21:52 PM  1000    935114      0.00      0.00  run-prometheus.
01:21:52 PM  1000    935116      0.00      0.00  otelcol-contrib
01:21:52 PM  1000    935117      0.00      0.00  run-tempo.sh
01:21:52 PM  1000    935124      0.00      0.00  run-pyroscope.s
01:21:52 PM  1000    935125      1.00      0.00  prometheus
01:21:52 PM  1000    935128     80.00      4.00  tempo
01:21:52 PM  1000    935129     41.00      1.00  loki
01:21:52 PM  1000    935131      0.00      0.00  pyroscope

01:21:52 PM   UID       PID    %usr %system  %guest   %wait    %CPU   CPU  Command
01:21:53 PM  1000    935106    0.00    0.00    0.00    0.00    0.00    18  run-grafana.sh
01:21:53 PM  1000    935108    0.00    0.00    0.00    0.00    0.00    20  run-loki.sh
01:21:53 PM  1000    935110    0.00    0.00    0.00    0.00    0.00    20  grafana
01:21:53 PM  1000    935111    0.00    0.00    0.00    0.00    0.00    20  run-otelcol.sh
01:21:53 PM  1000    935114    0.00    0.00    0.00    0.00    0.00    18  run-prometheus.
01:21:53 PM  1000    935116    3.00    0.00    0.00    0.00    3.00    20  otelcol-contrib
01:21:53 PM  1000    935117    0.00    0.00    0.00    0.00    0.00    20  run-tempo.sh
01:21:53 PM  1000    935124    0.00    0.00    0.00    0.00    0.00    16  run-pyroscope.s
01:21:53 PM  1000    935125    0.00    0.00    0.00    0.00    0.00    16  prometheus
01:21:53 PM  1000    935128   13.00    2.00    0.00    0.00   15.00    18  tempo
01:21:53 PM  1000    935129    1.00    0.00    0.00    0.00    1.00    16  loki
01:21:53 PM  1000    935131    0.00    0.00    0.00    0.00    0.00    16  pyroscope

01:21:52 PM   UID       PID   cswch/s nvcswch/s  Command
01:21:53 PM  1000    935106      0.00      0.00  run-grafana.sh
01:21:53 PM  1000    935108      0.00      0.00  run-loki.sh
01:21:53 PM  1000    935110      0.00      0.00  grafana
01:21:53 PM  1000    935111      0.00      0.00  run-otelcol.sh
01:21:53 PM  1000    935114      0.00      0.00  run-prometheus.
01:21:53 PM  1000    935116      0.00      0.00  otelcol-contrib
01:21:53 PM  1000    935117      0.00      0.00  run-tempo.sh
01:21:53 PM  1000    935124      0.00      0.00  run-pyroscope.s
01:21:53 PM  1000    935125     10.00      0.00  prometheus
01:21:53 PM  1000    935128     32.00      0.00  tempo
01:21:53 PM  1000    935129     45.00      0.00  loki
01:21:53 PM  1000    935131      0.00      0.00  pyroscope

01:21:53 PM   UID       PID    %usr %system  %guest   %wait    %CPU   CPU  Command
01:21:54 PM  1000    935106    0.00    0.00    0.00    0.00    0.00    18  run-grafana.sh
01:21:54 PM  1000    935108    0.00    0.00    0.00    0.00    0.00    20  run-loki.sh
01:21:54 PM  1000    935110    0.00    0.00    0.00    0.00    0.00    20  grafana
01:21:54 PM  1000    935111    0.00    0.00    0.00    0.00    0.00    20  run-otelcol.sh
01:21:54 PM  1000    935114    0.00    0.00    0.00    0.00    0.00    18  run-prometheus.
01:21:54 PM  1000    935116    3.00    0.00    0.00    0.00    3.00    20  otelcol-contrib
01:21:54 PM  1000    935117    0.00    0.00    0.00    0.00    0.00    20  run-tempo.sh
01:21:54 PM  1000    935124    0.00    0.00    0.00    0.00    0.00    16  run-pyroscope.s
01:21:54 PM  1000    935125    0.00    1.00    0.00    0.00    1.00    20  prometheus
01:21:54 PM  1000    935128   21.00    2.00    0.00    0.00   23.00    18  tempo
01:21:54 PM  1000    935129    0.00    0.00    0.00    0.00    0.00    20  loki
01:21:54 PM  1000    935131    4.00    0.00    0.00    0.00    4.00    16  pyroscope

01:21:53 PM   UID       PID   cswch/s nvcswch/s  Command
01:21:54 PM  1000    935106      0.00      0.00  run-grafana.sh
01:21:54 PM  1000    935108      0.00      0.00  run-loki.sh
01:21:54 PM  1000    935110      0.00      0.00  grafana
01:21:54 PM  1000    935111      0.00      0.00  run-otelcol.sh
01:21:54 PM  1000    935114      0.00      0.00  run-prometheus.
01:21:54 PM  1000    935116      0.00      0.00  otelcol-contrib
01:21:54 PM  1000    935117      0.00      0.00  run-tempo.sh
01:21:54 PM  1000    935124      0.00      0.00  run-pyroscope.s
01:21:54 PM  1000    935125      4.00      0.00  prometheus
01:21:54 PM  1000    935128      0.00      0.00  tempo
01:21:54 PM  1000    935129     39.00      0.00  loki
01:21:54 PM  1000    935131      0.00      0.00  pyroscope

01:21:54 PM   UID       PID    %usr %system  %guest   %wait    %CPU   CPU  Command
01:21:55 PM  1000    935106    0.00    0.00    0.00    0.00    0.00    18  run-grafana.sh
01:21:55 PM  1000    935108    0.00    0.00    0.00    0.00    0.00    20  run-loki.sh
01:21:55 PM  1000    935110    0.00    0.00    0.00    0.00    0.00    20  grafana
01:21:55 PM  1000    935111    0.00    0.00    0.00    0.00    0.00    20  run-otelcol.sh
01:21:55 PM  1000    935114    0.00    0.00    0.00    0.00    0.00    18  run-prometheus.
01:21:55 PM  1000    935116    3.00    0.00    0.00    0.00    3.00    20  otelcol-contrib
01:21:55 PM  1000    935117    0.00    0.00    0.00    0.00    0.00    20  run-tempo.sh
01:21:55 PM  1000    935124    0.00    0.00    0.00    0.00    0.00    16  run-pyroscope.s
01:21:55 PM  1000    935125    0.00    0.00    0.00    0.00    0.00    20  prometheus
01:21:55 PM  1000    935128   11.00    0.00    0.00    0.00   11.00    18  tempo
01:21:55 PM  1000    935129    0.00    0.00    0.00    0.00    0.00    16  loki
01:21:55 PM  1000    935131    0.00    0.00    0.00    0.00    0.00    16  pyroscope

01:21:54 PM   UID       PID   cswch/s nvcswch/s  Command
01:21:55 PM  1000    935106      0.00      0.00  run-grafana.sh
01:21:55 PM  1000    935108      0.00      0.00  run-loki.sh
01:21:55 PM  1000    935110      0.00      0.00  grafana
01:21:55 PM  1000    935111      0.00      0.00  run-otelcol.sh
01:21:55 PM  1000    935114      0.00      0.00  run-prometheus.
01:21:55 PM  1000    935116      0.00      0.00  otelcol-contrib
01:21:55 PM  1000    935117      0.00      0.00  run-tempo.sh
01:21:55 PM  1000    935124      0.00      0.00  run-pyroscope.s
01:21:55 PM  1000    935125      3.00      0.00  prometheus
01:21:55 PM  1000    935128      0.00      0.00  tempo
01:21:55 PM  1000    935129     33.00      0.00  loki
01:21:55 PM  1000    935131      0.00      0.00  pyroscope

01:21:55 PM   UID       PID    %usr %system  %guest   %wait    %CPU   CPU  Command
01:21:56 PM  1000    935106    0.00    0.00    0.00    0.00    0.00    18  run-grafana.sh
01:21:56 PM  1000    935108    0.00    0.00    0.00    0.00    0.00    20  run-loki.sh
01:21:56 PM  1000    935110    1.00    0.00    0.00    0.00    1.00    20  grafana
01:21:56 PM  1000    935111    0.00    0.00    0.00    0.00    0.00    20  run-otelcol.sh
01:21:56 PM  1000    935114    0.00    0.00    0.00    0.00    0.00    18  run-prometheus.
01:21:56 PM  1000    935116    6.00    0.00    0.00    0.00    6.00    20  otelcol-contrib
01:21:56 PM  1000    935117    0.00    0.00    0.00    0.00    0.00    20  run-tempo.sh
01:21:56 PM  1000    935124    0.00    0.00    0.00    0.00    0.00    16  run-pyroscope.s
01:21:56 PM  1000    935125    0.00    0.00    0.00    0.00    0.00    16  prometheus
01:21:56 PM  1000    935128   26.00    1.00    0.00    0.00   27.00    18  tempo
01:21:56 PM  1000    935129    0.00    0.00    0.00    0.00    0.00    18  loki
01:21:56 PM  1000    935131    1.00    0.00    0.00    0.00    1.00    16  pyroscope

01:21:55 PM   UID       PID   cswch/s nvcswch/s  Command
01:21:56 PM  1000    935106      0.00      0.00  run-grafana.sh
01:21:56 PM  1000    935108      0.00      0.00  run-loki.sh
01:21:56 PM  1000    935110      0.00      0.00  grafana
01:21:56 PM  1000    935111      0.00      0.00  run-otelcol.sh
01:21:56 PM  1000    935114      0.00      0.00  run-prometheus.
01:21:56 PM  1000    935116      0.00      0.00  otelcol-contrib
01:21:56 PM  1000    935117      0.00      0.00  run-tempo.sh
01:21:56 PM  1000    935124      0.00      0.00  run-pyroscope.s
01:21:56 PM  1000    935125      2.00      0.00  prometheus
01:21:56 PM  1000    935128      0.00      0.00  tempo
01:21:56 PM  1000    935129     19.00      0.00  loki
01:21:56 PM  1000    935131      0.00      0.00  pyroscope

01:21:56 PM   UID       PID    %usr %system  %guest   %wait    %CPU   CPU  Command
01:21:57 PM  1000    935106    0.00    0.00    0.00    0.00    0.00    18  run-grafana.sh
01:21:57 PM  1000    935108    0.00    0.00    0.00    0.00    0.00    20  run-loki.sh
01:21:57 PM  1000    935110    0.00    0.00    0.00    0.00    0.00    20  grafana
01:21:57 PM  1000    935111    0.00    0.00    0.00    0.00    0.00    20  run-otelcol.sh
01:21:57 PM  1000    935114    0.00    0.00    0.00    0.00    0.00    18  run-prometheus.
01:21:57 PM  1000    935116    2.00    0.00    0.00    0.00    2.00    20  otelcol-contrib
01:21:57 PM  1000    935117    0.00    0.00    0.00    0.00    0.00    20  run-tempo.sh
01:21:57 PM  1000    935124    0.00    0.00    0.00    0.00    0.00    16  run-pyroscope.s
01:21:57 PM  1000    935125    0.00    0.00    0.00    0.00    0.00    16  prometheus
01:21:57 PM  1000    935128   35.00    5.00    0.00    0.00   40.00    18  tempo
01:21:57 PM  1000    935129    0.00    0.00    0.00    0.00    0.00    18  loki
01:21:57 PM  1000    935131    0.00    0.00    0.00    0.00    0.00    16  pyroscope

01:21:56 PM   UID       PID   cswch/s nvcswch/s  Command
01:21:57 PM  1000    935106      0.00      0.00  run-grafana.sh
01:21:57 PM  1000    935108      0.00      0.00  run-loki.sh
01:21:57 PM  1000    935110      0.00      0.00  grafana
01:21:57 PM  1000    935111      0.00      0.00  run-otelcol.sh
01:21:57 PM  1000    935114      0.00      0.00  run-prometheus.
01:21:57 PM  1000    935116      0.00      0.00  otelcol-contrib
01:21:57 PM  1000    935117      0.00      0.00  run-tempo.sh
01:21:57 PM  1000    935124      0.00      0.00  run-pyroscope.s
01:21:57 PM  1000    935125      1.00      0.00  prometheus
01:21:57 PM  1000    935128      0.00      0.00  tempo
01:21:57 PM  1000    935129     29.00      0.00  loki
01:21:57 PM  1000    935131      0.00      0.00  pyroscope

01:21:57 PM   UID       PID    %usr %system  %guest   %wait    %CPU   CPU  Command
01:21:58 PM  1000    935106    0.00    0.00    0.00    0.00    0.00    18  run-grafana.sh
01:21:58 PM  1000    935108    0.00    0.00    0.00    0.00    0.00    20  run-loki.sh
01:21:58 PM  1000    935110    0.00    0.00    0.00    0.00    0.00    20  grafana
01:21:58 PM  1000    935111    0.00    0.00    0.00    0.00    0.00    20  run-otelcol.sh
01:21:58 PM  1000    935114    0.00    0.00    0.00    0.00    0.00    18  run-prometheus.
01:21:58 PM  1000    935116    1.00    0.00    0.00    0.00    1.00    20  otelcol-contrib
01:21:58 PM  1000    935117    0.00    0.00    0.00    0.00    0.00    20  run-tempo.sh
01:21:58 PM  1000    935124    0.00    0.00    0.00    0.00    0.00    16  run-pyroscope.s
01:21:58 PM  1000    935125    0.00    0.00    0.00    0.00    0.00    18  prometheus
01:21:58 PM  1000    935128    5.00    0.00    0.00    0.00    5.00    18  tempo
01:21:58 PM  1000    935129    1.00    0.00    0.00    0.00    1.00    18  loki
01:21:58 PM  1000    935131    0.00    0.00    0.00    0.00    0.00    16  pyroscope

01:21:57 PM   UID       PID   cswch/s nvcswch/s  Command
01:21:58 PM  1000    935106      0.00      0.00  run-grafana.sh
01:21:58 PM  1000    935108      0.00      0.00  run-loki.sh
01:21:58 PM  1000    935110      0.00      0.00  grafana
01:21:58 PM  1000    935111      0.00      0.00  run-otelcol.sh
01:21:58 PM  1000    935114      0.00      0.00  run-prometheus.
01:21:58 PM  1000    935116      0.00      0.00  otelcol-contrib
01:21:58 PM  1000    935117      0.00      0.00  run-tempo.sh
01:21:58 PM  1000    935124      0.00      0.00  run-pyroscope.s
01:21:58 PM  1000    935125      1.00      0.00  prometheus
01:21:58 PM  1000    935128      0.00      0.00  tempo
01:21:58 PM  1000    935129      0.00      0.00  loki
01:21:58 PM  1000    935131      0.00      0.00  pyroscope

01:21:58 PM   UID       PID    %usr %system  %guest   %wait    %CPU   CPU  Command
01:21:59 PM  1000    935106    0.00    0.00    0.00    0.00    0.00    18  run-grafana.sh
01:21:59 PM  1000    935108    0.00    0.00    0.00    0.00    0.00    20  run-loki.sh
01:21:59 PM  1000    935110    3.00    1.00    0.00    0.00    4.00    20  grafana
01:21:59 PM  1000    935111    0.00    0.00    0.00    0.00    0.00    20  run-otelcol.sh
01:21:59 PM  1000    935114    0.00    0.00    0.00    0.00    0.00    18  run-prometheus.
01:21:59 PM  1000    935116    1.00    1.00    0.00    0.00    2.00    20  otelcol-contrib
01:21:59 PM  1000    935117    0.00    0.00    0.00    0.00    0.00    20  run-tempo.sh
01:21:59 PM  1000    935124    0.00    0.00    0.00    0.00    0.00    16  run-pyroscope.s
01:21:59 PM  1000    935125    0.00    0.00    0.00    0.00    0.00    18  prometheus
01:21:59 PM  1000    935128   27.00    6.00    0.00    0.00   33.00    20  tempo
01:21:59 PM  1000    935129    0.00    0.00    0.00    0.00    0.00    18  loki
01:21:59 PM  1000    935131    0.00    0.00    0.00    0.00    0.00    16  pyroscope

01:21:58 PM   UID       PID   cswch/s nvcswch/s  Command
01:21:59 PM  1000    935106      0.00      0.00  run-grafana.sh
01:21:59 PM  1000    935108      0.00      0.00  run-loki.sh
01:21:59 PM  1000    935110      0.00      0.00  grafana
01:21:59 PM  1000    935111      0.00      0.00  run-otelcol.sh
01:21:59 PM  1000    935114      0.00      0.00  run-prometheus.
01:21:59 PM  1000    935116      0.00      0.00  otelcol-contrib
01:21:59 PM  1000    935117      0.00      0.00  run-tempo.sh
01:21:59 PM  1000    935124      0.00      0.00  run-pyroscope.s
01:21:59 PM  1000    935125      1.00      0.00  prometheus
01:21:59 PM  1000    935128      7.00      0.00  tempo
01:21:59 PM  1000    935129      0.00      0.00  loki
01:21:59 PM  1000    935131      0.00      0.00  pyroscope

01:21:59 PM   UID       PID    %usr %system  %guest   %wait    %CPU   CPU  Command
01:22:00 PM  1000    935106    0.00    0.00    0.00    0.00    0.00    18  run-grafana.sh
01:22:00 PM  1000    935108    0.00    0.00    0.00    0.00    0.00    20  run-loki.sh
01:22:00 PM  1000    935110    0.00    0.00    0.00    0.00    0.00    20  grafana
01:22:00 PM  1000    935111    0.00    0.00    0.00    0.00    0.00    20  run-otelcol.sh
01:22:00 PM  1000    935114    0.00    0.00    0.00    0.00    0.00    18  run-prometheus.
01:22:00 PM  1000    935116    0.00    0.00    0.00    0.00    0.00    20  otelcol-contrib
01:22:00 PM  1000    935117    0.00    0.00    0.00    0.00    0.00    20  run-tempo.sh
01:22:00 PM  1000    935124    0.00    0.00    0.00    0.00    0.00    16  run-pyroscope.s
01:22:00 PM  1000    935125    0.00    0.00    0.00    0.00    0.00    16  prometheus
01:22:00 PM  1000    935128    6.00    0.00    0.00    0.00    6.00    20  tempo
01:22:00 PM  1000    935129    0.00    0.00    0.00    0.00    0.00    18  loki
01:22:00 PM  1000    935131    0.00    0.00    0.00    0.00    0.00    16  pyroscope

01:21:59 PM   UID       PID   cswch/s nvcswch/s  Command
01:22:00 PM  1000    935106      0.00      0.00  run-grafana.sh
01:22:00 PM  1000    935108      0.00      0.00  run-loki.sh
01:22:00 PM  1000    935110      0.00      0.00  grafana
01:22:00 PM  1000    935111      0.00      0.00  run-otelcol.sh
01:22:00 PM  1000    935114      0.00      0.00  run-prometheus.
01:22:00 PM  1000    935116      0.00      0.00  otelcol-contrib
01:22:00 PM  1000    935117      0.00      0.00  run-tempo.sh
01:22:00 PM  1000    935124      0.00      0.00  run-pyroscope.s
01:22:00 PM  1000    935125      1.00      0.00  prometheus
01:22:00 PM  1000    935128     18.00      0.00  tempo
01:22:00 PM  1000    935129      0.00      0.00  loki
01:22:00 PM  1000    935131      0.00      0.00  pyroscope
