Linux 5.14.0-570.60.1.el9_6.x86_64 *****) 	04/17/2026 	_x86_64_	(64 CPU)

03:40:49 PM   UID       PID    %usr %system  %guest   %wait    %CPU   CPU  Command
03:40:50 PM  1000   1034337    0.00    0.00    0.00    0.00    0.00    18  run-grafana.sh
03:40:50 PM  1000   1034339    0.00    0.00    0.00    0.00    0.00    20  run-loki.sh
03:40:50 PM  1000   1034341    0.00    0.00    0.00    0.00    0.00    18  grafana
03:40:50 PM  1000   1034342    0.00    0.00    0.00    0.00    0.00    16  run-otelcol.sh
03:40:50 PM  1000   1034345    0.00    0.00    0.00    0.00    0.00    20  run-prometheus.
03:40:50 PM  1000   1034347    0.00    0.00    0.00    0.00    0.00    20  otelcol-contrib
03:40:50 PM  1000   1034349    0.00    0.00    0.00    0.00    0.00    16  run-tempo.sh
03:40:50 PM  1000   1034355    0.00    0.00    0.00    0.00    0.00    20  run-pyroscope.s
03:40:50 PM  1000   1034357    0.00    0.00    0.00    0.00    0.00    18  prometheus
03:40:50 PM  1000   1034359    0.00    0.00    0.00    0.00    0.00    18  tempo
03:40:50 PM  1000   1034360    0.00    0.00    0.00    0.00    0.00    18  loki
03:40:50 PM  1000   1034368    0.00    0.00    0.00    0.00    0.00    20  pyroscope

03:40:49 PM   UID       PID   cswch/s nvcswch/s  Command
03:40:50 PM  1000   1034337      0.00      0.00  run-grafana.sh
03:40:50 PM  1000   1034339      0.00      0.00  run-loki.sh
03:40:50 PM  1000   1034341      0.00      0.00  grafana
03:40:50 PM  1000   1034342      0.00      0.00  run-otelcol.sh
03:40:50 PM  1000   1034345      0.00      0.00  run-prometheus.
03:40:50 PM  1000   1034347      0.00      0.00  otelcol-contrib
03:40:50 PM  1000   1034349      0.00      0.00  run-tempo.sh
03:40:50 PM  1000   1034355      0.00      0.00  run-pyroscope.s
03:40:50 PM  1000   1034357      0.97      0.00  prometheus
03:40:50 PM  1000   1034359     20.39      0.00  tempo
03:40:50 PM  1000   1034360      0.00      0.00  loki
03:40:50 PM  1000   1034368     30.10      0.00  pyroscope

03:40:50 PM   UID       PID    %usr %system  %guest   %wait    %CPU   CPU  Command
03:40:51 PM  1000   1034337    0.00    0.00    0.00    0.00    0.00    18  run-grafana.sh
03:40:51 PM  1000   1034339    0.00    0.00    0.00    0.00    0.00    20  run-loki.sh
03:40:51 PM  1000   1034341    0.00    0.00    0.00    0.00    0.00    18  grafana
03:40:51 PM  1000   1034342    0.00    0.00    0.00    0.00    0.00    16  run-otelcol.sh
03:40:51 PM  1000   1034345    0.00    0.00    0.00    0.00    0.00    20  run-prometheus.
03:40:51 PM  1000   1034347    0.00    0.00    0.00    0.00    0.00    20  otelcol-contrib
03:40:51 PM  1000   1034349    0.00    0.00    0.00    0.00    0.00    16  run-tempo.sh
03:40:51 PM  1000   1034355    0.00    0.00    0.00    0.00    0.00    20  run-pyroscope.s
03:40:51 PM  1000   1034357    0.00    0.00    0.00    0.00    0.00    20  prometheus
03:40:51 PM  1000   1034359    0.00    0.00    0.00    0.00    0.00    18  tempo
03:40:51 PM  1000   1034360    1.00    0.00    0.00    0.00    1.00    18  loki
03:40:51 PM  1000   1034368    0.00    0.00    0.00    0.00    0.00    20  pyroscope

03:40:50 PM   UID       PID   cswch/s nvcswch/s  Command
03:40:51 PM  1000   1034337      0.00      0.00  run-grafana.sh
03:40:51 PM  1000   1034339      0.00      0.00  run-loki.sh
03:40:51 PM  1000   1034341      0.00      0.00  grafana
03:40:51 PM  1000   1034342      0.00      0.00  run-otelcol.sh
03:40:51 PM  1000   1034345      0.00      0.00  run-prometheus.
03:40:51 PM  1000   1034347      0.00      0.00  otelcol-contrib
03:40:51 PM  1000   1034349      0.00      0.00  run-tempo.sh
03:40:51 PM  1000   1034355      0.00      0.00  run-pyroscope.s
03:40:51 PM  1000   1034357      1.00      0.00  prometheus
03:40:51 PM  1000   1034359     14.00      0.00  tempo
03:40:51 PM  1000   1034360      0.00      0.00  loki
03:40:51 PM  1000   1034368     34.00      0.00  pyroscope

03:40:51 PM   UID       PID    %usr %system  %guest   %wait    %CPU   CPU  Command
03:40:52 PM  1000   1034337    0.00    0.00    0.00    0.00    0.00    18  run-grafana.sh
03:40:52 PM  1000   1034339    0.00    0.00    0.00    0.00    0.00    20  run-loki.sh
03:40:52 PM  1000   1034341    0.00    0.00    0.00    0.00    0.00    18  grafana
03:40:52 PM  1000   1034342    0.00    0.00    0.00    0.00    0.00    16  run-otelcol.sh
03:40:52 PM  1000   1034345    0.00    0.00    0.00    0.00    0.00    20  run-prometheus.
03:40:52 PM  1000   1034347    1.00    0.00    0.00    0.00    1.00    20  otelcol-contrib
03:40:52 PM  1000   1034349    0.00    0.00    0.00    0.00    0.00    16  run-tempo.sh
03:40:52 PM  1000   1034355    0.00    0.00    0.00    0.00    0.00    20  run-pyroscope.s
03:40:52 PM  1000   1034357    0.00    0.00    0.00    0.00    0.00    16  prometheus
03:40:52 PM  1000   1034359    0.00    0.00    0.00    0.00    0.00    18  tempo
03:40:52 PM  1000   1034360    0.00    0.00    0.00    0.00    0.00    18  loki
03:40:52 PM  1000   1034368    1.00    0.00    0.00    0.00    1.00    20  pyroscope

03:40:51 PM   UID       PID   cswch/s nvcswch/s  Command
03:40:52 PM  1000   1034337      0.00      0.00  run-grafana.sh
03:40:52 PM  1000   1034339      0.00      0.00  run-loki.sh
03:40:52 PM  1000   1034341      0.00      0.00  grafana
03:40:52 PM  1000   1034342      0.00      0.00  run-otelcol.sh
03:40:52 PM  1000   1034345      0.00      0.00  run-prometheus.
03:40:52 PM  1000   1034347      0.00      0.00  otelcol-contrib
03:40:52 PM  1000   1034349      0.00      0.00  run-tempo.sh
03:40:52 PM  1000   1034355      0.00      0.00  run-pyroscope.s
03:40:52 PM  1000   1034357      5.00      0.00  prometheus
03:40:52 PM  1000   1034359     20.00      0.00  tempo
03:40:52 PM  1000   1034360      0.00      0.00  loki
03:40:52 PM  1000   1034368     32.00      0.00  pyroscope

03:40:52 PM   UID       PID    %usr %system  %guest   %wait    %CPU   CPU  Command
03:40:53 PM  1000   1034337    0.00    0.00    0.00    0.00    0.00    18  run-grafana.sh
03:40:53 PM  1000   1034339    0.00    0.00    0.00    0.00    0.00    20  run-loki.sh
03:40:53 PM  1000   1034341    0.00    0.00    0.00    0.00    0.00    18  grafana
03:40:53 PM  1000   1034342    0.00    0.00    0.00    0.00    0.00    16  run-otelcol.sh
03:40:53 PM  1000   1034345    0.00    0.00    0.00    0.00    0.00    20  run-prometheus.
03:40:53 PM  1000   1034347    0.00    0.00    0.00    0.00    0.00    20  otelcol-contrib
03:40:53 PM  1000   1034349    0.00    0.00    0.00    0.00    0.00    16  run-tempo.sh
03:40:53 PM  1000   1034355    0.00    0.00    0.00    0.00    0.00    20  run-pyroscope.s
03:40:53 PM  1000   1034357    0.00    0.00    0.00    0.00    0.00    16  prometheus
03:40:53 PM  1000   1034359    0.00    0.00    0.00    0.00    0.00    20  tempo
03:40:53 PM  1000   1034360    0.00    0.00    0.00    0.00    0.00    18  loki
03:40:53 PM  1000   1034368    5.00    1.00    0.00    0.00    6.00    20  pyroscope

03:40:52 PM   UID       PID   cswch/s nvcswch/s  Command
03:40:53 PM  1000   1034337      0.00      0.00  run-grafana.sh
03:40:53 PM  1000   1034339      0.00      0.00  run-loki.sh
03:40:53 PM  1000   1034341      0.00      0.00  grafana
03:40:53 PM  1000   1034342      0.00      0.00  run-otelcol.sh
03:40:53 PM  1000   1034345      0.00      0.00  run-prometheus.
03:40:53 PM  1000   1034347      0.00      0.00  otelcol-contrib
03:40:53 PM  1000   1034349      0.00      0.00  run-tempo.sh
03:40:53 PM  1000   1034355      0.00      0.00  run-pyroscope.s
03:40:53 PM  1000   1034357      1.00      0.00  prometheus
03:40:53 PM  1000   1034359     25.00      0.00  tempo
03:40:53 PM  1000   1034360      0.00      0.00  loki
03:40:53 PM  1000   1034368    130.00      0.00  pyroscope

03:40:53 PM   UID       PID    %usr %system  %guest   %wait    %CPU   CPU  Command
03:40:54 PM  1000   1034337    0.00    0.00    0.00    0.00    0.00    18  run-grafana.sh
03:40:54 PM  1000   1034339    0.00    0.00    0.00    0.00    0.00    20  run-loki.sh
03:40:54 PM  1000   1034341    1.00    0.00    0.00    0.00    1.00    18  grafana
03:40:54 PM  1000   1034342    0.00    0.00    0.00    0.00    0.00    16  run-otelcol.sh
03:40:54 PM  1000   1034345    0.00    0.00    0.00    0.00    0.00    20  run-prometheus.
03:40:54 PM  1000   1034347    0.00    0.00    0.00    0.00    0.00    20  otelcol-contrib
03:40:54 PM  1000   1034349    0.00    0.00    0.00    0.00    0.00    16  run-tempo.sh
03:40:54 PM  1000   1034355    0.00    0.00    0.00    0.00    0.00    20  run-pyroscope.s
03:40:54 PM  1000   1034357    0.00    0.00    0.00    0.00    0.00    20  prometheus
03:40:54 PM  1000   1034359    0.00    0.00    0.00    0.00    0.00    20  tempo
03:40:54 PM  1000   1034360    1.00    0.00    0.00    0.00    1.00    18  loki
03:40:54 PM  1000   1034368    0.00    0.00    0.00    0.00    0.00    18  pyroscope

03:40:53 PM   UID       PID   cswch/s nvcswch/s  Command
03:40:54 PM  1000   1034337      0.00      0.00  run-grafana.sh
03:40:54 PM  1000   1034339      0.00      0.00  run-loki.sh
03:40:54 PM  1000   1034341      0.00      0.00  grafana
03:40:54 PM  1000   1034342      0.00      0.00  run-otelcol.sh
03:40:54 PM  1000   1034345      0.00      0.00  run-prometheus.
03:40:54 PM  1000   1034347      0.00      0.00  otelcol-contrib
03:40:54 PM  1000   1034349      0.00      0.00  run-tempo.sh
03:40:54 PM  1000   1034355      0.00      0.00  run-pyroscope.s
03:40:54 PM  1000   1034357      3.00      0.00  prometheus
03:40:54 PM  1000   1034359     22.00      0.00  tempo
03:40:54 PM  1000   1034360      0.00      0.00  loki
03:40:54 PM  1000   1034368     35.00      0.00  pyroscope

03:40:54 PM   UID       PID    %usr %system  %guest   %wait    %CPU   CPU  Command
03:40:55 PM  1000   1034337    0.00    0.00    0.00    0.00    0.00    18  run-grafana.sh
03:40:55 PM  1000   1034339    0.00    0.00    0.00    0.00    0.00    20  run-loki.sh
03:40:55 PM  1000   1034341    0.00    0.00    0.00    0.00    0.00    18  grafana
03:40:55 PM  1000   1034342    0.00    0.00    0.00    0.00    0.00    16  run-otelcol.sh
03:40:55 PM  1000   1034345    0.00    0.00    0.00    0.00    0.00    20  run-prometheus.
03:40:55 PM  1000   1034347    1.00    0.00    0.00    0.00    1.00    20  otelcol-contrib
03:40:55 PM  1000   1034349    0.00    0.00    0.00    0.00    0.00    16  run-tempo.sh
03:40:55 PM  1000   1034355    0.00    0.00    0.00    0.00    0.00    20  run-pyroscope.s
03:40:55 PM  1000   1034357    1.00    0.00    0.00    0.00    1.00    20  prometheus
03:40:55 PM  1000   1034359    0.00    0.00    0.00    0.00    0.00    16  tempo
03:40:55 PM  1000   1034360    0.00    0.00    0.00    0.00    0.00    18  loki
03:40:55 PM  1000   1034368    0.00    0.00    0.00    0.00    0.00    18  pyroscope

03:40:54 PM   UID       PID   cswch/s nvcswch/s  Command
03:40:55 PM  1000   1034337      0.00      0.00  run-grafana.sh
03:40:55 PM  1000   1034339      0.00      0.00  run-loki.sh
03:40:55 PM  1000   1034341      0.00      0.00  grafana
03:40:55 PM  1000   1034342      0.00      0.00  run-otelcol.sh
03:40:55 PM  1000   1034345      0.00      0.00  run-prometheus.
03:40:55 PM  1000   1034347      0.00      0.00  otelcol-contrib
03:40:55 PM  1000   1034349      0.00      0.00  run-tempo.sh
03:40:55 PM  1000   1034355      0.00      0.00  run-pyroscope.s
03:40:55 PM  1000   1034357      4.00      0.00  prometheus
03:40:55 PM  1000   1034359     18.00      0.00  tempo
03:40:55 PM  1000   1034360      0.00      0.00  loki
03:40:55 PM  1000   1034368     48.00      0.00  pyroscope

03:40:55 PM   UID       PID    %usr %system  %guest   %wait    %CPU   CPU  Command
03:40:56 PM  1000   1034337    0.00    0.00    0.00    0.00    0.00    18  run-grafana.sh
03:40:56 PM  1000   1034339    0.00    0.00    0.00    0.00    0.00    20  run-loki.sh
03:40:56 PM  1000   1034341    0.00    0.00    0.00    0.00    0.00    18  grafana
03:40:56 PM  1000   1034342    0.00    0.00    0.00    0.00    0.00    16  run-otelcol.sh
03:40:56 PM  1000   1034345    0.00    0.00    0.00    0.00    0.00    20  run-prometheus.
03:40:56 PM  1000   1034347    0.00    0.00    0.00    0.00    0.00    20  otelcol-contrib
03:40:56 PM  1000   1034349    0.00    0.00    0.00    0.00    0.00    16  run-tempo.sh
03:40:56 PM  1000   1034355    0.00    0.00    0.00    0.00    0.00    20  run-pyroscope.s
03:40:56 PM  1000   1034357    0.00    0.00    0.00    0.00    0.00    18  prometheus
03:40:56 PM  1000   1034359    0.00    0.00    0.00    0.00    0.00    18  tempo
03:40:56 PM  1000   1034360    0.00    0.00    0.00    0.00    0.00    18  loki
03:40:56 PM  1000   1034368    0.00    0.00    0.00    0.00    0.00    18  pyroscope

03:40:55 PM   UID       PID   cswch/s nvcswch/s  Command
03:40:56 PM  1000   1034337      0.00      0.00  run-grafana.sh
03:40:56 PM  1000   1034339      0.00      0.00  run-loki.sh
03:40:56 PM  1000   1034341      0.00      0.00  grafana
03:40:56 PM  1000   1034342      0.00      0.00  run-otelcol.sh
03:40:56 PM  1000   1034345      0.00      0.00  run-prometheus.
03:40:56 PM  1000   1034347      0.00      0.00  otelcol-contrib
03:40:56 PM  1000   1034349      0.00      0.00  run-tempo.sh
03:40:56 PM  1000   1034355      0.00      0.00  run-pyroscope.s
03:40:56 PM  1000   1034357      2.00      0.00  prometheus
03:40:56 PM  1000   1034359     23.00      0.00  tempo
03:40:56 PM  1000   1034360      0.00      0.00  loki
03:40:56 PM  1000   1034368     36.00      0.00  pyroscope

03:40:56 PM   UID       PID    %usr %system  %guest   %wait    %CPU   CPU  Command
03:40:57 PM  1000   1034337    0.00    0.00    0.00    0.00    0.00    18  run-grafana.sh
03:40:57 PM  1000   1034339    0.00    0.00    0.00    0.00    0.00    20  run-loki.sh
03:40:57 PM  1000   1034341    0.00    0.00    0.00    0.00    0.00    18  grafana
03:40:57 PM  1000   1034342    0.00    0.00    0.00    0.00    0.00    16  run-otelcol.sh
03:40:57 PM  1000   1034345    0.00    0.00    0.00    0.00    0.00    20  run-prometheus.
03:40:57 PM  1000   1034347    1.00    0.00    0.00    0.00    1.00    20  otelcol-contrib
03:40:57 PM  1000   1034349    0.00    0.00    0.00    0.00    0.00    16  run-tempo.sh
03:40:57 PM  1000   1034355    0.00    0.00    0.00    0.00    0.00    20  run-pyroscope.s
03:40:57 PM  1000   1034357    0.00    0.00    0.00    0.00    0.00    16  prometheus
03:40:57 PM  1000   1034359    1.00    0.00    0.00    0.00    1.00    18  tempo
03:40:57 PM  1000   1034360    0.00    0.00    0.00    0.00    0.00    18  loki
03:40:57 PM  1000   1034368    0.00    0.00    0.00    0.00    0.00    16  pyroscope

03:40:56 PM   UID       PID   cswch/s nvcswch/s  Command
03:40:57 PM  1000   1034337      0.00      0.00  run-grafana.sh
03:40:57 PM  1000   1034339      0.00      0.00  run-loki.sh
03:40:57 PM  1000   1034341      0.00      0.00  grafana
03:40:57 PM  1000   1034342      0.00      0.00  run-otelcol.sh
03:40:57 PM  1000   1034345      0.00      0.00  run-prometheus.
03:40:57 PM  1000   1034347      0.00      0.00  otelcol-contrib
03:40:57 PM  1000   1034349      0.00      0.00  run-tempo.sh
03:40:57 PM  1000   1034355      0.00      0.00  run-pyroscope.s
03:40:57 PM  1000   1034357      3.00      0.00  prometheus
03:40:57 PM  1000   1034359     24.00      0.00  tempo
03:40:57 PM  1000   1034360      0.00      0.00  loki
03:40:57 PM  1000   1034368     49.00      0.00  pyroscope

03:40:57 PM   UID       PID    %usr %system  %guest   %wait    %CPU   CPU  Command
03:40:58 PM  1000   1034337    0.00    0.00    0.00    0.00    0.00    18  run-grafana.sh
03:40:58 PM  1000   1034339    0.00    0.00    0.00    0.00    0.00    20  run-loki.sh
03:40:58 PM  1000   1034341    0.00    0.00    0.00    0.00    0.00    18  grafana
03:40:58 PM  1000   1034342    0.00    0.00    0.00    0.00    0.00    16  run-otelcol.sh
03:40:58 PM  1000   1034345    0.00    0.00    0.00    0.00    0.00    20  run-prometheus.
03:40:58 PM  1000   1034347    0.00    0.00    0.00    0.00    0.00    20  otelcol-contrib
03:40:58 PM  1000   1034349    0.00    0.00    0.00    0.00    0.00    16  run-tempo.sh
03:40:58 PM  1000   1034355    0.00    0.00    0.00    0.00    0.00    20  run-pyroscope.s
03:40:58 PM  1000   1034357    0.00    0.00    0.00    0.00    0.00    16  prometheus
03:40:58 PM  1000   1034359    0.00    0.00    0.00    0.00    0.00    18  tempo
03:40:58 PM  1000   1034360    0.00    1.00    0.00    0.00    1.00    18  loki
03:40:58 PM  1000   1034368    0.00    0.00    0.00    0.00    0.00    18  pyroscope

03:40:57 PM   UID       PID   cswch/s nvcswch/s  Command
03:40:58 PM  1000   1034337      0.00      0.00  run-grafana.sh
03:40:58 PM  1000   1034339      0.00      0.00  run-loki.sh
03:40:58 PM  1000   1034341      0.00      0.00  grafana
03:40:58 PM  1000   1034342      0.00      0.00  run-otelcol.sh
03:40:58 PM  1000   1034345      0.00      0.00  run-prometheus.
03:40:58 PM  1000   1034347      0.00      0.00  otelcol-contrib
03:40:58 PM  1000   1034349      0.00      0.00  run-tempo.sh
03:40:58 PM  1000   1034355      0.00      0.00  run-pyroscope.s
03:40:58 PM  1000   1034357      2.00      0.00  prometheus
03:40:58 PM  1000   1034359     17.00      0.00  tempo
03:40:58 PM  1000   1034360      0.00      0.00  loki
03:40:58 PM  1000   1034368     50.00      0.00  pyroscope

03:40:58 PM   UID       PID    %usr %system  %guest   %wait    %CPU   CPU  Command
03:40:59 PM  1000   1034337    0.00    0.00    0.00    0.00    0.00    18  run-grafana.sh
03:40:59 PM  1000   1034339    0.00    0.00    0.00    0.00    0.00    20  run-loki.sh
03:40:59 PM  1000   1034341    2.00    0.00    0.00    0.00    2.00    18  grafana
03:40:59 PM  1000   1034342    0.00    0.00    0.00    0.00    0.00    16  run-otelcol.sh
03:40:59 PM  1000   1034345    0.00    0.00    0.00    0.00    0.00    20  run-prometheus.
03:40:59 PM  1000   1034347    0.00    0.00    0.00    0.00    0.00    20  otelcol-contrib
03:40:59 PM  1000   1034349    0.00    0.00    0.00    0.00    0.00    16  run-tempo.sh
03:40:59 PM  1000   1034355    0.00    0.00    0.00    0.00    0.00    20  run-pyroscope.s
03:40:59 PM  1000   1034357    0.00    0.00    0.00    0.00    0.00    18  prometheus
03:40:59 PM  1000   1034359    0.00    0.00    0.00    0.00    0.00    18  tempo
03:40:59 PM  1000   1034360    1.00    0.00    0.00    0.00    1.00    18  loki
03:40:59 PM  1000   1034368    0.00    0.00    0.00    0.00    0.00    16  pyroscope

03:40:58 PM   UID       PID   cswch/s nvcswch/s  Command
03:40:59 PM  1000   1034337      0.00      0.00  run-grafana.sh
03:40:59 PM  1000   1034339      0.00      0.00  run-loki.sh
03:40:59 PM  1000   1034341      0.00      0.00  grafana
03:40:59 PM  1000   1034342      0.00      0.00  run-otelcol.sh
03:40:59 PM  1000   1034345      0.00      0.00  run-prometheus.
03:40:59 PM  1000   1034347      0.00      0.00  otelcol-contrib
03:40:59 PM  1000   1034349      0.00      0.00  run-tempo.sh
03:40:59 PM  1000   1034355      0.00      0.00  run-pyroscope.s
03:40:59 PM  1000   1034357      3.00      0.00  prometheus
03:40:59 PM  1000   1034359     18.00      0.00  tempo
03:40:59 PM  1000   1034360      0.00      0.00  loki
03:40:59 PM  1000   1034368     42.00      0.00  pyroscope

03:40:59 PM   UID       PID    %usr %system  %guest   %wait    %CPU   CPU  Command
03:41:00 PM  1000   1034337    0.00    0.00    0.00    0.00    0.00    18  run-grafana.sh
03:41:00 PM  1000   1034339    0.00    0.00    0.00    0.00    0.00    20  run-loki.sh
03:41:00 PM  1000   1034341    0.00    1.00    0.00    0.00    1.00    18  grafana
03:41:00 PM  1000   1034342    0.00    0.00    0.00    0.00    0.00    16  run-otelcol.sh
03:41:00 PM  1000   1034345    0.00    0.00    0.00    0.00    0.00    20  run-prometheus.
03:41:00 PM  1000   1034347    1.00    0.00    0.00    0.00    1.00    20  otelcol-contrib
03:41:00 PM  1000   1034349    0.00    0.00    0.00    0.00    0.00    16  run-tempo.sh
03:41:00 PM  1000   1034355    0.00    0.00    0.00    0.00    0.00    20  run-pyroscope.s
03:41:00 PM  1000   1034357    0.00    0.00    0.00    0.00    0.00    18  prometheus
03:41:00 PM  1000   1034359    3.00    0.00    0.00    0.00    3.00    18  tempo
03:41:00 PM  1000   1034360    0.00    0.00    0.00    0.00    0.00    18  loki
03:41:00 PM  1000   1034368    1.00    0.00    0.00    0.00    1.00    18  pyroscope

03:40:59 PM   UID       PID   cswch/s nvcswch/s  Command
03:41:00 PM  1000   1034337      0.00      0.00  run-grafana.sh
03:41:00 PM  1000   1034339      0.00      0.00  run-loki.sh
03:41:00 PM  1000   1034341      0.00      0.00  grafana
03:41:00 PM  1000   1034342      0.00      0.00  run-otelcol.sh
03:41:00 PM  1000   1034345      0.00      0.00  run-prometheus.
03:41:00 PM  1000   1034347      0.00      0.00  otelcol-contrib
03:41:00 PM  1000   1034349      0.00      0.00  run-tempo.sh
03:41:00 PM  1000   1034355      0.00      0.00  run-pyroscope.s
03:41:00 PM  1000   1034357      2.00      0.00  prometheus
03:41:00 PM  1000   1034359     87.00      0.00  tempo
03:41:00 PM  1000   1034360      0.00      0.00  loki
03:41:00 PM  1000   1034368     37.00      0.00  pyroscope

03:41:00 PM   UID       PID    %usr %system  %guest   %wait    %CPU   CPU  Command
03:41:01 PM  1000   1034337    0.00    0.00    0.00    0.00    0.00    18  run-grafana.sh
03:41:01 PM  1000   1034339    0.00    0.00    0.00    0.00    0.00    20  run-loki.sh
03:41:01 PM  1000   1034341    0.00    0.00    0.00    0.00    0.00    18  grafana
03:41:01 PM  1000   1034342    0.00    0.00    0.00    0.00    0.00    16  run-otelcol.sh
03:41:01 PM  1000   1034345    0.00    0.00    0.00    0.00    0.00    20  run-prometheus.
03:41:01 PM  1000   1034347    0.00    0.00    0.00    0.00    0.00    20  otelcol-contrib
03:41:01 PM  1000   1034349    0.00    0.00    0.00    0.00    0.00    16  run-tempo.sh
03:41:01 PM  1000   1034355    0.00    0.00    0.00    0.00    0.00    20  run-pyroscope.s
03:41:01 PM  1000   1034357    0.00    0.00    0.00    0.00    0.00    18  prometheus
03:41:01 PM  1000   1034359    5.00    1.00    0.00    0.00    6.00    16  tempo
03:41:01 PM  1000   1034360    0.00    0.00    0.00    0.00    0.00    18  loki
03:41:01 PM  1000   1034368    0.00    0.00    0.00    0.00    0.00    16  pyroscope

03:41:00 PM   UID       PID   cswch/s nvcswch/s  Command
03:41:01 PM  1000   1034337      0.00      0.00  run-grafana.sh
03:41:01 PM  1000   1034339      0.00      0.00  run-loki.sh
03:41:01 PM  1000   1034341      0.00      0.00  grafana
03:41:01 PM  1000   1034342      0.00      0.00  run-otelcol.sh
03:41:01 PM  1000   1034345      0.00      0.00  run-prometheus.
03:41:01 PM  1000   1034347      0.00      0.00  otelcol-contrib
03:41:01 PM  1000   1034349      0.00      0.00  run-tempo.sh
03:41:01 PM  1000   1034355      0.00      0.00  run-pyroscope.s
03:41:01 PM  1000   1034357      1.00      0.00  prometheus
03:41:01 PM  1000   1034359     23.00      0.00  tempo
03:41:01 PM  1000   1034360      0.00      0.00  loki
03:41:01 PM  1000   1034368     40.00      0.00  pyroscope

03:41:01 PM   UID       PID    %usr %system  %guest   %wait    %CPU   CPU  Command
03:41:02 PM  1000   1034337    0.00    0.00    0.00    0.00    0.00    18  run-grafana.sh
03:41:02 PM  1000   1034339    0.00    0.00    0.00    0.00    0.00    20  run-loki.sh
03:41:02 PM  1000   1034341    0.00    0.00    0.00    0.00    0.00    18  grafana
03:41:02 PM  1000   1034342    0.00    0.00    0.00    0.00    0.00    16  run-otelcol.sh
03:41:02 PM  1000   1034345    0.00    0.00    0.00    0.00    0.00    20  run-prometheus.
03:41:02 PM  1000   1034347    1.00    1.00    0.00    0.00    2.00    20  otelcol-contrib
03:41:02 PM  1000   1034349    0.00    0.00    0.00    0.00    0.00    16  run-tempo.sh
03:41:02 PM  1000   1034355    0.00    0.00    0.00    0.00    0.00    20  run-pyroscope.s
03:41:02 PM  1000   1034357    0.00    0.00    0.00    0.00    0.00    18  prometheus
03:41:02 PM  1000   1034359    1.00    0.00    0.00    0.00    1.00    20  tempo
03:41:02 PM  1000   1034360    0.00    0.00    0.00    0.00    0.00    18  loki
03:41:02 PM  1000   1034368    0.00    0.00    0.00    0.00    0.00    20  pyroscope

03:41:01 PM   UID       PID   cswch/s nvcswch/s  Command
03:41:02 PM  1000   1034337      0.00      0.00  run-grafana.sh
03:41:02 PM  1000   1034339      0.00      0.00  run-loki.sh
03:41:02 PM  1000   1034341      0.00      0.00  grafana
03:41:02 PM  1000   1034342      0.00      0.00  run-otelcol.sh
03:41:02 PM  1000   1034345      0.00      0.00  run-prometheus.
03:41:02 PM  1000   1034347      0.00      0.00  otelcol-contrib
03:41:02 PM  1000   1034349      0.00      0.00  run-tempo.sh
03:41:02 PM  1000   1034355      0.00      0.00  run-pyroscope.s
03:41:02 PM  1000   1034357      0.00      0.00  prometheus
03:41:02 PM  1000   1034359     32.00      0.00  tempo
03:41:02 PM  1000   1034360      0.00      0.00  loki
03:41:02 PM  1000   1034368     39.00      3.00  pyroscope

03:41:02 PM   UID       PID    %usr %system  %guest   %wait    %CPU   CPU  Command
03:41:03 PM  1000   1034337    0.00    0.00    0.00    0.00    0.00    18  run-grafana.sh
03:41:03 PM  1000   1034339    0.00    0.00    0.00    0.00    0.00    20  run-loki.sh
03:41:03 PM  1000   1034341    1.00    0.00    0.00    0.00    1.00    18  grafana
03:41:03 PM  1000   1034342    0.00    0.00    0.00    0.00    0.00    16  run-otelcol.sh
03:41:03 PM  1000   1034345    0.00    0.00    0.00    0.00    0.00    20  run-prometheus.
03:41:03 PM  1000   1034347    1.00    0.00    0.00    0.00    1.00    20  otelcol-contrib
03:41:03 PM  1000   1034349    0.00    0.00    0.00    0.00    0.00    16  run-tempo.sh
03:41:03 PM  1000   1034355    0.00    0.00    0.00    0.00    0.00    20  run-pyroscope.s
03:41:03 PM  1000   1034357    0.00    0.00    0.00    0.00    0.00    18  prometheus
03:41:03 PM  1000   1034359    1.00    0.00    0.00    0.00    1.00    18  tempo
03:41:03 PM  1000   1034360    1.00    0.00    0.00    0.00    1.00    18  loki
03:41:03 PM  1000   1034368    0.00    0.00    0.00    0.00    0.00    16  pyroscope

03:41:02 PM   UID       PID   cswch/s nvcswch/s  Command
03:41:03 PM  1000   1034337      0.00      0.00  run-grafana.sh
03:41:03 PM  1000   1034339      0.00      0.00  run-loki.sh
03:41:03 PM  1000   1034341      0.00      0.00  grafana
03:41:03 PM  1000   1034342      0.00      0.00  run-otelcol.sh
03:41:03 PM  1000   1034345      0.00      0.00  run-prometheus.
03:41:03 PM  1000   1034347      0.00      0.00  otelcol-contrib
03:41:03 PM  1000   1034349      0.00      0.00  run-tempo.sh
03:41:03 PM  1000   1034355      0.00      0.00  run-pyroscope.s
03:41:03 PM  1000   1034357      0.00      0.00  prometheus
03:41:03 PM  1000   1034359     44.00      0.00  tempo
03:41:03 PM  1000   1034360      0.00      0.00  loki
03:41:03 PM  1000   1034368     38.00      0.00  pyroscope

03:41:03 PM   UID       PID    %usr %system  %guest   %wait    %CPU   CPU  Command
03:41:04 PM  1000   1034337    0.00    0.00    0.00    0.00    0.00    18  run-grafana.sh
03:41:04 PM  1000   1034339    0.00    0.00    0.00    0.00    0.00    20  run-loki.sh
03:41:04 PM  1000   1034341    0.00    0.00    0.00    0.00    0.00    18  grafana
03:41:04 PM  1000   1034342    0.00    0.00    0.00    0.00    0.00    16  run-otelcol.sh
03:41:04 PM  1000   1034345    0.00    0.00    0.00    0.00    0.00    20  run-prometheus.
03:41:04 PM  1000   1034347    1.00    0.00    0.00    0.00    1.00    20  otelcol-contrib
03:41:04 PM  1000   1034349    0.00    0.00    0.00    0.00    0.00    16  run-tempo.sh
03:41:04 PM  1000   1034355    0.00    0.00    0.00    0.00    0.00    20  run-pyroscope.s
03:41:04 PM  1000   1034357    1.00    0.00    0.00    0.00    1.00    18  prometheus
03:41:04 PM  1000   1034359    8.00    2.00    0.00    0.00   10.00    20  tempo
03:41:04 PM  1000   1034360    0.00    0.00    0.00    0.00    0.00    18  loki
03:41:04 PM  1000   1034368    1.00    0.00    0.00    0.00    1.00    18  pyroscope

03:41:03 PM   UID       PID   cswch/s nvcswch/s  Command
03:41:04 PM  1000   1034337      0.00      0.00  run-grafana.sh
03:41:04 PM  1000   1034339      0.00      0.00  run-loki.sh
03:41:04 PM  1000   1034341      0.00      0.00  grafana
03:41:04 PM  1000   1034342      0.00      0.00  run-otelcol.sh
03:41:04 PM  1000   1034345      0.00      0.00  run-prometheus.
03:41:04 PM  1000   1034347      0.00      0.00  otelcol-contrib
03:41:04 PM  1000   1034349      0.00      0.00  run-tempo.sh
03:41:04 PM  1000   1034355      0.00      0.00  run-pyroscope.s
03:41:04 PM  1000   1034357      0.00      0.00  prometheus
03:41:04 PM  1000   1034359     57.00      3.00  tempo
03:41:04 PM  1000   1034360      0.00      0.00  loki
03:41:04 PM  1000   1034368     33.00      0.00  pyroscope

03:41:04 PM   UID       PID    %usr %system  %guest   %wait    %CPU   CPU  Command
03:41:05 PM  1000   1034337    0.00    0.00    0.00    0.00    0.00    18  run-grafana.sh
03:41:05 PM  1000   1034339    0.00    0.00    0.00    0.00    0.00    20  run-loki.sh
03:41:05 PM  1000   1034341    0.00    0.00    0.00    0.00    0.00    18  grafana
03:41:05 PM  1000   1034342    0.00    0.00    0.00    0.00    0.00    16  run-otelcol.sh
03:41:05 PM  1000   1034345    0.00    0.00    0.00    0.00    0.00    20  run-prometheus.
03:41:05 PM  1000   1034347    0.00    0.00    0.00    0.00    0.00    20  otelcol-contrib
03:41:05 PM  1000   1034349    0.00    0.00    0.00    0.00    0.00    16  run-tempo.sh
03:41:05 PM  1000   1034355    0.00    0.00    0.00    0.00    0.00    20  run-pyroscope.s
03:41:05 PM  1000   1034357    0.00    1.00    0.00    0.00    1.00    18  prometheus
03:41:05 PM  1000   1034359    1.00    0.00    0.00    0.00    1.00    16  tempo
03:41:05 PM  1000   1034360    0.00    0.00    0.00    0.00    0.00    18  loki
03:41:05 PM  1000   1034368    0.00    0.00    0.00    0.00    0.00    20  pyroscope

03:41:04 PM   UID       PID   cswch/s nvcswch/s  Command
03:41:05 PM  1000   1034337      0.00      0.00  run-grafana.sh
03:41:05 PM  1000   1034339      0.00      0.00  run-loki.sh
03:41:05 PM  1000   1034341      0.00      0.00  grafana
03:41:05 PM  1000   1034342      0.00      0.00  run-otelcol.sh
03:41:05 PM  1000   1034345      0.00      0.00  run-prometheus.
03:41:05 PM  1000   1034347      0.00      0.00  otelcol-contrib
03:41:05 PM  1000   1034349      0.00      0.00  run-tempo.sh
03:41:05 PM  1000   1034355      0.00      0.00  run-pyroscope.s
03:41:05 PM  1000   1034357      0.00      0.00  prometheus
03:41:05 PM  1000   1034359      1.00      0.00  tempo
03:41:05 PM  1000   1034360      0.00      0.00  loki
03:41:05 PM  1000   1034368     27.00      0.00  pyroscope

03:41:05 PM   UID       PID    %usr %system  %guest   %wait    %CPU   CPU  Command
03:41:06 PM  1000   1034337    0.00    0.00    0.00    0.00    0.00    18  run-grafana.sh
03:41:06 PM  1000   1034339    0.00    0.00    0.00    0.00    0.00    20  run-loki.sh
03:41:06 PM  1000   1034341    0.00    0.00    0.00    0.00    0.00    18  grafana
03:41:06 PM  1000   1034342    0.00    0.00    0.00    0.00    0.00    16  run-otelcol.sh
03:41:06 PM  1000   1034345    0.00    0.00    0.00    0.00    0.00    20  run-prometheus.
03:41:06 PM  1000   1034347    1.00    0.00    0.00    0.00    1.00    20  otelcol-contrib
03:41:06 PM  1000   1034349    0.00    0.00    0.00    0.00    0.00    16  run-tempo.sh
03:41:06 PM  1000   1034355    0.00    0.00    0.00    0.00    0.00    20  run-pyroscope.s
03:41:06 PM  1000   1034357    0.00    0.00    0.00    0.00    0.00    18  prometheus
03:41:06 PM  1000   1034359    6.00    2.00    0.00    0.00    8.00    20  tempo
03:41:06 PM  1000   1034360    0.00    0.00    0.00    0.00    0.00    18  loki
03:41:06 PM  1000   1034368    0.00    0.00    0.00    0.00    0.00    20  pyroscope

03:41:05 PM   UID       PID   cswch/s nvcswch/s  Command
03:41:06 PM  1000   1034337      0.00      0.00  run-grafana.sh
03:41:06 PM  1000   1034339      0.00      0.00  run-loki.sh
03:41:06 PM  1000   1034341      0.00      0.00  grafana
03:41:06 PM  1000   1034342      0.00      0.00  run-otelcol.sh
03:41:06 PM  1000   1034345      0.00      0.00  run-prometheus.
03:41:06 PM  1000   1034347      0.00      0.00  otelcol-contrib
03:41:06 PM  1000   1034349      0.00      0.00  run-tempo.sh
03:41:06 PM  1000   1034355      0.00      0.00  run-pyroscope.s
03:41:06 PM  1000   1034357      0.00      0.00  prometheus
03:41:06 PM  1000   1034359     30.00      5.00  tempo
03:41:06 PM  1000   1034360      0.00      0.00  loki
03:41:06 PM  1000   1034368      0.00      0.00  pyroscope

03:41:06 PM   UID       PID    %usr %system  %guest   %wait    %CPU   CPU  Command
03:41:07 PM  1000   1034337    0.00    0.00    0.00    0.00    0.00    18  run-grafana.sh
03:41:07 PM  1000   1034339    0.00    0.00    0.00    0.00    0.00    20  run-loki.sh
03:41:07 PM  1000   1034341    0.00    0.00    0.00    0.00    0.00    18  grafana
03:41:07 PM  1000   1034342    0.00    0.00    0.00    0.00    0.00    16  run-otelcol.sh
03:41:07 PM  1000   1034345    0.00    0.00    0.00    0.00    0.00    20  run-prometheus.
03:41:07 PM  1000   1034347    3.00    0.00    0.00    0.00    3.00    20  otelcol-contrib
03:41:07 PM  1000   1034349    0.00    0.00    0.00    0.00    0.00    16  run-tempo.sh
03:41:07 PM  1000   1034355    0.00    0.00    0.00    0.00    0.00    20  run-pyroscope.s
03:41:07 PM  1000   1034357    0.00    0.00    0.00    0.00    0.00    18  prometheus
03:41:07 PM  1000   1034359   11.00    0.00    0.00    0.00   11.00    18  tempo
03:41:07 PM  1000   1034360    0.00    0.00    0.00    0.00    0.00    18  loki
03:41:07 PM  1000   1034368    0.00    0.00    0.00    0.00    0.00    20  pyroscope

03:41:06 PM   UID       PID   cswch/s nvcswch/s  Command
03:41:07 PM  1000   1034337      0.00      0.00  run-grafana.sh
03:41:07 PM  1000   1034339      0.00      0.00  run-loki.sh
03:41:07 PM  1000   1034341      0.00      0.00  grafana
03:41:07 PM  1000   1034342      0.00      0.00  run-otelcol.sh
03:41:07 PM  1000   1034345      0.00      0.00  run-prometheus.
03:41:07 PM  1000   1034347      0.00      0.00  otelcol-contrib
03:41:07 PM  1000   1034349      0.00      0.00  run-tempo.sh
03:41:07 PM  1000   1034355      0.00      0.00  run-pyroscope.s
03:41:07 PM  1000   1034357      0.00      0.00  prometheus
03:41:07 PM  1000   1034359     51.00      3.00  tempo
03:41:07 PM  1000   1034360      0.00      0.00  loki
03:41:07 PM  1000   1034368      0.00      0.00  pyroscope

03:41:07 PM   UID       PID    %usr %system  %guest   %wait    %CPU   CPU  Command
03:41:08 PM  1000   1034337    0.00    0.00    0.00    0.00    0.00    18  run-grafana.sh
03:41:08 PM  1000   1034339    0.00    0.00    0.00    0.00    0.00    20  run-loki.sh
03:41:08 PM  1000   1034341    0.00    0.00    0.00    0.00    0.00    18  grafana
03:41:08 PM  1000   1034342    0.00    0.00    0.00    0.00    0.00    16  run-otelcol.sh
03:41:08 PM  1000   1034345    0.00    0.00    0.00    0.00    0.00    20  run-prometheus.
03:41:08 PM  1000   1034347    1.00    0.00    0.00    0.00    1.00    20  otelcol-contrib
03:41:08 PM  1000   1034349    0.00    0.00    0.00    0.00    0.00    16  run-tempo.sh
03:41:08 PM  1000   1034355    0.00    0.00    0.00    0.00    0.00    20  run-pyroscope.s
03:41:08 PM  1000   1034357    0.00    0.00    0.00    0.00    0.00    18  prometheus
03:41:08 PM  1000   1034359    3.00    1.00    0.00    0.00    4.00    16  tempo
03:41:08 PM  1000   1034360    1.00    0.00    0.00    0.00    1.00    18  loki
03:41:08 PM  1000   1034368    4.00    1.00    0.00    1.00    5.00    20  pyroscope

03:41:07 PM   UID       PID   cswch/s nvcswch/s  Command
03:41:08 PM  1000   1034337      0.00      0.00  run-grafana.sh
03:41:08 PM  1000   1034339      0.00      0.00  run-loki.sh
03:41:08 PM  1000   1034341      0.00      0.00  grafana
03:41:08 PM  1000   1034342      0.00      0.00  run-otelcol.sh
03:41:08 PM  1000   1034345      0.00      0.00  run-prometheus.
03:41:08 PM  1000   1034347      0.00      0.00  otelcol-contrib
03:41:08 PM  1000   1034349      0.00      0.00  run-tempo.sh
03:41:08 PM  1000   1034355      0.00      0.00  run-pyroscope.s
03:41:08 PM  1000   1034357      0.00      0.00  prometheus
03:41:08 PM  1000   1034359     37.00      1.00  tempo
03:41:08 PM  1000   1034360      0.00      0.00  loki
03:41:08 PM  1000   1034368     68.00      3.00  pyroscope

03:41:08 PM   UID       PID    %usr %system  %guest   %wait    %CPU   CPU  Command
03:41:09 PM  1000   1034337    0.00    0.00    0.00    0.00    0.00    18  run-grafana.sh
03:41:09 PM  1000   1034339    0.00    0.00    0.00    0.00    0.00    20  run-loki.sh
03:41:09 PM  1000   1034341    7.00    0.00    0.00    0.00    7.00    18  grafana
03:41:09 PM  1000   1034342    0.00    0.00    0.00    0.00    0.00    16  run-otelcol.sh
03:41:09 PM  1000   1034345    0.00    0.00    0.00    0.00    0.00    20  run-prometheus.
03:41:09 PM  1000   1034347    1.00    1.00    0.00    0.00    2.00    20  otelcol-contrib
03:41:09 PM  1000   1034349    0.00    0.00    0.00    0.00    0.00    16  run-tempo.sh
03:41:09 PM  1000   1034355    0.00    0.00    0.00    0.00    0.00    20  run-pyroscope.s
03:41:09 PM  1000   1034357    0.00    0.00    0.00    0.00    0.00    18  prometheus
03:41:09 PM  1000   1034359    1.00    0.00    0.00    0.00    1.00    16  tempo
03:41:09 PM  1000   1034360    0.00    0.00    0.00    0.00    0.00    18  loki
03:41:09 PM  1000   1034368    0.00    0.00    0.00    0.00    0.00    16  pyroscope

03:41:08 PM   UID       PID   cswch/s nvcswch/s  Command
03:41:09 PM  1000   1034337      0.00      0.00  run-grafana.sh
03:41:09 PM  1000   1034339      0.00      0.00  run-loki.sh
03:41:09 PM  1000   1034341      0.00      0.00  grafana
03:41:09 PM  1000   1034342      0.00      0.00  run-otelcol.sh
03:41:09 PM  1000   1034345      0.00      0.00  run-prometheus.
03:41:09 PM  1000   1034347      0.00      0.00  otelcol-contrib
03:41:09 PM  1000   1034349      0.00      0.00  run-tempo.sh
03:41:09 PM  1000   1034355      0.00      0.00  run-pyroscope.s
03:41:09 PM  1000   1034357      1.00      0.00  prometheus
03:41:09 PM  1000   1034359     44.00      0.00  tempo
03:41:09 PM  1000   1034360      0.00      0.00  loki
03:41:09 PM  1000   1034368     40.00      0.00  pyroscope

03:41:09 PM   UID       PID    %usr %system  %guest   %wait    %CPU   CPU  Command
03:41:10 PM  1000   1034337    0.00    0.00    0.00    0.00    0.00    18  run-grafana.sh
03:41:10 PM  1000   1034339    0.00    0.00    0.00    0.00    0.00    20  run-loki.sh
03:41:10 PM  1000   1034341    2.00    1.00    0.00    0.00    3.00    18  grafana
03:41:10 PM  1000   1034342    0.00    0.00    0.00    0.00    0.00    16  run-otelcol.sh
03:41:10 PM  1000   1034345    0.00    0.00    0.00    0.00    0.00    20  run-prometheus.
03:41:10 PM  1000   1034347    1.00    0.00    0.00    0.00    1.00    20  otelcol-contrib
03:41:10 PM  1000   1034349    0.00    0.00    0.00    0.00    0.00    16  run-tempo.sh
03:41:10 PM  1000   1034355    0.00    0.00    0.00    0.00    0.00    20  run-pyroscope.s
03:41:10 PM  1000   1034357    0.00    0.00    0.00    0.00    0.00    16  prometheus
03:41:10 PM  1000   1034359    4.00    0.00    0.00    0.00    4.00    20  tempo
03:41:10 PM  1000   1034360    0.00    0.00    0.00    0.00    0.00    18  loki
03:41:10 PM  1000   1034368    0.00    0.00    0.00    0.00    0.00    16  pyroscope

03:41:09 PM   UID       PID   cswch/s nvcswch/s  Command
03:41:10 PM  1000   1034337      0.00      0.00  run-grafana.sh
03:41:10 PM  1000   1034339      0.00      0.00  run-loki.sh
03:41:10 PM  1000   1034341      0.00      0.00  grafana
03:41:10 PM  1000   1034342      0.00      0.00  run-otelcol.sh
03:41:10 PM  1000   1034345      0.00      0.00  run-prometheus.
03:41:10 PM  1000   1034347      0.00      0.00  otelcol-contrib
03:41:10 PM  1000   1034349      0.00      0.00  run-tempo.sh
03:41:10 PM  1000   1034355      0.00      0.00  run-pyroscope.s
03:41:10 PM  1000   1034357      1.00      0.00  prometheus
03:41:10 PM  1000   1034359     45.00      1.00  tempo
03:41:10 PM  1000   1034360      0.00      0.00  loki
03:41:10 PM  1000   1034368     31.00      0.00  pyroscope

03:41:10 PM   UID       PID    %usr %system  %guest   %wait    %CPU   CPU  Command
03:41:11 PM  1000   1034337    0.00    0.00    0.00    0.00    0.00    18  run-grafana.sh
03:41:11 PM  1000   1034339    0.00    0.00    0.00    0.00    0.00    20  run-loki.sh
03:41:11 PM  1000   1034341    0.00    0.00    0.00    0.00    0.00    18  grafana
03:41:11 PM  1000   1034342    0.00    0.00    0.00    0.00    0.00    16  run-otelcol.sh
03:41:11 PM  1000   1034345    0.00    0.00    0.00    0.00    0.00    20  run-prometheus.
03:41:11 PM  1000   1034347    1.00    0.00    0.00    0.00    1.00    20  otelcol-contrib
03:41:11 PM  1000   1034349    0.00    0.00    0.00    0.00    0.00    16  run-tempo.sh
03:41:11 PM  1000   1034355    0.00    0.00    0.00    0.00    0.00    20  run-pyroscope.s
03:41:11 PM  1000   1034357    0.00    0.00    0.00    0.00    0.00    16  prometheus
03:41:11 PM  1000   1034359    2.00    1.00    0.00    0.00    3.00    20  tempo
03:41:11 PM  1000   1034360    1.00    0.00    0.00    0.00    1.00    18  loki
03:41:11 PM  1000   1034368    0.00    0.00    0.00    0.00    0.00    18  pyroscope

03:41:10 PM   UID       PID   cswch/s nvcswch/s  Command
03:41:11 PM  1000   1034337      0.00      0.00  run-grafana.sh
03:41:11 PM  1000   1034339      0.00      0.00  run-loki.sh
03:41:11 PM  1000   1034341      0.00      0.00  grafana
03:41:11 PM  1000   1034342      0.00      0.00  run-otelcol.sh
03:41:11 PM  1000   1034345      0.00      0.00  run-prometheus.
03:41:11 PM  1000   1034347      0.00      0.00  otelcol-contrib
03:41:11 PM  1000   1034349      0.00      0.00  run-tempo.sh
03:41:11 PM  1000   1034355      0.00      0.00  run-pyroscope.s
03:41:11 PM  1000   1034357      3.00      0.00  prometheus
03:41:11 PM  1000   1034359     29.00      1.00  tempo
03:41:11 PM  1000   1034360      0.00      0.00  loki
03:41:11 PM  1000   1034368     42.00      0.00  pyroscope

03:41:11 PM   UID       PID    %usr %system  %guest   %wait    %CPU   CPU  Command
03:41:12 PM  1000   1034337    0.00    0.00    0.00    0.00    0.00    18  run-grafana.sh
03:41:12 PM  1000   1034339    0.00    0.00    0.00    0.00    0.00    20  run-loki.sh
03:41:12 PM  1000   1034341    0.00    0.00    0.00    0.00    0.00    18  grafana
03:41:12 PM  1000   1034342    0.00    0.00    0.00    0.00    0.00    16  run-otelcol.sh
03:41:12 PM  1000   1034345    0.00    0.00    0.00    0.00    0.00    20  run-prometheus.
03:41:12 PM  1000   1034347    1.00    0.00    0.00    0.00    1.00    20  otelcol-contrib
03:41:12 PM  1000   1034349    0.00    0.00    0.00    0.00    0.00    16  run-tempo.sh
03:41:12 PM  1000   1034355    0.00    0.00    0.00    0.00    0.00    20  run-pyroscope.s
03:41:12 PM  1000   1034357    1.00    0.00    0.00    0.00    1.00    20  prometheus
03:41:12 PM  1000   1034359    3.00    0.00    0.00    0.00    3.00    16  tempo
03:41:12 PM  1000   1034360    0.00    0.00    0.00    0.00    0.00    18  loki
03:41:12 PM  1000   1034368    0.00    0.00    0.00    0.00    0.00    18  pyroscope

03:41:11 PM   UID       PID   cswch/s nvcswch/s  Command
03:41:12 PM  1000   1034337      0.00      0.00  run-grafana.sh
03:41:12 PM  1000   1034339      0.00      0.00  run-loki.sh
03:41:12 PM  1000   1034341      0.00      0.00  grafana
03:41:12 PM  1000   1034342      0.00      0.00  run-otelcol.sh
03:41:12 PM  1000   1034345      0.00      0.00  run-prometheus.
03:41:12 PM  1000   1034347      0.00      0.00  otelcol-contrib
03:41:12 PM  1000   1034349      0.00      0.00  run-tempo.sh
03:41:12 PM  1000   1034355      0.00      0.00  run-pyroscope.s
03:41:12 PM  1000   1034357      5.00      0.00  prometheus
03:41:12 PM  1000   1034359     30.00      2.00  tempo
03:41:12 PM  1000   1034360      0.00      0.00  loki
03:41:12 PM  1000   1034368     25.00      0.00  pyroscope

03:41:12 PM   UID       PID    %usr %system  %guest   %wait    %CPU   CPU  Command
03:41:13 PM  1000   1034337    0.00    0.00    0.00    0.00    0.00    18  run-grafana.sh
03:41:13 PM  1000   1034339    0.00    0.00    0.00    0.00    0.00    20  run-loki.sh
03:41:13 PM  1000   1034341    0.00    0.00    0.00    0.00    0.00    18  grafana
03:41:13 PM  1000   1034342    0.00    0.00    0.00    0.00    0.00    16  run-otelcol.sh
03:41:13 PM  1000   1034345    0.00    0.00    0.00    0.00    0.00    20  run-prometheus.
03:41:13 PM  1000   1034347    1.00    0.00    0.00    0.00    1.00    20  otelcol-contrib
03:41:13 PM  1000   1034349    0.00    0.00    0.00    0.00    0.00    16  run-tempo.sh
03:41:13 PM  1000   1034355    0.00    0.00    0.00    0.00    0.00    20  run-pyroscope.s
03:41:13 PM  1000   1034357    0.00    0.00    0.00    0.00    0.00    16  prometheus
03:41:13 PM  1000   1034359    2.00    0.00    0.00    0.00    2.00    20  tempo
03:41:13 PM  1000   1034360    0.00    0.00    0.00    0.00    0.00    18  loki
03:41:13 PM  1000   1034368    0.00    0.00    0.00    0.00    0.00    20  pyroscope

03:41:12 PM   UID       PID   cswch/s nvcswch/s  Command
03:41:13 PM  1000   1034337      0.00      0.00  run-grafana.sh
03:41:13 PM  1000   1034339      0.00      0.00  run-loki.sh
03:41:13 PM  1000   1034341      0.00      0.00  grafana
03:41:13 PM  1000   1034342      0.00      0.00  run-otelcol.sh
03:41:13 PM  1000   1034345      0.00      0.00  run-prometheus.
03:41:13 PM  1000   1034347      0.00      0.00  otelcol-contrib
03:41:13 PM  1000   1034349      0.00      0.00  run-tempo.sh
03:41:13 PM  1000   1034355      0.00      0.00  run-pyroscope.s
03:41:13 PM  1000   1034357      1.00      0.00  prometheus
03:41:13 PM  1000   1034359     48.00      1.00  tempo
03:41:13 PM  1000   1034360      0.00      0.00  loki
03:41:13 PM  1000   1034368     36.00      0.00  pyroscope

03:41:13 PM   UID       PID    %usr %system  %guest   %wait    %CPU   CPU  Command
03:41:14 PM  1000   1034337    0.00    0.00    0.00    0.00    0.00    18  run-grafana.sh
03:41:14 PM  1000   1034339    0.00    0.00    0.00    0.00    0.00    20  run-loki.sh
03:41:14 PM  1000   1034341    0.00    0.00    0.00    0.00    0.00    18  grafana
03:41:14 PM  1000   1034342    0.00    0.00    0.00    0.00    0.00    16  run-otelcol.sh
03:41:14 PM  1000   1034345    0.00    0.00    0.00    0.00    0.00    20  run-prometheus.
03:41:14 PM  1000   1034347    1.00    0.00    0.00    0.00    1.00    20  otelcol-contrib
03:41:14 PM  1000   1034349    0.00    0.00    0.00    0.00    0.00    16  run-tempo.sh
03:41:14 PM  1000   1034355    0.00    0.00    0.00    0.00    0.00    20  run-pyroscope.s
03:41:14 PM  1000   1034357    0.00    0.00    0.00    0.00    0.00    20  prometheus
03:41:14 PM  1000   1034359    5.00    0.00    0.00    0.00    5.00    16  tempo
03:41:14 PM  1000   1034360    0.00    0.00    0.00    0.00    0.00    18  loki
03:41:14 PM  1000   1034368    1.00    0.00    0.00    0.00    1.00    16  pyroscope

03:41:13 PM   UID       PID   cswch/s nvcswch/s  Command
03:41:14 PM  1000   1034337      0.00      0.00  run-grafana.sh
03:41:14 PM  1000   1034339      0.00      0.00  run-loki.sh
03:41:14 PM  1000   1034341      0.00      0.00  grafana
03:41:14 PM  1000   1034342      0.00      0.00  run-otelcol.sh
03:41:14 PM  1000   1034345      0.00      0.00  run-prometheus.
03:41:14 PM  1000   1034347      0.00      0.00  otelcol-contrib
03:41:14 PM  1000   1034349      0.00      0.00  run-tempo.sh
03:41:14 PM  1000   1034355      0.00      0.00  run-pyroscope.s
03:41:14 PM  1000   1034357      2.00      0.00  prometheus
03:41:14 PM  1000   1034359     54.00      0.00  tempo
03:41:14 PM  1000   1034360      0.00      0.00  loki
03:41:14 PM  1000   1034368     44.00      0.00  pyroscope

03:41:14 PM   UID       PID    %usr %system  %guest   %wait    %CPU   CPU  Command
03:41:15 PM  1000   1034337    0.00    0.00    0.00    0.00    0.00    18  run-grafana.sh
03:41:15 PM  1000   1034339    0.00    0.00    0.00    0.00    0.00    20  run-loki.sh
03:41:15 PM  1000   1034341    0.00    0.00    0.00    0.00    0.00    18  grafana
03:41:15 PM  1000   1034342    0.00    0.00    0.00    0.00    0.00    16  run-otelcol.sh
03:41:15 PM  1000   1034345    0.00    0.00    0.00    0.00    0.00    20  run-prometheus.
03:41:15 PM  1000   1034347    4.00    0.00    0.00    0.00    4.00    20  otelcol-contrib
03:41:15 PM  1000   1034349    0.00    0.00    0.00    0.00    0.00    16  run-tempo.sh
03:41:15 PM  1000   1034355    0.00    0.00    0.00    0.00    0.00    20  run-pyroscope.s
03:41:15 PM  1000   1034357    0.00    0.00    0.00    0.00    0.00    20  prometheus
03:41:15 PM  1000   1034359    9.00    2.00    0.00    0.00   11.00    18  tempo
03:41:15 PM  1000   1034360    0.00    0.00    0.00    0.00    0.00    18  loki
03:41:15 PM  1000   1034368    0.00    0.00    0.00    0.00    0.00    16  pyroscope

03:41:14 PM   UID       PID   cswch/s nvcswch/s  Command
03:41:15 PM  1000   1034337      0.00      0.00  run-grafana.sh
03:41:15 PM  1000   1034339      0.00      0.00  run-loki.sh
03:41:15 PM  1000   1034341      0.00      0.00  grafana
03:41:15 PM  1000   1034342      0.00      0.00  run-otelcol.sh
03:41:15 PM  1000   1034345      0.00      0.00  run-prometheus.
03:41:15 PM  1000   1034347      0.00      0.00  otelcol-contrib
03:41:15 PM  1000   1034349      0.00      0.00  run-tempo.sh
03:41:15 PM  1000   1034355      0.00      0.00  run-pyroscope.s
03:41:15 PM  1000   1034357      1.00      0.00  prometheus
03:41:15 PM  1000   1034359     54.00      7.00  tempo
03:41:15 PM  1000   1034360      0.00      0.00  loki
03:41:15 PM  1000   1034368      6.00      0.00  pyroscope

03:41:15 PM   UID       PID    %usr %system  %guest   %wait    %CPU   CPU  Command
03:41:16 PM  1000   1034337    0.00    0.00    0.00    0.00    0.00    18  run-grafana.sh
03:41:16 PM  1000   1034339    0.00    0.00    0.00    0.00    0.00    20  run-loki.sh
03:41:16 PM  1000   1034341    0.00    0.00    0.00    0.00    0.00    18  grafana
03:41:16 PM  1000   1034342    0.00    0.00    0.00    0.00    0.00    16  run-otelcol.sh
03:41:16 PM  1000   1034345    0.00    0.00    0.00    0.00    0.00    20  run-prometheus.
03:41:16 PM  1000   1034347    1.00    0.00    0.00    0.00    1.00    20  otelcol-contrib
03:41:16 PM  1000   1034349    0.00    0.00    0.00    0.00    0.00    16  run-tempo.sh
03:41:16 PM  1000   1034355    0.00    0.00    0.00    0.00    0.00    20  run-pyroscope.s
03:41:16 PM  1000   1034357    1.00    0.00    0.00    0.00    1.00    20  prometheus
03:41:16 PM  1000   1034359   11.00    0.00    0.00    0.00   11.00    18  tempo
03:41:16 PM  1000   1034360    1.00    1.00    0.00    0.00    2.00    18  loki
03:41:16 PM  1000   1034368    0.00    0.00    0.00    0.00    0.00    16  pyroscope

03:41:15 PM   UID       PID   cswch/s nvcswch/s  Command
03:41:16 PM  1000   1034337      0.00      0.00  run-grafana.sh
03:41:16 PM  1000   1034339      0.00      0.00  run-loki.sh
03:41:16 PM  1000   1034341      0.00      0.00  grafana
03:41:16 PM  1000   1034342      0.00      0.00  run-otelcol.sh
03:41:16 PM  1000   1034345      0.00      0.00  run-prometheus.
03:41:16 PM  1000   1034347      0.00      0.00  otelcol-contrib
03:41:16 PM  1000   1034349      0.00      0.00  run-tempo.sh
03:41:16 PM  1000   1034355      0.00      0.00  run-pyroscope.s
03:41:16 PM  1000   1034357      1.00      0.00  prometheus
03:41:16 PM  1000   1034359     31.00      1.00  tempo
03:41:16 PM  1000   1034360      0.00      0.00  loki
03:41:16 PM  1000   1034368      0.00      0.00  pyroscope

03:41:16 PM   UID       PID    %usr %system  %guest   %wait    %CPU   CPU  Command
03:41:17 PM  1000   1034337    0.00    0.00    0.00    0.00    0.00    18  run-grafana.sh
03:41:17 PM  1000   1034339    0.00    0.00    0.00    0.00    0.00    20  run-loki.sh
03:41:17 PM  1000   1034341    0.00    0.00    0.00    0.00    0.00    18  grafana
03:41:17 PM  1000   1034342    0.00    0.00    0.00    0.00    0.00    16  run-otelcol.sh
03:41:17 PM  1000   1034345    0.00    0.00    0.00    0.00    0.00    20  run-prometheus.
03:41:17 PM  1000   1034347    2.00    1.00    0.00    0.00    3.00    20  otelcol-contrib
03:41:17 PM  1000   1034349    0.00    0.00    0.00    0.00    0.00    16  run-tempo.sh
03:41:17 PM  1000   1034355    0.00    0.00    0.00    0.00    0.00    20  run-pyroscope.s
03:41:17 PM  1000   1034357    0.00    0.00    0.00    0.00    0.00    16  prometheus
03:41:17 PM  1000   1034359    4.00    1.00    0.00    0.00    5.00    20  tempo
03:41:17 PM  1000   1034360    0.00    0.00    0.00    0.00    0.00    18  loki
03:41:17 PM  1000   1034368    0.00    0.00    0.00    0.00    0.00    16  pyroscope

03:41:16 PM   UID       PID   cswch/s nvcswch/s  Command
03:41:17 PM  1000   1034337      0.00      0.00  run-grafana.sh
03:41:17 PM  1000   1034339      0.00      0.00  run-loki.sh
03:41:17 PM  1000   1034341      0.00      0.00  grafana
03:41:17 PM  1000   1034342      0.00      0.00  run-otelcol.sh
03:41:17 PM  1000   1034345      0.00      0.00  run-prometheus.
03:41:17 PM  1000   1034347      0.00      0.00  otelcol-contrib
03:41:17 PM  1000   1034349      0.00      0.00  run-tempo.sh
03:41:17 PM  1000   1034355      0.00      0.00  run-pyroscope.s
03:41:17 PM  1000   1034357      3.00      0.00  prometheus
03:41:17 PM  1000   1034359     52.00      2.00  tempo
03:41:17 PM  1000   1034360      0.00      0.00  loki
03:41:17 PM  1000   1034368      0.00      0.00  pyroscope

03:41:17 PM   UID       PID    %usr %system  %guest   %wait    %CPU   CPU  Command
03:41:18 PM  1000   1034337    0.00    0.00    0.00    0.00    0.00    18  run-grafana.sh
03:41:18 PM  1000   1034339    0.00    0.00    0.00    0.00    0.00    20  run-loki.sh
03:41:18 PM  1000   1034341    0.00    0.00    0.00    0.00    0.00    18  grafana
03:41:18 PM  1000   1034342    0.00    0.00    0.00    0.00    0.00    16  run-otelcol.sh
03:41:18 PM  1000   1034345    0.00    0.00    0.00    0.00    0.00    20  run-prometheus.
03:41:18 PM  1000   1034347    1.00    0.00    0.00    0.00    1.00    20  otelcol-contrib
03:41:18 PM  1000   1034349    0.00    0.00    0.00    0.00    0.00    16  run-tempo.sh
03:41:18 PM  1000   1034355    0.00    0.00    0.00    0.00    0.00    20  run-pyroscope.s
03:41:18 PM  1000   1034357    0.00    0.00    0.00    0.00    0.00    16  prometheus
03:41:18 PM  1000   1034359   13.00    0.00    0.00    1.00   13.00    20  tempo
03:41:18 PM  1000   1034360    0.00    0.00    0.00    0.00    0.00    18  loki
03:41:18 PM  1000   1034368    0.00    0.00    0.00    0.00    0.00    20  pyroscope

03:41:17 PM   UID       PID   cswch/s nvcswch/s  Command
03:41:18 PM  1000   1034337      0.00      0.00  run-grafana.sh
03:41:18 PM  1000   1034339      0.00      0.00  run-loki.sh
03:41:18 PM  1000   1034341      0.00      0.00  grafana
03:41:18 PM  1000   1034342      0.00      0.00  run-otelcol.sh
03:41:18 PM  1000   1034345      0.00      0.00  run-prometheus.
03:41:18 PM  1000   1034347      0.00      0.00  otelcol-contrib
03:41:18 PM  1000   1034349      0.00      0.00  run-tempo.sh
03:41:18 PM  1000   1034355      0.00      0.00  run-pyroscope.s
03:41:18 PM  1000   1034357      2.00      0.00  prometheus
03:41:18 PM  1000   1034359     54.00      1.00  tempo
03:41:18 PM  1000   1034360      0.00      0.00  loki
03:41:18 PM  1000   1034368     38.00      0.00  pyroscope

03:41:18 PM   UID       PID    %usr %system  %guest   %wait    %CPU   CPU  Command
03:41:19 PM  1000   1034337    0.00    0.00    0.00    0.00    0.00    18  run-grafana.sh
03:41:19 PM  1000   1034339    0.00    0.00    0.00    0.00    0.00    20  run-loki.sh
03:41:19 PM  1000   1034341    3.00    0.00    0.00    0.00    3.00    18  grafana
03:41:19 PM  1000   1034342    0.00    0.00    0.00    0.00    0.00    16  run-otelcol.sh
03:41:19 PM  1000   1034345    0.00    0.00    0.00    0.00    0.00    20  run-prometheus.
03:41:19 PM  1000   1034347    2.00    0.00    0.00    0.00    2.00    20  otelcol-contrib
03:41:19 PM  1000   1034349    0.00    0.00    0.00    0.00    0.00    16  run-tempo.sh
03:41:19 PM  1000   1034355    0.00    0.00    0.00    0.00    0.00    20  run-pyroscope.s
03:41:19 PM  1000   1034357    0.00    0.00    0.00    0.00    0.00    16  prometheus
03:41:19 PM  1000   1034359   15.00    1.00    0.00    0.00   16.00    16  tempo
03:41:19 PM  1000   1034360    0.00    0.00    0.00    0.00    0.00    18  loki
03:41:19 PM  1000   1034368    0.00    0.00    0.00    0.00    0.00    20  pyroscope

03:41:18 PM   UID       PID   cswch/s nvcswch/s  Command
03:41:19 PM  1000   1034337      0.00      0.00  run-grafana.sh
03:41:19 PM  1000   1034339      0.00      0.00  run-loki.sh
03:41:19 PM  1000   1034341      0.00      0.00  grafana
03:41:19 PM  1000   1034342      0.00      0.00  run-otelcol.sh
03:41:19 PM  1000   1034345      0.00      0.00  run-prometheus.
03:41:19 PM  1000   1034347      0.00      0.00  otelcol-contrib
03:41:19 PM  1000   1034349      0.00      0.00  run-tempo.sh
03:41:19 PM  1000   1034355      0.00      0.00  run-pyroscope.s
03:41:19 PM  1000   1034357      1.00      0.00  prometheus
03:41:19 PM  1000   1034359     26.00      3.00  tempo
03:41:19 PM  1000   1034360      0.00      0.00  loki
03:41:19 PM  1000   1034368      0.00      0.00  pyroscope

03:41:19 PM   UID       PID    %usr %system  %guest   %wait    %CPU   CPU  Command
03:41:20 PM  1000   1034337    0.00    0.00    0.00    0.00    0.00    18  run-grafana.sh
03:41:20 PM  1000   1034339    0.00    0.00    0.00    0.00    0.00    20  run-loki.sh
03:41:20 PM  1000   1034341    0.00    0.00    0.00    0.00    0.00    18  grafana
03:41:20 PM  1000   1034342    0.00    0.00    0.00    0.00    0.00    16  run-otelcol.sh
03:41:20 PM  1000   1034345    0.00    0.00    0.00    0.00    0.00    20  run-prometheus.
03:41:20 PM  1000   1034347    1.00    0.00    0.00    0.00    1.00    20  otelcol-contrib
03:41:20 PM  1000   1034349    0.00    0.00    0.00    0.00    0.00    16  run-tempo.sh
03:41:20 PM  1000   1034355    0.00    0.00    0.00    0.00    0.00    20  run-pyroscope.s
03:41:20 PM  1000   1034357    0.00    0.00    0.00    0.00    0.00    16  prometheus
03:41:20 PM  1000   1034359   15.00    1.00    0.00    0.00   16.00    20  tempo
03:41:20 PM  1000   1034360    0.00    1.00    0.00    0.00    1.00    18  loki
03:41:20 PM  1000   1034368    0.00    0.00    0.00    0.00    0.00    20  pyroscope

03:41:19 PM   UID       PID   cswch/s nvcswch/s  Command
03:41:20 PM  1000   1034337      0.00      0.00  run-grafana.sh
03:41:20 PM  1000   1034339      0.00      0.00  run-loki.sh
03:41:20 PM  1000   1034341      0.00      0.00  grafana
03:41:20 PM  1000   1034342      0.00      0.00  run-otelcol.sh
03:41:20 PM  1000   1034345      0.00      0.00  run-prometheus.
03:41:20 PM  1000   1034347      0.00      0.00  otelcol-contrib
03:41:20 PM  1000   1034349      0.00      0.00  run-tempo.sh
03:41:20 PM  1000   1034355      0.00      0.00  run-pyroscope.s
03:41:20 PM  1000   1034357      2.00      0.00  prometheus
03:41:20 PM  1000   1034359     50.00      4.00  tempo
03:41:20 PM  1000   1034360      0.00      0.00  loki
03:41:20 PM  1000   1034368      0.00      0.00  pyroscope

03:41:20 PM   UID       PID    %usr %system  %guest   %wait    %CPU   CPU  Command
03:41:21 PM  1000   1034337    0.00    0.00    0.00    0.00    0.00    18  run-grafana.sh
03:41:21 PM  1000   1034339    0.00    0.00    0.00    0.00    0.00    20  run-loki.sh
03:41:21 PM  1000   1034341    0.00    0.00    0.00    0.00    0.00    18  grafana
03:41:21 PM  1000   1034342    0.00    0.00    0.00    0.00    0.00    16  run-otelcol.sh
03:41:21 PM  1000   1034345    0.00    0.00    0.00    0.00    0.00    20  run-prometheus.
03:41:21 PM  1000   1034347    3.00    0.00    0.00    0.00    3.00    20  otelcol-contrib
03:41:21 PM  1000   1034349    0.00    0.00    0.00    0.00    0.00    16  run-tempo.sh
03:41:21 PM  1000   1034355    0.00    0.00    0.00    0.00    0.00    20  run-pyroscope.s
03:41:21 PM  1000   1034357    0.00    0.00    0.00    0.00    0.00    18  prometheus
03:41:21 PM  1000   1034359    4.00    0.00    0.00    0.00    4.00    20  tempo
03:41:21 PM  1000   1034360    1.00    0.00    0.00    0.00    1.00    18  loki
03:41:21 PM  1000   1034368    1.00    0.00    0.00    0.00    1.00    20  pyroscope

03:41:20 PM   UID       PID   cswch/s nvcswch/s  Command
03:41:21 PM  1000   1034337      0.00      0.00  run-grafana.sh
03:41:21 PM  1000   1034339      0.00      0.00  run-loki.sh
03:41:21 PM  1000   1034341      0.00      0.00  grafana
03:41:21 PM  1000   1034342      0.00      0.00  run-otelcol.sh
03:41:21 PM  1000   1034345      0.00      0.00  run-prometheus.
03:41:21 PM  1000   1034347      0.00      0.00  otelcol-contrib
03:41:21 PM  1000   1034349      0.00      0.00  run-tempo.sh
03:41:21 PM  1000   1034355      0.00      0.00  run-pyroscope.s
03:41:21 PM  1000   1034357      3.00      0.00  prometheus
03:41:21 PM  1000   1034359     50.00      2.00  tempo
03:41:21 PM  1000   1034360      0.00      0.00  loki
03:41:21 PM  1000   1034368      0.00      0.00  pyroscope

03:41:21 PM   UID       PID    %usr %system  %guest   %wait    %CPU   CPU  Command
03:41:22 PM  1000   1034337    0.00    0.00    0.00    0.00    0.00    18  run-grafana.sh
03:41:22 PM  1000   1034339    0.00    0.00    0.00    0.00    0.00    20  run-loki.sh
03:41:22 PM  1000   1034341    0.00    0.00    0.00    0.00    0.00    18  grafana
03:41:22 PM  1000   1034342    0.00    0.00    0.00    0.00    0.00    16  run-otelcol.sh
03:41:22 PM  1000   1034345    0.00    0.00    0.00    0.00    0.00    20  run-prometheus.
03:41:22 PM  1000   1034347    2.00    0.00    0.00    0.00    2.00    20  otelcol-contrib
03:41:22 PM  1000   1034349    0.00    0.00    0.00    0.00    0.00    16  run-tempo.sh
03:41:22 PM  1000   1034355    0.00    0.00    0.00    0.00    0.00    20  run-pyroscope.s
03:41:22 PM  1000   1034357    0.00    0.00    0.00    0.00    0.00    16  prometheus
03:41:22 PM  1000   1034359   27.00    2.00    0.00    0.00   29.00    18  tempo
03:41:22 PM  1000   1034360    0.00    0.00    0.00    0.00    0.00    18  loki
03:41:22 PM  1000   1034368    0.00    0.00    0.00    0.00    0.00    20  pyroscope

03:41:21 PM   UID       PID   cswch/s nvcswch/s  Command
03:41:22 PM  1000   1034337      0.00      0.00  run-grafana.sh
03:41:22 PM  1000   1034339      0.00      0.00  run-loki.sh
03:41:22 PM  1000   1034341      0.00      0.00  grafana
03:41:22 PM  1000   1034342      0.00      0.00  run-otelcol.sh
03:41:22 PM  1000   1034345      0.00      0.00  run-prometheus.
03:41:22 PM  1000   1034347      0.00      0.00  otelcol-contrib
03:41:22 PM  1000   1034349      0.00      0.00  run-tempo.sh
03:41:22 PM  1000   1034355      0.00      0.00  run-pyroscope.s
03:41:22 PM  1000   1034357      6.00      0.00  prometheus
03:41:22 PM  1000   1034359     75.00      4.00  tempo
03:41:22 PM  1000   1034360      0.00      0.00  loki
03:41:22 PM  1000   1034368      0.00      0.00  pyroscope

03:41:22 PM   UID       PID    %usr %system  %guest   %wait    %CPU   CPU  Command
03:41:23 PM  1000   1034337    0.00    0.00    0.00    0.00    0.00    18  run-grafana.sh
03:41:23 PM  1000   1034339    0.00    0.00    0.00    0.00    0.00    20  run-loki.sh
03:41:23 PM  1000   1034341    0.00    0.00    0.00    0.00    0.00    18  grafana
03:41:23 PM  1000   1034342    0.00    0.00    0.00    0.00    0.00    16  run-otelcol.sh
03:41:23 PM  1000   1034345    0.00    0.00    0.00    0.00    0.00    20  run-prometheus.
03:41:23 PM  1000   1034347    2.00    0.00    0.00    0.00    2.00    20  otelcol-contrib
03:41:23 PM  1000   1034349    0.00    0.00    0.00    0.00    0.00    16  run-tempo.sh
03:41:23 PM  1000   1034355    0.00    0.00    0.00    0.00    0.00    20  run-pyroscope.s
03:41:23 PM  1000   1034357    0.00    0.00    0.00    0.00    0.00    18  prometheus
03:41:23 PM  1000   1034359    4.00    3.00    0.00    0.00    7.00    16  tempo
03:41:23 PM  1000   1034360    0.00    0.00    0.00    0.00    0.00    18  loki
03:41:23 PM  1000   1034368    2.00    1.00    0.00    0.00    3.00    20  pyroscope

03:41:22 PM   UID       PID   cswch/s nvcswch/s  Command
03:41:23 PM  1000   1034337      0.00      0.00  run-grafana.sh
03:41:23 PM  1000   1034339      0.00      0.00  run-loki.sh
03:41:23 PM  1000   1034341      0.00      0.00  grafana
03:41:23 PM  1000   1034342      0.00      0.00  run-otelcol.sh
03:41:23 PM  1000   1034345      0.00      0.00  run-prometheus.
03:41:23 PM  1000   1034347      0.00      0.00  otelcol-contrib
03:41:23 PM  1000   1034349      0.00      0.00  run-tempo.sh
03:41:23 PM  1000   1034355      0.00      0.00  run-pyroscope.s
03:41:23 PM  1000   1034357      1.00      0.00  prometheus
03:41:23 PM  1000   1034359     51.00      7.00  tempo
03:41:23 PM  1000   1034360      0.00      0.00  loki
03:41:23 PM  1000   1034368      1.00      0.00  pyroscope

03:41:23 PM   UID       PID    %usr %system  %guest   %wait    %CPU   CPU  Command
03:41:24 PM  1000   1034337    0.00    0.00    0.00    0.00    0.00    18  run-grafana.sh
03:41:24 PM  1000   1034339    0.00    0.00    0.00    0.00    0.00    20  run-loki.sh
03:41:24 PM  1000   1034341    0.00    0.00    0.00    0.00    0.00    18  grafana
03:41:24 PM  1000   1034342    0.00    0.00    0.00    0.00    0.00    16  run-otelcol.sh
03:41:24 PM  1000   1034345    0.00    0.00    0.00    0.00    0.00    20  run-prometheus.
03:41:24 PM  1000   1034347    1.00    1.00    0.00    0.00    2.00    20  otelcol-contrib
03:41:24 PM  1000   1034349    0.00    0.00    0.00    0.00    0.00    16  run-tempo.sh
03:41:24 PM  1000   1034355    0.00    0.00    0.00    0.00    0.00    20  run-pyroscope.s
03:41:24 PM  1000   1034357    0.00    0.00    0.00    0.00    0.00    16  prometheus
03:41:24 PM  1000   1034359   15.00    3.00    0.00    0.00   18.00    18  tempo
03:41:24 PM  1000   1034360    0.00    0.00    0.00    0.00    0.00    18  loki
03:41:24 PM  1000   1034368    0.00    0.00    0.00    0.00    0.00    18  pyroscope

03:41:23 PM   UID       PID   cswch/s nvcswch/s  Command
03:41:24 PM  1000   1034337      0.00      0.00  run-grafana.sh
03:41:24 PM  1000   1034339      0.00      0.00  run-loki.sh
03:41:24 PM  1000   1034341      0.00      0.00  grafana
03:41:24 PM  1000   1034342      0.00      0.00  run-otelcol.sh
03:41:24 PM  1000   1034345      0.00      0.00  run-prometheus.
03:41:24 PM  1000   1034347      0.00      0.00  otelcol-contrib
03:41:24 PM  1000   1034349      0.00      0.00  run-tempo.sh
03:41:24 PM  1000   1034355      0.00      0.00  run-pyroscope.s
03:41:24 PM  1000   1034357      1.00      0.00  prometheus
03:41:24 PM  1000   1034359     42.00     45.00  tempo
03:41:24 PM  1000   1034360      0.00      0.00  loki
03:41:24 PM  1000   1034368     30.00      0.00  pyroscope

03:41:24 PM   UID       PID    %usr %system  %guest   %wait    %CPU   CPU  Command
03:41:25 PM  1000   1034337    0.00    0.00    0.00    0.00    0.00    18  run-grafana.sh
03:41:25 PM  1000   1034339    0.00    0.00    0.00    0.00    0.00    20  run-loki.sh
03:41:25 PM  1000   1034341    0.00    0.00    0.00    0.00    0.00    18  grafana
03:41:25 PM  1000   1034342    0.00    0.00    0.00    0.00    0.00    16  run-otelcol.sh
03:41:25 PM  1000   1034345    0.00    0.00    0.00    0.00    0.00    20  run-prometheus.
03:41:25 PM  1000   1034347    1.00    0.00    0.00    0.00    1.00    20  otelcol-contrib
03:41:25 PM  1000   1034349    0.00    0.00    0.00    0.00    0.00    16  run-tempo.sh
03:41:25 PM  1000   1034355    0.00    0.00    0.00    0.00    0.00    20  run-pyroscope.s
03:41:25 PM  1000   1034357    1.00    0.00    0.00    0.00    1.00    16  prometheus
03:41:25 PM  1000   1034359   11.00    0.00    0.00    0.00   11.00    16  tempo
03:41:25 PM  1000   1034360    0.00    0.00    0.00    0.00    0.00    18  loki
03:41:25 PM  1000   1034368    1.00    0.00    0.00    0.00    1.00    16  pyroscope

03:41:24 PM   UID       PID   cswch/s nvcswch/s  Command
03:41:25 PM  1000   1034337      0.00      0.00  run-grafana.sh
03:41:25 PM  1000   1034339      0.00      0.00  run-loki.sh
03:41:25 PM  1000   1034341      0.00      0.00  grafana
03:41:25 PM  1000   1034342      0.00      0.00  run-otelcol.sh
03:41:25 PM  1000   1034345      0.00      0.00  run-prometheus.
03:41:25 PM  1000   1034347      0.00      0.00  otelcol-contrib
03:41:25 PM  1000   1034349      0.00      0.00  run-tempo.sh
03:41:25 PM  1000   1034355      0.00      0.00  run-pyroscope.s
03:41:25 PM  1000   1034357      1.00      0.00  prometheus
03:41:25 PM  1000   1034359     52.00     12.00  tempo
03:41:25 PM  1000   1034360      0.00      0.00  loki
03:41:25 PM  1000   1034368     51.00      0.00  pyroscope

03:41:25 PM   UID       PID    %usr %system  %guest   %wait    %CPU   CPU  Command
03:41:26 PM  1000   1034337    0.00    0.00    0.00    0.00    0.00    18  run-grafana.sh
03:41:26 PM  1000   1034339    0.00    0.00    0.00    0.00    0.00    20  run-loki.sh
03:41:26 PM  1000   1034341    0.00    0.00    0.00    0.00    0.00    18  grafana
03:41:26 PM  1000   1034342    0.00    0.00    0.00    0.00    0.00    16  run-otelcol.sh
03:41:26 PM  1000   1034345    0.00    0.00    0.00    0.00    0.00    20  run-prometheus.
03:41:26 PM  1000   1034347    4.00    0.00    0.00    0.00    4.00    20  otelcol-contrib
03:41:26 PM  1000   1034349    0.00    0.00    0.00    0.00    0.00    16  run-tempo.sh
03:41:26 PM  1000   1034355    0.00    0.00    0.00    0.00    0.00    20  run-pyroscope.s
03:41:26 PM  1000   1034357    0.00    0.00    0.00    0.00    0.00    16  prometheus
03:41:26 PM  1000   1034359    5.00    0.00    0.00    0.00    5.00    16  tempo
03:41:26 PM  1000   1034360    1.00    0.00    0.00    0.00    1.00    18  loki
03:41:26 PM  1000   1034368    0.00    0.00    0.00    0.00    0.00    16  pyroscope

03:41:25 PM   UID       PID   cswch/s nvcswch/s  Command
03:41:26 PM  1000   1034337      0.00      0.00  run-grafana.sh
03:41:26 PM  1000   1034339      0.00      0.00  run-loki.sh
03:41:26 PM  1000   1034341      0.00      0.00  grafana
03:41:26 PM  1000   1034342      0.00      0.00  run-otelcol.sh
03:41:26 PM  1000   1034345      0.00      0.00  run-prometheus.
03:41:26 PM  1000   1034347      0.00      0.00  otelcol-contrib
03:41:26 PM  1000   1034349      0.00      0.00  run-tempo.sh
03:41:26 PM  1000   1034355      0.00      0.00  run-pyroscope.s
03:41:26 PM  1000   1034357      1.00      0.00  prometheus
03:41:26 PM  1000   1034359     48.00      3.00  tempo
03:41:26 PM  1000   1034360      0.00      0.00  loki
03:41:26 PM  1000   1034368     26.00      0.00  pyroscope

03:41:26 PM   UID       PID    %usr %system  %guest   %wait    %CPU   CPU  Command
03:41:27 PM  1000   1034337    0.00    0.00    0.00    0.00    0.00    18  run-grafana.sh
03:41:27 PM  1000   1034339    0.00    0.00    0.00    0.00    0.00    20  run-loki.sh
03:41:27 PM  1000   1034341    0.00    0.00    0.00    0.00    0.00    18  grafana
03:41:27 PM  1000   1034342    0.00    0.00    0.00    0.00    0.00    16  run-otelcol.sh
03:41:27 PM  1000   1034345    0.00    0.00    0.00    0.00    0.00    20  run-prometheus.
03:41:27 PM  1000   1034347    1.00    0.00    0.00    0.00    1.00    20  otelcol-contrib
03:41:27 PM  1000   1034349    0.00    0.00    0.00    0.00    0.00    16  run-tempo.sh
03:41:27 PM  1000   1034355    0.00    0.00    0.00    0.00    0.00    20  run-pyroscope.s
03:41:27 PM  1000   1034357    0.00    0.00    0.00    0.00    0.00    16  prometheus
03:41:27 PM  1000   1034359   15.00    2.00    0.00    0.00   17.00    16  tempo
03:41:27 PM  1000   1034360    0.00    0.00    0.00    0.00    0.00    18  loki
03:41:27 PM  1000   1034368    0.00    0.00    0.00    0.00    0.00    20  pyroscope

03:41:26 PM   UID       PID   cswch/s nvcswch/s  Command
03:41:27 PM  1000   1034337      0.00      0.00  run-grafana.sh
03:41:27 PM  1000   1034339      0.00      0.00  run-loki.sh
03:41:27 PM  1000   1034341      0.00      0.00  grafana
03:41:27 PM  1000   1034342      0.00      0.00  run-otelcol.sh
03:41:27 PM  1000   1034345      0.00      0.00  run-prometheus.
03:41:27 PM  1000   1034347      0.00      0.00  otelcol-contrib
03:41:27 PM  1000   1034349      0.00      0.00  run-tempo.sh
03:41:27 PM  1000   1034355      0.00      0.00  run-pyroscope.s
03:41:27 PM  1000   1034357      3.00      0.00  prometheus
03:41:27 PM  1000   1034359     71.00      0.00  tempo
03:41:27 PM  1000   1034360      0.00      0.00  loki
03:41:27 PM  1000   1034368     26.00      0.00  pyroscope

03:41:27 PM   UID       PID    %usr %system  %guest   %wait    %CPU   CPU  Command
03:41:28 PM  1000   1034337    0.00    0.00    0.00    0.00    0.00    18  run-grafana.sh
03:41:28 PM  1000   1034339    0.00    0.00    0.00    0.00    0.00    20  run-loki.sh
03:41:28 PM  1000   1034341    0.00    0.00    0.00    0.00    0.00    18  grafana
03:41:28 PM  1000   1034342    0.00    0.00    0.00    0.00    0.00    16  run-otelcol.sh
03:41:28 PM  1000   1034345    0.00    0.00    0.00    0.00    0.00    20  run-prometheus.
03:41:28 PM  1000   1034347    2.00    0.00    0.00    0.00    2.00    20  otelcol-contrib
03:41:28 PM  1000   1034349    0.00    0.00    0.00    0.00    0.00    16  run-tempo.sh
03:41:28 PM  1000   1034355    0.00    0.00    0.00    0.00    0.00    20  run-pyroscope.s
03:41:28 PM  1000   1034357    0.00    0.00    0.00    0.00    0.00    18  prometheus
03:41:28 PM  1000   1034359   13.00    1.00    0.00    0.00   14.00    18  tempo
03:41:28 PM  1000   1034360    0.00    0.00    0.00    0.00    0.00    18  loki
03:41:28 PM  1000   1034368    0.00    0.00    0.00    0.00    0.00    20  pyroscope

03:41:27 PM   UID       PID   cswch/s nvcswch/s  Command
03:41:28 PM  1000   1034337      0.00      0.00  run-grafana.sh
03:41:28 PM  1000   1034339      0.00      0.00  run-loki.sh
03:41:28 PM  1000   1034341      0.00      0.00  grafana
03:41:28 PM  1000   1034342      0.00      0.00  run-otelcol.sh
03:41:28 PM  1000   1034345      0.00      0.00  run-prometheus.
03:41:28 PM  1000   1034347      0.00      0.00  otelcol-contrib
03:41:28 PM  1000   1034349      0.00      0.00  run-tempo.sh
03:41:28 PM  1000   1034355      0.00      0.00  run-pyroscope.s
03:41:28 PM  1000   1034357      4.00      0.00  prometheus
03:41:28 PM  1000   1034359     68.00      6.00  tempo
03:41:28 PM  1000   1034360      0.00      0.00  loki
03:41:28 PM  1000   1034368      6.00      0.00  pyroscope

03:41:28 PM   UID       PID    %usr %system  %guest   %wait    %CPU   CPU  Command
03:41:29 PM  1000   1034337    0.00    0.00    0.00    0.00    0.00    18  run-grafana.sh
03:41:29 PM  1000   1034339    0.00    0.00    0.00    0.00    0.00    20  run-loki.sh
03:41:29 PM  1000   1034341    3.00    1.00    0.00    0.00    4.00    18  grafana
03:41:29 PM  1000   1034342    0.00    0.00    0.00    0.00    0.00    16  run-otelcol.sh
03:41:29 PM  1000   1034345    0.00    0.00    0.00    0.00    0.00    20  run-prometheus.
03:41:29 PM  1000   1034347    1.00    1.00    0.00    0.00    2.00    20  otelcol-contrib
03:41:29 PM  1000   1034349    0.00    0.00    0.00    0.00    0.00    16  run-tempo.sh
03:41:29 PM  1000   1034355    0.00    0.00    0.00    0.00    0.00    20  run-pyroscope.s
03:41:29 PM  1000   1034357    0.00    0.00    0.00    0.00    0.00    20  prometheus
03:41:29 PM  1000   1034359    4.00    0.00    0.00    0.00    4.00    18  tempo
03:41:29 PM  1000   1034360    0.00    0.00    0.00    0.00    0.00    18  loki
03:41:29 PM  1000   1034368    0.00    0.00    0.00    0.00    0.00    16  pyroscope

03:41:28 PM   UID       PID   cswch/s nvcswch/s  Command
03:41:29 PM  1000   1034337      0.00      0.00  run-grafana.sh
03:41:29 PM  1000   1034339      0.00      0.00  run-loki.sh
03:41:29 PM  1000   1034341      0.00      0.00  grafana
03:41:29 PM  1000   1034342      0.00      0.00  run-otelcol.sh
03:41:29 PM  1000   1034345      0.00      0.00  run-prometheus.
03:41:29 PM  1000   1034347      0.00      0.00  otelcol-contrib
03:41:29 PM  1000   1034349      0.00      0.00  run-tempo.sh
03:41:29 PM  1000   1034355      0.00      0.00  run-pyroscope.s
03:41:29 PM  1000   1034357      3.00      0.00  prometheus
03:41:29 PM  1000   1034359     58.00      2.00  tempo
03:41:29 PM  1000   1034360      0.00      0.00  loki
03:41:29 PM  1000   1034368     38.00      0.00  pyroscope

03:41:29 PM   UID       PID    %usr %system  %guest   %wait    %CPU   CPU  Command
03:41:30 PM  1000   1034337    0.00    0.00    0.00    0.00    0.00    18  run-grafana.sh
03:41:30 PM  1000   1034339    0.00    0.00    0.00    0.00    0.00    20  run-loki.sh
03:41:30 PM  1000   1034341    0.00    0.00    0.00    0.00    0.00    18  grafana
03:41:30 PM  1000   1034342    0.00    0.00    0.00    0.00    0.00    16  run-otelcol.sh
03:41:30 PM  1000   1034345    0.00    0.00    0.00    0.00    0.00    20  run-prometheus.
03:41:30 PM  1000   1034347    2.00    0.00    0.00    0.00    2.00    20  otelcol-contrib
03:41:30 PM  1000   1034349    0.00    0.00    0.00    0.00    0.00    16  run-tempo.sh
03:41:30 PM  1000   1034355    0.00    0.00    0.00    0.00    0.00    20  run-pyroscope.s
03:41:30 PM  1000   1034357    0.00    0.00    0.00    0.00    0.00    18  prometheus
03:41:30 PM  1000   1034359   11.00    0.00    0.00    0.00   11.00    18  tempo
03:41:30 PM  1000   1034360    1.00    0.00    0.00    0.00    1.00    18  loki
03:41:30 PM  1000   1034368    0.00    0.00    0.00    0.00    0.00    18  pyroscope

03:41:29 PM   UID       PID   cswch/s nvcswch/s  Command
03:41:30 PM  1000   1034337      0.00      0.00  run-grafana.sh
03:41:30 PM  1000   1034339      0.00      0.00  run-loki.sh
03:41:30 PM  1000   1034341      0.00      0.00  grafana
03:41:30 PM  1000   1034342      0.00      0.00  run-otelcol.sh
03:41:30 PM  1000   1034345      0.00      0.00  run-prometheus.
03:41:30 PM  1000   1034347      0.00      0.00  otelcol-contrib
03:41:30 PM  1000   1034349      0.00      0.00  run-tempo.sh
03:41:30 PM  1000   1034355      0.00      0.00  run-pyroscope.s
03:41:30 PM  1000   1034357      3.00      0.00  prometheus
03:41:30 PM  1000   1034359     12.00      0.00  tempo
03:41:30 PM  1000   1034360      0.00      0.00  loki
03:41:30 PM  1000   1034368     39.00      0.00  pyroscope

03:41:30 PM   UID       PID    %usr %system  %guest   %wait    %CPU   CPU  Command
03:41:31 PM  1000   1034337    0.00    0.00    0.00    0.00    0.00    18  run-grafana.sh
03:41:31 PM  1000   1034339    0.00    0.00    0.00    0.00    0.00    20  run-loki.sh
03:41:31 PM  1000   1034341    0.00    0.00    0.00    0.00    0.00    18  grafana
03:41:31 PM  1000   1034342    0.00    0.00    0.00    0.00    0.00    16  run-otelcol.sh
03:41:31 PM  1000   1034345    0.00    0.00    0.00    0.00    0.00    20  run-prometheus.
03:41:31 PM  1000   1034347    3.00    0.00    0.00    0.00    3.00    20  otelcol-contrib
03:41:31 PM  1000   1034349    0.00    0.00    0.00    0.00    0.00    16  run-tempo.sh
03:41:31 PM  1000   1034355    0.00    0.00    0.00    0.00    0.00    20  run-pyroscope.s
03:41:31 PM  1000   1034357    0.00    0.00    0.00    0.00    0.00    16  prometheus
03:41:31 PM  1000   1034359   20.00    1.00    0.00    0.00   21.00    16  tempo
03:41:31 PM  1000   1034360    0.00    0.00    0.00    0.00    0.00    18  loki
03:41:31 PM  1000   1034368    0.00    0.00    0.00    0.00    0.00    20  pyroscope

03:41:30 PM   UID       PID   cswch/s nvcswch/s  Command
03:41:31 PM  1000   1034337      0.00      0.00  run-grafana.sh
03:41:31 PM  1000   1034339      0.00      0.00  run-loki.sh
03:41:31 PM  1000   1034341      0.00      0.00  grafana
03:41:31 PM  1000   1034342      0.00      0.00  run-otelcol.sh
03:41:31 PM  1000   1034345      0.00      0.00  run-prometheus.
03:41:31 PM  1000   1034347      0.00      0.00  otelcol-contrib
03:41:31 PM  1000   1034349      0.00      0.00  run-tempo.sh
03:41:31 PM  1000   1034355      0.00      0.00  run-pyroscope.s
03:41:31 PM  1000   1034357      1.00      0.00  prometheus
03:41:31 PM  1000   1034359     55.00     14.00  tempo
03:41:31 PM  1000   1034360      0.00      0.00  loki
03:41:31 PM  1000   1034368     43.00      0.00  pyroscope

03:41:31 PM   UID       PID    %usr %system  %guest   %wait    %CPU   CPU  Command
03:41:32 PM  1000   1034337    0.00    0.00    0.00    0.00    0.00    18  run-grafana.sh
03:41:32 PM  1000   1034339    0.00    0.00    0.00    0.00    0.00    20  run-loki.sh
03:41:32 PM  1000   1034341    0.00    0.00    0.00    0.00    0.00    18  grafana
03:41:32 PM  1000   1034342    0.00    0.00    0.00    0.00    0.00    16  run-otelcol.sh
03:41:32 PM  1000   1034345    0.00    0.00    0.00    0.00    0.00    20  run-prometheus.
03:41:32 PM  1000   1034347    1.00    0.00    0.00    0.00    1.00    20  otelcol-contrib
03:41:32 PM  1000   1034349    0.00    0.00    0.00    0.00    0.00    16  run-tempo.sh
03:41:32 PM  1000   1034355    0.00    0.00    0.00    0.00    0.00    20  run-pyroscope.s
03:41:32 PM  1000   1034357    0.00    0.00    0.00    0.00    0.00    20  prometheus
03:41:32 PM  1000   1034359   12.00    3.00    0.00    0.00   15.00    16  tempo
03:41:32 PM  1000   1034360    0.00    0.00    0.00    0.00    0.00    18  loki
03:41:32 PM  1000   1034368    1.00    0.00    0.00    0.00    1.00    16  pyroscope

03:41:31 PM   UID       PID   cswch/s nvcswch/s  Command
03:41:32 PM  1000   1034337      0.00      0.00  run-grafana.sh
03:41:32 PM  1000   1034339      0.00      0.00  run-loki.sh
03:41:32 PM  1000   1034341      0.00      0.00  grafana
03:41:32 PM  1000   1034342      0.00      0.00  run-otelcol.sh
03:41:32 PM  1000   1034345      0.00      0.00  run-prometheus.
03:41:32 PM  1000   1034347      0.00      0.00  otelcol-contrib
03:41:32 PM  1000   1034349      0.00      0.00  run-tempo.sh
03:41:32 PM  1000   1034355      0.00      0.00  run-pyroscope.s
03:41:32 PM  1000   1034357      6.00      0.00  prometheus
03:41:32 PM  1000   1034359     63.00      0.00  tempo
03:41:32 PM  1000   1034360      0.00      0.00  loki
03:41:32 PM  1000   1034368     27.00      0.00  pyroscope

03:41:32 PM   UID       PID    %usr %system  %guest   %wait    %CPU   CPU  Command
03:41:33 PM  1000   1034337    0.00    0.00    0.00    0.00    0.00    18  run-grafana.sh
03:41:33 PM  1000   1034339    0.00    0.00    0.00    0.00    0.00    20  run-loki.sh
03:41:33 PM  1000   1034341    0.00    0.00    0.00    0.00    0.00    18  grafana
03:41:33 PM  1000   1034342    0.00    0.00    0.00    0.00    0.00    16  run-otelcol.sh
03:41:33 PM  1000   1034345    0.00    0.00    0.00    0.00    0.00    20  run-prometheus.
03:41:33 PM  1000   1034347    1.00    0.00    0.00    0.00    1.00    20  otelcol-contrib
03:41:33 PM  1000   1034349    0.00    0.00    0.00    0.00    0.00    16  run-tempo.sh
03:41:33 PM  1000   1034355    0.00    0.00    0.00    0.00    0.00    20  run-pyroscope.s
03:41:33 PM  1000   1034357    0.00    0.00    0.00    0.00    0.00    20  prometheus
03:41:33 PM  1000   1034359   11.00    1.00    0.00    0.00   12.00    16  tempo
03:41:33 PM  1000   1034360    0.00    0.00    0.00    0.00    0.00    18  loki
03:41:33 PM  1000   1034368    0.00    0.00    0.00    0.00    0.00    20  pyroscope

03:41:32 PM   UID       PID   cswch/s nvcswch/s  Command
03:41:33 PM  1000   1034337      0.00      0.00  run-grafana.sh
03:41:33 PM  1000   1034339      0.00      0.00  run-loki.sh
03:41:33 PM  1000   1034341      0.00      0.00  grafana
03:41:33 PM  1000   1034342      0.00      0.00  run-otelcol.sh
03:41:33 PM  1000   1034345      0.00      0.00  run-prometheus.
03:41:33 PM  1000   1034347      0.00      0.00  otelcol-contrib
03:41:33 PM  1000   1034349      0.00      0.00  run-tempo.sh
03:41:33 PM  1000   1034355      0.00      0.00  run-pyroscope.s
03:41:33 PM  1000   1034357      1.00      0.00  prometheus
03:41:33 PM  1000   1034359     56.00      2.00  tempo
03:41:33 PM  1000   1034360      0.00      0.00  loki
03:41:33 PM  1000   1034368     46.00      0.00  pyroscope

03:41:33 PM   UID       PID    %usr %system  %guest   %wait    %CPU   CPU  Command
03:41:34 PM  1000   1034337    0.00    0.00    0.00    0.00    0.00    18  run-grafana.sh
03:41:34 PM  1000   1034339    0.00    0.00    0.00    0.00    0.00    20  run-loki.sh
03:41:34 PM  1000   1034341    0.00    0.00    0.00    0.00    0.00    18  grafana
03:41:34 PM  1000   1034342    0.00    0.00    0.00    0.00    0.00    16  run-otelcol.sh
03:41:34 PM  1000   1034345    0.00    0.00    0.00    0.00    0.00    20  run-prometheus.
03:41:34 PM  1000   1034347    2.00    1.00    0.00    0.00    3.00    20  otelcol-contrib
03:41:34 PM  1000   1034349    0.00    0.00    0.00    0.00    0.00    16  run-tempo.sh
03:41:34 PM  1000   1034355    0.00    0.00    0.00    0.00    0.00    20  run-pyroscope.s
03:41:34 PM  1000   1034357    0.00    0.00    0.00    0.00    0.00    20  prometheus
03:41:34 PM  1000   1034359   13.00    1.00    0.00    2.00   14.00    20  tempo
03:41:34 PM  1000   1034360    1.00    0.00    0.00    0.00    1.00    18  loki
03:41:34 PM  1000   1034368    0.00    0.00    0.00    0.00    0.00    18  pyroscope

03:41:33 PM   UID       PID   cswch/s nvcswch/s  Command
03:41:34 PM  1000   1034337      0.00      0.00  run-grafana.sh
03:41:34 PM  1000   1034339      0.00      0.00  run-loki.sh
03:41:34 PM  1000   1034341      0.00      0.00  grafana
03:41:34 PM  1000   1034342      0.00      0.00  run-otelcol.sh
03:41:34 PM  1000   1034345      0.00      0.00  run-prometheus.
03:41:34 PM  1000   1034347      0.00      0.00  otelcol-contrib
03:41:34 PM  1000   1034349      0.00      0.00  run-tempo.sh
03:41:34 PM  1000   1034355      0.00      0.00  run-pyroscope.s
03:41:34 PM  1000   1034357      2.00      0.00  prometheus
03:41:34 PM  1000   1034359     66.00      3.00  tempo
03:41:34 PM  1000   1034360      0.00      0.00  loki
03:41:34 PM  1000   1034368     47.00      0.00  pyroscope

03:41:34 PM   UID       PID    %usr %system  %guest   %wait    %CPU   CPU  Command
03:41:35 PM  1000   1034337    0.00    0.00    0.00    0.00    0.00    18  run-grafana.sh
03:41:35 PM  1000   1034339    0.00    0.00    0.00    0.00    0.00    20  run-loki.sh
03:41:35 PM  1000   1034341    0.00    0.00    0.00    0.00    0.00    18  grafana
03:41:35 PM  1000   1034342    0.00    0.00    0.00    0.00    0.00    16  run-otelcol.sh
03:41:35 PM  1000   1034345    0.00    0.00    0.00    0.00    0.00    20  run-prometheus.
03:41:35 PM  1000   1034347    1.00    0.00    0.00    0.00    1.00    20  otelcol-contrib
03:41:35 PM  1000   1034349    0.00    0.00    0.00    0.00    0.00    16  run-tempo.sh
03:41:35 PM  1000   1034355    0.00    0.00    0.00    0.00    0.00    20  run-pyroscope.s
03:41:35 PM  1000   1034357    1.00    0.00    0.00    0.00    1.00    20  prometheus
03:41:35 PM  1000   1034359    5.00    0.00    0.00    0.00    5.00    20  tempo
03:41:35 PM  1000   1034360    0.00    0.00    0.00    0.00    0.00    18  loki
03:41:35 PM  1000   1034368    0.00    0.00    0.00    0.00    0.00    18  pyroscope

03:41:34 PM   UID       PID   cswch/s nvcswch/s  Command
03:41:35 PM  1000   1034337      0.00      0.00  run-grafana.sh
03:41:35 PM  1000   1034339      0.00      0.00  run-loki.sh
03:41:35 PM  1000   1034341      0.00      0.00  grafana
03:41:35 PM  1000   1034342      0.00      0.00  run-otelcol.sh
03:41:35 PM  1000   1034345      0.00      0.00  run-prometheus.
03:41:35 PM  1000   1034347      0.00      0.00  otelcol-contrib
03:41:35 PM  1000   1034349      0.00      0.00  run-tempo.sh
03:41:35 PM  1000   1034355      0.00      0.00  run-pyroscope.s
03:41:35 PM  1000   1034357      6.00      0.00  prometheus
03:41:35 PM  1000   1034359     62.00      1.00  tempo
03:41:35 PM  1000   1034360      0.00      0.00  loki
03:41:35 PM  1000   1034368      6.00      0.00  pyroscope

03:41:35 PM   UID       PID    %usr %system  %guest   %wait    %CPU   CPU  Command
03:41:36 PM  1000   1034337    0.00    0.00    0.00    0.00    0.00    18  run-grafana.sh
03:41:36 PM  1000   1034339    0.00    0.00    0.00    0.00    0.00    20  run-loki.sh
03:41:36 PM  1000   1034341    0.00    0.00    0.00    0.00    0.00    18  grafana
03:41:36 PM  1000   1034342    0.00    0.00    0.00    0.00    0.00    16  run-otelcol.sh
03:41:36 PM  1000   1034345    0.00    0.00    0.00    0.00    0.00    20  run-prometheus.
03:41:36 PM  1000   1034347    2.00    0.00    0.00    0.00    2.00    20  otelcol-contrib
03:41:36 PM  1000   1034349    0.00    0.00    0.00    0.00    0.00    16  run-tempo.sh
03:41:36 PM  1000   1034355    0.00    0.00    0.00    0.00    0.00    20  run-pyroscope.s
03:41:36 PM  1000   1034357    1.00    0.00    0.00    0.00    1.00    20  prometheus
03:41:36 PM  1000   1034359    5.00    0.00    0.00    0.00    5.00    20  tempo
03:41:36 PM  1000   1034360    0.00    0.00    0.00    0.00    0.00    18  loki
03:41:36 PM  1000   1034368    0.00    1.00    0.00    0.00    1.00    18  pyroscope

03:41:35 PM   UID       PID   cswch/s nvcswch/s  Command
03:41:36 PM  1000   1034337      0.00      0.00  run-grafana.sh
03:41:36 PM  1000   1034339      0.00      0.00  run-loki.sh
03:41:36 PM  1000   1034341      0.00      0.00  grafana
03:41:36 PM  1000   1034342      0.00      0.00  run-otelcol.sh
03:41:36 PM  1000   1034345      0.00      0.00  run-prometheus.
03:41:36 PM  1000   1034347      0.00      0.00  otelcol-contrib
03:41:36 PM  1000   1034349      0.00      0.00  run-tempo.sh
03:41:36 PM  1000   1034355      0.00      0.00  run-pyroscope.s
03:41:36 PM  1000   1034357      1.00      0.00  prometheus
03:41:36 PM  1000   1034359     56.00      1.00  tempo
03:41:36 PM  1000   1034360      0.00      0.00  loki
03:41:36 PM  1000   1034368      0.00      0.00  pyroscope

03:41:36 PM   UID       PID    %usr %system  %guest   %wait    %CPU   CPU  Command
03:41:37 PM  1000   1034337    0.00    0.00    0.00    0.00    0.00    18  run-grafana.sh
03:41:37 PM  1000   1034339    0.00    0.00    0.00    0.00    0.00    20  run-loki.sh
03:41:37 PM  1000   1034341    0.00    0.00    0.00    0.00    0.00    18  grafana
03:41:37 PM  1000   1034342    0.00    0.00    0.00    0.00    0.00    16  run-otelcol.sh
03:41:37 PM  1000   1034345    0.00    0.00    0.00    0.00    0.00    20  run-prometheus.
03:41:37 PM  1000   1034347    3.00    0.00    0.00    0.00    3.00    20  otelcol-contrib
03:41:37 PM  1000   1034349    0.00    0.00    0.00    0.00    0.00    16  run-tempo.sh
03:41:37 PM  1000   1034355    0.00    0.00    0.00    0.00    0.00    20  run-pyroscope.s
03:41:37 PM  1000   1034357    0.00    0.00    0.00    0.00    0.00    20  prometheus
03:41:37 PM  1000   1034359   21.00    2.00    0.00    0.00   23.00    16  tempo
03:41:37 PM  1000   1034360    0.00    0.00    0.00    0.00    0.00    18  loki
03:41:37 PM  1000   1034368    0.00    0.00    0.00    0.00    0.00    18  pyroscope

03:41:36 PM   UID       PID   cswch/s nvcswch/s  Command
03:41:37 PM  1000   1034337      0.00      0.00  run-grafana.sh
03:41:37 PM  1000   1034339      0.00      0.00  run-loki.sh
03:41:37 PM  1000   1034341      0.00      0.00  grafana
03:41:37 PM  1000   1034342      0.00      0.00  run-otelcol.sh
03:41:37 PM  1000   1034345      0.00      0.00  run-prometheus.
03:41:37 PM  1000   1034347      0.00      0.00  otelcol-contrib
03:41:37 PM  1000   1034349      0.00      0.00  run-tempo.sh
03:41:37 PM  1000   1034355      0.00      0.00  run-pyroscope.s
03:41:37 PM  1000   1034357      1.00      0.00  prometheus
03:41:37 PM  1000   1034359     62.00     62.00  tempo
03:41:37 PM  1000   1034360      0.00      0.00  loki
03:41:37 PM  1000   1034368      0.00      0.00  pyroscope

03:41:37 PM   UID       PID    %usr %system  %guest   %wait    %CPU   CPU  Command
03:41:38 PM  1000   1034337    0.00    0.00    0.00    0.00    0.00    18  run-grafana.sh
03:41:38 PM  1000   1034339    0.00    0.00    0.00    0.00    0.00    20  run-loki.sh
03:41:38 PM  1000   1034341    1.00    0.00    0.00    0.00    1.00    18  grafana
03:41:38 PM  1000   1034342    0.00    0.00    0.00    0.00    0.00    16  run-otelcol.sh
03:41:38 PM  1000   1034345    0.00    0.00    0.00    0.00    0.00    20  run-prometheus.
03:41:38 PM  1000   1034347    1.00    0.00    0.00    0.00    1.00    20  otelcol-contrib
03:41:38 PM  1000   1034349    0.00    0.00    0.00    0.00    0.00    16  run-tempo.sh
03:41:38 PM  1000   1034355    0.00    0.00    0.00    0.00    0.00    20  run-pyroscope.s
03:41:38 PM  1000   1034357    0.00    0.00    0.00    0.00    0.00    20  prometheus
03:41:38 PM  1000   1034359    4.00    0.00    0.00    0.00    4.00    20  tempo
03:41:38 PM  1000   1034360    1.00    1.00    0.00    0.00    2.00    18  loki
03:41:38 PM  1000   1034368    3.00    0.00    0.00    0.00    3.00    16  pyroscope

03:41:37 PM   UID       PID   cswch/s nvcswch/s  Command
03:41:38 PM  1000   1034337      0.00      0.00  run-grafana.sh
03:41:38 PM  1000   1034339      0.00      0.00  run-loki.sh
03:41:38 PM  1000   1034341      0.00      0.00  grafana
03:41:38 PM  1000   1034342      0.00      0.00  run-otelcol.sh
03:41:38 PM  1000   1034345      0.00      0.00  run-prometheus.
03:41:38 PM  1000   1034347      0.00      0.00  otelcol-contrib
03:41:38 PM  1000   1034349      0.00      0.00  run-tempo.sh
03:41:38 PM  1000   1034355      0.00      0.00  run-pyroscope.s
03:41:38 PM  1000   1034357      0.00      0.00  prometheus
03:41:38 PM  1000   1034359     48.00      2.00  tempo
03:41:38 PM  1000   1034360      0.00      0.00  loki
03:41:38 PM  1000   1034368    103.00      1.00  pyroscope

03:41:38 PM   UID       PID    %usr %system  %guest   %wait    %CPU   CPU  Command
03:41:39 PM  1000   1034337    0.00    0.00    0.00    0.00    0.00    18  run-grafana.sh
03:41:39 PM  1000   1034339    0.00    0.00    0.00    0.00    0.00    20  run-loki.sh
03:41:39 PM  1000   1034341    2.00    0.00    0.00    0.00    2.00    18  grafana
03:41:39 PM  1000   1034342    0.00    0.00    0.00    0.00    0.00    16  run-otelcol.sh
03:41:39 PM  1000   1034345    0.00    0.00    0.00    0.00    0.00    20  run-prometheus.
03:41:39 PM  1000   1034347    2.00    1.00    0.00    0.00    3.00    20  otelcol-contrib
03:41:39 PM  1000   1034349    0.00    0.00    0.00    0.00    0.00    16  run-tempo.sh
03:41:39 PM  1000   1034355    0.00    0.00    0.00    0.00    0.00    20  run-pyroscope.s
03:41:39 PM  1000   1034357    0.00    0.00    0.00    0.00    0.00    20  prometheus
03:41:39 PM  1000   1034359   19.00    6.00    0.00    0.00   25.00    20  tempo
03:41:39 PM  1000   1034360    0.00    0.00    0.00    0.00    0.00    18  loki
03:41:39 PM  1000   1034368    0.00    0.00    0.00    0.00    0.00    18  pyroscope

03:41:38 PM   UID       PID   cswch/s nvcswch/s  Command
03:41:39 PM  1000   1034337      0.00      0.00  run-grafana.sh
03:41:39 PM  1000   1034339      0.00      0.00  run-loki.sh
03:41:39 PM  1000   1034341      0.00      0.00  grafana
03:41:39 PM  1000   1034342      0.00      0.00  run-otelcol.sh
03:41:39 PM  1000   1034345      0.00      0.00  run-prometheus.
03:41:39 PM  1000   1034347      0.00      0.00  otelcol-contrib
03:41:39 PM  1000   1034349      0.00      0.00  run-tempo.sh
03:41:39 PM  1000   1034355      0.00      0.00  run-pyroscope.s
03:41:39 PM  1000   1034357      0.00      0.00  prometheus
03:41:39 PM  1000   1034359     61.00      7.00  tempo
03:41:39 PM  1000   1034360      0.00      0.00  loki
03:41:39 PM  1000   1034368     43.00      0.00  pyroscope

03:41:39 PM   UID       PID    %usr %system  %guest   %wait    %CPU   CPU  Command
03:41:40 PM  1000   1034337    0.00    0.00    0.00    0.00    0.00    18  run-grafana.sh
03:41:40 PM  1000   1034339    0.00    0.00    0.00    0.00    0.00    20  run-loki.sh
03:41:40 PM  1000   1034341    2.00    0.00    0.00    0.00    2.00    18  grafana
03:41:40 PM  1000   1034342    0.00    0.00    0.00    0.00    0.00    16  run-otelcol.sh
03:41:40 PM  1000   1034345    0.00    0.00    0.00    0.00    0.00    20  run-prometheus.
03:41:40 PM  1000   1034347    1.00    0.00    0.00    0.00    1.00    20  otelcol-contrib
03:41:40 PM  1000   1034349    0.00    0.00    0.00    0.00    0.00    16  run-tempo.sh
03:41:40 PM  1000   1034355    0.00    0.00    0.00    0.00    0.00    20  run-pyroscope.s
03:41:40 PM  1000   1034357    0.00    0.00    0.00    0.00    0.00    20  prometheus
03:41:40 PM  1000   1034359   28.00    2.00    0.00    0.00   30.00    20  tempo
03:41:40 PM  1000   1034360    0.00    0.00    0.00    0.00    0.00    18  loki
03:41:40 PM  1000   1034368    0.00    0.00    0.00    0.00    0.00    16  pyroscope

03:41:39 PM   UID       PID   cswch/s nvcswch/s  Command
03:41:40 PM  1000   1034337      0.00      0.00  run-grafana.sh
03:41:40 PM  1000   1034339      0.00      0.00  run-loki.sh
03:41:40 PM  1000   1034341      0.00      0.00  grafana
03:41:40 PM  1000   1034342      0.00      0.00  run-otelcol.sh
03:41:40 PM  1000   1034345      0.00      0.00  run-prometheus.
03:41:40 PM  1000   1034347      0.00      0.00  otelcol-contrib
03:41:40 PM  1000   1034349      0.00      0.00  run-tempo.sh
03:41:40 PM  1000   1034355      0.00      0.00  run-pyroscope.s
03:41:40 PM  1000   1034357      0.00      0.00  prometheus
03:41:40 PM  1000   1034359     35.00     10.00  tempo
03:41:40 PM  1000   1034360      0.00      0.00  loki
03:41:40 PM  1000   1034368     52.00      0.00  pyroscope

03:41:40 PM   UID       PID    %usr %system  %guest   %wait    %CPU   CPU  Command
03:41:41 PM  1000   1034337    0.00    0.00    0.00    0.00    0.00    18  run-grafana.sh
03:41:41 PM  1000   1034339    0.00    0.00    0.00    0.00    0.00    20  run-loki.sh
03:41:41 PM  1000   1034341    0.00    0.00    0.00    0.00    0.00    18  grafana
03:41:41 PM  1000   1034342    0.00    0.00    0.00    0.00    0.00    16  run-otelcol.sh
03:41:41 PM  1000   1034345    0.00    0.00    0.00    0.00    0.00    20  run-prometheus.
03:41:41 PM  1000   1034347    5.00    0.00    0.00    0.00    5.00    20  otelcol-contrib
03:41:41 PM  1000   1034349    0.00    0.00    0.00    0.00    0.00    16  run-tempo.sh
03:41:41 PM  1000   1034355    0.00    0.00    0.00    0.00    0.00    20  run-pyroscope.s
03:41:41 PM  1000   1034357    0.00    0.00    0.00    0.00    0.00    20  prometheus
03:41:41 PM  1000   1034359   18.00    1.00    0.00    0.00   19.00    20  tempo
03:41:41 PM  1000   1034360    0.00    0.00    0.00    0.00    0.00    18  loki
03:41:41 PM  1000   1034368    1.00    0.00    0.00    0.00    1.00    16  pyroscope

03:41:40 PM   UID       PID   cswch/s nvcswch/s  Command
03:41:41 PM  1000   1034337      0.00      0.00  run-grafana.sh
03:41:41 PM  1000   1034339      0.00      0.00  run-loki.sh
03:41:41 PM  1000   1034341      0.00      0.00  grafana
03:41:41 PM  1000   1034342      0.00      0.00  run-otelcol.sh
03:41:41 PM  1000   1034345      0.00      0.00  run-prometheus.
03:41:41 PM  1000   1034347      0.00      0.00  otelcol-contrib
03:41:41 PM  1000   1034349      0.00      0.00  run-tempo.sh
03:41:41 PM  1000   1034355      0.00      0.00  run-pyroscope.s
03:41:41 PM  1000   1034357      0.00      0.00  prometheus
03:41:41 PM  1000   1034359     73.00      5.00  tempo
03:41:41 PM  1000   1034360      0.00      0.00  loki
03:41:41 PM  1000   1034368     43.00      0.00  pyroscope

03:41:41 PM   UID       PID    %usr %system  %guest   %wait    %CPU   CPU  Command
03:41:42 PM  1000   1034337    0.00    0.00    0.00    0.00    0.00    18  run-grafana.sh
03:41:42 PM  1000   1034339    0.00    0.00    0.00    0.00    0.00    20  run-loki.sh
03:41:42 PM  1000   1034341    0.00    0.00    0.00    0.00    0.00    18  grafana
03:41:42 PM  1000   1034342    0.00    0.00    0.00    0.00    0.00    16  run-otelcol.sh
03:41:42 PM  1000   1034345    0.00    0.00    0.00    0.00    0.00    20  run-prometheus.
03:41:42 PM  1000   1034347    3.00    0.00    0.00    0.00    3.00    20  otelcol-contrib
03:41:42 PM  1000   1034349    0.00    0.00    0.00    0.00    0.00    16  run-tempo.sh
03:41:42 PM  1000   1034355    0.00    0.00    0.00    0.00    0.00    20  run-pyroscope.s
03:41:42 PM  1000   1034357    1.00    0.00    0.00    0.00    1.00    20  prometheus
03:41:42 PM  1000   1034359   18.00    1.00    0.00    0.00   19.00    20  tempo
03:41:42 PM  1000   1034360    1.00    0.00    0.00    0.00    1.00    18  loki
03:41:42 PM  1000   1034368    0.00    0.00    0.00    0.00    0.00    16  pyroscope

03:41:41 PM   UID       PID   cswch/s nvcswch/s  Command
03:41:42 PM  1000   1034337      0.00      0.00  run-grafana.sh
03:41:42 PM  1000   1034339      0.00      0.00  run-loki.sh
03:41:42 PM  1000   1034341      0.00      0.00  grafana
03:41:42 PM  1000   1034342      0.00      0.00  run-otelcol.sh
03:41:42 PM  1000   1034345      0.00      0.00  run-prometheus.
03:41:42 PM  1000   1034347      0.00      0.00  otelcol-contrib
03:41:42 PM  1000   1034349      0.00      0.00  run-tempo.sh
03:41:42 PM  1000   1034355      0.00      0.00  run-pyroscope.s
03:41:42 PM  1000   1034357      0.00      0.00  prometheus
03:41:42 PM  1000   1034359     65.00      2.00  tempo
03:41:42 PM  1000   1034360      0.00      0.00  loki
03:41:42 PM  1000   1034368     36.00      0.00  pyroscope

03:41:42 PM   UID       PID    %usr %system  %guest   %wait    %CPU   CPU  Command
03:41:43 PM  1000   1034337    0.00    0.00    0.00    0.00    0.00    18  run-grafana.sh
03:41:43 PM  1000   1034339    0.00    0.00    0.00    0.00    0.00    20  run-loki.sh
03:41:43 PM  1000   1034341    0.00    0.00    0.00    0.00    0.00    18  grafana
03:41:43 PM  1000   1034342    0.00    0.00    0.00    0.00    0.00    16  run-otelcol.sh
03:41:43 PM  1000   1034345    0.00    0.00    0.00    0.00    0.00    20  run-prometheus.
03:41:43 PM  1000   1034347    4.00    0.00    0.00    0.00    4.00    20  otelcol-contrib
03:41:43 PM  1000   1034349    0.00    0.00    0.00    0.00    0.00    16  run-tempo.sh
03:41:43 PM  1000   1034355    0.00    0.00    0.00    0.00    0.00    20  run-pyroscope.s
03:41:43 PM  1000   1034357    0.00    0.00    0.00    0.00    0.00    20  prometheus
03:41:43 PM  1000   1034359   14.00    1.00    0.00    0.00   15.00    20  tempo
03:41:43 PM  1000   1034360    0.00    0.00    0.00    0.00    0.00    18  loki
03:41:43 PM  1000   1034368    0.00    0.00    0.00    0.00    0.00    20  pyroscope

03:41:42 PM   UID       PID   cswch/s nvcswch/s  Command
03:41:43 PM  1000   1034337      0.00      0.00  run-grafana.sh
03:41:43 PM  1000   1034339      0.00      0.00  run-loki.sh
03:41:43 PM  1000   1034341      0.00      0.00  grafana
03:41:43 PM  1000   1034342      0.00      0.00  run-otelcol.sh
03:41:43 PM  1000   1034345      0.00      0.00  run-prometheus.
03:41:43 PM  1000   1034347      0.00      0.00  otelcol-contrib
03:41:43 PM  1000   1034349      0.00      0.00  run-tempo.sh
03:41:43 PM  1000   1034355      0.00      0.00  run-pyroscope.s
03:41:43 PM  1000   1034357      0.00      0.00  prometheus
03:41:43 PM  1000   1034359     41.00      1.00  tempo
03:41:43 PM  1000   1034360      0.00      0.00  loki
03:41:43 PM  1000   1034368     49.00      0.00  pyroscope

03:41:43 PM   UID       PID    %usr %system  %guest   %wait    %CPU   CPU  Command
03:41:44 PM  1000   1034337    0.00    0.00    0.00    0.00    0.00    18  run-grafana.sh
03:41:44 PM  1000   1034339    0.00    0.00    0.00    0.00    0.00    20  run-loki.sh
03:41:44 PM  1000   1034341    0.00    0.00    0.00    0.00    0.00    18  grafana
03:41:44 PM  1000   1034342    0.00    0.00    0.00    0.00    0.00    16  run-otelcol.sh
03:41:44 PM  1000   1034345    0.00    0.00    0.00    0.00    0.00    20  run-prometheus.
03:41:44 PM  1000   1034347    2.00    0.00    0.00    0.00    2.00    20  otelcol-contrib
03:41:44 PM  1000   1034349    0.00    0.00    0.00    0.00    0.00    16  run-tempo.sh
03:41:44 PM  1000   1034355    0.00    0.00    0.00    0.00    0.00    20  run-pyroscope.s
03:41:44 PM  1000   1034357    0.00    0.00    0.00    0.00    0.00    20  prometheus
03:41:44 PM  1000   1034359    7.00    0.00    0.00    0.00    7.00    16  tempo
03:41:44 PM  1000   1034360    0.00    0.00    0.00    0.00    0.00    18  loki
03:41:44 PM  1000   1034368    0.00    0.00    0.00    0.00    0.00    20  pyroscope

03:41:43 PM   UID       PID   cswch/s nvcswch/s  Command
03:41:44 PM  1000   1034337      0.00      0.00  run-grafana.sh
03:41:44 PM  1000   1034339      0.00      0.00  run-loki.sh
03:41:44 PM  1000   1034341      0.00      0.00  grafana
03:41:44 PM  1000   1034342      0.00      0.00  run-otelcol.sh
03:41:44 PM  1000   1034345      0.00      0.00  run-prometheus.
03:41:44 PM  1000   1034347      0.00      0.00  otelcol-contrib
03:41:44 PM  1000   1034349      0.00      0.00  run-tempo.sh
03:41:44 PM  1000   1034355      0.00      0.00  run-pyroscope.s
03:41:44 PM  1000   1034357      0.00      0.00  prometheus
03:41:44 PM  1000   1034359     52.00      2.00  tempo
03:41:44 PM  1000   1034360      0.00      0.00  loki
03:41:44 PM  1000   1034368     40.00      0.00  pyroscope

03:41:44 PM   UID       PID    %usr %system  %guest   %wait    %CPU   CPU  Command
03:41:45 PM  1000   1034337    0.00    0.00    0.00    0.00    0.00    18  run-grafana.sh
03:41:45 PM  1000   1034339    0.00    0.00    0.00    0.00    0.00    20  run-loki.sh
03:41:45 PM  1000   1034341    1.00    0.00    0.00    0.00    1.00    18  grafana
03:41:45 PM  1000   1034342    0.00    0.00    0.00    0.00    0.00    16  run-otelcol.sh
03:41:45 PM  1000   1034345    0.00    0.00    0.00    0.00    0.00    20  run-prometheus.
03:41:45 PM  1000   1034347    2.00    1.00    0.00    0.00    3.00    20  otelcol-contrib
03:41:45 PM  1000   1034349    0.00    0.00    0.00    0.00    0.00    16  run-tempo.sh
03:41:45 PM  1000   1034355    0.00    0.00    0.00    0.00    0.00    20  run-pyroscope.s
03:41:45 PM  1000   1034357    0.00    0.00    0.00    0.00    0.00    20  prometheus
03:41:45 PM  1000   1034359    5.00    0.00    0.00    0.00    5.00    20  tempo
03:41:45 PM  1000   1034360    0.00    0.00    0.00    0.00    0.00    18  loki
03:41:45 PM  1000   1034368    0.00    0.00    0.00    0.00    0.00    20  pyroscope

03:41:44 PM   UID       PID   cswch/s nvcswch/s  Command
03:41:45 PM  1000   1034337      0.00      0.00  run-grafana.sh
03:41:45 PM  1000   1034339      0.00      0.00  run-loki.sh
03:41:45 PM  1000   1034341      0.00      0.00  grafana
03:41:45 PM  1000   1034342      0.00      0.00  run-otelcol.sh
03:41:45 PM  1000   1034345      0.00      0.00  run-prometheus.
03:41:45 PM  1000   1034347      0.00      0.00  otelcol-contrib
03:41:45 PM  1000   1034349      0.00      0.00  run-tempo.sh
03:41:45 PM  1000   1034355      0.00      0.00  run-pyroscope.s
03:41:45 PM  1000   1034357      0.00      0.00  prometheus
03:41:45 PM  1000   1034359     68.00      5.00  tempo
03:41:45 PM  1000   1034360      0.00      0.00  loki
03:41:45 PM  1000   1034368     34.00      0.00  pyroscope

03:41:45 PM   UID       PID    %usr %system  %guest   %wait    %CPU   CPU  Command
03:41:46 PM  1000   1034337    0.00    0.00    0.00    0.00    0.00    18  run-grafana.sh
03:41:46 PM  1000   1034339    0.00    0.00    0.00    0.00    0.00    20  run-loki.sh
03:41:46 PM  1000   1034341    0.00    0.00    0.00    0.00    0.00    18  grafana
03:41:46 PM  1000   1034342    0.00    0.00    0.00    0.00    0.00    16  run-otelcol.sh
03:41:46 PM  1000   1034345    0.00    0.00    0.00    0.00    0.00    20  run-prometheus.
03:41:46 PM  1000   1034347    2.00    0.00    0.00    0.00    2.00    20  otelcol-contrib
03:41:46 PM  1000   1034349    0.00    0.00    0.00    0.00    0.00    16  run-tempo.sh
03:41:46 PM  1000   1034355    0.00    0.00    0.00    0.00    0.00    20  run-pyroscope.s
03:41:46 PM  1000   1034357    0.00    0.00    0.00    0.00    0.00    20  prometheus
03:41:46 PM  1000   1034359   15.00    1.00    0.00    0.00   16.00    20  tempo
03:41:46 PM  1000   1034360    0.00    0.00    0.00    0.00    0.00    18  loki
03:41:46 PM  1000   1034368    0.00    1.00    0.00    0.00    1.00    18  pyroscope

03:41:45 PM   UID       PID   cswch/s nvcswch/s  Command
03:41:46 PM  1000   1034337      0.00      0.00  run-grafana.sh
03:41:46 PM  1000   1034339      0.00      0.00  run-loki.sh
03:41:46 PM  1000   1034341      0.00      0.00  grafana
03:41:46 PM  1000   1034342      0.00      0.00  run-otelcol.sh
03:41:46 PM  1000   1034345      0.00      0.00  run-prometheus.
03:41:46 PM  1000   1034347      0.00      0.00  otelcol-contrib
03:41:46 PM  1000   1034349      0.00      0.00  run-tempo.sh
03:41:46 PM  1000   1034355      0.00      0.00  run-pyroscope.s
03:41:46 PM  1000   1034357      0.00      0.00  prometheus
03:41:46 PM  1000   1034359     79.00      1.00  tempo
03:41:46 PM  1000   1034360      0.00      0.00  loki
03:41:46 PM  1000   1034368     26.00      0.00  pyroscope

03:41:46 PM   UID       PID    %usr %system  %guest   %wait    %CPU   CPU  Command
03:41:47 PM  1000   1034337    0.00    0.00    0.00    0.00    0.00    18  run-grafana.sh
03:41:47 PM  1000   1034339    0.00    0.00    0.00    0.00    0.00    20  run-loki.sh
03:41:47 PM  1000   1034341    0.00    0.00    0.00    0.00    0.00    18  grafana
03:41:47 PM  1000   1034342    0.00    0.00    0.00    0.00    0.00    16  run-otelcol.sh
03:41:47 PM  1000   1034345    0.00    0.00    0.00    0.00    0.00    20  run-prometheus.
03:41:47 PM  1000   1034347    4.00    0.00    0.00    0.00    4.00    20  otelcol-contrib
03:41:47 PM  1000   1034349    0.00    0.00    0.00    0.00    0.00    16  run-tempo.sh
03:41:47 PM  1000   1034355    0.00    0.00    0.00    0.00    0.00    20  run-pyroscope.s
03:41:47 PM  1000   1034357    0.00    0.00    0.00    0.00    0.00    20  prometheus
03:41:47 PM  1000   1034359    4.00    0.00    0.00    0.00    4.00    16  tempo
03:41:47 PM  1000   1034360    1.00    0.00    0.00    0.00    1.00    18  loki
03:41:47 PM  1000   1034368    1.00    0.00    0.00    0.00    1.00    16  pyroscope

03:41:46 PM   UID       PID   cswch/s nvcswch/s  Command
03:41:47 PM  1000   1034337      0.00      0.00  run-grafana.sh
03:41:47 PM  1000   1034339      0.00      0.00  run-loki.sh
03:41:47 PM  1000   1034341      0.00      0.00  grafana
03:41:47 PM  1000   1034342      0.00      0.00  run-otelcol.sh
03:41:47 PM  1000   1034345      0.00      0.00  run-prometheus.
03:41:47 PM  1000   1034347      0.00      0.00  otelcol-contrib
03:41:47 PM  1000   1034349      0.00      0.00  run-tempo.sh
03:41:47 PM  1000   1034355      0.00      0.00  run-pyroscope.s
03:41:47 PM  1000   1034357      0.00      0.00  prometheus
03:41:47 PM  1000   1034359     60.00      3.00  tempo
03:41:47 PM  1000   1034360      0.00      0.00  loki
03:41:47 PM  1000   1034368     51.00      0.00  pyroscope

03:41:47 PM   UID       PID    %usr %system  %guest   %wait    %CPU   CPU  Command
03:41:48 PM  1000   1034337    0.00    0.00    0.00    0.00    0.00    18  run-grafana.sh
03:41:48 PM  1000   1034339    0.00    0.00    0.00    0.00    0.00    20  run-loki.sh
03:41:48 PM  1000   1034341    0.00    0.00    0.00    0.00    0.00    18  grafana
03:41:48 PM  1000   1034342    0.00    0.00    0.00    0.00    0.00    16  run-otelcol.sh
03:41:48 PM  1000   1034345    0.00    0.00    0.00    0.00    0.00    20  run-prometheus.
03:41:48 PM  1000   1034347    2.00    0.00    0.00    0.00    2.00    20  otelcol-contrib
03:41:48 PM  1000   1034349    0.00    0.00    0.00    0.00    0.00    16  run-tempo.sh
03:41:48 PM  1000   1034355    0.00    0.00    0.00    0.00    0.00    20  run-pyroscope.s
03:41:48 PM  1000   1034357    0.00    0.00    0.00    0.00    0.00    20  prometheus
03:41:48 PM  1000   1034359   30.00    4.00    0.00    0.00   34.00    20  tempo
03:41:48 PM  1000   1034360    0.00    0.00    0.00    0.00    0.00    18  loki
03:41:48 PM  1000   1034368    0.00    0.00    0.00    0.00    0.00    16  pyroscope

03:41:47 PM   UID       PID   cswch/s nvcswch/s  Command
03:41:48 PM  1000   1034337      0.00      0.00  run-grafana.sh
03:41:48 PM  1000   1034339      0.00      0.00  run-loki.sh
03:41:48 PM  1000   1034341      0.00      0.00  grafana
03:41:48 PM  1000   1034342      0.00      0.00  run-otelcol.sh
03:41:48 PM  1000   1034345      0.00      0.00  run-prometheus.
03:41:48 PM  1000   1034347      0.00      0.00  otelcol-contrib
03:41:48 PM  1000   1034349      0.00      0.00  run-tempo.sh
03:41:48 PM  1000   1034355      0.00      0.00  run-pyroscope.s
03:41:48 PM  1000   1034357      0.00      0.00  prometheus
03:41:48 PM  1000   1034359     62.00     25.00  tempo
03:41:48 PM  1000   1034360      0.00      0.00  loki
03:41:48 PM  1000   1034368     46.00      0.00  pyroscope

03:41:48 PM   UID       PID    %usr %system  %guest   %wait    %CPU   CPU  Command
03:41:49 PM  1000   1034337    0.00    0.00    0.00    0.00    0.00    18  run-grafana.sh
03:41:49 PM  1000   1034339    0.00    0.00    0.00    0.00    0.00    20  run-loki.sh
03:41:49 PM  1000   1034341    2.00    1.00    0.00    0.00    3.00    18  grafana
03:41:49 PM  1000   1034342    0.00    0.00    0.00    0.00    0.00    16  run-otelcol.sh
03:41:49 PM  1000   1034345    0.00    0.00    0.00    0.00    0.00    20  run-prometheus.
03:41:49 PM  1000   1034347    1.00    0.00    0.00    0.00    1.00    20  otelcol-contrib
03:41:49 PM  1000   1034349    0.00    0.00    0.00    0.00    0.00    16  run-tempo.sh
03:41:49 PM  1000   1034355    0.00    0.00    0.00    0.00    0.00    20  run-pyroscope.s
03:41:49 PM  1000   1034357    1.00    0.00    0.00    0.00    1.00    20  prometheus
03:41:49 PM  1000   1034359    4.00    0.00    0.00    0.00    4.00    20  tempo
03:41:49 PM  1000   1034360    0.00    0.00    0.00    0.00    0.00    18  loki
03:41:49 PM  1000   1034368    0.00    0.00    0.00    0.00    0.00    20  pyroscope

03:41:48 PM   UID       PID   cswch/s nvcswch/s  Command
03:41:49 PM  1000   1034337      0.00      0.00  run-grafana.sh
03:41:49 PM  1000   1034339      0.00      0.00  run-loki.sh
03:41:49 PM  1000   1034341      0.00      0.00  grafana
03:41:49 PM  1000   1034342      0.00      0.00  run-otelcol.sh
03:41:49 PM  1000   1034345      0.00      0.00  run-prometheus.
03:41:49 PM  1000   1034347      0.00      0.00  otelcol-contrib
03:41:49 PM  1000   1034349      0.00      0.00  run-tempo.sh
03:41:49 PM  1000   1034355      0.00      0.00  run-pyroscope.s
03:41:49 PM  1000   1034357      0.00      0.00  prometheus
03:41:49 PM  1000   1034359     35.00      5.00  tempo
03:41:49 PM  1000   1034360      0.00      0.00  loki
03:41:49 PM  1000   1034368     15.00      0.00  pyroscope

03:41:49 PM   UID       PID    %usr %system  %guest   %wait    %CPU   CPU  Command
03:41:50 PM  1000   1034337    0.00    0.00    0.00    0.00    0.00    18  run-grafana.sh
03:41:50 PM  1000   1034339    0.00    0.00    0.00    0.00    0.00    20  run-loki.sh
03:41:50 PM  1000   1034341    0.00    0.00    0.00    0.00    0.00    18  grafana
03:41:50 PM  1000   1034342    0.00    0.00    0.00    0.00    0.00    16  run-otelcol.sh
03:41:50 PM  1000   1034345    0.00    0.00    0.00    0.00    0.00    20  run-prometheus.
03:41:50 PM  1000   1034347    4.00    1.00    0.00    0.00    5.00    20  otelcol-contrib
03:41:50 PM  1000   1034349    0.00    0.00    0.00    0.00    0.00    16  run-tempo.sh
03:41:50 PM  1000   1034355    0.00    0.00    0.00    0.00    0.00    20  run-pyroscope.s
03:41:50 PM  1000   1034357    0.00    0.00    0.00    0.00    0.00    20  prometheus
03:41:50 PM  1000   1034359   41.00    7.00    0.00    1.00   48.00    18  tempo
03:41:50 PM  1000   1034360    0.00    0.00    0.00    0.00    0.00    18  loki
03:41:50 PM  1000   1034368    0.00    0.00    0.00    0.00    0.00    18  pyroscope

03:41:49 PM   UID       PID   cswch/s nvcswch/s  Command
03:41:50 PM  1000   1034337      0.00      0.00  run-grafana.sh
03:41:50 PM  1000   1034339      0.00      0.00  run-loki.sh
03:41:50 PM  1000   1034341      0.00      0.00  grafana
03:41:50 PM  1000   1034342      0.00      0.00  run-otelcol.sh
03:41:50 PM  1000   1034345      0.00      0.00  run-prometheus.
03:41:50 PM  1000   1034347      0.00      0.00  otelcol-contrib
03:41:50 PM  1000   1034349      0.00      0.00  run-tempo.sh
03:41:50 PM  1000   1034355      0.00      0.00  run-pyroscope.s
03:41:50 PM  1000   1034357      0.00      0.00  prometheus
03:41:50 PM  1000   1034359     66.00      8.00  tempo
03:41:50 PM  1000   1034360      0.00      0.00  loki
03:41:50 PM  1000   1034368      8.00      0.00  pyroscope

03:41:50 PM   UID       PID    %usr %system  %guest   %wait    %CPU   CPU  Command
03:41:51 PM  1000   1034337    0.00    0.00    0.00    0.00    0.00    18  run-grafana.sh
03:41:51 PM  1000   1034339    0.00    0.00    0.00    0.00    0.00    20  run-loki.sh
03:41:51 PM  1000   1034341    0.00    0.00    0.00    0.00    0.00    18  grafana
03:41:51 PM  1000   1034342    0.00    0.00    0.00    0.00    0.00    16  run-otelcol.sh
03:41:51 PM  1000   1034345    0.00    0.00    0.00    0.00    0.00    20  run-prometheus.
03:41:51 PM  1000   1034347    2.00    0.00    0.00    0.00    2.00    20  otelcol-contrib
03:41:51 PM  1000   1034349    0.00    0.00    0.00    0.00    0.00    16  run-tempo.sh
03:41:51 PM  1000   1034355    0.00    0.00    0.00    0.00    0.00    20  run-pyroscope.s
03:41:51 PM  1000   1034357    0.00    0.00    0.00    0.00    0.00    20  prometheus
03:41:51 PM  1000   1034359    6.00    0.00    0.00    0.00    6.00    18  tempo
03:41:51 PM  1000   1034360    0.00    0.00    0.00    0.00    0.00    18  loki
03:41:51 PM  1000   1034368    0.00    0.00    0.00    0.00    0.00    18  pyroscope

03:41:50 PM   UID       PID   cswch/s nvcswch/s  Command
03:41:51 PM  1000   1034337      0.00      0.00  run-grafana.sh
03:41:51 PM  1000   1034339      0.00      0.00  run-loki.sh
03:41:51 PM  1000   1034341      0.00      0.00  grafana
03:41:51 PM  1000   1034342      0.00      0.00  run-otelcol.sh
03:41:51 PM  1000   1034345      0.00      0.00  run-prometheus.
03:41:51 PM  1000   1034347      0.00      0.00  otelcol-contrib
03:41:51 PM  1000   1034349      0.00      0.00  run-tempo.sh
03:41:51 PM  1000   1034355      0.00      0.00  run-pyroscope.s
03:41:51 PM  1000   1034357      0.00      0.00  prometheus
03:41:51 PM  1000   1034359     62.00      5.00  tempo
03:41:51 PM  1000   1034360      0.00      0.00  loki
03:41:51 PM  1000   1034368      0.00      0.00  pyroscope

03:41:51 PM   UID       PID    %usr %system  %guest   %wait    %CPU   CPU  Command
03:41:52 PM  1000   1034337    0.00    0.00    0.00    0.00    0.00    18  run-grafana.sh
03:41:52 PM  1000   1034339    0.00    0.00    0.00    0.00    0.00    20  run-loki.sh
03:41:52 PM  1000   1034341    0.00    0.00    0.00    0.00    0.00    18  grafana
03:41:52 PM  1000   1034342    0.00    0.00    0.00    0.00    0.00    16  run-otelcol.sh
03:41:52 PM  1000   1034345    0.00    0.00    0.00    0.00    0.00    20  run-prometheus.
03:41:52 PM  1000   1034347    2.00    0.00    0.00    0.00    2.00    20  otelcol-contrib
03:41:52 PM  1000   1034349    0.00    0.00    0.00    0.00    0.00    16  run-tempo.sh
03:41:52 PM  1000   1034355    0.00    0.00    0.00    0.00    0.00    20  run-pyroscope.s
03:41:52 PM  1000   1034357    0.00    0.00    0.00    0.00    0.00    20  prometheus
03:41:52 PM  1000   1034359   18.00    1.00    0.00    0.00   19.00    16  tempo
03:41:52 PM  1000   1034360    1.00    1.00    0.00    0.00    2.00    18  loki
03:41:52 PM  1000   1034368    0.00    0.00    0.00    0.00    0.00    16  pyroscope

03:41:51 PM   UID       PID   cswch/s nvcswch/s  Command
03:41:52 PM  1000   1034337      0.00      0.00  run-grafana.sh
03:41:52 PM  1000   1034339      0.00      0.00  run-loki.sh
03:41:52 PM  1000   1034341      0.00      0.00  grafana
03:41:52 PM  1000   1034342      0.00      0.00  run-otelcol.sh
03:41:52 PM  1000   1034345      0.00      0.00  run-prometheus.
03:41:52 PM  1000   1034347      0.00      0.00  otelcol-contrib
03:41:52 PM  1000   1034349      0.00      0.00  run-tempo.sh
03:41:52 PM  1000   1034355      0.00      0.00  run-pyroscope.s
03:41:52 PM  1000   1034357      0.00      0.00  prometheus
03:41:52 PM  1000   1034359     84.00      1.00  tempo
03:41:52 PM  1000   1034360      0.00      0.00  loki
03:41:52 PM  1000   1034368     31.00      0.00  pyroscope

03:41:52 PM   UID       PID    %usr %system  %guest   %wait    %CPU   CPU  Command
03:41:53 PM  1000   1034337    0.00    0.00    0.00    0.00    0.00    18  run-grafana.sh
03:41:53 PM  1000   1034339    0.00    0.00    0.00    0.00    0.00    20  run-loki.sh
03:41:53 PM  1000   1034341    0.00    0.00    0.00    0.00    0.00    18  grafana
03:41:53 PM  1000   1034342    0.00    0.00    0.00    0.00    0.00    16  run-otelcol.sh
03:41:53 PM  1000   1034345    0.00    0.00    0.00    0.00    0.00    20  run-prometheus.
03:41:53 PM  1000   1034347    2.00    1.00    0.00    0.00    3.00    20  otelcol-contrib
03:41:53 PM  1000   1034349    0.00    0.00    0.00    0.00    0.00    16  run-tempo.sh
03:41:53 PM  1000   1034355    0.00    0.00    0.00    0.00    0.00    20  run-pyroscope.s
03:41:53 PM  1000   1034357    0.00    0.00    0.00    0.00    0.00    20  prometheus
03:41:53 PM  1000   1034359    6.00    0.00    0.00    0.00    6.00    20  tempo
03:41:53 PM  1000   1034360    0.00    0.00    0.00    0.00    0.00    18  loki
03:41:53 PM  1000   1034368    4.00    0.00    0.00    0.00    4.00    18  pyroscope

03:41:52 PM   UID       PID   cswch/s nvcswch/s  Command
03:41:53 PM  1000   1034337      0.00      0.00  run-grafana.sh
03:41:53 PM  1000   1034339      0.00      0.00  run-loki.sh
03:41:53 PM  1000   1034341      0.00      0.00  grafana
03:41:53 PM  1000   1034342      0.00      0.00  run-otelcol.sh
03:41:53 PM  1000   1034345      0.00      0.00  run-prometheus.
03:41:53 PM  1000   1034347      0.00      0.00  otelcol-contrib
03:41:53 PM  1000   1034349      0.00      0.00  run-tempo.sh
03:41:53 PM  1000   1034355      0.00      0.00  run-pyroscope.s
03:41:53 PM  1000   1034357      0.00      0.00  prometheus
03:41:53 PM  1000   1034359     53.00      4.00  tempo
03:41:53 PM  1000   1034360      0.00      0.00  loki
03:41:53 PM  1000   1034368     52.00     16.00  pyroscope

03:41:53 PM   UID       PID    %usr %system  %guest   %wait    %CPU   CPU  Command
03:41:54 PM  1000   1034337    0.00    0.00    0.00    0.00    0.00    18  run-grafana.sh
03:41:54 PM  1000   1034339    0.00    0.00    0.00    0.00    0.00    20  run-loki.sh
03:41:54 PM  1000   1034341    0.00    0.00    0.00    0.00    0.00    18  grafana
03:41:54 PM  1000   1034342    0.00    0.00    0.00    0.00    0.00    16  run-otelcol.sh
03:41:54 PM  1000   1034345    0.00    0.00    0.00    0.00    0.00    20  run-prometheus.
03:41:54 PM  1000   1034347    3.00    0.00    0.00    0.00    3.00    20  otelcol-contrib
03:41:54 PM  1000   1034349    0.00    0.00    0.00    0.00    0.00    16  run-tempo.sh
03:41:54 PM  1000   1034355    0.00    0.00    0.00    0.00    0.00    20  run-pyroscope.s
03:41:54 PM  1000   1034357    0.00    0.00    0.00    0.00    0.00    20  prometheus
03:41:54 PM  1000   1034359   20.00    1.00    0.00    1.00   21.00    20  tempo
03:41:54 PM  1000   1034360    0.00    0.00    0.00    0.00    0.00    18  loki
03:41:54 PM  1000   1034368    0.00    0.00    0.00    0.00    0.00    18  pyroscope

03:41:53 PM   UID       PID   cswch/s nvcswch/s  Command
03:41:54 PM  1000   1034337      0.00      0.00  run-grafana.sh
03:41:54 PM  1000   1034339      0.00      0.00  run-loki.sh
03:41:54 PM  1000   1034341      0.00      0.00  grafana
03:41:54 PM  1000   1034342      0.00      0.00  run-otelcol.sh
03:41:54 PM  1000   1034345      0.00      0.00  run-prometheus.
03:41:54 PM  1000   1034347      0.00      0.00  otelcol-contrib
03:41:54 PM  1000   1034349      0.00      0.00  run-tempo.sh
03:41:54 PM  1000   1034355      0.00      0.00  run-pyroscope.s
03:41:54 PM  1000   1034357      0.00      0.00  prometheus
03:41:54 PM  1000   1034359     69.00      1.00  tempo
03:41:54 PM  1000   1034360      0.00      0.00  loki
03:41:54 PM  1000   1034368      0.00      0.00  pyroscope

03:41:54 PM   UID       PID    %usr %system  %guest   %wait    %CPU   CPU  Command
03:41:55 PM  1000   1034337    0.00    0.00    0.00    0.00    0.00    18  run-grafana.sh
03:41:55 PM  1000   1034339    0.00    0.00    0.00    0.00    0.00    20  run-loki.sh
03:41:55 PM  1000   1034341    1.00    0.00    0.00    0.00    1.00    18  grafana
03:41:55 PM  1000   1034342    0.00    0.00    0.00    0.00    0.00    16  run-otelcol.sh
03:41:55 PM  1000   1034345    0.00    0.00    0.00    0.00    0.00    20  run-prometheus.
03:41:55 PM  1000   1034347    2.00    0.00    0.00    0.00    2.00    20  otelcol-contrib
03:41:55 PM  1000   1034349    0.00    0.00    0.00    0.00    0.00    16  run-tempo.sh
03:41:55 PM  1000   1034355    0.00    0.00    0.00    0.00    0.00    20  run-pyroscope.s
03:41:55 PM  1000   1034357    0.00    0.00    0.00    0.00    0.00    20  prometheus
03:41:55 PM  1000   1034359   24.00    4.00    0.00    0.00   28.00    16  tempo
03:41:55 PM  1000   1034360    0.00    0.00    0.00    0.00    0.00    18  loki
03:41:55 PM  1000   1034368    0.00    0.00    0.00    0.00    0.00    18  pyroscope

03:41:54 PM   UID       PID   cswch/s nvcswch/s  Command
03:41:55 PM  1000   1034337      0.00      0.00  run-grafana.sh
03:41:55 PM  1000   1034339      0.00      0.00  run-loki.sh
03:41:55 PM  1000   1034341      0.00      0.00  grafana
03:41:55 PM  1000   1034342      0.00      0.00  run-otelcol.sh
03:41:55 PM  1000   1034345      0.00      0.00  run-prometheus.
03:41:55 PM  1000   1034347      0.00      0.00  otelcol-contrib
03:41:55 PM  1000   1034349      0.00      0.00  run-tempo.sh
03:41:55 PM  1000   1034355      0.00      0.00  run-pyroscope.s
03:41:55 PM  1000   1034357      0.00      0.00  prometheus
03:41:55 PM  1000   1034359     58.00     23.00  tempo
03:41:55 PM  1000   1034360      0.00      0.00  loki
03:41:55 PM  1000   1034368      0.00      0.00  pyroscope

03:41:55 PM   UID       PID    %usr %system  %guest   %wait    %CPU   CPU  Command
03:41:56 PM  1000   1034337    0.00    0.00    0.00    0.00    0.00    18  run-grafana.sh
03:41:56 PM  1000   1034339    0.00    0.00    0.00    0.00    0.00    20  run-loki.sh
03:41:56 PM  1000   1034341    0.00    0.00    0.00    0.00    0.00    18  grafana
03:41:56 PM  1000   1034342    0.00    0.00    0.00    0.00    0.00    16  run-otelcol.sh
03:41:56 PM  1000   1034345    0.00    0.00    0.00    0.00    0.00    20  run-prometheus.
03:41:56 PM  1000   1034347    2.00    1.00    0.00    0.00    3.00    20  otelcol-contrib
03:41:56 PM  1000   1034349    0.00    0.00    0.00    0.00    0.00    16  run-tempo.sh
03:41:56 PM  1000   1034355    0.00    0.00    0.00    0.00    0.00    20  run-pyroscope.s
03:41:56 PM  1000   1034357    0.00    0.00    0.00    0.00    0.00    20  prometheus
03:41:56 PM  1000   1034359    8.00    0.00    0.00    0.00    8.00    18  tempo
03:41:56 PM  1000   1034360    0.00    0.00    0.00    0.00    0.00    18  loki
03:41:56 PM  1000   1034368    1.00    0.00    0.00    0.00    1.00    18  pyroscope

03:41:55 PM   UID       PID   cswch/s nvcswch/s  Command
03:41:56 PM  1000   1034337      0.00      0.00  run-grafana.sh
03:41:56 PM  1000   1034339      0.00      0.00  run-loki.sh
03:41:56 PM  1000   1034341      0.00      0.00  grafana
03:41:56 PM  1000   1034342      0.00      0.00  run-otelcol.sh
03:41:56 PM  1000   1034345      0.00      0.00  run-prometheus.
03:41:56 PM  1000   1034347      0.00      0.00  otelcol-contrib
03:41:56 PM  1000   1034349      0.00      0.00  run-tempo.sh
03:41:56 PM  1000   1034355      0.00      0.00  run-pyroscope.s
03:41:56 PM  1000   1034357      0.00      0.00  prometheus
03:41:56 PM  1000   1034359     75.00      1.00  tempo
03:41:56 PM  1000   1034360      0.00      0.00  loki
03:41:56 PM  1000   1034368      0.00      0.00  pyroscope

03:41:56 PM   UID       PID    %usr %system  %guest   %wait    %CPU   CPU  Command
03:41:57 PM  1000   1034337    0.00    0.00    0.00    0.00    0.00    18  run-grafana.sh
03:41:57 PM  1000   1034339    0.00    0.00    0.00    0.00    0.00    20  run-loki.sh
03:41:57 PM  1000   1034341    0.00    0.00    0.00    0.00    0.00    18  grafana
03:41:57 PM  1000   1034342    0.00    0.00    0.00    0.00    0.00    16  run-otelcol.sh
03:41:57 PM  1000   1034345    0.00    0.00    0.00    0.00    0.00    20  run-prometheus.
03:41:57 PM  1000   1034347    1.00    0.00    0.00    0.00    1.00    20  otelcol-contrib
03:41:57 PM  1000   1034349    0.00    0.00    0.00    0.00    0.00    16  run-tempo.sh
03:41:57 PM  1000   1034355    0.00    0.00    0.00    0.00    0.00    20  run-pyroscope.s
03:41:57 PM  1000   1034357    0.00    0.00    0.00    0.00    0.00    20  prometheus
03:41:57 PM  1000   1034359   18.00    2.00    0.00    0.00   20.00    18  tempo
03:41:57 PM  1000   1034360    0.00    0.00    0.00    0.00    0.00    18  loki
03:41:57 PM  1000   1034368    0.00    0.00    0.00    0.00    0.00    18  pyroscope

03:41:56 PM   UID       PID   cswch/s nvcswch/s  Command
03:41:57 PM  1000   1034337      0.00      0.00  run-grafana.sh
03:41:57 PM  1000   1034339      0.00      0.00  run-loki.sh
03:41:57 PM  1000   1034341      0.00      0.00  grafana
03:41:57 PM  1000   1034342      0.00      0.00  run-otelcol.sh
03:41:57 PM  1000   1034345      0.00      0.00  run-prometheus.
03:41:57 PM  1000   1034347      0.00      0.00  otelcol-contrib
03:41:57 PM  1000   1034349      0.00      0.00  run-tempo.sh
03:41:57 PM  1000   1034355      0.00      0.00  run-pyroscope.s
03:41:57 PM  1000   1034357      0.00      0.00  prometheus
03:41:57 PM  1000   1034359     51.00      1.00  tempo
03:41:57 PM  1000   1034360      0.00      0.00  loki
03:41:57 PM  1000   1034368      0.00      0.00  pyroscope

03:41:57 PM   UID       PID    %usr %system  %guest   %wait    %CPU   CPU  Command
03:41:58 PM  1000   1034337    0.00    0.00    0.00    0.00    0.00    18  run-grafana.sh
03:41:58 PM  1000   1034339    0.00    0.00    0.00    0.00    0.00    20  run-loki.sh
03:41:58 PM  1000   1034341    0.00    0.00    0.00    0.00    0.00    18  grafana
03:41:58 PM  1000   1034342    0.00    0.00    0.00    0.00    0.00    16  run-otelcol.sh
03:41:58 PM  1000   1034345    0.00    0.00    0.00    0.00    0.00    20  run-prometheus.
03:41:58 PM  1000   1034347    4.00    0.00    0.00    0.00    4.00    20  otelcol-contrib
03:41:58 PM  1000   1034349    0.00    0.00    0.00    0.00    0.00    16  run-tempo.sh
03:41:58 PM  1000   1034355    0.00    0.00    0.00    0.00    0.00    20  run-pyroscope.s
03:41:58 PM  1000   1034357    0.00    1.00    0.00    0.00    1.00    20  prometheus
03:41:58 PM  1000   1034359   21.00    2.00    0.00    0.00   23.00    20  tempo
03:41:58 PM  1000   1034360    1.00    0.00    0.00    0.00    1.00    18  loki
03:41:58 PM  1000   1034368    0.00    0.00    0.00    0.00    0.00    18  pyroscope

03:41:57 PM   UID       PID   cswch/s nvcswch/s  Command
03:41:58 PM  1000   1034337      0.00      0.00  run-grafana.sh
03:41:58 PM  1000   1034339      0.00      0.00  run-loki.sh
03:41:58 PM  1000   1034341      0.00      0.00  grafana
03:41:58 PM  1000   1034342      0.00      0.00  run-otelcol.sh
03:41:58 PM  1000   1034345      0.00      0.00  run-prometheus.
03:41:58 PM  1000   1034347      0.00      0.00  otelcol-contrib
03:41:58 PM  1000   1034349      0.00      0.00  run-tempo.sh
03:41:58 PM  1000   1034355      0.00      0.00  run-pyroscope.s
03:41:58 PM  1000   1034357      0.00      0.00  prometheus
03:41:58 PM  1000   1034359     66.00      0.00  tempo
03:41:58 PM  1000   1034360      0.00      0.00  loki
03:41:58 PM  1000   1034368      0.00      0.00  pyroscope

03:41:58 PM   UID       PID    %usr %system  %guest   %wait    %CPU   CPU  Command
03:41:59 PM  1000   1034337    0.00    0.00    0.00    0.00    0.00    18  run-grafana.sh
03:41:59 PM  1000   1034339    0.00    0.00    0.00    0.00    0.00    20  run-loki.sh
03:41:59 PM  1000   1034341    2.00    0.00    0.00    0.00    2.00    18  grafana
03:41:59 PM  1000   1034342    0.00    0.00    0.00    0.00    0.00    16  run-otelcol.sh
03:41:59 PM  1000   1034345    0.00    0.00    0.00    0.00    0.00    20  run-prometheus.
03:41:59 PM  1000   1034347    2.00    1.00    0.00    0.00    3.00    20  otelcol-contrib
03:41:59 PM  1000   1034349    0.00    0.00    0.00    0.00    0.00    16  run-tempo.sh
03:41:59 PM  1000   1034355    0.00    0.00    0.00    0.00    0.00    20  run-pyroscope.s
03:41:59 PM  1000   1034357    1.00    0.00    0.00    0.00    1.00    20  prometheus
03:41:59 PM  1000   1034359    5.00    1.00    0.00    0.00    6.00    16  tempo
03:41:59 PM  1000   1034360    0.00    0.00    0.00    0.00    0.00    18  loki
03:41:59 PM  1000   1034368    0.00    0.00    0.00    0.00    0.00    18  pyroscope

03:41:58 PM   UID       PID   cswch/s nvcswch/s  Command
03:41:59 PM  1000   1034337      0.00      0.00  run-grafana.sh
03:41:59 PM  1000   1034339      0.00      0.00  run-loki.sh
03:41:59 PM  1000   1034341      0.00      0.00  grafana
03:41:59 PM  1000   1034342      0.00      0.00  run-otelcol.sh
03:41:59 PM  1000   1034345      0.00      0.00  run-prometheus.
03:41:59 PM  1000   1034347      0.00      0.00  otelcol-contrib
03:41:59 PM  1000   1034349      0.00      0.00  run-tempo.sh
03:41:59 PM  1000   1034355      0.00      0.00  run-pyroscope.s
03:41:59 PM  1000   1034357      0.00      0.00  prometheus
03:41:59 PM  1000   1034359     32.00      1.00  tempo
03:41:59 PM  1000   1034360      0.00      0.00  loki
03:41:59 PM  1000   1034368      0.00      0.00  pyroscope

03:41:59 PM   UID       PID    %usr %system  %guest   %wait    %CPU   CPU  Command
03:42:00 PM  1000   1034337    0.00    0.00    0.00    0.00    0.00    18  run-grafana.sh
03:42:00 PM  1000   1034339    0.00    0.00    0.00    0.00    0.00    20  run-loki.sh
03:42:00 PM  1000   1034341    0.00    0.00    0.00    0.00    0.00    18  grafana
03:42:00 PM  1000   1034342    0.00    0.00    0.00    0.00    0.00    16  run-otelcol.sh
03:42:00 PM  1000   1034345    0.00    0.00    0.00    0.00    0.00    20  run-prometheus.
03:42:00 PM  1000   1034347    2.00    0.00    0.00    0.00    2.00    20  otelcol-contrib
03:42:00 PM  1000   1034349    0.00    0.00    0.00    0.00    0.00    16  run-tempo.sh
03:42:00 PM  1000   1034355    0.00    0.00    0.00    0.00    0.00    20  run-pyroscope.s
03:42:00 PM  1000   1034357    0.00    0.00    0.00    0.00    0.00    20  prometheus
03:42:00 PM  1000   1034359   18.00    0.00    0.00    1.00   18.00    18  tempo
03:42:00 PM  1000   1034360    0.00    0.00    0.00    0.00    0.00    18  loki
03:42:00 PM  1000   1034368    0.00    0.00    0.00    0.00    0.00    20  pyroscope

03:41:59 PM   UID       PID   cswch/s nvcswch/s  Command
03:42:00 PM  1000   1034337      0.00      0.00  run-grafana.sh
03:42:00 PM  1000   1034339      0.00      0.00  run-loki.sh
03:42:00 PM  1000   1034341      0.00      0.00  grafana
03:42:00 PM  1000   1034342      0.00      0.00  run-otelcol.sh
03:42:00 PM  1000   1034345      0.00      0.00  run-prometheus.
03:42:00 PM  1000   1034347      0.00      0.00  otelcol-contrib
03:42:00 PM  1000   1034349      0.00      0.00  run-tempo.sh
03:42:00 PM  1000   1034355      0.00      0.00  run-pyroscope.s
03:42:00 PM  1000   1034357      0.00      0.00  prometheus
03:42:00 PM  1000   1034359     72.00      0.00  tempo
03:42:00 PM  1000   1034360      0.00      0.00  loki
03:42:00 PM  1000   1034368      3.00      0.00  pyroscope

03:42:00 PM   UID       PID    %usr %system  %guest   %wait    %CPU   CPU  Command
03:42:01 PM  1000   1034337    0.00    0.00    0.00    0.00    0.00    18  run-grafana.sh
03:42:01 PM  1000   1034339    0.00    0.00    0.00    0.00    0.00    20  run-loki.sh
03:42:01 PM  1000   1034341    1.00    0.00    0.00    0.00    1.00    18  grafana
03:42:01 PM  1000   1034342    0.00    0.00    0.00    0.00    0.00    16  run-otelcol.sh
03:42:01 PM  1000   1034345    0.00    0.00    0.00    0.00    0.00    20  run-prometheus.
03:42:01 PM  1000   1034347    2.00    0.00    0.00    0.00    2.00    20  otelcol-contrib
03:42:01 PM  1000   1034349    0.00    0.00    0.00    0.00    0.00    16  run-tempo.sh
03:42:01 PM  1000   1034355    0.00    0.00    0.00    0.00    0.00    20  run-pyroscope.s
03:42:01 PM  1000   1034357    1.00    0.00    0.00    0.00    1.00    16  prometheus
03:42:01 PM  1000   1034359   17.00    3.00    0.00    0.00   20.00    18  tempo
03:42:01 PM  1000   1034360    0.00    0.00    0.00    0.00    0.00    18  loki
03:42:01 PM  1000   1034368    0.00    1.00    0.00    0.00    1.00    18  pyroscope

03:42:00 PM   UID       PID   cswch/s nvcswch/s  Command
03:42:01 PM  1000   1034337      0.00      0.00  run-grafana.sh
03:42:01 PM  1000   1034339      0.00      0.00  run-loki.sh
03:42:01 PM  1000   1034341      0.00      0.00  grafana
03:42:01 PM  1000   1034342      0.00      0.00  run-otelcol.sh
03:42:01 PM  1000   1034345      0.00      0.00  run-prometheus.
03:42:01 PM  1000   1034347      0.00      0.00  otelcol-contrib
03:42:01 PM  1000   1034349      0.00      0.00  run-tempo.sh
03:42:01 PM  1000   1034355      0.00      0.00  run-pyroscope.s
03:42:01 PM  1000   1034357      3.00      0.00  prometheus
03:42:01 PM  1000   1034359     51.00      8.00  tempo
03:42:01 PM  1000   1034360      0.00      0.00  loki
03:42:01 PM  1000   1034368     43.00      0.00  pyroscope

03:42:01 PM   UID       PID    %usr %system  %guest   %wait    %CPU   CPU  Command
03:42:02 PM  1000   1034337    0.00    0.00    0.00    0.00    0.00    18  run-grafana.sh
03:42:02 PM  1000   1034339    0.00    0.00    0.00    0.00    0.00    20  run-loki.sh
03:42:02 PM  1000   1034341    0.00    0.00    0.00    0.00    0.00    18  grafana
03:42:02 PM  1000   1034342    0.00    0.00    0.00    0.00    0.00    16  run-otelcol.sh
03:42:02 PM  1000   1034345    0.00    0.00    0.00    0.00    0.00    20  run-prometheus.
03:42:02 PM  1000   1034347    3.00    0.00    0.00    0.00    3.00    20  otelcol-contrib
03:42:02 PM  1000   1034349    0.00    0.00    0.00    0.00    0.00    16  run-tempo.sh
03:42:02 PM  1000   1034355    0.00    0.00    0.00    0.00    0.00    20  run-pyroscope.s
03:42:02 PM  1000   1034357    0.00    0.00    0.00    0.00    0.00    20  prometheus
03:42:02 PM  1000   1034359   20.00    1.00    0.00    0.00   21.00    18  tempo
03:42:02 PM  1000   1034360    1.00    0.00    0.00    0.00    1.00    18  loki
03:42:02 PM  1000   1034368    1.00    0.00    0.00    0.00    1.00    16  pyroscope

03:42:01 PM   UID       PID   cswch/s nvcswch/s  Command
03:42:02 PM  1000   1034337      0.00      0.00  run-grafana.sh
03:42:02 PM  1000   1034339      0.00      0.00  run-loki.sh
03:42:02 PM  1000   1034341      0.00      0.00  grafana
03:42:02 PM  1000   1034342      0.00      0.00  run-otelcol.sh
03:42:02 PM  1000   1034345      0.00      0.00  run-prometheus.
03:42:02 PM  1000   1034347      0.00      0.00  otelcol-contrib
03:42:02 PM  1000   1034349      0.00      0.00  run-tempo.sh
03:42:02 PM  1000   1034355      0.00      0.00  run-pyroscope.s
03:42:02 PM  1000   1034357      5.00      0.00  prometheus
03:42:02 PM  1000   1034359     64.00      8.00  tempo
03:42:02 PM  1000   1034360      0.00      0.00  loki
03:42:02 PM  1000   1034368     38.00      0.00  pyroscope

03:42:02 PM   UID       PID    %usr %system  %guest   %wait    %CPU   CPU  Command
03:42:03 PM  1000   1034337    0.00    0.00    0.00    0.00    0.00    18  run-grafana.sh
03:42:03 PM  1000   1034339    0.00    0.00    0.00    0.00    0.00    20  run-loki.sh
03:42:03 PM  1000   1034341    0.00    0.00    0.00    0.00    0.00    18  grafana
03:42:03 PM  1000   1034342    0.00    0.00    0.00    0.00    0.00    16  run-otelcol.sh
03:42:03 PM  1000   1034345    0.00    0.00    0.00    0.00    0.00    20  run-prometheus.
03:42:03 PM  1000   1034347    2.00    1.00    0.00    0.00    3.00    20  otelcol-contrib
03:42:03 PM  1000   1034349    0.00    0.00    0.00    0.00    0.00    16  run-tempo.sh
03:42:03 PM  1000   1034355    0.00    0.00    0.00    0.00    0.00    20  run-pyroscope.s
03:42:03 PM  1000   1034357    0.00    0.00    0.00    0.00    0.00    16  prometheus
03:42:03 PM  1000   1034359   15.00    1.00    0.00    1.00   16.00    18  tempo
03:42:03 PM  1000   1034360    0.00    0.00    0.00    0.00    0.00    18  loki
03:42:03 PM  1000   1034368    0.00    0.00    0.00    0.00    0.00    20  pyroscope

03:42:02 PM   UID       PID   cswch/s nvcswch/s  Command
03:42:03 PM  1000   1034337      0.00      0.00  run-grafana.sh
03:42:03 PM  1000   1034339      0.00      0.00  run-loki.sh
03:42:03 PM  1000   1034341      0.00      0.00  grafana
03:42:03 PM  1000   1034342      0.00      0.00  run-otelcol.sh
03:42:03 PM  1000   1034345      0.00      0.00  run-prometheus.
03:42:03 PM  1000   1034347      0.00      0.00  otelcol-contrib
03:42:03 PM  1000   1034349      0.00      0.00  run-tempo.sh
03:42:03 PM  1000   1034355      0.00      0.00  run-pyroscope.s
03:42:03 PM  1000   1034357      3.00      0.00  prometheus
03:42:03 PM  1000   1034359     68.00      4.00  tempo
03:42:03 PM  1000   1034360      0.00      0.00  loki
03:42:03 PM  1000   1034368     59.00      0.00  pyroscope

03:42:03 PM   UID       PID    %usr %system  %guest   %wait    %CPU   CPU  Command
03:42:04 PM  1000   1034337    0.00    0.00    0.00    0.00    0.00    18  run-grafana.sh
03:42:04 PM  1000   1034339    0.00    0.00    0.00    0.00    0.00    20  run-loki.sh
03:42:04 PM  1000   1034341    0.00    0.00    0.00    0.00    0.00    18  grafana
03:42:04 PM  1000   1034342    0.00    0.00    0.00    0.00    0.00    16  run-otelcol.sh
03:42:04 PM  1000   1034345    0.00    0.00    0.00    0.00    0.00    20  run-prometheus.
03:42:04 PM  1000   1034347    3.00    0.00    0.00    0.00    3.00    20  otelcol-contrib
03:42:04 PM  1000   1034349    0.00    0.00    0.00    0.00    0.00    16  run-tempo.sh
03:42:04 PM  1000   1034355    0.00    0.00    0.00    0.00    0.00    20  run-pyroscope.s
03:42:04 PM  1000   1034357    0.00    0.00    0.00    0.00    0.00    18  prometheus
03:42:04 PM  1000   1034359    6.00    0.00    0.00    0.00    6.00    18  tempo
03:42:04 PM  1000   1034360    0.00    0.00    0.00    0.00    0.00    18  loki
03:42:04 PM  1000   1034368    0.00    0.00    0.00    0.00    0.00    20  pyroscope

03:42:03 PM   UID       PID   cswch/s nvcswch/s  Command
03:42:04 PM  1000   1034337      0.00      0.00  run-grafana.sh
03:42:04 PM  1000   1034339      0.00      0.00  run-loki.sh
03:42:04 PM  1000   1034341      0.00      0.00  grafana
03:42:04 PM  1000   1034342      0.00      0.00  run-otelcol.sh
03:42:04 PM  1000   1034345      0.00      0.00  run-prometheus.
03:42:04 PM  1000   1034347      0.00      0.00  otelcol-contrib
03:42:04 PM  1000   1034349      0.00      0.00  run-tempo.sh
03:42:04 PM  1000   1034355      0.00      0.00  run-pyroscope.s
03:42:04 PM  1000   1034357      2.00      0.00  prometheus
03:42:04 PM  1000   1034359     71.00      2.00  tempo
03:42:04 PM  1000   1034360      0.00      0.00  loki
03:42:04 PM  1000   1034368     42.00      0.00  pyroscope

03:42:04 PM   UID       PID    %usr %system  %guest   %wait    %CPU   CPU  Command
03:42:05 PM  1000   1034337    0.00    0.00    0.00    0.00    0.00    18  run-grafana.sh
03:42:05 PM  1000   1034339    0.00    0.00    0.00    0.00    0.00    20  run-loki.sh
03:42:05 PM  1000   1034341    0.00    0.00    0.00    0.00    0.00    18  grafana
03:42:05 PM  1000   1034342    0.00    0.00    0.00    0.00    0.00    16  run-otelcol.sh
03:42:05 PM  1000   1034345    0.00    0.00    0.00    0.00    0.00    20  run-prometheus.
03:42:05 PM  1000   1034347    3.00    0.00    0.00    0.00    3.00    20  otelcol-contrib
03:42:05 PM  1000   1034349    0.00    0.00    0.00    0.00    0.00    16  run-tempo.sh
03:42:05 PM  1000   1034355    0.00    0.00    0.00    0.00    0.00    20  run-pyroscope.s
03:42:05 PM  1000   1034357    0.00    0.00    0.00    0.00    0.00    18  prometheus
03:42:05 PM  1000   1034359   25.00    3.00    0.00    0.00   28.00    20  tempo
03:42:05 PM  1000   1034360    0.00    1.00    0.00    0.00    1.00    18  loki
03:42:05 PM  1000   1034368    0.00    0.00    0.00    1.00    0.00    20  pyroscope

03:42:04 PM   UID       PID   cswch/s nvcswch/s  Command
03:42:05 PM  1000   1034337      0.00      0.00  run-grafana.sh
03:42:05 PM  1000   1034339      0.00      0.00  run-loki.sh
03:42:05 PM  1000   1034341      0.00      0.00  grafana
03:42:05 PM  1000   1034342      0.00      0.00  run-otelcol.sh
03:42:05 PM  1000   1034345      0.00      0.00  run-prometheus.
03:42:05 PM  1000   1034347      0.00      0.00  otelcol-contrib
03:42:05 PM  1000   1034349      0.00      0.00  run-tempo.sh
03:42:05 PM  1000   1034355      0.00      0.00  run-pyroscope.s
03:42:05 PM  1000   1034357      1.00      0.00  prometheus
03:42:05 PM  1000   1034359     82.00      8.00  tempo
03:42:05 PM  1000   1034360      0.00      0.00  loki
03:42:05 PM  1000   1034368     47.00      0.00  pyroscope

03:42:05 PM   UID       PID    %usr %system  %guest   %wait    %CPU   CPU  Command
03:42:06 PM  1000   1034337    0.00    0.00    0.00    0.00    0.00    18  run-grafana.sh
03:42:06 PM  1000   1034339    0.00    0.00    0.00    0.00    0.00    20  run-loki.sh
03:42:06 PM  1000   1034341    0.00    0.00    0.00    0.00    0.00    18  grafana
03:42:06 PM  1000   1034342    0.00    0.00    0.00    0.00    0.00    16  run-otelcol.sh
03:42:06 PM  1000   1034345    0.00    0.00    0.00    0.00    0.00    20  run-prometheus.
03:42:06 PM  1000   1034347    2.00    0.00    0.00    0.00    2.00    20  otelcol-contrib
03:42:06 PM  1000   1034349    0.00    0.00    0.00    0.00    0.00    16  run-tempo.sh
03:42:06 PM  1000   1034355    0.00    0.00    0.00    0.00    0.00    20  run-pyroscope.s
03:42:06 PM  1000   1034357    0.00    0.00    0.00    0.00    0.00    20  prometheus
03:42:06 PM  1000   1034359    6.00    1.00    0.00    0.00    7.00    16  tempo
03:42:06 PM  1000   1034360    0.00    0.00    0.00    0.00    0.00    18  loki
03:42:06 PM  1000   1034368    0.00    0.00    0.00    0.00    0.00    20  pyroscope

03:42:05 PM   UID       PID   cswch/s nvcswch/s  Command
03:42:06 PM  1000   1034337      0.00      0.00  run-grafana.sh
03:42:06 PM  1000   1034339      0.00      0.00  run-loki.sh
03:42:06 PM  1000   1034341      0.00      0.00  grafana
03:42:06 PM  1000   1034342      0.00      0.00  run-otelcol.sh
03:42:06 PM  1000   1034345      0.00      0.00  run-prometheus.
03:42:06 PM  1000   1034347      0.00      0.00  otelcol-contrib
03:42:06 PM  1000   1034349      0.00      0.00  run-tempo.sh
03:42:06 PM  1000   1034355      0.00      0.00  run-pyroscope.s
03:42:06 PM  1000   1034357      3.00      0.00  prometheus
03:42:06 PM  1000   1034359     63.00      0.00  tempo
03:42:06 PM  1000   1034360      0.00      0.00  loki
03:42:06 PM  1000   1034368     35.00      0.00  pyroscope

03:42:06 PM   UID       PID    %usr %system  %guest   %wait    %CPU   CPU  Command
03:42:07 PM  1000   1034337    0.00    0.00    0.00    0.00    0.00    18  run-grafana.sh
03:42:07 PM  1000   1034339    0.00    0.00    0.00    0.00    0.00    20  run-loki.sh
03:42:07 PM  1000   1034341    0.00    0.00    0.00    0.00    0.00    18  grafana
03:42:07 PM  1000   1034342    0.00    0.00    0.00    0.00    0.00    16  run-otelcol.sh
03:42:07 PM  1000   1034345    0.00    0.00    0.00    0.00    0.00    20  run-prometheus.
03:42:07 PM  1000   1034347    2.00    0.00    0.00    0.00    2.00    20  otelcol-contrib
03:42:07 PM  1000   1034349    0.00    0.00    0.00    0.00    0.00    16  run-tempo.sh
03:42:07 PM  1000   1034355    0.00    0.00    0.00    0.00    0.00    20  run-pyroscope.s
03:42:07 PM  1000   1034357    0.00    0.00    0.00    0.00    0.00    18  prometheus
03:42:07 PM  1000   1034359   15.00    0.00    0.00    1.00   15.00    18  tempo
03:42:07 PM  1000   1034360    1.00    0.00    0.00    0.00    1.00    18  loki
03:42:07 PM  1000   1034368    0.00    0.00    0.00    0.00    0.00    16  pyroscope

03:42:06 PM   UID       PID   cswch/s nvcswch/s  Command
03:42:07 PM  1000   1034337      0.00      0.00  run-grafana.sh
03:42:07 PM  1000   1034339      0.00      0.00  run-loki.sh
03:42:07 PM  1000   1034341      0.00      0.00  grafana
03:42:07 PM  1000   1034342      0.00      0.00  run-otelcol.sh
03:42:07 PM  1000   1034345      0.00      0.00  run-prometheus.
03:42:07 PM  1000   1034347      0.00      0.00  otelcol-contrib
03:42:07 PM  1000   1034349      0.00      0.00  run-tempo.sh
03:42:07 PM  1000   1034355      0.00      0.00  run-pyroscope.s
03:42:07 PM  1000   1034357     12.00      0.00  prometheus
03:42:07 PM  1000   1034359     64.00      2.00  tempo
03:42:07 PM  1000   1034360      0.00      0.00  loki
03:42:07 PM  1000   1034368     44.00      0.00  pyroscope

03:42:07 PM   UID       PID    %usr %system  %guest   %wait    %CPU   CPU  Command
03:42:08 PM  1000   1034337    0.00    0.00    0.00    0.00    0.00    18  run-grafana.sh
03:42:08 PM  1000   1034339    0.00    0.00    0.00    0.00    0.00    20  run-loki.sh
03:42:08 PM  1000   1034341    0.00    0.00    0.00    0.00    0.00    18  grafana
03:42:08 PM  1000   1034342    0.00    0.00    0.00    0.00    0.00    16  run-otelcol.sh
03:42:08 PM  1000   1034345    0.00    0.00    0.00    0.00    0.00    20  run-prometheus.
03:42:08 PM  1000   1034347    1.00    1.00    0.00    0.00    2.00    20  otelcol-contrib
03:42:08 PM  1000   1034349    0.00    0.00    0.00    0.00    0.00    16  run-tempo.sh
03:42:08 PM  1000   1034355    0.00    0.00    0.00    0.00    0.00    20  run-pyroscope.s
03:42:08 PM  1000   1034357    1.00    0.00    0.00    0.00    1.00    16  prometheus
03:42:08 PM  1000   1034359   19.00    2.00    0.00    0.00   21.00    18  tempo
03:42:08 PM  1000   1034360    0.00    0.00    0.00    0.00    0.00    18  loki
03:42:08 PM  1000   1034368    4.00    0.00    0.00    0.00    4.00    18  pyroscope

03:42:07 PM   UID       PID   cswch/s nvcswch/s  Command
03:42:08 PM  1000   1034337      0.00      0.00  run-grafana.sh
03:42:08 PM  1000   1034339      0.00      0.00  run-loki.sh
03:42:08 PM  1000   1034341      0.00      0.00  grafana
03:42:08 PM  1000   1034342      0.00      0.00  run-otelcol.sh
03:42:08 PM  1000   1034345      0.00      0.00  run-prometheus.
03:42:08 PM  1000   1034347      0.00      0.00  otelcol-contrib
03:42:08 PM  1000   1034349      0.00      0.00  run-tempo.sh
03:42:08 PM  1000   1034355      0.00      0.00  run-pyroscope.s
03:42:08 PM  1000   1034357      3.00      0.00  prometheus
03:42:08 PM  1000   1034359     58.00      0.00  tempo
03:42:08 PM  1000   1034360      0.00      0.00  loki
03:42:08 PM  1000   1034368     55.00      0.00  pyroscope

03:42:08 PM   UID       PID    %usr %system  %guest   %wait    %CPU   CPU  Command
03:42:09 PM  1000   1034337    0.00    0.00    0.00    0.00    0.00    18  run-grafana.sh
03:42:09 PM  1000   1034339    0.00    0.00    0.00    0.00    0.00    20  run-loki.sh
03:42:09 PM  1000   1034341    3.00    0.00    0.00    0.00    3.00    18  grafana
03:42:09 PM  1000   1034342    0.00    0.00    0.00    0.00    0.00    16  run-otelcol.sh
03:42:09 PM  1000   1034345    0.00    0.00    0.00    0.00    0.00    20  run-prometheus.
03:42:09 PM  1000   1034347    4.00    0.00    0.00    0.00    4.00    20  otelcol-contrib
03:42:09 PM  1000   1034349    0.00    0.00    0.00    0.00    0.00    16  run-tempo.sh
03:42:09 PM  1000   1034355    0.00    0.00    0.00    0.00    0.00    20  run-pyroscope.s
03:42:09 PM  1000   1034357    0.00    0.00    0.00    0.00    0.00    18  prometheus
03:42:09 PM  1000   1034359   20.00    4.00    0.00    0.00   24.00    16  tempo
03:42:09 PM  1000   1034360    0.00    0.00    0.00    0.00    0.00    18  loki
03:42:09 PM  1000   1034368    0.00    0.00    0.00    0.00    0.00    18  pyroscope

03:42:08 PM   UID       PID   cswch/s nvcswch/s  Command
03:42:09 PM  1000   1034337      0.00      0.00  run-grafana.sh
03:42:09 PM  1000   1034339      0.00      0.00  run-loki.sh
03:42:09 PM  1000   1034341      0.00      0.00  grafana
03:42:09 PM  1000   1034342      0.00      0.00  run-otelcol.sh
03:42:09 PM  1000   1034345      0.00      0.00  run-prometheus.
03:42:09 PM  1000   1034347      0.00      0.00  otelcol-contrib
03:42:09 PM  1000   1034349      0.00      0.00  run-tempo.sh
03:42:09 PM  1000   1034355      0.00      0.00  run-pyroscope.s
03:42:09 PM  1000   1034357      1.00      0.00  prometheus
03:42:09 PM  1000   1034359     56.00      7.00  tempo
03:42:09 PM  1000   1034360      0.00      0.00  loki
03:42:09 PM  1000   1034368     31.00      0.00  pyroscope

03:42:09 PM   UID       PID    %usr %system  %guest   %wait    %CPU   CPU  Command
03:42:10 PM  1000   1034337    0.00    0.00    0.00    0.00    0.00    18  run-grafana.sh
03:42:10 PM  1000   1034339    0.00    0.00    0.00    0.00    0.00    20  run-loki.sh
03:42:10 PM  1000   1034341    1.00    0.00    0.00    0.00    1.00    18  grafana
03:42:10 PM  1000   1034342    0.00    0.00    0.00    0.00    0.00    16  run-otelcol.sh
03:42:10 PM  1000   1034345    0.00    0.00    0.00    0.00    0.00    20  run-prometheus.
03:42:10 PM  1000   1034347    2.00    0.00    0.00    0.00    2.00    20  otelcol-contrib
03:42:10 PM  1000   1034349    0.00    0.00    0.00    0.00    0.00    16  run-tempo.sh
03:42:10 PM  1000   1034355    0.00    0.00    0.00    0.00    0.00    20  run-pyroscope.s
03:42:10 PM  1000   1034357    0.00    0.00    0.00    0.00    0.00    18  prometheus
03:42:10 PM  1000   1034359   66.00    6.00    0.00    0.00   72.00    16  tempo
03:42:10 PM  1000   1034360    0.00    0.00    0.00    0.00    0.00    18  loki
03:42:10 PM  1000   1034368    0.00    0.00    0.00    0.00    0.00    20  pyroscope

03:42:09 PM   UID       PID   cswch/s nvcswch/s  Command
03:42:10 PM  1000   1034337      0.00      0.00  run-grafana.sh
03:42:10 PM  1000   1034339      0.00      0.00  run-loki.sh
03:42:10 PM  1000   1034341      0.00      0.00  grafana
03:42:10 PM  1000   1034342      0.00      0.00  run-otelcol.sh
03:42:10 PM  1000   1034345      0.00      0.00  run-prometheus.
03:42:10 PM  1000   1034347      0.00      0.00  otelcol-contrib
03:42:10 PM  1000   1034349      0.00      0.00  run-tempo.sh
03:42:10 PM  1000   1034355      0.00      0.00  run-pyroscope.s
03:42:10 PM  1000   1034357      1.00      0.00  prometheus
03:42:10 PM  1000   1034359     60.00     16.00  tempo
03:42:10 PM  1000   1034360      0.00      0.00  loki
03:42:10 PM  1000   1034368     12.00      0.00  pyroscope

03:42:10 PM   UID       PID    %usr %system  %guest   %wait    %CPU   CPU  Command
03:42:11 PM  1000   1034337    0.00    0.00    0.00    0.00    0.00    18  run-grafana.sh
03:42:11 PM  1000   1034339    0.00    0.00    0.00    0.00    0.00    20  run-loki.sh
03:42:11 PM  1000   1034341    0.00    0.00    0.00    0.00    0.00    18  grafana
03:42:11 PM  1000   1034342    0.00    0.00    0.00    0.00    0.00    16  run-otelcol.sh
03:42:11 PM  1000   1034345    0.00    0.00    0.00    0.00    0.00    20  run-prometheus.
03:42:11 PM  1000   1034347    2.00    0.00    0.00    0.00    2.00    20  otelcol-contrib
03:42:11 PM  1000   1034349    0.00    0.00    0.00    0.00    0.00    16  run-tempo.sh
03:42:11 PM  1000   1034355    0.00    0.00    0.00    0.00    0.00    20  run-pyroscope.s
03:42:11 PM  1000   1034357    0.00    0.00    0.00    0.00    0.00    18  prometheus
03:42:11 PM  1000   1034359   74.00    6.00    0.00    0.00   80.00    18  tempo
03:42:11 PM  1000   1034360    1.00    0.00    0.00    0.00    1.00    18  loki
03:42:11 PM  1000   1034368    0.00    1.00    0.00    0.00    1.00    18  pyroscope

03:42:10 PM   UID       PID   cswch/s nvcswch/s  Command
03:42:11 PM  1000   1034337      0.00      0.00  run-grafana.sh
03:42:11 PM  1000   1034339      0.00      0.00  run-loki.sh
03:42:11 PM  1000   1034341      0.00      0.00  grafana
03:42:11 PM  1000   1034342      0.00      0.00  run-otelcol.sh
03:42:11 PM  1000   1034345      0.00      0.00  run-prometheus.
03:42:11 PM  1000   1034347      0.00      0.00  otelcol-contrib
03:42:11 PM  1000   1034349      0.00      0.00  run-tempo.sh
03:42:11 PM  1000   1034355      0.00      0.00  run-pyroscope.s
03:42:11 PM  1000   1034357      0.00      0.00  prometheus
03:42:11 PM  1000   1034359     24.00     10.00  tempo
03:42:11 PM  1000   1034360      0.00      0.00  loki
03:42:11 PM  1000   1034368     31.00      0.00  pyroscope

03:42:11 PM   UID       PID    %usr %system  %guest   %wait    %CPU   CPU  Command
03:42:12 PM  1000   1034337    0.00    0.00    0.00    0.00    0.00    18  run-grafana.sh
03:42:12 PM  1000   1034339    0.00    0.00    0.00    0.00    0.00    20  run-loki.sh
03:42:12 PM  1000   1034341    0.00    0.00    0.00    0.00    0.00    18  grafana
03:42:12 PM  1000   1034342    0.00    0.00    0.00    0.00    0.00    16  run-otelcol.sh
03:42:12 PM  1000   1034345    0.00    0.00    0.00    0.00    0.00    20  run-prometheus.
03:42:12 PM  1000   1034347    4.00    1.00    0.00    0.00    5.00    20  otelcol-contrib
03:42:12 PM  1000   1034349    0.00    0.00    0.00    0.00    0.00    16  run-tempo.sh
03:42:12 PM  1000   1034355    0.00    0.00    0.00    0.00    0.00    20  run-pyroscope.s
03:42:12 PM  1000   1034357    0.00    0.00    0.00    0.00    0.00    16  prometheus
03:42:12 PM  1000   1034359    6.00    1.00    0.00    0.00    7.00    18  tempo
03:42:12 PM  1000   1034360    0.00    0.00    0.00    0.00    0.00    18  loki
03:42:12 PM  1000   1034368    0.00    0.00    0.00    0.00    0.00    18  pyroscope

03:42:11 PM   UID       PID   cswch/s nvcswch/s  Command
03:42:12 PM  1000   1034337      0.00      0.00  run-grafana.sh
03:42:12 PM  1000   1034339      0.00      0.00  run-loki.sh
03:42:12 PM  1000   1034341      0.00      0.00  grafana
03:42:12 PM  1000   1034342      0.00      0.00  run-otelcol.sh
03:42:12 PM  1000   1034345      0.00      0.00  run-prometheus.
03:42:12 PM  1000   1034347      0.00      0.00  otelcol-contrib
03:42:12 PM  1000   1034349      0.00      0.00  run-tempo.sh
03:42:12 PM  1000   1034355      0.00      0.00  run-pyroscope.s
03:42:12 PM  1000   1034357      7.00      0.00  prometheus
03:42:12 PM  1000   1034359      0.00      0.00  tempo
03:42:12 PM  1000   1034360      0.00      0.00  loki
03:42:12 PM  1000   1034368     30.00      0.00  pyroscope

03:42:12 PM   UID       PID    %usr %system  %guest   %wait    %CPU   CPU  Command
03:42:13 PM  1000   1034337    0.00    0.00    0.00    0.00    0.00    18  run-grafana.sh
03:42:13 PM  1000   1034339    0.00    0.00    0.00    0.00    0.00    20  run-loki.sh
03:42:13 PM  1000   1034341    0.00    0.00    0.00    0.00    0.00    18  grafana
03:42:13 PM  1000   1034342    0.00    0.00    0.00    0.00    0.00    16  run-otelcol.sh
03:42:13 PM  1000   1034345    0.00    0.00    0.00    0.00    0.00    20  run-prometheus.
03:42:13 PM  1000   1034347    2.00    0.00    0.00    0.00    2.00    20  otelcol-contrib
03:42:13 PM  1000   1034349    0.00    0.00    0.00    0.00    0.00    16  run-tempo.sh
03:42:13 PM  1000   1034355    0.00    0.00    0.00    0.00    0.00    20  run-pyroscope.s
03:42:13 PM  1000   1034357    0.00    0.00    0.00    0.00    0.00    16  prometheus
03:42:13 PM  1000   1034359    7.00    0.00    0.00    0.00    7.00    18  tempo
03:42:13 PM  1000   1034360    0.00    0.00    0.00    0.00    0.00    18  loki
03:42:13 PM  1000   1034368    1.00    0.00    0.00    0.00    1.00    18  pyroscope

03:42:12 PM   UID       PID   cswch/s nvcswch/s  Command
03:42:13 PM  1000   1034337      0.00      0.00  run-grafana.sh
03:42:13 PM  1000   1034339      0.00      0.00  run-loki.sh
03:42:13 PM  1000   1034341      0.00      0.00  grafana
03:42:13 PM  1000   1034342      0.00      0.00  run-otelcol.sh
03:42:13 PM  1000   1034345      0.00      0.00  run-prometheus.
03:42:13 PM  1000   1034347      0.00      0.00  otelcol-contrib
03:42:13 PM  1000   1034349      0.00      0.00  run-tempo.sh
03:42:13 PM  1000   1034355      0.00      0.00  run-pyroscope.s
03:42:13 PM  1000   1034357      1.00      0.00  prometheus
03:42:13 PM  1000   1034359      0.00      0.00  tempo
03:42:13 PM  1000   1034360      0.00      0.00  loki
03:42:13 PM  1000   1034368     44.00      0.00  pyroscope

03:42:13 PM   UID       PID    %usr %system  %guest   %wait    %CPU   CPU  Command
03:42:14 PM  1000   1034337    0.00    0.00    0.00    0.00    0.00    18  run-grafana.sh
03:42:14 PM  1000   1034339    0.00    0.00    0.00    0.00    0.00    20  run-loki.sh
03:42:14 PM  1000   1034341    1.00    0.00    0.00    0.00    1.00    18  grafana
03:42:14 PM  1000   1034342    0.00    0.00    0.00    0.00    0.00    16  run-otelcol.sh
03:42:14 PM  1000   1034345    0.00    0.00    0.00    0.00    0.00    20  run-prometheus.
03:42:14 PM  1000   1034347    1.00    0.00    0.00    0.00    1.00    20  otelcol-contrib
03:42:14 PM  1000   1034349    0.00    0.00    0.00    0.00    0.00    16  run-tempo.sh
03:42:14 PM  1000   1034355    0.00    0.00    0.00    0.00    0.00    20  run-pyroscope.s
03:42:14 PM  1000   1034357    0.00    0.00    0.00    0.00    0.00    16  prometheus
03:42:14 PM  1000   1034359    5.00    0.00    0.00    0.00    5.00    18  tempo
03:42:14 PM  1000   1034360    0.00    0.00    0.00    0.00    0.00    18  loki
03:42:14 PM  1000   1034368    0.00    0.00    0.00    0.00    0.00    18  pyroscope

03:42:13 PM   UID       PID   cswch/s nvcswch/s  Command
03:42:14 PM  1000   1034337      0.00      0.00  run-grafana.sh
03:42:14 PM  1000   1034339      0.00      0.00  run-loki.sh
03:42:14 PM  1000   1034341      0.00      0.00  grafana
03:42:14 PM  1000   1034342      0.00      0.00  run-otelcol.sh
03:42:14 PM  1000   1034345      0.00      0.00  run-prometheus.
03:42:14 PM  1000   1034347      0.00      0.00  otelcol-contrib
03:42:14 PM  1000   1034349      0.00      0.00  run-tempo.sh
03:42:14 PM  1000   1034355      0.00      0.00  run-pyroscope.s
03:42:14 PM  1000   1034357      1.00      0.00  prometheus
03:42:14 PM  1000   1034359      0.00      0.00  tempo
03:42:14 PM  1000   1034360      0.00      0.00  loki
03:42:14 PM  1000   1034368     37.00      0.00  pyroscope

03:42:14 PM   UID       PID    %usr %system  %guest   %wait    %CPU   CPU  Command
03:42:15 PM  1000   1034337    0.00    0.00    0.00    0.00    0.00    18  run-grafana.sh
03:42:15 PM  1000   1034339    0.00    0.00    0.00    0.00    0.00    20  run-loki.sh
03:42:15 PM  1000   1034341    0.00    0.00    0.00    0.00    0.00    18  grafana
03:42:15 PM  1000   1034342    0.00    0.00    0.00    0.00    0.00    16  run-otelcol.sh
03:42:15 PM  1000   1034345    0.00    0.00    0.00    0.00    0.00    20  run-prometheus.
03:42:15 PM  1000   1034347    2.00    1.00    0.00    0.00    3.00    20  otelcol-contrib
03:42:15 PM  1000   1034349    0.00    0.00    0.00    0.00    0.00    16  run-tempo.sh
03:42:15 PM  1000   1034355    0.00    0.00    0.00    0.00    0.00    20  run-pyroscope.s
03:42:15 PM  1000   1034357    0.00    0.00    0.00    0.00    0.00    18  prometheus
03:42:15 PM  1000   1034359    5.00    1.00    0.00    0.00    6.00    18  tempo
03:42:15 PM  1000   1034360    1.00    0.00    0.00    0.00    1.00    18  loki
03:42:15 PM  1000   1034368    0.00    0.00    0.00    0.00    0.00    16  pyroscope

03:42:14 PM   UID       PID   cswch/s nvcswch/s  Command
03:42:15 PM  1000   1034337      0.00      0.00  run-grafana.sh
03:42:15 PM  1000   1034339      0.00      0.00  run-loki.sh
03:42:15 PM  1000   1034341      0.00      0.00  grafana
03:42:15 PM  1000   1034342      0.00      0.00  run-otelcol.sh
03:42:15 PM  1000   1034345      0.00      0.00  run-prometheus.
03:42:15 PM  1000   1034347      0.00      0.00  otelcol-contrib
03:42:15 PM  1000   1034349      0.00      0.00  run-tempo.sh
03:42:15 PM  1000   1034355      0.00      0.00  run-pyroscope.s
03:42:15 PM  1000   1034357      3.00      0.00  prometheus
03:42:15 PM  1000   1034359      0.00      0.00  tempo
03:42:15 PM  1000   1034360      0.00      0.00  loki
03:42:15 PM  1000   1034368     27.00      0.00  pyroscope

03:42:15 PM   UID       PID    %usr %system  %guest   %wait    %CPU   CPU  Command
03:42:16 PM  1000   1034337    0.00    0.00    0.00    0.00    0.00    18  run-grafana.sh
03:42:16 PM  1000   1034339    0.00    0.00    0.00    0.00    0.00    20  run-loki.sh
03:42:16 PM  1000   1034341    0.00    0.00    0.00    0.00    0.00    18  grafana
03:42:16 PM  1000   1034342    0.00    0.00    0.00    0.00    0.00    16  run-otelcol.sh
03:42:16 PM  1000   1034345    0.00    0.00    0.00    0.00    0.00    20  run-prometheus.
03:42:16 PM  1000   1034347    4.00    0.00    0.00    0.00    4.00    20  otelcol-contrib
03:42:16 PM  1000   1034349    0.00    0.00    0.00    0.00    0.00    16  run-tempo.sh
03:42:16 PM  1000   1034355    0.00    0.00    0.00    0.00    0.00    20  run-pyroscope.s
03:42:16 PM  1000   1034357    1.00    0.00    0.00    0.00    1.00    18  prometheus
03:42:16 PM  1000   1034359   33.00    4.00    0.00    0.00   37.00    16  tempo
03:42:16 PM  1000   1034360    0.00    0.00    0.00    0.00    0.00    18  loki
03:42:16 PM  1000   1034368    0.00    0.00    0.00    0.00    0.00    18  pyroscope

03:42:15 PM   UID       PID   cswch/s nvcswch/s  Command
03:42:16 PM  1000   1034337      0.00      0.00  run-grafana.sh
03:42:16 PM  1000   1034339      0.00      0.00  run-loki.sh
03:42:16 PM  1000   1034341      0.00      0.00  grafana
03:42:16 PM  1000   1034342      0.00      0.00  run-otelcol.sh
03:42:16 PM  1000   1034345      0.00      0.00  run-prometheus.
03:42:16 PM  1000   1034347      0.00      0.00  otelcol-contrib
03:42:16 PM  1000   1034349      0.00      0.00  run-tempo.sh
03:42:16 PM  1000   1034355      0.00      0.00  run-pyroscope.s
03:42:16 PM  1000   1034357      1.00      0.00  prometheus
03:42:16 PM  1000   1034359     44.00      1.00  tempo
03:42:16 PM  1000   1034360      0.00      0.00  loki
03:42:16 PM  1000   1034368     30.00      0.00  pyroscope

03:42:16 PM   UID       PID    %usr %system  %guest   %wait    %CPU   CPU  Command
03:42:17 PM  1000   1034337    0.00    0.00    0.00    0.00    0.00    18  run-grafana.sh
03:42:17 PM  1000   1034339    0.00    0.00    0.00    0.00    0.00    20  run-loki.sh
03:42:17 PM  1000   1034341    0.00    0.00    0.00    0.00    0.00    18  grafana
03:42:17 PM  1000   1034342    0.00    0.00    0.00    0.00    0.00    16  run-otelcol.sh
03:42:17 PM  1000   1034345    0.00    0.00    0.00    0.00    0.00    20  run-prometheus.
03:42:17 PM  1000   1034347    1.00    0.00    0.00    0.00    1.00    20  otelcol-contrib
03:42:17 PM  1000   1034349    0.00    0.00    0.00    0.00    0.00    16  run-tempo.sh
03:42:17 PM  1000   1034355    0.00    0.00    0.00    0.00    0.00    20  run-pyroscope.s
03:42:17 PM  1000   1034357    0.00    0.00    0.00    0.00    0.00    20  prometheus
03:42:17 PM  1000   1034359   18.00    1.00    0.00    1.00   19.00    20  tempo
03:42:17 PM  1000   1034360    0.00    0.00    0.00    0.00    0.00    18  loki
03:42:17 PM  1000   1034368    0.00    0.00    0.00    0.00    0.00    20  pyroscope

03:42:16 PM   UID       PID   cswch/s nvcswch/s  Command
03:42:17 PM  1000   1034337      0.00      0.00  run-grafana.sh
03:42:17 PM  1000   1034339      0.00      0.00  run-loki.sh
03:42:17 PM  1000   1034341      0.00      0.00  grafana
03:42:17 PM  1000   1034342      0.00      0.00  run-otelcol.sh
03:42:17 PM  1000   1034345      0.00      0.00  run-prometheus.
03:42:17 PM  1000   1034347      0.00      0.00  otelcol-contrib
03:42:17 PM  1000   1034349      0.00      0.00  run-tempo.sh
03:42:17 PM  1000   1034355      0.00      0.00  run-pyroscope.s
03:42:17 PM  1000   1034357      7.00      0.00  prometheus
03:42:17 PM  1000   1034359     62.00     36.00  tempo
03:42:17 PM  1000   1034360      0.00      0.00  loki
03:42:17 PM  1000   1034368     31.00      0.00  pyroscope

03:42:17 PM   UID       PID    %usr %system  %guest   %wait    %CPU   CPU  Command
03:42:18 PM  1000   1034337    0.00    0.00    0.00    0.00    0.00    18  run-grafana.sh
03:42:18 PM  1000   1034339    0.00    0.00    0.00    0.00    0.00    20  run-loki.sh
03:42:18 PM  1000   1034341    0.00    0.00    0.00    0.00    0.00    18  grafana
03:42:18 PM  1000   1034342    0.00    0.00    0.00    0.00    0.00    16  run-otelcol.sh
03:42:18 PM  1000   1034345    0.00    0.00    0.00    0.00    0.00    20  run-prometheus.
03:42:18 PM  1000   1034347    2.00    0.00    0.00    0.00    2.00    20  otelcol-contrib
03:42:18 PM  1000   1034349    0.00    0.00    0.00    0.00    0.00    16  run-tempo.sh
03:42:18 PM  1000   1034355    0.00    0.00    0.00    0.00    0.00    20  run-pyroscope.s
03:42:18 PM  1000   1034357    0.00    0.00    0.00    0.00    0.00    18  prometheus
03:42:18 PM  1000   1034359    6.00    0.00    0.00    0.00    6.00    18  tempo
03:42:18 PM  1000   1034360    0.00    0.00    0.00    0.00    0.00    18  loki
03:42:18 PM  1000   1034368    0.00    0.00    0.00    0.00    0.00    18  pyroscope

03:42:17 PM   UID       PID   cswch/s nvcswch/s  Command
03:42:18 PM  1000   1034337      0.00      0.00  run-grafana.sh
03:42:18 PM  1000   1034339      0.00      0.00  run-loki.sh
03:42:18 PM  1000   1034341      0.00      0.00  grafana
03:42:18 PM  1000   1034342      0.00      0.00  run-otelcol.sh
03:42:18 PM  1000   1034345      0.00      0.00  run-prometheus.
03:42:18 PM  1000   1034347      0.00      0.00  otelcol-contrib
03:42:18 PM  1000   1034349      0.00      0.00  run-tempo.sh
03:42:18 PM  1000   1034355      0.00      0.00  run-pyroscope.s
03:42:18 PM  1000   1034357      1.00      0.00  prometheus
03:42:18 PM  1000   1034359     70.00      2.00  tempo
03:42:18 PM  1000   1034360      0.00      0.00  loki
03:42:18 PM  1000   1034368     13.00      0.00  pyroscope

03:42:18 PM   UID       PID    %usr %system  %guest   %wait    %CPU   CPU  Command
03:42:19 PM  1000   1034337    0.00    0.00    0.00    0.00    0.00    18  run-grafana.sh
03:42:19 PM  1000   1034339    0.00    0.00    0.00    0.00    0.00    20  run-loki.sh
03:42:19 PM  1000   1034341    2.00    0.00    0.00    0.00    2.00    18  grafana
03:42:19 PM  1000   1034342    0.00    0.00    0.00    0.00    0.00    16  run-otelcol.sh
03:42:19 PM  1000   1034345    0.00    0.00    0.00    0.00    0.00    20  run-prometheus.
03:42:19 PM  1000   1034347    2.00    0.00    0.00    0.00    2.00    20  otelcol-contrib
03:42:19 PM  1000   1034349    0.00    0.00    0.00    0.00    0.00    16  run-tempo.sh
03:42:19 PM  1000   1034355    0.00    0.00    0.00    0.00    0.00    20  run-pyroscope.s
03:42:19 PM  1000   1034357    0.00    0.00    0.00    0.00    0.00    16  prometheus
03:42:19 PM  1000   1034359   19.00    1.00    0.00    0.00   20.00    18  tempo
03:42:19 PM  1000   1034360    0.00    0.00    0.00    0.00    0.00    18  loki
03:42:19 PM  1000   1034368    0.00    0.00    0.00    0.00    0.00    18  pyroscope

03:42:18 PM   UID       PID   cswch/s nvcswch/s  Command
03:42:19 PM  1000   1034337      0.00      0.00  run-grafana.sh
03:42:19 PM  1000   1034339      0.00      0.00  run-loki.sh
03:42:19 PM  1000   1034341      0.00      0.00  grafana
03:42:19 PM  1000   1034342      0.00      0.00  run-otelcol.sh
03:42:19 PM  1000   1034345      0.00      0.00  run-prometheus.
03:42:19 PM  1000   1034347      0.00      0.00  otelcol-contrib
03:42:19 PM  1000   1034349      0.00      0.00  run-tempo.sh
03:42:19 PM  1000   1034355      0.00      0.00  run-pyroscope.s
03:42:19 PM  1000   1034357      3.00      0.00  prometheus
03:42:19 PM  1000   1034359     51.00      9.00  tempo
03:42:19 PM  1000   1034360      0.00      0.00  loki
03:42:19 PM  1000   1034368     32.00      0.00  pyroscope

03:42:19 PM   UID       PID    %usr %system  %guest   %wait    %CPU   CPU  Command
03:42:20 PM  1000   1034337    0.00    0.00    0.00    0.00    0.00    18  run-grafana.sh
03:42:20 PM  1000   1034339    0.00    0.00    0.00    0.00    0.00    20  run-loki.sh
03:42:20 PM  1000   1034341    1.00    1.00    0.00    0.00    2.00    18  grafana
03:42:20 PM  1000   1034342    0.00    0.00    0.00    0.00    0.00    16  run-otelcol.sh
03:42:20 PM  1000   1034345    0.00    0.00    0.00    0.00    0.00    20  run-prometheus.
03:42:20 PM  1000   1034347    4.00    1.00    0.00    0.00    5.00    20  otelcol-contrib
03:42:20 PM  1000   1034349    0.00    0.00    0.00    0.00    0.00    16  run-tempo.sh
03:42:20 PM  1000   1034355    0.00    0.00    0.00    0.00    0.00    20  run-pyroscope.s
03:42:20 PM  1000   1034357    0.00    0.00    0.00    0.00    0.00    18  prometheus
03:42:20 PM  1000   1034359   18.00    1.00    0.00    0.00   19.00    20  tempo
03:42:20 PM  1000   1034360    1.00    0.00    0.00    0.00    1.00    18  loki
03:42:20 PM  1000   1034368    1.00    0.00    0.00    0.00    1.00    20  pyroscope

03:42:19 PM   UID       PID   cswch/s nvcswch/s  Command
03:42:20 PM  1000   1034337      0.00      0.00  run-grafana.sh
03:42:20 PM  1000   1034339      0.00      0.00  run-loki.sh
03:42:20 PM  1000   1034341      0.00      0.00  grafana
03:42:20 PM  1000   1034342      0.00      0.00  run-otelcol.sh
03:42:20 PM  1000   1034345      0.00      0.00  run-prometheus.
03:42:20 PM  1000   1034347      0.00      0.00  otelcol-contrib
03:42:20 PM  1000   1034349      0.00      0.00  run-tempo.sh
03:42:20 PM  1000   1034355      0.00      0.00  run-pyroscope.s
03:42:20 PM  1000   1034357      3.00      0.00  prometheus
03:42:20 PM  1000   1034359     52.00      1.00  tempo
03:42:20 PM  1000   1034360      0.00      0.00  loki
03:42:20 PM  1000   1034368     39.00      0.00  pyroscope

03:42:20 PM   UID       PID    %usr %system  %guest   %wait    %CPU   CPU  Command
03:42:21 PM  1000   1034337    0.00    0.00    0.00    0.00    0.00    18  run-grafana.sh
03:42:21 PM  1000   1034339    0.00    0.00    0.00    0.00    0.00    20  run-loki.sh
03:42:21 PM  1000   1034341    0.00    0.00    0.00    0.00    0.00    18  grafana
03:42:21 PM  1000   1034342    0.00    0.00    0.00    0.00    0.00    16  run-otelcol.sh
03:42:21 PM  1000   1034345    0.00    0.00    0.00    0.00    0.00    20  run-prometheus.
03:42:21 PM  1000   1034347    2.00    0.00    0.00    0.00    2.00    20  otelcol-contrib
03:42:21 PM  1000   1034349    0.00    0.00    0.00    0.00    0.00    16  run-tempo.sh
03:42:21 PM  1000   1034355    0.00    0.00    0.00    0.00    0.00    20  run-pyroscope.s
03:42:21 PM  1000   1034357    0.00    0.00    0.00    0.00    0.00    20  prometheus
03:42:21 PM  1000   1034359    6.00    1.00    0.00    0.00    7.00    16  tempo
03:42:21 PM  1000   1034360    0.00    1.00    0.00    0.00    1.00    18  loki
03:42:21 PM  1000   1034368    0.00    0.00    0.00    0.00    0.00    18  pyroscope

03:42:20 PM   UID       PID   cswch/s nvcswch/s  Command
03:42:21 PM  1000   1034337      0.00      0.00  run-grafana.sh
03:42:21 PM  1000   1034339      0.00      0.00  run-loki.sh
03:42:21 PM  1000   1034341      0.00      0.00  grafana
03:42:21 PM  1000   1034342      0.00      0.00  run-otelcol.sh
03:42:21 PM  1000   1034345      0.00      0.00  run-prometheus.
03:42:21 PM  1000   1034347      0.00      0.00  otelcol-contrib
03:42:21 PM  1000   1034349      0.00      0.00  run-tempo.sh
03:42:21 PM  1000   1034355      0.00      0.00  run-pyroscope.s
03:42:21 PM  1000   1034357      1.00      0.00  prometheus
03:42:21 PM  1000   1034359     71.00      1.00  tempo
03:42:21 PM  1000   1034360      0.00      0.00  loki
03:42:21 PM  1000   1034368     32.00      0.00  pyroscope

03:42:21 PM   UID       PID    %usr %system  %guest   %wait    %CPU   CPU  Command
03:42:22 PM  1000   1034337    0.00    0.00    0.00    0.00    0.00    18  run-grafana.sh
03:42:22 PM  1000   1034339    0.00    0.00    0.00    0.00    0.00    20  run-loki.sh
03:42:22 PM  1000   1034341    0.00    0.00    0.00    0.00    0.00    18  grafana
03:42:22 PM  1000   1034342    0.00    0.00    0.00    0.00    0.00    16  run-otelcol.sh
03:42:22 PM  1000   1034345    0.00    0.00    0.00    0.00    0.00    20  run-prometheus.
03:42:22 PM  1000   1034347    2.00    0.00    0.00    0.00    2.00    20  otelcol-contrib
03:42:22 PM  1000   1034349    0.00    0.00    0.00    0.00    0.00    16  run-tempo.sh
03:42:22 PM  1000   1034355    0.00    0.00    0.00    0.00    0.00    20  run-pyroscope.s
03:42:22 PM  1000   1034357    0.00    0.00    0.00    0.00    0.00    20  prometheus
03:42:22 PM  1000   1034359   12.00    1.00    0.00    0.00   13.00    16  tempo
03:42:22 PM  1000   1034360    0.00    0.00    0.00    0.00    0.00    18  loki
03:42:22 PM  1000   1034368    0.00    0.00    0.00    0.00    0.00    18  pyroscope

03:42:21 PM   UID       PID   cswch/s nvcswch/s  Command
03:42:22 PM  1000   1034337      0.00      0.00  run-grafana.sh
03:42:22 PM  1000   1034339      0.00      0.00  run-loki.sh
03:42:22 PM  1000   1034341      0.00      0.00  grafana
03:42:22 PM  1000   1034342      0.00      0.00  run-otelcol.sh
03:42:22 PM  1000   1034345      0.00      0.00  run-prometheus.
03:42:22 PM  1000   1034347      0.00      0.00  otelcol-contrib
03:42:22 PM  1000   1034349      0.00      0.00  run-tempo.sh
03:42:22 PM  1000   1034355      0.00      0.00  run-pyroscope.s
03:42:22 PM  1000   1034357      3.00      0.00  prometheus
03:42:22 PM  1000   1034359     79.00      3.00  tempo
03:42:22 PM  1000   1034360      0.00      0.00  loki
03:42:22 PM  1000   1034368     34.00      0.00  pyroscope

03:42:22 PM   UID       PID    %usr %system  %guest   %wait    %CPU   CPU  Command
03:42:23 PM  1000   1034337    0.00    0.00    0.00    0.00    0.00    18  run-grafana.sh
03:42:23 PM  1000   1034339    0.00    0.00    0.00    0.00    0.00    20  run-loki.sh
03:42:23 PM  1000   1034341    0.00    0.00    0.00    0.00    0.00    18  grafana
03:42:23 PM  1000   1034342    0.00    0.00    0.00    0.00    0.00    16  run-otelcol.sh
03:42:23 PM  1000   1034345    0.00    0.00    0.00    0.00    0.00    20  run-prometheus.
03:42:23 PM  1000   1034347    1.00    1.00    0.00    0.00    2.00    20  otelcol-contrib
03:42:23 PM  1000   1034349    0.00    0.00    0.00    0.00    0.00    16  run-tempo.sh
03:42:23 PM  1000   1034355    0.00    0.00    0.00    0.00    0.00    20  run-pyroscope.s
03:42:23 PM  1000   1034357    0.00    0.00    0.00    0.00    0.00    20  prometheus
03:42:23 PM  1000   1034359   18.00    4.00    0.00    0.00   22.00    20  tempo
03:42:23 PM  1000   1034360    0.00    0.00    0.00    0.00    0.00    18  loki
03:42:23 PM  1000   1034368    4.00    0.00    0.00    0.00    4.00    18  pyroscope

03:42:22 PM   UID       PID   cswch/s nvcswch/s  Command
03:42:23 PM  1000   1034337      0.00      0.00  run-grafana.sh
03:42:23 PM  1000   1034339      0.00      0.00  run-loki.sh
03:42:23 PM  1000   1034341      0.00      0.00  grafana
03:42:23 PM  1000   1034342      0.00      0.00  run-otelcol.sh
03:42:23 PM  1000   1034345      0.00      0.00  run-prometheus.
03:42:23 PM  1000   1034347      0.00      0.00  otelcol-contrib
03:42:23 PM  1000   1034349      0.00      0.00  run-tempo.sh
03:42:23 PM  1000   1034355      0.00      0.00  run-pyroscope.s
03:42:23 PM  1000   1034357      2.00      0.00  prometheus
03:42:23 PM  1000   1034359     66.00     12.00  tempo
03:42:23 PM  1000   1034360      0.00      0.00  loki
03:42:23 PM  1000   1034368     59.00      0.00  pyroscope

03:42:23 PM   UID       PID    %usr %system  %guest   %wait    %CPU   CPU  Command
03:42:24 PM  1000   1034337    0.00    0.00    0.00    0.00    0.00    18  run-grafana.sh
03:42:24 PM  1000   1034339    0.00    0.00    0.00    0.00    0.00    20  run-loki.sh
03:42:24 PM  1000   1034341    0.00    0.00    0.00    0.00    0.00    18  grafana
03:42:24 PM  1000   1034342    0.00    0.00    0.00    0.00    0.00    16  run-otelcol.sh
03:42:24 PM  1000   1034345    0.00    0.00    0.00    0.00    0.00    20  run-prometheus.
03:42:24 PM  1000   1034347    4.00    0.00    0.00    0.00    4.00    20  otelcol-contrib
03:42:24 PM  1000   1034349    0.00    0.00    0.00    0.00    0.00    16  run-tempo.sh
03:42:24 PM  1000   1034355    0.00    0.00    0.00    0.00    0.00    20  run-pyroscope.s
03:42:24 PM  1000   1034357    0.00    0.00    0.00    0.00    0.00    16  prometheus
03:42:24 PM  1000   1034359    7.00    1.00    0.00    0.00    8.00    18  tempo
03:42:24 PM  1000   1034360    1.00    0.00    0.00    0.00    1.00    18  loki
03:42:24 PM  1000   1034368    0.00    0.00    0.00    0.00    0.00    18  pyroscope

03:42:23 PM   UID       PID   cswch/s nvcswch/s  Command
03:42:24 PM  1000   1034337      0.00      0.00  run-grafana.sh
03:42:24 PM  1000   1034339      0.00      0.00  run-loki.sh
03:42:24 PM  1000   1034341      0.00      0.00  grafana
03:42:24 PM  1000   1034342      0.00      0.00  run-otelcol.sh
03:42:24 PM  1000   1034345      0.00      0.00  run-prometheus.
03:42:24 PM  1000   1034347      0.00      0.00  otelcol-contrib
03:42:24 PM  1000   1034349      0.00      0.00  run-tempo.sh
03:42:24 PM  1000   1034355      0.00      0.00  run-pyroscope.s
03:42:24 PM  1000   1034357      1.00      0.00  prometheus
03:42:24 PM  1000   1034359     79.00      1.00  tempo
03:42:24 PM  1000   1034360      0.00      0.00  loki
03:42:24 PM  1000   1034368      0.00      0.00  pyroscope

03:42:24 PM   UID       PID    %usr %system  %guest   %wait    %CPU   CPU  Command
03:42:25 PM  1000   1034337    0.00    0.00    0.00    0.00    0.00    18  run-grafana.sh
03:42:25 PM  1000   1034339    0.00    0.00    0.00    0.00    0.00    20  run-loki.sh
03:42:25 PM  1000   1034341    0.00    0.00    0.00    0.00    0.00    18  grafana
03:42:25 PM  1000   1034342    0.00    0.00    0.00    0.00    0.00    16  run-otelcol.sh
03:42:25 PM  1000   1034345    0.00    0.00    0.00    0.00    0.00    20  run-prometheus.
03:42:25 PM  1000   1034347    2.00    0.00    0.00    0.00    2.00    20  otelcol-contrib
03:42:25 PM  1000   1034349    0.00    0.00    0.00    0.00    0.00    16  run-tempo.sh
03:42:25 PM  1000   1034355    0.00    0.00    0.00    0.00    0.00    20  run-pyroscope.s
03:42:25 PM  1000   1034357    0.00    0.00    0.00    0.00    0.00    20  prometheus
03:42:25 PM  1000   1034359   19.00    2.00    0.00    0.00   21.00    20  tempo
03:42:25 PM  1000   1034360    0.00    0.00    0.00    0.00    0.00    18  loki
03:42:25 PM  1000   1034368    0.00    0.00    0.00    0.00    0.00    18  pyroscope

03:42:24 PM   UID       PID   cswch/s nvcswch/s  Command
03:42:25 PM  1000   1034337      0.00      0.00  run-grafana.sh
03:42:25 PM  1000   1034339      0.00      0.00  run-loki.sh
03:42:25 PM  1000   1034341      0.00      0.00  grafana
03:42:25 PM  1000   1034342      0.00      0.00  run-otelcol.sh
03:42:25 PM  1000   1034345      0.00      0.00  run-prometheus.
03:42:25 PM  1000   1034347      0.00      0.00  otelcol-contrib
03:42:25 PM  1000   1034349      0.00      0.00  run-tempo.sh
03:42:25 PM  1000   1034355      0.00      0.00  run-pyroscope.s
03:42:25 PM  1000   1034357      3.00      0.00  prometheus
03:42:25 PM  1000   1034359     64.00      3.00  tempo
03:42:25 PM  1000   1034360      0.00      0.00  loki
03:42:25 PM  1000   1034368      0.00      0.00  pyroscope

03:42:25 PM   UID       PID    %usr %system  %guest   %wait    %CPU   CPU  Command
03:42:26 PM  1000   1034337    0.00    0.00    0.00    0.00    0.00    18  run-grafana.sh
03:42:26 PM  1000   1034339    0.00    0.00    0.00    0.00    0.00    20  run-loki.sh
03:42:26 PM  1000   1034341    0.00    0.00    0.00    0.00    0.00    18  grafana
03:42:26 PM  1000   1034342    0.00    0.00    0.00    0.00    0.00    16  run-otelcol.sh
03:42:26 PM  1000   1034345    0.00    0.00    0.00    0.00    0.00    20  run-prometheus.
03:42:26 PM  1000   1034347    2.00    0.00    0.00    0.00    2.00    20  otelcol-contrib
03:42:26 PM  1000   1034349    0.00    0.00    0.00    0.00    0.00    16  run-tempo.sh
03:42:26 PM  1000   1034355    0.00    0.00    0.00    0.00    0.00    20  run-pyroscope.s
03:42:26 PM  1000   1034357    1.00    0.00    0.00    0.00    1.00    16  prometheus
03:42:26 PM  1000   1034359   20.00    1.00    0.00    0.00   21.00    16  tempo
03:42:26 PM  1000   1034360    0.00    0.00    0.00    0.00    0.00    18  loki
03:42:26 PM  1000   1034368    0.00    0.00    0.00    0.00    0.00    18  pyroscope

03:42:25 PM   UID       PID   cswch/s nvcswch/s  Command
03:42:26 PM  1000   1034337      0.00      0.00  run-grafana.sh
03:42:26 PM  1000   1034339      0.00      0.00  run-loki.sh
03:42:26 PM  1000   1034341      0.00      0.00  grafana
03:42:26 PM  1000   1034342      0.00      0.00  run-otelcol.sh
03:42:26 PM  1000   1034345      0.00      0.00  run-prometheus.
03:42:26 PM  1000   1034347      0.00      0.00  otelcol-contrib
03:42:26 PM  1000   1034349      0.00      0.00  run-tempo.sh
03:42:26 PM  1000   1034355      0.00      0.00  run-pyroscope.s
03:42:26 PM  1000   1034357      4.00      0.00  prometheus
03:42:26 PM  1000   1034359     43.00      3.00  tempo
03:42:26 PM  1000   1034360      0.00      0.00  loki
03:42:26 PM  1000   1034368      0.00      0.00  pyroscope

03:42:26 PM   UID       PID    %usr %system  %guest   %wait    %CPU   CPU  Command
03:42:27 PM  1000   1034337    0.00    0.00    0.00    0.00    0.00    18  run-grafana.sh
03:42:27 PM  1000   1034339    0.00    0.00    0.00    0.00    0.00    20  run-loki.sh
03:42:27 PM  1000   1034341    0.00    0.00    0.00    0.00    0.00    18  grafana
03:42:27 PM  1000   1034342    0.00    0.00    0.00    0.00    0.00    16  run-otelcol.sh
03:42:27 PM  1000   1034345    0.00    0.00    0.00    0.00    0.00    20  run-prometheus.
03:42:27 PM  1000   1034347    4.00    1.00    0.00    0.00    5.00    20  otelcol-contrib
03:42:27 PM  1000   1034349    0.00    0.00    0.00    0.00    0.00    16  run-tempo.sh
03:42:27 PM  1000   1034355    0.00    0.00    0.00    0.00    0.00    20  run-pyroscope.s
03:42:27 PM  1000   1034357    0.00    0.00    0.00    0.00    0.00    16  prometheus
03:42:27 PM  1000   1034359    7.00    1.00    0.00    0.00    8.00    20  tempo
03:42:27 PM  1000   1034360    1.00    0.00    0.00    0.00    1.00    18  loki
03:42:27 PM  1000   1034368    1.00    0.00    0.00    0.00    1.00    18  pyroscope

03:42:26 PM   UID       PID   cswch/s nvcswch/s  Command
03:42:27 PM  1000   1034337      0.00      0.00  run-grafana.sh
03:42:27 PM  1000   1034339      0.00      0.00  run-loki.sh
03:42:27 PM  1000   1034341      0.00      0.00  grafana
03:42:27 PM  1000   1034342      0.00      0.00  run-otelcol.sh
03:42:27 PM  1000   1034345      0.00      0.00  run-prometheus.
03:42:27 PM  1000   1034347      0.00      0.00  otelcol-contrib
03:42:27 PM  1000   1034349      0.00      0.00  run-tempo.sh
03:42:27 PM  1000   1034355      0.00      0.00  run-pyroscope.s
03:42:27 PM  1000   1034357      8.00      0.00  prometheus
03:42:27 PM  1000   1034359     65.00      6.00  tempo
03:42:27 PM  1000   1034360      0.00      0.00  loki
03:42:27 PM  1000   1034368      3.00      0.00  pyroscope

03:42:27 PM   UID       PID    %usr %system  %guest   %wait    %CPU   CPU  Command
03:42:28 PM  1000   1034337    0.00    0.00    0.00    0.00    0.00    18  run-grafana.sh
03:42:28 PM  1000   1034339    0.00    0.00    0.00    0.00    0.00    20  run-loki.sh
03:42:28 PM  1000   1034341    0.00    0.00    0.00    0.00    0.00    18  grafana
03:42:28 PM  1000   1034342    0.00    0.00    0.00    0.00    0.00    16  run-otelcol.sh
03:42:28 PM  1000   1034345    0.00    0.00    0.00    0.00    0.00    20  run-prometheus.
03:42:28 PM  1000   1034347    1.00    0.00    0.00    0.00    1.00    20  otelcol-contrib
03:42:28 PM  1000   1034349    0.00    0.00    0.00    0.00    0.00    16  run-tempo.sh
03:42:28 PM  1000   1034355    0.00    0.00    0.00    0.00    0.00    20  run-pyroscope.s
03:42:28 PM  1000   1034357    0.00    0.00    0.00    0.00    0.00    16  prometheus
03:42:28 PM  1000   1034359    5.00    0.00    0.00    0.00    5.00    20  tempo
03:42:28 PM  1000   1034360    1.00    0.00    0.00    0.00    1.00    18  loki
03:42:28 PM  1000   1034368    0.00    1.00    0.00    0.00    1.00    18  pyroscope

03:42:27 PM   UID       PID   cswch/s nvcswch/s  Command
03:42:28 PM  1000   1034337      0.00      0.00  run-grafana.sh
03:42:28 PM  1000   1034339      0.00      0.00  run-loki.sh
03:42:28 PM  1000   1034341      0.00      0.00  grafana
03:42:28 PM  1000   1034342      0.00      0.00  run-otelcol.sh
03:42:28 PM  1000   1034345      0.00      0.00  run-prometheus.
03:42:28 PM  1000   1034347      0.00      0.00  otelcol-contrib
03:42:28 PM  1000   1034349      0.00      0.00  run-tempo.sh
03:42:28 PM  1000   1034355      0.00      0.00  run-pyroscope.s
03:42:28 PM  1000   1034357      2.00      0.00  prometheus
03:42:28 PM  1000   1034359     59.00      5.00  tempo
03:42:28 PM  1000   1034360      0.00      0.00  loki
03:42:28 PM  1000   1034368      0.00      0.00  pyroscope

03:42:28 PM   UID       PID    %usr %system  %guest   %wait    %CPU   CPU  Command
03:42:29 PM  1000   1034337    0.00    0.00    0.00    0.00    0.00    18  run-grafana.sh
03:42:29 PM  1000   1034339    0.00    0.00    0.00    0.00    0.00    20  run-loki.sh
03:42:29 PM  1000   1034341    3.00    0.00    0.00    0.00    3.00    18  grafana
03:42:29 PM  1000   1034342    0.00    0.00    0.00    0.00    0.00    16  run-otelcol.sh
03:42:29 PM  1000   1034345    0.00    0.00    0.00    0.00    0.00    20  run-prometheus.
03:42:29 PM  1000   1034347    2.00    1.00    0.00    0.00    3.00    20  otelcol-contrib
03:42:29 PM  1000   1034349    0.00    0.00    0.00    0.00    0.00    16  run-tempo.sh
03:42:29 PM  1000   1034355    0.00    0.00    0.00    0.00    0.00    20  run-pyroscope.s
03:42:29 PM  1000   1034357    0.00    0.00    0.00    0.00    0.00    18  prometheus
03:42:29 PM  1000   1034359   41.00    3.00    0.00    0.00   44.00    16  tempo
03:42:29 PM  1000   1034360    0.00    0.00    0.00    0.00    0.00    18  loki
03:42:29 PM  1000   1034368    0.00    0.00    0.00    0.00    0.00    18  pyroscope

03:42:28 PM   UID       PID   cswch/s nvcswch/s  Command
03:42:29 PM  1000   1034337      0.00      0.00  run-grafana.sh
03:42:29 PM  1000   1034339      0.00      0.00  run-loki.sh
03:42:29 PM  1000   1034341      0.00      0.00  grafana
03:42:29 PM  1000   1034342      0.00      0.00  run-otelcol.sh
03:42:29 PM  1000   1034345      0.00      0.00  run-prometheus.
03:42:29 PM  1000   1034347      0.00      0.00  otelcol-contrib
03:42:29 PM  1000   1034349      0.00      0.00  run-tempo.sh
03:42:29 PM  1000   1034355      0.00      0.00  run-pyroscope.s
03:42:29 PM  1000   1034357      1.00      0.00  prometheus
03:42:29 PM  1000   1034359     31.00     18.00  tempo
03:42:29 PM  1000   1034360      0.00      0.00  loki
03:42:29 PM  1000   1034368      0.00      0.00  pyroscope

03:42:29 PM   UID       PID    %usr %system  %guest   %wait    %CPU   CPU  Command
03:42:30 PM  1000   1034337    0.00    0.00    0.00    0.00    0.00    18  run-grafana.sh
03:42:30 PM  1000   1034339    0.00    0.00    0.00    0.00    0.00    20  run-loki.sh
03:42:30 PM  1000   1034341    0.00    0.00    0.00    0.00    0.00    18  grafana
03:42:30 PM  1000   1034342    0.00    0.00    0.00    0.00    0.00    16  run-otelcol.sh
03:42:30 PM  1000   1034345    0.00    0.00    0.00    0.00    0.00    20  run-prometheus.
03:42:30 PM  1000   1034347    3.00    0.00    0.00    0.00    3.00    20  otelcol-contrib
03:42:30 PM  1000   1034349    0.00    0.00    0.00    0.00    0.00    16  run-tempo.sh
03:42:30 PM  1000   1034355    0.00    0.00    0.00    0.00    0.00    20  run-pyroscope.s
03:42:30 PM  1000   1034357    0.00    0.00    0.00    0.00    0.00    18  prometheus
03:42:30 PM  1000   1034359   18.00    0.00    0.00    0.00   18.00    16  tempo
03:42:30 PM  1000   1034360    0.00    0.00    0.00    0.00    0.00    18  loki
03:42:30 PM  1000   1034368    0.00    0.00    0.00    0.00    0.00    18  pyroscope

03:42:29 PM   UID       PID   cswch/s nvcswch/s  Command
03:42:30 PM  1000   1034337      0.00      0.00  run-grafana.sh
03:42:30 PM  1000   1034339      0.00      0.00  run-loki.sh
03:42:30 PM  1000   1034341      0.00      0.00  grafana
03:42:30 PM  1000   1034342      0.00      0.00  run-otelcol.sh
03:42:30 PM  1000   1034345      0.00      0.00  run-prometheus.
03:42:30 PM  1000   1034347      0.00      0.00  otelcol-contrib
03:42:30 PM  1000   1034349      0.00      0.00  run-tempo.sh
03:42:30 PM  1000   1034355      0.00      0.00  run-pyroscope.s
03:42:30 PM  1000   1034357      2.00      0.00  prometheus
03:42:30 PM  1000   1034359     70.00      4.00  tempo
03:42:30 PM  1000   1034360      0.00      0.00  loki
03:42:30 PM  1000   1034368      0.00      0.00  pyroscope

03:42:30 PM   UID       PID    %usr %system  %guest   %wait    %CPU   CPU  Command
03:42:31 PM  1000   1034337    0.00    0.00    0.00    0.00    0.00    18  run-grafana.sh
03:42:31 PM  1000   1034339    0.00    0.00    0.00    0.00    0.00    20  run-loki.sh
03:42:31 PM  1000   1034341    1.00    0.00    0.00    0.00    1.00    18  grafana
03:42:31 PM  1000   1034342    0.00    0.00    0.00    0.00    0.00    16  run-otelcol.sh
03:42:31 PM  1000   1034345    0.00    0.00    0.00    0.00    0.00    20  run-prometheus.
03:42:31 PM  1000   1034347    2.00    0.00    0.00    0.00    2.00    20  otelcol-contrib
03:42:31 PM  1000   1034349    0.00    0.00    0.00    0.00    0.00    16  run-tempo.sh
03:42:31 PM  1000   1034355    0.00    0.00    0.00    0.00    0.00    20  run-pyroscope.s
03:42:31 PM  1000   1034357    1.00    0.00    0.00    0.00    1.00    18  prometheus
03:42:31 PM  1000   1034359    6.00    0.00    0.00    0.00    6.00    20  tempo
03:42:31 PM  1000   1034360    0.00    0.00    0.00    0.00    0.00    18  loki
03:42:31 PM  1000   1034368    0.00    0.00    0.00    0.00    0.00    18  pyroscope

03:42:30 PM   UID       PID   cswch/s nvcswch/s  Command
03:42:31 PM  1000   1034337      0.00      0.00  run-grafana.sh
03:42:31 PM  1000   1034339      0.00      0.00  run-loki.sh
03:42:31 PM  1000   1034341      0.00      0.00  grafana
03:42:31 PM  1000   1034342      0.00      0.00  run-otelcol.sh
03:42:31 PM  1000   1034345      0.00      0.00  run-prometheus.
03:42:31 PM  1000   1034347      0.00      0.00  otelcol-contrib
03:42:31 PM  1000   1034349      0.00      0.00  run-tempo.sh
03:42:31 PM  1000   1034355      0.00      0.00  run-pyroscope.s
03:42:31 PM  1000   1034357      1.00      0.00  prometheus
03:42:31 PM  1000   1034359     75.00      2.00  tempo
03:42:31 PM  1000   1034360      0.00      0.00  loki
03:42:31 PM  1000   1034368      0.00      0.00  pyroscope

03:42:31 PM   UID       PID    %usr %system  %guest   %wait    %CPU   CPU  Command
03:42:32 PM  1000   1034337    0.00    0.00    0.00    0.00    0.00    18  run-grafana.sh
03:42:32 PM  1000   1034339    0.00    0.00    0.00    0.00    0.00    20  run-loki.sh
03:42:32 PM  1000   1034341    0.00    0.00    0.00    0.00    0.00    18  grafana
03:42:32 PM  1000   1034342    0.00    0.00    0.00    0.00    0.00    16  run-otelcol.sh
03:42:32 PM  1000   1034345    0.00    0.00    0.00    0.00    0.00    20  run-prometheus.
03:42:32 PM  1000   1034347    2.00    1.00    0.00    0.00    3.00    20  otelcol-contrib
03:42:32 PM  1000   1034349    0.00    0.00    0.00    0.00    0.00    16  run-tempo.sh
03:42:32 PM  1000   1034355    0.00    0.00    0.00    0.00    0.00    20  run-pyroscope.s
03:42:32 PM  1000   1034357    0.00    0.00    0.00    0.00    0.00    20  prometheus
03:42:32 PM  1000   1034359   13.00    3.00    0.00    0.00   16.00    20  tempo
03:42:32 PM  1000   1034360    0.00    0.00    0.00    0.00    0.00    18  loki
03:42:32 PM  1000   1034368    0.00    0.00    0.00    0.00    0.00    18  pyroscope

03:42:31 PM   UID       PID   cswch/s nvcswch/s  Command
03:42:32 PM  1000   1034337      0.00      0.00  run-grafana.sh
03:42:32 PM  1000   1034339      0.00      0.00  run-loki.sh
03:42:32 PM  1000   1034341      0.00      0.00  grafana
03:42:32 PM  1000   1034342      0.00      0.00  run-otelcol.sh
03:42:32 PM  1000   1034345      0.00      0.00  run-prometheus.
03:42:32 PM  1000   1034347      0.00      0.00  otelcol-contrib
03:42:32 PM  1000   1034349      0.00      0.00  run-tempo.sh
03:42:32 PM  1000   1034355      0.00      0.00  run-pyroscope.s
03:42:32 PM  1000   1034357      1.00      0.00  prometheus
03:42:32 PM  1000   1034359     73.00      0.00  tempo
03:42:32 PM  1000   1034360      0.00      0.00  loki
03:42:32 PM  1000   1034368      0.00      0.00  pyroscope

03:42:32 PM   UID       PID    %usr %system  %guest   %wait    %CPU   CPU  Command
03:42:33 PM  1000   1034337    0.00    0.00    0.00    0.00    0.00    18  run-grafana.sh
03:42:33 PM  1000   1034339    0.00    0.00    0.00    0.00    0.00    20  run-loki.sh
03:42:33 PM  1000   1034341    0.00    0.00    0.00    0.00    0.00    18  grafana
03:42:33 PM  1000   1034342    0.00    0.00    0.00    0.00    0.00    16  run-otelcol.sh
03:42:33 PM  1000   1034345    0.00    0.00    0.00    0.00    0.00    20  run-prometheus.
03:42:33 PM  1000   1034347    2.00    0.00    0.00    0.00    2.00    20  otelcol-contrib
03:42:33 PM  1000   1034349    0.00    0.00    0.00    0.00    0.00    16  run-tempo.sh
03:42:33 PM  1000   1034355    0.00    0.00    0.00    0.00    0.00    20  run-pyroscope.s
03:42:33 PM  1000   1034357    0.00    0.00    0.00    0.00    0.00    18  prometheus
03:42:33 PM  1000   1034359   29.00    5.00    0.00    0.00   34.00    18  tempo
03:42:33 PM  1000   1034360    0.00    1.00    0.00    0.00    1.00    18  loki
03:42:33 PM  1000   1034368    0.00    0.00    0.00    0.00    0.00    18  pyroscope

03:42:32 PM   UID       PID   cswch/s nvcswch/s  Command
03:42:33 PM  1000   1034337      0.00      0.00  run-grafana.sh
03:42:33 PM  1000   1034339      0.00      0.00  run-loki.sh
03:42:33 PM  1000   1034341      0.00      0.00  grafana
03:42:33 PM  1000   1034342      0.00      0.00  run-otelcol.sh
03:42:33 PM  1000   1034345      0.00      0.00  run-prometheus.
03:42:33 PM  1000   1034347      0.00      0.00  otelcol-contrib
03:42:33 PM  1000   1034349      0.00      0.00  run-tempo.sh
03:42:33 PM  1000   1034355      0.00      0.00  run-pyroscope.s
03:42:33 PM  1000   1034357      3.00      0.00  prometheus
03:42:33 PM  1000   1034359     62.00     12.00  tempo
03:42:33 PM  1000   1034360      0.00      0.00  loki
03:42:33 PM  1000   1034368      0.00      0.00  pyroscope

03:42:33 PM   UID       PID    %usr %system  %guest   %wait    %CPU   CPU  Command
03:42:34 PM  1000   1034337    0.00    0.00    0.00    0.00    0.00    18  run-grafana.sh
03:42:34 PM  1000   1034339    0.00    0.00    0.00    0.00    0.00    20  run-loki.sh
03:42:34 PM  1000   1034341    0.00    1.00    0.00    0.00    1.00    18  grafana
03:42:34 PM  1000   1034342    0.00    0.00    0.00    0.00    0.00    16  run-otelcol.sh
03:42:34 PM  1000   1034345    0.00    0.00    0.00    0.00    0.00    20  run-prometheus.
03:42:34 PM  1000   1034347    4.00    0.00    0.00    0.00    4.00    20  otelcol-contrib
03:42:34 PM  1000   1034349    0.00    0.00    0.00    0.00    0.00    16  run-tempo.sh
03:42:34 PM  1000   1034355    0.00    0.00    0.00    0.00    0.00    20  run-pyroscope.s
03:42:34 PM  1000   1034357    1.00    0.00    0.00    0.00    1.00    16  prometheus
03:42:34 PM  1000   1034359   19.00    2.00    0.00    0.00   21.00    16  tempo
03:42:34 PM  1000   1034360    1.00    0.00    0.00    0.00    1.00    18  loki
03:42:34 PM  1000   1034368    1.00    0.00    0.00    0.00    1.00    18  pyroscope

03:42:33 PM   UID       PID   cswch/s nvcswch/s  Command
03:42:34 PM  1000   1034337      0.00      0.00  run-grafana.sh
03:42:34 PM  1000   1034339      0.00      0.00  run-loki.sh
03:42:34 PM  1000   1034341      0.00      0.00  grafana
03:42:34 PM  1000   1034342      0.00      0.00  run-otelcol.sh
03:42:34 PM  1000   1034345      0.00      0.00  run-prometheus.
03:42:34 PM  1000   1034347      0.00      0.00  otelcol-contrib
03:42:34 PM  1000   1034349      0.00      0.00  run-tempo.sh
03:42:34 PM  1000   1034355      0.00      0.00  run-pyroscope.s
03:42:34 PM  1000   1034357      3.00      0.00  prometheus
03:42:34 PM  1000   1034359     81.00      1.00  tempo
03:42:34 PM  1000   1034360      0.00      0.00  loki
03:42:34 PM  1000   1034368      0.00      0.00  pyroscope

03:42:34 PM   UID       PID    %usr %system  %guest   %wait    %CPU   CPU  Command
03:42:35 PM  1000   1034337    0.00    0.00    0.00    0.00    0.00    18  run-grafana.sh
03:42:35 PM  1000   1034339    0.00    0.00    0.00    0.00    0.00    20  run-loki.sh
03:42:35 PM  1000   1034341    0.00    0.00    0.00    0.00    0.00    18  grafana
03:42:35 PM  1000   1034342    0.00    0.00    0.00    0.00    0.00    16  run-otelcol.sh
03:42:35 PM  1000   1034345    0.00    0.00    0.00    0.00    0.00    20  run-prometheus.
03:42:35 PM  1000   1034347    2.00    0.00    0.00    0.00    2.00    20  otelcol-contrib
03:42:35 PM  1000   1034349    0.00    0.00    0.00    0.00    0.00    16  run-tempo.sh
03:42:35 PM  1000   1034355    0.00    0.00    0.00    0.00    0.00    20  run-pyroscope.s
03:42:35 PM  1000   1034357    0.00    0.00    0.00    0.00    0.00    20  prometheus
03:42:35 PM  1000   1034359    4.00    0.00    0.00    0.00    4.00    20  tempo
03:42:35 PM  1000   1034360    0.00    0.00    0.00    0.00    0.00    18  loki
03:42:35 PM  1000   1034368    0.00    0.00    0.00    0.00    0.00    20  pyroscope

03:42:34 PM   UID       PID   cswch/s nvcswch/s  Command
03:42:35 PM  1000   1034337      0.00      0.00  run-grafana.sh
03:42:35 PM  1000   1034339      0.00      0.00  run-loki.sh
03:42:35 PM  1000   1034341      0.00      0.00  grafana
03:42:35 PM  1000   1034342      0.00      0.00  run-otelcol.sh
03:42:35 PM  1000   1034345      0.00      0.00  run-prometheus.
03:42:35 PM  1000   1034347      0.00      0.00  otelcol-contrib
03:42:35 PM  1000   1034349      0.00      0.00  run-tempo.sh
03:42:35 PM  1000   1034355      0.00      0.00  run-pyroscope.s
03:42:35 PM  1000   1034357      3.00      0.00  prometheus
03:42:35 PM  1000   1034359     63.00      0.00  tempo
03:42:35 PM  1000   1034360      0.00      0.00  loki
03:42:35 PM  1000   1034368     30.00      0.00  pyroscope

03:42:35 PM   UID       PID    %usr %system  %guest   %wait    %CPU   CPU  Command
03:42:36 PM  1000   1034337    0.00    0.00    0.00    0.00    0.00    18  run-grafana.sh
03:42:36 PM  1000   1034339    0.00    0.00    0.00    0.00    0.00    20  run-loki.sh
03:42:36 PM  1000   1034341    0.00    0.00    0.00    0.00    0.00    18  grafana
03:42:36 PM  1000   1034342    0.00    0.00    0.00    0.00    0.00    16  run-otelcol.sh
03:42:36 PM  1000   1034345    0.00    0.00    0.00    0.00    0.00    20  run-prometheus.
03:42:36 PM  1000   1034347    2.00    0.00    0.00    0.00    2.00    20  otelcol-contrib
03:42:36 PM  1000   1034349    0.00    0.00    0.00    0.00    0.00    16  run-tempo.sh
03:42:36 PM  1000   1034355    0.00    0.00    0.00    0.00    0.00    20  run-pyroscope.s
03:42:36 PM  1000   1034357    0.00    0.00    0.00    0.00    0.00    16  prometheus
03:42:36 PM  1000   1034359    7.00    0.00    0.00    0.00    7.00    20  tempo
03:42:36 PM  1000   1034360    0.00    0.00    0.00    0.00    0.00    18  loki
03:42:36 PM  1000   1034368    0.00    0.00    0.00    0.00    0.00    20  pyroscope

03:42:35 PM   UID       PID   cswch/s nvcswch/s  Command
03:42:36 PM  1000   1034337      0.00      0.00  run-grafana.sh
03:42:36 PM  1000   1034339      0.00      0.00  run-loki.sh
03:42:36 PM  1000   1034341      0.00      0.00  grafana
03:42:36 PM  1000   1034342      0.00      0.00  run-otelcol.sh
03:42:36 PM  1000   1034345      0.00      0.00  run-prometheus.
03:42:36 PM  1000   1034347      0.00      0.00  otelcol-contrib
03:42:36 PM  1000   1034349      0.00      0.00  run-tempo.sh
03:42:36 PM  1000   1034355      0.00      0.00  run-pyroscope.s
03:42:36 PM  1000   1034357      2.00      0.00  prometheus
03:42:36 PM  1000   1034359     79.00      2.00  tempo
03:42:36 PM  1000   1034360      0.00      0.00  loki
03:42:36 PM  1000   1034368      0.00      0.00  pyroscope

03:42:36 PM   UID       PID    %usr %system  %guest   %wait    %CPU   CPU  Command
03:42:37 PM  1000   1034337    0.00    0.00    0.00    0.00    0.00    18  run-grafana.sh
03:42:37 PM  1000   1034339    0.00    0.00    0.00    0.00    0.00    20  run-loki.sh
03:42:37 PM  1000   1034341    0.00    0.00    0.00    0.00    0.00    18  grafana
03:42:37 PM  1000   1034342    0.00    0.00    0.00    0.00    0.00    16  run-otelcol.sh
03:42:37 PM  1000   1034345    0.00    0.00    0.00    0.00    0.00    20  run-prometheus.
03:42:37 PM  1000   1034347    4.00    1.00    0.00    0.00    5.00    20  otelcol-contrib
03:42:37 PM  1000   1034349    0.00    0.00    0.00    0.00    0.00    16  run-tempo.sh
03:42:37 PM  1000   1034355    0.00    0.00    0.00    0.00    0.00    20  run-pyroscope.s
03:42:37 PM  1000   1034357    0.00    0.00    0.00    0.00    0.00    20  prometheus
03:42:37 PM  1000   1034359   21.00    1.00    0.00    0.00   22.00    18  tempo
03:42:37 PM  1000   1034360    0.00    0.00    0.00    0.00    0.00    18  loki
03:42:37 PM  1000   1034368    0.00    0.00    0.00    0.00    0.00    20  pyroscope

03:42:36 PM   UID       PID   cswch/s nvcswch/s  Command
03:42:37 PM  1000   1034337      0.00      0.00  run-grafana.sh
03:42:37 PM  1000   1034339      0.00      0.00  run-loki.sh
03:42:37 PM  1000   1034341      0.00      0.00  grafana
03:42:37 PM  1000   1034342      0.00      0.00  run-otelcol.sh
03:42:37 PM  1000   1034345      0.00      0.00  run-prometheus.
03:42:37 PM  1000   1034347      0.00      0.00  otelcol-contrib
03:42:37 PM  1000   1034349      0.00      0.00  run-tempo.sh
03:42:37 PM  1000   1034355      0.00      0.00  run-pyroscope.s
03:42:37 PM  1000   1034357      4.00      0.00  prometheus
03:42:37 PM  1000   1034359     47.00     17.00  tempo
03:42:37 PM  1000   1034360      0.00      0.00  loki
03:42:37 PM  1000   1034368     37.00      0.00  pyroscope

03:42:37 PM   UID       PID    %usr %system  %guest   %wait    %CPU   CPU  Command
03:42:38 PM  1000   1034337    0.00    0.00    0.00    0.00    0.00    18  run-grafana.sh
03:42:38 PM  1000   1034339    0.00    0.00    0.00    0.00    0.00    20  run-loki.sh
03:42:38 PM  1000   1034341    0.00    0.00    0.00    0.00    0.00    18  grafana
03:42:38 PM  1000   1034342    0.00    0.00    0.00    0.00    0.00    16  run-otelcol.sh
03:42:38 PM  1000   1034345    0.00    0.00    0.00    0.00    0.00    20  run-prometheus.
03:42:38 PM  1000   1034347    2.00    0.00    0.00    0.00    2.00    20  otelcol-contrib
03:42:38 PM  1000   1034349    0.00    0.00    0.00    0.00    0.00    16  run-tempo.sh
03:42:38 PM  1000   1034355    0.00    0.00    0.00    0.00    0.00    20  run-pyroscope.s
03:42:38 PM  1000   1034357    0.00    0.00    0.00    0.00    0.00    20  prometheus
03:42:38 PM  1000   1034359    7.00    0.00    0.00    0.00    7.00    20  tempo
03:42:38 PM  1000   1034360    1.00    0.00    0.00    0.00    1.00    18  loki
03:42:38 PM  1000   1034368    4.00    0.00    0.00    0.00    4.00    18  pyroscope

03:42:37 PM   UID       PID   cswch/s nvcswch/s  Command
03:42:38 PM  1000   1034337      0.00      0.00  run-grafana.sh
03:42:38 PM  1000   1034339      0.00      0.00  run-loki.sh
03:42:38 PM  1000   1034341      0.00      0.00  grafana
03:42:38 PM  1000   1034342      0.00      0.00  run-otelcol.sh
03:42:38 PM  1000   1034345      0.00      0.00  run-prometheus.
03:42:38 PM  1000   1034347      0.00      0.00  otelcol-contrib
03:42:38 PM  1000   1034349      0.00      0.00  run-tempo.sh
03:42:38 PM  1000   1034355      0.00      0.00  run-pyroscope.s
03:42:38 PM  1000   1034357      0.00      0.00  prometheus
03:42:38 PM  1000   1034359     70.00      2.00  tempo
03:42:38 PM  1000   1034360      0.00      0.00  loki
03:42:38 PM  1000   1034368     65.00      0.00  pyroscope

03:42:38 PM   UID       PID    %usr %system  %guest   %wait    %CPU   CPU  Command
03:42:39 PM  1000   1034337    0.00    0.00    0.00    0.00    0.00    18  run-grafana.sh
03:42:39 PM  1000   1034339    0.00    0.00    0.00    0.00    0.00    20  run-loki.sh
03:42:39 PM  1000   1034341    3.00    0.00    0.00    0.00    3.00    18  grafana
03:42:39 PM  1000   1034342    0.00    0.00    0.00    0.00    0.00    16  run-otelcol.sh
03:42:39 PM  1000   1034345    0.00    0.00    0.00    0.00    0.00    20  run-prometheus.
03:42:39 PM  1000   1034347    2.00    0.00    0.00    0.00    2.00    20  otelcol-contrib
03:42:39 PM  1000   1034349    0.00    0.00    0.00    0.00    0.00    16  run-tempo.sh
03:42:39 PM  1000   1034355    0.00    0.00    0.00    0.00    0.00    20  run-pyroscope.s
03:42:39 PM  1000   1034357    0.00    0.00    0.00    0.00    0.00    18  prometheus
03:42:39 PM  1000   1034359    5.00    0.00    0.00    0.00    5.00    18  tempo
03:42:39 PM  1000   1034360    0.00    0.00    0.00    0.00    0.00    18  loki
03:42:39 PM  1000   1034368    0.00    0.00    0.00    0.00    0.00    18  pyroscope

03:42:38 PM   UID       PID   cswch/s nvcswch/s  Command
03:42:39 PM  1000   1034337      0.00      0.00  run-grafana.sh
03:42:39 PM  1000   1034339      0.00      0.00  run-loki.sh
03:42:39 PM  1000   1034341      0.00      0.00  grafana
03:42:39 PM  1000   1034342      0.00      0.00  run-otelcol.sh
03:42:39 PM  1000   1034345      0.00      0.00  run-prometheus.
03:42:39 PM  1000   1034347      0.00      0.00  otelcol-contrib
03:42:39 PM  1000   1034349      0.00      0.00  run-tempo.sh
03:42:39 PM  1000   1034355      0.00      0.00  run-pyroscope.s
03:42:39 PM  1000   1034357      3.00      0.00  prometheus
03:42:39 PM  1000   1034359     34.00      2.00  tempo
03:42:39 PM  1000   1034360      0.00      0.00  loki
03:42:39 PM  1000   1034368     47.00      0.00  pyroscope

03:42:39 PM   UID       PID    %usr %system  %guest   %wait    %CPU   CPU  Command
03:42:40 PM  1000   1034337    0.00    0.00    0.00    0.00    0.00    18  run-grafana.sh
03:42:40 PM  1000   1034339    0.00    0.00    0.00    0.00    0.00    20  run-loki.sh
03:42:40 PM  1000   1034341    2.00    0.00    0.00    0.00    2.00    18  grafana
03:42:40 PM  1000   1034342    0.00    0.00    0.00    0.00    0.00    16  run-otelcol.sh
03:42:40 PM  1000   1034345    0.00    0.00    0.00    0.00    0.00    20  run-prometheus.
03:42:40 PM  1000   1034347    4.00    0.00    0.00    0.00    4.00    20  otelcol-contrib
03:42:40 PM  1000   1034349    0.00    0.00    0.00    0.00    0.00    16  run-tempo.sh
03:42:40 PM  1000   1034355    0.00    0.00    0.00    0.00    0.00    20  run-pyroscope.s
03:42:40 PM  1000   1034357    0.00    0.00    0.00    0.00    0.00    20  prometheus
03:42:40 PM  1000   1034359   31.00    2.00    0.00    0.00   33.00    16  tempo
03:42:40 PM  1000   1034360    0.00    0.00    0.00    0.00    0.00    18  loki
03:42:40 PM  1000   1034368    0.00    0.00    0.00    0.00    0.00    16  pyroscope

03:42:39 PM   UID       PID   cswch/s nvcswch/s  Command
03:42:40 PM  1000   1034337      0.00      0.00  run-grafana.sh
03:42:40 PM  1000   1034339      0.00      0.00  run-loki.sh
03:42:40 PM  1000   1034341      0.00      0.00  grafana
03:42:40 PM  1000   1034342      0.00      0.00  run-otelcol.sh
03:42:40 PM  1000   1034345      0.00      0.00  run-prometheus.
03:42:40 PM  1000   1034347      0.00      0.00  otelcol-contrib
03:42:40 PM  1000   1034349      0.00      0.00  run-tempo.sh
03:42:40 PM  1000   1034355      0.00      0.00  run-pyroscope.s
03:42:40 PM  1000   1034357      1.00      0.00  prometheus
03:42:40 PM  1000   1034359     73.00      1.00  tempo
03:42:40 PM  1000   1034360      0.00      0.00  loki
03:42:40 PM  1000   1034368     32.00      0.00  pyroscope

03:42:40 PM   UID       PID    %usr %system  %guest   %wait    %CPU   CPU  Command
03:42:41 PM  1000   1034337    0.00    0.00    0.00    0.00    0.00    18  run-grafana.sh
03:42:41 PM  1000   1034339    0.00    0.00    0.00    0.00    0.00    20  run-loki.sh
03:42:41 PM  1000   1034341    0.00    0.00    0.00    0.00    0.00    18  grafana
03:42:41 PM  1000   1034342    0.00    0.00    0.00    0.00    0.00    16  run-otelcol.sh
03:42:41 PM  1000   1034345    0.00    0.00    0.00    0.00    0.00    20  run-prometheus.
03:42:41 PM  1000   1034347    2.00    0.00    0.00    0.00    2.00    20  otelcol-contrib
03:42:41 PM  1000   1034349    0.00    0.00    0.00    0.00    0.00    16  run-tempo.sh
03:42:41 PM  1000   1034355    0.00    0.00    0.00    0.00    0.00    20  run-pyroscope.s
03:42:41 PM  1000   1034357    0.00    0.00    0.00    0.00    0.00    20  prometheus
03:42:41 PM  1000   1034359    7.00    0.00    0.00    0.00    7.00    18  tempo
03:42:41 PM  1000   1034360    1.00    0.00    0.00    0.00    1.00    18  loki
03:42:41 PM  1000   1034368    0.00    0.00    0.00    0.00    0.00    20  pyroscope

03:42:40 PM   UID       PID   cswch/s nvcswch/s  Command
03:42:41 PM  1000   1034337      0.00      0.00  run-grafana.sh
03:42:41 PM  1000   1034339      0.00      0.00  run-loki.sh
03:42:41 PM  1000   1034341      0.00      0.00  grafana
03:42:41 PM  1000   1034342      0.00      0.00  run-otelcol.sh
03:42:41 PM  1000   1034345      0.00      0.00  run-prometheus.
03:42:41 PM  1000   1034347      0.00      0.00  otelcol-contrib
03:42:41 PM  1000   1034349      0.00      0.00  run-tempo.sh
03:42:41 PM  1000   1034355      0.00      0.00  run-pyroscope.s
03:42:41 PM  1000   1034357      1.00      0.00  prometheus
03:42:41 PM  1000   1034359     48.00      1.00  tempo
03:42:41 PM  1000   1034360      0.00      0.00  loki
03:42:41 PM  1000   1034368     41.00      0.00  pyroscope

03:42:41 PM   UID       PID    %usr %system  %guest   %wait    %CPU   CPU  Command
03:42:42 PM  1000   1034337    0.00    0.00    0.00    0.00    0.00    18  run-grafana.sh
03:42:42 PM  1000   1034339    0.00    0.00    0.00    0.00    0.00    20  run-loki.sh
03:42:42 PM  1000   1034341    0.00    0.00    0.00    0.00    0.00    18  grafana
03:42:42 PM  1000   1034342    0.00    0.00    0.00    0.00    0.00    16  run-otelcol.sh
03:42:42 PM  1000   1034345    0.00    0.00    0.00    0.00    0.00    20  run-prometheus.
03:42:42 PM  1000   1034347    2.00    0.00    0.00    0.00    2.00    20  otelcol-contrib
03:42:42 PM  1000   1034349    0.00    0.00    0.00    0.00    0.00    16  run-tempo.sh
03:42:42 PM  1000   1034355    0.00    0.00    0.00    0.00    0.00    20  run-pyroscope.s
03:42:42 PM  1000   1034357    1.00    0.00    0.00    0.00    1.00    16  prometheus
03:42:42 PM  1000   1034359    4.00    1.00    0.00    0.00    5.00    18  tempo
03:42:42 PM  1000   1034360    0.00    0.00    0.00    0.00    0.00    18  loki
03:42:42 PM  1000   1034368    0.00    1.00    0.00    0.00    1.00    18  pyroscope

03:42:41 PM   UID       PID   cswch/s nvcswch/s  Command
03:42:42 PM  1000   1034337      0.00      0.00  run-grafana.sh
03:42:42 PM  1000   1034339      0.00      0.00  run-loki.sh
03:42:42 PM  1000   1034341      0.00      0.00  grafana
03:42:42 PM  1000   1034342      0.00      0.00  run-otelcol.sh
03:42:42 PM  1000   1034345      0.00      0.00  run-prometheus.
03:42:42 PM  1000   1034347      0.00      0.00  otelcol-contrib
03:42:42 PM  1000   1034349      0.00      0.00  run-tempo.sh
03:42:42 PM  1000   1034355      0.00      0.00  run-pyroscope.s
03:42:42 PM  1000   1034357      8.00      0.00  prometheus
03:42:42 PM  1000   1034359     60.00      2.00  tempo
03:42:42 PM  1000   1034360      0.00      0.00  loki
03:42:42 PM  1000   1034368     45.00      0.00  pyroscope

03:42:42 PM   UID       PID    %usr %system  %guest   %wait    %CPU   CPU  Command
03:42:43 PM  1000   1034337    0.00    0.00    0.00    0.00    0.00    18  run-grafana.sh
03:42:43 PM  1000   1034339    0.00    0.00    0.00    0.00    0.00    20  run-loki.sh
03:42:43 PM  1000   1034341    0.00    0.00    0.00    0.00    0.00    18  grafana
03:42:43 PM  1000   1034342    0.00    0.00    0.00    0.00    0.00    16  run-otelcol.sh
03:42:43 PM  1000   1034345    0.00    0.00    0.00    0.00    0.00    20  run-prometheus.
03:42:43 PM  1000   1034347    4.00    1.00    0.00    0.00    5.00    20  otelcol-contrib
03:42:43 PM  1000   1034349    0.00    0.00    0.00    0.00    0.00    16  run-tempo.sh
03:42:43 PM  1000   1034355    0.00    0.00    0.00    0.00    0.00    20  run-pyroscope.s
03:42:43 PM  1000   1034357    0.00    0.00    0.00    0.00    0.00    18  prometheus
03:42:43 PM  1000   1034359   33.00    4.00    0.00    1.00   37.00    18  tempo
03:42:43 PM  1000   1034360    0.00    0.00    0.00    0.00    0.00    18  loki
03:42:43 PM  1000   1034368    0.00    0.00    0.00    0.00    0.00    20  pyroscope

03:42:42 PM   UID       PID   cswch/s nvcswch/s  Command
03:42:43 PM  1000   1034337      0.00      0.00  run-grafana.sh
03:42:43 PM  1000   1034339      0.00      0.00  run-loki.sh
03:42:43 PM  1000   1034341      0.00      0.00  grafana
03:42:43 PM  1000   1034342      0.00      0.00  run-otelcol.sh
03:42:43 PM  1000   1034345      0.00      0.00  run-prometheus.
03:42:43 PM  1000   1034347      0.00      0.00  otelcol-contrib
03:42:43 PM  1000   1034349      0.00      0.00  run-tempo.sh
03:42:43 PM  1000   1034355      0.00      0.00  run-pyroscope.s
03:42:43 PM  1000   1034357      2.00      0.00  prometheus
03:42:43 PM  1000   1034359     67.00     35.00  tempo
03:42:43 PM  1000   1034360      0.00      0.00  loki
03:42:43 PM  1000   1034368     38.00      0.00  pyroscope

03:42:43 PM   UID       PID    %usr %system  %guest   %wait    %CPU   CPU  Command
03:42:44 PM  1000   1034337    0.00    0.00    0.00    0.00    0.00    18  run-grafana.sh
03:42:44 PM  1000   1034339    0.00    0.00    0.00    0.00    0.00    20  run-loki.sh
03:42:44 PM  1000   1034341    0.00    0.00    0.00    0.00    0.00    18  grafana
03:42:44 PM  1000   1034342    0.00    0.00    0.00    0.00    0.00    16  run-otelcol.sh
03:42:44 PM  1000   1034345    0.00    0.00    0.00    0.00    0.00    20  run-prometheus.
03:42:44 PM  1000   1034347    1.00    0.00    0.00    0.00    1.00    20  otelcol-contrib
03:42:44 PM  1000   1034349    0.00    0.00    0.00    0.00    0.00    16  run-tempo.sh
03:42:44 PM  1000   1034355    0.00    0.00    0.00    0.00    0.00    20  run-pyroscope.s
03:42:44 PM  1000   1034357    0.00    0.00    0.00    0.00    0.00    18  prometheus
03:42:44 PM  1000   1034359    4.00    0.00    0.00    0.00    4.00    16  tempo
03:42:44 PM  1000   1034360    0.00    0.00    0.00    0.00    0.00    18  loki
03:42:44 PM  1000   1034368    0.00    0.00    0.00    0.00    0.00    20  pyroscope

03:42:43 PM   UID       PID   cswch/s nvcswch/s  Command
03:42:44 PM  1000   1034337      0.00      0.00  run-grafana.sh
03:42:44 PM  1000   1034339      0.00      0.00  run-loki.sh
03:42:44 PM  1000   1034341      0.00      0.00  grafana
03:42:44 PM  1000   1034342      0.00      0.00  run-otelcol.sh
03:42:44 PM  1000   1034345      0.00      0.00  run-prometheus.
03:42:44 PM  1000   1034347      0.00      0.00  otelcol-contrib
03:42:44 PM  1000   1034349      0.00      0.00  run-tempo.sh
03:42:44 PM  1000   1034355      0.00      0.00  run-pyroscope.s
03:42:44 PM  1000   1034357      1.00      0.00  prometheus
03:42:44 PM  1000   1034359     39.00      0.00  tempo
03:42:44 PM  1000   1034360      0.00      0.00  loki
03:42:44 PM  1000   1034368     13.00      0.00  pyroscope

03:42:44 PM   UID       PID    %usr %system  %guest   %wait    %CPU   CPU  Command
03:42:45 PM  1000   1034337    0.00    0.00    0.00    0.00    0.00    18  run-grafana.sh
03:42:45 PM  1000   1034339    0.00    0.00    0.00    0.00    0.00    20  run-loki.sh
03:42:45 PM  1000   1034341    0.00    1.00    0.00    0.00    1.00    18  grafana
03:42:45 PM  1000   1034342    0.00    0.00    0.00    0.00    0.00    16  run-otelcol.sh
03:42:45 PM  1000   1034345    0.00    0.00    0.00    0.00    0.00    20  run-prometheus.
03:42:45 PM  1000   1034347    2.00    0.00    0.00    0.00    2.00    20  otelcol-contrib
03:42:45 PM  1000   1034349    0.00    0.00    0.00    0.00    0.00    16  run-tempo.sh
03:42:45 PM  1000   1034355    0.00    0.00    0.00    0.00    0.00    20  run-pyroscope.s
03:42:45 PM  1000   1034357    0.00    0.00    0.00    0.00    0.00    18  prometheus
03:42:45 PM  1000   1034359   20.00    4.00    0.00    0.00   24.00    20  tempo
03:42:45 PM  1000   1034360    0.00    0.00    0.00    0.00    0.00    18  loki
03:42:45 PM  1000   1034368    1.00    0.00    0.00    0.00    1.00    18  pyroscope

03:42:44 PM   UID       PID   cswch/s nvcswch/s  Command
03:42:45 PM  1000   1034337      0.00      0.00  run-grafana.sh
03:42:45 PM  1000   1034339      0.00      0.00  run-loki.sh
03:42:45 PM  1000   1034341      0.00      0.00  grafana
03:42:45 PM  1000   1034342      0.00      0.00  run-otelcol.sh
03:42:45 PM  1000   1034345      0.00      0.00  run-prometheus.
03:42:45 PM  1000   1034347      0.00      0.00  otelcol-contrib
03:42:45 PM  1000   1034349      0.00      0.00  run-tempo.sh
03:42:45 PM  1000   1034355      0.00      0.00  run-pyroscope.s
03:42:45 PM  1000   1034357      6.00      0.00  prometheus
03:42:45 PM  1000   1034359     71.00      0.00  tempo
03:42:45 PM  1000   1034360      0.00      0.00  loki
03:42:45 PM  1000   1034368      9.00      0.00  pyroscope

03:42:45 PM   UID       PID    %usr %system  %guest   %wait    %CPU   CPU  Command
03:42:46 PM  1000   1034337    0.00    0.00    0.00    0.00    0.00    18  run-grafana.sh
03:42:46 PM  1000   1034339    0.00    0.00    0.00    0.00    0.00    20  run-loki.sh
03:42:46 PM  1000   1034341    0.00    0.00    0.00    0.00    0.00    18  grafana
03:42:46 PM  1000   1034342    0.00    0.00    0.00    0.00    0.00    16  run-otelcol.sh
03:42:46 PM  1000   1034345    0.00    0.00    0.00    0.00    0.00    20  run-prometheus.
03:42:46 PM  1000   1034347    4.00    1.00    0.00    0.00    5.00    20  otelcol-contrib
03:42:46 PM  1000   1034349    0.00    0.00    0.00    0.00    0.00    16  run-tempo.sh
03:42:46 PM  1000   1034355    0.00    0.00    0.00    0.00    0.00    20  run-pyroscope.s
03:42:46 PM  1000   1034357    0.00    0.00    0.00    0.00    0.00    18  prometheus
03:42:46 PM  1000   1034359    7.00    0.00    0.00    0.00    7.00    20  tempo
03:42:46 PM  1000   1034360    1.00    1.00    0.00    0.00    2.00    18  loki
03:42:46 PM  1000   1034368    0.00    0.00    0.00    0.00    0.00    18  pyroscope

03:42:45 PM   UID       PID   cswch/s nvcswch/s  Command
03:42:46 PM  1000   1034337      0.00      0.00  run-grafana.sh
03:42:46 PM  1000   1034339      0.00      0.00  run-loki.sh
03:42:46 PM  1000   1034341      0.00      0.00  grafana
03:42:46 PM  1000   1034342      0.00      0.00  run-otelcol.sh
03:42:46 PM  1000   1034345      0.00      0.00  run-prometheus.
03:42:46 PM  1000   1034347      0.00      0.00  otelcol-contrib
03:42:46 PM  1000   1034349      0.00      0.00  run-tempo.sh
03:42:46 PM  1000   1034355      0.00      0.00  run-pyroscope.s
03:42:46 PM  1000   1034357      1.00      0.00  prometheus
03:42:46 PM  1000   1034359     60.00      1.00  tempo
03:42:46 PM  1000   1034360      0.00      0.00  loki
03:42:46 PM  1000   1034368      0.00      0.00  pyroscope

03:42:46 PM   UID       PID    %usr %system  %guest   %wait    %CPU   CPU  Command
03:42:47 PM  1000   1034337    0.00    0.00    0.00    0.00    0.00    18  run-grafana.sh
03:42:47 PM  1000   1034339    0.00    0.00    0.00    0.00    0.00    20  run-loki.sh
03:42:47 PM  1000   1034341    0.00    0.00    0.00    0.00    0.00    18  grafana
03:42:47 PM  1000   1034342    0.00    0.00    0.00    0.00    0.00    16  run-otelcol.sh
03:42:47 PM  1000   1034345    0.00    0.00    0.00    0.00    0.00    20  run-prometheus.
03:42:47 PM  1000   1034347    2.00    0.00    0.00    0.00    2.00    20  otelcol-contrib
03:42:47 PM  1000   1034349    0.00    0.00    0.00    0.00    0.00    16  run-tempo.sh
03:42:47 PM  1000   1034355    0.00    0.00    0.00    0.00    0.00    20  run-pyroscope.s
03:42:47 PM  1000   1034357    0.00    1.00    0.00    0.00    1.00    20  prometheus
03:42:47 PM  1000   1034359   20.00    1.00    0.00    0.00   21.00    18  tempo
03:42:47 PM  1000   1034360    0.00    0.00    0.00    0.00    0.00    18  loki
03:42:47 PM  1000   1034368    0.00    0.00    0.00    0.00    0.00    16  pyroscope

03:42:46 PM   UID       PID   cswch/s nvcswch/s  Command
03:42:47 PM  1000   1034337      0.00      0.00  run-grafana.sh
03:42:47 PM  1000   1034339      0.00      0.00  run-loki.sh
03:42:47 PM  1000   1034341      0.00      0.00  grafana
03:42:47 PM  1000   1034342      0.00      0.00  run-otelcol.sh
03:42:47 PM  1000   1034345      0.00      0.00  run-prometheus.
03:42:47 PM  1000   1034347      0.00      0.00  otelcol-contrib
03:42:47 PM  1000   1034349      0.00      0.00  run-tempo.sh
03:42:47 PM  1000   1034355      0.00      0.00  run-pyroscope.s
03:42:47 PM  1000   1034357      9.00      0.00  prometheus
03:42:47 PM  1000   1034359     85.00     11.00  tempo
03:42:47 PM  1000   1034360      0.00      0.00  loki
03:42:47 PM  1000   1034368     35.00      0.00  pyroscope

03:42:47 PM   UID       PID    %usr %system  %guest   %wait    %CPU   CPU  Command
03:42:48 PM  1000   1034337    0.00    0.00    0.00    0.00    0.00    18  run-grafana.sh
03:42:48 PM  1000   1034339    0.00    0.00    0.00    0.00    0.00    20  run-loki.sh
03:42:48 PM  1000   1034341    0.00    0.00    0.00    0.00    0.00    18  grafana
03:42:48 PM  1000   1034342    0.00    0.00    0.00    0.00    0.00    16  run-otelcol.sh
03:42:48 PM  1000   1034345    0.00    0.00    0.00    0.00    0.00    20  run-prometheus.
03:42:48 PM  1000   1034347    2.00    0.00    0.00    0.00    2.00    20  otelcol-contrib
03:42:48 PM  1000   1034349    0.00    0.00    0.00    0.00    0.00    16  run-tempo.sh
03:42:48 PM  1000   1034355    0.00    0.00    0.00    0.00    0.00    20  run-pyroscope.s
03:42:48 PM  1000   1034357    0.00    0.00    0.00    0.00    0.00    20  prometheus
03:42:48 PM  1000   1034359   23.00    4.00    0.00    0.00   27.00    20  tempo
03:42:48 PM  1000   1034360    0.00    0.00    0.00    0.00    0.00    18  loki
03:42:48 PM  1000   1034368    0.00    0.00    0.00    0.00    0.00    16  pyroscope

03:42:47 PM   UID       PID   cswch/s nvcswch/s  Command
03:42:48 PM  1000   1034337      0.00      0.00  run-grafana.sh
03:42:48 PM  1000   1034339      0.00      0.00  run-loki.sh
03:42:48 PM  1000   1034341      0.00      0.00  grafana
03:42:48 PM  1000   1034342      0.00      0.00  run-otelcol.sh
03:42:48 PM  1000   1034345      0.00      0.00  run-prometheus.
03:42:48 PM  1000   1034347      0.00      0.00  otelcol-contrib
03:42:48 PM  1000   1034349      0.00      0.00  run-tempo.sh
03:42:48 PM  1000   1034355      0.00      0.00  run-pyroscope.s
03:42:48 PM  1000   1034357      1.00      0.00  prometheus
03:42:48 PM  1000   1034359     84.00     13.00  tempo
03:42:48 PM  1000   1034360      0.00      0.00  loki
03:42:48 PM  1000   1034368      4.00      0.00  pyroscope

03:42:48 PM   UID       PID    %usr %system  %guest   %wait    %CPU   CPU  Command
03:42:49 PM  1000   1034337    0.00    0.00    0.00    0.00    0.00    18  run-grafana.sh
03:42:49 PM  1000   1034339    0.00    0.00    0.00    0.00    0.00    20  run-loki.sh
03:42:49 PM  1000   1034341    7.00    0.00    0.00    0.00    7.00    18  grafana
03:42:49 PM  1000   1034342    0.00    0.00    0.00    0.00    0.00    16  run-otelcol.sh
03:42:49 PM  1000   1034345    0.00    0.00    0.00    0.00    0.00    20  run-prometheus.
03:42:49 PM  1000   1034347    3.00    0.00    0.00    0.00    3.00    20  otelcol-contrib
03:42:49 PM  1000   1034349    0.00    0.00    0.00    0.00    0.00    16  run-tempo.sh
03:42:49 PM  1000   1034355    0.00    0.00    0.00    0.00    0.00    20  run-pyroscope.s
03:42:49 PM  1000   1034357    0.00    0.00    0.00    0.00    0.00    18  prometheus
03:42:49 PM  1000   1034359   24.00    3.00    0.00    0.00   27.00    20  tempo
03:42:49 PM  1000   1034360    0.00    0.00    0.00    0.00    0.00    18  loki
03:42:49 PM  1000   1034368    0.00    0.00    0.00    0.00    0.00    16  pyroscope

03:42:48 PM   UID       PID   cswch/s nvcswch/s  Command
03:42:49 PM  1000   1034337      0.00      0.00  run-grafana.sh
03:42:49 PM  1000   1034339      0.00      0.00  run-loki.sh
03:42:49 PM  1000   1034341      0.00      0.00  grafana
03:42:49 PM  1000   1034342      0.00      0.00  run-otelcol.sh
03:42:49 PM  1000   1034345      0.00      0.00  run-prometheus.
03:42:49 PM  1000   1034347      0.00      0.00  otelcol-contrib
03:42:49 PM  1000   1034349      0.00      0.00  run-tempo.sh
03:42:49 PM  1000   1034355      0.00      0.00  run-pyroscope.s
03:42:49 PM  1000   1034357      2.00      0.00  prometheus
03:42:49 PM  1000   1034359     53.00      0.00  tempo
03:42:49 PM  1000   1034360      0.00      0.00  loki
03:42:49 PM  1000   1034368      0.00      0.00  pyroscope

03:42:49 PM   UID       PID    %usr %system  %guest   %wait    %CPU   CPU  Command
03:42:50 PM  1000   1034337    0.00    0.00    0.00    0.00    0.00    18  run-grafana.sh
03:42:50 PM  1000   1034339    0.00    0.00    0.00    0.00    0.00    20  run-loki.sh
03:42:50 PM  1000   1034341    0.00    0.00    0.00    0.00    0.00    18  grafana
03:42:50 PM  1000   1034342    0.00    0.00    0.00    0.00    0.00    16  run-otelcol.sh
03:42:50 PM  1000   1034345    0.00    0.00    0.00    0.00    0.00    20  run-prometheus.
03:42:50 PM  1000   1034347    2.00    1.00    0.00    0.00    3.00    20  otelcol-contrib
03:42:50 PM  1000   1034349    0.00    0.00    0.00    0.00    0.00    16  run-tempo.sh
03:42:50 PM  1000   1034355    0.00    0.00    0.00    0.00    0.00    20  run-pyroscope.s
03:42:50 PM  1000   1034357    0.00    0.00    0.00    0.00    0.00    20  prometheus
03:42:50 PM  1000   1034359   20.00    2.00    0.00    0.00   22.00    20  tempo
03:42:50 PM  1000   1034360    1.00    0.00    0.00    0.00    1.00    18  loki
03:42:50 PM  1000   1034368    0.00    0.00    0.00    0.00    0.00    16  pyroscope

03:42:49 PM   UID       PID   cswch/s nvcswch/s  Command
03:42:50 PM  1000   1034337      0.00      0.00  run-grafana.sh
03:42:50 PM  1000   1034339      0.00      0.00  run-loki.sh
03:42:50 PM  1000   1034341      0.00      0.00  grafana
03:42:50 PM  1000   1034342      0.00      0.00  run-otelcol.sh
03:42:50 PM  1000   1034345      0.00      0.00  run-prometheus.
03:42:50 PM  1000   1034347      0.00      0.00  otelcol-contrib
03:42:50 PM  1000   1034349      0.00      0.00  run-tempo.sh
03:42:50 PM  1000   1034355      0.00      0.00  run-pyroscope.s
03:42:50 PM  1000   1034357      2.00      0.00  prometheus
03:42:50 PM  1000   1034359     56.00      0.00  tempo
03:42:50 PM  1000   1034360      0.00      0.00  loki
03:42:50 PM  1000   1034368      0.00      0.00  pyroscope

03:42:50 PM   UID       PID    %usr %system  %guest   %wait    %CPU   CPU  Command
03:42:51 PM  1000   1034337    0.00    0.00    0.00    0.00    0.00    18  run-grafana.sh
03:42:51 PM  1000   1034339    0.00    0.00    0.00    0.00    0.00    20  run-loki.sh
03:42:51 PM  1000   1034341    0.00    0.00    0.00    0.00    0.00    18  grafana
03:42:51 PM  1000   1034342    0.00    0.00    0.00    0.00    0.00    16  run-otelcol.sh
03:42:51 PM  1000   1034345    0.00    0.00    0.00    0.00    0.00    20  run-prometheus.
03:42:51 PM  1000   1034347    2.00    0.00    0.00    0.00    2.00    20  otelcol-contrib
03:42:51 PM  1000   1034349    0.00    0.00    0.00    0.00    0.00    16  run-tempo.sh
03:42:51 PM  1000   1034355    0.00    0.00    0.00    0.00    0.00    20  run-pyroscope.s
03:42:51 PM  1000   1034357    1.00    0.00    0.00    0.00    1.00    20  prometheus
03:42:51 PM  1000   1034359   22.00    3.00    0.00    1.00   25.00    18  tempo
03:42:51 PM  1000   1034360    0.00    0.00    0.00    0.00    0.00    18  loki
03:42:51 PM  1000   1034368    0.00    0.00    0.00    0.00    0.00    16  pyroscope

03:42:50 PM   UID       PID   cswch/s nvcswch/s  Command
03:42:51 PM  1000   1034337      0.00      0.00  run-grafana.sh
03:42:51 PM  1000   1034339      0.00      0.00  run-loki.sh
03:42:51 PM  1000   1034341      0.00      0.00  grafana
03:42:51 PM  1000   1034342      0.00      0.00  run-otelcol.sh
03:42:51 PM  1000   1034345      0.00      0.00  run-prometheus.
03:42:51 PM  1000   1034347      0.00      0.00  otelcol-contrib
03:42:51 PM  1000   1034349      0.00      0.00  run-tempo.sh
03:42:51 PM  1000   1034355      0.00      0.00  run-pyroscope.s
03:42:51 PM  1000   1034357      1.00      0.00  prometheus
03:42:51 PM  1000   1034359     73.00      6.00  tempo
03:42:51 PM  1000   1034360      0.00      0.00  loki
03:42:51 PM  1000   1034368      0.00      0.00  pyroscope

03:42:51 PM   UID       PID    %usr %system  %guest   %wait    %CPU   CPU  Command
03:42:52 PM  1000   1034337    0.00    0.00    0.00    0.00    0.00    18  run-grafana.sh
03:42:52 PM  1000   1034339    0.00    0.00    0.00    0.00    0.00    20  run-loki.sh
03:42:52 PM  1000   1034341    0.00    0.00    0.00    0.00    0.00    18  grafana
03:42:52 PM  1000   1034342    0.00    0.00    0.00    0.00    0.00    16  run-otelcol.sh
03:42:52 PM  1000   1034345    0.00    0.00    0.00    0.00    0.00    20  run-prometheus.
03:42:52 PM  1000   1034347    2.00    0.00    0.00    0.00    2.00    20  otelcol-contrib
03:42:52 PM  1000   1034349    0.00    0.00    0.00    0.00    0.00    16  run-tempo.sh
03:42:52 PM  1000   1034355    0.00    0.00    0.00    0.00    0.00    20  run-pyroscope.s
03:42:52 PM  1000   1034357    0.00    0.00    0.00    0.00    0.00    18  prometheus
03:42:52 PM  1000   1034359    7.00    0.00    0.00    0.00    7.00    16  tempo
03:42:52 PM  1000   1034360    0.00    0.00    0.00    0.00    0.00    18  loki
03:42:52 PM  1000   1034368    1.00    0.00    0.00    0.00    1.00    16  pyroscope

03:42:51 PM   UID       PID   cswch/s nvcswch/s  Command
03:42:52 PM  1000   1034337      0.00      0.00  run-grafana.sh
03:42:52 PM  1000   1034339      0.00      0.00  run-loki.sh
03:42:52 PM  1000   1034341      0.00      0.00  grafana
03:42:52 PM  1000   1034342      0.00      0.00  run-otelcol.sh
03:42:52 PM  1000   1034345      0.00      0.00  run-prometheus.
03:42:52 PM  1000   1034347      0.00      0.00  otelcol-contrib
03:42:52 PM  1000   1034349      0.00      0.00  run-tempo.sh
03:42:52 PM  1000   1034355      0.00      0.00  run-pyroscope.s
03:42:52 PM  1000   1034357      5.00      0.00  prometheus
03:42:52 PM  1000   1034359     73.00      1.00  tempo
03:42:52 PM  1000   1034360      0.00      0.00  loki
03:42:52 PM  1000   1034368      0.00      0.00  pyroscope

03:42:52 PM   UID       PID    %usr %system  %guest   %wait    %CPU   CPU  Command
03:42:53 PM  1000   1034337    0.00    0.00    0.00    0.00    0.00    18  run-grafana.sh
03:42:53 PM  1000   1034339    0.00    0.00    0.00    0.00    0.00    20  run-loki.sh
03:42:53 PM  1000   1034341    0.00    0.00    0.00    0.00    0.00    18  grafana
03:42:53 PM  1000   1034342    0.00    0.00    0.00    0.00    0.00    16  run-otelcol.sh
03:42:53 PM  1000   1034345    0.00    0.00    0.00    0.00    0.00    20  run-prometheus.
03:42:53 PM  1000   1034347    4.00    0.00    0.00    0.00    4.00    20  otelcol-contrib
03:42:53 PM  1000   1034349    0.00    0.00    0.00    0.00    0.00    16  run-tempo.sh
03:42:53 PM  1000   1034355    0.00    0.00    0.00    0.00    0.00    20  run-pyroscope.s
03:42:53 PM  1000   1034357    0.00    0.00    0.00    0.00    0.00    18  prometheus
03:42:53 PM  1000   1034359   16.00    4.00    0.00    0.00   20.00    18  tempo
03:42:53 PM  1000   1034360    0.00    0.00    0.00    0.00    0.00    18  loki
03:42:53 PM  1000   1034368    3.00    1.00    0.00    0.00    4.00    18  pyroscope

03:42:52 PM   UID       PID   cswch/s nvcswch/s  Command
03:42:53 PM  1000   1034337      0.00      0.00  run-grafana.sh
03:42:53 PM  1000   1034339      0.00      0.00  run-loki.sh
03:42:53 PM  1000   1034341      0.00      0.00  grafana
03:42:53 PM  1000   1034342      0.00      0.00  run-otelcol.sh
03:42:53 PM  1000   1034345      0.00      0.00  run-prometheus.
03:42:53 PM  1000   1034347      0.00      0.00  otelcol-contrib
03:42:53 PM  1000   1034349      0.00      0.00  run-tempo.sh
03:42:53 PM  1000   1034355      0.00      0.00  run-pyroscope.s
03:42:53 PM  1000   1034357      2.00      0.00  prometheus
03:42:53 PM  1000   1034359     55.00     15.00  tempo
03:42:53 PM  1000   1034360      0.00      0.00  loki
03:42:53 PM  1000   1034368     19.00      0.00  pyroscope

03:42:53 PM   UID       PID    %usr %system  %guest   %wait    %CPU   CPU  Command
03:42:54 PM  1000   1034337    0.00    0.00    0.00    0.00    0.00    18  run-grafana.sh
03:42:54 PM  1000   1034339    0.00    0.00    0.00    0.00    0.00    20  run-loki.sh
03:42:54 PM  1000   1034341    1.00    0.00    0.00    0.00    1.00    18  grafana
03:42:54 PM  1000   1034342    0.00    0.00    0.00    0.00    0.00    16  run-otelcol.sh
03:42:54 PM  1000   1034345    0.00    0.00    0.00    0.00    0.00    20  run-prometheus.
03:42:54 PM  1000   1034347    1.00    1.00    0.00    0.00    2.00    20  otelcol-contrib
03:42:54 PM  1000   1034349    0.00    0.00    0.00    0.00    0.00    16  run-tempo.sh
03:42:54 PM  1000   1034355    0.00    0.00    0.00    0.00    0.00    20  run-pyroscope.s
03:42:54 PM  1000   1034357    0.00    0.00    0.00    0.00    0.00    18  prometheus
03:42:54 PM  1000   1034359    7.00    1.00    0.00    0.00    8.00    20  tempo
03:42:54 PM  1000   1034360    0.00    0.00    0.00    0.00    0.00    18  loki
03:42:54 PM  1000   1034368    0.00    0.00    0.00    0.00    0.00    20  pyroscope

03:42:53 PM   UID       PID   cswch/s nvcswch/s  Command
03:42:54 PM  1000   1034337      0.00      0.00  run-grafana.sh
03:42:54 PM  1000   1034339      0.00      0.00  run-loki.sh
03:42:54 PM  1000   1034341      0.00      0.00  grafana
03:42:54 PM  1000   1034342      0.00      0.00  run-otelcol.sh
03:42:54 PM  1000   1034345      0.00      0.00  run-prometheus.
03:42:54 PM  1000   1034347      0.00      0.00  otelcol-contrib
03:42:54 PM  1000   1034349      0.00      0.00  run-tempo.sh
03:42:54 PM  1000   1034355      0.00      0.00  run-pyroscope.s
03:42:54 PM  1000   1034357      1.00      0.00  prometheus
03:42:54 PM  1000   1034359     81.00      3.00  tempo
03:42:54 PM  1000   1034360      0.00      0.00  loki
03:42:54 PM  1000   1034368     37.00      0.00  pyroscope

03:42:54 PM   UID       PID    %usr %system  %guest   %wait    %CPU   CPU  Command
03:42:55 PM  1000   1034337    0.00    0.00    0.00    0.00    0.00    18  run-grafana.sh
03:42:55 PM  1000   1034339    0.00    0.00    0.00    0.00    0.00    20  run-loki.sh
03:42:55 PM  1000   1034341    0.00    0.00    0.00    0.00    0.00    18  grafana
03:42:55 PM  1000   1034342    0.00    0.00    0.00    0.00    0.00    16  run-otelcol.sh
03:42:55 PM  1000   1034345    0.00    0.00    0.00    0.00    0.00    20  run-prometheus.
03:42:55 PM  1000   1034347    1.00    0.00    0.00    0.00    1.00    20  otelcol-contrib
03:42:55 PM  1000   1034349    0.00    0.00    0.00    0.00    0.00    16  run-tempo.sh
03:42:55 PM  1000   1034355    0.00    0.00    0.00    0.00    0.00    20  run-pyroscope.s
03:42:55 PM  1000   1034357    0.00    0.00    0.00    0.00    0.00    16  prometheus
03:42:55 PM  1000   1034359    5.00    0.00    0.00    0.00    5.00    20  tempo
03:42:55 PM  1000   1034360    1.00    0.00    0.00    0.00    1.00    18  loki
03:42:55 PM  1000   1034368    0.00    0.00    0.00    0.00    0.00    20  pyroscope

03:42:54 PM   UID       PID   cswch/s nvcswch/s  Command
03:42:55 PM  1000   1034337      0.00      0.00  run-grafana.sh
03:42:55 PM  1000   1034339      0.00      0.00  run-loki.sh
03:42:55 PM  1000   1034341      0.00      0.00  grafana
03:42:55 PM  1000   1034342      0.00      0.00  run-otelcol.sh
03:42:55 PM  1000   1034345      0.00      0.00  run-prometheus.
03:42:55 PM  1000   1034347      0.00      0.00  otelcol-contrib
03:42:55 PM  1000   1034349      0.00      0.00  run-tempo.sh
03:42:55 PM  1000   1034355      0.00      0.00  run-pyroscope.s
03:42:55 PM  1000   1034357      1.00      0.00  prometheus
03:42:55 PM  1000   1034359     62.00      3.00  tempo
03:42:55 PM  1000   1034360      0.00      0.00  loki
03:42:55 PM  1000   1034368     50.00      0.00  pyroscope

03:42:55 PM   UID       PID    %usr %system  %guest   %wait    %CPU   CPU  Command
03:42:56 PM  1000   1034337    0.00    0.00    0.00    0.00    0.00    18  run-grafana.sh
03:42:56 PM  1000   1034339    0.00    0.00    0.00    0.00    0.00    20  run-loki.sh
03:42:56 PM  1000   1034341    0.00    0.00    0.00    0.00    0.00    18  grafana
03:42:56 PM  1000   1034342    0.00    0.00    0.00    0.00    0.00    16  run-otelcol.sh
03:42:56 PM  1000   1034345    0.00    0.00    0.00    0.00    0.00    20  run-prometheus.
03:42:56 PM  1000   1034347    4.00    0.00    0.00    0.00    4.00    20  otelcol-contrib
03:42:56 PM  1000   1034349    0.00    0.00    0.00    0.00    0.00    16  run-tempo.sh
03:42:56 PM  1000   1034355    0.00    0.00    0.00    0.00    0.00    20  run-pyroscope.s
03:42:56 PM  1000   1034357    0.00    0.00    0.00    0.00    0.00    18  prometheus
03:42:56 PM  1000   1034359   18.00    2.00    0.00    0.00   20.00    16  tempo
03:42:56 PM  1000   1034360    0.00    0.00    0.00    0.00    0.00    18  loki
03:42:56 PM  1000   1034368    0.00    0.00    0.00    0.00    0.00    18  pyroscope

03:42:55 PM   UID       PID   cswch/s nvcswch/s  Command
03:42:56 PM  1000   1034337      0.00      0.00  run-grafana.sh
03:42:56 PM  1000   1034339      0.00      0.00  run-loki.sh
03:42:56 PM  1000   1034341      0.00      0.00  grafana
03:42:56 PM  1000   1034342      0.00      0.00  run-otelcol.sh
03:42:56 PM  1000   1034345      0.00      0.00  run-prometheus.
03:42:56 PM  1000   1034347      0.00      0.00  otelcol-contrib
03:42:56 PM  1000   1034349      0.00      0.00  run-tempo.sh
03:42:56 PM  1000   1034355      0.00      0.00  run-pyroscope.s
03:42:56 PM  1000   1034357      1.00      0.00  prometheus
03:42:56 PM  1000   1034359     69.00      6.00  tempo
03:42:56 PM  1000   1034360      0.00      0.00  loki
03:42:56 PM  1000   1034368     30.00      0.00  pyroscope

03:42:56 PM   UID       PID    %usr %system  %guest   %wait    %CPU   CPU  Command
03:42:57 PM  1000   1034337    0.00    0.00    0.00    0.00    0.00    18  run-grafana.sh
03:42:57 PM  1000   1034339    0.00    0.00    0.00    0.00    0.00    20  run-loki.sh
03:42:57 PM  1000   1034341    0.00    0.00    0.00    0.00    0.00    18  grafana
03:42:57 PM  1000   1034342    0.00    0.00    0.00    0.00    0.00    16  run-otelcol.sh
03:42:57 PM  1000   1034345    0.00    0.00    0.00    0.00    0.00    20  run-prometheus.
03:42:57 PM  1000   1034347    2.00    1.00    0.00    0.00    3.00    20  otelcol-contrib
03:42:57 PM  1000   1034349    0.00    0.00    0.00    0.00    0.00    16  run-tempo.sh
03:42:57 PM  1000   1034355    0.00    0.00    0.00    0.00    0.00    20  run-pyroscope.s
03:42:57 PM  1000   1034357    0.00    0.00    0.00    0.00    0.00    18  prometheus
03:42:57 PM  1000   1034359    6.00    0.00    0.00    0.00    6.00    18  tempo
03:42:57 PM  1000   1034360    0.00    0.00    0.00    0.00    0.00    18  loki
03:42:57 PM  1000   1034368    0.00    0.00    0.00    0.00    0.00    16  pyroscope

03:42:56 PM   UID       PID   cswch/s nvcswch/s  Command
03:42:57 PM  1000   1034337      0.00      0.00  run-grafana.sh
03:42:57 PM  1000   1034339      0.00      0.00  run-loki.sh
03:42:57 PM  1000   1034341      0.00      0.00  grafana
03:42:57 PM  1000   1034342      0.00      0.00  run-otelcol.sh
03:42:57 PM  1000   1034345      0.00      0.00  run-prometheus.
03:42:57 PM  1000   1034347      0.00      0.00  otelcol-contrib
03:42:57 PM  1000   1034349      0.00      0.00  run-tempo.sh
03:42:57 PM  1000   1034355      0.00      0.00  run-pyroscope.s
03:42:57 PM  1000   1034357      7.00      0.00  prometheus
03:42:57 PM  1000   1034359     68.00      1.00  tempo
03:42:57 PM  1000   1034360      0.00      0.00  loki
03:42:57 PM  1000   1034368     48.00      0.00  pyroscope

03:42:57 PM   UID       PID    %usr %system  %guest   %wait    %CPU   CPU  Command
03:42:58 PM  1000   1034337    0.00    0.00    0.00    0.00    0.00    18  run-grafana.sh
03:42:58 PM  1000   1034339    0.00    0.00    0.00    0.00    0.00    20  run-loki.sh
03:42:58 PM  1000   1034341    0.00    0.00    0.00    0.00    0.00    18  grafana
03:42:58 PM  1000   1034342    0.00    0.00    0.00    0.00    0.00    16  run-otelcol.sh
03:42:58 PM  1000   1034345    0.00    0.00    0.00    0.00    0.00    20  run-prometheus.
03:42:58 PM  1000   1034347    2.00    0.00    0.00    0.00    2.00    20  otelcol-contrib
03:42:58 PM  1000   1034349    0.00    0.00    0.00    0.00    0.00    16  run-tempo.sh
03:42:58 PM  1000   1034355    0.00    0.00    0.00    0.00    0.00    20  run-pyroscope.s
03:42:58 PM  1000   1034357    0.00    0.00    0.00    0.00    0.00    16  prometheus
03:42:58 PM  1000   1034359   26.00    1.00    0.00    0.00   27.00    20  tempo
03:42:58 PM  1000   1034360    0.00    0.00    0.00    0.00    0.00    18  loki
03:42:58 PM  1000   1034368    0.00    0.00    0.00    0.00    0.00    16  pyroscope

03:42:57 PM   UID       PID   cswch/s nvcswch/s  Command
03:42:58 PM  1000   1034337      0.00      0.00  run-grafana.sh
03:42:58 PM  1000   1034339      0.00      0.00  run-loki.sh
03:42:58 PM  1000   1034341      0.00      0.00  grafana
03:42:58 PM  1000   1034342      0.00      0.00  run-otelcol.sh
03:42:58 PM  1000   1034345      0.00      0.00  run-prometheus.
03:42:58 PM  1000   1034347      0.00      0.00  otelcol-contrib
03:42:58 PM  1000   1034349      0.00      0.00  run-tempo.sh
03:42:58 PM  1000   1034355      0.00      0.00  run-pyroscope.s
03:42:58 PM  1000   1034357      3.00      0.00  prometheus
03:42:58 PM  1000   1034359     84.00      6.00  tempo
03:42:58 PM  1000   1034360      0.00      0.00  loki
03:42:58 PM  1000   1034368     46.00      0.00  pyroscope

03:42:58 PM   UID       PID    %usr %system  %guest   %wait    %CPU   CPU  Command
03:42:59 PM  1000   1034337    0.00    0.00    0.00    0.00    0.00    18  run-grafana.sh
03:42:59 PM  1000   1034339    0.00    0.00    0.00    0.00    0.00    20  run-loki.sh
03:42:59 PM  1000   1034341    2.00    0.00    0.00    0.00    2.00    18  grafana
03:42:59 PM  1000   1034342    0.00    0.00    0.00    0.00    0.00    16  run-otelcol.sh
03:42:59 PM  1000   1034345    0.00    0.00    0.00    0.00    0.00    20  run-prometheus.
03:42:59 PM  1000   1034347    2.00    1.00    0.00    0.00    3.00    20  otelcol-contrib
03:42:59 PM  1000   1034349    0.00    0.00    0.00    0.00    0.00    16  run-tempo.sh
03:42:59 PM  1000   1034355    0.00    0.00    0.00    0.00    0.00    20  run-pyroscope.s
03:42:59 PM  1000   1034357    0.00    0.00    0.00    0.00    0.00    16  prometheus
03:42:59 PM  1000   1034359   31.00    1.00    0.00    0.00   32.00    20  tempo
03:42:59 PM  1000   1034360    0.00    1.00    0.00    0.00    1.00    18  loki
03:42:59 PM  1000   1034368    1.00    0.00    0.00    0.00    1.00    20  pyroscope

03:42:58 PM   UID       PID   cswch/s nvcswch/s  Command
03:42:59 PM  1000   1034337      0.00      0.00  run-grafana.sh
03:42:59 PM  1000   1034339      0.00      0.00  run-loki.sh
03:42:59 PM  1000   1034341      0.00      0.00  grafana
03:42:59 PM  1000   1034342      0.00      0.00  run-otelcol.sh
03:42:59 PM  1000   1034345      0.00      0.00  run-prometheus.
03:42:59 PM  1000   1034347      0.00      0.00  otelcol-contrib
03:42:59 PM  1000   1034349      0.00      0.00  run-tempo.sh
03:42:59 PM  1000   1034355      0.00      0.00  run-pyroscope.s
03:42:59 PM  1000   1034357      2.00      0.00  prometheus
03:42:59 PM  1000   1034359     47.00     11.00  tempo
03:42:59 PM  1000   1034360      0.00      0.00  loki
03:42:59 PM  1000   1034368     34.00      0.00  pyroscope

03:42:59 PM   UID       PID    %usr %system  %guest   %wait    %CPU   CPU  Command
03:43:00 PM  1000   1034337    0.00    0.00    0.00    0.00    0.00    18  run-grafana.sh
03:43:00 PM  1000   1034339    0.00    0.00    0.00    0.00    0.00    20  run-loki.sh
03:43:00 PM  1000   1034341    1.00    0.00    0.00    0.00    1.00    18  grafana
03:43:00 PM  1000   1034342    0.00    0.00    0.00    0.00    0.00    16  run-otelcol.sh
03:43:00 PM  1000   1034345    0.00    0.00    0.00    0.00    0.00    20  run-prometheus.
03:43:00 PM  1000   1034347    4.00    0.00    0.00    0.00    4.00    20  otelcol-contrib
03:43:00 PM  1000   1034349    0.00    0.00    0.00    0.00    0.00    16  run-tempo.sh
03:43:00 PM  1000   1034355    0.00    0.00    0.00    0.00    0.00    20  run-pyroscope.s
03:43:00 PM  1000   1034357    1.00    0.00    0.00    0.00    1.00    18  prometheus
03:43:00 PM  1000   1034359   27.00    3.00    0.00    1.00   30.00    16  tempo
03:43:00 PM  1000   1034360    1.00    0.00    0.00    0.00    1.00    18  loki
03:43:00 PM  1000   1034368    0.00    0.00    0.00    0.00    0.00    20  pyroscope

03:42:59 PM   UID       PID   cswch/s nvcswch/s  Command
03:43:00 PM  1000   1034337      0.00      0.00  run-grafana.sh
03:43:00 PM  1000   1034339      0.00      0.00  run-loki.sh
03:43:00 PM  1000   1034341      0.00      0.00  grafana
03:43:00 PM  1000   1034342      0.00      0.00  run-otelcol.sh
03:43:00 PM  1000   1034345      0.00      0.00  run-prometheus.
03:43:00 PM  1000   1034347      0.00      0.00  otelcol-contrib
03:43:00 PM  1000   1034349      0.00      0.00  run-tempo.sh
03:43:00 PM  1000   1034355      0.00      0.00  run-pyroscope.s
03:43:00 PM  1000   1034357      4.00      3.00  prometheus
03:43:00 PM  1000   1034359     67.00      6.00  tempo
03:43:00 PM  1000   1034360      0.00      0.00  loki
03:43:00 PM  1000   1034368      7.00      0.00  pyroscope

03:43:00 PM   UID       PID    %usr %system  %guest   %wait    %CPU   CPU  Command
03:43:01 PM  1000   1034337    0.00    0.00    0.00    0.00    0.00    18  run-grafana.sh
03:43:01 PM  1000   1034339    0.00    0.00    0.00    0.00    0.00    20  run-loki.sh
03:43:01 PM  1000   1034341    0.00    0.00    0.00    0.00    0.00    18  grafana
03:43:01 PM  1000   1034342    0.00    0.00    0.00    0.00    0.00    16  run-otelcol.sh
03:43:01 PM  1000   1034345    0.00    0.00    0.00    0.00    0.00    20  run-prometheus.
03:43:01 PM  1000   1034347    1.00    0.00    0.00    0.00    1.00    20  otelcol-contrib
03:43:01 PM  1000   1034349    0.00    0.00    0.00    0.00    0.00    16  run-tempo.sh
03:43:01 PM  1000   1034355    0.00    0.00    0.00    0.00    0.00    20  run-pyroscope.s
03:43:01 PM  1000   1034357    0.00    0.00    0.00    0.00    0.00    16  prometheus
03:43:01 PM  1000   1034359    6.00    0.00    0.00    0.00    6.00    20  tempo
03:43:01 PM  1000   1034360    0.00    0.00    0.00    0.00    0.00    18  loki
03:43:01 PM  1000   1034368    0.00    0.00    0.00    0.00    0.00    20  pyroscope

03:43:00 PM   UID       PID   cswch/s nvcswch/s  Command
03:43:01 PM  1000   1034337      0.00      0.00  run-grafana.sh
03:43:01 PM  1000   1034339      0.00      0.00  run-loki.sh
03:43:01 PM  1000   1034341      0.00      0.00  grafana
03:43:01 PM  1000   1034342      0.00      0.00  run-otelcol.sh
03:43:01 PM  1000   1034345      0.00      0.00  run-prometheus.
03:43:01 PM  1000   1034347      0.00      0.00  otelcol-contrib
03:43:01 PM  1000   1034349      0.00      0.00  run-tempo.sh
03:43:01 PM  1000   1034355      0.00      0.00  run-pyroscope.s
03:43:01 PM  1000   1034357      2.00      0.00  prometheus
03:43:01 PM  1000   1034359     53.00      3.00  tempo
03:43:01 PM  1000   1034360      0.00      0.00  loki
03:43:01 PM  1000   1034368      3.00      0.00  pyroscope

03:43:01 PM   UID       PID    %usr %system  %guest   %wait    %CPU   CPU  Command
03:43:02 PM  1000   1034337    0.00    0.00    0.00    0.00    0.00    18  run-grafana.sh
03:43:02 PM  1000   1034339    0.00    0.00    0.00    0.00    0.00    20  run-loki.sh
03:43:02 PM  1000   1034341    0.00    0.00    0.00    0.00    0.00    18  grafana
03:43:02 PM  1000   1034342    0.00    0.00    0.00    0.00    0.00    16  run-otelcol.sh
03:43:02 PM  1000   1034345    0.00    0.00    0.00    0.00    0.00    20  run-prometheus.
03:43:02 PM  1000   1034347    2.00    1.00    0.00    0.00    3.00    20  otelcol-contrib
03:43:02 PM  1000   1034349    0.00    0.00    0.00    0.00    0.00    16  run-tempo.sh
03:43:02 PM  1000   1034355    0.00    0.00    0.00    0.00    0.00    20  run-pyroscope.s
03:43:02 PM  1000   1034357    1.00    0.00    0.00    0.00    1.00    16  prometheus
03:43:02 PM  1000   1034359    5.00    1.00    0.00    0.00    6.00    16  tempo
03:43:02 PM  1000   1034360    0.00    0.00    0.00    0.00    0.00    18  loki
03:43:02 PM  1000   1034368    0.00    1.00    0.00    0.00    1.00    20  pyroscope

03:43:01 PM   UID       PID   cswch/s nvcswch/s  Command
03:43:02 PM  1000   1034337      0.00      0.00  run-grafana.sh
03:43:02 PM  1000   1034339      0.00      0.00  run-loki.sh
03:43:02 PM  1000   1034341      0.00      0.00  grafana
03:43:02 PM  1000   1034342      0.00      0.00  run-otelcol.sh
03:43:02 PM  1000   1034345      0.00      0.00  run-prometheus.
03:43:02 PM  1000   1034347      0.00      0.00  otelcol-contrib
03:43:02 PM  1000   1034349      0.00      0.00  run-tempo.sh
03:43:02 PM  1000   1034355      0.00      0.00  run-pyroscope.s
03:43:02 PM  1000   1034357      0.00      0.00  prometheus
03:43:02 PM  1000   1034359     50.00      1.00  tempo
03:43:02 PM  1000   1034360      0.00      0.00  loki
03:43:02 PM  1000   1034368      6.00      0.00  pyroscope

03:43:02 PM   UID       PID    %usr %system  %guest   %wait    %CPU   CPU  Command
03:43:03 PM  1000   1034337    0.00    0.00    0.00    0.00    0.00    18  run-grafana.sh
03:43:03 PM  1000   1034339    0.00    0.00    0.00    0.00    0.00    20  run-loki.sh
03:43:03 PM  1000   1034341    0.00    0.00    0.00    0.00    0.00    18  grafana
03:43:03 PM  1000   1034342    0.00    0.00    0.00    0.00    0.00    16  run-otelcol.sh
03:43:03 PM  1000   1034345    0.00    0.00    0.00    0.00    0.00    20  run-prometheus.
03:43:03 PM  1000   1034347    0.00    0.00    0.00    0.00    0.00    20  otelcol-contrib
03:43:03 PM  1000   1034349    0.00    0.00    0.00    0.00    0.00    16  run-tempo.sh
03:43:03 PM  1000   1034355    0.00    0.00    0.00    0.00    0.00    20  run-pyroscope.s
03:43:03 PM  1000   1034357    0.00    0.00    0.00    0.00    0.00    16  prometheus
03:43:03 PM  1000   1034359    3.00    0.00    0.00    0.00    3.00    16  tempo
03:43:03 PM  1000   1034360    0.00    0.00    0.00    0.00    0.00    18  loki
03:43:03 PM  1000   1034368    0.00    0.00    0.00    0.00    0.00    18  pyroscope

03:43:02 PM   UID       PID   cswch/s nvcswch/s  Command
03:43:03 PM  1000   1034337      0.00      0.00  run-grafana.sh
03:43:03 PM  1000   1034339      0.00      0.00  run-loki.sh
03:43:03 PM  1000   1034341      0.00      0.00  grafana
03:43:03 PM  1000   1034342      0.00      0.00  run-otelcol.sh
03:43:03 PM  1000   1034345      0.00      0.00  run-prometheus.
03:43:03 PM  1000   1034347      0.00      0.00  otelcol-contrib
03:43:03 PM  1000   1034349      0.00      0.00  run-tempo.sh
03:43:03 PM  1000   1034355      0.00      0.00  run-pyroscope.s
03:43:03 PM  1000   1034357      0.00      0.00  prometheus
03:43:03 PM  1000   1034359      0.00      0.00  tempo
03:43:03 PM  1000   1034360      0.00      0.00  loki
03:43:03 PM  1000   1034368     46.00      0.00  pyroscope

03:43:03 PM   UID       PID    %usr %system  %guest   %wait    %CPU   CPU  Command
03:43:04 PM  1000   1034337    0.00    0.00    0.00    0.00    0.00    18  run-grafana.sh
03:43:04 PM  1000   1034339    0.00    0.00    0.00    0.00    0.00    20  run-loki.sh
03:43:04 PM  1000   1034341    0.00    0.00    0.00    0.00    0.00    18  grafana
03:43:04 PM  1000   1034342    0.00    0.00    0.00    0.00    0.00    16  run-otelcol.sh
03:43:04 PM  1000   1034345    0.00    0.00    0.00    0.00    0.00    20  run-prometheus.
03:43:04 PM  1000   1034347    0.00    0.00    0.00    0.00    0.00    20  otelcol-contrib
03:43:04 PM  1000   1034349    0.00    0.00    0.00    0.00    0.00    16  run-tempo.sh
03:43:04 PM  1000   1034355    0.00    0.00    0.00    0.00    0.00    20  run-pyroscope.s
03:43:04 PM  1000   1034357    0.00    0.00    0.00    0.00    0.00    16  prometheus
03:43:04 PM  1000   1034359   11.88    0.00    0.00    0.00   11.88    16  tempo
03:43:04 PM  1000   1034360    0.00    0.00    0.00    0.00    0.00    18  loki
03:43:04 PM  1000   1034368    0.00    0.00    0.00    0.00    0.00    20  pyroscope

03:43:03 PM   UID       PID   cswch/s nvcswch/s  Command
03:43:04 PM  1000   1034337      0.00      0.00  run-grafana.sh
03:43:04 PM  1000   1034339      0.00      0.00  run-loki.sh
03:43:04 PM  1000   1034341      0.00      0.00  grafana
03:43:04 PM  1000   1034342      0.00      0.00  run-otelcol.sh
03:43:04 PM  1000   1034345      0.00      0.00  run-prometheus.
03:43:04 PM  1000   1034347      0.00      0.00  otelcol-contrib
03:43:04 PM  1000   1034349      0.00      0.00  run-tempo.sh
03:43:04 PM  1000   1034355      0.00      0.00  run-pyroscope.s
03:43:04 PM  1000   1034357      0.00      0.00  prometheus
03:43:04 PM  1000   1034359      2.97      3.96  tempo
03:43:04 PM  1000   1034360      0.00      0.00  loki
03:43:04 PM  1000   1034368     30.69      0.00  pyroscope

03:43:04 PM   UID       PID    %usr %system  %guest   %wait    %CPU   CPU  Command
03:43:05 PM  1000   1034337    0.00    0.00    0.00    0.00    0.00    18  run-grafana.sh
03:43:05 PM  1000   1034339    0.00    0.00    0.00    0.00    0.00    20  run-loki.sh
03:43:05 PM  1000   1034341    0.00    0.00    0.00    0.00    0.00    18  grafana
03:43:05 PM  1000   1034342    0.00    0.00    0.00    0.00    0.00    16  run-otelcol.sh
03:43:05 PM  1000   1034345    0.00    0.00    0.00    0.00    0.00    20  run-prometheus.
03:43:05 PM  1000   1034347    1.00    0.00    0.00    0.00    1.00    20  otelcol-contrib
03:43:05 PM  1000   1034349    0.00    0.00    0.00    0.00    0.00    16  run-tempo.sh
03:43:05 PM  1000   1034355    0.00    0.00    0.00    0.00    0.00    20  run-pyroscope.s
03:43:05 PM  1000   1034357    0.00    0.00    0.00    0.00    0.00    16  prometheus
03:43:05 PM  1000   1034359    0.00    0.00    0.00    0.00    0.00    16  tempo
03:43:05 PM  1000   1034360    0.00    0.00    0.00    0.00    0.00    18  loki
03:43:05 PM  1000   1034368    0.00    0.00    0.00    0.00    0.00    20  pyroscope

03:43:04 PM   UID       PID   cswch/s nvcswch/s  Command
03:43:05 PM  1000   1034337      0.00      0.00  run-grafana.sh
03:43:05 PM  1000   1034339      0.00      0.00  run-loki.sh
03:43:05 PM  1000   1034341      0.00      0.00  grafana
03:43:05 PM  1000   1034342      0.00      0.00  run-otelcol.sh
03:43:05 PM  1000   1034345      0.00      0.00  run-prometheus.
03:43:05 PM  1000   1034347      0.00      0.00  otelcol-contrib
03:43:05 PM  1000   1034349      0.00      0.00  run-tempo.sh
03:43:05 PM  1000   1034355      0.00      0.00  run-pyroscope.s
03:43:05 PM  1000   1034357      0.00      0.00  prometheus
03:43:05 PM  1000   1034359     28.00      0.00  tempo
03:43:05 PM  1000   1034360      0.00      0.00  loki
03:43:05 PM  1000   1034368     41.00      0.00  pyroscope

03:43:05 PM   UID       PID    %usr %system  %guest   %wait    %CPU   CPU  Command
03:43:06 PM  1000   1034337    0.00    0.00    0.00    0.00    0.00    18  run-grafana.sh
03:43:06 PM  1000   1034339    0.00    0.00    0.00    0.00    0.00    20  run-loki.sh
03:43:06 PM  1000   1034341    0.00    0.00    0.00    0.00    0.00    18  grafana
03:43:06 PM  1000   1034342    0.00    0.00    0.00    0.00    0.00    16  run-otelcol.sh
03:43:06 PM  1000   1034345    0.00    0.00    0.00    0.00    0.00    20  run-prometheus.
03:43:06 PM  1000   1034347    0.00    0.00    0.00    0.00    0.00    20  otelcol-contrib
03:43:06 PM  1000   1034349    0.00    0.00    0.00    0.00    0.00    16  run-tempo.sh
03:43:06 PM  1000   1034355    0.00    0.00    0.00    0.00    0.00    20  run-pyroscope.s
03:43:06 PM  1000   1034357    0.00    0.00    0.00    0.00    0.00    16  prometheus
03:43:06 PM  1000   1034359    5.00    0.00    0.00    0.00    5.00    18  tempo
03:43:06 PM  1000   1034360    1.00    0.00    0.00    0.00    1.00    18  loki
03:43:06 PM  1000   1034368    0.00    0.00    0.00    0.00    0.00    16  pyroscope

03:43:05 PM   UID       PID   cswch/s nvcswch/s  Command
03:43:06 PM  1000   1034337      0.00      0.00  run-grafana.sh
03:43:06 PM  1000   1034339      0.00      0.00  run-loki.sh
03:43:06 PM  1000   1034341      0.00      0.00  grafana
03:43:06 PM  1000   1034342      0.00      0.00  run-otelcol.sh
03:43:06 PM  1000   1034345      0.00      0.00  run-prometheus.
03:43:06 PM  1000   1034347      0.00      0.00  otelcol-contrib
03:43:06 PM  1000   1034349      0.00      0.00  run-tempo.sh
03:43:06 PM  1000   1034355      0.00      0.00  run-pyroscope.s
03:43:06 PM  1000   1034357      0.00      0.00  prometheus
03:43:06 PM  1000   1034359     32.00      0.00  tempo
03:43:06 PM  1000   1034360      0.00      0.00  loki
03:43:06 PM  1000   1034368     54.00      0.00  pyroscope

03:43:06 PM   UID       PID    %usr %system  %guest   %wait    %CPU   CPU  Command
03:43:07 PM  1000   1034337    0.00    0.00    0.00    0.00    0.00    18  run-grafana.sh
03:43:07 PM  1000   1034339    0.00    0.00    0.00    0.00    0.00    20  run-loki.sh
03:43:07 PM  1000   1034341    0.00    0.00    0.00    0.00    0.00    18  grafana
03:43:07 PM  1000   1034342    0.00    0.00    0.00    0.00    0.00    16  run-otelcol.sh
03:43:07 PM  1000   1034345    0.00    0.00    0.00    0.00    0.00    20  run-prometheus.
03:43:07 PM  1000   1034347    1.00    0.00    0.00    0.00    1.00    20  otelcol-contrib
03:43:07 PM  1000   1034349    0.00    0.00    0.00    0.00    0.00    16  run-tempo.sh
03:43:07 PM  1000   1034355    0.00    0.00    0.00    0.00    0.00    20  run-pyroscope.s
03:43:07 PM  1000   1034357    0.00    0.00    0.00    0.00    0.00    16  prometheus
03:43:07 PM  1000   1034359    0.00    0.00    0.00    0.00    0.00    16  tempo
03:43:07 PM  1000   1034360    0.00    0.00    0.00    0.00    0.00    18  loki
03:43:07 PM  1000   1034368    1.00    0.00    0.00    0.00    1.00    20  pyroscope

03:43:06 PM   UID       PID   cswch/s nvcswch/s  Command
03:43:07 PM  1000   1034337      0.00      0.00  run-grafana.sh
03:43:07 PM  1000   1034339      0.00      0.00  run-loki.sh
03:43:07 PM  1000   1034341      0.00      0.00  grafana
03:43:07 PM  1000   1034342      0.00      0.00  run-otelcol.sh
03:43:07 PM  1000   1034345      0.00      0.00  run-prometheus.
03:43:07 PM  1000   1034347      0.00      0.00  otelcol-contrib
03:43:07 PM  1000   1034349      0.00      0.00  run-tempo.sh
03:43:07 PM  1000   1034355      0.00      0.00  run-pyroscope.s
03:43:07 PM  1000   1034357      0.00      0.00  prometheus
03:43:07 PM  1000   1034359     46.00      2.00  tempo
03:43:07 PM  1000   1034360      0.00      0.00  loki
03:43:07 PM  1000   1034368     36.00      0.00  pyroscope

03:43:07 PM   UID       PID    %usr %system  %guest   %wait    %CPU   CPU  Command
03:43:08 PM  1000   1034337    0.00    0.00    0.00    0.00    0.00    18  run-grafana.sh
03:43:08 PM  1000   1034339    0.00    0.00    0.00    0.00    0.00    20  run-loki.sh
03:43:08 PM  1000   1034341    0.00    0.00    0.00    0.00    0.00    18  grafana
03:43:08 PM  1000   1034342    0.00    0.00    0.00    0.00    0.00    16  run-otelcol.sh
03:43:08 PM  1000   1034345    0.00    0.00    0.00    0.00    0.00    20  run-prometheus.
03:43:08 PM  1000   1034347    0.00    0.00    0.00    0.00    0.00    20  otelcol-contrib
03:43:08 PM  1000   1034349    0.00    0.00    0.00    0.00    0.00    16  run-tempo.sh
03:43:08 PM  1000   1034355    0.00    0.00    0.00    0.00    0.00    20  run-pyroscope.s
03:43:08 PM  1000   1034357    0.00    0.00    0.00    0.00    0.00    16  prometheus
03:43:08 PM  1000   1034359   13.00    3.00    0.00    0.00   16.00    18  tempo
03:43:08 PM  1000   1034360    0.00    0.00    0.00    0.00    0.00    18  loki
03:43:08 PM  1000   1034368    3.00    0.00    0.00    0.00    3.00    16  pyroscope

03:43:07 PM   UID       PID   cswch/s nvcswch/s  Command
03:43:08 PM  1000   1034337      0.00      0.00  run-grafana.sh
03:43:08 PM  1000   1034339      0.00      0.00  run-loki.sh
03:43:08 PM  1000   1034341      0.00      0.00  grafana
03:43:08 PM  1000   1034342      0.00      0.00  run-otelcol.sh
03:43:08 PM  1000   1034345      0.00      0.00  run-prometheus.
03:43:08 PM  1000   1034347      0.00      0.00  otelcol-contrib
03:43:08 PM  1000   1034349      0.00      0.00  run-tempo.sh
03:43:08 PM  1000   1034355      0.00      0.00  run-pyroscope.s
03:43:08 PM  1000   1034357      0.00      0.00  prometheus
03:43:08 PM  1000   1034359     43.00      1.00  tempo
03:43:08 PM  1000   1034360      0.00      0.00  loki
03:43:08 PM  1000   1034368      9.00      0.00  pyroscope

03:43:08 PM   UID       PID    %usr %system  %guest   %wait    %CPU   CPU  Command
03:43:09 PM  1000   1034337    0.00    0.00    0.00    0.00    0.00    18  run-grafana.sh
03:43:09 PM  1000   1034339    0.00    0.00    0.00    0.00    0.00    20  run-loki.sh
03:43:09 PM  1000   1034341    2.00    0.00    0.00    0.00    2.00    18  grafana
03:43:09 PM  1000   1034342    0.00    0.00    0.00    0.00    0.00    16  run-otelcol.sh
03:43:09 PM  1000   1034345    0.00    0.00    0.00    0.00    0.00    20  run-prometheus.
03:43:09 PM  1000   1034347    2.00    0.00    0.00    0.00    2.00    20  otelcol-contrib
03:43:09 PM  1000   1034349    0.00    0.00    0.00    0.00    0.00    16  run-tempo.sh
03:43:09 PM  1000   1034355    0.00    0.00    0.00    0.00    0.00    20  run-pyroscope.s
03:43:09 PM  1000   1034357    0.00    0.00    0.00    0.00    0.00    20  prometheus
03:43:09 PM  1000   1034359    0.00    0.00    0.00    0.00    0.00    18  tempo
03:43:09 PM  1000   1034360    0.00    0.00    0.00    0.00    0.00    18  loki
03:43:09 PM  1000   1034368    0.00    0.00    0.00    0.00    0.00    16  pyroscope

03:43:08 PM   UID       PID   cswch/s nvcswch/s  Command
03:43:09 PM  1000   1034337      0.00      0.00  run-grafana.sh
03:43:09 PM  1000   1034339      0.00      0.00  run-loki.sh
03:43:09 PM  1000   1034341      0.00      0.00  grafana
03:43:09 PM  1000   1034342      0.00      0.00  run-otelcol.sh
03:43:09 PM  1000   1034345      0.00      0.00  run-prometheus.
03:43:09 PM  1000   1034347      0.00      0.00  otelcol-contrib
03:43:09 PM  1000   1034349      0.00      0.00  run-tempo.sh
03:43:09 PM  1000   1034355      0.00      0.00  run-pyroscope.s
03:43:09 PM  1000   1034357      2.00      0.00  prometheus
03:43:09 PM  1000   1034359     35.00      0.00  tempo
03:43:09 PM  1000   1034360      0.00      0.00  loki
03:43:09 PM  1000   1034368      1.00      0.00  pyroscope

03:43:09 PM   UID       PID    %usr %system  %guest   %wait    %CPU   CPU  Command
03:43:10 PM  1000   1034337    0.00    0.00    0.00    0.00    0.00    18  run-grafana.sh
03:43:10 PM  1000   1034339    0.00    0.00    0.00    0.00    0.00    20  run-loki.sh
03:43:10 PM  1000   1034341    2.00    1.00    0.00    0.00    3.00    18  grafana
03:43:10 PM  1000   1034342    0.00    0.00    0.00    0.00    0.00    16  run-otelcol.sh
03:43:10 PM  1000   1034345    0.00    0.00    0.00    0.00    0.00    20  run-prometheus.
03:43:10 PM  1000   1034347    0.00    0.00    0.00    0.00    0.00    20  otelcol-contrib
03:43:10 PM  1000   1034349    0.00    0.00    0.00    0.00    0.00    16  run-tempo.sh
03:43:10 PM  1000   1034355    0.00    0.00    0.00    0.00    0.00    20  run-pyroscope.s
03:43:10 PM  1000   1034357    0.00    0.00    0.00    0.00    0.00    16  prometheus
03:43:10 PM  1000   1034359    9.00    0.00    0.00    0.00    9.00    20  tempo
03:43:10 PM  1000   1034360    1.00    0.00    0.00    0.00    1.00    18  loki
03:43:10 PM  1000   1034368    0.00    0.00    0.00    0.00    0.00    16  pyroscope

03:43:09 PM   UID       PID   cswch/s nvcswch/s  Command
03:43:10 PM  1000   1034337      0.00      0.00  run-grafana.sh
03:43:10 PM  1000   1034339      0.00      0.00  run-loki.sh
03:43:10 PM  1000   1034341      0.00      0.00  grafana
03:43:10 PM  1000   1034342      0.00      0.00  run-otelcol.sh
03:43:10 PM  1000   1034345      0.00      0.00  run-prometheus.
03:43:10 PM  1000   1034347      0.00      0.00  otelcol-contrib
03:43:10 PM  1000   1034349      0.00      0.00  run-tempo.sh
03:43:10 PM  1000   1034355      0.00      0.00  run-pyroscope.s
03:43:10 PM  1000   1034357      1.00      0.00  prometheus
03:43:10 PM  1000   1034359     29.00      0.00  tempo
03:43:10 PM  1000   1034360      0.00      0.00  loki
03:43:10 PM  1000   1034368      3.00      0.00  pyroscope

03:43:10 PM   UID       PID    %usr %system  %guest   %wait    %CPU   CPU  Command
03:43:11 PM  1000   1034337    0.00    0.00    0.00    0.00    0.00    18  run-grafana.sh
03:43:11 PM  1000   1034339    0.00    0.00    0.00    0.00    0.00    20  run-loki.sh
03:43:11 PM  1000   1034341    0.00    0.00    0.00    0.00    0.00    18  grafana
03:43:11 PM  1000   1034342    0.00    0.00    0.00    0.00    0.00    16  run-otelcol.sh
03:43:11 PM  1000   1034345    0.00    0.00    0.00    0.00    0.00    20  run-prometheus.
03:43:11 PM  1000   1034347    1.00    0.00    0.00    0.00    1.00    20  otelcol-contrib
03:43:11 PM  1000   1034349    0.00    0.00    0.00    0.00    0.00    16  run-tempo.sh
03:43:11 PM  1000   1034355    0.00    0.00    0.00    0.00    0.00    20  run-pyroscope.s
03:43:11 PM  1000   1034357    0.00    0.00    0.00    0.00    0.00    16  prometheus
03:43:11 PM  1000   1034359    0.00    0.00    0.00    0.00    0.00    18  tempo
03:43:11 PM  1000   1034360    0.00    0.00    0.00    0.00    0.00    18  loki
03:43:11 PM  1000   1034368    0.00    0.00    0.00    0.00    0.00    20  pyroscope

03:43:10 PM   UID       PID   cswch/s nvcswch/s  Command
03:43:11 PM  1000   1034337      0.00      0.00  run-grafana.sh
03:43:11 PM  1000   1034339      0.00      0.00  run-loki.sh
03:43:11 PM  1000   1034341      0.00      0.00  grafana
03:43:11 PM  1000   1034342      0.00      0.00  run-otelcol.sh
03:43:11 PM  1000   1034345      0.00      0.00  run-prometheus.
03:43:11 PM  1000   1034347      0.00      0.00  otelcol-contrib
03:43:11 PM  1000   1034349      0.00      0.00  run-tempo.sh
03:43:11 PM  1000   1034355      0.00      0.00  run-pyroscope.s
03:43:11 PM  1000   1034357      1.00      0.00  prometheus
03:43:11 PM  1000   1034359     33.00      0.00  tempo
03:43:11 PM  1000   1034360      0.00      0.00  loki
03:43:11 PM  1000   1034368      5.00      0.00  pyroscope

03:43:11 PM   UID       PID    %usr %system  %guest   %wait    %CPU   CPU  Command
03:43:12 PM  1000   1034337    0.00    0.00    0.00    0.00    0.00    18  run-grafana.sh
03:43:12 PM  1000   1034339    0.00    0.00    0.00    0.00    0.00    20  run-loki.sh
03:43:12 PM  1000   1034341    0.00    0.00    0.00    0.00    0.00    18  grafana
03:43:12 PM  1000   1034342    0.00    0.00    0.00    0.00    0.00    16  run-otelcol.sh
03:43:12 PM  1000   1034345    0.00    0.00    0.00    0.00    0.00    20  run-prometheus.
03:43:12 PM  1000   1034347    0.00    0.00    0.00    0.00    0.00    20  otelcol-contrib
03:43:12 PM  1000   1034349    0.00    0.00    0.00    0.00    0.00    16  run-tempo.sh
03:43:12 PM  1000   1034355    0.00    0.00    0.00    0.00    0.00    20  run-pyroscope.s
03:43:12 PM  1000   1034357    0.00    0.00    0.00    0.00    0.00    16  prometheus
03:43:12 PM  1000   1034359    5.00    1.00    0.00    0.00    6.00    20  tempo
03:43:12 PM  1000   1034360    0.00    0.00    0.00    0.00    0.00    18  loki
03:43:12 PM  1000   1034368    0.00    0.00    0.00    0.00    0.00    20  pyroscope

03:43:11 PM   UID       PID   cswch/s nvcswch/s  Command
03:43:12 PM  1000   1034337      0.00      0.00  run-grafana.sh
03:43:12 PM  1000   1034339      0.00      0.00  run-loki.sh
03:43:12 PM  1000   1034341      0.00      0.00  grafana
03:43:12 PM  1000   1034342      0.00      0.00  run-otelcol.sh
03:43:12 PM  1000   1034345      0.00      0.00  run-prometheus.
03:43:12 PM  1000   1034347      0.00      0.00  otelcol-contrib
03:43:12 PM  1000   1034349      0.00      0.00  run-tempo.sh
03:43:12 PM  1000   1034355      0.00      0.00  run-pyroscope.s
03:43:12 PM  1000   1034357      5.00      0.00  prometheus
03:43:12 PM  1000   1034359     59.00      1.00  tempo
03:43:12 PM  1000   1034360      0.00      0.00  loki
03:43:12 PM  1000   1034368      0.00      0.00  pyroscope

03:43:12 PM   UID       PID    %usr %system  %guest   %wait    %CPU   CPU  Command
03:43:13 PM  1000   1034337    0.00    0.00    0.00    0.00    0.00    18  run-grafana.sh
03:43:13 PM  1000   1034339    0.00    0.00    0.00    0.00    0.00    20  run-loki.sh
03:43:13 PM  1000   1034341    0.00    0.00    0.00    0.00    0.00    18  grafana
03:43:13 PM  1000   1034342    0.00    0.00    0.00    0.00    0.00    16  run-otelcol.sh
03:43:13 PM  1000   1034345    0.00    0.00    0.00    0.00    0.00    20  run-prometheus.
03:43:13 PM  1000   1034347    0.00    0.00    0.00    0.00    0.00    20  otelcol-contrib
03:43:13 PM  1000   1034349    0.00    0.00    0.00    0.00    0.00    16  run-tempo.sh
03:43:13 PM  1000   1034355    0.00    0.00    0.00    0.00    0.00    20  run-pyroscope.s
03:43:13 PM  1000   1034357    1.00    0.00    0.00    0.00    1.00    16  prometheus
03:43:13 PM  1000   1034359    0.00    0.00    0.00    0.00    0.00    20  tempo
03:43:13 PM  1000   1034360    0.00    0.00    0.00    0.00    0.00    18  loki
03:43:13 PM  1000   1034368    0.00    0.00    0.00    0.00    0.00    16  pyroscope

03:43:12 PM   UID       PID   cswch/s nvcswch/s  Command
03:43:13 PM  1000   1034337      0.00      0.00  run-grafana.sh
03:43:13 PM  1000   1034339      0.00      0.00  run-loki.sh
03:43:13 PM  1000   1034341      0.00      0.00  grafana
03:43:13 PM  1000   1034342      0.00      0.00  run-otelcol.sh
03:43:13 PM  1000   1034345      0.00      0.00  run-prometheus.
03:43:13 PM  1000   1034347      0.00      0.00  otelcol-contrib
03:43:13 PM  1000   1034349      0.00      0.00  run-tempo.sh
03:43:13 PM  1000   1034355      0.00      0.00  run-pyroscope.s
03:43:13 PM  1000   1034357      1.00      0.00  prometheus
03:43:13 PM  1000   1034359      0.00      0.00  tempo
03:43:13 PM  1000   1034360      0.00      0.00  loki
03:43:13 PM  1000   1034368     23.00      0.00  pyroscope

03:43:13 PM   UID       PID    %usr %system  %guest   %wait    %CPU   CPU  Command
03:43:14 PM  1000   1034337    0.00    0.00    0.00    0.00    0.00    18  run-grafana.sh
03:43:14 PM  1000   1034339    0.00    0.00    0.00    0.00    0.00    20  run-loki.sh
03:43:14 PM  1000   1034341    0.00    0.00    0.00    0.00    0.00    18  grafana
03:43:14 PM  1000   1034342    0.00    0.00    0.00    0.00    0.00    16  run-otelcol.sh
03:43:14 PM  1000   1034345    0.00    0.00    0.00    0.00    0.00    20  run-prometheus.
03:43:14 PM  1000   1034347    1.00    0.00    0.00    0.00    1.00    20  otelcol-contrib
03:43:14 PM  1000   1034349    0.00    0.00    0.00    0.00    0.00    16  run-tempo.sh
03:43:14 PM  1000   1034355    0.00    0.00    0.00    0.00    0.00    20  run-pyroscope.s
03:43:14 PM  1000   1034357    0.00    0.00    0.00    0.00    0.00    18  prometheus
03:43:14 PM  1000   1034359    0.00    0.00    0.00    0.00    0.00    20  tempo
03:43:14 PM  1000   1034360    0.00    0.00    0.00    0.00    0.00    18  loki
03:43:14 PM  1000   1034368    0.00    0.00    0.00    0.00    0.00    16  pyroscope

03:43:13 PM   UID       PID   cswch/s nvcswch/s  Command
03:43:14 PM  1000   1034337      0.00      0.00  run-grafana.sh
03:43:14 PM  1000   1034339      0.00      0.00  run-loki.sh
03:43:14 PM  1000   1034341      0.00      0.00  grafana
03:43:14 PM  1000   1034342      0.00      0.00  run-otelcol.sh
03:43:14 PM  1000   1034345      0.00      0.00  run-prometheus.
03:43:14 PM  1000   1034347      0.00      0.00  otelcol-contrib
03:43:14 PM  1000   1034349      0.00      0.00  run-tempo.sh
03:43:14 PM  1000   1034355      0.00      0.00  run-pyroscope.s
03:43:14 PM  1000   1034357      3.00      0.00  prometheus
03:43:14 PM  1000   1034359      0.00      0.00  tempo
03:43:14 PM  1000   1034360      0.00      0.00  loki
03:43:14 PM  1000   1034368     27.00      0.00  pyroscope

03:43:14 PM   UID       PID    %usr %system  %guest   %wait    %CPU   CPU  Command
03:43:15 PM  1000   1034337    0.00    0.00    0.00    0.00    0.00    18  run-grafana.sh
03:43:15 PM  1000   1034339    0.00    0.00    0.00    0.00    0.00    20  run-loki.sh
03:43:15 PM  1000   1034341    0.00    0.00    0.00    0.00    0.00    18  grafana
03:43:15 PM  1000   1034342    0.00    0.00    0.00    0.00    0.00    16  run-otelcol.sh
03:43:15 PM  1000   1034345    0.00    0.00    0.00    0.00    0.00    20  run-prometheus.
03:43:15 PM  1000   1034347    0.00    0.00    0.00    0.00    0.00    20  otelcol-contrib
03:43:15 PM  1000   1034349    0.00    0.00    0.00    0.00    0.00    16  run-tempo.sh
03:43:15 PM  1000   1034355    0.00    0.00    0.00    0.00    0.00    20  run-pyroscope.s
03:43:15 PM  1000   1034357    0.00    0.00    0.00    0.00    0.00    18  prometheus
03:43:15 PM  1000   1034359    1.00    0.00    0.00    0.00    1.00    18  tempo
03:43:15 PM  1000   1034360    0.00    0.00    0.00    0.00    0.00    18  loki
03:43:15 PM  1000   1034368    0.00    0.00    0.00    0.00    0.00    16  pyroscope

03:43:14 PM   UID       PID   cswch/s nvcswch/s  Command
03:43:15 PM  1000   1034337      0.00      0.00  run-grafana.sh
03:43:15 PM  1000   1034339      0.00      0.00  run-loki.sh
03:43:15 PM  1000   1034341      0.00      0.00  grafana
03:43:15 PM  1000   1034342      0.00      0.00  run-otelcol.sh
03:43:15 PM  1000   1034345      0.00      0.00  run-prometheus.
03:43:15 PM  1000   1034347      0.00      0.00  otelcol-contrib
03:43:15 PM  1000   1034349      0.00      0.00  run-tempo.sh
03:43:15 PM  1000   1034355      0.00      0.00  run-pyroscope.s
03:43:15 PM  1000   1034357      4.00      0.00  prometheus
03:43:15 PM  1000   1034359      1.00      0.00  tempo
03:43:15 PM  1000   1034360      0.00      0.00  loki
03:43:15 PM  1000   1034368     27.00      0.00  pyroscope

03:43:15 PM   UID       PID    %usr %system  %guest   %wait    %CPU   CPU  Command
03:43:16 PM  1000   1034337    0.00    0.00    0.00    0.00    0.00    18  run-grafana.sh
03:43:16 PM  1000   1034339    0.00    0.00    0.00    0.00    0.00    20  run-loki.sh
03:43:16 PM  1000   1034341    0.00    0.00    0.00    0.00    0.00    18  grafana
03:43:16 PM  1000   1034342    0.00    0.00    0.00    0.00    0.00    16  run-otelcol.sh
03:43:16 PM  1000   1034345    0.00    0.00    0.00    0.00    0.00    20  run-prometheus.
03:43:16 PM  1000   1034347    0.00    0.00    0.00    0.00    0.00    20  otelcol-contrib
03:43:16 PM  1000   1034349    0.00    0.00    0.00    0.00    0.00    16  run-tempo.sh
03:43:16 PM  1000   1034355    0.00    0.00    0.00    0.00    0.00    20  run-pyroscope.s
03:43:16 PM  1000   1034357    0.00    0.00    0.00    0.00    0.00    20  prometheus
03:43:16 PM  1000   1034359    0.00    0.00    0.00    0.00    0.00    18  tempo
03:43:16 PM  1000   1034360    1.00    0.00    0.00    0.00    1.00    18  loki
03:43:16 PM  1000   1034368    0.00    0.00    0.00    0.00    0.00    16  pyroscope

03:43:15 PM   UID       PID   cswch/s nvcswch/s  Command
03:43:16 PM  1000   1034337      0.00      0.00  run-grafana.sh
03:43:16 PM  1000   1034339      0.00      0.00  run-loki.sh
03:43:16 PM  1000   1034341      0.00      0.00  grafana
03:43:16 PM  1000   1034342      0.00      0.00  run-otelcol.sh
03:43:16 PM  1000   1034345      0.00      0.00  run-prometheus.
03:43:16 PM  1000   1034347      0.00      0.00  otelcol-contrib
03:43:16 PM  1000   1034349      0.00      0.00  run-tempo.sh
03:43:16 PM  1000   1034355      0.00      0.00  run-pyroscope.s
03:43:16 PM  1000   1034357      3.00      0.00  prometheus
03:43:16 PM  1000   1034359      0.00      0.00  tempo
03:43:16 PM  1000   1034360      0.00      0.00  loki
03:43:16 PM  1000   1034368     30.00      0.00  pyroscope

03:43:16 PM   UID       PID    %usr %system  %guest   %wait    %CPU   CPU  Command
03:43:17 PM  1000   1034337    0.00    0.00    0.00    0.00    0.00    18  run-grafana.sh
03:43:17 PM  1000   1034339    0.00    0.00    0.00    0.00    0.00    20  run-loki.sh
03:43:17 PM  1000   1034341    0.00    0.00    0.00    0.00    0.00    18  grafana
03:43:17 PM  1000   1034342    0.00    0.00    0.00    0.00    0.00    16  run-otelcol.sh
03:43:17 PM  1000   1034345    0.00    0.00    0.00    0.00    0.00    20  run-prometheus.
03:43:17 PM  1000   1034347    1.00    0.00    0.00    0.00    1.00    20  otelcol-contrib
03:43:17 PM  1000   1034349    0.00    0.00    0.00    0.00    0.00    16  run-tempo.sh
03:43:17 PM  1000   1034355    0.00    0.00    0.00    0.00    0.00    20  run-pyroscope.s
03:43:17 PM  1000   1034357    0.00    0.00    0.00    0.00    0.00    20  prometheus
03:43:17 PM  1000   1034359    0.00    0.00    0.00    0.00    0.00    16  tempo
03:43:17 PM  1000   1034360    0.00    0.00    0.00    0.00    0.00    18  loki
03:43:17 PM  1000   1034368    0.00    0.00    0.00    0.00    0.00    16  pyroscope

03:43:16 PM   UID       PID   cswch/s nvcswch/s  Command
03:43:17 PM  1000   1034337      0.00      0.00  run-grafana.sh
03:43:17 PM  1000   1034339      0.00      0.00  run-loki.sh
03:43:17 PM  1000   1034341      0.00      0.00  grafana
03:43:17 PM  1000   1034342      0.00      0.00  run-otelcol.sh
03:43:17 PM  1000   1034345      0.00      0.00  run-prometheus.
03:43:17 PM  1000   1034347      0.00      0.00  otelcol-contrib
03:43:17 PM  1000   1034349      0.00      0.00  run-tempo.sh
03:43:17 PM  1000   1034355      0.00      0.00  run-pyroscope.s
03:43:17 PM  1000   1034357      7.00      0.00  prometheus
03:43:17 PM  1000   1034359      1.00      0.00  tempo
03:43:17 PM  1000   1034360      0.00      0.00  loki
03:43:17 PM  1000   1034368     25.00      0.00  pyroscope

03:43:17 PM   UID       PID    %usr %system  %guest   %wait    %CPU   CPU  Command
03:43:18 PM  1000   1034337    0.00    0.00    0.00    0.00    0.00    18  run-grafana.sh
03:43:18 PM  1000   1034339    0.00    0.00    0.00    0.00    0.00    20  run-loki.sh
03:43:18 PM  1000   1034341    0.00    0.00    0.00    0.00    0.00    18  grafana
03:43:18 PM  1000   1034342    0.00    0.00    0.00    0.00    0.00    16  run-otelcol.sh
03:43:18 PM  1000   1034345    0.00    0.00    0.00    0.00    0.00    20  run-prometheus.
03:43:18 PM  1000   1034347    0.00    0.00    0.00    0.00    0.00    20  otelcol-contrib
03:43:18 PM  1000   1034349    0.00    0.00    0.00    0.00    0.00    16  run-tempo.sh
03:43:18 PM  1000   1034355    0.00    0.00    0.00    0.00    0.00    20  run-pyroscope.s
03:43:18 PM  1000   1034357    0.00    0.00    0.00    0.00    0.00    20  prometheus
03:43:18 PM  1000   1034359    0.00    1.00    0.00    0.00    1.00    16  tempo
03:43:18 PM  1000   1034360    0.00    1.00    0.00    0.00    1.00    18  loki
03:43:18 PM  1000   1034368    1.00    0.00    0.00    0.00    1.00    16  pyroscope

03:43:17 PM   UID       PID   cswch/s nvcswch/s  Command
03:43:18 PM  1000   1034337      0.00      0.00  run-grafana.sh
03:43:18 PM  1000   1034339      0.00      0.00  run-loki.sh
03:43:18 PM  1000   1034341      0.00      0.00  grafana
03:43:18 PM  1000   1034342      0.00      0.00  run-otelcol.sh
03:43:18 PM  1000   1034345      0.00      0.00  run-prometheus.
03:43:18 PM  1000   1034347      0.00      0.00  otelcol-contrib
03:43:18 PM  1000   1034349      0.00      0.00  run-tempo.sh
03:43:18 PM  1000   1034355      0.00      0.00  run-pyroscope.s
03:43:18 PM  1000   1034357      1.00      0.00  prometheus
03:43:18 PM  1000   1034359      0.00      0.00  tempo
03:43:18 PM  1000   1034360      0.00      0.00  loki
03:43:18 PM  1000   1034368      1.00      0.00  pyroscope

03:43:18 PM   UID       PID    %usr %system  %guest   %wait    %CPU   CPU  Command
03:43:19 PM  1000   1034337    0.00    0.00    0.00    0.00    0.00    18  run-grafana.sh
03:43:19 PM  1000   1034339    0.00    0.00    0.00    0.00    0.00    20  run-loki.sh
03:43:19 PM  1000   1034341    2.00    0.00    0.00    0.00    2.00    18  grafana
03:43:19 PM  1000   1034342    0.00    0.00    0.00    0.00    0.00    16  run-otelcol.sh
03:43:19 PM  1000   1034345    0.00    0.00    0.00    0.00    0.00    20  run-prometheus.
03:43:19 PM  1000   1034347    1.00    0.00    0.00    0.00    1.00    20  otelcol-contrib
03:43:19 PM  1000   1034349    0.00    0.00    0.00    0.00    0.00    16  run-tempo.sh
03:43:19 PM  1000   1034355    0.00    0.00    0.00    0.00    0.00    20  run-pyroscope.s
03:43:19 PM  1000   1034357    0.00    0.00    0.00    0.00    0.00    20  prometheus
03:43:19 PM  1000   1034359    0.00    0.00    0.00    0.00    0.00    16  tempo
03:43:19 PM  1000   1034360    0.00    0.00    0.00    0.00    0.00    18  loki
03:43:19 PM  1000   1034368    0.00    0.00    0.00    0.00    0.00    16  pyroscope

03:43:18 PM   UID       PID   cswch/s nvcswch/s  Command
03:43:19 PM  1000   1034337      0.00      0.00  run-grafana.sh
03:43:19 PM  1000   1034339      0.00      0.00  run-loki.sh
03:43:19 PM  1000   1034341      0.00      0.00  grafana
03:43:19 PM  1000   1034342      0.00      0.00  run-otelcol.sh
03:43:19 PM  1000   1034345      0.00      0.00  run-prometheus.
03:43:19 PM  1000   1034347      0.00      0.00  otelcol-contrib
03:43:19 PM  1000   1034349      0.00      0.00  run-tempo.sh
03:43:19 PM  1000   1034355      0.00      0.00  run-pyroscope.s
03:43:19 PM  1000   1034357      3.00      0.00  prometheus
03:43:19 PM  1000   1034359      0.00      0.00  tempo
03:43:19 PM  1000   1034360      0.00      0.00  loki
03:43:19 PM  1000   1034368      0.00      0.00  pyroscope

03:43:19 PM   UID       PID    %usr %system  %guest   %wait    %CPU   CPU  Command
03:43:20 PM  1000   1034337    0.00    0.00    0.00    0.00    0.00    18  run-grafana.sh
03:43:20 PM  1000   1034339    0.00    0.00    0.00    0.00    0.00    20  run-loki.sh
03:43:20 PM  1000   1034341    0.00    0.00    0.00    0.00    0.00    18  grafana
03:43:20 PM  1000   1034342    0.00    0.00    0.00    0.00    0.00    16  run-otelcol.sh
03:43:20 PM  1000   1034345    0.00    0.00    0.00    0.00    0.00    20  run-prometheus.
03:43:20 PM  1000   1034347    0.00    0.00    0.00    0.00    0.00    20  otelcol-contrib
03:43:20 PM  1000   1034349    0.00    0.00    0.00    0.00    0.00    16  run-tempo.sh
03:43:20 PM  1000   1034355    0.00    0.00    0.00    0.00    0.00    20  run-pyroscope.s
03:43:20 PM  1000   1034357    0.00    0.00    0.00    0.00    0.00    20  prometheus
03:43:20 PM  1000   1034359   57.00    6.00    0.00    0.00   63.00    20  tempo
03:43:20 PM  1000   1034360    0.00    0.00    0.00    0.00    0.00    18  loki
03:43:20 PM  1000   1034368    0.00    1.00    0.00    0.00    1.00    16  pyroscope

03:43:19 PM   UID       PID   cswch/s nvcswch/s  Command
03:43:20 PM  1000   1034337      0.00      0.00  run-grafana.sh
03:43:20 PM  1000   1034339      0.00      0.00  run-loki.sh
03:43:20 PM  1000   1034341      0.00      0.00  grafana
03:43:20 PM  1000   1034342      0.00      0.00  run-otelcol.sh
03:43:20 PM  1000   1034345      0.00      0.00  run-prometheus.
03:43:20 PM  1000   1034347      0.00      0.00  otelcol-contrib
03:43:20 PM  1000   1034349      0.00      0.00  run-tempo.sh
03:43:20 PM  1000   1034355      0.00      0.00  run-pyroscope.s
03:43:20 PM  1000   1034357      3.00      0.00  prometheus
03:43:20 PM  1000   1034359     43.00      7.00  tempo
03:43:20 PM  1000   1034360      0.00      0.00  loki
03:43:20 PM  1000   1034368      0.00      0.00  pyroscope

03:43:20 PM   UID       PID    %usr %system  %guest   %wait    %CPU   CPU  Command
03:43:21 PM  1000   1034337    0.00    0.00    0.00    0.00    0.00    18  run-grafana.sh
03:43:21 PM  1000   1034339    0.00    0.00    0.00    0.00    0.00    20  run-loki.sh
03:43:21 PM  1000   1034341    1.00    0.00    0.00    0.00    1.00    18  grafana
03:43:21 PM  1000   1034342    0.00    0.00    0.00    0.00    0.00    16  run-otelcol.sh
03:43:21 PM  1000   1034345    0.00    0.00    0.00    0.00    0.00    20  run-prometheus.
03:43:21 PM  1000   1034347    0.00    1.00    0.00    0.00    1.00    20  otelcol-contrib
03:43:21 PM  1000   1034349    0.00    0.00    0.00    0.00    0.00    16  run-tempo.sh
03:43:21 PM  1000   1034355    0.00    0.00    0.00    0.00    0.00    20  run-pyroscope.s
03:43:21 PM  1000   1034357    0.00    0.00    0.00    0.00    0.00    20  prometheus
03:43:21 PM  1000   1034359   46.00    4.00    0.00    0.00   50.00    16  tempo
03:43:21 PM  1000   1034360    0.00    0.00    0.00    0.00    0.00    18  loki
03:43:21 PM  1000   1034368    0.00    0.00    0.00    0.00    0.00    16  pyroscope

03:43:20 PM   UID       PID   cswch/s nvcswch/s  Command
03:43:21 PM  1000   1034337      0.00      0.00  run-grafana.sh
03:43:21 PM  1000   1034339      0.00      0.00  run-loki.sh
03:43:21 PM  1000   1034341      0.00      0.00  grafana
03:43:21 PM  1000   1034342      0.00      0.00  run-otelcol.sh
03:43:21 PM  1000   1034345      0.00      0.00  run-prometheus.
03:43:21 PM  1000   1034347      0.00      0.00  otelcol-contrib
03:43:21 PM  1000   1034349      0.00      0.00  run-tempo.sh
03:43:21 PM  1000   1034355      0.00      0.00  run-pyroscope.s
03:43:21 PM  1000   1034357      2.00      0.00  prometheus
03:43:21 PM  1000   1034359     29.00      4.00  tempo
03:43:21 PM  1000   1034360      0.00      0.00  loki
03:43:21 PM  1000   1034368      2.00      0.00  pyroscope

03:43:21 PM   UID       PID    %usr %system  %guest   %wait    %CPU   CPU  Command
03:43:22 PM  1000   1034337    0.00    0.00    0.00    0.00    0.00    18  run-grafana.sh
03:43:22 PM  1000   1034339    0.00    0.00    0.00    0.00    0.00    20  run-loki.sh
03:43:22 PM  1000   1034341    0.00    0.00    0.00    0.00    0.00    18  grafana
03:43:22 PM  1000   1034342    0.00    0.00    0.00    0.00    0.00    16  run-otelcol.sh
03:43:22 PM  1000   1034345    0.00    0.00    0.00    0.00    0.00    20  run-prometheus.
03:43:22 PM  1000   1034347    0.00    0.00    0.00    0.00    0.00    20  otelcol-contrib
03:43:22 PM  1000   1034349    0.00    0.00    0.00    0.00    0.00    16  run-tempo.sh
03:43:22 PM  1000   1034355    0.00    0.00    0.00    0.00    0.00    20  run-pyroscope.s
03:43:22 PM  1000   1034357    0.00    0.00    0.00    0.00    0.00    16  prometheus
03:43:22 PM  1000   1034359    0.00    1.00    0.00    0.00    1.00    16  tempo
03:43:22 PM  1000   1034360    1.00    0.00    0.00    0.00    1.00    18  loki
03:43:22 PM  1000   1034368    0.00    0.00    0.00    0.00    0.00    20  pyroscope

03:43:21 PM   UID       PID   cswch/s nvcswch/s  Command
03:43:22 PM  1000   1034337      0.00      0.00  run-grafana.sh
03:43:22 PM  1000   1034339      0.00      0.00  run-loki.sh
03:43:22 PM  1000   1034341      0.00      0.00  grafana
03:43:22 PM  1000   1034342      0.00      0.00  run-otelcol.sh
03:43:22 PM  1000   1034345      0.00      0.00  run-prometheus.
03:43:22 PM  1000   1034347      0.00      0.00  otelcol-contrib
03:43:22 PM  1000   1034349      0.00      0.00  run-tempo.sh
03:43:22 PM  1000   1034355      0.00      0.00  run-pyroscope.s
03:43:22 PM  1000   1034357      1.00      0.00  prometheus
03:43:22 PM  1000   1034359     28.00      1.00  tempo
03:43:22 PM  1000   1034360      0.00      0.00  loki
03:43:22 PM  1000   1034368      7.00      0.00  pyroscope

03:43:22 PM   UID       PID    %usr %system  %guest   %wait    %CPU   CPU  Command
03:43:23 PM  1000   1034337    0.00    0.00    0.00    0.00    0.00    18  run-grafana.sh
03:43:23 PM  1000   1034339    0.00    0.00    0.00    0.00    0.00    20  run-loki.sh
03:43:23 PM  1000   1034341    0.00    0.00    0.00    0.00    0.00    18  grafana
03:43:23 PM  1000   1034342    0.00    0.00    0.00    0.00    0.00    16  run-otelcol.sh
03:43:23 PM  1000   1034345    0.00    0.00    0.00    0.00    0.00    20  run-prometheus.
03:43:23 PM  1000   1034347    1.00    0.00    0.00    0.00    1.00    20  otelcol-contrib
03:43:23 PM  1000   1034349    0.00    0.00    0.00    0.00    0.00    16  run-tempo.sh
03:43:23 PM  1000   1034355    0.00    0.00    0.00    0.00    0.00    20  run-pyroscope.s
03:43:23 PM  1000   1034357    1.00    0.00    0.00    0.00    1.00    20  prometheus
03:43:23 PM  1000   1034359    0.00    0.00    0.00    0.00    0.00    16  tempo
03:43:23 PM  1000   1034360    0.00    0.00    0.00    0.00    0.00    18  loki
03:43:23 PM  1000   1034368    4.00    0.00    0.00    0.00    4.00    20  pyroscope

03:43:22 PM   UID       PID   cswch/s nvcswch/s  Command
03:43:23 PM  1000   1034337      0.00      0.00  run-grafana.sh
03:43:23 PM  1000   1034339      0.00      0.00  run-loki.sh
03:43:23 PM  1000   1034341      0.00      0.00  grafana
03:43:23 PM  1000   1034342      0.00      0.00  run-otelcol.sh
03:43:23 PM  1000   1034345      0.00      0.00  run-prometheus.
03:43:23 PM  1000   1034347      0.00      0.00  otelcol-contrib
03:43:23 PM  1000   1034349      0.00      0.00  run-tempo.sh
03:43:23 PM  1000   1034355      0.00      0.00  run-pyroscope.s
03:43:23 PM  1000   1034357      3.00      0.00  prometheus
03:43:23 PM  1000   1034359      0.00      0.00  tempo
03:43:23 PM  1000   1034360      0.00      0.00  loki
03:43:23 PM  1000   1034368     81.00      1.00  pyroscope

03:43:23 PM   UID       PID    %usr %system  %guest   %wait    %CPU   CPU  Command
03:43:24 PM  1000   1034337    0.00    0.00    0.00    0.00    0.00    18  run-grafana.sh
03:43:24 PM  1000   1034339    0.00    0.00    0.00    0.00    0.00    20  run-loki.sh
03:43:24 PM  1000   1034341    0.00    0.00    0.00    0.00    0.00    18  grafana
03:43:24 PM  1000   1034342    0.00    0.00    0.00    0.00    0.00    16  run-otelcol.sh
03:43:24 PM  1000   1034345    0.00    0.00    0.00    0.00    0.00    20  run-prometheus.
03:43:24 PM  1000   1034347    0.00    0.00    0.00    0.00    0.00    20  otelcol-contrib
03:43:24 PM  1000   1034349    0.00    0.00    0.00    0.00    0.00    16  run-tempo.sh
03:43:24 PM  1000   1034355    0.00    0.00    0.00    0.00    0.00    20  run-pyroscope.s
03:43:24 PM  1000   1034357    0.00    0.00    0.00    0.00    0.00    18  prometheus
03:43:24 PM  1000   1034359    0.00    0.00    0.00    0.00    0.00    16  tempo
03:43:24 PM  1000   1034360    0.00    0.00    0.00    0.00    0.00    18  loki
03:43:24 PM  1000   1034368    0.00    0.00    0.00    0.00    0.00    20  pyroscope

03:43:23 PM   UID       PID   cswch/s nvcswch/s  Command
03:43:24 PM  1000   1034337      0.00      0.00  run-grafana.sh
03:43:24 PM  1000   1034339      0.00      0.00  run-loki.sh
03:43:24 PM  1000   1034341      0.00      0.00  grafana
03:43:24 PM  1000   1034342      0.00      0.00  run-otelcol.sh
03:43:24 PM  1000   1034345      0.00      0.00  run-prometheus.
03:43:24 PM  1000   1034347      0.00      0.00  otelcol-contrib
03:43:24 PM  1000   1034349      0.00      0.00  run-tempo.sh
03:43:24 PM  1000   1034355      0.00      0.00  run-pyroscope.s
03:43:24 PM  1000   1034357      4.00      0.00  prometheus
03:43:24 PM  1000   1034359      0.00      0.00  tempo
03:43:24 PM  1000   1034360      0.00      0.00  loki
03:43:24 PM  1000   1034368     23.00      2.00  pyroscope

03:43:24 PM   UID       PID    %usr %system  %guest   %wait    %CPU   CPU  Command
03:43:25 PM  1000   1034337    0.00    0.00    0.00    0.00    0.00    18  run-grafana.sh
03:43:25 PM  1000   1034339    0.00    0.00    0.00    0.00    0.00    20  run-loki.sh
03:43:25 PM  1000   1034341    0.00    0.00    0.00    0.00    0.00    18  grafana
03:43:25 PM  1000   1034342    0.00    0.00    0.00    0.00    0.00    16  run-otelcol.sh
03:43:25 PM  1000   1034345    0.00    0.00    0.00    0.00    0.00    20  run-prometheus.
03:43:25 PM  1000   1034347    1.00    0.00    0.00    0.00    1.00    20  otelcol-contrib
03:43:25 PM  1000   1034349    0.00    0.00    0.00    0.00    0.00    16  run-tempo.sh
03:43:25 PM  1000   1034355    0.00    0.00    0.00    0.00    0.00    20  run-pyroscope.s
03:43:25 PM  1000   1034357    0.00    0.00    0.00    0.00    0.00    20  prometheus
03:43:25 PM  1000   1034359    0.00    0.00    0.00    0.00    0.00    16  tempo
03:43:25 PM  1000   1034360    0.00    0.00    0.00    0.00    0.00    18  loki
03:43:25 PM  1000   1034368    0.00    0.00    0.00    0.00    0.00    16  pyroscope

03:43:24 PM   UID       PID   cswch/s nvcswch/s  Command
03:43:25 PM  1000   1034337      0.00      0.00  run-grafana.sh
03:43:25 PM  1000   1034339      0.00      0.00  run-loki.sh
03:43:25 PM  1000   1034341      0.00      0.00  grafana
03:43:25 PM  1000   1034342      0.00      0.00  run-otelcol.sh
03:43:25 PM  1000   1034345      0.00      0.00  run-prometheus.
03:43:25 PM  1000   1034347      0.00      0.00  otelcol-contrib
03:43:25 PM  1000   1034349      0.00      0.00  run-tempo.sh
03:43:25 PM  1000   1034355      0.00      0.00  run-pyroscope.s
03:43:25 PM  1000   1034357      2.00      0.00  prometheus
03:43:25 PM  1000   1034359      0.00      0.00  tempo
03:43:25 PM  1000   1034360      0.00      0.00  loki
03:43:25 PM  1000   1034368     18.00      0.00  pyroscope

03:43:25 PM   UID       PID    %usr %system  %guest   %wait    %CPU   CPU  Command
03:43:26 PM  1000   1034337    0.00    0.00    0.00    0.00    0.00    18  run-grafana.sh
03:43:26 PM  1000   1034339    0.00    0.00    0.00    0.00    0.00    20  run-loki.sh
03:43:26 PM  1000   1034341    0.00    0.00    0.00    0.00    0.00    18  grafana
03:43:26 PM  1000   1034342    0.00    0.00    0.00    0.00    0.00    16  run-otelcol.sh
03:43:26 PM  1000   1034345    0.00    0.00    0.00    0.00    0.00    20  run-prometheus.
03:43:26 PM  1000   1034347    0.00    0.00    0.00    0.00    0.00    20  otelcol-contrib
03:43:26 PM  1000   1034349    0.00    0.00    0.00    0.00    0.00    16  run-tempo.sh
03:43:26 PM  1000   1034355    0.00    0.00    0.00    0.00    0.00    20  run-pyroscope.s
03:43:26 PM  1000   1034357    0.00    0.00    0.00    0.00    0.00    20  prometheus
03:43:26 PM  1000   1034359    0.00    0.00    0.00    0.00    0.00    16  tempo
03:43:26 PM  1000   1034360    0.00    0.00    0.00    0.00    0.00    18  loki
03:43:26 PM  1000   1034368    0.00    0.00    0.00    0.00    0.00    20  pyroscope

03:43:25 PM   UID       PID   cswch/s nvcswch/s  Command
03:43:26 PM  1000   1034337      0.00      0.00  run-grafana.sh
03:43:26 PM  1000   1034339      0.00      0.00  run-loki.sh
03:43:26 PM  1000   1034341      0.00      0.00  grafana
03:43:26 PM  1000   1034342      0.00      0.00  run-otelcol.sh
03:43:26 PM  1000   1034345      0.00      0.00  run-prometheus.
03:43:26 PM  1000   1034347      0.00      0.00  otelcol-contrib
03:43:26 PM  1000   1034349      0.00      0.00  run-tempo.sh
03:43:26 PM  1000   1034355      0.00      0.00  run-pyroscope.s
03:43:26 PM  1000   1034357      1.00      0.00  prometheus
03:43:26 PM  1000   1034359      0.00      0.00  tempo
03:43:26 PM  1000   1034360      0.00      0.00  loki
03:43:26 PM  1000   1034368     35.00      0.00  pyroscope

03:43:26 PM   UID       PID    %usr %system  %guest   %wait    %CPU   CPU  Command
03:43:27 PM  1000   1034337    0.00    0.00    0.00    0.00    0.00    18  run-grafana.sh
03:43:27 PM  1000   1034339    0.00    0.00    0.00    0.00    0.00    20  run-loki.sh
03:43:27 PM  1000   1034341    0.00    0.00    0.00    0.00    0.00    18  grafana
03:43:27 PM  1000   1034342    0.00    0.00    0.00    0.00    0.00    16  run-otelcol.sh
03:43:27 PM  1000   1034345    0.00    0.00    0.00    0.00    0.00    20  run-prometheus.
03:43:27 PM  1000   1034347    0.00    0.00    0.00    0.00    0.00    20  otelcol-contrib
03:43:27 PM  1000   1034349    0.00    0.00    0.00    0.00    0.00    16  run-tempo.sh
03:43:27 PM  1000   1034355    0.00    0.00    0.00    0.00    0.00    20  run-pyroscope.s
03:43:27 PM  1000   1034357    0.00    0.00    0.00    0.00    0.00    16  prometheus
03:43:27 PM  1000   1034359    0.00    0.00    0.00    0.00    0.00    16  tempo
03:43:27 PM  1000   1034360    0.00    0.00    0.00    0.00    0.00    18  loki
03:43:27 PM  1000   1034368    0.00    0.00    0.00    0.00    0.00    16  pyroscope

03:43:26 PM   UID       PID   cswch/s nvcswch/s  Command
03:43:27 PM  1000   1034337      0.00      0.00  run-grafana.sh
03:43:27 PM  1000   1034339      0.00      0.00  run-loki.sh
03:43:27 PM  1000   1034341      0.00      0.00  grafana
03:43:27 PM  1000   1034342      0.00      0.00  run-otelcol.sh
03:43:27 PM  1000   1034345      0.00      0.00  run-prometheus.
03:43:27 PM  1000   1034347      0.00      0.00  otelcol-contrib
03:43:27 PM  1000   1034349      0.00      0.00  run-tempo.sh
03:43:27 PM  1000   1034355      0.00      0.00  run-pyroscope.s
03:43:27 PM  1000   1034357      7.00      0.00  prometheus
03:43:27 PM  1000   1034359      0.00      0.00  tempo
03:43:27 PM  1000   1034360      0.00      0.00  loki
03:43:27 PM  1000   1034368     20.00      0.00  pyroscope

03:43:27 PM   UID       PID    %usr %system  %guest   %wait    %CPU   CPU  Command
03:43:28 PM  1000   1034337    0.00    0.00    0.00    0.00    0.00    18  run-grafana.sh
03:43:28 PM  1000   1034339    0.00    0.00    0.00    0.00    0.00    20  run-loki.sh
03:43:28 PM  1000   1034341    0.00    0.00    0.00    0.00    0.00    18  grafana
03:43:28 PM  1000   1034342    0.00    0.00    0.00    0.00    0.00    16  run-otelcol.sh
03:43:28 PM  1000   1034345    0.00    0.00    0.00    0.00    0.00    20  run-prometheus.
03:43:28 PM  1000   1034347    0.00    0.00    0.00    0.00    0.00    20  otelcol-contrib
03:43:28 PM  1000   1034349    0.00    0.00    0.00    0.00    0.00    16  run-tempo.sh
03:43:28 PM  1000   1034355    0.00    0.00    0.00    0.00    0.00    20  run-pyroscope.s
03:43:28 PM  1000   1034357    0.00    0.00    0.00    0.00    0.00    16  prometheus
03:43:28 PM  1000   1034359    0.00    0.00    0.00    0.00    0.00    16  tempo
03:43:28 PM  1000   1034360    1.00    0.00    0.00    0.00    1.00    18  loki
03:43:28 PM  1000   1034368    0.00    0.00    0.00    0.00    0.00    18  pyroscope

03:43:27 PM   UID       PID   cswch/s nvcswch/s  Command
03:43:28 PM  1000   1034337      0.00      0.00  run-grafana.sh
03:43:28 PM  1000   1034339      0.00      0.00  run-loki.sh
03:43:28 PM  1000   1034341      0.00      0.00  grafana
03:43:28 PM  1000   1034342      0.00      0.00  run-otelcol.sh
03:43:28 PM  1000   1034345      0.00      0.00  run-prometheus.
03:43:28 PM  1000   1034347      0.00      0.00  otelcol-contrib
03:43:28 PM  1000   1034349      0.00      0.00  run-tempo.sh
03:43:28 PM  1000   1034355      0.00      0.00  run-pyroscope.s
03:43:28 PM  1000   1034357      1.00      0.00  prometheus
03:43:28 PM  1000   1034359      0.00      0.00  tempo
03:43:28 PM  1000   1034360      0.00      0.00  loki
03:43:28 PM  1000   1034368      2.00      0.00  pyroscope

03:43:28 PM   UID       PID    %usr %system  %guest   %wait    %CPU   CPU  Command
03:43:29 PM  1000   1034337    0.00    0.00    0.00    0.00    0.00    18  run-grafana.sh
03:43:29 PM  1000   1034339    0.00    0.00    0.00    0.00    0.00    20  run-loki.sh
03:43:29 PM  1000   1034341    2.00    0.00    0.00    0.00    2.00    18  grafana
03:43:29 PM  1000   1034342    0.00    0.00    0.00    0.00    0.00    16  run-otelcol.sh
03:43:29 PM  1000   1034345    0.00    0.00    0.00    0.00    0.00    20  run-prometheus.
03:43:29 PM  1000   1034347    1.00    0.00    0.00    0.00    1.00    20  otelcol-contrib
03:43:29 PM  1000   1034349    0.00    0.00    0.00    0.00    0.00    16  run-tempo.sh
03:43:29 PM  1000   1034355    0.00    0.00    0.00    0.00    0.00    20  run-pyroscope.s
03:43:29 PM  1000   1034357    0.00    0.00    0.00    0.00    0.00    20  prometheus
03:43:29 PM  1000   1034359    0.00    0.00    0.00    0.00    0.00    16  tempo
03:43:29 PM  1000   1034360    0.00    0.00    0.00    0.00    0.00    18  loki
03:43:29 PM  1000   1034368    0.00    1.00    0.00    0.00    1.00    18  pyroscope

03:43:28 PM   UID       PID   cswch/s nvcswch/s  Command
03:43:29 PM  1000   1034337      0.00      0.00  run-grafana.sh
03:43:29 PM  1000   1034339      0.00      0.00  run-loki.sh
03:43:29 PM  1000   1034341      0.00      0.00  grafana
03:43:29 PM  1000   1034342      0.00      0.00  run-otelcol.sh
03:43:29 PM  1000   1034345      0.00      0.00  run-prometheus.
03:43:29 PM  1000   1034347      0.00      0.00  otelcol-contrib
03:43:29 PM  1000   1034349      0.00      0.00  run-tempo.sh
03:43:29 PM  1000   1034355      0.00      0.00  run-pyroscope.s
03:43:29 PM  1000   1034357      1.00      0.00  prometheus
03:43:29 PM  1000   1034359      0.00      0.00  tempo
03:43:29 PM  1000   1034360      0.00      0.00  loki
03:43:29 PM  1000   1034368     18.00      0.00  pyroscope

03:43:29 PM   UID       PID    %usr %system  %guest   %wait    %CPU   CPU  Command
03:43:30 PM  1000   1034337    0.00    0.00    0.00    0.00    0.00    18  run-grafana.sh
03:43:30 PM  1000   1034339    0.00    0.00    0.00    0.00    0.00    20  run-loki.sh
03:43:30 PM  1000   1034341    0.00    0.00    0.00    0.00    0.00    18  grafana
03:43:30 PM  1000   1034342    0.00    0.00    0.00    0.00    0.00    16  run-otelcol.sh
03:43:30 PM  1000   1034345    0.00    0.00    0.00    0.00    0.00    20  run-prometheus.
03:43:30 PM  1000   1034347    0.00    0.00    0.00    0.00    0.00    20  otelcol-contrib
03:43:30 PM  1000   1034349    0.00    0.00    0.00    0.00    0.00    16  run-tempo.sh
03:43:30 PM  1000   1034355    0.00    0.00    0.00    0.00    0.00    20  run-pyroscope.s
03:43:30 PM  1000   1034357    0.00    1.00    0.00    0.00    1.00    20  prometheus
03:43:30 PM  1000   1034359    1.00    0.00    0.00    0.00    1.00    16  tempo
03:43:30 PM  1000   1034360    0.00    0.00    0.00    0.00    0.00    18  loki
03:43:30 PM  1000   1034368    0.00    0.00    0.00    0.00    0.00    18  pyroscope

03:43:29 PM   UID       PID   cswch/s nvcswch/s  Command
03:43:30 PM  1000   1034337      0.00      0.00  run-grafana.sh
03:43:30 PM  1000   1034339      0.00      0.00  run-loki.sh
03:43:30 PM  1000   1034341      0.00      0.00  grafana
03:43:30 PM  1000   1034342      0.00      0.00  run-otelcol.sh
03:43:30 PM  1000   1034345      0.00      0.00  run-prometheus.
03:43:30 PM  1000   1034347      0.00      0.00  otelcol-contrib
03:43:30 PM  1000   1034349      0.00      0.00  run-tempo.sh
03:43:30 PM  1000   1034355      0.00      0.00  run-pyroscope.s
03:43:30 PM  1000   1034357      2.00      0.00  prometheus
03:43:30 PM  1000   1034359      0.00      0.00  tempo
03:43:30 PM  1000   1034360      0.00      0.00  loki
03:43:30 PM  1000   1034368     14.00      0.00  pyroscope

03:43:30 PM   UID       PID    %usr %system  %guest   %wait    %CPU   CPU  Command
03:43:31 PM  1000   1034337    0.00    0.00    0.00    0.00    0.00    18  run-grafana.sh
03:43:31 PM  1000   1034339    0.00    0.00    0.00    0.00    0.00    20  run-loki.sh
03:43:31 PM  1000   1034341    0.00    0.00    0.00    0.00    0.00    18  grafana
03:43:31 PM  1000   1034342    0.00    0.00    0.00    0.00    0.00    16  run-otelcol.sh
03:43:31 PM  1000   1034345    0.00    0.00    0.00    0.00    0.00    20  run-prometheus.
03:43:31 PM  1000   1034347    0.00    0.00    0.00    0.00    0.00    20  otelcol-contrib
03:43:31 PM  1000   1034349    0.00    0.00    0.00    0.00    0.00    16  run-tempo.sh
03:43:31 PM  1000   1034355    0.00    0.00    0.00    0.00    0.00    20  run-pyroscope.s
03:43:31 PM  1000   1034357    0.00    0.00    0.00    0.00    0.00    16  prometheus
03:43:31 PM  1000   1034359    0.00    0.00    0.00    0.00    0.00    16  tempo
03:43:31 PM  1000   1034360    0.00    0.00    0.00    0.00    0.00    18  loki
03:43:31 PM  1000   1034368    0.00    0.00    0.00    0.00    0.00    18  pyroscope

03:43:30 PM   UID       PID   cswch/s nvcswch/s  Command
03:43:31 PM  1000   1034337      0.00      0.00  run-grafana.sh
03:43:31 PM  1000   1034339      0.00      0.00  run-loki.sh
03:43:31 PM  1000   1034341      0.00      0.00  grafana
03:43:31 PM  1000   1034342      0.00      0.00  run-otelcol.sh
03:43:31 PM  1000   1034345      0.00      0.00  run-prometheus.
03:43:31 PM  1000   1034347      0.00      0.00  otelcol-contrib
03:43:31 PM  1000   1034349      0.00      0.00  run-tempo.sh
03:43:31 PM  1000   1034355      0.00      0.00  run-pyroscope.s
03:43:31 PM  1000   1034357      1.00      0.00  prometheus
03:43:31 PM  1000   1034359      0.00      0.00  tempo
03:43:31 PM  1000   1034360      0.00      0.00  loki
03:43:31 PM  1000   1034368     15.00      0.00  pyroscope

03:43:31 PM   UID       PID    %usr %system  %guest   %wait    %CPU   CPU  Command
03:43:32 PM  1000   1034337    0.00    0.00    0.00    0.00    0.00    18  run-grafana.sh
03:43:32 PM  1000   1034339    0.00    0.00    0.00    0.00    0.00    20  run-loki.sh
03:43:32 PM  1000   1034341    0.00    0.00    0.00    0.00    0.00    18  grafana
03:43:32 PM  1000   1034342    0.00    0.00    0.00    0.00    0.00    16  run-otelcol.sh
03:43:32 PM  1000   1034345    0.00    0.00    0.00    0.00    0.00    20  run-prometheus.
03:43:32 PM  1000   1034347    1.00    0.00    0.00    0.00    1.00    20  otelcol-contrib
03:43:32 PM  1000   1034349    0.00    0.00    0.00    0.00    0.00    16  run-tempo.sh
03:43:32 PM  1000   1034355    0.00    0.00    0.00    0.00    0.00    20  run-pyroscope.s
03:43:32 PM  1000   1034357    0.00    0.00    0.00    0.00    0.00    16  prometheus
03:43:32 PM  1000   1034359    0.00    0.00    0.00    0.00    0.00    16  tempo
03:43:32 PM  1000   1034360    0.00    0.00    0.00    0.00    0.00    18  loki
03:43:32 PM  1000   1034368    0.00    0.00    0.00    0.00    0.00    18  pyroscope

03:43:31 PM   UID       PID   cswch/s nvcswch/s  Command
03:43:32 PM  1000   1034337      0.00      0.00  run-grafana.sh
03:43:32 PM  1000   1034339      0.00      0.00  run-loki.sh
03:43:32 PM  1000   1034341      0.00      0.00  grafana
03:43:32 PM  1000   1034342      0.00      0.00  run-otelcol.sh
03:43:32 PM  1000   1034345      0.00      0.00  run-prometheus.
03:43:32 PM  1000   1034347      0.00      0.00  otelcol-contrib
03:43:32 PM  1000   1034349      0.00      0.00  run-tempo.sh
03:43:32 PM  1000   1034355      0.00      0.00  run-pyroscope.s
03:43:32 PM  1000   1034357      5.00      0.00  prometheus
03:43:32 PM  1000   1034359      0.00      0.00  tempo
03:43:32 PM  1000   1034360      0.00      0.00  loki
03:43:32 PM  1000   1034368     19.00      0.00  pyroscope

03:43:32 PM   UID       PID    %usr %system  %guest   %wait    %CPU   CPU  Command
03:43:33 PM  1000   1034337    0.00    0.00    0.00    0.00    0.00    18  run-grafana.sh
03:43:33 PM  1000   1034339    0.00    0.00    0.00    0.00    0.00    20  run-loki.sh
03:43:33 PM  1000   1034341    0.00    0.00    0.00    0.00    0.00    18  grafana
03:43:33 PM  1000   1034342    0.00    0.00    0.00    0.00    0.00    16  run-otelcol.sh
03:43:33 PM  1000   1034345    0.00    0.00    0.00    0.00    0.00    20  run-prometheus.
03:43:33 PM  1000   1034347    0.00    0.00    0.00    0.00    0.00    20  otelcol-contrib
03:43:33 PM  1000   1034349    0.00    0.00    0.00    0.00    0.00    16  run-tempo.sh
03:43:33 PM  1000   1034355    0.00    0.00    0.00    0.00    0.00    20  run-pyroscope.s
03:43:33 PM  1000   1034357    0.00    0.00    0.00    0.00    0.00    16  prometheus
03:43:33 PM  1000   1034359    0.00    0.00    0.00    0.00    0.00    16  tempo
03:43:33 PM  1000   1034360    0.00    0.00    0.00    0.00    0.00    18  loki
03:43:33 PM  1000   1034368    0.00    0.00    0.00    0.00    0.00    18  pyroscope

03:43:32 PM   UID       PID   cswch/s nvcswch/s  Command
03:43:33 PM  1000   1034337      0.00      0.00  run-grafana.sh
03:43:33 PM  1000   1034339      0.00      0.00  run-loki.sh
03:43:33 PM  1000   1034341      0.00      0.00  grafana
03:43:33 PM  1000   1034342      0.00      0.00  run-otelcol.sh
03:43:33 PM  1000   1034345      0.00      0.00  run-prometheus.
03:43:33 PM  1000   1034347      0.00      0.00  otelcol-contrib
03:43:33 PM  1000   1034349      0.00      0.00  run-tempo.sh
03:43:33 PM  1000   1034355      0.00      0.00  run-pyroscope.s
03:43:33 PM  1000   1034357      1.00      0.00  prometheus
03:43:33 PM  1000   1034359      0.00      0.00  tempo
03:43:33 PM  1000   1034360      0.00      0.00  loki
03:43:33 PM  1000   1034368     59.00      0.00  pyroscope

03:43:33 PM   UID       PID    %usr %system  %guest   %wait    %CPU   CPU  Command
03:43:34 PM  1000   1034337    0.00    0.00    0.00    0.00    0.00    18  run-grafana.sh
03:43:34 PM  1000   1034339    0.00    0.00    0.00    0.00    0.00    20  run-loki.sh
03:43:34 PM  1000   1034341    0.00    0.00    0.00    0.00    0.00    18  grafana
03:43:34 PM  1000   1034342    0.00    0.00    0.00    0.00    0.00    16  run-otelcol.sh
03:43:34 PM  1000   1034345    0.00    0.00    0.00    0.00    0.00    20  run-prometheus.
03:43:34 PM  1000   1034347    0.00    0.00    0.00    0.00    0.00    20  otelcol-contrib
03:43:34 PM  1000   1034349    0.00    0.00    0.00    0.00    0.00    16  run-tempo.sh
03:43:34 PM  1000   1034355    0.00    0.00    0.00    0.00    0.00    20  run-pyroscope.s
03:43:34 PM  1000   1034357    1.00    0.00    0.00    0.00    1.00    20  prometheus
03:43:34 PM  1000   1034359    0.00    0.00    0.00    0.00    0.00    16  tempo
03:43:34 PM  1000   1034360    1.00    0.00    0.00    0.00    1.00    18  loki
03:43:34 PM  1000   1034368    0.00    0.00    0.00    0.00    0.00    18  pyroscope

03:43:33 PM   UID       PID   cswch/s nvcswch/s  Command
03:43:34 PM  1000   1034337      0.00      0.00  run-grafana.sh
03:43:34 PM  1000   1034339      0.00      0.00  run-loki.sh
03:43:34 PM  1000   1034341      0.00      0.00  grafana
03:43:34 PM  1000   1034342      0.00      0.00  run-otelcol.sh
03:43:34 PM  1000   1034345      0.00      0.00  run-prometheus.
03:43:34 PM  1000   1034347      0.00      0.00  otelcol-contrib
03:43:34 PM  1000   1034349      0.00      0.00  run-tempo.sh
03:43:34 PM  1000   1034355      0.00      0.00  run-pyroscope.s
03:43:34 PM  1000   1034357      1.00      0.00  prometheus
03:43:34 PM  1000   1034359      0.00      0.00  tempo
03:43:34 PM  1000   1034360      0.00      0.00  loki
03:43:34 PM  1000   1034368     26.00      2.00  pyroscope

03:43:34 PM   UID       PID    %usr %system  %guest   %wait    %CPU   CPU  Command
03:43:35 PM  1000   1034337    0.00    0.00    0.00    0.00    0.00    18  run-grafana.sh
03:43:35 PM  1000   1034339    0.00    0.00    0.00    0.00    0.00    20  run-loki.sh
03:43:35 PM  1000   1034341    0.00    0.00    0.00    0.00    0.00    18  grafana
03:43:35 PM  1000   1034342    0.00    0.00    0.00    0.00    0.00    16  run-otelcol.sh
03:43:35 PM  1000   1034345    0.00    0.00    0.00    0.00    0.00    20  run-prometheus.
03:43:35 PM  1000   1034347    1.00    0.00    0.00    0.00    1.00    20  otelcol-contrib
03:43:35 PM  1000   1034349    0.00    0.00    0.00    0.00    0.00    16  run-tempo.sh
03:43:35 PM  1000   1034355    0.00    0.00    0.00    0.00    0.00    20  run-pyroscope.s
03:43:35 PM  1000   1034357    0.00    0.00    0.00    0.00    0.00    16  prometheus
03:43:35 PM  1000   1034359    0.00    0.00    0.00    0.00    0.00    16  tempo
03:43:35 PM  1000   1034360    0.00    0.00    0.00    0.00    0.00    18  loki
03:43:35 PM  1000   1034368    0.00    0.00    0.00    0.00    0.00    16  pyroscope

03:43:34 PM   UID       PID   cswch/s nvcswch/s  Command
03:43:35 PM  1000   1034337      0.00      0.00  run-grafana.sh
03:43:35 PM  1000   1034339      0.00      0.00  run-loki.sh
03:43:35 PM  1000   1034341      0.00      0.00  grafana
03:43:35 PM  1000   1034342      0.00      0.00  run-otelcol.sh
03:43:35 PM  1000   1034345      0.00      0.00  run-prometheus.
03:43:35 PM  1000   1034347      0.00      0.00  otelcol-contrib
03:43:35 PM  1000   1034349      0.00      0.00  run-tempo.sh
03:43:35 PM  1000   1034355      0.00      0.00  run-pyroscope.s
03:43:35 PM  1000   1034357      1.00      0.00  prometheus
03:43:35 PM  1000   1034359      0.00      0.00  tempo
03:43:35 PM  1000   1034360      0.00      0.00  loki
03:43:35 PM  1000   1034368     30.00      0.00  pyroscope

03:43:35 PM   UID       PID    %usr %system  %guest   %wait    %CPU   CPU  Command
03:43:36 PM  1000   1034337    0.00    0.00    0.00    0.00    0.00    18  run-grafana.sh
03:43:36 PM  1000   1034339    0.00    0.00    0.00    0.00    0.00    20  run-loki.sh
03:43:36 PM  1000   1034341    0.00    0.00    0.00    0.00    0.00    18  grafana
03:43:36 PM  1000   1034342    0.00    0.00    0.00    0.00    0.00    16  run-otelcol.sh
03:43:36 PM  1000   1034345    0.00    0.00    0.00    0.00    0.00    20  run-prometheus.
03:43:36 PM  1000   1034347    0.00    0.00    0.00    0.00    0.00    20  otelcol-contrib
03:43:36 PM  1000   1034349    0.00    0.00    0.00    0.00    0.00    16  run-tempo.sh
03:43:36 PM  1000   1034355    0.00    0.00    0.00    0.00    0.00    20  run-pyroscope.s
03:43:36 PM  1000   1034357    0.00    0.00    0.00    0.00    0.00    18  prometheus
03:43:36 PM  1000   1034359    0.00    0.00    0.00    0.00    0.00    16  tempo
03:43:36 PM  1000   1034360    0.00    0.00    0.00    0.00    0.00    18  loki
03:43:36 PM  1000   1034368    1.00    0.00    0.00    0.00    1.00    16  pyroscope

03:43:35 PM   UID       PID   cswch/s nvcswch/s  Command
03:43:36 PM  1000   1034337      0.00      0.00  run-grafana.sh
03:43:36 PM  1000   1034339      0.00      0.00  run-loki.sh
03:43:36 PM  1000   1034341      0.00      0.00  grafana
03:43:36 PM  1000   1034342      0.00      0.00  run-otelcol.sh
03:43:36 PM  1000   1034345      0.00      0.00  run-prometheus.
03:43:36 PM  1000   1034347      0.00      0.00  otelcol-contrib
03:43:36 PM  1000   1034349      0.00      0.00  run-tempo.sh
03:43:36 PM  1000   1034355      0.00      0.00  run-pyroscope.s
03:43:36 PM  1000   1034357      1.00      0.00  prometheus
03:43:36 PM  1000   1034359      0.00      0.00  tempo
03:43:36 PM  1000   1034360      0.00      0.00  loki
03:43:36 PM  1000   1034368     31.00      0.00  pyroscope

03:43:36 PM   UID       PID    %usr %system  %guest   %wait    %CPU   CPU  Command
03:43:37 PM  1000   1034337    0.00    0.00    0.00    0.00    0.00    18  run-grafana.sh
03:43:37 PM  1000   1034339    0.00    0.00    0.00    0.00    0.00    20  run-loki.sh
03:43:37 PM  1000   1034341    0.00    0.00    0.00    0.00    0.00    18  grafana
03:43:37 PM  1000   1034342    0.00    0.00    0.00    0.00    0.00    16  run-otelcol.sh
03:43:37 PM  1000   1034345    0.00    0.00    0.00    0.00    0.00    20  run-prometheus.
03:43:37 PM  1000   1034347    1.00    0.00    0.00    0.00    1.00    20  otelcol-contrib
03:43:37 PM  1000   1034349    0.00    0.00    0.00    0.00    0.00    16  run-tempo.sh
03:43:37 PM  1000   1034355    0.00    0.00    0.00    0.00    0.00    20  run-pyroscope.s
03:43:37 PM  1000   1034357    1.00    0.00    0.00    0.00    1.00    16  prometheus
03:43:37 PM  1000   1034359    1.00    0.00    0.00    0.00    1.00    16  tempo
03:43:37 PM  1000   1034360    0.00    0.00    0.00    0.00    0.00    18  loki
03:43:37 PM  1000   1034368    0.00    0.00    0.00    0.00    0.00    16  pyroscope

03:43:36 PM   UID       PID   cswch/s nvcswch/s  Command
03:43:37 PM  1000   1034337      0.00      0.00  run-grafana.sh
03:43:37 PM  1000   1034339      0.00      0.00  run-loki.sh
03:43:37 PM  1000   1034341      0.00      0.00  grafana
03:43:37 PM  1000   1034342      0.00      0.00  run-otelcol.sh
03:43:37 PM  1000   1034345      0.00      0.00  run-prometheus.
03:43:37 PM  1000   1034347      0.00      0.00  otelcol-contrib
03:43:37 PM  1000   1034349      0.00      0.00  run-tempo.sh
03:43:37 PM  1000   1034355      0.00      0.00  run-pyroscope.s
03:43:37 PM  1000   1034357      4.00      0.00  prometheus
03:43:37 PM  1000   1034359      0.00      0.00  tempo
03:43:37 PM  1000   1034360      0.00      0.00  loki
03:43:37 PM  1000   1034368     16.00      0.00  pyroscope

03:43:37 PM   UID       PID    %usr %system  %guest   %wait    %CPU   CPU  Command
03:43:38 PM  1000   1034337    0.00    0.00    0.00    0.00    0.00    18  run-grafana.sh
03:43:38 PM  1000   1034339    0.00    0.00    0.00    0.00    0.00    20  run-loki.sh
03:43:38 PM  1000   1034341    0.00    0.00    0.00    0.00    0.00    18  grafana
03:43:38 PM  1000   1034342    0.00    0.00    0.00    0.00    0.00    16  run-otelcol.sh
03:43:38 PM  1000   1034345    0.00    0.00    0.00    0.00    0.00    20  run-prometheus.
03:43:38 PM  1000   1034347    2.00    1.00    0.00    0.00    3.00    20  otelcol-contrib
03:43:38 PM  1000   1034349    0.00    0.00    0.00    0.00    0.00    16  run-tempo.sh
03:43:38 PM  1000   1034355    0.00    0.00    0.00    0.00    0.00    20  run-pyroscope.s
03:43:38 PM  1000   1034357    0.00    0.00    0.00    0.00    0.00    16  prometheus
03:43:38 PM  1000   1034359    4.00    1.00    0.00    0.00    5.00    16  tempo
03:43:38 PM  1000   1034360    1.00    0.00    0.00    0.00    1.00    18  loki
03:43:38 PM  1000   1034368    3.00    0.00    0.00    0.00    3.00    16  pyroscope

03:43:37 PM   UID       PID   cswch/s nvcswch/s  Command
03:43:38 PM  1000   1034337      0.00      0.00  run-grafana.sh
03:43:38 PM  1000   1034339      0.00      0.00  run-loki.sh
03:43:38 PM  1000   1034341      0.00      0.00  grafana
03:43:38 PM  1000   1034342      0.00      0.00  run-otelcol.sh
03:43:38 PM  1000   1034345      0.00      0.00  run-prometheus.
03:43:38 PM  1000   1034347      0.00      0.00  otelcol-contrib
03:43:38 PM  1000   1034349      0.00      0.00  run-tempo.sh
03:43:38 PM  1000   1034355      0.00      0.00  run-pyroscope.s
03:43:38 PM  1000   1034357      1.00      0.00  prometheus
03:43:38 PM  1000   1034359      0.00      0.00  tempo
03:43:38 PM  1000   1034360      0.00      0.00  loki
03:43:38 PM  1000   1034368     41.00      2.00  pyroscope

03:43:38 PM   UID       PID    %usr %system  %guest   %wait    %CPU   CPU  Command
03:43:39 PM  1000   1034337    0.00    0.00    0.00    0.00    0.00    18  run-grafana.sh
03:43:39 PM  1000   1034339    0.00    0.00    0.00    0.00    0.00    20  run-loki.sh
03:43:39 PM  1000   1034341    3.00    1.00    0.00    0.00    4.00    18  grafana
03:43:39 PM  1000   1034342    0.00    0.00    0.00    0.00    0.00    16  run-otelcol.sh
03:43:39 PM  1000   1034345    0.00    0.00    0.00    0.00    0.00    20  run-prometheus.
03:43:39 PM  1000   1034347    4.00    0.00    0.00    0.00    4.00    20  otelcol-contrib
03:43:39 PM  1000   1034349    0.00    0.00    0.00    0.00    0.00    16  run-tempo.sh
03:43:39 PM  1000   1034355    0.00    0.00    0.00    0.00    0.00    20  run-pyroscope.s
03:43:39 PM  1000   1034357    0.00    0.00    0.00    0.00    0.00    16  prometheus
03:43:39 PM  1000   1034359    6.00    0.00    0.00    0.00    6.00    16  tempo
03:43:39 PM  1000   1034360    0.00    1.00    0.00    0.00    1.00    18  loki
03:43:39 PM  1000   1034368    0.00    0.00    0.00    0.00    0.00    16  pyroscope

03:43:38 PM   UID       PID   cswch/s nvcswch/s  Command
03:43:39 PM  1000   1034337      0.00      0.00  run-grafana.sh
03:43:39 PM  1000   1034339      0.00      0.00  run-loki.sh
03:43:39 PM  1000   1034341      0.00      0.00  grafana
03:43:39 PM  1000   1034342      0.00      0.00  run-otelcol.sh
03:43:39 PM  1000   1034345      0.00      0.00  run-prometheus.
03:43:39 PM  1000   1034347      0.00      0.00  otelcol-contrib
03:43:39 PM  1000   1034349      0.00      0.00  run-tempo.sh
03:43:39 PM  1000   1034355      0.00      0.00  run-pyroscope.s
03:43:39 PM  1000   1034357      1.00      0.00  prometheus
03:43:39 PM  1000   1034359      0.00      0.00  tempo
03:43:39 PM  1000   1034360      0.00      0.00  loki
03:43:39 PM  1000   1034368      0.00      0.00  pyroscope

03:43:39 PM   UID       PID    %usr %system  %guest   %wait    %CPU   CPU  Command
03:43:40 PM  1000   1034337    0.00    0.00    0.00    0.00    0.00    18  run-grafana.sh
03:43:40 PM  1000   1034339    0.00    0.00    0.00    0.00    0.00    20  run-loki.sh
03:43:40 PM  1000   1034341    2.00    0.00    0.00    0.00    2.00    18  grafana
03:43:40 PM  1000   1034342    0.00    0.00    0.00    0.00    0.00    16  run-otelcol.sh
03:43:40 PM  1000   1034345    0.00    0.00    0.00    0.00    0.00    20  run-prometheus.
03:43:40 PM  1000   1034347    1.00    0.00    0.00    0.00    1.00    20  otelcol-contrib
03:43:40 PM  1000   1034349    0.00    0.00    0.00    0.00    0.00    16  run-tempo.sh
03:43:40 PM  1000   1034355    0.00    0.00    0.00    0.00    0.00    20  run-pyroscope.s
03:43:40 PM  1000   1034357    0.00    0.00    0.00    0.00    0.00    18  prometheus
03:43:40 PM  1000   1034359    9.00    2.00    0.00    0.00   11.00    16  tempo
03:43:40 PM  1000   1034360    0.00    0.00    0.00    0.00    0.00    18  loki
03:43:40 PM  1000   1034368    1.00    0.00    0.00    0.00    1.00    16  pyroscope

03:43:39 PM   UID       PID   cswch/s nvcswch/s  Command
03:43:40 PM  1000   1034337      0.00      0.00  run-grafana.sh
03:43:40 PM  1000   1034339      0.00      0.00  run-loki.sh
03:43:40 PM  1000   1034341      0.00      0.00  grafana
03:43:40 PM  1000   1034342      0.00      0.00  run-otelcol.sh
03:43:40 PM  1000   1034345      0.00      0.00  run-prometheus.
03:43:40 PM  1000   1034347      0.00      0.00  otelcol-contrib
03:43:40 PM  1000   1034349      0.00      0.00  run-tempo.sh
03:43:40 PM  1000   1034355      0.00      0.00  run-pyroscope.s
03:43:40 PM  1000   1034357      1.00      0.00  prometheus
03:43:40 PM  1000   1034359      0.00      0.00  tempo
03:43:40 PM  1000   1034360      0.00      0.00  loki
03:43:40 PM  1000   1034368      0.00      0.00  pyroscope

03:43:40 PM   UID       PID    %usr %system  %guest   %wait    %CPU   CPU  Command
03:43:41 PM  1000   1034337    0.00    0.00    0.00    0.00    0.00    18  run-grafana.sh
03:43:41 PM  1000   1034339    0.00    0.00    0.00    0.00    0.00    20  run-loki.sh
03:43:41 PM  1000   1034341    0.00    0.00    0.00    0.00    0.00    18  grafana
03:43:41 PM  1000   1034342    0.00    0.00    0.00    0.00    0.00    16  run-otelcol.sh
03:43:41 PM  1000   1034345    0.00    0.00    0.00    0.00    0.00    20  run-prometheus.
03:43:41 PM  1000   1034347    2.00    0.00    0.00    0.00    2.00    20  otelcol-contrib
03:43:41 PM  1000   1034349    0.00    0.00    0.00    0.00    0.00    16  run-tempo.sh
03:43:41 PM  1000   1034355    0.00    0.00    0.00    0.00    0.00    20  run-pyroscope.s
03:43:41 PM  1000   1034357    0.00    0.00    0.00    0.00    0.00    18  prometheus
03:43:41 PM  1000   1034359    7.00    0.00    0.00    0.00    7.00    18  tempo
03:43:41 PM  1000   1034360    0.00    0.00    0.00    0.00    0.00    18  loki
03:43:41 PM  1000   1034368    0.00    0.00    0.00    0.00    0.00    16  pyroscope

03:43:40 PM   UID       PID   cswch/s nvcswch/s  Command
03:43:41 PM  1000   1034337      0.00      0.00  run-grafana.sh
03:43:41 PM  1000   1034339      0.00      0.00  run-loki.sh
03:43:41 PM  1000   1034341      0.00      0.00  grafana
03:43:41 PM  1000   1034342      0.00      0.00  run-otelcol.sh
03:43:41 PM  1000   1034345      0.00      0.00  run-prometheus.
03:43:41 PM  1000   1034347      0.00      0.00  otelcol-contrib
03:43:41 PM  1000   1034349      0.00      0.00  run-tempo.sh
03:43:41 PM  1000   1034355      0.00      0.00  run-pyroscope.s
03:43:41 PM  1000   1034357      2.00      0.00  prometheus
03:43:41 PM  1000   1034359     24.00      0.00  tempo
03:43:41 PM  1000   1034360      0.00      0.00  loki
03:43:41 PM  1000   1034368      0.00      0.00  pyroscope

03:43:41 PM   UID       PID    %usr %system  %guest   %wait    %CPU   CPU  Command
03:43:42 PM  1000   1034337    0.00    0.00    0.00    0.00    0.00    18  run-grafana.sh
03:43:42 PM  1000   1034339    0.00    0.00    0.00    0.00    0.00    20  run-loki.sh
03:43:42 PM  1000   1034341    0.00    0.00    0.00    0.00    0.00    18  grafana
03:43:42 PM  1000   1034342    0.00    0.00    0.00    0.00    0.00    16  run-otelcol.sh
03:43:42 PM  1000   1034345    0.00    0.00    0.00    0.00    0.00    20  run-prometheus.
03:43:42 PM  1000   1034347    2.00    1.00    0.00    0.00    3.00    20  otelcol-contrib
03:43:42 PM  1000   1034349    0.00    0.00    0.00    0.00    0.00    16  run-tempo.sh
03:43:42 PM  1000   1034355    0.00    0.00    0.00    0.00    0.00    20  run-pyroscope.s
03:43:42 PM  1000   1034357    0.00    0.00    0.00    0.00    0.00    18  prometheus
03:43:42 PM  1000   1034359   19.00    2.00    0.00    0.00   21.00    18  tempo
03:43:42 PM  1000   1034360    1.00    0.00    0.00    0.00    1.00    18  loki
03:43:42 PM  1000   1034368    0.00    0.00    0.00    0.00    0.00    16  pyroscope

03:43:41 PM   UID       PID   cswch/s nvcswch/s  Command
03:43:42 PM  1000   1034337      0.00      0.00  run-grafana.sh
03:43:42 PM  1000   1034339      0.00      0.00  run-loki.sh
03:43:42 PM  1000   1034341      0.00      0.00  grafana
03:43:42 PM  1000   1034342      0.00      0.00  run-otelcol.sh
03:43:42 PM  1000   1034345      0.00      0.00  run-prometheus.
03:43:42 PM  1000   1034347     31.00      0.00  otelcol-contrib
03:43:42 PM  1000   1034349      0.00      0.00  run-tempo.sh
03:43:42 PM  1000   1034355      0.00      0.00  run-pyroscope.s
03:43:42 PM  1000   1034357      3.00      0.00  prometheus
03:43:42 PM  1000   1034359     68.00     34.00  tempo
03:43:42 PM  1000   1034360      0.00      0.00  loki
03:43:42 PM  1000   1034368      0.00      0.00  pyroscope

03:43:42 PM   UID       PID    %usr %system  %guest   %wait    %CPU   CPU  Command
03:43:43 PM  1000   1034337    0.00    0.00    0.00    0.00    0.00    18  run-grafana.sh
03:43:43 PM  1000   1034339    0.00    0.00    0.00    0.00    0.00    20  run-loki.sh
03:43:43 PM  1000   1034341    0.00    0.00    0.00    0.00    0.00    18  grafana
03:43:43 PM  1000   1034342    0.00    0.00    0.00    0.00    0.00    16  run-otelcol.sh
03:43:43 PM  1000   1034345    0.00    0.00    0.00    0.00    0.00    20  run-prometheus.
03:43:43 PM  1000   1034347    4.00    0.00    0.00    0.00    4.00    18  otelcol-contrib
03:43:43 PM  1000   1034349    0.00    0.00    0.00    0.00    0.00    16  run-tempo.sh
03:43:43 PM  1000   1034355    0.00    0.00    0.00    0.00    0.00    20  run-pyroscope.s
03:43:43 PM  1000   1034357    1.00    0.00    0.00    0.00    1.00    16  prometheus
03:43:43 PM  1000   1034359    5.00    1.00    0.00    0.00    6.00    16  tempo
03:43:43 PM  1000   1034360    0.00    0.00    0.00    0.00    0.00    18  loki
03:43:43 PM  1000   1034368    0.00    0.00    0.00    0.00    0.00    20  pyroscope

03:43:42 PM   UID       PID   cswch/s nvcswch/s  Command
03:43:43 PM  1000   1034337      0.00      0.00  run-grafana.sh
03:43:43 PM  1000   1034339      0.00      0.00  run-loki.sh
03:43:43 PM  1000   1034341      0.00      0.00  grafana
03:43:43 PM  1000   1034342      0.00      0.00  run-otelcol.sh
03:43:43 PM  1000   1034345      0.00      0.00  run-prometheus.
03:43:43 PM  1000   1034347     27.00      0.00  otelcol-contrib
03:43:43 PM  1000   1034349      0.00      0.00  run-tempo.sh
03:43:43 PM  1000   1034355      0.00      0.00  run-pyroscope.s
03:43:43 PM  1000   1034357      3.00      0.00  prometheus
03:43:43 PM  1000   1034359     61.00      2.00  tempo
03:43:43 PM  1000   1034360      0.00      0.00  loki
03:43:43 PM  1000   1034368     32.00      0.00  pyroscope

03:43:43 PM   UID       PID    %usr %system  %guest   %wait    %CPU   CPU  Command
03:43:44 PM  1000   1034337    0.00    0.00    0.00    0.00    0.00    18  run-grafana.sh
03:43:44 PM  1000   1034339    0.00    0.00    0.00    0.00    0.00    20  run-loki.sh
03:43:44 PM  1000   1034341    0.00    0.00    0.00    0.00    0.00    18  grafana
03:43:44 PM  1000   1034342    0.00    0.00    0.00    0.00    0.00    16  run-otelcol.sh
03:43:44 PM  1000   1034345    0.00    0.00    0.00    0.00    0.00    20  run-prometheus.
03:43:44 PM  1000   1034347    2.00    0.00    0.00    0.00    2.00    18  otelcol-contrib
03:43:44 PM  1000   1034349    0.00    0.00    0.00    0.00    0.00    16  run-tempo.sh
03:43:44 PM  1000   1034355    0.00    0.00    0.00    0.00    0.00    20  run-pyroscope.s
03:43:44 PM  1000   1034357    0.00    0.00    0.00    0.00    0.00    18  prometheus
03:43:44 PM  1000   1034359   17.00    3.00    0.00    0.00   20.00    16  tempo
03:43:44 PM  1000   1034360    0.00    0.00    0.00    0.00    0.00    18  loki
03:43:44 PM  1000   1034368    0.00    0.00    0.00    0.00    0.00    18  pyroscope

03:43:43 PM   UID       PID   cswch/s nvcswch/s  Command
03:43:44 PM  1000   1034337      0.00      0.00  run-grafana.sh
03:43:44 PM  1000   1034339      0.00      0.00  run-loki.sh
03:43:44 PM  1000   1034341      0.00      0.00  grafana
03:43:44 PM  1000   1034342      0.00      0.00  run-otelcol.sh
03:43:44 PM  1000   1034345      0.00      0.00  run-prometheus.
03:43:44 PM  1000   1034347     49.00      0.00  otelcol-contrib
03:43:44 PM  1000   1034349      0.00      0.00  run-tempo.sh
03:43:44 PM  1000   1034355      0.00      0.00  run-pyroscope.s
03:43:44 PM  1000   1034357      2.00      0.00  prometheus
03:43:44 PM  1000   1034359     62.00     10.00  tempo
03:43:44 PM  1000   1034360      0.00      0.00  loki
03:43:44 PM  1000   1034368     21.00      0.00  pyroscope

03:43:44 PM   UID       PID    %usr %system  %guest   %wait    %CPU   CPU  Command
03:43:45 PM  1000   1034337    0.00    0.00    0.00    0.00    0.00    18  run-grafana.sh
03:43:45 PM  1000   1034339    0.00    0.00    0.00    0.00    0.00    20  run-loki.sh
03:43:45 PM  1000   1034341    0.00    0.00    0.00    0.00    0.00    18  grafana
03:43:45 PM  1000   1034342    0.00    0.00    0.00    0.00    0.00    16  run-otelcol.sh
03:43:45 PM  1000   1034345    0.00    0.00    0.00    0.00    0.00    20  run-prometheus.
03:43:45 PM  1000   1034347    2.00    1.00    0.00    0.00    3.00    16  otelcol-contrib
03:43:45 PM  1000   1034349    0.00    0.00    0.00    0.00    0.00    16  run-tempo.sh
03:43:45 PM  1000   1034355    0.00    0.00    0.00    0.00    0.00    20  run-pyroscope.s
03:43:45 PM  1000   1034357    0.00    0.00    0.00    0.00    0.00    18  prometheus
03:43:45 PM  1000   1034359   13.00    1.00    0.00    0.00   14.00    20  tempo
03:43:45 PM  1000   1034360    0.00    0.00    0.00    0.00    0.00    18  loki
03:43:45 PM  1000   1034368    0.00    0.00    0.00    0.00    0.00    18  pyroscope

03:43:44 PM   UID       PID   cswch/s nvcswch/s  Command
03:43:45 PM  1000   1034337      0.00      0.00  run-grafana.sh
03:43:45 PM  1000   1034339      0.00      0.00  run-loki.sh
03:43:45 PM  1000   1034341      0.00      0.00  grafana
03:43:45 PM  1000   1034342      0.00      0.00  run-otelcol.sh
03:43:45 PM  1000   1034345      0.00      0.00  run-prometheus.
03:43:45 PM  1000   1034347     40.00      2.00  otelcol-contrib
03:43:45 PM  1000   1034349      0.00      0.00  run-tempo.sh
03:43:45 PM  1000   1034355      0.00      0.00  run-pyroscope.s
03:43:45 PM  1000   1034357      2.00      0.00  prometheus
03:43:45 PM  1000   1034359     43.00      2.00  tempo
03:43:45 PM  1000   1034360      0.00      0.00  loki
03:43:45 PM  1000   1034368     23.00      0.00  pyroscope

03:43:45 PM   UID       PID    %usr %system  %guest   %wait    %CPU   CPU  Command
03:43:46 PM  1000   1034337    0.00    0.00    0.00    0.00    0.00    18  run-grafana.sh
03:43:46 PM  1000   1034339    0.00    0.00    0.00    0.00    0.00    20  run-loki.sh
03:43:46 PM  1000   1034341    0.00    0.00    0.00    0.00    0.00    18  grafana
03:43:46 PM  1000   1034342    0.00    0.00    0.00    0.00    0.00    16  run-otelcol.sh
03:43:46 PM  1000   1034345    0.00    0.00    0.00    0.00    0.00    20  run-prometheus.
03:43:46 PM  1000   1034347    4.00    0.00    0.00    0.00    4.00    18  otelcol-contrib
03:43:46 PM  1000   1034349    0.00    0.00    0.00    0.00    0.00    16  run-tempo.sh
03:43:46 PM  1000   1034355    0.00    0.00    0.00    0.00    0.00    20  run-pyroscope.s
03:43:46 PM  1000   1034357    0.00    0.00    0.00    0.00    0.00    16  prometheus
03:43:46 PM  1000   1034359   19.00    1.00    0.00    1.00   20.00    18  tempo
03:43:46 PM  1000   1034360    0.00    0.00    0.00    0.00    0.00    18  loki
03:43:46 PM  1000   1034368    1.00    1.00    0.00    0.00    2.00    18  pyroscope

03:43:45 PM   UID       PID   cswch/s nvcswch/s  Command
03:43:46 PM  1000   1034337      0.00      0.00  run-grafana.sh
03:43:46 PM  1000   1034339      0.00      0.00  run-loki.sh
03:43:46 PM  1000   1034341      0.00      0.00  grafana
03:43:46 PM  1000   1034342      0.00      0.00  run-otelcol.sh
03:43:46 PM  1000   1034345      0.00      0.00  run-prometheus.
03:43:46 PM  1000   1034347     55.00      0.00  otelcol-contrib
03:43:46 PM  1000   1034349      0.00      0.00  run-tempo.sh
03:43:46 PM  1000   1034355      0.00      0.00  run-pyroscope.s
03:43:46 PM  1000   1034357      1.00      0.00  prometheus
03:43:46 PM  1000   1034359     66.00      5.00  tempo
03:43:46 PM  1000   1034360      0.00      0.00  loki
03:43:46 PM  1000   1034368     15.00      0.00  pyroscope

03:43:46 PM   UID       PID    %usr %system  %guest   %wait    %CPU   CPU  Command
03:43:47 PM  1000   1034337    0.00    0.00    0.00    0.00    0.00    18  run-grafana.sh
03:43:47 PM  1000   1034339    0.00    0.00    0.00    0.00    0.00    20  run-loki.sh
03:43:47 PM  1000   1034341    0.00    0.00    0.00    0.00    0.00    18  grafana
03:43:47 PM  1000   1034342    0.00    0.00    0.00    0.00    0.00    16  run-otelcol.sh
03:43:47 PM  1000   1034345    0.00    0.00    0.00    0.00    0.00    20  run-prometheus.
03:43:47 PM  1000   1034347    2.00    0.00    0.00    0.00    2.00    20  otelcol-contrib
03:43:47 PM  1000   1034349    0.00    0.00    0.00    0.00    0.00    16  run-tempo.sh
03:43:47 PM  1000   1034355    0.00    0.00    0.00    0.00    0.00    20  run-pyroscope.s
03:43:47 PM  1000   1034357    0.00    0.00    0.00    0.00    0.00    18  prometheus
03:43:47 PM  1000   1034359    7.00    0.00    0.00    0.00    7.00    18  tempo
03:43:47 PM  1000   1034360    1.00    0.00    0.00    0.00    1.00    18  loki
03:43:47 PM  1000   1034368    0.00    0.00    0.00    0.00    0.00    16  pyroscope

03:43:46 PM   UID       PID   cswch/s nvcswch/s  Command
03:43:47 PM  1000   1034337      0.00      0.00  run-grafana.sh
03:43:47 PM  1000   1034339      0.00      0.00  run-loki.sh
03:43:47 PM  1000   1034341      0.00      0.00  grafana
03:43:47 PM  1000   1034342      0.00      0.00  run-otelcol.sh
03:43:47 PM  1000   1034345      0.00      0.00  run-prometheus.
03:43:47 PM  1000   1034347     57.00      2.00  otelcol-contrib
03:43:47 PM  1000   1034349      0.00      0.00  run-tempo.sh
03:43:47 PM  1000   1034355      0.00      0.00  run-pyroscope.s
03:43:47 PM  1000   1034357      6.00      0.00  prometheus
03:43:47 PM  1000   1034359     74.00      4.00  tempo
03:43:47 PM  1000   1034360      0.00      0.00  loki
03:43:47 PM  1000   1034368      8.00      0.00  pyroscope

03:43:47 PM   UID       PID    %usr %system  %guest   %wait    %CPU   CPU  Command
03:43:48 PM  1000   1034337    0.00    0.00    0.00    0.00    0.00    18  run-grafana.sh
03:43:48 PM  1000   1034339    0.00    0.00    0.00    0.00    0.00    20  run-loki.sh
03:43:48 PM  1000   1034341    0.00    0.00    0.00    0.00    0.00    18  grafana
03:43:48 PM  1000   1034342    0.00    0.00    0.00    0.00    0.00    16  run-otelcol.sh
03:43:48 PM  1000   1034345    0.00    0.00    0.00    0.00    0.00    20  run-prometheus.
03:43:48 PM  1000   1034347    1.00    1.00    0.00    0.00    2.00    18  otelcol-contrib
03:43:48 PM  1000   1034349    0.00    0.00    0.00    0.00    0.00    16  run-tempo.sh
03:43:48 PM  1000   1034355    0.00    0.00    0.00    0.00    0.00    20  run-pyroscope.s
03:43:48 PM  1000   1034357    0.00    0.00    0.00    0.00    0.00    18  prometheus
03:43:48 PM  1000   1034359   15.00    1.00    0.00    0.00   16.00    18  tempo
03:43:48 PM  1000   1034360    0.00    0.00    0.00    0.00    0.00    18  loki
03:43:48 PM  1000   1034368    0.00    0.00    0.00    0.00    0.00    18  pyroscope

03:43:47 PM   UID       PID   cswch/s nvcswch/s  Command
03:43:48 PM  1000   1034337      0.00      0.00  run-grafana.sh
03:43:48 PM  1000   1034339      0.00      0.00  run-loki.sh
03:43:48 PM  1000   1034341      0.00      0.00  grafana
03:43:48 PM  1000   1034342      0.00      0.00  run-otelcol.sh
03:43:48 PM  1000   1034345      0.00      0.00  run-prometheus.
03:43:48 PM  1000   1034347     44.00      1.00  otelcol-contrib
03:43:48 PM  1000   1034349      0.00      0.00  run-tempo.sh
03:43:48 PM  1000   1034355      0.00      0.00  run-pyroscope.s
03:43:48 PM  1000   1034357      2.00      0.00  prometheus
03:43:48 PM  1000   1034359     58.00      6.00  tempo
03:43:48 PM  1000   1034360      0.00      0.00  loki
03:43:48 PM  1000   1034368      1.00      0.00  pyroscope

03:43:48 PM   UID       PID    %usr %system  %guest   %wait    %CPU   CPU  Command
03:43:49 PM  1000   1034337    0.00    0.00    0.00    0.00    0.00    18  run-grafana.sh
03:43:49 PM  1000   1034339    0.00    0.00    0.00    0.00    0.00    20  run-loki.sh
03:43:49 PM  1000   1034341    3.00    0.00    0.00    0.00    3.00    18  grafana
03:43:49 PM  1000   1034342    0.00    0.00    0.00    0.00    0.00    16  run-otelcol.sh
03:43:49 PM  1000   1034345    0.00    0.00    0.00    0.00    0.00    20  run-prometheus.
03:43:49 PM  1000   1034347    4.00    0.00    0.00    0.00    4.00    18  otelcol-contrib
03:43:49 PM  1000   1034349    0.00    0.00    0.00    0.00    0.00    16  run-tempo.sh
03:43:49 PM  1000   1034355    0.00    0.00    0.00    0.00    0.00    20  run-pyroscope.s
03:43:49 PM  1000   1034357    0.00    0.00    0.00    0.00    0.00    18  prometheus
03:43:49 PM  1000   1034359    6.00    1.00    0.00    0.00    7.00    20  tempo
03:43:49 PM  1000   1034360    0.00    0.00    0.00    0.00    0.00    18  loki
03:43:49 PM  1000   1034368    0.00    0.00    0.00    0.00    0.00    20  pyroscope

03:43:48 PM   UID       PID   cswch/s nvcswch/s  Command
03:43:49 PM  1000   1034337      0.00      0.00  run-grafana.sh
03:43:49 PM  1000   1034339      0.00      0.00  run-loki.sh
03:43:49 PM  1000   1034341      0.00      0.00  grafana
03:43:49 PM  1000   1034342      0.00      0.00  run-otelcol.sh
03:43:49 PM  1000   1034345      0.00      0.00  run-prometheus.
03:43:49 PM  1000   1034347     61.00      4.00  otelcol-contrib
03:43:49 PM  1000   1034349      0.00      0.00  run-tempo.sh
03:43:49 PM  1000   1034355      0.00      0.00  run-pyroscope.s
03:43:49 PM  1000   1034357      1.00      0.00  prometheus
03:43:49 PM  1000   1034359     72.00      6.00  tempo
03:43:49 PM  1000   1034360      0.00      0.00  loki
03:43:49 PM  1000   1034368      1.00      0.00  pyroscope

03:43:49 PM   UID       PID    %usr %system  %guest   %wait    %CPU   CPU  Command
03:43:50 PM  1000   1034337    0.00    0.00    0.00    0.00    0.00    18  run-grafana.sh
03:43:50 PM  1000   1034339    0.00    0.00    0.00    0.00    0.00    20  run-loki.sh
03:43:50 PM  1000   1034341    0.00    0.00    0.00    0.00    0.00    18  grafana
03:43:50 PM  1000   1034342    0.00    0.00    0.00    0.00    0.00    16  run-otelcol.sh
03:43:50 PM  1000   1034345    0.00    0.00    0.00    0.00    0.00    20  run-prometheus.
03:43:50 PM  1000   1034347    2.00    1.00    0.00    0.00    3.00    20  otelcol-contrib
03:43:50 PM  1000   1034349    0.00    0.00    0.00    0.00    0.00    16  run-tempo.sh
03:43:50 PM  1000   1034355    0.00    0.00    0.00    0.00    0.00    20  run-pyroscope.s
03:43:50 PM  1000   1034357    0.00    0.00    0.00    0.00    0.00    20  prometheus
03:43:50 PM  1000   1034359   26.00    1.00    0.00    0.00   27.00    18  tempo
03:43:50 PM  1000   1034360    0.00    0.00    0.00    0.00    0.00    18  loki
03:43:50 PM  1000   1034368    0.00    0.00    0.00    0.00    0.00    16  pyroscope

03:43:49 PM   UID       PID   cswch/s nvcswch/s  Command
03:43:50 PM  1000   1034337      0.00      0.00  run-grafana.sh
03:43:50 PM  1000   1034339      0.00      0.00  run-loki.sh
03:43:50 PM  1000   1034341      0.00      0.00  grafana
03:43:50 PM  1000   1034342      0.00      0.00  run-otelcol.sh
03:43:50 PM  1000   1034345      0.00      0.00  run-prometheus.
03:43:50 PM  1000   1034347     50.00      2.00  otelcol-contrib
03:43:50 PM  1000   1034349      0.00      0.00  run-tempo.sh
03:43:50 PM  1000   1034355      0.00      0.00  run-pyroscope.s
03:43:50 PM  1000   1034357      1.00      0.00  prometheus
03:43:50 PM  1000   1034359     42.00      1.00  tempo
03:43:50 PM  1000   1034360      0.00      0.00  loki
03:43:50 PM  1000   1034368      1.00      0.00  pyroscope

03:43:50 PM   UID       PID    %usr %system  %guest   %wait    %CPU   CPU  Command
03:43:51 PM  1000   1034337    0.00    0.00    0.00    0.00    0.00    18  run-grafana.sh
03:43:51 PM  1000   1034339    0.00    0.00    0.00    0.00    0.00    20  run-loki.sh
03:43:51 PM  1000   1034341    0.00    0.00    0.00    0.00    0.00    18  grafana
03:43:51 PM  1000   1034342    0.00    0.00    0.00    0.00    0.00    16  run-otelcol.sh
03:43:51 PM  1000   1034345    0.00    0.00    0.00    0.00    0.00    20  run-prometheus.
03:43:51 PM  1000   1034347    2.00    0.00    0.00    0.00    2.00    18  otelcol-contrib
03:43:51 PM  1000   1034349    0.00    0.00    0.00    0.00    0.00    16  run-tempo.sh
03:43:51 PM  1000   1034355    0.00    0.00    0.00    0.00    0.00    20  run-pyroscope.s
03:43:51 PM  1000   1034357    0.00    0.00    0.00    0.00    0.00    20  prometheus
03:43:51 PM  1000   1034359   17.00    3.00    0.00    0.00   20.00    18  tempo
03:43:51 PM  1000   1034360    0.00    0.00    0.00    0.00    0.00    18  loki
03:43:51 PM  1000   1034368    0.00    0.00    0.00    0.00    0.00    16  pyroscope

03:43:50 PM   UID       PID   cswch/s nvcswch/s  Command
03:43:51 PM  1000   1034337      0.00      0.00  run-grafana.sh
03:43:51 PM  1000   1034339      0.00      0.00  run-loki.sh
03:43:51 PM  1000   1034341      0.00      0.00  grafana
03:43:51 PM  1000   1034342      0.00      0.00  run-otelcol.sh
03:43:51 PM  1000   1034345      0.00      0.00  run-prometheus.
03:43:51 PM  1000   1034347     53.00      0.00  otelcol-contrib
03:43:51 PM  1000   1034349      0.00      0.00  run-tempo.sh
03:43:51 PM  1000   1034355      0.00      0.00  run-pyroscope.s
03:43:51 PM  1000   1034357      1.00      0.00  prometheus
03:43:51 PM  1000   1034359     47.00      0.00  tempo
03:43:51 PM  1000   1034360      0.00      0.00  loki
03:43:51 PM  1000   1034368      0.00      0.00  pyroscope

03:43:51 PM   UID       PID    %usr %system  %guest   %wait    %CPU   CPU  Command
03:43:52 PM  1000   1034337    0.00    0.00    0.00    0.00    0.00    18  run-grafana.sh
03:43:52 PM  1000   1034339    0.00    0.00    0.00    0.00    0.00    20  run-loki.sh
03:43:52 PM  1000   1034341    0.00    0.00    0.00    0.00    0.00    18  grafana
03:43:52 PM  1000   1034342    0.00    0.00    0.00    0.00    0.00    16  run-otelcol.sh
03:43:52 PM  1000   1034345    0.00    0.00    0.00    0.00    0.00    20  run-prometheus.
03:43:52 PM  1000   1034347    4.00    0.00    0.00    0.00    4.00    20  otelcol-contrib
03:43:52 PM  1000   1034349    0.00    0.00    0.00    0.00    0.00    16  run-tempo.sh
03:43:52 PM  1000   1034355    0.00    0.00    0.00    0.00    0.00    20  run-pyroscope.s
03:43:52 PM  1000   1034357    0.00    0.00    0.00    0.00    0.00    16  prometheus
03:43:52 PM  1000   1034359   18.00    4.00    0.00    0.00   22.00    18  tempo
03:43:52 PM  1000   1034360    1.00    0.00    0.00    0.00    1.00    18  loki
03:43:52 PM  1000   1034368    0.00    0.00    0.00    0.00    0.00    16  pyroscope

03:43:51 PM   UID       PID   cswch/s nvcswch/s  Command
03:43:52 PM  1000   1034337      0.00      0.00  run-grafana.sh
03:43:52 PM  1000   1034339      0.00      0.00  run-loki.sh
03:43:52 PM  1000   1034341      0.00      0.00  grafana
03:43:52 PM  1000   1034342      0.00      0.00  run-otelcol.sh
03:43:52 PM  1000   1034345      0.00      0.00  run-prometheus.
03:43:52 PM  1000   1034347     50.00      0.00  otelcol-contrib
03:43:52 PM  1000   1034349      0.00      0.00  run-tempo.sh
03:43:52 PM  1000   1034355      0.00      0.00  run-pyroscope.s
03:43:52 PM  1000   1034357      4.00      0.00  prometheus
03:43:52 PM  1000   1034359     71.00      0.00  tempo
03:43:52 PM  1000   1034360      0.00      0.00  loki
03:43:52 PM  1000   1034368      0.00      0.00  pyroscope

03:43:52 PM   UID       PID    %usr %system  %guest   %wait    %CPU   CPU  Command
03:43:53 PM  1000   1034337    0.00    0.00    0.00    0.00    0.00    18  run-grafana.sh
03:43:53 PM  1000   1034339    0.00    0.00    0.00    0.00    0.00    20  run-loki.sh
03:43:53 PM  1000   1034341    0.00    0.00    0.00    0.00    0.00    18  grafana
03:43:53 PM  1000   1034342    0.00    0.00    0.00    0.00    0.00    16  run-otelcol.sh
03:43:53 PM  1000   1034345    0.00    0.00    0.00    0.00    0.00    20  run-prometheus.
03:43:53 PM  1000   1034347    2.00    1.00    0.00    0.00    3.00    20  otelcol-contrib
03:43:53 PM  1000   1034349    0.00    0.00    0.00    0.00    0.00    16  run-tempo.sh
03:43:53 PM  1000   1034355    0.00    0.00    0.00    0.00    0.00    20  run-pyroscope.s
03:43:53 PM  1000   1034357    1.00    0.00    0.00    0.00    1.00    16  prometheus
03:43:53 PM  1000   1034359    5.00    1.00    0.00    0.00    6.00    20  tempo
03:43:53 PM  1000   1034360    0.00    1.00    0.00    0.00    1.00    18  loki
03:43:53 PM  1000   1034368    4.00    0.00    0.00    0.00    4.00    16  pyroscope

03:43:52 PM   UID       PID   cswch/s nvcswch/s  Command
03:43:53 PM  1000   1034337      0.00      0.00  run-grafana.sh
03:43:53 PM  1000   1034339      0.00      0.00  run-loki.sh
03:43:53 PM  1000   1034341      0.00      0.00  grafana
03:43:53 PM  1000   1034342      0.00      0.00  run-otelcol.sh
03:43:53 PM  1000   1034345      0.00      0.00  run-prometheus.
03:43:53 PM  1000   1034347     40.00      1.00  otelcol-contrib
03:43:53 PM  1000   1034349      0.00      0.00  run-tempo.sh
03:43:53 PM  1000   1034355      0.00      0.00  run-pyroscope.s
03:43:53 PM  1000   1034357      4.00      0.00  prometheus
03:43:53 PM  1000   1034359     56.00      1.00  tempo
03:43:53 PM  1000   1034360      0.00      0.00  loki
03:43:53 PM  1000   1034368      1.00      0.00  pyroscope

03:43:53 PM   UID       PID    %usr %system  %guest   %wait    %CPU   CPU  Command
03:43:54 PM  1000   1034337    0.00    0.00    0.00    0.00    0.00    18  run-grafana.sh
03:43:54 PM  1000   1034339    0.00    0.00    0.00    0.00    0.00    20  run-loki.sh
03:43:54 PM  1000   1034341    0.00    0.00    0.00    0.00    0.00    18  grafana
03:43:54 PM  1000   1034342    0.00    0.00    0.00    0.00    0.00    16  run-otelcol.sh
03:43:54 PM  1000   1034345    0.00    0.00    0.00    0.00    0.00    20  run-prometheus.
03:43:54 PM  1000   1034347    2.00    0.00    0.00    0.00    2.00    16  otelcol-contrib
03:43:54 PM  1000   1034349    0.00    0.00    0.00    0.00    0.00    16  run-tempo.sh
03:43:54 PM  1000   1034355    0.00    0.00    0.00    0.00    0.00    20  run-pyroscope.s
03:43:54 PM  1000   1034357    0.00    0.00    0.00    0.00    0.00    18  prometheus
03:43:54 PM  1000   1034359    7.00    0.00    0.00    0.00    7.00    20  tempo
03:43:54 PM  1000   1034360    0.00    0.00    0.00    0.00    0.00    18  loki
03:43:54 PM  1000   1034368    0.00    0.00    0.00    0.00    0.00    16  pyroscope

03:43:53 PM   UID       PID   cswch/s nvcswch/s  Command
03:43:54 PM  1000   1034337      0.00      0.00  run-grafana.sh
03:43:54 PM  1000   1034339      0.00      0.00  run-loki.sh
03:43:54 PM  1000   1034341      0.00      0.00  grafana
03:43:54 PM  1000   1034342      0.00      0.00  run-otelcol.sh
03:43:54 PM  1000   1034345      0.00      0.00  run-prometheus.
03:43:54 PM  1000   1034347     47.00      0.00  otelcol-contrib
03:43:54 PM  1000   1034349      0.00      0.00  run-tempo.sh
03:43:54 PM  1000   1034355      0.00      0.00  run-pyroscope.s
03:43:54 PM  1000   1034357      2.00      0.00  prometheus
03:43:54 PM  1000   1034359     75.00      2.00  tempo
03:43:54 PM  1000   1034360      0.00      0.00  loki
03:43:54 PM  1000   1034368      0.00      0.00  pyroscope

03:43:54 PM   UID       PID    %usr %system  %guest   %wait    %CPU   CPU  Command
03:43:55 PM  1000   1034337    0.00    0.00    0.00    0.00    0.00    18  run-grafana.sh
03:43:55 PM  1000   1034339    0.00    0.00    0.00    0.00    0.00    20  run-loki.sh
03:43:55 PM  1000   1034341    0.00    0.00    0.00    0.00    0.00    18  grafana
03:43:55 PM  1000   1034342    0.00    0.00    0.00    0.00    0.00    16  run-otelcol.sh
03:43:55 PM  1000   1034345    0.00    0.00    0.00    0.00    0.00    20  run-prometheus.
03:43:55 PM  1000   1034347    2.00    0.00    0.00    0.00    2.00    20  otelcol-contrib
03:43:55 PM  1000   1034349    0.00    0.00    0.00    0.00    0.00    16  run-tempo.sh
03:43:55 PM  1000   1034355    0.00    0.00    0.00    0.00    0.00    20  run-pyroscope.s
03:43:55 PM  1000   1034357    0.00    0.00    0.00    0.00    0.00    16  prometheus
03:43:55 PM  1000   1034359   20.00    2.00    0.00    0.00   22.00    18  tempo
03:43:55 PM  1000   1034360    0.00    0.00    0.00    0.00    0.00    18  loki
03:43:55 PM  1000   1034368    1.00    0.00    0.00    0.00    1.00    16  pyroscope

03:43:54 PM   UID       PID   cswch/s nvcswch/s  Command
03:43:55 PM  1000   1034337      0.00      0.00  run-grafana.sh
03:43:55 PM  1000   1034339      0.00      0.00  run-loki.sh
03:43:55 PM  1000   1034341      0.00      0.00  grafana
03:43:55 PM  1000   1034342      0.00      0.00  run-otelcol.sh
03:43:55 PM  1000   1034345      0.00      0.00  run-prometheus.
03:43:55 PM  1000   1034347     39.00      0.00  otelcol-contrib
03:43:55 PM  1000   1034349      0.00      0.00  run-tempo.sh
03:43:55 PM  1000   1034355      0.00      0.00  run-pyroscope.s
03:43:55 PM  1000   1034357      1.00      0.00  prometheus
03:43:55 PM  1000   1034359     70.00     10.00  tempo
03:43:55 PM  1000   1034360      0.00      0.00  loki
03:43:55 PM  1000   1034368      0.00      0.00  pyroscope

03:43:55 PM   UID       PID    %usr %system  %guest   %wait    %CPU   CPU  Command
03:43:56 PM  1000   1034337    0.00    0.00    0.00    0.00    0.00    18  run-grafana.sh
03:43:56 PM  1000   1034339    0.00    0.00    0.00    0.00    0.00    20  run-loki.sh
03:43:56 PM  1000   1034341    0.00    1.00    0.00    0.00    1.00    18  grafana
03:43:56 PM  1000   1034342    0.00    0.00    0.00    0.00    0.00    16  run-otelcol.sh
03:43:56 PM  1000   1034345    0.00    0.00    0.00    0.00    0.00    20  run-prometheus.
03:43:56 PM  1000   1034347    4.00    1.00    0.00    1.00    5.00    16  otelcol-contrib
03:43:56 PM  1000   1034349    0.00    0.00    0.00    0.00    0.00    16  run-tempo.sh
03:43:56 PM  1000   1034355    0.00    0.00    0.00    0.00    0.00    20  run-pyroscope.s
03:43:56 PM  1000   1034357    0.00    0.00    0.00    0.00    0.00    18  prometheus
03:43:56 PM  1000   1034359   19.00    2.00    0.00    0.00   21.00    18  tempo
03:43:56 PM  1000   1034360    0.00    0.00    0.00    0.00    0.00    18  loki
03:43:56 PM  1000   1034368    0.00    0.00    0.00    0.00    0.00    16  pyroscope

03:43:55 PM   UID       PID   cswch/s nvcswch/s  Command
03:43:56 PM  1000   1034337      0.00      0.00  run-grafana.sh
03:43:56 PM  1000   1034339      0.00      0.00  run-loki.sh
03:43:56 PM  1000   1034341      0.00      0.00  grafana
03:43:56 PM  1000   1034342      0.00      0.00  run-otelcol.sh
03:43:56 PM  1000   1034345      0.00      0.00  run-prometheus.
03:43:56 PM  1000   1034347     59.00      7.00  otelcol-contrib
03:43:56 PM  1000   1034349      0.00      0.00  run-tempo.sh
03:43:56 PM  1000   1034355      0.00      0.00  run-pyroscope.s
03:43:56 PM  1000   1034357      3.00      0.00  prometheus
03:43:56 PM  1000   1034359     88.00      4.00  tempo
03:43:56 PM  1000   1034360      0.00      0.00  loki
03:43:56 PM  1000   1034368      0.00      0.00  pyroscope

03:43:56 PM   UID       PID    %usr %system  %guest   %wait    %CPU   CPU  Command
03:43:57 PM  1000   1034337    0.00    0.00    0.00    0.00    0.00    18  run-grafana.sh
03:43:57 PM  1000   1034339    0.00    0.00    0.00    0.00    0.00    20  run-loki.sh
03:43:57 PM  1000   1034341    1.00    0.00    0.00    0.00    1.00    18  grafana
03:43:57 PM  1000   1034342    0.00    0.00    0.00    0.00    0.00    16  run-otelcol.sh
03:43:57 PM  1000   1034345    0.00    0.00    0.00    0.00    0.00    20  run-prometheus.
03:43:57 PM  1000   1034347    2.00    0.00    0.00    0.00    2.00    18  otelcol-contrib
03:43:57 PM  1000   1034349    0.00    0.00    0.00    0.00    0.00    16  run-tempo.sh
03:43:57 PM  1000   1034355    0.00    0.00    0.00    0.00    0.00    20  run-pyroscope.s
03:43:57 PM  1000   1034357    0.00    0.00    0.00    0.00    0.00    18  prometheus
03:43:57 PM  1000   1034359   10.00    0.00    0.00    0.00   10.00    16  tempo
03:43:57 PM  1000   1034360    1.00    0.00    0.00    0.00    1.00    18  loki
03:43:57 PM  1000   1034368    0.00    0.00    0.00    0.00    0.00    16  pyroscope

03:43:56 PM   UID       PID   cswch/s nvcswch/s  Command
03:43:57 PM  1000   1034337      0.00      0.00  run-grafana.sh
03:43:57 PM  1000   1034339      0.00      0.00  run-loki.sh
03:43:57 PM  1000   1034341      0.00      0.00  grafana
03:43:57 PM  1000   1034342      0.00      0.00  run-otelcol.sh
03:43:57 PM  1000   1034345      0.00      0.00  run-prometheus.
03:43:57 PM  1000   1034347     32.00      0.00  otelcol-contrib
03:43:57 PM  1000   1034349      0.00      0.00  run-tempo.sh
03:43:57 PM  1000   1034355      0.00      0.00  run-pyroscope.s
03:43:57 PM  1000   1034357      8.00      0.00  prometheus
03:43:57 PM  1000   1034359     78.00      0.00  tempo
03:43:57 PM  1000   1034360      0.00      0.00  loki
03:43:57 PM  1000   1034368      0.00      0.00  pyroscope

03:43:57 PM   UID       PID    %usr %system  %guest   %wait    %CPU   CPU  Command
03:43:58 PM  1000   1034337    0.00    0.00    0.00    0.00    0.00    18  run-grafana.sh
03:43:58 PM  1000   1034339    0.00    0.00    0.00    0.00    0.00    20  run-loki.sh
03:43:58 PM  1000   1034341    0.00    0.00    0.00    0.00    0.00    18  grafana
03:43:58 PM  1000   1034342    0.00    0.00    0.00    0.00    0.00    16  run-otelcol.sh
03:43:58 PM  1000   1034345    0.00    0.00    0.00    0.00    0.00    20  run-prometheus.
03:43:58 PM  1000   1034347    2.00    0.00    0.00    0.00    2.00    16  otelcol-contrib
03:43:58 PM  1000   1034349    0.00    0.00    0.00    0.00    0.00    16  run-tempo.sh
03:43:58 PM  1000   1034355    0.00    0.00    0.00    0.00    0.00    20  run-pyroscope.s
03:43:58 PM  1000   1034357    0.00    0.00    0.00    0.00    0.00    18  prometheus
03:43:58 PM  1000   1034359   33.00    1.00    0.00    0.00   34.00    18  tempo
03:43:58 PM  1000   1034360    0.00    0.00    0.00    0.00    0.00    18  loki
03:43:58 PM  1000   1034368    0.00    0.00    0.00    0.00    0.00    16  pyroscope

03:43:57 PM   UID       PID   cswch/s nvcswch/s  Command
03:43:58 PM  1000   1034337      0.00      0.00  run-grafana.sh
03:43:58 PM  1000   1034339      0.00      0.00  run-loki.sh
03:43:58 PM  1000   1034341      0.00      0.00  grafana
03:43:58 PM  1000   1034342      0.00      0.00  run-otelcol.sh
03:43:58 PM  1000   1034345      0.00      0.00  run-prometheus.
03:43:58 PM  1000   1034347     37.00      0.00  otelcol-contrib
03:43:58 PM  1000   1034349      0.00      0.00  run-tempo.sh
03:43:58 PM  1000   1034355      0.00      0.00  run-pyroscope.s
03:43:58 PM  1000   1034357      1.00      0.00  prometheus
03:43:58 PM  1000   1034359     76.00     12.00  tempo
03:43:58 PM  1000   1034360      0.00      0.00  loki
03:43:58 PM  1000   1034368      0.00      0.00  pyroscope

03:43:58 PM   UID       PID    %usr %system  %guest   %wait    %CPU   CPU  Command
03:43:59 PM  1000   1034337    0.00    0.00    0.00    0.00    0.00    18  run-grafana.sh
03:43:59 PM  1000   1034339    0.00    0.00    0.00    0.00    0.00    20  run-loki.sh
03:43:59 PM  1000   1034341    2.00    0.00    0.00    0.00    2.00    18  grafana
03:43:59 PM  1000   1034342    0.00    0.00    0.00    0.00    0.00    16  run-otelcol.sh
03:43:59 PM  1000   1034345    0.00    0.00    0.00    0.00    0.00    20  run-prometheus.
03:43:59 PM  1000   1034347    4.00    0.00    0.00    0.00    4.00    20  otelcol-contrib
03:43:59 PM  1000   1034349    0.00    0.00    0.00    0.00    0.00    16  run-tempo.sh
03:43:59 PM  1000   1034355    0.00    0.00    0.00    0.00    0.00    20  run-pyroscope.s
03:43:59 PM  1000   1034357    0.00    0.00    0.00    0.00    0.00    18  prometheus
03:43:59 PM  1000   1034359   21.00    2.00    0.00    1.00   23.00    20  tempo
03:43:59 PM  1000   1034360    0.00    0.00    0.00    0.00    0.00    18  loki
03:43:59 PM  1000   1034368    0.00    0.00    0.00    0.00    0.00    16  pyroscope

03:43:58 PM   UID       PID   cswch/s nvcswch/s  Command
03:43:59 PM  1000   1034337      0.00      0.00  run-grafana.sh
03:43:59 PM  1000   1034339      0.00      0.00  run-loki.sh
03:43:59 PM  1000   1034341      0.00      0.00  grafana
03:43:59 PM  1000   1034342      0.00      0.00  run-otelcol.sh
03:43:59 PM  1000   1034345      0.00      0.00  run-prometheus.
03:43:59 PM  1000   1034347     19.00      0.00  otelcol-contrib
03:43:59 PM  1000   1034349      0.00      0.00  run-tempo.sh
03:43:59 PM  1000   1034355      0.00      0.00  run-pyroscope.s
03:43:59 PM  1000   1034357      1.00      0.00  prometheus
03:43:59 PM  1000   1034359     85.00      6.00  tempo
03:43:59 PM  1000   1034360      0.00      0.00  loki
03:43:59 PM  1000   1034368      0.00      0.00  pyroscope

03:43:59 PM   UID       PID    %usr %system  %guest   %wait    %CPU   CPU  Command
03:44:00 PM  1000   1034337    0.00    0.00    0.00    0.00    0.00    18  run-grafana.sh
03:44:00 PM  1000   1034339    0.00    0.00    0.00    0.00    0.00    20  run-loki.sh
03:44:00 PM  1000   1034341    0.00    0.00    0.00    0.00    0.00    18  grafana
03:44:00 PM  1000   1034342    0.00    0.00    0.00    0.00    0.00    16  run-otelcol.sh
03:44:00 PM  1000   1034345    0.00    0.00    0.00    0.00    0.00    20  run-prometheus.
03:44:00 PM  1000   1034347    2.00    0.00    0.00    0.00    2.00    16  otelcol-contrib
03:44:00 PM  1000   1034349    0.00    0.00    0.00    0.00    0.00    16  run-tempo.sh
03:44:00 PM  1000   1034355    0.00    0.00    0.00    0.00    0.00    20  run-pyroscope.s
03:44:00 PM  1000   1034357    0.00    0.00    0.00    0.00    0.00    18  prometheus
03:44:00 PM  1000   1034359   27.00    2.00    0.00    0.00   29.00    18  tempo
03:44:00 PM  1000   1034360    1.00    0.00    0.00    0.00    1.00    18  loki
03:44:00 PM  1000   1034368    0.00    0.00    0.00    0.00    0.00    16  pyroscope

03:43:59 PM   UID       PID   cswch/s nvcswch/s  Command
03:44:00 PM  1000   1034337      0.00      0.00  run-grafana.sh
03:44:00 PM  1000   1034339      0.00      0.00  run-loki.sh
03:44:00 PM  1000   1034341      0.00      0.00  grafana
03:44:00 PM  1000   1034342      0.00      0.00  run-otelcol.sh
03:44:00 PM  1000   1034345      0.00      0.00  run-prometheus.
03:44:00 PM  1000   1034347     32.00      0.00  otelcol-contrib
03:44:00 PM  1000   1034349      0.00      0.00  run-tempo.sh
03:44:00 PM  1000   1034355      0.00      0.00  run-pyroscope.s
03:44:00 PM  1000   1034357      3.00      0.00  prometheus
03:44:00 PM  1000   1034359     53.00     12.00  tempo
03:44:00 PM  1000   1034360      0.00      0.00  loki
03:44:00 PM  1000   1034368      0.00      0.00  pyroscope

03:44:00 PM   UID       PID    %usr %system  %guest   %wait    %CPU   CPU  Command
03:44:01 PM  1000   1034337    0.00    0.00    0.00    0.00    0.00    18  run-grafana.sh
03:44:01 PM  1000   1034339    0.00    0.00    0.00    0.00    0.00    20  run-loki.sh
03:44:01 PM  1000   1034341    0.00    0.00    0.00    0.00    0.00    18  grafana
03:44:01 PM  1000   1034342    0.00    0.00    0.00    0.00    0.00    16  run-otelcol.sh
03:44:01 PM  1000   1034345    0.00    0.00    0.00    0.00    0.00    20  run-prometheus.
03:44:01 PM  1000   1034347    2.00    1.00    0.00    0.00    3.00    16  otelcol-contrib
03:44:01 PM  1000   1034349    0.00    0.00    0.00    0.00    0.00    16  run-tempo.sh
03:44:01 PM  1000   1034355    0.00    0.00    0.00    0.00    0.00    20  run-pyroscope.s
03:44:01 PM  1000   1034357    1.00    0.00    0.00    0.00    1.00    18  prometheus
03:44:01 PM  1000   1034359   16.00    6.00    0.00    0.00   22.00    20  tempo
03:44:01 PM  1000   1034360    0.00    0.00    0.00    0.00    0.00    18  loki
03:44:01 PM  1000   1034368    1.00    0.00    0.00    0.00    1.00    16  pyroscope

03:44:00 PM   UID       PID   cswch/s nvcswch/s  Command
03:44:01 PM  1000   1034337      0.00      0.00  run-grafana.sh
03:44:01 PM  1000   1034339      0.00      0.00  run-loki.sh
03:44:01 PM  1000   1034341      0.00      0.00  grafana
03:44:01 PM  1000   1034342      0.00      0.00  run-otelcol.sh
03:44:01 PM  1000   1034345      0.00      0.00  run-prometheus.
03:44:01 PM  1000   1034347     31.00      0.00  otelcol-contrib
03:44:01 PM  1000   1034349      0.00      0.00  run-tempo.sh
03:44:01 PM  1000   1034355      0.00      0.00  run-pyroscope.s
03:44:01 PM  1000   1034357      4.00      0.00  prometheus
03:44:01 PM  1000   1034359     70.00      9.00  tempo
03:44:01 PM  1000   1034360      0.00      0.00  loki
03:44:01 PM  1000   1034368      0.00      0.00  pyroscope

03:44:01 PM   UID       PID    %usr %system  %guest   %wait    %CPU   CPU  Command
03:44:02 PM  1000   1034337    0.00    0.00    0.00    0.00    0.00    18  run-grafana.sh
03:44:02 PM  1000   1034339    0.00    0.00    0.00    0.00    0.00    20  run-loki.sh
03:44:02 PM  1000   1034341    0.00    0.00    0.00    0.00    0.00    18  grafana
03:44:02 PM  1000   1034342    0.00    0.00    0.00    0.00    0.00    16  run-otelcol.sh
03:44:02 PM  1000   1034345    0.00    0.00    0.00    0.00    0.00    20  run-prometheus.
03:44:02 PM  1000   1034347    4.00    0.00    0.00    0.00    4.00    20  otelcol-contrib
03:44:02 PM  1000   1034349    0.00    0.00    0.00    0.00    0.00    16  run-tempo.sh
03:44:02 PM  1000   1034355    0.00    0.00    0.00    0.00    0.00    20  run-pyroscope.s
03:44:02 PM  1000   1034357    0.00    0.00    0.00    0.00    0.00    18  prometheus
03:44:02 PM  1000   1034359   16.00    1.00    0.00    0.00   17.00    16  tempo
03:44:02 PM  1000   1034360    0.00    0.00    0.00    0.00    0.00    18  loki
03:44:02 PM  1000   1034368    0.00    0.00    0.00    0.00    0.00    16  pyroscope

03:44:01 PM   UID       PID   cswch/s nvcswch/s  Command
03:44:02 PM  1000   1034337      0.00      0.00  run-grafana.sh
03:44:02 PM  1000   1034339      0.00      0.00  run-loki.sh
03:44:02 PM  1000   1034341      0.00      0.00  grafana
03:44:02 PM  1000   1034342      0.00      0.00  run-otelcol.sh
03:44:02 PM  1000   1034345      0.00      0.00  run-prometheus.
03:44:02 PM  1000   1034347     51.00      5.00  otelcol-contrib
03:44:02 PM  1000   1034349      0.00      0.00  run-tempo.sh
03:44:02 PM  1000   1034355      0.00      0.00  run-pyroscope.s
03:44:02 PM  1000   1034357      5.00      0.00  prometheus
03:44:02 PM  1000   1034359     68.00      6.00  tempo
03:44:02 PM  1000   1034360      0.00      0.00  loki
03:44:02 PM  1000   1034368      0.00      0.00  pyroscope

03:44:02 PM   UID       PID    %usr %system  %guest   %wait    %CPU   CPU  Command
03:44:03 PM  1000   1034337    0.00    0.00    0.00    0.00    0.00    18  run-grafana.sh
03:44:03 PM  1000   1034339    0.00    0.00    0.00    0.00    0.00    20  run-loki.sh
03:44:03 PM  1000   1034341    0.00    0.00    0.00    0.00    0.00    18  grafana
03:44:03 PM  1000   1034342    0.00    0.00    0.00    0.00    0.00    16  run-otelcol.sh
03:44:03 PM  1000   1034345    0.00    0.00    0.00    0.00    0.00    20  run-prometheus.
03:44:03 PM  1000   1034347    2.00    1.00    0.00    0.00    3.00    20  otelcol-contrib
03:44:03 PM  1000   1034349    0.00    0.00    0.00    0.00    0.00    16  run-tempo.sh
03:44:03 PM  1000   1034355    0.00    0.00    0.00    0.00    0.00    20  run-pyroscope.s
03:44:03 PM  1000   1034357    0.00    0.00    0.00    0.00    0.00    18  prometheus
03:44:03 PM  1000   1034359   44.00    2.00    0.00    0.00   46.00    16  tempo
03:44:03 PM  1000   1034360    0.00    0.00    0.00    0.00    0.00    18  loki
03:44:03 PM  1000   1034368    0.00    0.00    0.00    0.00    0.00    16  pyroscope

03:44:02 PM   UID       PID   cswch/s nvcswch/s  Command
03:44:03 PM  1000   1034337      0.00      0.00  run-grafana.sh
03:44:03 PM  1000   1034339      0.00      0.00  run-loki.sh
03:44:03 PM  1000   1034341      0.00      0.00  grafana
03:44:03 PM  1000   1034342      0.00      0.00  run-otelcol.sh
03:44:03 PM  1000   1034345      0.00      0.00  run-prometheus.
03:44:03 PM  1000   1034347     31.00      4.00  otelcol-contrib
03:44:03 PM  1000   1034349      0.00      0.00  run-tempo.sh
03:44:03 PM  1000   1034355      0.00      0.00  run-pyroscope.s
03:44:03 PM  1000   1034357      2.00      0.00  prometheus
03:44:03 PM  1000   1034359     92.00     16.00  tempo
03:44:03 PM  1000   1034360      0.00      0.00  loki
03:44:03 PM  1000   1034368      0.00      0.00  pyroscope

03:44:03 PM   UID       PID    %usr %system  %guest   %wait    %CPU   CPU  Command
03:44:04 PM  1000   1034337    0.00    0.00    0.00    0.00    0.00    18  run-grafana.sh
03:44:04 PM  1000   1034339    0.00    0.00    0.00    0.00    0.00    20  run-loki.sh
03:44:04 PM  1000   1034341    1.00    0.00    0.00    0.00    1.00    18  grafana
03:44:04 PM  1000   1034342    0.00    0.00    0.00    0.00    0.00    16  run-otelcol.sh
03:44:04 PM  1000   1034345    0.00    0.00    0.00    0.00    0.00    20  run-prometheus.
03:44:04 PM  1000   1034347    1.00    0.00    0.00    0.00    1.00    16  otelcol-contrib
03:44:04 PM  1000   1034349    0.00    0.00    0.00    0.00    0.00    16  run-tempo.sh
03:44:04 PM  1000   1034355    0.00    0.00    0.00    0.00    0.00    20  run-pyroscope.s
03:44:04 PM  1000   1034357    0.00    0.00    0.00    0.00    0.00    18  prometheus
03:44:04 PM  1000   1034359    7.00    0.00    0.00    0.00    7.00    16  tempo
03:44:04 PM  1000   1034360    0.00    0.00    0.00    0.00    0.00    18  loki
03:44:04 PM  1000   1034368    0.00    0.00    0.00    0.00    0.00    16  pyroscope

03:44:03 PM   UID       PID   cswch/s nvcswch/s  Command
03:44:04 PM  1000   1034337      0.00      0.00  run-grafana.sh
03:44:04 PM  1000   1034339      0.00      0.00  run-loki.sh
03:44:04 PM  1000   1034341      0.00      0.00  grafana
03:44:04 PM  1000   1034342      0.00      0.00  run-otelcol.sh
03:44:04 PM  1000   1034345      0.00      0.00  run-prometheus.
03:44:04 PM  1000   1034347     39.00      1.00  otelcol-contrib
03:44:04 PM  1000   1034349      0.00      0.00  run-tempo.sh
03:44:04 PM  1000   1034355      0.00      0.00  run-pyroscope.s
03:44:04 PM  1000   1034357      1.00      0.00  prometheus
03:44:04 PM  1000   1034359     47.00      0.00  tempo
03:44:04 PM  1000   1034360      0.00      0.00  loki
03:44:04 PM  1000   1034368      0.00      0.00  pyroscope

03:44:04 PM   UID       PID    %usr %system  %guest   %wait    %CPU   CPU  Command
03:44:05 PM  1000   1034337    0.00    0.00    0.00    0.00    0.00    18  run-grafana.sh
03:44:05 PM  1000   1034339    0.00    0.00    0.00    0.00    0.00    20  run-loki.sh
03:44:05 PM  1000   1034341    0.00    0.00    0.00    0.00    0.00    18  grafana
03:44:05 PM  1000   1034342    0.00    0.00    0.00    0.00    0.00    16  run-otelcol.sh
03:44:05 PM  1000   1034345    0.00    0.00    0.00    0.00    0.00    20  run-prometheus.
03:44:05 PM  1000   1034347    4.00    1.00    0.00    0.00    5.00    18  otelcol-contrib
03:44:05 PM  1000   1034349    0.00    0.00    0.00    0.00    0.00    16  run-tempo.sh
03:44:05 PM  1000   1034355    0.00    0.00    0.00    0.00    0.00    20  run-pyroscope.s
03:44:05 PM  1000   1034357    0.00    0.00    0.00    0.00    0.00    16  prometheus
03:44:05 PM  1000   1034359    7.00    1.00    0.00    0.00    8.00    16  tempo
03:44:05 PM  1000   1034360    1.00    0.00    0.00    0.00    1.00    18  loki
03:44:05 PM  1000   1034368    0.00    0.00    0.00    0.00    0.00    16  pyroscope

03:44:04 PM   UID       PID   cswch/s nvcswch/s  Command
03:44:05 PM  1000   1034337      0.00      0.00  run-grafana.sh
03:44:05 PM  1000   1034339      0.00      0.00  run-loki.sh
03:44:05 PM  1000   1034341      0.00      0.00  grafana
03:44:05 PM  1000   1034342      0.00      0.00  run-otelcol.sh
03:44:05 PM  1000   1034345      0.00      0.00  run-prometheus.
03:44:05 PM  1000   1034347     40.00      9.00  otelcol-contrib
03:44:05 PM  1000   1034349      0.00      0.00  run-tempo.sh
03:44:05 PM  1000   1034355      0.00      0.00  run-pyroscope.s
03:44:05 PM  1000   1034357      2.00      0.00  prometheus
03:44:05 PM  1000   1034359      0.00      0.00  tempo
03:44:05 PM  1000   1034360      0.00      0.00  loki
03:44:05 PM  1000   1034368      0.00      0.00  pyroscope

03:44:05 PM   UID       PID    %usr %system  %guest   %wait    %CPU   CPU  Command
03:44:06 PM  1000   1034337    0.00    0.00    0.00    0.00    0.00    18  run-grafana.sh
03:44:06 PM  1000   1034339    0.00    0.00    0.00    0.00    0.00    20  run-loki.sh
03:44:06 PM  1000   1034341    0.00    0.00    0.00    0.00    0.00    18  grafana
03:44:06 PM  1000   1034342    0.00    0.00    0.00    0.00    0.00    16  run-otelcol.sh
03:44:06 PM  1000   1034345    0.00    0.00    0.00    0.00    0.00    20  run-prometheus.
03:44:06 PM  1000   1034347    2.00    0.00    0.00    0.00    2.00    18  otelcol-contrib
03:44:06 PM  1000   1034349    0.00    0.00    0.00    0.00    0.00    16  run-tempo.sh
03:44:06 PM  1000   1034355    0.00    0.00    0.00    0.00    0.00    20  run-pyroscope.s
03:44:06 PM  1000   1034357    0.00    1.00    0.00    0.00    1.00    20  prometheus
03:44:06 PM  1000   1034359   26.00    2.00    0.00    0.00   28.00    16  tempo
03:44:06 PM  1000   1034360    0.00    0.00    0.00    0.00    0.00    18  loki
03:44:06 PM  1000   1034368    1.00    0.00    0.00    0.00    1.00    16  pyroscope

03:44:05 PM   UID       PID   cswch/s nvcswch/s  Command
03:44:06 PM  1000   1034337      0.00      0.00  run-grafana.sh
03:44:06 PM  1000   1034339      0.00      0.00  run-loki.sh
03:44:06 PM  1000   1034341      0.00      0.00  grafana
03:44:06 PM  1000   1034342      0.00      0.00  run-otelcol.sh
03:44:06 PM  1000   1034345      0.00      0.00  run-prometheus.
03:44:06 PM  1000   1034347     45.00      2.00  otelcol-contrib
03:44:06 PM  1000   1034349      0.00      0.00  run-tempo.sh
03:44:06 PM  1000   1034355      0.00      0.00  run-pyroscope.s
03:44:06 PM  1000   1034357      4.00      0.00  prometheus
03:44:06 PM  1000   1034359      0.00      0.00  tempo
03:44:06 PM  1000   1034360      0.00      0.00  loki
03:44:06 PM  1000   1034368      0.00      0.00  pyroscope

03:44:06 PM   UID       PID    %usr %system  %guest   %wait    %CPU   CPU  Command
03:44:07 PM  1000   1034337    0.00    0.00    0.00    0.00    0.00    18  run-grafana.sh
03:44:07 PM  1000   1034339    0.00    0.00    0.00    0.00    0.00    20  run-loki.sh
03:44:07 PM  1000   1034341    0.00    0.00    0.00    0.00    0.00    18  grafana
03:44:07 PM  1000   1034342    0.00    0.00    0.00    0.00    0.00    16  run-otelcol.sh
03:44:07 PM  1000   1034345    0.00    0.00    0.00    0.00    0.00    20  run-prometheus.
03:44:07 PM  1000   1034347    3.00    0.00    0.00    0.00    3.00    16  otelcol-contrib
03:44:07 PM  1000   1034349    0.00    0.00    0.00    0.00    0.00    16  run-tempo.sh
03:44:07 PM  1000   1034355    0.00    0.00    0.00    0.00    0.00    20  run-pyroscope.s
03:44:07 PM  1000   1034357    0.00    0.00    0.00    0.00    0.00    20  prometheus
03:44:07 PM  1000   1034359   17.00    1.00    0.00    0.00   18.00    16  tempo
03:44:07 PM  1000   1034360    0.00    0.00    0.00    0.00    0.00    18  loki
03:44:07 PM  1000   1034368    0.00    0.00    0.00    0.00    0.00    20  pyroscope

03:44:06 PM   UID       PID   cswch/s nvcswch/s  Command
03:44:07 PM  1000   1034337      0.00      0.00  run-grafana.sh
03:44:07 PM  1000   1034339      0.00      0.00  run-loki.sh
03:44:07 PM  1000   1034341      0.00      0.00  grafana
03:44:07 PM  1000   1034342      0.00      0.00  run-otelcol.sh
03:44:07 PM  1000   1034345      0.00      0.00  run-prometheus.
03:44:07 PM  1000   1034347     41.00      0.00  otelcol-contrib
03:44:07 PM  1000   1034349      0.00      0.00  run-tempo.sh
03:44:07 PM  1000   1034355      0.00      0.00  run-pyroscope.s
03:44:07 PM  1000   1034357      7.00      0.00  prometheus
03:44:07 PM  1000   1034359      0.00      0.00  tempo
03:44:07 PM  1000   1034360      0.00      0.00  loki
03:44:07 PM  1000   1034368      1.00      0.00  pyroscope

03:44:07 PM   UID       PID    %usr %system  %guest   %wait    %CPU   CPU  Command
03:44:08 PM  1000   1034337    0.00    0.00    0.00    0.00    0.00    18  run-grafana.sh
03:44:08 PM  1000   1034339    0.00    0.00    0.00    0.00    0.00    20  run-loki.sh
03:44:08 PM  1000   1034341    0.00    0.00    0.00    0.00    0.00    18  grafana
03:44:08 PM  1000   1034342    0.00    0.00    0.00    0.00    0.00    16  run-otelcol.sh
03:44:08 PM  1000   1034345    0.00    0.00    0.00    0.00    0.00    20  run-prometheus.
03:44:08 PM  1000   1034347    4.00    0.00    0.00    0.00    4.00    16  otelcol-contrib
03:44:08 PM  1000   1034349    0.00    0.00    0.00    0.00    0.00    16  run-tempo.sh
03:44:08 PM  1000   1034355    0.00    0.00    0.00    0.00    0.00    20  run-pyroscope.s
03:44:08 PM  1000   1034357    0.00    0.00    0.00    0.00    0.00    20  prometheus
03:44:08 PM  1000   1034359    8.00    1.00    0.00    0.00    9.00    16  tempo
03:44:08 PM  1000   1034360    0.00    0.00    0.00    0.00    0.00    18  loki
03:44:08 PM  1000   1034368    3.00    1.00    0.00    0.00    4.00    20  pyroscope

03:44:07 PM   UID       PID   cswch/s nvcswch/s  Command
03:44:08 PM  1000   1034337      0.00      0.00  run-grafana.sh
03:44:08 PM  1000   1034339      0.00      0.00  run-loki.sh
03:44:08 PM  1000   1034341      0.00      0.00  grafana
03:44:08 PM  1000   1034342      0.00      0.00  run-otelcol.sh
03:44:08 PM  1000   1034345      0.00      0.00  run-prometheus.
03:44:08 PM  1000   1034347     41.00      0.00  otelcol-contrib
03:44:08 PM  1000   1034349      0.00      0.00  run-tempo.sh
03:44:08 PM  1000   1034355      0.00      0.00  run-pyroscope.s
03:44:08 PM  1000   1034357      2.00      0.00  prometheus
03:44:08 PM  1000   1034359      0.00      0.00  tempo
03:44:08 PM  1000   1034360      0.00      0.00  loki
03:44:08 PM  1000   1034368      0.00      0.00  pyroscope

03:44:08 PM   UID       PID    %usr %system  %guest   %wait    %CPU   CPU  Command
03:44:09 PM  1000   1034337    0.00    0.00    0.00    0.00    0.00    18  run-grafana.sh
03:44:09 PM  1000   1034339    0.00    0.00    0.00    0.00    0.00    20  run-loki.sh
03:44:09 PM  1000   1034341    2.00    0.00    0.00    0.00    2.00    18  grafana
03:44:09 PM  1000   1034342    0.00    0.00    0.00    0.00    0.00    16  run-otelcol.sh
03:44:09 PM  1000   1034345    0.00    0.00    0.00    0.00    0.00    20  run-prometheus.
03:44:09 PM  1000   1034347    2.00    0.00    0.00    0.00    2.00    18  otelcol-contrib
03:44:09 PM  1000   1034349    0.00    0.00    0.00    0.00    0.00    16  run-tempo.sh
03:44:09 PM  1000   1034355    0.00    0.00    0.00    0.00    0.00    20  run-pyroscope.s
03:44:09 PM  1000   1034357    0.00    0.00    0.00    0.00    0.00    20  prometheus
03:44:09 PM  1000   1034359   18.00    1.00    0.00    0.00   19.00    16  tempo
03:44:09 PM  1000   1034360    1.00    0.00    0.00    0.00    1.00    18  loki
03:44:09 PM  1000   1034368    0.00    0.00    0.00    0.00    0.00    20  pyroscope

03:44:08 PM   UID       PID   cswch/s nvcswch/s  Command
03:44:09 PM  1000   1034337      0.00      0.00  run-grafana.sh
03:44:09 PM  1000   1034339      0.00      0.00  run-loki.sh
03:44:09 PM  1000   1034341      0.00      0.00  grafana
03:44:09 PM  1000   1034342      0.00      0.00  run-otelcol.sh
03:44:09 PM  1000   1034345      0.00      0.00  run-prometheus.
03:44:09 PM  1000   1034347     45.00      0.00  otelcol-contrib
03:44:09 PM  1000   1034349      0.00      0.00  run-tempo.sh
03:44:09 PM  1000   1034355      0.00      0.00  run-pyroscope.s
03:44:09 PM  1000   1034357      1.00      0.00  prometheus
03:44:09 PM  1000   1034359      0.00      0.00  tempo
03:44:09 PM  1000   1034360      0.00      0.00  loki
03:44:09 PM  1000   1034368      0.00      0.00  pyroscope

03:44:09 PM   UID       PID    %usr %system  %guest   %wait    %CPU   CPU  Command
03:44:10 PM  1000   1034337    0.00    0.00    0.00    0.00    0.00    18  run-grafana.sh
03:44:10 PM  1000   1034339    0.00    0.00    0.00    0.00    0.00    20  run-loki.sh
03:44:10 PM  1000   1034341    2.00    0.00    0.00    0.00    2.00    18  grafana
03:44:10 PM  1000   1034342    0.00    0.00    0.00    0.00    0.00    16  run-otelcol.sh
03:44:10 PM  1000   1034345    0.00    0.00    0.00    0.00    0.00    20  run-prometheus.
03:44:10 PM  1000   1034347    1.00    1.00    0.00    0.00    2.00    20  otelcol-contrib
03:44:10 PM  1000   1034349    0.00    0.00    0.00    0.00    0.00    16  run-tempo.sh
03:44:10 PM  1000   1034355    0.00    0.00    0.00    0.00    0.00    20  run-pyroscope.s
03:44:10 PM  1000   1034357    0.00    0.00    0.00    0.00    0.00    18  prometheus
03:44:10 PM  1000   1034359   27.00    5.00    0.00    0.00   32.00    16  tempo
03:44:10 PM  1000   1034360    0.00    0.00    0.00    0.00    0.00    18  loki
03:44:10 PM  1000   1034368    0.00    0.00    0.00    0.00    0.00    20  pyroscope

03:44:09 PM   UID       PID   cswch/s nvcswch/s  Command
03:44:10 PM  1000   1034337      0.00      0.00  run-grafana.sh
03:44:10 PM  1000   1034339      0.00      0.00  run-loki.sh
03:44:10 PM  1000   1034341      0.00      0.00  grafana
03:44:10 PM  1000   1034342      0.00      0.00  run-otelcol.sh
03:44:10 PM  1000   1034345      0.00      0.00  run-prometheus.
03:44:10 PM  1000   1034347     49.00      0.00  otelcol-contrib
03:44:10 PM  1000   1034349      0.00      0.00  run-tempo.sh
03:44:10 PM  1000   1034355      0.00      0.00  run-pyroscope.s
03:44:10 PM  1000   1034357      3.00      0.00  prometheus
03:44:10 PM  1000   1034359      0.00      0.00  tempo
03:44:10 PM  1000   1034360      0.00      0.00  loki
03:44:10 PM  1000   1034368      0.00      0.00  pyroscope

03:44:10 PM   UID       PID    %usr %system  %guest   %wait    %CPU   CPU  Command
03:44:11 PM  1000   1034337    0.00    0.00    0.00    0.00    0.00    18  run-grafana.sh
03:44:11 PM  1000   1034339    0.00    0.00    0.00    0.00    0.00    20  run-loki.sh
03:44:11 PM  1000   1034341    0.00    0.00    0.00    0.00    0.00    18  grafana
03:44:11 PM  1000   1034342    0.00    0.00    0.00    0.00    0.00    16  run-otelcol.sh
03:44:11 PM  1000   1034345    0.00    0.00    0.00    0.00    0.00    20  run-prometheus.
03:44:11 PM  1000   1034347    5.00    0.00    0.00    0.00    5.00    20  otelcol-contrib
03:44:11 PM  1000   1034349    0.00    0.00    0.00    0.00    0.00    16  run-tempo.sh
03:44:11 PM  1000   1034355    0.00    0.00    0.00    0.00    0.00    20  run-pyroscope.s
03:44:11 PM  1000   1034357    0.00    0.00    0.00    0.00    0.00    16  prometheus
03:44:11 PM  1000   1034359   26.00    1.00    0.00    0.00   27.00    16  tempo
03:44:11 PM  1000   1034360    0.00    0.00    0.00    0.00    0.00    18  loki
03:44:11 PM  1000   1034368    1.00    0.00    0.00    0.00    1.00    20  pyroscope

03:44:10 PM   UID       PID   cswch/s nvcswch/s  Command
03:44:11 PM  1000   1034337      0.00      0.00  run-grafana.sh
03:44:11 PM  1000   1034339      0.00      0.00  run-loki.sh
03:44:11 PM  1000   1034341      0.00      0.00  grafana
03:44:11 PM  1000   1034342      0.00      0.00  run-otelcol.sh
03:44:11 PM  1000   1034345      0.00      0.00  run-prometheus.
03:44:11 PM  1000   1034347     41.00      3.00  otelcol-contrib
03:44:11 PM  1000   1034349      0.00      0.00  run-tempo.sh
03:44:11 PM  1000   1034355      0.00      0.00  run-pyroscope.s
03:44:11 PM  1000   1034357      1.00      0.00  prometheus
03:44:11 PM  1000   1034359      0.00      0.00  tempo
03:44:11 PM  1000   1034360      0.00      0.00  loki
03:44:11 PM  1000   1034368      0.00      0.00  pyroscope

03:44:11 PM   UID       PID    %usr %system  %guest   %wait    %CPU   CPU  Command
03:44:12 PM  1000   1034337    0.00    0.00    0.00    0.00    0.00    18  run-grafana.sh
03:44:12 PM  1000   1034339    0.00    0.00    0.00    0.00    0.00    20  run-loki.sh
03:44:12 PM  1000   1034341    0.00    0.00    0.00    0.00    0.00    18  grafana
03:44:12 PM  1000   1034342    0.00    0.00    0.00    0.00    0.00    16  run-otelcol.sh
03:44:12 PM  1000   1034345    0.00    0.00    0.00    0.00    0.00    20  run-prometheus.
03:44:12 PM  1000   1034347    2.00    1.00    0.00    0.00    3.00    16  otelcol-contrib
03:44:12 PM  1000   1034349    0.00    0.00    0.00    0.00    0.00    16  run-tempo.sh
03:44:12 PM  1000   1034355    0.00    0.00    0.00    0.00    0.00    20  run-pyroscope.s
03:44:12 PM  1000   1034357    0.00    0.00    0.00    0.00    0.00    18  prometheus
03:44:12 PM  1000   1034359   19.00    4.00    0.00    0.00   23.00    16  tempo
03:44:12 PM  1000   1034360    1.00    0.00    0.00    0.00    1.00    18  loki
03:44:12 PM  1000   1034368    0.00    0.00    0.00    0.00    0.00    20  pyroscope

03:44:11 PM   UID       PID   cswch/s nvcswch/s  Command
03:44:12 PM  1000   1034337      0.00      0.00  run-grafana.sh
03:44:12 PM  1000   1034339      0.00      0.00  run-loki.sh
03:44:12 PM  1000   1034341      0.00      0.00  grafana
03:44:12 PM  1000   1034342      0.00      0.00  run-otelcol.sh
03:44:12 PM  1000   1034345      0.00      0.00  run-prometheus.
03:44:12 PM  1000   1034347     46.00      0.00  otelcol-contrib
03:44:12 PM  1000   1034349      0.00      0.00  run-tempo.sh
03:44:12 PM  1000   1034355      0.00      0.00  run-pyroscope.s
03:44:12 PM  1000   1034357      1.00      0.00  prometheus
03:44:12 PM  1000   1034359      0.00      0.00  tempo
03:44:12 PM  1000   1034360      0.00      0.00  loki
03:44:12 PM  1000   1034368      0.00      0.00  pyroscope

03:44:12 PM   UID       PID    %usr %system  %guest   %wait    %CPU   CPU  Command
03:44:13 PM  1000   1034337    0.00    0.00    0.00    0.00    0.00    18  run-grafana.sh
03:44:13 PM  1000   1034339    0.00    0.00    0.00    0.00    0.00    20  run-loki.sh
03:44:13 PM  1000   1034341    0.00    0.00    0.00    0.00    0.00    18  grafana
03:44:13 PM  1000   1034342    0.00    0.00    0.00    0.00    0.00    16  run-otelcol.sh
03:44:13 PM  1000   1034345    0.00    0.00    0.00    0.00    0.00    20  run-prometheus.
03:44:13 PM  1000   1034347    1.00    0.00    0.00    0.00    1.00    20  otelcol-contrib
03:44:13 PM  1000   1034349    0.00    0.00    0.00    0.00    0.00    16  run-tempo.sh
03:44:13 PM  1000   1034355    0.00    0.00    0.00    0.00    0.00    20  run-pyroscope.s
03:44:13 PM  1000   1034357    0.00    0.00    0.00    0.00    0.00    20  prometheus
03:44:13 PM  1000   1034359    5.00    1.00    0.00    0.00    6.00    16  tempo
03:44:13 PM  1000   1034360    0.00    0.00    0.00    0.00    0.00    18  loki
03:44:13 PM  1000   1034368    0.00    0.00    0.00    0.00    0.00    20  pyroscope

03:44:12 PM   UID       PID   cswch/s nvcswch/s  Command
03:44:13 PM  1000   1034337      0.00      0.00  run-grafana.sh
03:44:13 PM  1000   1034339      0.00      0.00  run-loki.sh
03:44:13 PM  1000   1034341      0.00      0.00  grafana
03:44:13 PM  1000   1034342      0.00      0.00  run-otelcol.sh
03:44:13 PM  1000   1034345      0.00      0.00  run-prometheus.
03:44:13 PM  1000   1034347     23.00      1.00  otelcol-contrib
03:44:13 PM  1000   1034349      0.00      0.00  run-tempo.sh
03:44:13 PM  1000   1034355      0.00      0.00  run-pyroscope.s
03:44:13 PM  1000   1034357      1.00      0.00  prometheus
03:44:13 PM  1000   1034359      0.00      0.00  tempo
03:44:13 PM  1000   1034360      0.00      0.00  loki
03:44:13 PM  1000   1034368      0.00      0.00  pyroscope

03:44:13 PM   UID       PID    %usr %system  %guest   %wait    %CPU   CPU  Command
03:44:14 PM  1000   1034337    0.00    0.00    0.00    0.00    0.00    18  run-grafana.sh
03:44:14 PM  1000   1034339    0.00    0.00    0.00    0.00    0.00    20  run-loki.sh
03:44:14 PM  1000   1034341    0.00    0.00    0.00    0.00    0.00    18  grafana
03:44:14 PM  1000   1034342    0.00    0.00    0.00    0.00    0.00    16  run-otelcol.sh
03:44:14 PM  1000   1034345    0.00    0.00    0.00    0.00    0.00    20  run-prometheus.
03:44:14 PM  1000   1034347    0.00    0.00    0.00    0.00    0.00    18  otelcol-contrib
03:44:14 PM  1000   1034349    0.00    0.00    0.00    0.00    0.00    16  run-tempo.sh
03:44:14 PM  1000   1034355    0.00    0.00    0.00    0.00    0.00    20  run-pyroscope.s
03:44:14 PM  1000   1034357    0.00    0.00    0.00    0.00    0.00    18  prometheus
03:44:14 PM  1000   1034359    2.00    0.00    0.00    0.00    2.00    16  tempo
03:44:14 PM  1000   1034360    0.00    0.00    0.00    0.00    0.00    18  loki
03:44:14 PM  1000   1034368    0.00    0.00    0.00    0.00    0.00    16  pyroscope

03:44:13 PM   UID       PID   cswch/s nvcswch/s  Command
03:44:14 PM  1000   1034337      0.00      0.00  run-grafana.sh
03:44:14 PM  1000   1034339      0.00      0.00  run-loki.sh
03:44:14 PM  1000   1034341      0.00      0.00  grafana
03:44:14 PM  1000   1034342      0.00      0.00  run-otelcol.sh
03:44:14 PM  1000   1034345      0.00      0.00  run-prometheus.
03:44:14 PM  1000   1034347     28.00      0.00  otelcol-contrib
03:44:14 PM  1000   1034349      0.00      0.00  run-tempo.sh
03:44:14 PM  1000   1034355      0.00      0.00  run-pyroscope.s
03:44:14 PM  1000   1034357      1.00      0.00  prometheus
03:44:14 PM  1000   1034359      0.00      0.00  tempo
03:44:14 PM  1000   1034360      0.00      0.00  loki
03:44:14 PM  1000   1034368     33.00      0.00  pyroscope

03:44:14 PM   UID       PID    %usr %system  %guest   %wait    %CPU   CPU  Command
03:44:15 PM  1000   1034337    0.00    0.00    0.00    0.00    0.00    18  run-grafana.sh
03:44:15 PM  1000   1034339    0.00    0.00    0.00    0.00    0.00    20  run-loki.sh
03:44:15 PM  1000   1034341    0.00    0.00    0.00    0.00    0.00    18  grafana
03:44:15 PM  1000   1034342    0.00    0.00    0.00    0.00    0.00    16  run-otelcol.sh
03:44:15 PM  1000   1034345    0.00    0.00    0.00    0.00    0.00    20  run-prometheus.
03:44:15 PM  1000   1034347    1.00    0.00    0.00    0.00    1.00    20  otelcol-contrib
03:44:15 PM  1000   1034349    0.00    0.00    0.00    0.00    0.00    16  run-tempo.sh
03:44:15 PM  1000   1034355    0.00    0.00    0.00    0.00    0.00    20  run-pyroscope.s
03:44:15 PM  1000   1034357    1.00    0.00    0.00    0.00    1.00    18  prometheus
03:44:15 PM  1000   1034359   12.00    1.00    0.00    0.00   13.00    20  tempo
03:44:15 PM  1000   1034360    0.00    0.00    0.00    0.00    0.00    18  loki
03:44:15 PM  1000   1034368    0.00    0.00    0.00    0.00    0.00    16  pyroscope

03:44:14 PM   UID       PID   cswch/s nvcswch/s  Command
03:44:15 PM  1000   1034337      0.00      0.00  run-grafana.sh
03:44:15 PM  1000   1034339      0.00      0.00  run-loki.sh
03:44:15 PM  1000   1034341      0.00      0.00  grafana
03:44:15 PM  1000   1034342      0.00      0.00  run-otelcol.sh
03:44:15 PM  1000   1034345      0.00      0.00  run-prometheus.
03:44:15 PM  1000   1034347     12.00      0.00  otelcol-contrib
03:44:15 PM  1000   1034349      0.00      0.00  run-tempo.sh
03:44:15 PM  1000   1034355      0.00      0.00  run-pyroscope.s
03:44:15 PM  1000   1034357      2.00      0.00  prometheus
03:44:15 PM  1000   1034359     19.00      0.00  tempo
03:44:15 PM  1000   1034360      0.00      0.00  loki
03:44:15 PM  1000   1034368     30.00      0.00  pyroscope

03:44:15 PM   UID       PID    %usr %system  %guest   %wait    %CPU   CPU  Command
03:44:16 PM  1000   1034337    0.00    0.00    0.00    0.00    0.00    18  run-grafana.sh
03:44:16 PM  1000   1034339    0.00    0.00    0.00    0.00    0.00    20  run-loki.sh
03:44:16 PM  1000   1034341    0.00    0.00    0.00    0.00    0.00    18  grafana
03:44:16 PM  1000   1034342    0.00    0.00    0.00    0.00    0.00    16  run-otelcol.sh
03:44:16 PM  1000   1034345    0.00    0.00    0.00    0.00    0.00    20  run-prometheus.
03:44:16 PM  1000   1034347    0.00    0.00    0.00    0.00    0.00    18  otelcol-contrib
03:44:16 PM  1000   1034349    0.00    0.00    0.00    0.00    0.00    16  run-tempo.sh
03:44:16 PM  1000   1034355    0.00    0.00    0.00    0.00    0.00    20  run-pyroscope.s
03:44:16 PM  1000   1034357    0.00    0.00    0.00    0.00    0.00    18  prometheus
03:44:16 PM  1000   1034359    4.00    0.00    0.00    0.00    4.00    18  tempo
03:44:16 PM  1000   1034360    0.00    1.00    0.00    0.00    1.00    18  loki
03:44:16 PM  1000   1034368    0.00    0.00    0.00    0.00    0.00    16  pyroscope

03:44:15 PM   UID       PID   cswch/s nvcswch/s  Command
03:44:16 PM  1000   1034337      0.00      0.00  run-grafana.sh
03:44:16 PM  1000   1034339      0.00      0.00  run-loki.sh
03:44:16 PM  1000   1034341      0.00      0.00  grafana
03:44:16 PM  1000   1034342      0.00      0.00  run-otelcol.sh
03:44:16 PM  1000   1034345      0.00      0.00  run-prometheus.
03:44:16 PM  1000   1034347     25.00      0.00  otelcol-contrib
03:44:16 PM  1000   1034349      0.00      0.00  run-tempo.sh
03:44:16 PM  1000   1034355      0.00      0.00  run-pyroscope.s
03:44:16 PM  1000   1034357      4.00      0.00  prometheus
03:44:16 PM  1000   1034359     42.00      0.00  tempo
03:44:16 PM  1000   1034360      0.00      0.00  loki
03:44:16 PM  1000   1034368     25.00      0.00  pyroscope
