Linux 5.14.0-570.60.1.el9_6.x86_64 *****) 	04/17/2026 	_x86_64_	(64 CPU)

04:09:19 PM   UID      TGID       TID    %usr %system  %guest   %wait    %CPU   CPU  Command
04:09:20 PM  1000   1056171         -  177.00    9.00    0.00    0.00  186.00    24  java
04:09:20 PM  1000         -   1056171    0.00    0.00    0.00    0.00    0.00    24  |__java
04:09:20 PM  1000         -   1056205   14.00    1.00    0.00    0.00   15.00    24  |__java
04:09:20 PM  1000         -   1056206    0.00    0.00    0.00    0.00    0.00    26  |__GC Thread#0
04:09:20 PM  1000         -   1056207    0.00    0.00    0.00    0.00    0.00    22  |__G1 Main Marker
04:09:20 PM  1000         -   1056208    0.00    0.00    0.00    0.00    0.00    22  |__G1 Conc#0
04:09:20 PM  1000         -   1056209    0.00    0.00    0.00    0.00    0.00    26  |__G1 Refine#0
04:09:20 PM  1000         -   1056210    0.00    0.00    0.00    0.00    0.00    24  |__G1 Service
04:09:20 PM  1000         -   1056212    0.00    0.00    0.00    0.00    0.00    24  |__VM Periodic Tas
04:09:20 PM  1000         -   1056213    0.00    0.00    0.00    0.00    0.00    22  |__VM Thread
04:09:20 PM  1000         -   1056214    0.00    0.00    0.00    0.00    0.00    26  |__Reference Handl
04:09:20 PM  1000         -   1056215    0.00    0.00    0.00    0.00    0.00    24  |__Finalizer
04:09:20 PM  1000         -   1056216    0.00    0.00    0.00    0.00    0.00    24  |__Signal Dispatch
04:09:20 PM  1000         -   1056217    0.00    0.00    0.00    0.00    0.00    24  |__Service Thread
04:09:20 PM  1000         -   1056218    0.00    0.00    0.00    0.00    0.00    26  |__Monitor Deflati
04:09:20 PM  1000         -   1056219   68.00    1.00    0.00    0.00   69.00    22  |__C2 CompilerThre
04:09:20 PM  1000         -   1056220   30.00    1.00    0.00    1.00   31.00    26  |__C1 CompilerThre
04:09:20 PM  1000         -   1056221    0.00    0.00    0.00    0.00    0.00    24  |__Notification Th
04:09:20 PM  1000         -   1056222    0.00    0.00    0.00    0.00    0.00    26  |__Common-Cleaner
04:09:20 PM  1000         -   1056485    0.00    0.00    0.00    0.00    0.00    26  |__vertx-blocked-t
04:09:20 PM  1000         -   1056487    0.00    0.00    0.00    0.00    0.00    26  |__process reaper
04:09:20 PM  1000         -   1056489    0.00    0.00    0.00    0.00    0.00    24  |__vertx-blocked-t
04:09:20 PM  1000         -   1056491   44.00    3.00    0.00    0.00   47.00    24  |__vert.x-eventloo
04:09:20 PM  1000         -   1056492    0.00    0.00    0.00    0.00    0.00    26  |__vert.x-acceptor
04:09:20 PM  1000         -   1056493    0.00    0.00    0.00    0.00    0.00    22  |__GC Thread#1
04:09:20 PM  1000         -   1056494    0.00    0.00    0.00    0.00    0.00    24  |__GC Thread#2
04:09:20 PM  1000         -   1056496    0.00    0.00    0.00    0.00    0.00    22  |__vert.x-worker-t
04:09:20 PM  1000         -   1056497    0.00    0.00    0.00    0.00    0.00    24  |__vert.x-eventloo
04:09:20 PM  1000         -   1056498    0.00    0.00    0.00    0.00    0.00    24  |__vert.x-eventloo
04:09:20 PM  1000         -   1056499   15.00    1.00    0.00    0.00   16.00    26  |__vert.x-eventloo
04:09:20 PM  1000         -   1056500    0.00    0.00    0.00    0.00    0.00    24  |__CLI-scheduled-e
04:09:20 PM  1000         -   1056501    0.00    0.00    0.00    0.00    0.00    26  |__vert.x-eventloo
04:09:20 PM  1000         -   1056503    0.00    0.00    0.00    0.00    0.00    24  |__vert.x-worker-t
04:09:20 PM  1000         -   1056504    0.00    0.00    0.00    0.00    0.00    24  |__vert.x-eventloo

04:09:19 PM   UID      TGID       TID   cswch/s nvcswch/s  Command
04:09:20 PM  1000   1056171         -      0.00      0.00  java
04:09:20 PM  1000         -   1056171      0.00      0.00  |__java
04:09:20 PM  1000         -   1056205     47.00     14.00  |__java
04:09:20 PM  1000         -   1056206     15.00      0.00  |__GC Thread#0
04:09:20 PM  1000         -   1056207      7.00      0.00  |__G1 Main Marker
04:09:20 PM  1000         -   1056208      3.00      3.00  |__G1 Conc#0
04:09:20 PM  1000         -   1056209      0.00      0.00  |__G1 Refine#0
04:09:20 PM  1000         -   1056210     19.00      0.00  |__G1 Service
04:09:20 PM  1000         -   1056212      0.00      0.00  |__VM Periodic Tas
04:09:20 PM  1000         -   1056213     42.00      0.00  |__VM Thread
04:09:20 PM  1000         -   1056214      2.00      0.00  |__Reference Handl
04:09:20 PM  1000         -   1056215      0.00      0.00  |__Finalizer
04:09:20 PM  1000         -   1056216      0.00      0.00  |__Signal Dispatch
04:09:20 PM  1000         -   1056217      1.00      0.00  |__Service Thread
04:09:20 PM  1000         -   1056218      4.00      0.00  |__Monitor Deflati
04:09:20 PM  1000         -   1056219    226.00      6.00  |__C2 CompilerThre
04:09:20 PM  1000         -   1056220    375.00      3.00  |__C1 CompilerThre
04:09:20 PM  1000         -   1056221      0.00      0.00  |__Notification Th
04:09:20 PM  1000         -   1056222      1.00      0.00  |__Common-Cleaner
04:09:20 PM  1000         -   1056485      1.00      0.00  |__vertx-blocked-t
04:09:20 PM  1000         -   1056487      2.00      0.00  |__process reaper
04:09:20 PM  1000         -   1056489      1.00      0.00  |__vertx-blocked-t
04:09:20 PM  1000         -   1056491     98.00     13.00  |__vert.x-eventloo
04:09:20 PM  1000         -   1056492      3.00      2.00  |__vert.x-acceptor
04:09:20 PM  1000         -   1056493     17.00      2.00  |__GC Thread#1
04:09:20 PM  1000         -   1056494     15.00      1.00  |__GC Thread#2
04:09:20 PM  1000         -   1056496      3.00      0.00  |__vert.x-worker-t
04:09:20 PM  1000         -   1056497      1.00      2.00  |__vert.x-eventloo
04:09:20 PM  1000         -   1056498      2.00      0.00  |__vert.x-eventloo
04:09:20 PM  1000         -   1056499     40.00      1.00  |__vert.x-eventloo
04:09:20 PM  1000         -   1056500      5.00      0.00  |__CLI-scheduled-e
04:09:20 PM  1000         -   1056501      6.00     21.00  |__vert.x-eventloo
04:09:20 PM  1000         -   1056503      2.00      0.00  |__vert.x-worker-t
04:09:20 PM  1000         -   1056504      1.00      2.00  |__vert.x-eventloo

04:09:20 PM   UID      TGID       TID    %usr %system  %guest   %wait    %CPU   CPU  Command
04:09:21 PM  1000   1056171         -   38.00    2.00    0.00    0.00   40.00    24  java
04:09:21 PM  1000         -   1056171    0.00    0.00    0.00    0.00    0.00    24  |__java
04:09:21 PM  1000         -   1056205    0.00    0.00    0.00    0.00    0.00    24  |__java
04:09:21 PM  1000         -   1056206    3.00    0.00    0.00    0.00    3.00    26  |__GC Thread#0
04:09:21 PM  1000         -   1056207    0.00    0.00    0.00    0.00    0.00    22  |__G1 Main Marker
04:09:21 PM  1000         -   1056208    0.00    0.00    0.00    0.00    0.00    22  |__G1 Conc#0
04:09:21 PM  1000         -   1056209    0.00    0.00    0.00    0.00    0.00    26  |__G1 Refine#0
04:09:21 PM  1000         -   1056210    0.00    0.00    0.00    0.00    0.00    22  |__G1 Service
04:09:21 PM  1000         -   1056212    0.00    0.00    0.00    0.00    0.00    24  |__VM Periodic Tas
04:09:21 PM  1000         -   1056213    0.00    0.00    0.00    0.00    0.00    22  |__VM Thread
04:09:21 PM  1000         -   1056214    0.00    0.00    0.00    0.00    0.00    26  |__Reference Handl
04:09:21 PM  1000         -   1056215    0.00    0.00    0.00    0.00    0.00    24  |__Finalizer
04:09:21 PM  1000         -   1056216    0.00    0.00    0.00    0.00    0.00    24  |__Signal Dispatch
04:09:21 PM  1000         -   1056217    0.00    0.00    0.00    0.00    0.00    24  |__Service Thread
04:09:21 PM  1000         -   1056218    0.00    0.00    0.00    0.00    0.00    26  |__Monitor Deflati
04:09:21 PM  1000         -   1056219   13.00    0.00    0.00    0.00   13.00    26  |__C2 CompilerThre
04:09:21 PM  1000         -   1056220    4.00    0.00    0.00    0.00    4.00    22  |__C1 CompilerThre
04:09:21 PM  1000         -   1056221    0.00    0.00    0.00    0.00    0.00    24  |__Notification Th
04:09:21 PM  1000         -   1056222    0.00    0.00    0.00    0.00    0.00    26  |__Common-Cleaner
04:09:21 PM  1000         -   1056485    0.00    0.00    0.00    0.00    0.00    26  |__vertx-blocked-t
04:09:21 PM  1000         -   1056487    0.00    0.00    0.00    0.00    0.00    26  |__process reaper
04:09:21 PM  1000         -   1056489    0.00    0.00    0.00    0.00    0.00    22  |__vertx-blocked-t
04:09:21 PM  1000         -   1056491    1.00    0.00    0.00    0.00    1.00    24  |__vert.x-eventloo
04:09:21 PM  1000         -   1056492    0.00    0.00    0.00    0.00    0.00    26  |__vert.x-acceptor
04:09:21 PM  1000         -   1056493    2.00    0.00    0.00    0.00    2.00    24  |__GC Thread#1
04:09:21 PM  1000         -   1056494    6.00    0.00    0.00    0.00    6.00    24  |__GC Thread#2
04:09:21 PM  1000         -   1056496    0.00    0.00    0.00    0.00    0.00    22  |__vert.x-worker-t
04:09:21 PM  1000         -   1056497    0.00    0.00    0.00    0.00    0.00    24  |__vert.x-eventloo
04:09:21 PM  1000         -   1056498    0.00    0.00    0.00    0.00    0.00    24  |__vert.x-eventloo
04:09:21 PM  1000         -   1056499    0.00    0.00    0.00    0.00    0.00    22  |__vert.x-eventloo
04:09:21 PM  1000         -   1056500    0.00    0.00    0.00    0.00    0.00    24  |__CLI-scheduled-e
04:09:21 PM  1000         -   1056501    0.00    0.00    0.00    0.00    0.00    26  |__vert.x-eventloo
04:09:21 PM  1000         -   1056503    0.00    0.00    0.00    0.00    0.00    24  |__vert.x-worker-t
04:09:21 PM  1000         -   1056504    7.00    0.00    0.00    0.00    7.00    22  |__vert.x-eventloo
04:09:21 PM  1000         -   1056509    0.00    0.00    0.00    0.00    0.00    24  |__cpu-watchdog
04:09:21 PM  1000         -   1056510    2.00    0.00    0.00    0.00    2.00    24  |__epollEventLoopG
04:09:21 PM  1000         -   1056511    1.00    0.00    0.00    2.00    1.00    22  |__epollEventLoopG

04:09:20 PM   UID      TGID       TID   cswch/s nvcswch/s  Command
04:09:21 PM  1000   1056171         -      0.00      0.00  java
04:09:21 PM  1000         -   1056171      0.00      0.00  |__java
04:09:21 PM  1000         -   1056205      5.00      0.00  |__java
04:09:21 PM  1000         -   1056206      9.00      0.00  |__GC Thread#0
04:09:21 PM  1000         -   1056207      0.00      0.00  |__G1 Main Marker
04:09:21 PM  1000         -   1056208      0.00      0.00  |__G1 Conc#0
04:09:21 PM  1000         -   1056209      0.00      0.00  |__G1 Refine#0
04:09:21 PM  1000         -   1056210      8.00      0.00  |__G1 Service
04:09:21 PM  1000         -   1056212      0.00      0.00  |__VM Periodic Tas
04:09:21 PM  1000         -   1056213     28.00      2.00  |__VM Thread
04:09:21 PM  1000         -   1056214      1.00      0.00  |__Reference Handl
04:09:21 PM  1000         -   1056215      0.00      0.00  |__Finalizer
04:09:21 PM  1000         -   1056216      0.00      0.00  |__Signal Dispatch
04:09:21 PM  1000         -   1056217      4.00      0.00  |__Service Thread
04:09:21 PM  1000         -   1056218      4.00      0.00  |__Monitor Deflati
04:09:21 PM  1000         -   1056219     19.00      2.00  |__C2 CompilerThre
04:09:21 PM  1000         -   1056220     78.00      3.00  |__C1 CompilerThre
04:09:21 PM  1000         -   1056221      0.00      0.00  |__Notification Th
04:09:21 PM  1000         -   1056222      1.00      0.00  |__Common-Cleaner
04:09:21 PM  1000         -   1056485      1.00      0.00  |__vertx-blocked-t
04:09:21 PM  1000         -   1056487      0.00      0.00  |__process reaper
04:09:21 PM  1000         -   1056489      1.00      0.00  |__vertx-blocked-t
04:09:21 PM  1000         -   1056491      3.00      1.00  |__vert.x-eventloo
04:09:21 PM  1000         -   1056492      0.00      0.00  |__vert.x-acceptor
04:09:21 PM  1000         -   1056493      8.00      0.00  |__GC Thread#1
04:09:21 PM  1000         -   1056494      8.00      1.00  |__GC Thread#2
04:09:21 PM  1000         -   1056496      0.00      0.00  |__vert.x-worker-t
04:09:21 PM  1000         -   1056497      0.00      0.00  |__vert.x-eventloo
04:09:21 PM  1000         -   1056498      1.00      0.00  |__vert.x-eventloo
04:09:21 PM  1000         -   1056499      2.00      0.00  |__vert.x-eventloo
04:09:21 PM  1000         -   1056500      0.00      0.00  |__CLI-scheduled-e
04:09:21 PM  1000         -   1056501      0.00      0.00  |__vert.x-eventloo
04:09:21 PM  1000         -   1056503      0.00      0.00  |__vert.x-worker-t
04:09:21 PM  1000         -   1056504     28.00      1.00  |__vert.x-eventloo
04:09:21 PM  1000         -   1056509      1.00      2.00  |__cpu-watchdog
04:09:21 PM  1000         -   1056510     30.00      7.00  |__epollEventLoopG
04:09:21 PM  1000         -   1056511     30.00     41.00  |__epollEventLoopG

04:09:21 PM   UID      TGID       TID    %usr %system  %guest   %wait    %CPU   CPU  Command
04:09:22 PM  1000   1056171         -  164.00   13.00    0.00    0.00  177.00    24  java
04:09:22 PM  1000         -   1056171    0.00    0.00    0.00    0.00    0.00    24  |__java
04:09:22 PM  1000         -   1056205    0.00    0.00    0.00    0.00    0.00    22  |__java
04:09:22 PM  1000         -   1056206    0.00    0.00    0.00    0.00    0.00    26  |__GC Thread#0
04:09:22 PM  1000         -   1056207    0.00    0.00    0.00    0.00    0.00    22  |__G1 Main Marker
04:09:22 PM  1000         -   1056208    0.00    0.00    0.00    0.00    0.00    22  |__G1 Conc#0
04:09:22 PM  1000         -   1056209    0.00    0.00    0.00    0.00    0.00    26  |__G1 Refine#0
04:09:22 PM  1000         -   1056210    0.00    0.00    0.00    0.00    0.00    22  |__G1 Service
04:09:22 PM  1000         -   1056212    0.00    0.00    0.00    0.00    0.00    24  |__VM Periodic Tas
04:09:22 PM  1000         -   1056213    0.00    0.00    0.00    0.00    0.00    22  |__VM Thread
04:09:22 PM  1000         -   1056214    0.00    0.00    0.00    0.00    0.00    26  |__Reference Handl
04:09:22 PM  1000         -   1056215    0.00    0.00    0.00    0.00    0.00    24  |__Finalizer
04:09:22 PM  1000         -   1056216    0.00    0.00    0.00    0.00    0.00    24  |__Signal Dispatch
04:09:22 PM  1000         -   1056217    0.00    0.00    0.00    0.00    0.00    26  |__Service Thread
04:09:22 PM  1000         -   1056218    0.00    0.00    0.00    0.00    0.00    26  |__Monitor Deflati
04:09:22 PM  1000         -   1056219   91.00    1.00    0.00    0.00   92.00    24  |__C2 CompilerThre
04:09:22 PM  1000         -   1056220   26.00    1.00    0.00    7.00   27.00    22  |__C1 CompilerThre
04:09:22 PM  1000         -   1056221    0.00    0.00    0.00    0.00    0.00    24  |__Notification Th
04:09:22 PM  1000         -   1056222    0.00    0.00    0.00    0.00    0.00    26  |__Common-Cleaner
04:09:22 PM  1000         -   1056485    0.00    0.00    0.00    0.00    0.00    26  |__vertx-blocked-t
04:09:22 PM  1000         -   1056487    0.00    0.00    0.00    0.00    0.00    26  |__process reaper
04:09:22 PM  1000         -   1056489    0.00    0.00    0.00    0.00    0.00    22  |__vertx-blocked-t
04:09:22 PM  1000         -   1056491    1.00    0.00    0.00    0.00    1.00    26  |__vert.x-eventloo
04:09:22 PM  1000         -   1056492    0.00    0.00    0.00    0.00    0.00    26  |__vert.x-acceptor
04:09:22 PM  1000         -   1056493    0.00    0.00    0.00    0.00    0.00    24  |__GC Thread#1
04:09:22 PM  1000         -   1056494    0.00    0.00    0.00    0.00    0.00    24  |__GC Thread#2
04:09:22 PM  1000         -   1056496    0.00    0.00    0.00    0.00    0.00    22  |__vert.x-worker-t
04:09:22 PM  1000         -   1056497    0.00    0.00    0.00    0.00    0.00    24  |__vert.x-eventloo
04:09:22 PM  1000         -   1056498    0.00    0.00    0.00    0.00    0.00    26  |__vert.x-eventloo
04:09:22 PM  1000         -   1056499    1.00    0.00    0.00    0.00    1.00    22  |__vert.x-eventloo
04:09:22 PM  1000         -   1056500    0.00    0.00    0.00    0.00    0.00    24  |__CLI-scheduled-e
04:09:22 PM  1000         -   1056501    0.00    0.00    0.00    0.00    0.00    26  |__vert.x-eventloo
04:09:22 PM  1000         -   1056503    0.00    0.00    0.00    0.00    0.00    24  |__vert.x-worker-t
04:09:22 PM  1000         -   1056504    1.00    0.00    0.00    0.00    1.00    26  |__vert.x-eventloo
04:09:22 PM  1000         -   1056509    0.00    0.00    0.00    0.00    0.00    24  |__cpu-watchdog
04:09:22 PM  1000         -   1056510   23.00    7.00    0.00    6.00   30.00    26  |__epollEventLoopG
04:09:22 PM  1000         -   1056511   22.00    5.00    0.00    9.00   27.00    22  |__epollEventLoopG
04:09:22 PM  1000         -   1056512    0.00    0.00    0.00    0.00    0.00    22  |__jitter-watchdog
04:09:22 PM  1000         -   1056513    0.00    0.00    0.00    0.00    0.00    22  |__vert.x-worker-t

04:09:21 PM   UID      TGID       TID   cswch/s nvcswch/s  Command
04:09:22 PM  1000   1056171         -      0.00      0.00  java
04:09:22 PM  1000         -   1056171      0.00      0.00  |__java
04:09:22 PM  1000         -   1056205      2.00      0.00  |__java
04:09:22 PM  1000         -   1056206      0.00      0.00  |__GC Thread#0
04:09:22 PM  1000         -   1056207      0.00      0.00  |__G1 Main Marker
04:09:22 PM  1000         -   1056208      0.00      0.00  |__G1 Conc#0
04:09:22 PM  1000         -   1056209      0.00      0.00  |__G1 Refine#0
04:09:22 PM  1000         -   1056210      1.00      0.00  |__G1 Service
04:09:22 PM  1000         -   1056212      0.00      0.00  |__VM Periodic Tas
04:09:22 PM  1000         -   1056213      0.00      0.00  |__VM Thread
04:09:22 PM  1000         -   1056214      0.00      0.00  |__Reference Handl
04:09:22 PM  1000         -   1056215      0.00      0.00  |__Finalizer
04:09:22 PM  1000         -   1056216      0.00      0.00  |__Signal Dispatch
04:09:22 PM  1000         -   1056217      1.00      0.00  |__Service Thread
04:09:22 PM  1000         -   1056218      4.00      0.00  |__Monitor Deflati
04:09:22 PM  1000         -   1056219    109.00      1.00  |__C2 CompilerThre
04:09:22 PM  1000         -   1056220    165.00     10.00  |__C1 CompilerThre
04:09:22 PM  1000         -   1056221      0.00      0.00  |__Notification Th
04:09:22 PM  1000         -   1056222      0.00      0.00  |__Common-Cleaner
04:09:22 PM  1000         -   1056485      1.00      0.00  |__vertx-blocked-t
04:09:22 PM  1000         -   1056487      0.00      0.00  |__process reaper
04:09:22 PM  1000         -   1056489      1.00      0.00  |__vertx-blocked-t
04:09:22 PM  1000         -   1056491     10.00      0.00  |__vert.x-eventloo
04:09:22 PM  1000         -   1056492      0.00      0.00  |__vert.x-acceptor
04:09:22 PM  1000         -   1056493      0.00      0.00  |__GC Thread#1
04:09:22 PM  1000         -   1056494      0.00      0.00  |__GC Thread#2
04:09:22 PM  1000         -   1056496      0.00      0.00  |__vert.x-worker-t
04:09:22 PM  1000         -   1056497      0.00      0.00  |__vert.x-eventloo
04:09:22 PM  1000         -   1056498      1.00      0.00  |__vert.x-eventloo
04:09:22 PM  1000         -   1056499      2.00      0.00  |__vert.x-eventloo
04:09:22 PM  1000         -   1056500      0.00      0.00  |__CLI-scheduled-e
04:09:22 PM  1000         -   1056501      0.00      0.00  |__vert.x-eventloo
04:09:22 PM  1000         -   1056503      0.00      0.00  |__vert.x-worker-t
04:09:22 PM  1000         -   1056504      2.00      0.00  |__vert.x-eventloo
04:09:22 PM  1000         -   1056509      0.00      0.00  |__cpu-watchdog
04:09:22 PM  1000         -   1056510   2450.00     25.00  |__epollEventLoopG
04:09:22 PM  1000         -   1056511   2470.00     28.00  |__epollEventLoopG
04:09:22 PM  1000         -   1056512     20.00      2.00  |__jitter-watchdog
04:09:22 PM  1000         -   1056513      1.00      2.00  |__vert.x-worker-t

04:09:22 PM   UID      TGID       TID    %usr %system  %guest   %wait    %CPU   CPU  Command
04:09:23 PM  1000   1056171         -  120.00   13.00    0.00    0.00  133.00    24  java
04:09:23 PM  1000         -   1056171    0.00    0.00    0.00    0.00    0.00    24  |__java
04:09:23 PM  1000         -   1056205    0.00    0.00    0.00    0.00    0.00    26  |__java
04:09:23 PM  1000         -   1056206    0.00    0.00    0.00    0.00    0.00    26  |__GC Thread#0
04:09:23 PM  1000         -   1056207    0.00    0.00    0.00    0.00    0.00    22  |__G1 Main Marker
04:09:23 PM  1000         -   1056208    0.00    0.00    0.00    0.00    0.00    22  |__G1 Conc#0
04:09:23 PM  1000         -   1056209    0.00    0.00    0.00    0.00    0.00    26  |__G1 Refine#0
04:09:23 PM  1000         -   1056210    0.00    0.00    0.00    0.00    0.00    26  |__G1 Service
04:09:23 PM  1000         -   1056212    0.00    0.00    0.00    0.00    0.00    24  |__VM Periodic Tas
04:09:23 PM  1000         -   1056213    0.00    0.00    0.00    0.00    0.00    22  |__VM Thread
04:09:23 PM  1000         -   1056214    0.00    0.00    0.00    0.00    0.00    26  |__Reference Handl
04:09:23 PM  1000         -   1056215    0.00    0.00    0.00    0.00    0.00    24  |__Finalizer
04:09:23 PM  1000         -   1056216    0.00    0.00    0.00    0.00    0.00    24  |__Signal Dispatch
04:09:23 PM  1000         -   1056217    0.00    0.00    0.00    0.00    0.00    26  |__Service Thread
04:09:23 PM  1000         -   1056218    0.00    0.00    0.00    0.00    0.00    26  |__Monitor Deflati
04:09:23 PM  1000         -   1056219   98.00    0.00    0.00    0.00   98.00    24  |__C2 CompilerThre
04:09:23 PM  1000         -   1056220    0.00    0.00    0.00    0.00    0.00    22  |__C1 CompilerThre
04:09:23 PM  1000         -   1056221    0.00    0.00    0.00    0.00    0.00    24  |__Notification Th
04:09:23 PM  1000         -   1056222    0.00    0.00    0.00    0.00    0.00    26  |__Common-Cleaner
04:09:23 PM  1000         -   1056485    0.00    0.00    0.00    0.00    0.00    26  |__vertx-blocked-t
04:09:23 PM  1000         -   1056487    0.00    0.00    0.00    0.00    0.00    26  |__process reaper
04:09:23 PM  1000         -   1056489    0.00    0.00    0.00    0.00    0.00    22  |__vertx-blocked-t
04:09:23 PM  1000         -   1056491    0.00    0.00    0.00    0.00    0.00    26  |__vert.x-eventloo
04:09:23 PM  1000         -   1056492    0.00    0.00    0.00    0.00    0.00    26  |__vert.x-acceptor
04:09:23 PM  1000         -   1056493    0.00    0.00    0.00    0.00    0.00    24  |__GC Thread#1
04:09:23 PM  1000         -   1056494    0.00    0.00    0.00    0.00    0.00    24  |__GC Thread#2
04:09:23 PM  1000         -   1056496    0.00    0.00    0.00    0.00    0.00    22  |__vert.x-worker-t
04:09:23 PM  1000         -   1056497    0.00    0.00    0.00    0.00    0.00    24  |__vert.x-eventloo
04:09:23 PM  1000         -   1056498    0.00    0.00    0.00    0.00    0.00    26  |__vert.x-eventloo
04:09:23 PM  1000         -   1056499    0.00    0.00    0.00    0.00    0.00    26  |__vert.x-eventloo
04:09:23 PM  1000         -   1056500    0.00    0.00    0.00    0.00    0.00    24  |__CLI-scheduled-e
04:09:23 PM  1000         -   1056501    0.00    0.00    0.00    0.00    0.00    26  |__vert.x-eventloo
04:09:23 PM  1000         -   1056503    0.00    0.00    0.00    0.00    0.00    24  |__vert.x-worker-t
04:09:23 PM  1000         -   1056504    0.00    0.00    0.00    0.00    0.00    24  |__vert.x-eventloo
04:09:23 PM  1000         -   1056509    0.00    0.00    0.00    0.00    0.00    24  |__cpu-watchdog
04:09:23 PM  1000         -   1056510   11.00    5.00    0.00    1.00   16.00    26  |__epollEventLoopG
04:09:23 PM  1000         -   1056511   11.00    6.00    0.00    0.00   17.00    22  |__epollEventLoopG
04:09:23 PM  1000         -   1056512    0.00    0.00    0.00    0.00    0.00    22  |__jitter-watchdog
04:09:23 PM  1000         -   1056513    0.00    0.00    0.00    0.00    0.00    22  |__vert.x-worker-t

04:09:22 PM   UID      TGID       TID   cswch/s nvcswch/s  Command
04:09:23 PM  1000   1056171         -      0.00      0.00  java
04:09:23 PM  1000         -   1056171      0.00      0.00  |__java
04:09:23 PM  1000         -   1056205      2.00      0.00  |__java
04:09:23 PM  1000         -   1056206      0.00      0.00  |__GC Thread#0
04:09:23 PM  1000         -   1056207      0.00      0.00  |__G1 Main Marker
04:09:23 PM  1000         -   1056208      0.00      0.00  |__G1 Conc#0
04:09:23 PM  1000         -   1056209      0.00      0.00  |__G1 Refine#0
04:09:23 PM  1000         -   1056210      1.00      0.00  |__G1 Service
04:09:23 PM  1000         -   1056212      0.00      0.00  |__VM Periodic Tas
04:09:23 PM  1000         -   1056213      1.00      0.00  |__VM Thread
04:09:23 PM  1000         -   1056214      0.00      0.00  |__Reference Handl
04:09:23 PM  1000         -   1056215      0.00      0.00  |__Finalizer
04:09:23 PM  1000         -   1056216      0.00      0.00  |__Signal Dispatch
04:09:23 PM  1000         -   1056217      1.00      0.00  |__Service Thread
04:09:23 PM  1000         -   1056218      4.00      0.00  |__Monitor Deflati
04:09:23 PM  1000         -   1056219      5.00      2.00  |__C2 CompilerThre
04:09:23 PM  1000         -   1056220     90.00      0.00  |__C1 CompilerThre
04:09:23 PM  1000         -   1056221      0.00      0.00  |__Notification Th
04:09:23 PM  1000         -   1056222      0.00      0.00  |__Common-Cleaner
04:09:23 PM  1000         -   1056485      1.00      0.00  |__vertx-blocked-t
04:09:23 PM  1000         -   1056487      0.00      0.00  |__process reaper
04:09:23 PM  1000         -   1056489      1.00      0.00  |__vertx-blocked-t
04:09:23 PM  1000         -   1056491      3.00      0.00  |__vert.x-eventloo
04:09:23 PM  1000         -   1056492      0.00      0.00  |__vert.x-acceptor
04:09:23 PM  1000         -   1056493      0.00      0.00  |__GC Thread#1
04:09:23 PM  1000         -   1056494      0.00      0.00  |__GC Thread#2
04:09:23 PM  1000         -   1056496      0.00      0.00  |__vert.x-worker-t
04:09:23 PM  1000         -   1056497      0.00      0.00  |__vert.x-eventloo
04:09:23 PM  1000         -   1056498      1.00      0.00  |__vert.x-eventloo
04:09:23 PM  1000         -   1056499      2.00      0.00  |__vert.x-eventloo
04:09:23 PM  1000         -   1056500      0.00      0.00  |__CLI-scheduled-e
04:09:23 PM  1000         -   1056501      0.00      0.00  |__vert.x-eventloo
04:09:23 PM  1000         -   1056503      0.00      0.00  |__vert.x-worker-t
04:09:23 PM  1000         -   1056504      5.00      0.00  |__vert.x-eventloo
04:09:23 PM  1000         -   1056509      0.00      0.00  |__cpu-watchdog
04:09:23 PM  1000         -   1056510   3840.00     10.00  |__epollEventLoopG
04:09:23 PM  1000         -   1056511   3886.00     17.00  |__epollEventLoopG
04:09:23 PM  1000         -   1056512     20.00      0.00  |__jitter-watchdog
04:09:23 PM  1000         -   1056513      0.00      0.00  |__vert.x-worker-t

04:09:23 PM   UID      TGID       TID    %usr %system  %guest   %wait    %CPU   CPU  Command
04:09:24 PM  1000   1056171         -   78.00   12.00    0.00    0.00   90.00    24  java
04:09:24 PM  1000         -   1056171    0.00    0.00    0.00    0.00    0.00    24  |__java
04:09:24 PM  1000         -   1056205    0.00    0.00    0.00    0.00    0.00    26  |__java
04:09:24 PM  1000         -   1056206    0.00    0.00    0.00    0.00    0.00    26  |__GC Thread#0
04:09:24 PM  1000         -   1056207    0.00    0.00    0.00    0.00    0.00    22  |__G1 Main Marker
04:09:24 PM  1000         -   1056208    0.00    0.00    0.00    0.00    0.00    22  |__G1 Conc#0
04:09:24 PM  1000         -   1056209    0.00    0.00    0.00    0.00    0.00    26  |__G1 Refine#0
04:09:24 PM  1000         -   1056210    0.00    0.00    0.00    0.00    0.00    26  |__G1 Service
04:09:24 PM  1000         -   1056212    0.00    0.00    0.00    0.00    0.00    22  |__VM Periodic Tas
04:09:24 PM  1000         -   1056213    0.00    0.00    0.00    0.00    0.00    22  |__VM Thread
04:09:24 PM  1000         -   1056214    0.00    0.00    0.00    0.00    0.00    26  |__Reference Handl
04:09:24 PM  1000         -   1056215    0.00    0.00    0.00    0.00    0.00    24  |__Finalizer
04:09:24 PM  1000         -   1056216    0.00    0.00    0.00    0.00    0.00    24  |__Signal Dispatch
04:09:24 PM  1000         -   1056217    0.00    0.00    0.00    0.00    0.00    26  |__Service Thread
04:09:24 PM  1000         -   1056218    0.00    0.00    0.00    0.00    0.00    26  |__Monitor Deflati
04:09:24 PM  1000         -   1056219   60.00    0.00    0.00    1.00   60.00    24  |__C2 CompilerThre
04:09:24 PM  1000         -   1056220    3.00    0.00    0.00    1.00    3.00    22  |__C1 CompilerThre
04:09:24 PM  1000         -   1056221    0.00    0.00    0.00    0.00    0.00    24  |__Notification Th
04:09:24 PM  1000         -   1056222    0.00    0.00    0.00    0.00    0.00    26  |__Common-Cleaner
04:09:24 PM  1000         -   1056485    0.00    0.00    0.00    0.00    0.00    26  |__vertx-blocked-t
04:09:24 PM  1000         -   1056487    0.00    0.00    0.00    0.00    0.00    26  |__process reaper
04:09:24 PM  1000         -   1056489    0.00    0.00    0.00    0.00    0.00    26  |__vertx-blocked-t
04:09:24 PM  1000         -   1056491    3.00    0.00    0.00    1.00    3.00    26  |__vert.x-eventloo
04:09:24 PM  1000         -   1056492    0.00    0.00    0.00    0.00    0.00    26  |__vert.x-acceptor
04:09:24 PM  1000         -   1056493    0.00    0.00    0.00    0.00    0.00    24  |__GC Thread#1
04:09:24 PM  1000         -   1056494    0.00    0.00    0.00    0.00    0.00    24  |__GC Thread#2
04:09:24 PM  1000         -   1056496    0.00    0.00    0.00    0.00    0.00    22  |__vert.x-worker-t
04:09:24 PM  1000         -   1056497    0.00    0.00    0.00    0.00    0.00    24  |__vert.x-eventloo
04:09:24 PM  1000         -   1056498    0.00    0.00    0.00    0.00    0.00    22  |__vert.x-eventloo
04:09:24 PM  1000         -   1056499    1.00    0.00    0.00    0.00    1.00    22  |__vert.x-eventloo
04:09:24 PM  1000         -   1056500    0.00    0.00    0.00    0.00    0.00    24  |__CLI-scheduled-e
04:09:24 PM  1000         -   1056501    0.00    0.00    0.00    0.00    0.00    26  |__vert.x-eventloo
04:09:24 PM  1000         -   1056503    0.00    0.00    0.00    0.00    0.00    24  |__vert.x-worker-t
04:09:24 PM  1000         -   1056504    0.00    0.00    0.00    0.00    0.00    22  |__vert.x-eventloo
04:09:24 PM  1000         -   1056509    0.00    0.00    0.00    0.00    0.00    24  |__cpu-watchdog
04:09:24 PM  1000         -   1056510    5.00    5.00    0.00    1.00   10.00    26  |__epollEventLoopG
04:09:24 PM  1000         -   1056511    5.00    5.00    0.00    1.00   10.00    22  |__epollEventLoopG
04:09:24 PM  1000         -   1056512    0.00    0.00    0.00    0.00    0.00    22  |__jitter-watchdog
04:09:24 PM  1000         -   1056513    0.00    0.00    0.00    0.00    0.00    22  |__vert.x-worker-t

04:09:23 PM   UID      TGID       TID   cswch/s nvcswch/s  Command
04:09:24 PM  1000   1056171         -      0.00      0.00  java
04:09:24 PM  1000         -   1056171      0.00      0.00  |__java
04:09:24 PM  1000         -   1056205      2.00      0.00  |__java
04:09:24 PM  1000         -   1056206      0.00      0.00  |__GC Thread#0
04:09:24 PM  1000         -   1056207      0.00      0.00  |__G1 Main Marker
04:09:24 PM  1000         -   1056208      0.00      0.00  |__G1 Conc#0
04:09:24 PM  1000         -   1056209      0.00      0.00  |__G1 Refine#0
04:09:24 PM  1000         -   1056210      1.00      0.00  |__G1 Service
04:09:24 PM  1000         -   1056212      3.00      0.00  |__VM Periodic Tas
04:09:24 PM  1000         -   1056213      0.00      0.00  |__VM Thread
04:09:24 PM  1000         -   1056214      0.00      0.00  |__Reference Handl
04:09:24 PM  1000         -   1056215      0.00      0.00  |__Finalizer
04:09:24 PM  1000         -   1056216      0.00      0.00  |__Signal Dispatch
04:09:24 PM  1000         -   1056217      1.00      0.00  |__Service Thread
04:09:24 PM  1000         -   1056218      4.00      0.00  |__Monitor Deflati
04:09:24 PM  1000         -   1056219     33.00     23.00  |__C2 CompilerThre
04:09:24 PM  1000         -   1056220     79.00     45.00  |__C1 CompilerThre
04:09:24 PM  1000         -   1056221      0.00      0.00  |__Notification Th
04:09:24 PM  1000         -   1056222      0.00      0.00  |__Common-Cleaner
04:09:24 PM  1000         -   1056485      1.00      0.00  |__vertx-blocked-t
04:09:24 PM  1000         -   1056487      0.00      0.00  |__process reaper
04:09:24 PM  1000         -   1056489      1.00      0.00  |__vertx-blocked-t
04:09:24 PM  1000         -   1056491      7.00      1.00  |__vert.x-eventloo
04:09:24 PM  1000         -   1056492      0.00      0.00  |__vert.x-acceptor
04:09:24 PM  1000         -   1056493      0.00      0.00  |__GC Thread#1
04:09:24 PM  1000         -   1056494      0.00      0.00  |__GC Thread#2
04:09:24 PM  1000         -   1056496      0.00      0.00  |__vert.x-worker-t
04:09:24 PM  1000         -   1056497      0.00      0.00  |__vert.x-eventloo
04:09:24 PM  1000         -   1056498      1.00      0.00  |__vert.x-eventloo
04:09:24 PM  1000         -   1056499      8.00      0.00  |__vert.x-eventloo
04:09:24 PM  1000         -   1056500      0.00      0.00  |__CLI-scheduled-e
04:09:24 PM  1000         -   1056501      0.00      0.00  |__vert.x-eventloo
04:09:24 PM  1000         -   1056503      0.00      0.00  |__vert.x-worker-t
04:09:24 PM  1000         -   1056504      4.00      0.00  |__vert.x-eventloo
04:09:24 PM  1000         -   1056509      0.00      0.00  |__cpu-watchdog
04:09:24 PM  1000         -   1056510   3884.00     12.00  |__epollEventLoopG
04:09:24 PM  1000         -   1056511   4180.00      9.00  |__epollEventLoopG
04:09:24 PM  1000         -   1056512     20.00      0.00  |__jitter-watchdog
04:09:24 PM  1000         -   1056513      0.00      0.00  |__vert.x-worker-t

04:09:24 PM   UID      TGID       TID    %usr %system  %guest   %wait    %CPU   CPU  Command
04:09:25 PM  1000   1056171         -   25.00   10.00    0.00    0.00   35.00    24  java
04:09:25 PM  1000         -   1056171    0.00    0.00    0.00    0.00    0.00    24  |__java
04:09:25 PM  1000         -   1056205    0.00    0.00    0.00    0.00    0.00    26  |__java
04:09:25 PM  1000         -   1056206    0.00    0.00    0.00    0.00    0.00    26  |__GC Thread#0
04:09:25 PM  1000         -   1056207    0.00    0.00    0.00    0.00    0.00    22  |__G1 Main Marker
04:09:25 PM  1000         -   1056208    0.00    0.00    0.00    0.00    0.00    22  |__G1 Conc#0
04:09:25 PM  1000         -   1056209    0.00    0.00    0.00    0.00    0.00    26  |__G1 Refine#0
04:09:25 PM  1000         -   1056210    0.00    0.00    0.00    0.00    0.00    26  |__G1 Service
04:09:25 PM  1000         -   1056212    0.00    0.00    0.00    0.00    0.00    22  |__VM Periodic Tas
04:09:25 PM  1000         -   1056213    0.00    0.00    0.00    0.00    0.00    22  |__VM Thread
04:09:25 PM  1000         -   1056214    0.00    0.00    0.00    0.00    0.00    26  |__Reference Handl
04:09:25 PM  1000         -   1056215    0.00    0.00    0.00    0.00    0.00    24  |__Finalizer
04:09:25 PM  1000         -   1056216    0.00    0.00    0.00    0.00    0.00    24  |__Signal Dispatch
04:09:25 PM  1000         -   1056217    0.00    0.00    0.00    0.00    0.00    26  |__Service Thread
04:09:25 PM  1000         -   1056218    0.00    0.00    0.00    0.00    0.00    26  |__Monitor Deflati
04:09:25 PM  1000         -   1056219   16.00    0.00    0.00    0.00   16.00    26  |__C2 CompilerThre
04:09:25 PM  1000         -   1056220    1.00    0.00    0.00    0.00    1.00    22  |__C1 CompilerThre
04:09:25 PM  1000         -   1056221    0.00    0.00    0.00    0.00    0.00    24  |__Notification Th
04:09:25 PM  1000         -   1056222    0.00    0.00    0.00    0.00    0.00    26  |__Common-Cleaner
04:09:25 PM  1000         -   1056485    0.00    0.00    0.00    0.00    0.00    26  |__vertx-blocked-t
04:09:25 PM  1000         -   1056487    0.00    0.00    0.00    0.00    0.00    26  |__process reaper
04:09:25 PM  1000         -   1056489    0.00    0.00    0.00    0.00    0.00    24  |__vertx-blocked-t
04:09:25 PM  1000         -   1056491    0.00    0.00    0.00    0.00    0.00    24  |__vert.x-eventloo
04:09:25 PM  1000         -   1056492    0.00    0.00    0.00    0.00    0.00    26  |__vert.x-acceptor
04:09:25 PM  1000         -   1056493    0.00    0.00    0.00    0.00    0.00    24  |__GC Thread#1
04:09:25 PM  1000         -   1056494    0.00    0.00    0.00    0.00    0.00    24  |__GC Thread#2
04:09:25 PM  1000         -   1056496    0.00    0.00    0.00    0.00    0.00    22  |__vert.x-worker-t
04:09:25 PM  1000         -   1056497    0.00    0.00    0.00    0.00    0.00    24  |__vert.x-eventloo
04:09:25 PM  1000         -   1056498    0.00    0.00    0.00    0.00    0.00    22  |__vert.x-eventloo
04:09:25 PM  1000         -   1056499    0.00    0.00    0.00    0.00    0.00    24  |__vert.x-eventloo
04:09:25 PM  1000         -   1056500    0.00    0.00    0.00    0.00    0.00    24  |__CLI-scheduled-e
04:09:25 PM  1000         -   1056501    0.00    0.00    0.00    0.00    0.00    26  |__vert.x-eventloo
04:09:25 PM  1000         -   1056503    0.00    0.00    0.00    0.00    0.00    24  |__vert.x-worker-t
04:09:25 PM  1000         -   1056504    1.00    0.00    0.00    0.00    1.00    22  |__vert.x-eventloo
04:09:25 PM  1000         -   1056509    0.00    0.00    0.00    0.00    0.00    24  |__cpu-watchdog
04:09:25 PM  1000         -   1056510    5.00    5.00    0.00    0.00   10.00    22  |__epollEventLoopG
04:09:25 PM  1000         -   1056511    5.00    5.00    0.00    1.00   10.00    24  |__epollEventLoopG
04:09:25 PM  1000         -   1056512    0.00    0.00    0.00    0.00    0.00    22  |__jitter-watchdog
04:09:25 PM  1000         -   1056513    0.00    0.00    0.00    0.00    0.00    22  |__vert.x-worker-t

04:09:24 PM   UID      TGID       TID   cswch/s nvcswch/s  Command
04:09:25 PM  1000   1056171         -      0.00      0.00  java
04:09:25 PM  1000         -   1056171      0.00      0.00  |__java
04:09:25 PM  1000         -   1056205      2.00      0.00  |__java
04:09:25 PM  1000         -   1056206      0.00      0.00  |__GC Thread#0
04:09:25 PM  1000         -   1056207      0.00      0.00  |__G1 Main Marker
04:09:25 PM  1000         -   1056208      0.00      0.00  |__G1 Conc#0
04:09:25 PM  1000         -   1056209      0.00      0.00  |__G1 Refine#0
04:09:25 PM  1000         -   1056210      1.00      0.00  |__G1 Service
04:09:25 PM  1000         -   1056212      0.00      0.00  |__VM Periodic Tas
04:09:25 PM  1000         -   1056213      0.00      0.00  |__VM Thread
04:09:25 PM  1000         -   1056214      0.00      0.00  |__Reference Handl
04:09:25 PM  1000         -   1056215      0.00      0.00  |__Finalizer
04:09:25 PM  1000         -   1056216      0.00      0.00  |__Signal Dispatch
04:09:25 PM  1000         -   1056217      1.00      0.00  |__Service Thread
04:09:25 PM  1000         -   1056218      4.00      0.00  |__Monitor Deflati
04:09:25 PM  1000         -   1056219     27.00      1.00  |__C2 CompilerThre
04:09:25 PM  1000         -   1056220     26.00      0.00  |__C1 CompilerThre
04:09:25 PM  1000         -   1056221      0.00      0.00  |__Notification Th
04:09:25 PM  1000         -   1056222      0.00      0.00  |__Common-Cleaner
04:09:25 PM  1000         -   1056485      1.00      0.00  |__vertx-blocked-t
04:09:25 PM  1000         -   1056487      0.00      0.00  |__process reaper
04:09:25 PM  1000         -   1056489      1.00      0.00  |__vertx-blocked-t
04:09:25 PM  1000         -   1056491      3.00      0.00  |__vert.x-eventloo
04:09:25 PM  1000         -   1056492      0.00      0.00  |__vert.x-acceptor
04:09:25 PM  1000         -   1056493      0.00      0.00  |__GC Thread#1
04:09:25 PM  1000         -   1056494      0.00      0.00  |__GC Thread#2
04:09:25 PM  1000         -   1056496      0.00      0.00  |__vert.x-worker-t
04:09:25 PM  1000         -   1056497      0.00      0.00  |__vert.x-eventloo
04:09:25 PM  1000         -   1056498      1.00      0.00  |__vert.x-eventloo
04:09:25 PM  1000         -   1056499      2.00      0.00  |__vert.x-eventloo
04:09:25 PM  1000         -   1056500      0.00      0.00  |__CLI-scheduled-e
04:09:25 PM  1000         -   1056501      0.00      0.00  |__vert.x-eventloo
04:09:25 PM  1000         -   1056503      0.00      0.00  |__vert.x-worker-t
04:09:25 PM  1000         -   1056504      2.00      0.00  |__vert.x-eventloo
04:09:25 PM  1000         -   1056509      0.00      0.00  |__cpu-watchdog
04:09:25 PM  1000         -   1056510   4282.00      0.00  |__epollEventLoopG
04:09:25 PM  1000         -   1056511   4163.00      4.00  |__epollEventLoopG
04:09:25 PM  1000         -   1056512     20.00      0.00  |__jitter-watchdog
04:09:25 PM  1000         -   1056513      0.00      0.00  |__vert.x-worker-t

04:09:25 PM   UID      TGID       TID    %usr %system  %guest   %wait    %CPU   CPU  Command
04:09:26 PM  1000   1056171         -   19.00    9.00    0.00    0.00   28.00    24  java
04:09:26 PM  1000         -   1056171    0.00    0.00    0.00    0.00    0.00    24  |__java
04:09:26 PM  1000         -   1056205    0.00    0.00    0.00    0.00    0.00    26  |__java
04:09:26 PM  1000         -   1056206    0.00    0.00    0.00    0.00    0.00    26  |__GC Thread#0
04:09:26 PM  1000         -   1056207    0.00    0.00    0.00    0.00    0.00    22  |__G1 Main Marker
04:09:26 PM  1000         -   1056208    0.00    0.00    0.00    0.00    0.00    22  |__G1 Conc#0
04:09:26 PM  1000         -   1056209    0.00    0.00    0.00    0.00    0.00    26  |__G1 Refine#0
04:09:26 PM  1000         -   1056210    0.00    0.00    0.00    0.00    0.00    26  |__G1 Service
04:09:26 PM  1000         -   1056212    0.00    0.00    0.00    0.00    0.00    22  |__VM Periodic Tas
04:09:26 PM  1000         -   1056213    0.00    0.00    0.00    0.00    0.00    22  |__VM Thread
04:09:26 PM  1000         -   1056214    0.00    0.00    0.00    0.00    0.00    26  |__Reference Handl
04:09:26 PM  1000         -   1056215    0.00    0.00    0.00    0.00    0.00    24  |__Finalizer
04:09:26 PM  1000         -   1056216    0.00    0.00    0.00    0.00    0.00    24  |__Signal Dispatch
04:09:26 PM  1000         -   1056217    0.00    0.00    0.00    0.00    0.00    26  |__Service Thread
04:09:26 PM  1000         -   1056218    0.00    0.00    0.00    0.00    0.00    22  |__Monitor Deflati
04:09:26 PM  1000         -   1056219    9.00    0.00    0.00    0.00    9.00    24  |__C2 CompilerThre
04:09:26 PM  1000         -   1056220    1.00    0.00    0.00    0.00    1.00    22  |__C1 CompilerThre
04:09:26 PM  1000         -   1056221    0.00    0.00    0.00    0.00    0.00    24  |__Notification Th
04:09:26 PM  1000         -   1056222    0.00    0.00    0.00    0.00    0.00    26  |__Common-Cleaner
04:09:26 PM  1000         -   1056485    0.00    0.00    0.00    0.00    0.00    26  |__vertx-blocked-t
04:09:26 PM  1000         -   1056487    0.00    0.00    0.00    0.00    0.00    26  |__process reaper
04:09:26 PM  1000         -   1056489    0.00    0.00    0.00    0.00    0.00    24  |__vertx-blocked-t
04:09:26 PM  1000         -   1056491    0.00    0.00    0.00    0.00    0.00    26  |__vert.x-eventloo
04:09:26 PM  1000         -   1056492    0.00    0.00    0.00    0.00    0.00    26  |__vert.x-acceptor
04:09:26 PM  1000         -   1056493    0.00    0.00    0.00    0.00    0.00    24  |__GC Thread#1
04:09:26 PM  1000         -   1056494    0.00    0.00    0.00    0.00    0.00    24  |__GC Thread#2
04:09:26 PM  1000         -   1056496    0.00    0.00    0.00    0.00    0.00    22  |__vert.x-worker-t
04:09:26 PM  1000         -   1056497    0.00    0.00    0.00    0.00    0.00    24  |__vert.x-eventloo
04:09:26 PM  1000         -   1056498    0.00    0.00    0.00    0.00    0.00    22  |__vert.x-eventloo
04:09:26 PM  1000         -   1056499    0.00    0.00    0.00    0.00    0.00    22  |__vert.x-eventloo
04:09:26 PM  1000         -   1056500    0.00    0.00    0.00    0.00    0.00    24  |__CLI-scheduled-e
04:09:26 PM  1000         -   1056501    0.00    0.00    0.00    0.00    0.00    26  |__vert.x-eventloo
04:09:26 PM  1000         -   1056503    0.00    0.00    0.00    0.00    0.00    24  |__vert.x-worker-t
04:09:26 PM  1000         -   1056504    0.00    0.00    0.00    0.00    0.00    22  |__vert.x-eventloo
04:09:26 PM  1000         -   1056509    0.00    0.00    0.00    0.00    0.00    24  |__cpu-watchdog
04:09:26 PM  1000         -   1056510    4.00    4.00    0.00    1.00    8.00    26  |__epollEventLoopG
04:09:26 PM  1000         -   1056511    5.00    4.00    0.00    0.00    9.00    22  |__epollEventLoopG
04:09:26 PM  1000         -   1056512    0.00    0.00    0.00    0.00    0.00    24  |__jitter-watchdog
04:09:26 PM  1000         -   1056513    0.00    0.00    0.00    0.00    0.00    22  |__vert.x-worker-t

04:09:25 PM   UID      TGID       TID   cswch/s nvcswch/s  Command
04:09:26 PM  1000   1056171         -      0.00      0.00  java
04:09:26 PM  1000         -   1056171      0.00      0.00  |__java
04:09:26 PM  1000         -   1056205      1.00      0.00  |__java
04:09:26 PM  1000         -   1056206      0.00      0.00  |__GC Thread#0
04:09:26 PM  1000         -   1056207      0.00      0.00  |__G1 Main Marker
04:09:26 PM  1000         -   1056208      0.00      0.00  |__G1 Conc#0
04:09:26 PM  1000         -   1056209      0.00      0.00  |__G1 Refine#0
04:09:26 PM  1000         -   1056210      1.00      0.00  |__G1 Service
04:09:26 PM  1000         -   1056212      0.00      0.00  |__VM Periodic Tas
04:09:26 PM  1000         -   1056213      0.00      0.00  |__VM Thread
04:09:26 PM  1000         -   1056214      0.00      0.00  |__Reference Handl
04:09:26 PM  1000         -   1056215      0.00      0.00  |__Finalizer
04:09:26 PM  1000         -   1056216      0.00      0.00  |__Signal Dispatch
04:09:26 PM  1000         -   1056217      1.00      0.00  |__Service Thread
04:09:26 PM  1000         -   1056218      4.00      0.00  |__Monitor Deflati
04:09:26 PM  1000         -   1056219     11.00      1.00  |__C2 CompilerThre
04:09:26 PM  1000         -   1056220     25.00      0.00  |__C1 CompilerThre
04:09:26 PM  1000         -   1056221      0.00      0.00  |__Notification Th
04:09:26 PM  1000         -   1056222      0.00      0.00  |__Common-Cleaner
04:09:26 PM  1000         -   1056485      1.00      0.00  |__vertx-blocked-t
04:09:26 PM  1000         -   1056487      0.00      0.00  |__process reaper
04:09:26 PM  1000         -   1056489      1.00      0.00  |__vertx-blocked-t
04:09:26 PM  1000         -   1056491      6.00      0.00  |__vert.x-eventloo
04:09:26 PM  1000         -   1056492      0.00      0.00  |__vert.x-acceptor
04:09:26 PM  1000         -   1056493      0.00      0.00  |__GC Thread#1
04:09:26 PM  1000         -   1056494      0.00      0.00  |__GC Thread#2
04:09:26 PM  1000         -   1056496      0.00      0.00  |__vert.x-worker-t
04:09:26 PM  1000         -   1056497      0.00      0.00  |__vert.x-eventloo
04:09:26 PM  1000         -   1056498      1.00      0.00  |__vert.x-eventloo
04:09:26 PM  1000         -   1056499      1.00      0.00  |__vert.x-eventloo
04:09:26 PM  1000         -   1056500      0.00      0.00  |__CLI-scheduled-e
04:09:26 PM  1000         -   1056501      0.00      0.00  |__vert.x-eventloo
04:09:26 PM  1000         -   1056503      0.00      0.00  |__vert.x-worker-t
04:09:26 PM  1000         -   1056504      2.00      0.00  |__vert.x-eventloo
04:09:26 PM  1000         -   1056509      1.00      0.00  |__cpu-watchdog
04:09:26 PM  1000         -   1056510   4155.00      2.00  |__epollEventLoopG
04:09:26 PM  1000         -   1056511   4253.00      5.00  |__epollEventLoopG
04:09:26 PM  1000         -   1056512     20.00      0.00  |__jitter-watchdog
04:09:26 PM  1000         -   1056513      0.00      0.00  |__vert.x-worker-t

04:09:26 PM   UID      TGID       TID    %usr %system  %guest   %wait    %CPU   CPU  Command
04:09:27 PM  1000   1056171         -   13.00   10.00    0.00    0.00   23.00    24  java
04:09:27 PM  1000         -   1056171    0.00    0.00    0.00    0.00    0.00    24  |__java
04:09:27 PM  1000         -   1056205    0.00    0.00    0.00    0.00    0.00    22  |__java
04:09:27 PM  1000         -   1056206    0.00    0.00    0.00    0.00    0.00    26  |__GC Thread#0
04:09:27 PM  1000         -   1056207    0.00    0.00    0.00    0.00    0.00    22  |__G1 Main Marker
04:09:27 PM  1000         -   1056208    0.00    0.00    0.00    0.00    0.00    22  |__G1 Conc#0
04:09:27 PM  1000         -   1056209    0.00    0.00    0.00    0.00    0.00    22  |__G1 Refine#0
04:09:27 PM  1000         -   1056210    0.00    0.00    0.00    0.00    0.00    22  |__G1 Service
04:09:27 PM  1000         -   1056212    0.00    0.00    0.00    0.00    0.00    22  |__VM Periodic Tas
04:09:27 PM  1000         -   1056213    0.00    0.00    0.00    0.00    0.00    22  |__VM Thread
04:09:27 PM  1000         -   1056214    0.00    0.00    0.00    0.00    0.00    26  |__Reference Handl
04:09:27 PM  1000         -   1056215    0.00    0.00    0.00    0.00    0.00    24  |__Finalizer
04:09:27 PM  1000         -   1056216    0.00    0.00    0.00    0.00    0.00    24  |__Signal Dispatch
04:09:27 PM  1000         -   1056217    0.00    0.00    0.00    0.00    0.00    26  |__Service Thread
04:09:27 PM  1000         -   1056218    0.00    0.00    0.00    0.00    0.00    22  |__Monitor Deflati
04:09:27 PM  1000         -   1056219    4.00    0.00    0.00    0.00    4.00    24  |__C2 CompilerThre
04:09:27 PM  1000         -   1056220    0.00    0.00    0.00    0.00    0.00    26  |__C1 CompilerThre
04:09:27 PM  1000         -   1056221    0.00    0.00    0.00    0.00    0.00    24  |__Notification Th
04:09:27 PM  1000         -   1056222    0.00    0.00    0.00    0.00    0.00    26  |__Common-Cleaner
04:09:27 PM  1000         -   1056485    0.00    0.00    0.00    0.00    0.00    26  |__vertx-blocked-t
04:09:27 PM  1000         -   1056487    0.00    0.00    0.00    0.00    0.00    26  |__process reaper
04:09:27 PM  1000         -   1056489    0.00    0.00    0.00    0.00    0.00    26  |__vertx-blocked-t
04:09:27 PM  1000         -   1056491    1.00    0.00    0.00    0.00    1.00    26  |__vert.x-eventloo
04:09:27 PM  1000         -   1056492    0.00    0.00    0.00    0.00    0.00    26  |__vert.x-acceptor
04:09:27 PM  1000         -   1056493    0.00    0.00    0.00    0.00    0.00    24  |__GC Thread#1
04:09:27 PM  1000         -   1056494    0.00    0.00    0.00    1.00    0.00    24  |__GC Thread#2
04:09:27 PM  1000         -   1056496    0.00    0.00    0.00    0.00    0.00    22  |__vert.x-worker-t
04:09:27 PM  1000         -   1056497    0.00    0.00    0.00    0.00    0.00    24  |__vert.x-eventloo
04:09:27 PM  1000         -   1056498    0.00    0.00    0.00    0.00    0.00    22  |__vert.x-eventloo
04:09:27 PM  1000         -   1056499    0.00    0.00    0.00    0.00    0.00    22  |__vert.x-eventloo
04:09:27 PM  1000         -   1056500    0.00    0.00    0.00    0.00    0.00    24  |__CLI-scheduled-e
04:09:27 PM  1000         -   1056501    0.00    0.00    0.00    0.00    0.00    26  |__vert.x-eventloo
04:09:27 PM  1000         -   1056503    0.00    0.00    0.00    0.00    0.00    24  |__vert.x-worker-t
04:09:27 PM  1000         -   1056504    0.00    0.00    0.00    0.00    0.00    26  |__vert.x-eventloo
04:09:27 PM  1000         -   1056509    0.00    0.00    0.00    0.00    0.00    24  |__cpu-watchdog
04:09:27 PM  1000         -   1056510    4.00    5.00    0.00    0.00    9.00    22  |__epollEventLoopG
04:09:27 PM  1000         -   1056511    3.00    5.00    0.00    0.00    8.00    26  |__epollEventLoopG
04:09:27 PM  1000         -   1056512    0.00    0.00    0.00    0.00    0.00    22  |__jitter-watchdog
04:09:27 PM  1000         -   1056513    0.00    0.00    0.00    0.00    0.00    22  |__vert.x-worker-t

04:09:26 PM   UID      TGID       TID   cswch/s nvcswch/s  Command
04:09:27 PM  1000   1056171         -      0.00      0.00  java
04:09:27 PM  1000         -   1056171      0.00      0.00  |__java
04:09:27 PM  1000         -   1056205      1.00      0.00  |__java
04:09:27 PM  1000         -   1056206      9.00      0.00  |__GC Thread#0
04:09:27 PM  1000         -   1056207      0.00      0.00  |__G1 Main Marker
04:09:27 PM  1000         -   1056208      0.00      0.00  |__G1 Conc#0
04:09:27 PM  1000         -   1056209      2.00      0.00  |__G1 Refine#0
04:09:27 PM  1000         -   1056210      3.00      0.00  |__G1 Service
04:09:27 PM  1000         -   1056212      0.00      0.00  |__VM Periodic Tas
04:09:27 PM  1000         -   1056213     10.00      0.00  |__VM Thread
04:09:27 PM  1000         -   1056214      1.00      0.00  |__Reference Handl
04:09:27 PM  1000         -   1056215      0.00      0.00  |__Finalizer
04:09:27 PM  1000         -   1056216      0.00      0.00  |__Signal Dispatch
04:09:27 PM  1000         -   1056217      1.00      0.00  |__Service Thread
04:09:27 PM  1000         -   1056218      4.00      0.00  |__Monitor Deflati
04:09:27 PM  1000         -   1056219      6.00      0.00  |__C2 CompilerThre
04:09:27 PM  1000         -   1056220     12.00      0.00  |__C1 CompilerThre
04:09:27 PM  1000         -   1056221      0.00      0.00  |__Notification Th
04:09:27 PM  1000         -   1056222      0.00      0.00  |__Common-Cleaner
04:09:27 PM  1000         -   1056485      1.00      0.00  |__vertx-blocked-t
04:09:27 PM  1000         -   1056487      0.00      0.00  |__process reaper
04:09:27 PM  1000         -   1056489      1.00      0.00  |__vertx-blocked-t
04:09:27 PM  1000         -   1056491      5.00      0.00  |__vert.x-eventloo
04:09:27 PM  1000         -   1056492      0.00      0.00  |__vert.x-acceptor
04:09:27 PM  1000         -   1056493      8.00      0.00  |__GC Thread#1
04:09:27 PM  1000         -   1056494      8.00      1.00  |__GC Thread#2
04:09:27 PM  1000         -   1056496      0.00      0.00  |__vert.x-worker-t
04:09:27 PM  1000         -   1056497      0.00      0.00  |__vert.x-eventloo
04:09:27 PM  1000         -   1056498      1.00      0.00  |__vert.x-eventloo
04:09:27 PM  1000         -   1056499      1.00      0.00  |__vert.x-eventloo
04:09:27 PM  1000         -   1056500      0.00      0.00  |__CLI-scheduled-e
04:09:27 PM  1000         -   1056501      0.00      0.00  |__vert.x-eventloo
04:09:27 PM  1000         -   1056503      0.00      0.00  |__vert.x-worker-t
04:09:27 PM  1000         -   1056504      3.00      0.00  |__vert.x-eventloo
04:09:27 PM  1000         -   1056509      0.00      0.00  |__cpu-watchdog
04:09:27 PM  1000         -   1056510   4337.00      2.00  |__epollEventLoopG
04:09:27 PM  1000         -   1056511   4209.00      3.00  |__epollEventLoopG
04:09:27 PM  1000         -   1056512     20.00      0.00  |__jitter-watchdog
04:09:27 PM  1000         -   1056513      0.00      0.00  |__vert.x-worker-t

04:09:27 PM   UID      TGID       TID    %usr %system  %guest   %wait    %CPU   CPU  Command
04:09:28 PM  1000   1056171         -   41.00   11.00    0.00    0.00   52.00    24  java
04:09:28 PM  1000         -   1056171    0.00    0.00    0.00    0.00    0.00    24  |__java
04:09:28 PM  1000         -   1056205    0.00    0.00    0.00    0.00    0.00    26  |__java
04:09:28 PM  1000         -   1056206    0.00    0.00    0.00    0.00    0.00    26  |__GC Thread#0
04:09:28 PM  1000         -   1056207    0.00    0.00    0.00    0.00    0.00    22  |__G1 Main Marker
04:09:28 PM  1000         -   1056208    0.00    0.00    0.00    0.00    0.00    22  |__G1 Conc#0
04:09:28 PM  1000         -   1056209    0.00    0.00    0.00    0.00    0.00    26  |__G1 Refine#0
04:09:28 PM  1000         -   1056210    0.00    0.00    0.00    0.00    0.00    22  |__G1 Service
04:09:28 PM  1000         -   1056212    0.00    0.00    0.00    0.00    0.00    22  |__VM Periodic Tas
04:09:28 PM  1000         -   1056213    0.00    0.00    0.00    0.00    0.00    22  |__VM Thread
04:09:28 PM  1000         -   1056214    0.00    0.00    0.00    0.00    0.00    26  |__Reference Handl
04:09:28 PM  1000         -   1056215    0.00    0.00    0.00    0.00    0.00    24  |__Finalizer
04:09:28 PM  1000         -   1056216    0.00    0.00    0.00    0.00    0.00    24  |__Signal Dispatch
04:09:28 PM  1000         -   1056217    0.00    0.00    0.00    0.00    0.00    26  |__Service Thread
04:09:28 PM  1000         -   1056218    0.00    0.00    0.00    0.00    0.00    22  |__Monitor Deflati
04:09:28 PM  1000         -   1056219   29.00    0.00    0.00    0.00   29.00    22  |__C2 CompilerThre
04:09:28 PM  1000         -   1056220    2.00    0.00    0.00    0.00    2.00    22  |__C1 CompilerThre
04:09:28 PM  1000         -   1056221    0.00    0.00    0.00    0.00    0.00    24  |__Notification Th
04:09:28 PM  1000         -   1056222    0.00    0.00    0.00    0.00    0.00    26  |__Common-Cleaner
04:09:28 PM  1000         -   1056485    0.00    0.00    0.00    0.00    0.00    26  |__vertx-blocked-t
04:09:28 PM  1000         -   1056487    0.00    0.00    0.00    0.00    0.00    26  |__process reaper
04:09:28 PM  1000         -   1056489    0.00    0.00    0.00    0.00    0.00    26  |__vertx-blocked-t
04:09:28 PM  1000         -   1056491    1.00    0.00    0.00    0.00    1.00    24  |__vert.x-eventloo
04:09:28 PM  1000         -   1056492    0.00    0.00    0.00    0.00    0.00    26  |__vert.x-acceptor
04:09:28 PM  1000         -   1056493    0.00    0.00    0.00    0.00    0.00    24  |__GC Thread#1
04:09:28 PM  1000         -   1056494    0.00    0.00    0.00    0.00    0.00    24  |__GC Thread#2
04:09:28 PM  1000         -   1056496    0.00    0.00    0.00    0.00    0.00    22  |__vert.x-worker-t
04:09:28 PM  1000         -   1056497    0.00    0.00    0.00    0.00    0.00    24  |__vert.x-eventloo
04:09:28 PM  1000         -   1056498    0.00    0.00    0.00    0.00    0.00    22  |__vert.x-eventloo
04:09:28 PM  1000         -   1056499    0.00    0.00    0.00    0.00    0.00    22  |__vert.x-eventloo
04:09:28 PM  1000         -   1056500    0.00    0.00    0.00    0.00    0.00    24  |__CLI-scheduled-e
04:09:28 PM  1000         -   1056501    0.00    0.00    0.00    0.00    0.00    26  |__vert.x-eventloo
04:09:28 PM  1000         -   1056503    0.00    0.00    0.00    0.00    0.00    24  |__vert.x-worker-t
04:09:28 PM  1000         -   1056504    0.00    0.00    0.00    0.00    0.00    26  |__vert.x-eventloo
04:09:28 PM  1000         -   1056509    0.00    0.00    0.00    0.00    0.00    24  |__cpu-watchdog
04:09:28 PM  1000         -   1056510    5.00    5.00    0.00    1.00   10.00    26  |__epollEventLoopG
04:09:28 PM  1000         -   1056511    5.00    4.00    0.00    1.00    9.00    22  |__epollEventLoopG
04:09:28 PM  1000         -   1056512    0.00    0.00    0.00    0.00    0.00    24  |__jitter-watchdog
04:09:28 PM  1000         -   1056513    0.00    0.00    0.00    0.00    0.00    22  |__vert.x-worker-t

04:09:27 PM   UID      TGID       TID   cswch/s nvcswch/s  Command
04:09:28 PM  1000   1056171         -      0.00      0.00  java
04:09:28 PM  1000         -   1056171      0.00      0.00  |__java
04:09:28 PM  1000         -   1056205      2.00      0.00  |__java
04:09:28 PM  1000         -   1056206      0.00      0.00  |__GC Thread#0
04:09:28 PM  1000         -   1056207      0.00      0.00  |__G1 Main Marker
04:09:28 PM  1000         -   1056208      0.00      0.00  |__G1 Conc#0
04:09:28 PM  1000         -   1056209     20.00      0.00  |__G1 Refine#0
04:09:28 PM  1000         -   1056210      1.00      0.00  |__G1 Service
04:09:28 PM  1000         -   1056212      0.00      0.00  |__VM Periodic Tas
04:09:28 PM  1000         -   1056213      0.00      0.00  |__VM Thread
04:09:28 PM  1000         -   1056214      0.00      0.00  |__Reference Handl
04:09:28 PM  1000         -   1056215      0.00      0.00  |__Finalizer
04:09:28 PM  1000         -   1056216      0.00      0.00  |__Signal Dispatch
04:09:28 PM  1000         -   1056217      1.00      0.00  |__Service Thread
04:09:28 PM  1000         -   1056218      4.00      0.00  |__Monitor Deflati
04:09:28 PM  1000         -   1056219     32.00      2.00  |__C2 CompilerThre
04:09:28 PM  1000         -   1056220     52.00      1.00  |__C1 CompilerThre
04:09:28 PM  1000         -   1056221      0.00      0.00  |__Notification Th
04:09:28 PM  1000         -   1056222      0.00      0.00  |__Common-Cleaner
04:09:28 PM  1000         -   1056485      1.00      0.00  |__vertx-blocked-t
04:09:28 PM  1000         -   1056487      0.00      0.00  |__process reaper
04:09:28 PM  1000         -   1056489      1.00      0.00  |__vertx-blocked-t
04:09:28 PM  1000         -   1056491     10.00      0.00  |__vert.x-eventloo
04:09:28 PM  1000         -   1056492      0.00      0.00  |__vert.x-acceptor
04:09:28 PM  1000         -   1056493      0.00      0.00  |__GC Thread#1
04:09:28 PM  1000         -   1056494      0.00      0.00  |__GC Thread#2
04:09:28 PM  1000         -   1056496      0.00      0.00  |__vert.x-worker-t
04:09:28 PM  1000         -   1056497      0.00      0.00  |__vert.x-eventloo
04:09:28 PM  1000         -   1056498      1.00      0.00  |__vert.x-eventloo
04:09:28 PM  1000         -   1056499      3.00      0.00  |__vert.x-eventloo
04:09:28 PM  1000         -   1056500      0.00      0.00  |__CLI-scheduled-e
04:09:28 PM  1000         -   1056501      0.00      0.00  |__vert.x-eventloo
04:09:28 PM  1000         -   1056503      0.00      0.00  |__vert.x-worker-t
04:09:28 PM  1000         -   1056504      8.00      0.00  |__vert.x-eventloo
04:09:28 PM  1000         -   1056509      0.00      0.00  |__cpu-watchdog
04:09:28 PM  1000         -   1056510   4074.00      4.00  |__epollEventLoopG
04:09:28 PM  1000         -   1056511   4056.00      2.00  |__epollEventLoopG
04:09:28 PM  1000         -   1056512     20.00      0.00  |__jitter-watchdog
04:09:28 PM  1000         -   1056513      0.00      0.00  |__vert.x-worker-t

04:09:28 PM   UID      TGID       TID    %usr %system  %guest   %wait    %CPU   CPU  Command
04:09:29 PM  1000   1056171         -   10.00    9.00    0.00    0.00   19.00    24  java
04:09:29 PM  1000         -   1056171    0.00    0.00    0.00    0.00    0.00    24  |__java
04:09:29 PM  1000         -   1056205    0.00    0.00    0.00    0.00    0.00    26  |__java
04:09:29 PM  1000         -   1056206    0.00    0.00    0.00    0.00    0.00    26  |__GC Thread#0
04:09:29 PM  1000         -   1056207    0.00    0.00    0.00    0.00    0.00    22  |__G1 Main Marker
04:09:29 PM  1000         -   1056208    0.00    0.00    0.00    0.00    0.00    22  |__G1 Conc#0
04:09:29 PM  1000         -   1056209    0.00    0.00    0.00    0.00    0.00    26  |__G1 Refine#0
04:09:29 PM  1000         -   1056210    0.00    0.00    0.00    0.00    0.00    26  |__G1 Service
04:09:29 PM  1000         -   1056212    0.00    0.00    0.00    0.00    0.00    22  |__VM Periodic Tas
04:09:29 PM  1000         -   1056213    0.00    0.00    0.00    0.00    0.00    22  |__VM Thread
04:09:29 PM  1000         -   1056214    0.00    0.00    0.00    0.00    0.00    26  |__Reference Handl
04:09:29 PM  1000         -   1056215    0.00    0.00    0.00    0.00    0.00    24  |__Finalizer
04:09:29 PM  1000         -   1056216    0.00    0.00    0.00    0.00    0.00    24  |__Signal Dispatch
04:09:29 PM  1000         -   1056217    0.00    0.00    0.00    0.00    0.00    26  |__Service Thread
04:09:29 PM  1000         -   1056218    0.00    0.00    0.00    0.00    0.00    22  |__Monitor Deflati
04:09:29 PM  1000         -   1056219    0.00    0.00    0.00    0.00    0.00    24  |__C2 CompilerThre
04:09:29 PM  1000         -   1056220    1.00    0.00    0.00    0.00    1.00    22  |__C1 CompilerThre
04:09:29 PM  1000         -   1056221    0.00    0.00    0.00    0.00    0.00    24  |__Notification Th
04:09:29 PM  1000         -   1056222    0.00    0.00    0.00    0.00    0.00    26  |__Common-Cleaner
04:09:29 PM  1000         -   1056485    0.00    0.00    0.00    0.00    0.00    26  |__vertx-blocked-t
04:09:29 PM  1000         -   1056487    0.00    0.00    0.00    0.00    0.00    26  |__process reaper
04:09:29 PM  1000         -   1056489    0.00    0.00    0.00    0.00    0.00    24  |__vertx-blocked-t
04:09:29 PM  1000         -   1056491    0.00    0.00    0.00    0.00    0.00    22  |__vert.x-eventloo
04:09:29 PM  1000         -   1056492    0.00    0.00    0.00    0.00    0.00    26  |__vert.x-acceptor
04:09:29 PM  1000         -   1056493    0.00    0.00    0.00    0.00    0.00    24  |__GC Thread#1
04:09:29 PM  1000         -   1056494    0.00    0.00    0.00    0.00    0.00    24  |__GC Thread#2
04:09:29 PM  1000         -   1056496    0.00    0.00    0.00    0.00    0.00    22  |__vert.x-worker-t
04:09:29 PM  1000         -   1056497    0.00    0.00    0.00    0.00    0.00    24  |__vert.x-eventloo
04:09:29 PM  1000         -   1056498    0.00    0.00    0.00    0.00    0.00    22  |__vert.x-eventloo
04:09:29 PM  1000         -   1056499    1.00    0.00    0.00    0.00    1.00    22  |__vert.x-eventloo
04:09:29 PM  1000         -   1056500    0.00    0.00    0.00    0.00    0.00    24  |__CLI-scheduled-e
04:09:29 PM  1000         -   1056501    0.00    0.00    0.00    0.00    0.00    26  |__vert.x-eventloo
04:09:29 PM  1000         -   1056503    0.00    0.00    0.00    0.00    0.00    24  |__vert.x-worker-t
04:09:29 PM  1000         -   1056504    1.00    0.00    0.00    0.00    1.00    26  |__vert.x-eventloo
04:09:29 PM  1000         -   1056509    0.00    0.00    0.00    0.00    0.00    24  |__cpu-watchdog
04:09:29 PM  1000         -   1056510    4.00    4.00    0.00    0.00    8.00    26  |__epollEventLoopG
04:09:29 PM  1000         -   1056511    4.00    5.00    0.00    0.00    9.00    22  |__epollEventLoopG
04:09:29 PM  1000         -   1056512    0.00    0.00    0.00    0.00    0.00    26  |__jitter-watchdog
04:09:29 PM  1000         -   1056513    0.00    0.00    0.00    0.00    0.00    22  |__vert.x-worker-t

04:09:28 PM   UID      TGID       TID   cswch/s nvcswch/s  Command
04:09:29 PM  1000   1056171         -      0.00      0.00  java
04:09:29 PM  1000         -   1056171      0.00      0.00  |__java
04:09:29 PM  1000         -   1056205      2.00      0.00  |__java
04:09:29 PM  1000         -   1056206      0.00      0.00  |__GC Thread#0
04:09:29 PM  1000         -   1056207      0.00      0.00  |__G1 Main Marker
04:09:29 PM  1000         -   1056208      0.00      0.00  |__G1 Conc#0
04:09:29 PM  1000         -   1056209     20.00      0.00  |__G1 Refine#0
04:09:29 PM  1000         -   1056210      1.00      0.00  |__G1 Service
04:09:29 PM  1000         -   1056212      1.00      0.00  |__VM Periodic Tas
04:09:29 PM  1000         -   1056213      0.00      0.00  |__VM Thread
04:09:29 PM  1000         -   1056214      0.00      0.00  |__Reference Handl
04:09:29 PM  1000         -   1056215      0.00      0.00  |__Finalizer
04:09:29 PM  1000         -   1056216      0.00      0.00  |__Signal Dispatch
04:09:29 PM  1000         -   1056217      1.00      0.00  |__Service Thread
04:09:29 PM  1000         -   1056218      4.00      0.00  |__Monitor Deflati
04:09:29 PM  1000         -   1056219      8.00      0.00  |__C2 CompilerThre
04:09:29 PM  1000         -   1056220      6.00      0.00  |__C1 CompilerThre
04:09:29 PM  1000         -   1056221      0.00      0.00  |__Notification Th
04:09:29 PM  1000         -   1056222      0.00      0.00  |__Common-Cleaner
04:09:29 PM  1000         -   1056485      1.00      0.00  |__vertx-blocked-t
04:09:29 PM  1000         -   1056487      0.00      0.00  |__process reaper
04:09:29 PM  1000         -   1056489      1.00      0.00  |__vertx-blocked-t
04:09:29 PM  1000         -   1056491      3.00      0.00  |__vert.x-eventloo
04:09:29 PM  1000         -   1056492      0.00      0.00  |__vert.x-acceptor
04:09:29 PM  1000         -   1056493      0.00      0.00  |__GC Thread#1
04:09:29 PM  1000         -   1056494      0.00      0.00  |__GC Thread#2
04:09:29 PM  1000         -   1056496      0.00      0.00  |__vert.x-worker-t
04:09:29 PM  1000         -   1056497      0.00      0.00  |__vert.x-eventloo
04:09:29 PM  1000         -   1056498      1.00      0.00  |__vert.x-eventloo
04:09:29 PM  1000         -   1056499      2.00      0.00  |__vert.x-eventloo
04:09:29 PM  1000         -   1056500      0.00      0.00  |__CLI-scheduled-e
04:09:29 PM  1000         -   1056501      0.00      0.00  |__vert.x-eventloo
04:09:29 PM  1000         -   1056503      0.00      0.00  |__vert.x-worker-t
04:09:29 PM  1000         -   1056504      2.00      0.00  |__vert.x-eventloo
04:09:29 PM  1000         -   1056509      0.00      0.00  |__cpu-watchdog
04:09:29 PM  1000         -   1056510   4217.00      0.00  |__epollEventLoopG
04:09:29 PM  1000         -   1056511   4107.00      0.00  |__epollEventLoopG
04:09:29 PM  1000         -   1056512     20.00      0.00  |__jitter-watchdog
04:09:29 PM  1000         -   1056513      0.00      0.00  |__vert.x-worker-t

04:09:29 PM   UID      TGID       TID    %usr %system  %guest   %wait    %CPU   CPU  Command
04:09:30 PM  1000   1056171         -    9.00    9.00    0.00    0.00   18.00    24  java
04:09:30 PM  1000         -   1056171    0.00    0.00    0.00    0.00    0.00    24  |__java
04:09:30 PM  1000         -   1056205    0.00    0.00    0.00    0.00    0.00    22  |__java
04:09:30 PM  1000         -   1056206    0.00    0.00    0.00    0.00    0.00    26  |__GC Thread#0
04:09:30 PM  1000         -   1056207    0.00    0.00    0.00    0.00    0.00    22  |__G1 Main Marker
04:09:30 PM  1000         -   1056208    0.00    0.00    0.00    0.00    0.00    22  |__G1 Conc#0
04:09:30 PM  1000         -   1056209    0.00    0.00    0.00    0.00    0.00    22  |__G1 Refine#0
04:09:30 PM  1000         -   1056210    0.00    0.00    0.00    0.00    0.00    26  |__G1 Service
04:09:30 PM  1000         -   1056212    0.00    0.00    0.00    0.00    0.00    22  |__VM Periodic Tas
04:09:30 PM  1000         -   1056213    0.00    0.00    0.00    0.00    0.00    22  |__VM Thread
04:09:30 PM  1000         -   1056214    0.00    0.00    0.00    0.00    0.00    26  |__Reference Handl
04:09:30 PM  1000         -   1056215    0.00    0.00    0.00    0.00    0.00    24  |__Finalizer
04:09:30 PM  1000         -   1056216    0.00    0.00    0.00    0.00    0.00    24  |__Signal Dispatch
04:09:30 PM  1000         -   1056217    0.00    0.00    0.00    0.00    0.00    26  |__Service Thread
04:09:30 PM  1000         -   1056218    0.00    0.00    0.00    0.00    0.00    22  |__Monitor Deflati
04:09:30 PM  1000         -   1056219    1.00    0.00    0.00    0.00    1.00    24  |__C2 CompilerThre
04:09:30 PM  1000         -   1056220    0.00    0.00    0.00    0.00    0.00    22  |__C1 CompilerThre
04:09:30 PM  1000         -   1056221    0.00    0.00    0.00    0.00    0.00    24  |__Notification Th
04:09:30 PM  1000         -   1056222    0.00    0.00    0.00    0.00    0.00    26  |__Common-Cleaner
04:09:30 PM  1000         -   1056485    0.00    0.00    0.00    0.00    0.00    26  |__vertx-blocked-t
04:09:30 PM  1000         -   1056487    0.00    0.00    0.00    0.00    0.00    26  |__process reaper
04:09:30 PM  1000         -   1056489    0.00    0.00    0.00    0.00    0.00    24  |__vertx-blocked-t
04:09:30 PM  1000         -   1056491    1.00    0.00    0.00    0.00    1.00    26  |__vert.x-eventloo
04:09:30 PM  1000         -   1056492    0.00    0.00    0.00    0.00    0.00    26  |__vert.x-acceptor
04:09:30 PM  1000         -   1056493    0.00    0.00    0.00    0.00    0.00    24  |__GC Thread#1
04:09:30 PM  1000         -   1056494    0.00    0.00    0.00    0.00    0.00    24  |__GC Thread#2
04:09:30 PM  1000         -   1056496    0.00    0.00    0.00    0.00    0.00    22  |__vert.x-worker-t
04:09:30 PM  1000         -   1056497    0.00    0.00    0.00    0.00    0.00    24  |__vert.x-eventloo
04:09:30 PM  1000         -   1056498    0.00    0.00    0.00    0.00    0.00    22  |__vert.x-eventloo
04:09:30 PM  1000         -   1056499    0.00    0.00    0.00    0.00    0.00    22  |__vert.x-eventloo
04:09:30 PM  1000         -   1056500    0.00    0.00    0.00    0.00    0.00    24  |__CLI-scheduled-e
04:09:30 PM  1000         -   1056501    0.00    0.00    0.00    0.00    0.00    26  |__vert.x-eventloo
04:09:30 PM  1000         -   1056503    0.00    0.00    0.00    0.00    0.00    24  |__vert.x-worker-t
04:09:30 PM  1000         -   1056504    0.00    0.00    0.00    0.00    0.00    26  |__vert.x-eventloo
04:09:30 PM  1000         -   1056509    0.00    0.00    0.00    0.00    0.00    24  |__cpu-watchdog
04:09:30 PM  1000         -   1056510    4.00    4.00    0.00    0.00    8.00    22  |__epollEventLoopG
04:09:30 PM  1000         -   1056511    5.00    4.00    0.00    0.00    9.00    26  |__epollEventLoopG
04:09:30 PM  1000         -   1056512    0.00    0.00    0.00    0.00    0.00    24  |__jitter-watchdog
04:09:30 PM  1000         -   1056513    0.00    0.00    0.00    0.00    0.00    22  |__vert.x-worker-t

04:09:29 PM   UID      TGID       TID   cswch/s nvcswch/s  Command
04:09:30 PM  1000   1056171         -      0.00      0.00  java
04:09:30 PM  1000         -   1056171      0.00      0.00  |__java
04:09:30 PM  1000         -   1056205      2.00      0.00  |__java
04:09:30 PM  1000         -   1056206      0.00      0.00  |__GC Thread#0
04:09:30 PM  1000         -   1056207      0.00      0.00  |__G1 Main Marker
04:09:30 PM  1000         -   1056208      0.00      0.00  |__G1 Conc#0
04:09:30 PM  1000         -   1056209     20.00      0.00  |__G1 Refine#0
04:09:30 PM  1000         -   1056210      1.00      0.00  |__G1 Service
04:09:30 PM  1000         -   1056212      0.00      0.00  |__VM Periodic Tas
04:09:30 PM  1000         -   1056213      0.00      0.00  |__VM Thread
04:09:30 PM  1000         -   1056214      0.00      0.00  |__Reference Handl
04:09:30 PM  1000         -   1056215      0.00      0.00  |__Finalizer
04:09:30 PM  1000         -   1056216      0.00      0.00  |__Signal Dispatch
04:09:30 PM  1000         -   1056217      1.00      0.00  |__Service Thread
04:09:30 PM  1000         -   1056218      4.00      0.00  |__Monitor Deflati
04:09:30 PM  1000         -   1056219      5.00      0.00  |__C2 CompilerThre
04:09:30 PM  1000         -   1056220      6.00      0.00  |__C1 CompilerThre
04:09:30 PM  1000         -   1056221      0.00      0.00  |__Notification Th
04:09:30 PM  1000         -   1056222      0.00      0.00  |__Common-Cleaner
04:09:30 PM  1000         -   1056485      1.00      0.00  |__vertx-blocked-t
04:09:30 PM  1000         -   1056487      0.00      0.00  |__process reaper
04:09:30 PM  1000         -   1056489      1.00      0.00  |__vertx-blocked-t
04:09:30 PM  1000         -   1056491      3.00      0.00  |__vert.x-eventloo
04:09:30 PM  1000         -   1056492      0.00      0.00  |__vert.x-acceptor
04:09:30 PM  1000         -   1056493      0.00      0.00  |__GC Thread#1
04:09:30 PM  1000         -   1056494      0.00      0.00  |__GC Thread#2
04:09:30 PM  1000         -   1056496      0.00      0.00  |__vert.x-worker-t
04:09:30 PM  1000         -   1056497      0.00      0.00  |__vert.x-eventloo
04:09:30 PM  1000         -   1056498      1.00      0.00  |__vert.x-eventloo
04:09:30 PM  1000         -   1056499      2.00      0.00  |__vert.x-eventloo
04:09:30 PM  1000         -   1056500      0.00      0.00  |__CLI-scheduled-e
04:09:30 PM  1000         -   1056501      0.00      0.00  |__vert.x-eventloo
04:09:30 PM  1000         -   1056503      0.00      0.00  |__vert.x-worker-t
04:09:30 PM  1000         -   1056504      2.00      0.00  |__vert.x-eventloo
04:09:30 PM  1000         -   1056509      0.00      0.00  |__cpu-watchdog
04:09:30 PM  1000         -   1056510   4147.00      2.00  |__epollEventLoopG
04:09:30 PM  1000         -   1056511   4277.00      2.00  |__epollEventLoopG
04:09:30 PM  1000         -   1056512     20.00      0.00  |__jitter-watchdog
04:09:30 PM  1000         -   1056513      0.00      0.00  |__vert.x-worker-t

04:09:30 PM   UID      TGID       TID    %usr %system  %guest   %wait    %CPU   CPU  Command
04:09:31 PM  1000   1056171         -   16.00    8.00    0.00    0.00   24.00    24  java
04:09:31 PM  1000         -   1056171    0.00    0.00    0.00    0.00    0.00    24  |__java
04:09:31 PM  1000         -   1056205    0.00    0.00    0.00    0.00    0.00    26  |__java
04:09:31 PM  1000         -   1056206    0.00    0.00    0.00    0.00    0.00    26  |__GC Thread#0
04:09:31 PM  1000         -   1056207    0.00    0.00    0.00    0.00    0.00    22  |__G1 Main Marker
04:09:31 PM  1000         -   1056208    0.00    0.00    0.00    0.00    0.00    22  |__G1 Conc#0
04:09:31 PM  1000         -   1056209    0.00    0.00    0.00    0.00    0.00    24  |__G1 Refine#0
04:09:31 PM  1000         -   1056210    0.00    0.00    0.00    0.00    0.00    26  |__G1 Service
04:09:31 PM  1000         -   1056212    0.00    0.00    0.00    0.00    0.00    22  |__VM Periodic Tas
04:09:31 PM  1000         -   1056213    0.00    0.00    0.00    0.00    0.00    22  |__VM Thread
04:09:31 PM  1000         -   1056214    0.00    0.00    0.00    0.00    0.00    26  |__Reference Handl
04:09:31 PM  1000         -   1056215    0.00    0.00    0.00    0.00    0.00    24  |__Finalizer
04:09:31 PM  1000         -   1056216    0.00    0.00    0.00    0.00    0.00    24  |__Signal Dispatch
04:09:31 PM  1000         -   1056217    0.00    0.00    0.00    0.00    0.00    26  |__Service Thread
04:09:31 PM  1000         -   1056218    0.00    0.00    0.00    0.00    0.00    22  |__Monitor Deflati
04:09:31 PM  1000         -   1056219    5.00    0.00    0.00    0.00    5.00    26  |__C2 CompilerThre
04:09:31 PM  1000         -   1056220    1.00    0.00    0.00    0.00    1.00    22  |__C1 CompilerThre
04:09:31 PM  1000         -   1056221    0.00    0.00    0.00    0.00    0.00    24  |__Notification Th
04:09:31 PM  1000         -   1056222    0.00    0.00    0.00    0.00    0.00    26  |__Common-Cleaner
04:09:31 PM  1000         -   1056485    0.00    0.00    0.00    0.00    0.00    22  |__vertx-blocked-t
04:09:31 PM  1000         -   1056487    0.00    0.00    0.00    0.00    0.00    26  |__process reaper
04:09:31 PM  1000         -   1056489    0.00    0.00    0.00    0.00    0.00    24  |__vertx-blocked-t
04:09:31 PM  1000         -   1056491    0.00    0.00    0.00    0.00    0.00    22  |__vert.x-eventloo
04:09:31 PM  1000         -   1056492    0.00    0.00    0.00    0.00    0.00    26  |__vert.x-acceptor
04:09:31 PM  1000         -   1056493    0.00    0.00    0.00    0.00    0.00    24  |__GC Thread#1
04:09:31 PM  1000         -   1056494    0.00    0.00    0.00    0.00    0.00    24  |__GC Thread#2
04:09:31 PM  1000         -   1056496    0.00    0.00    0.00    0.00    0.00    22  |__vert.x-worker-t
04:09:31 PM  1000         -   1056497    0.00    0.00    0.00    0.00    0.00    24  |__vert.x-eventloo
04:09:31 PM  1000         -   1056498    0.00    0.00    0.00    0.00    0.00    22  |__vert.x-eventloo
04:09:31 PM  1000         -   1056499    0.00    0.00    0.00    0.00    0.00    26  |__vert.x-eventloo
04:09:31 PM  1000         -   1056500    0.00    0.00    0.00    0.00    0.00    24  |__CLI-scheduled-e
04:09:31 PM  1000         -   1056501    0.00    0.00    0.00    0.00    0.00    26  |__vert.x-eventloo
04:09:31 PM  1000         -   1056503    0.00    0.00    0.00    0.00    0.00    24  |__vert.x-worker-t
04:09:31 PM  1000         -   1056504    0.00    0.00    0.00    0.00    0.00    26  |__vert.x-eventloo
04:09:31 PM  1000         -   1056509    0.00    0.00    0.00    0.00    0.00    24  |__cpu-watchdog
04:09:31 PM  1000         -   1056510    5.00    4.00    0.00    0.00    9.00    22  |__epollEventLoopG
04:09:31 PM  1000         -   1056511    5.00    3.00    0.00    1.00    8.00    24  |__epollEventLoopG
04:09:31 PM  1000         -   1056512    0.00    0.00    0.00    0.00    0.00    24  |__jitter-watchdog
04:09:31 PM  1000         -   1056513    0.00    0.00    0.00    0.00    0.00    22  |__vert.x-worker-t

04:09:30 PM   UID      TGID       TID   cswch/s nvcswch/s  Command
04:09:31 PM  1000   1056171         -      0.00      0.00  java
04:09:31 PM  1000         -   1056171      0.00      0.00  |__java
04:09:31 PM  1000         -   1056205      2.00      0.00  |__java
04:09:31 PM  1000         -   1056206      0.00      0.00  |__GC Thread#0
04:09:31 PM  1000         -   1056207      0.00      0.00  |__G1 Main Marker
04:09:31 PM  1000         -   1056208      0.00      0.00  |__G1 Conc#0
04:09:31 PM  1000         -   1056209     20.00      0.00  |__G1 Refine#0
04:09:31 PM  1000         -   1056210      1.00      0.00  |__G1 Service
04:09:31 PM  1000         -   1056212      0.00      0.00  |__VM Periodic Tas
04:09:31 PM  1000         -   1056213      0.00      0.00  |__VM Thread
04:09:31 PM  1000         -   1056214      0.00      0.00  |__Reference Handl
04:09:31 PM  1000         -   1056215      0.00      0.00  |__Finalizer
04:09:31 PM  1000         -   1056216      0.00      0.00  |__Signal Dispatch
04:09:31 PM  1000         -   1056217      1.00      0.00  |__Service Thread
04:09:31 PM  1000         -   1056218      4.00      0.00  |__Monitor Deflati
04:09:31 PM  1000         -   1056219     12.00      0.00  |__C2 CompilerThre
04:09:31 PM  1000         -   1056220     17.00      1.00  |__C1 CompilerThre
04:09:31 PM  1000         -   1056221      0.00      0.00  |__Notification Th
04:09:31 PM  1000         -   1056222      0.00      0.00  |__Common-Cleaner
04:09:31 PM  1000         -   1056485      1.00      0.00  |__vertx-blocked-t
04:09:31 PM  1000         -   1056487      0.00      0.00  |__process reaper
04:09:31 PM  1000         -   1056489      1.00      0.00  |__vertx-blocked-t
04:09:31 PM  1000         -   1056491      3.00      0.00  |__vert.x-eventloo
04:09:31 PM  1000         -   1056492      0.00      0.00  |__vert.x-acceptor
04:09:31 PM  1000         -   1056493      0.00      0.00  |__GC Thread#1
04:09:31 PM  1000         -   1056494      0.00      0.00  |__GC Thread#2
04:09:31 PM  1000         -   1056496      0.00      0.00  |__vert.x-worker-t
04:09:31 PM  1000         -   1056497      0.00      0.00  |__vert.x-eventloo
04:09:31 PM  1000         -   1056498      1.00      0.00  |__vert.x-eventloo
04:09:31 PM  1000         -   1056499      2.00      0.00  |__vert.x-eventloo
04:09:31 PM  1000         -   1056500      0.00      0.00  |__CLI-scheduled-e
04:09:31 PM  1000         -   1056501      0.00      0.00  |__vert.x-eventloo
04:09:31 PM  1000         -   1056503      0.00      0.00  |__vert.x-worker-t
04:09:31 PM  1000         -   1056504      1.00      0.00  |__vert.x-eventloo
04:09:31 PM  1000         -   1056509      1.00      0.00  |__cpu-watchdog
04:09:31 PM  1000         -   1056510   4307.00      1.00  |__epollEventLoopG
04:09:31 PM  1000         -   1056511   4124.00      1.00  |__epollEventLoopG
04:09:31 PM  1000         -   1056512     20.00      0.00  |__jitter-watchdog
04:09:31 PM  1000         -   1056513      0.00      0.00  |__vert.x-worker-t

04:09:31 PM   UID      TGID       TID    %usr %system  %guest   %wait    %CPU   CPU  Command
04:09:32 PM  1000   1056171         -   10.00    8.00    0.00    0.00   18.00    24  java
04:09:32 PM  1000         -   1056171    0.00    0.00    0.00    0.00    0.00    24  |__java
04:09:32 PM  1000         -   1056205    0.00    0.00    0.00    0.00    0.00    22  |__java
04:09:32 PM  1000         -   1056206    0.00    0.00    0.00    0.00    0.00    26  |__GC Thread#0
04:09:32 PM  1000         -   1056207    0.00    0.00    0.00    0.00    0.00    22  |__G1 Main Marker
04:09:32 PM  1000         -   1056208    0.00    0.00    0.00    0.00    0.00    22  |__G1 Conc#0
04:09:32 PM  1000         -   1056209    0.00    0.00    0.00    0.00    0.00    24  |__G1 Refine#0
04:09:32 PM  1000         -   1056210    0.00    0.00    0.00    0.00    0.00    26  |__G1 Service
04:09:32 PM  1000         -   1056212    0.00    0.00    0.00    0.00    0.00    22  |__VM Periodic Tas
04:09:32 PM  1000         -   1056213    0.00    0.00    0.00    0.00    0.00    22  |__VM Thread
04:09:32 PM  1000         -   1056214    0.00    0.00    0.00    0.00    0.00    26  |__Reference Handl
04:09:32 PM  1000         -   1056215    0.00    0.00    0.00    0.00    0.00    24  |__Finalizer
04:09:32 PM  1000         -   1056216    0.00    0.00    0.00    0.00    0.00    24  |__Signal Dispatch
04:09:32 PM  1000         -   1056217    0.00    0.00    0.00    0.00    0.00    26  |__Service Thread
04:09:32 PM  1000         -   1056218    0.00    0.00    0.00    0.00    0.00    22  |__Monitor Deflati
04:09:32 PM  1000         -   1056219    1.00    0.00    0.00    0.00    1.00    22  |__C2 CompilerThre
04:09:32 PM  1000         -   1056220    0.00    0.00    0.00    0.00    0.00    24  |__C1 CompilerThre
04:09:32 PM  1000         -   1056221    0.00    0.00    0.00    0.00    0.00    24  |__Notification Th
04:09:32 PM  1000         -   1056222    0.00    0.00    0.00    0.00    0.00    26  |__Common-Cleaner
04:09:32 PM  1000         -   1056485    0.00    0.00    0.00    0.00    0.00    22  |__vertx-blocked-t
04:09:32 PM  1000         -   1056487    0.00    0.00    0.00    0.00    0.00    26  |__process reaper
04:09:32 PM  1000         -   1056489    0.00    0.00    0.00    0.00    0.00    26  |__vertx-blocked-t
04:09:32 PM  1000         -   1056491    0.00    0.00    0.00    0.00    0.00    22  |__vert.x-eventloo
04:09:32 PM  1000         -   1056492    0.00    0.00    0.00    0.00    0.00    26  |__vert.x-acceptor
04:09:32 PM  1000         -   1056493    0.00    0.00    0.00    0.00    0.00    24  |__GC Thread#1
04:09:32 PM  1000         -   1056494    0.00    0.00    0.00    0.00    0.00    24  |__GC Thread#2
04:09:32 PM  1000         -   1056496    0.00    0.00    0.00    0.00    0.00    22  |__vert.x-worker-t
04:09:32 PM  1000         -   1056497    0.00    0.00    0.00    0.00    0.00    24  |__vert.x-eventloo
04:09:32 PM  1000         -   1056498    0.00    0.00    0.00    0.00    0.00    22  |__vert.x-eventloo
04:09:32 PM  1000         -   1056499    0.00    0.00    0.00    0.00    0.00    22  |__vert.x-eventloo
04:09:32 PM  1000         -   1056500    0.00    0.00    0.00    0.00    0.00    24  |__CLI-scheduled-e
04:09:32 PM  1000         -   1056501    0.00    0.00    0.00    0.00    0.00    26  |__vert.x-eventloo
04:09:32 PM  1000         -   1056503    0.00    0.00    0.00    0.00    0.00    24  |__vert.x-worker-t
04:09:32 PM  1000         -   1056504    0.00    0.00    0.00    0.00    0.00    26  |__vert.x-eventloo
04:09:32 PM  1000         -   1056509    0.00    0.00    0.00    0.00    0.00    24  |__cpu-watchdog
04:09:32 PM  1000         -   1056510    5.00    4.00    0.00    0.00    9.00    22  |__epollEventLoopG
04:09:32 PM  1000         -   1056511    4.00    4.00    0.00    0.00    8.00    24  |__epollEventLoopG
04:09:32 PM  1000         -   1056512    0.00    0.00    0.00    0.00    0.00    24  |__jitter-watchdog
04:09:32 PM  1000         -   1056513    0.00    0.00    0.00    0.00    0.00    22  |__vert.x-worker-t

04:09:31 PM   UID      TGID       TID   cswch/s nvcswch/s  Command
04:09:32 PM  1000   1056171         -      0.00      0.00  java
04:09:32 PM  1000         -   1056171      0.00      0.00  |__java
04:09:32 PM  1000         -   1056205      2.00      0.00  |__java
04:09:32 PM  1000         -   1056206      0.00      0.00  |__GC Thread#0
04:09:32 PM  1000         -   1056207      0.00      0.00  |__G1 Main Marker
04:09:32 PM  1000         -   1056208      0.00      0.00  |__G1 Conc#0
04:09:32 PM  1000         -   1056209     20.00      0.00  |__G1 Refine#0
04:09:32 PM  1000         -   1056210      1.00      0.00  |__G1 Service
04:09:32 PM  1000         -   1056212      0.00      0.00  |__VM Periodic Tas
04:09:32 PM  1000         -   1056213      0.00      0.00  |__VM Thread
04:09:32 PM  1000         -   1056214      0.00      0.00  |__Reference Handl
04:09:32 PM  1000         -   1056215      0.00      0.00  |__Finalizer
04:09:32 PM  1000         -   1056216      0.00      0.00  |__Signal Dispatch
04:09:32 PM  1000         -   1056217      1.00      0.00  |__Service Thread
04:09:32 PM  1000         -   1056218      4.00      0.00  |__Monitor Deflati
04:09:32 PM  1000         -   1056219     13.00      0.00  |__C2 CompilerThre
04:09:32 PM  1000         -   1056220      9.00      0.00  |__C1 CompilerThre
04:09:32 PM  1000         -   1056221      0.00      0.00  |__Notification Th
04:09:32 PM  1000         -   1056222      0.00      0.00  |__Common-Cleaner
04:09:32 PM  1000         -   1056485      1.00      0.00  |__vertx-blocked-t
04:09:32 PM  1000         -   1056487      0.00      0.00  |__process reaper
04:09:32 PM  1000         -   1056489      1.00      0.00  |__vertx-blocked-t
04:09:32 PM  1000         -   1056491      3.00      0.00  |__vert.x-eventloo
04:09:32 PM  1000         -   1056492      0.00      0.00  |__vert.x-acceptor
04:09:32 PM  1000         -   1056493      0.00      0.00  |__GC Thread#1
04:09:32 PM  1000         -   1056494      0.00      0.00  |__GC Thread#2
04:09:32 PM  1000         -   1056496      0.00      0.00  |__vert.x-worker-t
04:09:32 PM  1000         -   1056497      0.00      0.00  |__vert.x-eventloo
04:09:32 PM  1000         -   1056498      1.00      0.00  |__vert.x-eventloo
04:09:32 PM  1000         -   1056499      2.00      0.00  |__vert.x-eventloo
04:09:32 PM  1000         -   1056500      0.00      0.00  |__CLI-scheduled-e
04:09:32 PM  1000         -   1056501      0.00      0.00  |__vert.x-eventloo
04:09:32 PM  1000         -   1056503      0.00      0.00  |__vert.x-worker-t
04:09:32 PM  1000         -   1056504      1.00      0.00  |__vert.x-eventloo
04:09:32 PM  1000         -   1056509      0.00      0.00  |__cpu-watchdog
04:09:32 PM  1000         -   1056510   4186.00      0.00  |__epollEventLoopG
04:09:32 PM  1000         -   1056511   4129.00      1.00  |__epollEventLoopG
04:09:32 PM  1000         -   1056512     20.00      0.00  |__jitter-watchdog
04:09:32 PM  1000         -   1056513      0.00      0.00  |__vert.x-worker-t

04:09:32 PM   UID      TGID       TID    %usr %system  %guest   %wait    %CPU   CPU  Command
04:09:33 PM  1000   1056171         -   13.00    9.00    0.00    0.00   22.00    24  java
04:09:33 PM  1000         -   1056171    0.00    0.00    0.00    0.00    0.00    24  |__java
04:09:33 PM  1000         -   1056205    0.00    0.00    0.00    0.00    0.00    22  |__java
04:09:33 PM  1000         -   1056206    0.00    0.00    0.00    0.00    0.00    26  |__GC Thread#0
04:09:33 PM  1000         -   1056207    0.00    0.00    0.00    0.00    0.00    22  |__G1 Main Marker
04:09:33 PM  1000         -   1056208    0.00    0.00    0.00    0.00    0.00    22  |__G1 Conc#0
04:09:33 PM  1000         -   1056209    0.00    0.00    0.00    0.00    0.00    22  |__G1 Refine#0
04:09:33 PM  1000         -   1056210    0.00    0.00    0.00    0.00    0.00    26  |__G1 Service
04:09:33 PM  1000         -   1056212    0.00    0.00    0.00    0.00    0.00    22  |__VM Periodic Tas
04:09:33 PM  1000         -   1056213    0.00    0.00    0.00    0.00    0.00    22  |__VM Thread
04:09:33 PM  1000         -   1056214    0.00    0.00    0.00    0.00    0.00    26  |__Reference Handl
04:09:33 PM  1000         -   1056215    0.00    0.00    0.00    0.00    0.00    24  |__Finalizer
04:09:33 PM  1000         -   1056216    0.00    0.00    0.00    0.00    0.00    24  |__Signal Dispatch
04:09:33 PM  1000         -   1056217    0.00    0.00    0.00    0.00    0.00    26  |__Service Thread
04:09:33 PM  1000         -   1056218    0.00    0.00    0.00    0.00    0.00    22  |__Monitor Deflati
04:09:33 PM  1000         -   1056219    3.00    1.00    0.00    0.00    4.00    24  |__C2 CompilerThre
04:09:33 PM  1000         -   1056220    1.00    0.00    0.00    0.00    1.00    22  |__C1 CompilerThre
04:09:33 PM  1000         -   1056221    0.00    0.00    0.00    0.00    0.00    24  |__Notification Th
04:09:33 PM  1000         -   1056222    0.00    0.00    0.00    0.00    0.00    26  |__Common-Cleaner
04:09:33 PM  1000         -   1056485    0.00    0.00    0.00    0.00    0.00    22  |__vertx-blocked-t
04:09:33 PM  1000         -   1056487    0.00    0.00    0.00    0.00    0.00    26  |__process reaper
04:09:33 PM  1000         -   1056489    0.00    0.00    0.00    0.00    0.00    26  |__vertx-blocked-t
04:09:33 PM  1000         -   1056491    0.00    0.00    0.00    0.00    0.00    24  |__vert.x-eventloo
04:09:33 PM  1000         -   1056492    0.00    0.00    0.00    0.00    0.00    26  |__vert.x-acceptor
04:09:33 PM  1000         -   1056493    0.00    0.00    0.00    0.00    0.00    24  |__GC Thread#1
04:09:33 PM  1000         -   1056494    0.00    0.00    0.00    0.00    0.00    24  |__GC Thread#2
04:09:33 PM  1000         -   1056496    0.00    0.00    0.00    0.00    0.00    22  |__vert.x-worker-t
04:09:33 PM  1000         -   1056497    0.00    0.00    0.00    0.00    0.00    24  |__vert.x-eventloo
04:09:33 PM  1000         -   1056498    0.00    0.00    0.00    0.00    0.00    22  |__vert.x-eventloo
04:09:33 PM  1000         -   1056499    0.00    0.00    0.00    0.00    0.00    22  |__vert.x-eventloo
04:09:33 PM  1000         -   1056500    0.00    0.00    0.00    0.00    0.00    24  |__CLI-scheduled-e
04:09:33 PM  1000         -   1056501    0.00    0.00    0.00    0.00    0.00    26  |__vert.x-eventloo
04:09:33 PM  1000         -   1056503    0.00    0.00    0.00    0.00    0.00    24  |__vert.x-worker-t
04:09:33 PM  1000         -   1056504    0.00    0.00    0.00    0.00    0.00    22  |__vert.x-eventloo
04:09:33 PM  1000         -   1056509    0.00    0.00    0.00    0.00    0.00    24  |__cpu-watchdog
04:09:33 PM  1000         -   1056510    4.00    4.00    0.00    0.00    8.00    26  |__epollEventLoopG
04:09:33 PM  1000         -   1056511    5.00    3.00    0.00    0.00    8.00    24  |__epollEventLoopG
04:09:33 PM  1000         -   1056512    0.00    0.00    0.00    0.00    0.00    26  |__jitter-watchdog
04:09:33 PM  1000         -   1056513    0.00    0.00    0.00    0.00    0.00    22  |__vert.x-worker-t

04:09:32 PM   UID      TGID       TID   cswch/s nvcswch/s  Command
04:09:33 PM  1000   1056171         -      0.00      0.00  java
04:09:33 PM  1000         -   1056171      0.00      0.00  |__java
04:09:33 PM  1000         -   1056205      2.00      0.00  |__java
04:09:33 PM  1000         -   1056206      0.00      0.00  |__GC Thread#0
04:09:33 PM  1000         -   1056207      0.00      0.00  |__G1 Main Marker
04:09:33 PM  1000         -   1056208      0.00      0.00  |__G1 Conc#0
04:09:33 PM  1000         -   1056209     20.00      0.00  |__G1 Refine#0
04:09:33 PM  1000         -   1056210      1.00      0.00  |__G1 Service
04:09:33 PM  1000         -   1056212      0.00      0.00  |__VM Periodic Tas
04:09:33 PM  1000         -   1056213      0.00      0.00  |__VM Thread
04:09:33 PM  1000         -   1056214      0.00      0.00  |__Reference Handl
04:09:33 PM  1000         -   1056215      0.00      0.00  |__Finalizer
04:09:33 PM  1000         -   1056216      0.00      0.00  |__Signal Dispatch
04:09:33 PM  1000         -   1056217      1.00      0.00  |__Service Thread
04:09:33 PM  1000         -   1056218      4.00      0.00  |__Monitor Deflati
04:09:33 PM  1000         -   1056219     10.00      0.00  |__C2 CompilerThre
04:09:33 PM  1000         -   1056220      9.00      0.00  |__C1 CompilerThre
04:09:33 PM  1000         -   1056221      0.00      0.00  |__Notification Th
04:09:33 PM  1000         -   1056222      0.00      0.00  |__Common-Cleaner
04:09:33 PM  1000         -   1056485      1.00      0.00  |__vertx-blocked-t
04:09:33 PM  1000         -   1056487      0.00      0.00  |__process reaper
04:09:33 PM  1000         -   1056489      1.00      0.00  |__vertx-blocked-t
04:09:33 PM  1000         -   1056491      3.00      0.00  |__vert.x-eventloo
04:09:33 PM  1000         -   1056492      0.00      0.00  |__vert.x-acceptor
04:09:33 PM  1000         -   1056493      0.00      0.00  |__GC Thread#1
04:09:33 PM  1000         -   1056494      0.00      0.00  |__GC Thread#2
04:09:33 PM  1000         -   1056496      0.00      0.00  |__vert.x-worker-t
04:09:33 PM  1000         -   1056497      0.00      0.00  |__vert.x-eventloo
04:09:33 PM  1000         -   1056498      1.00      0.00  |__vert.x-eventloo
04:09:33 PM  1000         -   1056499      2.00      0.00  |__vert.x-eventloo
04:09:33 PM  1000         -   1056500      0.00      0.00  |__CLI-scheduled-e
04:09:33 PM  1000         -   1056501      0.00      0.00  |__vert.x-eventloo
04:09:33 PM  1000         -   1056503      0.00      0.00  |__vert.x-worker-t
04:09:33 PM  1000         -   1056504      2.00      0.00  |__vert.x-eventloo
04:09:33 PM  1000         -   1056509      0.00      0.00  |__cpu-watchdog
04:09:33 PM  1000         -   1056510   4283.00      1.00  |__epollEventLoopG
04:09:33 PM  1000         -   1056511   4111.00      0.00  |__epollEventLoopG
04:09:33 PM  1000         -   1056512     20.00      0.00  |__jitter-watchdog
04:09:33 PM  1000         -   1056513      0.00      0.00  |__vert.x-worker-t

04:09:33 PM   UID      TGID       TID    %usr %system  %guest   %wait    %CPU   CPU  Command
04:09:34 PM  1000   1056171         -    9.00    9.00    0.00    0.00   18.00    24  java
04:09:34 PM  1000         -   1056171    0.00    0.00    0.00    0.00    0.00    24  |__java
04:09:34 PM  1000         -   1056205    0.00    0.00    0.00    0.00    0.00    22  |__java
04:09:34 PM  1000         -   1056206    0.00    0.00    0.00    0.00    0.00    26  |__GC Thread#0
04:09:34 PM  1000         -   1056207    0.00    0.00    0.00    0.00    0.00    22  |__G1 Main Marker
04:09:34 PM  1000         -   1056208    0.00    0.00    0.00    0.00    0.00    22  |__G1 Conc#0
04:09:34 PM  1000         -   1056209    0.00    0.00    0.00    0.00    0.00    22  |__G1 Refine#0
04:09:34 PM  1000         -   1056210    0.00    0.00    0.00    0.00    0.00    26  |__G1 Service
04:09:34 PM  1000         -   1056212    0.00    0.00    0.00    0.00    0.00    22  |__VM Periodic Tas
04:09:34 PM  1000         -   1056213    0.00    0.00    0.00    0.00    0.00    22  |__VM Thread
04:09:34 PM  1000         -   1056214    0.00    0.00    0.00    0.00    0.00    26  |__Reference Handl
04:09:34 PM  1000         -   1056215    0.00    0.00    0.00    0.00    0.00    24  |__Finalizer
04:09:34 PM  1000         -   1056216    0.00    0.00    0.00    0.00    0.00    24  |__Signal Dispatch
04:09:34 PM  1000         -   1056217    0.00    0.00    0.00    0.00    0.00    26  |__Service Thread
04:09:34 PM  1000         -   1056218    0.00    0.00    0.00    0.00    0.00    22  |__Monitor Deflati
04:09:34 PM  1000         -   1056219    0.00    0.00    0.00    0.00    0.00    22  |__C2 CompilerThre
04:09:34 PM  1000         -   1056220    0.00    0.00    0.00    0.00    0.00    26  |__C1 CompilerThre
04:09:34 PM  1000         -   1056221    0.00    0.00    0.00    0.00    0.00    24  |__Notification Th
04:09:34 PM  1000         -   1056222    0.00    0.00    0.00    0.00    0.00    26  |__Common-Cleaner
04:09:34 PM  1000         -   1056485    0.00    0.00    0.00    0.00    0.00    22  |__vertx-blocked-t
04:09:34 PM  1000         -   1056487    0.00    0.00    0.00    0.00    0.00    26  |__process reaper
04:09:34 PM  1000         -   1056489    0.00    0.00    0.00    0.00    0.00    26  |__vertx-blocked-t
04:09:34 PM  1000         -   1056491    0.00    0.00    0.00    0.00    0.00    24  |__vert.x-eventloo
04:09:34 PM  1000         -   1056492    0.00    0.00    0.00    0.00    0.00    26  |__vert.x-acceptor
04:09:34 PM  1000         -   1056493    0.00    0.00    0.00    0.00    0.00    24  |__GC Thread#1
04:09:34 PM  1000         -   1056494    0.00    0.00    0.00    0.00    0.00    24  |__GC Thread#2
04:09:34 PM  1000         -   1056496    0.00    0.00    0.00    0.00    0.00    22  |__vert.x-worker-t
04:09:34 PM  1000         -   1056497    0.00    0.00    0.00    0.00    0.00    24  |__vert.x-eventloo
04:09:34 PM  1000         -   1056498    0.00    0.00    0.00    0.00    0.00    22  |__vert.x-eventloo
04:09:34 PM  1000         -   1056499    0.00    0.00    0.00    0.00    0.00    24  |__vert.x-eventloo
04:09:34 PM  1000         -   1056500    0.00    0.00    0.00    0.00    0.00    24  |__CLI-scheduled-e
04:09:34 PM  1000         -   1056501    0.00    0.00    0.00    0.00    0.00    26  |__vert.x-eventloo
04:09:34 PM  1000         -   1056503    0.00    0.00    0.00    0.00    0.00    24  |__vert.x-worker-t
04:09:34 PM  1000         -   1056504    0.00    0.00    0.00    0.00    0.00    22  |__vert.x-eventloo
04:09:34 PM  1000         -   1056509    0.00    0.00    0.00    0.00    0.00    24  |__cpu-watchdog
04:09:34 PM  1000         -   1056510    5.00    4.00    0.00    0.00    9.00    22  |__epollEventLoopG
04:09:34 PM  1000         -   1056511    5.00    4.00    0.00    0.00    9.00    24  |__epollEventLoopG
04:09:34 PM  1000         -   1056512    0.00    0.00    0.00    0.00    0.00    22  |__jitter-watchdog
04:09:34 PM  1000         -   1056513    0.00    0.00    0.00    0.00    0.00    22  |__vert.x-worker-t

04:09:33 PM   UID      TGID       TID   cswch/s nvcswch/s  Command
04:09:34 PM  1000   1056171         -      0.00      0.00  java
04:09:34 PM  1000         -   1056171      0.00      0.00  |__java
04:09:34 PM  1000         -   1056205      2.00      0.00  |__java
04:09:34 PM  1000         -   1056206      0.00      0.00  |__GC Thread#0
04:09:34 PM  1000         -   1056207      0.00      0.00  |__G1 Main Marker
04:09:34 PM  1000         -   1056208      0.00      0.00  |__G1 Conc#0
04:09:34 PM  1000         -   1056209     20.00      0.00  |__G1 Refine#0
04:09:34 PM  1000         -   1056210      1.00      0.00  |__G1 Service
04:09:34 PM  1000         -   1056212      1.00      0.00  |__VM Periodic Tas
04:09:34 PM  1000         -   1056213      0.00      0.00  |__VM Thread
04:09:34 PM  1000         -   1056214      0.00      0.00  |__Reference Handl
04:09:34 PM  1000         -   1056215      0.00      0.00  |__Finalizer
04:09:34 PM  1000         -   1056216      0.00      0.00  |__Signal Dispatch
04:09:34 PM  1000         -   1056217      1.00      0.00  |__Service Thread
04:09:34 PM  1000         -   1056218      4.00      0.00  |__Monitor Deflati
04:09:34 PM  1000         -   1056219     10.00      0.00  |__C2 CompilerThre
04:09:34 PM  1000         -   1056220      9.00      0.00  |__C1 CompilerThre
04:09:34 PM  1000         -   1056221      0.00      0.00  |__Notification Th
04:09:34 PM  1000         -   1056222      0.00      0.00  |__Common-Cleaner
04:09:34 PM  1000         -   1056485      1.00      0.00  |__vertx-blocked-t
04:09:34 PM  1000         -   1056487      0.00      0.00  |__process reaper
04:09:34 PM  1000         -   1056489      1.00      0.00  |__vertx-blocked-t
04:09:34 PM  1000         -   1056491      3.00      0.00  |__vert.x-eventloo
04:09:34 PM  1000         -   1056492      0.00      0.00  |__vert.x-acceptor
04:09:34 PM  1000         -   1056493      0.00      0.00  |__GC Thread#1
04:09:34 PM  1000         -   1056494      0.00      0.00  |__GC Thread#2
04:09:34 PM  1000         -   1056496      0.00      0.00  |__vert.x-worker-t
04:09:34 PM  1000         -   1056497      0.00      0.00  |__vert.x-eventloo
04:09:34 PM  1000         -   1056498      1.00      0.00  |__vert.x-eventloo
04:09:34 PM  1000         -   1056499      2.00      0.00  |__vert.x-eventloo
04:09:34 PM  1000         -   1056500      0.00      0.00  |__CLI-scheduled-e
04:09:34 PM  1000         -   1056501      0.00      0.00  |__vert.x-eventloo
04:09:34 PM  1000         -   1056503      0.00      0.00  |__vert.x-worker-t
04:09:34 PM  1000         -   1056504      2.00      0.00  |__vert.x-eventloo
04:09:34 PM  1000         -   1056509      0.00      0.00  |__cpu-watchdog
04:09:34 PM  1000         -   1056510   4198.00      0.00  |__epollEventLoopG
04:09:34 PM  1000         -   1056511   4215.00      0.00  |__epollEventLoopG
04:09:34 PM  1000         -   1056512     20.00      1.00  |__jitter-watchdog
04:09:34 PM  1000         -   1056513      0.00      0.00  |__vert.x-worker-t

04:09:34 PM   UID      TGID       TID    %usr %system  %guest   %wait    %CPU   CPU  Command
04:09:35 PM  1000   1056171         -   10.00    9.00    0.00    0.00   19.00    24  java
04:09:35 PM  1000         -   1056171    0.00    0.00    0.00    0.00    0.00    24  |__java
04:09:35 PM  1000         -   1056205    0.00    0.00    0.00    0.00    0.00    22  |__java
04:09:35 PM  1000         -   1056206    0.00    0.00    0.00    0.00    0.00    26  |__GC Thread#0
04:09:35 PM  1000         -   1056207    0.00    0.00    0.00    0.00    0.00    22  |__G1 Main Marker
04:09:35 PM  1000         -   1056208    0.00    0.00    0.00    0.00    0.00    22  |__G1 Conc#0
04:09:35 PM  1000         -   1056209    0.00    0.00    0.00    0.00    0.00    24  |__G1 Refine#0
04:09:35 PM  1000         -   1056210    0.00    0.00    0.00    0.00    0.00    26  |__G1 Service
04:09:35 PM  1000         -   1056212    0.00    0.00    0.00    0.00    0.00    22  |__VM Periodic Tas
04:09:35 PM  1000         -   1056213    0.00    0.00    0.00    0.00    0.00    22  |__VM Thread
04:09:35 PM  1000         -   1056214    0.00    0.00    0.00    0.00    0.00    26  |__Reference Handl
04:09:35 PM  1000         -   1056215    0.00    0.00    0.00    0.00    0.00    24  |__Finalizer
04:09:35 PM  1000         -   1056216    0.00    0.00    0.00    0.00    0.00    24  |__Signal Dispatch
04:09:35 PM  1000         -   1056217    0.00    0.00    0.00    0.00    0.00    26  |__Service Thread
04:09:35 PM  1000         -   1056218    0.00    0.00    0.00    0.00    0.00    22  |__Monitor Deflati
04:09:35 PM  1000         -   1056219    1.00    0.00    0.00    0.00    1.00    24  |__C2 CompilerThre
04:09:35 PM  1000         -   1056220    0.00    0.00    0.00    0.00    0.00    26  |__C1 CompilerThre
04:09:35 PM  1000         -   1056221    0.00    0.00    0.00    0.00    0.00    24  |__Notification Th
04:09:35 PM  1000         -   1056222    0.00    0.00    0.00    0.00    0.00    26  |__Common-Cleaner
04:09:35 PM  1000         -   1056485    0.00    0.00    0.00    0.00    0.00    26  |__vertx-blocked-t
04:09:35 PM  1000         -   1056487    0.00    0.00    0.00    0.00    0.00    26  |__process reaper
04:09:35 PM  1000         -   1056489    0.00    0.00    0.00    0.00    0.00    26  |__vertx-blocked-t
04:09:35 PM  1000         -   1056491    1.00    0.00    0.00    0.00    1.00    26  |__vert.x-eventloo
04:09:35 PM  1000         -   1056492    0.00    0.00    0.00    0.00    0.00    26  |__vert.x-acceptor
04:09:35 PM  1000         -   1056493    0.00    0.00    0.00    0.00    0.00    24  |__GC Thread#1
04:09:35 PM  1000         -   1056494    0.00    0.00    0.00    0.00    0.00    24  |__GC Thread#2
04:09:35 PM  1000         -   1056496    0.00    0.00    0.00    0.00    0.00    22  |__vert.x-worker-t
04:09:35 PM  1000         -   1056497    0.00    0.00    0.00    0.00    0.00    24  |__vert.x-eventloo
04:09:35 PM  1000         -   1056498    0.00    0.00    0.00    0.00    0.00    22  |__vert.x-eventloo
04:09:35 PM  1000         -   1056499    1.00    0.00    0.00    0.00    1.00    26  |__vert.x-eventloo
04:09:35 PM  1000         -   1056500    0.00    0.00    0.00    0.00    0.00    26  |__CLI-scheduled-e
04:09:35 PM  1000         -   1056501    0.00    0.00    0.00    0.00    0.00    26  |__vert.x-eventloo
04:09:35 PM  1000         -   1056503    0.00    0.00    0.00    0.00    0.00    24  |__vert.x-worker-t
04:09:35 PM  1000         -   1056504    0.00    0.00    0.00    0.00    0.00    22  |__vert.x-eventloo
04:09:35 PM  1000         -   1056509    0.00    0.00    0.00    0.00    0.00    24  |__cpu-watchdog
04:09:35 PM  1000         -   1056510    5.00    4.00    0.00    0.00    9.00    22  |__epollEventLoopG
04:09:35 PM  1000         -   1056511    3.00    4.00    0.00    0.00    7.00    24  |__epollEventLoopG
04:09:35 PM  1000         -   1056512    0.00    0.00    0.00    0.00    0.00    24  |__jitter-watchdog
04:09:35 PM  1000         -   1056513    0.00    0.00    0.00    0.00    0.00    22  |__vert.x-worker-t
04:09:35 PM  1000         -   1056525    0.00    0.00    0.00    0.00    0.00    22  |__vert.x-eventloo

04:09:34 PM   UID      TGID       TID   cswch/s nvcswch/s  Command
04:09:35 PM  1000   1056171         -      0.00      0.00  java
04:09:35 PM  1000         -   1056171      0.00      0.00  |__java
04:09:35 PM  1000         -   1056205      2.00      0.00  |__java
04:09:35 PM  1000         -   1056206      0.00      0.00  |__GC Thread#0
04:09:35 PM  1000         -   1056207      0.00      0.00  |__G1 Main Marker
04:09:35 PM  1000         -   1056208      0.00      0.00  |__G1 Conc#0
04:09:35 PM  1000         -   1056209     20.00      0.00  |__G1 Refine#0
04:09:35 PM  1000         -   1056210      1.00      0.00  |__G1 Service
04:09:35 PM  1000         -   1056212      0.00      0.00  |__VM Periodic Tas
04:09:35 PM  1000         -   1056213      0.00      0.00  |__VM Thread
04:09:35 PM  1000         -   1056214      0.00      0.00  |__Reference Handl
04:09:35 PM  1000         -   1056215      0.00      0.00  |__Finalizer
04:09:35 PM  1000         -   1056216      0.00      0.00  |__Signal Dispatch
04:09:35 PM  1000         -   1056217      1.00      0.00  |__Service Thread
04:09:35 PM  1000         -   1056218      4.00      0.00  |__Monitor Deflati
04:09:35 PM  1000         -   1056219     15.00      0.00  |__C2 CompilerThre
04:09:35 PM  1000         -   1056220     18.00      0.00  |__C1 CompilerThre
04:09:35 PM  1000         -   1056221      0.00      0.00  |__Notification Th
04:09:35 PM  1000         -   1056222      0.00      0.00  |__Common-Cleaner
04:09:35 PM  1000         -   1056485      1.00      0.00  |__vertx-blocked-t
04:09:35 PM  1000         -   1056487      0.00      0.00  |__process reaper
04:09:35 PM  1000         -   1056489      1.00      0.00  |__vertx-blocked-t
04:09:35 PM  1000         -   1056491      4.00      0.00  |__vert.x-eventloo
04:09:35 PM  1000         -   1056492      0.00      0.00  |__vert.x-acceptor
04:09:35 PM  1000         -   1056493      0.00      0.00  |__GC Thread#1
04:09:35 PM  1000         -   1056494      0.00      0.00  |__GC Thread#2
04:09:35 PM  1000         -   1056496      0.00      0.00  |__vert.x-worker-t
04:09:35 PM  1000         -   1056497      0.00      0.00  |__vert.x-eventloo
04:09:35 PM  1000         -   1056498      1.00      0.00  |__vert.x-eventloo
04:09:35 PM  1000         -   1056499      6.00      0.00  |__vert.x-eventloo
04:09:35 PM  1000         -   1056500      3.00      0.00  |__CLI-scheduled-e
04:09:35 PM  1000         -   1056501      0.00      0.00  |__vert.x-eventloo
04:09:35 PM  1000         -   1056503      0.00      0.00  |__vert.x-worker-t
04:09:35 PM  1000         -   1056504      1.00      0.00  |__vert.x-eventloo
04:09:35 PM  1000         -   1056509      0.00      0.00  |__cpu-watchdog
04:09:35 PM  1000         -   1056510   4296.00      3.00  |__epollEventLoopG
04:09:35 PM  1000         -   1056511   4066.00      2.00  |__epollEventLoopG
04:09:35 PM  1000         -   1056512     20.00      0.00  |__jitter-watchdog
04:09:35 PM  1000         -   1056513      0.00      0.00  |__vert.x-worker-t
04:09:35 PM  1000         -   1056525      3.00      0.00  |__vert.x-eventloo

04:09:35 PM   UID      TGID       TID    %usr %system  %guest   %wait    %CPU   CPU  Command
04:09:36 PM  1000   1056171         -   16.00    8.00    0.00    0.00   24.00    24  java
04:09:36 PM  1000         -   1056171    0.00    0.00    0.00    0.00    0.00    24  |__java
04:09:36 PM  1000         -   1056205    0.00    0.00    0.00    0.00    0.00    24  |__java
04:09:36 PM  1000         -   1056206    0.00    0.00    0.00    0.00    0.00    22  |__GC Thread#0
04:09:36 PM  1000         -   1056207    0.00    0.00    0.00    0.00    0.00    22  |__G1 Main Marker
04:09:36 PM  1000         -   1056208    0.00    0.00    0.00    0.00    0.00    22  |__G1 Conc#0
04:09:36 PM  1000         -   1056209    0.00    0.00    0.00    0.00    0.00    24  |__G1 Refine#0
04:09:36 PM  1000         -   1056210    0.00    0.00    0.00    0.00    0.00    26  |__G1 Service
04:09:36 PM  1000         -   1056212    0.00    0.00    0.00    0.00    0.00    22  |__VM Periodic Tas
04:09:36 PM  1000         -   1056213    0.00    0.00    0.00    0.00    0.00    24  |__VM Thread
04:09:36 PM  1000         -   1056214    0.00    0.00    0.00    0.00    0.00    26  |__Reference Handl
04:09:36 PM  1000         -   1056215    0.00    0.00    0.00    0.00    0.00    24  |__Finalizer
04:09:36 PM  1000         -   1056216    0.00    0.00    0.00    0.00    0.00    24  |__Signal Dispatch
04:09:36 PM  1000         -   1056217    0.00    0.00    0.00    0.00    0.00    24  |__Service Thread
04:09:36 PM  1000         -   1056218    0.00    0.00    0.00    0.00    0.00    22  |__Monitor Deflati
04:09:36 PM  1000         -   1056219    5.00    0.00    0.00    0.00    5.00    22  |__C2 CompilerThre
04:09:36 PM  1000         -   1056220    1.00    0.00    0.00    0.00    1.00    26  |__C1 CompilerThre
04:09:36 PM  1000         -   1056221    0.00    0.00    0.00    0.00    0.00    24  |__Notification Th
04:09:36 PM  1000         -   1056222    0.00    0.00    0.00    0.00    0.00    26  |__Common-Cleaner
04:09:36 PM  1000         -   1056485    0.00    0.00    0.00    0.00    0.00    26  |__vertx-blocked-t
04:09:36 PM  1000         -   1056487    0.00    0.00    0.00    0.00    0.00    26  |__process reaper
04:09:36 PM  1000         -   1056489    0.00    0.00    0.00    0.00    0.00    26  |__vertx-blocked-t
04:09:36 PM  1000         -   1056491    0.00    0.00    0.00    0.00    0.00    26  |__vert.x-eventloo
04:09:36 PM  1000         -   1056492    0.00    0.00    0.00    0.00    0.00    26  |__vert.x-acceptor
04:09:36 PM  1000         -   1056493    0.00    0.00    0.00    0.00    0.00    22  |__GC Thread#1
04:09:36 PM  1000         -   1056494    0.00    0.00    0.00    0.00    0.00    26  |__GC Thread#2
04:09:36 PM  1000         -   1056496    0.00    0.00    0.00    0.00    0.00    22  |__vert.x-worker-t
04:09:36 PM  1000         -   1056497    0.00    0.00    0.00    0.00    0.00    24  |__vert.x-eventloo
04:09:36 PM  1000         -   1056498    0.00    0.00    0.00    0.00    0.00    22  |__vert.x-eventloo
04:09:36 PM  1000         -   1056499    0.00    0.00    0.00    0.00    0.00    26  |__vert.x-eventloo
04:09:36 PM  1000         -   1056500    0.00    0.00    0.00    0.00    0.00    26  |__CLI-scheduled-e
04:09:36 PM  1000         -   1056501    0.00    0.00    0.00    0.00    0.00    26  |__vert.x-eventloo
04:09:36 PM  1000         -   1056503    0.00    0.00    0.00    0.00    0.00    24  |__vert.x-worker-t
04:09:36 PM  1000         -   1056504    0.00    0.00    0.00    0.00    0.00    22  |__vert.x-eventloo
04:09:36 PM  1000         -   1056509    1.00    0.00    0.00    0.00    1.00    24  |__cpu-watchdog
04:09:36 PM  1000         -   1056510    4.00    3.00    0.00    0.00    7.00    24  |__epollEventLoopG
04:09:36 PM  1000         -   1056511    4.00    4.00    0.00    0.00    8.00    26  |__epollEventLoopG
04:09:36 PM  1000         -   1056512    0.00    0.00    0.00    0.00    0.00    24  |__jitter-watchdog
04:09:36 PM  1000         -   1056513    0.00    0.00    0.00    0.00    0.00    22  |__vert.x-worker-t
04:09:36 PM  1000         -   1056525    0.00    0.00    0.00    0.00    0.00    22  |__vert.x-eventloo

04:09:35 PM   UID      TGID       TID   cswch/s nvcswch/s  Command
04:09:36 PM  1000   1056171         -      0.00      0.00  java
04:09:36 PM  1000         -   1056171      0.00      0.00  |__java
04:09:36 PM  1000         -   1056205      2.00      0.00  |__java
04:09:36 PM  1000         -   1056206      8.00      0.00  |__GC Thread#0
04:09:36 PM  1000         -   1056207      0.00      0.00  |__G1 Main Marker
04:09:36 PM  1000         -   1056208      0.00      0.00  |__G1 Conc#0
04:09:36 PM  1000         -   1056209     21.00      0.00  |__G1 Refine#0
04:09:36 PM  1000         -   1056210      3.00      0.00  |__G1 Service
04:09:36 PM  1000         -   1056212      0.00      0.00  |__VM Periodic Tas
04:09:36 PM  1000         -   1056213      9.00      0.00  |__VM Thread
04:09:36 PM  1000         -   1056214      2.00      0.00  |__Reference Handl
04:09:36 PM  1000         -   1056215      0.00      0.00  |__Finalizer
04:09:36 PM  1000         -   1056216      0.00      0.00  |__Signal Dispatch
04:09:36 PM  1000         -   1056217      1.00      0.00  |__Service Thread
04:09:36 PM  1000         -   1056218      4.00      0.00  |__Monitor Deflati
04:09:36 PM  1000         -   1056219     19.00      0.00  |__C2 CompilerThre
04:09:36 PM  1000         -   1056220     12.00      0.00  |__C1 CompilerThre
04:09:36 PM  1000         -   1056221      0.00      0.00  |__Notification Th
04:09:36 PM  1000         -   1056222      0.00      0.00  |__Common-Cleaner
04:09:36 PM  1000         -   1056485      1.00      0.00  |__vertx-blocked-t
04:09:36 PM  1000         -   1056487      0.00      0.00  |__process reaper
04:09:36 PM  1000         -   1056489      1.00      0.00  |__vertx-blocked-t
04:09:36 PM  1000         -   1056491      4.00      0.00  |__vert.x-eventloo
04:09:36 PM  1000         -   1056492      0.00      0.00  |__vert.x-acceptor
04:09:36 PM  1000         -   1056493      8.00      0.00  |__GC Thread#1
04:09:36 PM  1000         -   1056494      8.00      0.00  |__GC Thread#2
04:09:36 PM  1000         -   1056496      0.00      0.00  |__vert.x-worker-t
04:09:36 PM  1000         -   1056497      0.00      0.00  |__vert.x-eventloo
04:09:36 PM  1000         -   1056498      1.00      0.00  |__vert.x-eventloo
04:09:36 PM  1000         -   1056499      3.00      0.00  |__vert.x-eventloo
04:09:36 PM  1000         -   1056500      0.00      0.00  |__CLI-scheduled-e
04:09:36 PM  1000         -   1056501      0.00      0.00  |__vert.x-eventloo
04:09:36 PM  1000         -   1056503      0.00      0.00  |__vert.x-worker-t
04:09:36 PM  1000         -   1056504      2.00      1.00  |__vert.x-eventloo
04:09:36 PM  1000         -   1056509      1.00      0.00  |__cpu-watchdog
04:09:36 PM  1000         -   1056510   4173.00      4.00  |__epollEventLoopG
04:09:36 PM  1000         -   1056511   4101.00      3.00  |__epollEventLoopG
04:09:36 PM  1000         -   1056512     20.00      0.00  |__jitter-watchdog
04:09:36 PM  1000         -   1056513      0.00      0.00  |__vert.x-worker-t
04:09:36 PM  1000         -   1056525      0.00      0.00  |__vert.x-eventloo

04:09:36 PM   UID      TGID       TID    %usr %system  %guest   %wait    %CPU   CPU  Command
04:09:37 PM  1000   1056171         -    9.00    8.00    0.00    0.00   17.00    24  java
04:09:37 PM  1000         -   1056171    0.00    0.00    0.00    0.00    0.00    24  |__java
04:09:37 PM  1000         -   1056205    0.00    0.00    0.00    0.00    0.00    24  |__java
04:09:37 PM  1000         -   1056206    0.00    0.00    0.00    0.00    0.00    22  |__GC Thread#0
04:09:37 PM  1000         -   1056207    0.00    0.00    0.00    0.00    0.00    22  |__G1 Main Marker
04:09:37 PM  1000         -   1056208    0.00    0.00    0.00    0.00    0.00    22  |__G1 Conc#0
04:09:37 PM  1000         -   1056209    0.00    0.00    0.00    0.00    0.00    24  |__G1 Refine#0
04:09:37 PM  1000         -   1056210    0.00    0.00    0.00    0.00    0.00    22  |__G1 Service
04:09:37 PM  1000         -   1056212    0.00    0.00    0.00    0.00    0.00    22  |__VM Periodic Tas
04:09:37 PM  1000         -   1056213    0.00    0.00    0.00    0.00    0.00    24  |__VM Thread
04:09:37 PM  1000         -   1056214    0.00    0.00    0.00    0.00    0.00    26  |__Reference Handl
04:09:37 PM  1000         -   1056215    0.00    0.00    0.00    0.00    0.00    24  |__Finalizer
04:09:37 PM  1000         -   1056216    0.00    0.00    0.00    0.00    0.00    24  |__Signal Dispatch
04:09:37 PM  1000         -   1056217    0.00    0.00    0.00    0.00    0.00    24  |__Service Thread
04:09:37 PM  1000         -   1056218    0.00    0.00    0.00    0.00    0.00    22  |__Monitor Deflati
04:09:37 PM  1000         -   1056219    1.00    0.00    0.00    0.00    1.00    26  |__C2 CompilerThre
04:09:37 PM  1000         -   1056220    1.00    0.00    0.00    0.00    1.00    24  |__C1 CompilerThre
04:09:37 PM  1000         -   1056221    0.00    0.00    0.00    0.00    0.00    24  |__Notification Th
04:09:37 PM  1000         -   1056222    0.00    0.00    0.00    0.00    0.00    26  |__Common-Cleaner
04:09:37 PM  1000         -   1056485    0.00    0.00    0.00    0.00    0.00    26  |__vertx-blocked-t
04:09:37 PM  1000         -   1056487    0.00    0.00    0.00    0.00    0.00    26  |__process reaper
04:09:37 PM  1000         -   1056489    0.00    0.00    0.00    0.00    0.00    26  |__vertx-blocked-t
04:09:37 PM  1000         -   1056491    0.00    0.00    0.00    0.00    0.00    26  |__vert.x-eventloo
04:09:37 PM  1000         -   1056492    0.00    0.00    0.00    0.00    0.00    26  |__vert.x-acceptor
04:09:37 PM  1000         -   1056493    0.00    0.00    0.00    0.00    0.00    22  |__GC Thread#1
04:09:37 PM  1000         -   1056494    0.00    0.00    0.00    0.00    0.00    26  |__GC Thread#2
04:09:37 PM  1000         -   1056496    0.00    0.00    0.00    0.00    0.00    22  |__vert.x-worker-t
04:09:37 PM  1000         -   1056497    0.00    0.00    0.00    0.00    0.00    24  |__vert.x-eventloo
04:09:37 PM  1000         -   1056498    0.00    0.00    0.00    0.00    0.00    22  |__vert.x-eventloo
04:09:37 PM  1000         -   1056499    0.00    0.00    0.00    0.00    0.00    26  |__vert.x-eventloo
04:09:37 PM  1000         -   1056500    0.00    0.00    0.00    0.00    0.00    26  |__CLI-scheduled-e
04:09:37 PM  1000         -   1056501    0.00    0.00    0.00    0.00    0.00    26  |__vert.x-eventloo
04:09:37 PM  1000         -   1056503    0.00    0.00    0.00    0.00    0.00    24  |__vert.x-worker-t
04:09:37 PM  1000         -   1056504    0.00    0.00    0.00    0.00    0.00    22  |__vert.x-eventloo
04:09:37 PM  1000         -   1056509    0.00    0.00    0.00    0.00    0.00    24  |__cpu-watchdog
04:09:37 PM  1000         -   1056510    4.00    4.00    0.00    1.00    8.00    22  |__epollEventLoopG
04:09:37 PM  1000         -   1056511    4.00    4.00    0.00    1.00    8.00    24  |__epollEventLoopG
04:09:37 PM  1000         -   1056512    0.00    0.00    0.00    0.00    0.00    22  |__jitter-watchdog
04:09:37 PM  1000         -   1056513    0.00    0.00    0.00    0.00    0.00    22  |__vert.x-worker-t
04:09:37 PM  1000         -   1056525    0.00    0.00    0.00    0.00    0.00    22  |__vert.x-eventloo

04:09:36 PM   UID      TGID       TID   cswch/s nvcswch/s  Command
04:09:37 PM  1000   1056171         -      0.00      0.00  java
04:09:37 PM  1000         -   1056171      0.00      0.00  |__java
04:09:37 PM  1000         -   1056205      2.00      0.00  |__java
04:09:37 PM  1000         -   1056206      0.00      0.00  |__GC Thread#0
04:09:37 PM  1000         -   1056207      0.00      0.00  |__G1 Main Marker
04:09:37 PM  1000         -   1056208      0.00      0.00  |__G1 Conc#0
04:09:37 PM  1000         -   1056209     15.00      0.00  |__G1 Refine#0
04:09:37 PM  1000         -   1056210      1.00      0.00  |__G1 Service
04:09:37 PM  1000         -   1056212      0.00      0.00  |__VM Periodic Tas
04:09:37 PM  1000         -   1056213      0.00      0.00  |__VM Thread
04:09:37 PM  1000         -   1056214      0.00      0.00  |__Reference Handl
04:09:37 PM  1000         -   1056215      0.00      0.00  |__Finalizer
04:09:37 PM  1000         -   1056216      0.00      0.00  |__Signal Dispatch
04:09:37 PM  1000         -   1056217      1.00      0.00  |__Service Thread
04:09:37 PM  1000         -   1056218      4.00      0.00  |__Monitor Deflati
04:09:37 PM  1000         -   1056219     12.00      1.00  |__C2 CompilerThre
04:09:37 PM  1000         -   1056220      6.00      0.00  |__C1 CompilerThre
04:09:37 PM  1000         -   1056221      0.00      0.00  |__Notification Th
04:09:37 PM  1000         -   1056222      0.00      0.00  |__Common-Cleaner
04:09:37 PM  1000         -   1056485      1.00      0.00  |__vertx-blocked-t
04:09:37 PM  1000         -   1056487      0.00      0.00  |__process reaper
04:09:37 PM  1000         -   1056489      1.00      0.00  |__vertx-blocked-t
04:09:37 PM  1000         -   1056491      4.00      0.00  |__vert.x-eventloo
04:09:37 PM  1000         -   1056492      0.00      0.00  |__vert.x-acceptor
04:09:37 PM  1000         -   1056493      0.00      0.00  |__GC Thread#1
04:09:37 PM  1000         -   1056494      0.00      0.00  |__GC Thread#2
04:09:37 PM  1000         -   1056496      0.00      0.00  |__vert.x-worker-t
04:09:37 PM  1000         -   1056497      0.00      0.00  |__vert.x-eventloo
04:09:37 PM  1000         -   1056498      1.00      0.00  |__vert.x-eventloo
04:09:37 PM  1000         -   1056499      2.00      0.00  |__vert.x-eventloo
04:09:37 PM  1000         -   1056500      0.00      0.00  |__CLI-scheduled-e
04:09:37 PM  1000         -   1056501      0.00      0.00  |__vert.x-eventloo
04:09:37 PM  1000         -   1056503      0.00      0.00  |__vert.x-worker-t
04:09:37 PM  1000         -   1056504      2.00      0.00  |__vert.x-eventloo
04:09:37 PM  1000         -   1056509      0.00      0.00  |__cpu-watchdog
04:09:37 PM  1000         -   1056510   4122.00      0.00  |__epollEventLoopG
04:09:37 PM  1000         -   1056511   4142.00      0.00  |__epollEventLoopG
04:09:37 PM  1000         -   1056512     20.00      0.00  |__jitter-watchdog
04:09:37 PM  1000         -   1056513      0.00      0.00  |__vert.x-worker-t
04:09:37 PM  1000         -   1056525      0.00      0.00  |__vert.x-eventloo

04:09:37 PM   UID      TGID       TID    %usr %system  %guest   %wait    %CPU   CPU  Command
04:09:38 PM  1000   1056171         -    9.00    8.00    0.00    0.00   17.00    24  java
04:09:38 PM  1000         -   1056171    0.00    0.00    0.00    0.00    0.00    24  |__java
04:09:38 PM  1000         -   1056205    0.00    0.00    0.00    0.00    0.00    26  |__java
04:09:38 PM  1000         -   1056206    0.00    0.00    0.00    0.00    0.00    22  |__GC Thread#0
04:09:38 PM  1000         -   1056207    0.00    0.00    0.00    0.00    0.00    22  |__G1 Main Marker
04:09:38 PM  1000         -   1056208    0.00    0.00    0.00    0.00    0.00    22  |__G1 Conc#0
04:09:38 PM  1000         -   1056209    0.00    0.00    0.00    0.00    0.00    26  |__G1 Refine#0
04:09:38 PM  1000         -   1056210    0.00    0.00    0.00    0.00    0.00    22  |__G1 Service
04:09:38 PM  1000         -   1056212    0.00    0.00    0.00    0.00    0.00    22  |__VM Periodic Tas
04:09:38 PM  1000         -   1056213    0.00    0.00    0.00    0.00    0.00    24  |__VM Thread
04:09:38 PM  1000         -   1056214    0.00    0.00    0.00    0.00    0.00    26  |__Reference Handl
04:09:38 PM  1000         -   1056215    0.00    0.00    0.00    0.00    0.00    24  |__Finalizer
04:09:38 PM  1000         -   1056216    0.00    0.00    0.00    0.00    0.00    24  |__Signal Dispatch
04:09:38 PM  1000         -   1056217    0.00    0.00    0.00    0.00    0.00    24  |__Service Thread
04:09:38 PM  1000         -   1056218    0.00    0.00    0.00    0.00    0.00    26  |__Monitor Deflati
04:09:38 PM  1000         -   1056219    0.00    0.00    0.00    0.00    0.00    26  |__C2 CompilerThre
04:09:38 PM  1000         -   1056220    0.00    0.00    0.00    0.00    0.00    24  |__C1 CompilerThre
04:09:38 PM  1000         -   1056221    0.00    0.00    0.00    0.00    0.00    24  |__Notification Th
04:09:38 PM  1000         -   1056222    0.00    0.00    0.00    0.00    0.00    26  |__Common-Cleaner
04:09:38 PM  1000         -   1056485    0.00    0.00    0.00    0.00    0.00    26  |__vertx-blocked-t
04:09:38 PM  1000         -   1056487    0.00    0.00    0.00    0.00    0.00    26  |__process reaper
04:09:38 PM  1000         -   1056489    0.00    0.00    0.00    0.00    0.00    26  |__vertx-blocked-t
04:09:38 PM  1000         -   1056491    0.00    0.00    0.00    0.00    0.00    26  |__vert.x-eventloo
04:09:38 PM  1000         -   1056492    0.00    0.00    0.00    0.00    0.00    26  |__vert.x-acceptor
04:09:38 PM  1000         -   1056493    0.00    0.00    0.00    0.00    0.00    22  |__GC Thread#1
04:09:38 PM  1000         -   1056494    0.00    0.00    0.00    0.00    0.00    26  |__GC Thread#2
04:09:38 PM  1000         -   1056496    0.00    0.00    0.00    0.00    0.00    22  |__vert.x-worker-t
04:09:38 PM  1000         -   1056497    0.00    0.00    0.00    0.00    0.00    24  |__vert.x-eventloo
04:09:38 PM  1000         -   1056498    0.00    0.00    0.00    0.00    0.00    22  |__vert.x-eventloo
04:09:38 PM  1000         -   1056499    0.00    0.00    0.00    0.00    0.00    26  |__vert.x-eventloo
04:09:38 PM  1000         -   1056500    0.00    0.00    0.00    0.00    0.00    26  |__CLI-scheduled-e
04:09:38 PM  1000         -   1056501    0.00    0.00    0.00    0.00    0.00    26  |__vert.x-eventloo
04:09:38 PM  1000         -   1056503    0.00    0.00    0.00    0.00    0.00    24  |__vert.x-worker-t
04:09:38 PM  1000         -   1056504    0.00    0.00    0.00    0.00    0.00    22  |__vert.x-eventloo
04:09:38 PM  1000         -   1056509    0.00    0.00    0.00    0.00    0.00    24  |__cpu-watchdog
04:09:38 PM  1000         -   1056510    5.00    3.00    0.00    0.00    8.00    22  |__epollEventLoopG
04:09:38 PM  1000         -   1056511    4.00    3.00    0.00    0.00    7.00    24  |__epollEventLoopG
04:09:38 PM  1000         -   1056512    0.00    0.00    0.00    0.00    0.00    24  |__jitter-watchdog
04:09:38 PM  1000         -   1056513    0.00    0.00    0.00    0.00    0.00    22  |__vert.x-worker-t
04:09:38 PM  1000         -   1056525    0.00    0.00    0.00    0.00    0.00    22  |__vert.x-eventloo

04:09:37 PM   UID      TGID       TID   cswch/s nvcswch/s  Command
04:09:38 PM  1000   1056171         -      0.00      0.00  java
04:09:38 PM  1000         -   1056171      0.00      0.00  |__java
04:09:38 PM  1000         -   1056205      2.00      0.00  |__java
04:09:38 PM  1000         -   1056206      0.00      0.00  |__GC Thread#0
04:09:38 PM  1000         -   1056207      0.00      0.00  |__G1 Main Marker
04:09:38 PM  1000         -   1056208      0.00      0.00  |__G1 Conc#0
04:09:38 PM  1000         -   1056209     16.00      0.00  |__G1 Refine#0
04:09:38 PM  1000         -   1056210      1.00      0.00  |__G1 Service
04:09:38 PM  1000         -   1056212      0.00      0.00  |__VM Periodic Tas
04:09:38 PM  1000         -   1056213      0.00      0.00  |__VM Thread
04:09:38 PM  1000         -   1056214      0.00      0.00  |__Reference Handl
04:09:38 PM  1000         -   1056215      0.00      0.00  |__Finalizer
04:09:38 PM  1000         -   1056216      0.00      0.00  |__Signal Dispatch
04:09:38 PM  1000         -   1056217      1.00      0.00  |__Service Thread
04:09:38 PM  1000         -   1056218      4.00      0.00  |__Monitor Deflati
04:09:38 PM  1000         -   1056219     11.00      0.00  |__C2 CompilerThre
04:09:38 PM  1000         -   1056220      7.00      0.00  |__C1 CompilerThre
04:09:38 PM  1000         -   1056221      0.00      0.00  |__Notification Th
04:09:38 PM  1000         -   1056222      0.00      0.00  |__Common-Cleaner
04:09:38 PM  1000         -   1056485      1.00      0.00  |__vertx-blocked-t
04:09:38 PM  1000         -   1056487      0.00      0.00  |__process reaper
04:09:38 PM  1000         -   1056489      1.00      0.00  |__vertx-blocked-t
04:09:38 PM  1000         -   1056491      3.00      0.00  |__vert.x-eventloo
04:09:38 PM  1000         -   1056492      0.00      0.00  |__vert.x-acceptor
04:09:38 PM  1000         -   1056493      0.00      0.00  |__GC Thread#1
04:09:38 PM  1000         -   1056494      0.00      0.00  |__GC Thread#2
04:09:38 PM  1000         -   1056496      0.00      0.00  |__vert.x-worker-t
04:09:38 PM  1000         -   1056497      0.00      0.00  |__vert.x-eventloo
04:09:38 PM  1000         -   1056498      1.00      0.00  |__vert.x-eventloo
04:09:38 PM  1000         -   1056499      3.00      0.00  |__vert.x-eventloo
04:09:38 PM  1000         -   1056500      0.00      0.00  |__CLI-scheduled-e
04:09:38 PM  1000         -   1056501      0.00      0.00  |__vert.x-eventloo
04:09:38 PM  1000         -   1056503      0.00      0.00  |__vert.x-worker-t
04:09:38 PM  1000         -   1056504      1.00      0.00  |__vert.x-eventloo
04:09:38 PM  1000         -   1056509      0.00      0.00  |__cpu-watchdog
04:09:38 PM  1000         -   1056510   4273.00      0.00  |__epollEventLoopG
04:09:38 PM  1000         -   1056511   4228.00      1.00  |__epollEventLoopG
04:09:38 PM  1000         -   1056512     20.00      0.00  |__jitter-watchdog
04:09:38 PM  1000         -   1056513      0.00      0.00  |__vert.x-worker-t
04:09:38 PM  1000         -   1056525      0.00      0.00  |__vert.x-eventloo

04:09:38 PM   UID      TGID       TID    %usr %system  %guest   %wait    %CPU   CPU  Command
04:09:39 PM  1000   1056171         -    9.00    8.00    0.00    0.00   17.00    24  java
04:09:39 PM  1000         -   1056171    0.00    0.00    0.00    0.00    0.00    24  |__java
04:09:39 PM  1000         -   1056205    1.00    0.00    0.00    0.00    1.00    24  |__java
04:09:39 PM  1000         -   1056206    0.00    0.00    0.00    0.00    0.00    22  |__GC Thread#0
04:09:39 PM  1000         -   1056207    0.00    0.00    0.00    0.00    0.00    22  |__G1 Main Marker
04:09:39 PM  1000         -   1056208    0.00    0.00    0.00    0.00    0.00    22  |__G1 Conc#0
04:09:39 PM  1000         -   1056209    0.00    0.00    0.00    0.00    0.00    26  |__G1 Refine#0
04:09:39 PM  1000         -   1056210    0.00    0.00    0.00    0.00    0.00    22  |__G1 Service
04:09:39 PM  1000         -   1056212    0.00    0.00    0.00    0.00    0.00    22  |__VM Periodic Tas
04:09:39 PM  1000         -   1056213    0.00    0.00    0.00    0.00    0.00    24  |__VM Thread
04:09:39 PM  1000         -   1056214    0.00    0.00    0.00    0.00    0.00    26  |__Reference Handl
04:09:39 PM  1000         -   1056215    0.00    0.00    0.00    0.00    0.00    24  |__Finalizer
04:09:39 PM  1000         -   1056216    0.00    0.00    0.00    0.00    0.00    24  |__Signal Dispatch
04:09:39 PM  1000         -   1056217    0.00    0.00    0.00    0.00    0.00    24  |__Service Thread
04:09:39 PM  1000         -   1056218    0.00    0.00    0.00    0.00    0.00    26  |__Monitor Deflati
04:09:39 PM  1000         -   1056219    1.00    0.00    0.00    0.00    1.00    26  |__C2 CompilerThre
04:09:39 PM  1000         -   1056220    0.00    0.00    0.00    0.00    0.00    22  |__C1 CompilerThre
04:09:39 PM  1000         -   1056221    0.00    0.00    0.00    0.00    0.00    24  |__Notification Th
04:09:39 PM  1000         -   1056222    0.00    0.00    0.00    0.00    0.00    26  |__Common-Cleaner
04:09:39 PM  1000         -   1056485    0.00    0.00    0.00    0.00    0.00    26  |__vertx-blocked-t
04:09:39 PM  1000         -   1056487    0.00    0.00    0.00    0.00    0.00    26  |__process reaper
04:09:39 PM  1000         -   1056489    0.00    0.00    0.00    0.00    0.00    26  |__vertx-blocked-t
04:09:39 PM  1000         -   1056491    1.00    0.00    0.00    0.00    1.00    24  |__vert.x-eventloo
04:09:39 PM  1000         -   1056492    0.00    0.00    0.00    0.00    0.00    26  |__vert.x-acceptor
04:09:39 PM  1000         -   1056493    0.00    0.00    0.00    0.00    0.00    22  |__GC Thread#1
04:09:39 PM  1000         -   1056494    0.00    0.00    0.00    0.00    0.00    26  |__GC Thread#2
04:09:39 PM  1000         -   1056496    0.00    0.00    0.00    0.00    0.00    22  |__vert.x-worker-t
04:09:39 PM  1000         -   1056497    0.00    0.00    0.00    0.00    0.00    24  |__vert.x-eventloo
04:09:39 PM  1000         -   1056498    0.00    0.00    0.00    0.00    0.00    22  |__vert.x-eventloo
04:09:39 PM  1000         -   1056499    0.00    1.00    0.00    0.00    1.00    24  |__vert.x-eventloo
04:09:39 PM  1000         -   1056500    0.00    0.00    0.00    0.00    0.00    26  |__CLI-scheduled-e
04:09:39 PM  1000         -   1056501    0.00    0.00    0.00    0.00    0.00    26  |__vert.x-eventloo
04:09:39 PM  1000         -   1056503    0.00    0.00    0.00    0.00    0.00    24  |__vert.x-worker-t
04:09:39 PM  1000         -   1056504    0.00    0.00    0.00    0.00    0.00    26  |__vert.x-eventloo
04:09:39 PM  1000         -   1056509    0.00    0.00    0.00    0.00    0.00    24  |__cpu-watchdog
04:09:39 PM  1000         -   1056510    3.00    4.00    0.00    0.00    7.00    24  |__epollEventLoopG
04:09:39 PM  1000         -   1056511    5.00    4.00    0.00    0.00    9.00    22  |__epollEventLoopG
04:09:39 PM  1000         -   1056512    0.00    0.00    0.00    0.00    0.00    24  |__jitter-watchdog
04:09:39 PM  1000         -   1056513    0.00    0.00    0.00    0.00    0.00    22  |__vert.x-worker-t
04:09:39 PM  1000         -   1056525    0.00    0.00    0.00    0.00    0.00    22  |__vert.x-eventloo

04:09:38 PM   UID      TGID       TID   cswch/s nvcswch/s  Command
04:09:39 PM  1000   1056171         -      0.00      0.00  java
04:09:39 PM  1000         -   1056171      0.00      0.00  |__java
04:09:39 PM  1000         -   1056205      2.00      0.00  |__java
04:09:39 PM  1000         -   1056206      0.00      0.00  |__GC Thread#0
04:09:39 PM  1000         -   1056207      0.00      0.00  |__G1 Main Marker
04:09:39 PM  1000         -   1056208      0.00      0.00  |__G1 Conc#0
04:09:39 PM  1000         -   1056209     17.00      0.00  |__G1 Refine#0
04:09:39 PM  1000         -   1056210      1.00      0.00  |__G1 Service
04:09:39 PM  1000         -   1056212      1.00      0.00  |__VM Periodic Tas
04:09:39 PM  1000         -   1056213      0.00      0.00  |__VM Thread
04:09:39 PM  1000         -   1056214      0.00      0.00  |__Reference Handl
04:09:39 PM  1000         -   1056215      0.00      0.00  |__Finalizer
04:09:39 PM  1000         -   1056216      0.00      0.00  |__Signal Dispatch
04:09:39 PM  1000         -   1056217      1.00      0.00  |__Service Thread
04:09:39 PM  1000         -   1056218      4.00      0.00  |__Monitor Deflati
04:09:39 PM  1000         -   1056219      3.00      0.00  |__C2 CompilerThre
04:09:39 PM  1000         -   1056220      5.00      0.00  |__C1 CompilerThre
04:09:39 PM  1000         -   1056221      0.00      0.00  |__Notification Th
04:09:39 PM  1000         -   1056222      0.00      0.00  |__Common-Cleaner
04:09:39 PM  1000         -   1056485      1.00      0.00  |__vertx-blocked-t
04:09:39 PM  1000         -   1056487      0.00      0.00  |__process reaper
04:09:39 PM  1000         -   1056489      1.00      0.00  |__vertx-blocked-t
04:09:39 PM  1000         -   1056491      3.00      0.00  |__vert.x-eventloo
04:09:39 PM  1000         -   1056492      0.00      0.00  |__vert.x-acceptor
04:09:39 PM  1000         -   1056493      0.00      0.00  |__GC Thread#1
04:09:39 PM  1000         -   1056494      0.00      0.00  |__GC Thread#2
04:09:39 PM  1000         -   1056496      0.00      0.00  |__vert.x-worker-t
04:09:39 PM  1000         -   1056497      0.00      0.00  |__vert.x-eventloo
04:09:39 PM  1000         -   1056498      1.00      0.00  |__vert.x-eventloo
04:09:39 PM  1000         -   1056499      3.00      0.00  |__vert.x-eventloo
04:09:39 PM  1000         -   1056500      0.00      0.00  |__CLI-scheduled-e
04:09:39 PM  1000         -   1056501      0.00      0.00  |__vert.x-eventloo
04:09:39 PM  1000         -   1056503      0.00      0.00  |__vert.x-worker-t
04:09:39 PM  1000         -   1056504      1.00      0.00  |__vert.x-eventloo
04:09:39 PM  1000         -   1056509      0.00      0.00  |__cpu-watchdog
04:09:39 PM  1000         -   1056510   4191.00      0.00  |__epollEventLoopG
04:09:39 PM  1000         -   1056511   4395.00      4.00  |__epollEventLoopG
04:09:39 PM  1000         -   1056512     20.00      0.00  |__jitter-watchdog
04:09:39 PM  1000         -   1056513      0.00      0.00  |__vert.x-worker-t
04:09:39 PM  1000         -   1056525      0.00      0.00  |__vert.x-eventloo

04:09:39 PM   UID      TGID       TID    %usr %system  %guest   %wait    %CPU   CPU  Command
04:09:40 PM  1000   1056171         -    7.00    9.00    0.00    0.00   16.00    24  java
04:09:40 PM  1000         -   1056171    0.00    0.00    0.00    0.00    0.00    24  |__java
04:09:40 PM  1000         -   1056205    0.00    0.00    0.00    0.00    0.00    24  |__java
04:09:40 PM  1000         -   1056206    0.00    0.00    0.00    0.00    0.00    22  |__GC Thread#0
04:09:40 PM  1000         -   1056207    0.00    0.00    0.00    0.00    0.00    22  |__G1 Main Marker
04:09:40 PM  1000         -   1056208    0.00    0.00    0.00    0.00    0.00    22  |__G1 Conc#0
04:09:40 PM  1000         -   1056209    0.00    0.00    0.00    0.00    0.00    26  |__G1 Refine#0
04:09:40 PM  1000         -   1056210    0.00    0.00    0.00    0.00    0.00    22  |__G1 Service
04:09:40 PM  1000         -   1056212    0.00    0.00    0.00    0.00    0.00    22  |__VM Periodic Tas
04:09:40 PM  1000         -   1056213    0.00    0.00    0.00    0.00    0.00    24  |__VM Thread
04:09:40 PM  1000         -   1056214    0.00    0.00    0.00    0.00    0.00    26  |__Reference Handl
04:09:40 PM  1000         -   1056215    0.00    0.00    0.00    0.00    0.00    24  |__Finalizer
04:09:40 PM  1000         -   1056216    0.00    0.00    0.00    0.00    0.00    24  |__Signal Dispatch
04:09:40 PM  1000         -   1056217    0.00    0.00    0.00    0.00    0.00    24  |__Service Thread
04:09:40 PM  1000         -   1056218    0.00    0.00    0.00    0.00    0.00    26  |__Monitor Deflati
04:09:40 PM  1000         -   1056219    0.00    0.00    0.00    0.00    0.00    22  |__C2 CompilerThre
04:09:40 PM  1000         -   1056220    1.00    0.00    0.00    0.00    1.00    24  |__C1 CompilerThre
04:09:40 PM  1000         -   1056221    0.00    0.00    0.00    0.00    0.00    24  |__Notification Th
04:09:40 PM  1000         -   1056222    0.00    0.00    0.00    0.00    0.00    26  |__Common-Cleaner
04:09:40 PM  1000         -   1056485    0.00    0.00    0.00    0.00    0.00    26  |__vertx-blocked-t
04:09:40 PM  1000         -   1056487    0.00    0.00    0.00    0.00    0.00    26  |__process reaper
04:09:40 PM  1000         -   1056489    0.00    0.00    0.00    0.00    0.00    26  |__vertx-blocked-t
04:09:40 PM  1000         -   1056491    0.00    0.00    0.00    0.00    0.00    22  |__vert.x-eventloo
04:09:40 PM  1000         -   1056492    0.00    0.00    0.00    0.00    0.00    26  |__vert.x-acceptor
04:09:40 PM  1000         -   1056493    0.00    0.00    0.00    0.00    0.00    22  |__GC Thread#1
04:09:40 PM  1000         -   1056494    0.00    0.00    0.00    0.00    0.00    26  |__GC Thread#2
04:09:40 PM  1000         -   1056496    0.00    0.00    0.00    0.00    0.00    22  |__vert.x-worker-t
04:09:40 PM  1000         -   1056497    0.00    0.00    0.00    0.00    0.00    24  |__vert.x-eventloo
04:09:40 PM  1000         -   1056498    0.00    0.00    0.00    0.00    0.00    22  |__vert.x-eventloo
04:09:40 PM  1000         -   1056499    0.00    0.00    0.00    0.00    0.00    26  |__vert.x-eventloo
04:09:40 PM  1000         -   1056500    0.00    0.00    0.00    0.00    0.00    26  |__CLI-scheduled-e
04:09:40 PM  1000         -   1056501    0.00    0.00    0.00    0.00    0.00    26  |__vert.x-eventloo
04:09:40 PM  1000         -   1056503    0.00    0.00    0.00    0.00    0.00    24  |__vert.x-worker-t
04:09:40 PM  1000         -   1056504    0.00    0.00    0.00    0.00    0.00    26  |__vert.x-eventloo
04:09:40 PM  1000         -   1056509    0.00    0.00    0.00    0.00    0.00    24  |__cpu-watchdog
04:09:40 PM  1000         -   1056510    5.00    4.00    0.00    0.00    9.00    24  |__epollEventLoopG
04:09:40 PM  1000         -   1056511    3.00    5.00    0.00    0.00    8.00    22  |__epollEventLoopG
04:09:40 PM  1000         -   1056512    0.00    0.00    0.00    0.00    0.00    24  |__jitter-watchdog
04:09:40 PM  1000         -   1056513    0.00    0.00    0.00    0.00    0.00    22  |__vert.x-worker-t
04:09:40 PM  1000         -   1056525    0.00    0.00    0.00    0.00    0.00    22  |__vert.x-eventloo

04:09:39 PM   UID      TGID       TID   cswch/s nvcswch/s  Command
04:09:40 PM  1000   1056171         -      0.00      0.00  java
04:09:40 PM  1000         -   1056171      0.00      0.00  |__java
04:09:40 PM  1000         -   1056205      2.00      0.00  |__java
04:09:40 PM  1000         -   1056206      0.00      0.00  |__GC Thread#0
04:09:40 PM  1000         -   1056207      0.00      0.00  |__G1 Main Marker
04:09:40 PM  1000         -   1056208      0.00      0.00  |__G1 Conc#0
04:09:40 PM  1000         -   1056209     17.00      0.00  |__G1 Refine#0
04:09:40 PM  1000         -   1056210      1.00      0.00  |__G1 Service
04:09:40 PM  1000         -   1056212      0.00      0.00  |__VM Periodic Tas
04:09:40 PM  1000         -   1056213      0.00      0.00  |__VM Thread
04:09:40 PM  1000         -   1056214      0.00      0.00  |__Reference Handl
04:09:40 PM  1000         -   1056215      0.00      0.00  |__Finalizer
04:09:40 PM  1000         -   1056216      0.00      0.00  |__Signal Dispatch
04:09:40 PM  1000         -   1056217      1.00      0.00  |__Service Thread
04:09:40 PM  1000         -   1056218      4.00      0.00  |__Monitor Deflati
04:09:40 PM  1000         -   1056219     11.00      0.00  |__C2 CompilerThre
04:09:40 PM  1000         -   1056220      7.00      0.00  |__C1 CompilerThre
04:09:40 PM  1000         -   1056221      0.00      0.00  |__Notification Th
04:09:40 PM  1000         -   1056222      0.00      0.00  |__Common-Cleaner
04:09:40 PM  1000         -   1056485      1.00      0.00  |__vertx-blocked-t
04:09:40 PM  1000         -   1056487      0.00      0.00  |__process reaper
04:09:40 PM  1000         -   1056489      1.00      0.00  |__vertx-blocked-t
04:09:40 PM  1000         -   1056491      3.00      0.00  |__vert.x-eventloo
04:09:40 PM  1000         -   1056492      0.00      0.00  |__vert.x-acceptor
04:09:40 PM  1000         -   1056493      0.00      0.00  |__GC Thread#1
04:09:40 PM  1000         -   1056494      0.00      0.00  |__GC Thread#2
04:09:40 PM  1000         -   1056496      0.00      0.00  |__vert.x-worker-t
04:09:40 PM  1000         -   1056497      0.00      0.00  |__vert.x-eventloo
04:09:40 PM  1000         -   1056498      1.00      0.00  |__vert.x-eventloo
04:09:40 PM  1000         -   1056499      2.00      0.00  |__vert.x-eventloo
04:09:40 PM  1000         -   1056500      0.00      0.00  |__CLI-scheduled-e
04:09:40 PM  1000         -   1056501      0.00      0.00  |__vert.x-eventloo
04:09:40 PM  1000         -   1056503      0.00      0.00  |__vert.x-worker-t
04:09:40 PM  1000         -   1056504      2.00      0.00  |__vert.x-eventloo
04:09:40 PM  1000         -   1056509      0.00      0.00  |__cpu-watchdog
04:09:40 PM  1000         -   1056510   4325.00      0.00  |__epollEventLoopG
04:09:40 PM  1000         -   1056511   4285.00      2.00  |__epollEventLoopG
04:09:40 PM  1000         -   1056512     20.00      0.00  |__jitter-watchdog
04:09:40 PM  1000         -   1056513      0.00      0.00  |__vert.x-worker-t
04:09:40 PM  1000         -   1056525      0.00      0.00  |__vert.x-eventloo

04:09:40 PM   UID      TGID       TID    %usr %system  %guest   %wait    %CPU   CPU  Command
04:09:41 PM  1000   1056171         -    9.00    9.00    0.00    0.00   18.00    24  java
04:09:41 PM  1000         -   1056171    0.00    0.00    0.00    0.00    0.00    24  |__java
04:09:41 PM  1000         -   1056205    0.00    0.00    0.00    0.00    0.00    22  |__java
04:09:41 PM  1000         -   1056206    0.00    0.00    0.00    0.00    0.00    22  |__GC Thread#0
04:09:41 PM  1000         -   1056207    0.00    0.00    0.00    0.00    0.00    22  |__G1 Main Marker
04:09:41 PM  1000         -   1056208    0.00    0.00    0.00    0.00    0.00    22  |__G1 Conc#0
04:09:41 PM  1000         -   1056209    0.00    0.00    0.00    0.00    0.00    22  |__G1 Refine#0
04:09:41 PM  1000         -   1056210    0.00    0.00    0.00    0.00    0.00    22  |__G1 Service
04:09:41 PM  1000         -   1056212    0.00    0.00    0.00    0.00    0.00    22  |__VM Periodic Tas
04:09:41 PM  1000         -   1056213    0.00    0.00    0.00    0.00    0.00    24  |__VM Thread
04:09:41 PM  1000         -   1056214    0.00    0.00    0.00    0.00    0.00    26  |__Reference Handl
04:09:41 PM  1000         -   1056215    0.00    0.00    0.00    0.00    0.00    24  |__Finalizer
04:09:41 PM  1000         -   1056216    0.00    0.00    0.00    0.00    0.00    24  |__Signal Dispatch
04:09:41 PM  1000         -   1056217    0.00    0.00    0.00    0.00    0.00    24  |__Service Thread
04:09:41 PM  1000         -   1056218    0.00    0.00    0.00    0.00    0.00    22  |__Monitor Deflati
04:09:41 PM  1000         -   1056219    1.00    0.00    0.00    0.00    1.00    26  |__C2 CompilerThre
04:09:41 PM  1000         -   1056220    0.00    0.00    0.00    0.00    0.00    22  |__C1 CompilerThre
04:09:41 PM  1000         -   1056221    0.00    0.00    0.00    0.00    0.00    24  |__Notification Th
04:09:41 PM  1000         -   1056222    0.00    0.00    0.00    0.00    0.00    26  |__Common-Cleaner
04:09:41 PM  1000         -   1056485    0.00    0.00    0.00    0.00    0.00    26  |__vertx-blocked-t
04:09:41 PM  1000         -   1056487    0.00    0.00    0.00    0.00    0.00    26  |__process reaper
04:09:41 PM  1000         -   1056489    0.00    0.00    0.00    0.00    0.00    26  |__vertx-blocked-t
04:09:41 PM  1000         -   1056491    0.00    0.00    0.00    0.00    0.00    22  |__vert.x-eventloo
04:09:41 PM  1000         -   1056492    0.00    0.00    0.00    0.00    0.00    26  |__vert.x-acceptor
04:09:41 PM  1000         -   1056493    0.00    0.00    0.00    0.00    0.00    22  |__GC Thread#1
04:09:41 PM  1000         -   1056494    0.00    0.00    0.00    0.00    0.00    26  |__GC Thread#2
04:09:41 PM  1000         -   1056496    0.00    0.00    0.00    0.00    0.00    22  |__vert.x-worker-t
04:09:41 PM  1000         -   1056497    0.00    0.00    0.00    0.00    0.00    24  |__vert.x-eventloo
04:09:41 PM  1000         -   1056498    0.00    0.00    0.00    0.00    0.00    22  |__vert.x-eventloo
04:09:41 PM  1000         -   1056499    1.00    0.00    0.00    0.00    1.00    26  |__vert.x-eventloo
04:09:41 PM  1000         -   1056500    0.00    0.00    0.00    0.00    0.00    26  |__CLI-scheduled-e
04:09:41 PM  1000         -   1056501    0.00    0.00    0.00    0.00    0.00    26  |__vert.x-eventloo
04:09:41 PM  1000         -   1056503    0.00    0.00    0.00    0.00    0.00    24  |__vert.x-worker-t
04:09:41 PM  1000         -   1056504    0.00    0.00    0.00    0.00    0.00    26  |__vert.x-eventloo
04:09:41 PM  1000         -   1056509    0.00    0.00    0.00    0.00    0.00    24  |__cpu-watchdog
04:09:41 PM  1000         -   1056510    3.00    4.00    0.00    0.00    7.00    22  |__epollEventLoopG
04:09:41 PM  1000         -   1056511    4.00    4.00    0.00    0.00    8.00    24  |__epollEventLoopG
04:09:41 PM  1000         -   1056512    0.00    0.00    0.00    0.00    0.00    22  |__jitter-watchdog
04:09:41 PM  1000         -   1056513    0.00    0.00    0.00    0.00    0.00    22  |__vert.x-worker-t
04:09:41 PM  1000         -   1056525    0.00    0.00    0.00    0.00    0.00    22  |__vert.x-eventloo

04:09:40 PM   UID      TGID       TID   cswch/s nvcswch/s  Command
04:09:41 PM  1000   1056171         -      0.00      0.00  java
04:09:41 PM  1000         -   1056171      0.00      0.00  |__java
04:09:41 PM  1000         -   1056205      2.00      0.00  |__java
04:09:41 PM  1000         -   1056206      0.00      0.00  |__GC Thread#0
04:09:41 PM  1000         -   1056207      0.00      0.00  |__G1 Main Marker
04:09:41 PM  1000         -   1056208      0.00      0.00  |__G1 Conc#0
04:09:41 PM  1000         -   1056209     19.00      0.00  |__G1 Refine#0
04:09:41 PM  1000         -   1056210      1.00      0.00  |__G1 Service
04:09:41 PM  1000         -   1056212      0.00      0.00  |__VM Periodic Tas
04:09:41 PM  1000         -   1056213      0.00      0.00  |__VM Thread
04:09:41 PM  1000         -   1056214      0.00      0.00  |__Reference Handl
04:09:41 PM  1000         -   1056215      0.00      0.00  |__Finalizer
04:09:41 PM  1000         -   1056216      0.00      0.00  |__Signal Dispatch
04:09:41 PM  1000         -   1056217      1.00      0.00  |__Service Thread
04:09:41 PM  1000         -   1056218      4.00      0.00  |__Monitor Deflati
04:09:41 PM  1000         -   1056219     10.00      0.00  |__C2 CompilerThre
04:09:41 PM  1000         -   1056220     11.00      0.00  |__C1 CompilerThre
04:09:41 PM  1000         -   1056221      0.00      0.00  |__Notification Th
04:09:41 PM  1000         -   1056222      0.00      0.00  |__Common-Cleaner
04:09:41 PM  1000         -   1056485      1.00      0.00  |__vertx-blocked-t
04:09:41 PM  1000         -   1056487      0.00      0.00  |__process reaper
04:09:41 PM  1000         -   1056489      1.00      0.00  |__vertx-blocked-t
04:09:41 PM  1000         -   1056491      2.00      0.00  |__vert.x-eventloo
04:09:41 PM  1000         -   1056492      0.00      0.00  |__vert.x-acceptor
04:09:41 PM  1000         -   1056493      0.00      0.00  |__GC Thread#1
04:09:41 PM  1000         -   1056494      0.00      0.00  |__GC Thread#2
04:09:41 PM  1000         -   1056496      0.00      0.00  |__vert.x-worker-t
04:09:41 PM  1000         -   1056497      0.00      0.00  |__vert.x-eventloo
04:09:41 PM  1000         -   1056498      1.00      0.00  |__vert.x-eventloo
04:09:41 PM  1000         -   1056499      2.00      0.00  |__vert.x-eventloo
04:09:41 PM  1000         -   1056500      0.00      0.00  |__CLI-scheduled-e
04:09:41 PM  1000         -   1056501      0.00      0.00  |__vert.x-eventloo
04:09:41 PM  1000         -   1056503      0.00      0.00  |__vert.x-worker-t
04:09:41 PM  1000         -   1056504      1.00      0.00  |__vert.x-eventloo
04:09:41 PM  1000         -   1056509      1.00      0.00  |__cpu-watchdog
04:09:41 PM  1000         -   1056510   4259.00      2.00  |__epollEventLoopG
04:09:41 PM  1000         -   1056511   4287.00      1.00  |__epollEventLoopG
04:09:41 PM  1000         -   1056512     20.00      0.00  |__jitter-watchdog
04:09:41 PM  1000         -   1056513      0.00      0.00  |__vert.x-worker-t
04:09:41 PM  1000         -   1056525      0.00      0.00  |__vert.x-eventloo

04:09:41 PM   UID      TGID       TID    %usr %system  %guest   %wait    %CPU   CPU  Command
04:09:42 PM  1000   1056171         -    8.00    9.00    0.00    0.00   17.00    24  java
04:09:42 PM  1000         -   1056171    0.00    0.00    0.00    0.00    0.00    24  |__java
04:09:42 PM  1000         -   1056205    0.00    0.00    0.00    0.00    0.00    22  |__java
04:09:42 PM  1000         -   1056206    0.00    0.00    0.00    0.00    0.00    22  |__GC Thread#0
04:09:42 PM  1000         -   1056207    0.00    0.00    0.00    0.00    0.00    22  |__G1 Main Marker
04:09:42 PM  1000         -   1056208    0.00    0.00    0.00    0.00    0.00    22  |__G1 Conc#0
04:09:42 PM  1000         -   1056209    0.00    0.00    0.00    0.00    0.00    22  |__G1 Refine#0
04:09:42 PM  1000         -   1056210    0.00    0.00    0.00    0.00    0.00    22  |__G1 Service
04:09:42 PM  1000         -   1056212    0.00    0.00    0.00    0.00    0.00    22  |__VM Periodic Tas
04:09:42 PM  1000         -   1056213    0.00    0.00    0.00    0.00    0.00    24  |__VM Thread
04:09:42 PM  1000         -   1056214    0.00    0.00    0.00    0.00    0.00    26  |__Reference Handl
04:09:42 PM  1000         -   1056215    0.00    0.00    0.00    0.00    0.00    24  |__Finalizer
04:09:42 PM  1000         -   1056216    0.00    0.00    0.00    0.00    0.00    24  |__Signal Dispatch
04:09:42 PM  1000         -   1056217    0.00    0.00    0.00    0.00    0.00    24  |__Service Thread
04:09:42 PM  1000         -   1056218    0.00    0.00    0.00    0.00    0.00    22  |__Monitor Deflati
04:09:42 PM  1000         -   1056219    0.00    0.00    0.00    0.00    0.00    22  |__C2 CompilerThre
04:09:42 PM  1000         -   1056220    0.00    0.00    0.00    0.00    0.00    24  |__C1 CompilerThre
04:09:42 PM  1000         -   1056221    0.00    0.00    0.00    0.00    0.00    24  |__Notification Th
04:09:42 PM  1000         -   1056222    0.00    0.00    0.00    0.00    0.00    26  |__Common-Cleaner
04:09:42 PM  1000         -   1056485    0.00    0.00    0.00    0.00    0.00    26  |__vertx-blocked-t
04:09:42 PM  1000         -   1056487    0.00    0.00    0.00    0.00    0.00    26  |__process reaper
04:09:42 PM  1000         -   1056489    0.00    0.00    0.00    0.00    0.00    26  |__vertx-blocked-t
04:09:42 PM  1000         -   1056491    0.00    0.00    0.00    0.00    0.00    22  |__vert.x-eventloo
04:09:42 PM  1000         -   1056492    0.00    0.00    0.00    0.00    0.00    26  |__vert.x-acceptor
04:09:42 PM  1000         -   1056493    0.00    0.00    0.00    0.00    0.00    22  |__GC Thread#1
04:09:42 PM  1000         -   1056494    0.00    0.00    0.00    0.00    0.00    26  |__GC Thread#2
04:09:42 PM  1000         -   1056496    0.00    0.00    0.00    0.00    0.00    22  |__vert.x-worker-t
04:09:42 PM  1000         -   1056497    0.00    0.00    0.00    0.00    0.00    24  |__vert.x-eventloo
04:09:42 PM  1000         -   1056498    0.00    0.00    0.00    0.00    0.00    22  |__vert.x-eventloo
04:09:42 PM  1000         -   1056499    0.00    0.00    0.00    0.00    0.00    26  |__vert.x-eventloo
04:09:42 PM  1000         -   1056500    0.00    0.00    0.00    0.00    0.00    26  |__CLI-scheduled-e
04:09:42 PM  1000         -   1056501    0.00    0.00    0.00    0.00    0.00    26  |__vert.x-eventloo
04:09:42 PM  1000         -   1056503    0.00    0.00    0.00    0.00    0.00    24  |__vert.x-worker-t
04:09:42 PM  1000         -   1056504    0.00    0.00    0.00    0.00    0.00    26  |__vert.x-eventloo
04:09:42 PM  1000         -   1056509    0.00    0.00    0.00    0.00    0.00    24  |__cpu-watchdog
04:09:42 PM  1000         -   1056510    4.00    4.00    0.00    0.00    8.00    24  |__epollEventLoopG
04:09:42 PM  1000         -   1056511    3.00    4.00    0.00    0.00    7.00    26  |__epollEventLoopG
04:09:42 PM  1000         -   1056512    0.00    0.00    0.00    0.00    0.00    24  |__jitter-watchdog
04:09:42 PM  1000         -   1056513    0.00    0.00    0.00    0.00    0.00    22  |__vert.x-worker-t
04:09:42 PM  1000         -   1056525    0.00    0.00    0.00    0.00    0.00    22  |__vert.x-eventloo

04:09:41 PM   UID      TGID       TID   cswch/s nvcswch/s  Command
04:09:42 PM  1000   1056171         -      0.00      0.00  java
04:09:42 PM  1000         -   1056171      0.00      0.00  |__java
04:09:42 PM  1000         -   1056205      2.00      0.00  |__java
04:09:42 PM  1000         -   1056206      0.00      0.00  |__GC Thread#0
04:09:42 PM  1000         -   1056207      0.00      0.00  |__G1 Main Marker
04:09:42 PM  1000         -   1056208      0.00      0.00  |__G1 Conc#0
04:09:42 PM  1000         -   1056209     20.00      0.00  |__G1 Refine#0
04:09:42 PM  1000         -   1056210      1.00      0.00  |__G1 Service
04:09:42 PM  1000         -   1056212      0.00      0.00  |__VM Periodic Tas
04:09:42 PM  1000         -   1056213      0.00      0.00  |__VM Thread
04:09:42 PM  1000         -   1056214      0.00      0.00  |__Reference Handl
04:09:42 PM  1000         -   1056215      0.00      0.00  |__Finalizer
04:09:42 PM  1000         -   1056216      0.00      0.00  |__Signal Dispatch
04:09:42 PM  1000         -   1056217      1.00      0.00  |__Service Thread
04:09:42 PM  1000         -   1056218      4.00      0.00  |__Monitor Deflati
04:09:42 PM  1000         -   1056219     12.00      0.00  |__C2 CompilerThre
04:09:42 PM  1000         -   1056220      6.00      0.00  |__C1 CompilerThre
04:09:42 PM  1000         -   1056221      0.00      0.00  |__Notification Th
04:09:42 PM  1000         -   1056222      0.00      0.00  |__Common-Cleaner
04:09:42 PM  1000         -   1056485      1.00      0.00  |__vertx-blocked-t
04:09:42 PM  1000         -   1056487      0.00      0.00  |__process reaper
04:09:42 PM  1000         -   1056489      1.00      0.00  |__vertx-blocked-t
04:09:42 PM  1000         -   1056491      3.00      0.00  |__vert.x-eventloo
04:09:42 PM  1000         -   1056492      0.00      0.00  |__vert.x-acceptor
04:09:42 PM  1000         -   1056493      0.00      0.00  |__GC Thread#1
04:09:42 PM  1000         -   1056494      0.00      0.00  |__GC Thread#2
04:09:42 PM  1000         -   1056496      0.00      0.00  |__vert.x-worker-t
04:09:42 PM  1000         -   1056497      0.00      0.00  |__vert.x-eventloo
04:09:42 PM  1000         -   1056498      1.00      0.00  |__vert.x-eventloo
04:09:42 PM  1000         -   1056499      2.00      0.00  |__vert.x-eventloo
04:09:42 PM  1000         -   1056500      0.00      0.00  |__CLI-scheduled-e
04:09:42 PM  1000         -   1056501      0.00      0.00  |__vert.x-eventloo
04:09:42 PM  1000         -   1056503      0.00      0.00  |__vert.x-worker-t
04:09:42 PM  1000         -   1056504      1.00      0.00  |__vert.x-eventloo
04:09:42 PM  1000         -   1056509      0.00      0.00  |__cpu-watchdog
04:09:42 PM  1000         -   1056510   4341.00      2.00  |__epollEventLoopG
04:09:42 PM  1000         -   1056511   4154.00      0.00  |__epollEventLoopG
04:09:42 PM  1000         -   1056512     20.00      0.00  |__jitter-watchdog
04:09:42 PM  1000         -   1056513      0.00      0.00  |__vert.x-worker-t
04:09:42 PM  1000         -   1056525      0.00      0.00  |__vert.x-eventloo

04:09:42 PM   UID      TGID       TID    %usr %system  %guest   %wait    %CPU   CPU  Command
04:09:43 PM  1000   1056171         -    8.00    9.00    0.00    0.00   17.00    24  java
04:09:43 PM  1000         -   1056171    0.00    0.00    0.00    0.00    0.00    24  |__java
04:09:43 PM  1000         -   1056205    0.00    0.00    0.00    0.00    0.00    22  |__java
04:09:43 PM  1000         -   1056206    0.00    0.00    0.00    0.00    0.00    22  |__GC Thread#0
04:09:43 PM  1000         -   1056207    0.00    0.00    0.00    0.00    0.00    22  |__G1 Main Marker
04:09:43 PM  1000         -   1056208    0.00    0.00    0.00    0.00    0.00    22  |__G1 Conc#0
04:09:43 PM  1000         -   1056209    0.00    0.00    0.00    0.00    0.00    26  |__G1 Refine#0
04:09:43 PM  1000         -   1056210    0.00    0.00    0.00    0.00    0.00    22  |__G1 Service
04:09:43 PM  1000         -   1056212    0.00    0.00    0.00    0.00    0.00    22  |__VM Periodic Tas
04:09:43 PM  1000         -   1056213    0.00    0.00    0.00    0.00    0.00    24  |__VM Thread
04:09:43 PM  1000         -   1056214    0.00    0.00    0.00    0.00    0.00    26  |__Reference Handl
04:09:43 PM  1000         -   1056215    0.00    0.00    0.00    0.00    0.00    24  |__Finalizer
04:09:43 PM  1000         -   1056216    0.00    0.00    0.00    0.00    0.00    24  |__Signal Dispatch
04:09:43 PM  1000         -   1056217    0.00    0.00    0.00    0.00    0.00    24  |__Service Thread
04:09:43 PM  1000         -   1056218    0.00    0.00    0.00    0.00    0.00    22  |__Monitor Deflati
04:09:43 PM  1000         -   1056219    0.00    0.00    0.00    0.00    0.00    22  |__C2 CompilerThre
04:09:43 PM  1000         -   1056220    1.00    0.00    0.00    0.00    1.00    24  |__C1 CompilerThre
04:09:43 PM  1000         -   1056221    0.00    0.00    0.00    0.00    0.00    24  |__Notification Th
04:09:43 PM  1000         -   1056222    0.00    0.00    0.00    0.00    0.00    26  |__Common-Cleaner
04:09:43 PM  1000         -   1056485    0.00    0.00    0.00    0.00    0.00    26  |__vertx-blocked-t
04:09:43 PM  1000         -   1056487    0.00    0.00    0.00    0.00    0.00    26  |__process reaper
04:09:43 PM  1000         -   1056489    0.00    0.00    0.00    0.00    0.00    26  |__vertx-blocked-t
04:09:43 PM  1000         -   1056491    1.00    0.00    0.00    0.00    1.00    22  |__vert.x-eventloo
04:09:43 PM  1000         -   1056492    0.00    0.00    0.00    0.00    0.00    26  |__vert.x-acceptor
04:09:43 PM  1000         -   1056493    0.00    0.00    0.00    0.00    0.00    22  |__GC Thread#1
04:09:43 PM  1000         -   1056494    0.00    0.00    0.00    0.00    0.00    26  |__GC Thread#2
04:09:43 PM  1000         -   1056496    0.00    0.00    0.00    0.00    0.00    22  |__vert.x-worker-t
04:09:43 PM  1000         -   1056497    0.00    0.00    0.00    0.00    0.00    24  |__vert.x-eventloo
04:09:43 PM  1000         -   1056498    0.00    0.00    0.00    0.00    0.00    22  |__vert.x-eventloo
04:09:43 PM  1000         -   1056499    0.00    0.00    0.00    0.00    0.00    24  |__vert.x-eventloo
04:09:43 PM  1000         -   1056500    0.00    0.00    0.00    0.00    0.00    26  |__CLI-scheduled-e
04:09:43 PM  1000         -   1056501    0.00    0.00    0.00    0.00    0.00    26  |__vert.x-eventloo
04:09:43 PM  1000         -   1056503    0.00    0.00    0.00    0.00    0.00    24  |__vert.x-worker-t
04:09:43 PM  1000         -   1056504    0.00    0.00    0.00    0.00    0.00    26  |__vert.x-eventloo
04:09:43 PM  1000         -   1056509    0.00    0.00    0.00    0.00    0.00    24  |__cpu-watchdog
04:09:43 PM  1000         -   1056510    4.00    4.00    0.00    0.00    8.00    22  |__epollEventLoopG
04:09:43 PM  1000         -   1056511    5.00    3.00    0.00    0.00    8.00    24  |__epollEventLoopG
04:09:43 PM  1000         -   1056512    0.00    0.00    0.00    0.00    0.00    24  |__jitter-watchdog
04:09:43 PM  1000         -   1056513    0.00    0.00    0.00    0.00    0.00    22  |__vert.x-worker-t
04:09:43 PM  1000         -   1056525    0.00    0.00    0.00    0.00    0.00    22  |__vert.x-eventloo

04:09:42 PM   UID      TGID       TID   cswch/s nvcswch/s  Command
04:09:43 PM  1000   1056171         -      0.00      0.00  java
04:09:43 PM  1000         -   1056171      0.00      0.00  |__java
04:09:43 PM  1000         -   1056205      2.00      0.00  |__java
04:09:43 PM  1000         -   1056206      0.00      0.00  |__GC Thread#0
04:09:43 PM  1000         -   1056207      0.00      0.00  |__G1 Main Marker
04:09:43 PM  1000         -   1056208      0.00      0.00  |__G1 Conc#0
04:09:43 PM  1000         -   1056209     20.00      0.00  |__G1 Refine#0
04:09:43 PM  1000         -   1056210      1.00      0.00  |__G1 Service
04:09:43 PM  1000         -   1056212      0.00      0.00  |__VM Periodic Tas
04:09:43 PM  1000         -   1056213      0.00      0.00  |__VM Thread
04:09:43 PM  1000         -   1056214      0.00      0.00  |__Reference Handl
04:09:43 PM  1000         -   1056215      0.00      0.00  |__Finalizer
04:09:43 PM  1000         -   1056216      0.00      0.00  |__Signal Dispatch
04:09:43 PM  1000         -   1056217      1.00      0.00  |__Service Thread
04:09:43 PM  1000         -   1056218      4.00      0.00  |__Monitor Deflati
04:09:43 PM  1000         -   1056219     11.00      0.00  |__C2 CompilerThre
04:09:43 PM  1000         -   1056220      6.00      0.00  |__C1 CompilerThre
04:09:43 PM  1000         -   1056221      0.00      0.00  |__Notification Th
04:09:43 PM  1000         -   1056222      0.00      0.00  |__Common-Cleaner
04:09:43 PM  1000         -   1056485      1.00      0.00  |__vertx-blocked-t
04:09:43 PM  1000         -   1056487      0.00      0.00  |__process reaper
04:09:43 PM  1000         -   1056489      1.00      0.00  |__vertx-blocked-t
04:09:43 PM  1000         -   1056491      4.00      0.00  |__vert.x-eventloo
04:09:43 PM  1000         -   1056492      0.00      0.00  |__vert.x-acceptor
04:09:43 PM  1000         -   1056493      0.00      0.00  |__GC Thread#1
04:09:43 PM  1000         -   1056494      0.00      0.00  |__GC Thread#2
04:09:43 PM  1000         -   1056496      0.00      0.00  |__vert.x-worker-t
04:09:43 PM  1000         -   1056497      0.00      0.00  |__vert.x-eventloo
04:09:43 PM  1000         -   1056498      1.00      0.00  |__vert.x-eventloo
04:09:43 PM  1000         -   1056499      3.00      0.00  |__vert.x-eventloo
04:09:43 PM  1000         -   1056500      0.00      0.00  |__CLI-scheduled-e
04:09:43 PM  1000         -   1056501      0.00      0.00  |__vert.x-eventloo
04:09:43 PM  1000         -   1056503      0.00      0.00  |__vert.x-worker-t
04:09:43 PM  1000         -   1056504      1.00      0.00  |__vert.x-eventloo
04:09:43 PM  1000         -   1056509      0.00      0.00  |__cpu-watchdog
04:09:43 PM  1000         -   1056510   4145.00      1.00  |__epollEventLoopG
04:09:43 PM  1000         -   1056511   4143.00      0.00  |__epollEventLoopG
04:09:43 PM  1000         -   1056512     20.00      0.00  |__jitter-watchdog
04:09:43 PM  1000         -   1056513      0.00      0.00  |__vert.x-worker-t
04:09:43 PM  1000         -   1056525      0.00      0.00  |__vert.x-eventloo

04:09:43 PM   UID      TGID       TID    %usr %system  %guest   %wait    %CPU   CPU  Command
04:09:44 PM  1000   1056171         -    8.00    8.00    0.00    0.00   16.00    24  java
04:09:44 PM  1000         -   1056171    0.00    0.00    0.00    0.00    0.00    24  |__java
04:09:44 PM  1000         -   1056205    0.00    0.00    0.00    0.00    0.00    22  |__java
04:09:44 PM  1000         -   1056206    0.00    0.00    0.00    0.00    0.00    22  |__GC Thread#0
04:09:44 PM  1000         -   1056207    0.00    0.00    0.00    0.00    0.00    22  |__G1 Main Marker
04:09:44 PM  1000         -   1056208    0.00    0.00    0.00    0.00    0.00    22  |__G1 Conc#0
04:09:44 PM  1000         -   1056209    0.00    0.00    0.00    0.00    0.00    26  |__G1 Refine#0
04:09:44 PM  1000         -   1056210    0.00    0.00    0.00    0.00    0.00    22  |__G1 Service
04:09:44 PM  1000         -   1056212    0.00    0.00    0.00    0.00    0.00    22  |__VM Periodic Tas
04:09:44 PM  1000         -   1056213    0.00    0.00    0.00    0.00    0.00    24  |__VM Thread
04:09:44 PM  1000         -   1056214    0.00    0.00    0.00    0.00    0.00    26  |__Reference Handl
04:09:44 PM  1000         -   1056215    0.00    0.00    0.00    0.00    0.00    24  |__Finalizer
04:09:44 PM  1000         -   1056216    0.00    0.00    0.00    0.00    0.00    24  |__Signal Dispatch
04:09:44 PM  1000         -   1056217    0.00    0.00    0.00    0.00    0.00    24  |__Service Thread
04:09:44 PM  1000         -   1056218    0.00    0.00    0.00    0.00    0.00    26  |__Monitor Deflati
04:09:44 PM  1000         -   1056219    0.00    0.00    0.00    0.00    0.00    24  |__C2 CompilerThre
04:09:44 PM  1000         -   1056220    0.00    0.00    0.00    0.00    0.00    22  |__C1 CompilerThre
04:09:44 PM  1000         -   1056221    0.00    0.00    0.00    0.00    0.00    24  |__Notification Th
04:09:44 PM  1000         -   1056222    0.00    0.00    0.00    0.00    0.00    26  |__Common-Cleaner
04:09:44 PM  1000         -   1056485    0.00    0.00    0.00    0.00    0.00    26  |__vertx-blocked-t
04:09:44 PM  1000         -   1056487    0.00    0.00    0.00    0.00    0.00    26  |__process reaper
04:09:44 PM  1000         -   1056489    0.00    0.00    0.00    0.00    0.00    26  |__vertx-blocked-t
04:09:44 PM  1000         -   1056491    0.00    0.00    0.00    0.00    0.00    22  |__vert.x-eventloo
04:09:44 PM  1000         -   1056492    0.00    0.00    0.00    0.00    0.00    26  |__vert.x-acceptor
04:09:44 PM  1000         -   1056493    0.00    0.00    0.00    0.00    0.00    22  |__GC Thread#1
04:09:44 PM  1000         -   1056494    0.00    0.00    0.00    0.00    0.00    26  |__GC Thread#2
04:09:44 PM  1000         -   1056496    0.00    0.00    0.00    0.00    0.00    22  |__vert.x-worker-t
04:09:44 PM  1000         -   1056497    0.00    0.00    0.00    0.00    0.00    24  |__vert.x-eventloo
04:09:44 PM  1000         -   1056498    0.00    0.00    0.00    0.00    0.00    22  |__vert.x-eventloo
04:09:44 PM  1000         -   1056499    0.00    0.00    0.00    0.00    0.00    24  |__vert.x-eventloo
04:09:44 PM  1000         -   1056500    0.00    0.00    0.00    0.00    0.00    26  |__CLI-scheduled-e
04:09:44 PM  1000         -   1056501    0.00    0.00    0.00    0.00    0.00    26  |__vert.x-eventloo
04:09:44 PM  1000         -   1056503    0.00    0.00    0.00    0.00    0.00    24  |__vert.x-worker-t
04:09:44 PM  1000         -   1056504    1.00    0.00    0.00    0.00    1.00    26  |__vert.x-eventloo
04:09:44 PM  1000         -   1056509    0.00    0.00    0.00    0.00    0.00    24  |__cpu-watchdog
04:09:44 PM  1000         -   1056510    3.00    5.00    0.00    0.00    8.00    24  |__epollEventLoopG
04:09:44 PM  1000         -   1056511    4.00    4.00    0.00    0.00    8.00    26  |__epollEventLoopG
04:09:44 PM  1000         -   1056512    0.00    0.00    0.00    0.00    0.00    22  |__jitter-watchdog
04:09:44 PM  1000         -   1056513    0.00    0.00    0.00    0.00    0.00    22  |__vert.x-worker-t
04:09:44 PM  1000         -   1056525    0.00    0.00    0.00    0.00    0.00    22  |__vert.x-eventloo

04:09:43 PM   UID      TGID       TID   cswch/s nvcswch/s  Command
04:09:44 PM  1000   1056171         -      0.00      0.00  java
04:09:44 PM  1000         -   1056171      0.00      0.00  |__java
04:09:44 PM  1000         -   1056205      2.00      0.00  |__java
04:09:44 PM  1000         -   1056206      0.00      0.00  |__GC Thread#0
04:09:44 PM  1000         -   1056207      0.00      0.00  |__G1 Main Marker
04:09:44 PM  1000         -   1056208      0.00      0.00  |__G1 Conc#0
04:09:44 PM  1000         -   1056209     20.00      1.00  |__G1 Refine#0
04:09:44 PM  1000         -   1056210      1.00      0.00  |__G1 Service
04:09:44 PM  1000         -   1056212      1.00      0.00  |__VM Periodic Tas
04:09:44 PM  1000         -   1056213      0.00      0.00  |__VM Thread
04:09:44 PM  1000         -   1056214      0.00      0.00  |__Reference Handl
04:09:44 PM  1000         -   1056215      0.00      0.00  |__Finalizer
04:09:44 PM  1000         -   1056216      0.00      0.00  |__Signal Dispatch
04:09:44 PM  1000         -   1056217      1.00      0.00  |__Service Thread
04:09:44 PM  1000         -   1056218      4.00      0.00  |__Monitor Deflati
04:09:44 PM  1000         -   1056219     11.00      0.00  |__C2 CompilerThre
04:09:44 PM  1000         -   1056220      7.00      0.00  |__C1 CompilerThre
04:09:44 PM  1000         -   1056221      0.00      0.00  |__Notification Th
04:09:44 PM  1000         -   1056222      0.00      0.00  |__Common-Cleaner
04:09:44 PM  1000         -   1056485      1.00      0.00  |__vertx-blocked-t
04:09:44 PM  1000         -   1056487      0.00      0.00  |__process reaper
04:09:44 PM  1000         -   1056489      1.00      0.00  |__vertx-blocked-t
04:09:44 PM  1000         -   1056491      3.00      0.00  |__vert.x-eventloo
04:09:44 PM  1000         -   1056492      0.00      0.00  |__vert.x-acceptor
04:09:44 PM  1000         -   1056493      0.00      0.00  |__GC Thread#1
04:09:44 PM  1000         -   1056494      0.00      0.00  |__GC Thread#2
04:09:44 PM  1000         -   1056496      0.00      0.00  |__vert.x-worker-t
04:09:44 PM  1000         -   1056497      0.00      0.00  |__vert.x-eventloo
04:09:44 PM  1000         -   1056498      1.00      0.00  |__vert.x-eventloo
04:09:44 PM  1000         -   1056499      2.00      0.00  |__vert.x-eventloo
04:09:44 PM  1000         -   1056500      0.00      0.00  |__CLI-scheduled-e
04:09:44 PM  1000         -   1056501      0.00      0.00  |__vert.x-eventloo
04:09:44 PM  1000         -   1056503      0.00      0.00  |__vert.x-worker-t
04:09:44 PM  1000         -   1056504      1.00      0.00  |__vert.x-eventloo
04:09:44 PM  1000         -   1056509      0.00      0.00  |__cpu-watchdog
04:09:44 PM  1000         -   1056510   4282.00      1.00  |__epollEventLoopG
04:09:44 PM  1000         -   1056511   4229.00      2.00  |__epollEventLoopG
04:09:44 PM  1000         -   1056512     20.00      0.00  |__jitter-watchdog
04:09:44 PM  1000         -   1056513      0.00      0.00  |__vert.x-worker-t
04:09:44 PM  1000         -   1056525      0.00      0.00  |__vert.x-eventloo

04:09:44 PM   UID      TGID       TID    %usr %system  %guest   %wait    %CPU   CPU  Command
04:09:45 PM  1000   1056171         -    9.00    9.00    0.00    0.00   18.00    24  java
04:09:45 PM  1000         -   1056171    0.00    0.00    0.00    0.00    0.00    24  |__java
04:09:45 PM  1000         -   1056205    0.00    0.00    0.00    0.00    0.00    22  |__java
04:09:45 PM  1000         -   1056206    0.00    0.00    0.00    0.00    0.00    22  |__GC Thread#0
04:09:45 PM  1000         -   1056207    0.00    0.00    0.00    0.00    0.00    22  |__G1 Main Marker
04:09:45 PM  1000         -   1056208    0.00    0.00    0.00    0.00    0.00    22  |__G1 Conc#0
04:09:45 PM  1000         -   1056209    0.00    0.00    0.00    0.00    0.00    26  |__G1 Refine#0
04:09:45 PM  1000         -   1056210    0.00    0.00    0.00    0.00    0.00    22  |__G1 Service
04:09:45 PM  1000         -   1056212    0.00    0.00    0.00    0.00    0.00    22  |__VM Periodic Tas
04:09:45 PM  1000         -   1056213    0.00    0.00    0.00    0.00    0.00    24  |__VM Thread
04:09:45 PM  1000         -   1056214    0.00    0.00    0.00    0.00    0.00    26  |__Reference Handl
04:09:45 PM  1000         -   1056215    0.00    0.00    0.00    0.00    0.00    24  |__Finalizer
04:09:45 PM  1000         -   1056216    0.00    0.00    0.00    0.00    0.00    24  |__Signal Dispatch
04:09:45 PM  1000         -   1056217    0.00    0.00    0.00    0.00    0.00    24  |__Service Thread
04:09:45 PM  1000         -   1056218    0.00    0.00    0.00    0.00    0.00    26  |__Monitor Deflati
04:09:45 PM  1000         -   1056219    0.00    0.00    0.00    0.00    0.00    26  |__C2 CompilerThre
04:09:45 PM  1000         -   1056220    1.00    0.00    0.00    0.00    1.00    22  |__C1 CompilerThre
04:09:45 PM  1000         -   1056221    0.00    0.00    0.00    0.00    0.00    24  |__Notification Th
04:09:45 PM  1000         -   1056222    0.00    0.00    0.00    0.00    0.00    26  |__Common-Cleaner
04:09:45 PM  1000         -   1056485    0.00    0.00    0.00    0.00    0.00    26  |__vertx-blocked-t
04:09:45 PM  1000         -   1056487    0.00    0.00    0.00    0.00    0.00    26  |__process reaper
04:09:45 PM  1000         -   1056489    0.00    0.00    0.00    0.00    0.00    26  |__vertx-blocked-t
04:09:45 PM  1000         -   1056491    0.00    0.00    0.00    0.00    0.00    22  |__vert.x-eventloo
04:09:45 PM  1000         -   1056492    0.00    0.00    0.00    0.00    0.00    26  |__vert.x-acceptor
04:09:45 PM  1000         -   1056493    0.00    0.00    0.00    0.00    0.00    22  |__GC Thread#1
04:09:45 PM  1000         -   1056494    0.00    0.00    0.00    0.00    0.00    26  |__GC Thread#2
04:09:45 PM  1000         -   1056496    0.00    0.00    0.00    0.00    0.00    22  |__vert.x-worker-t
04:09:45 PM  1000         -   1056497    0.00    0.00    0.00    0.00    0.00    24  |__vert.x-eventloo
04:09:45 PM  1000         -   1056498    0.00    0.00    0.00    0.00    0.00    22  |__vert.x-eventloo
04:09:45 PM  1000         -   1056499    0.00    0.00    0.00    0.00    0.00    24  |__vert.x-eventloo
04:09:45 PM  1000         -   1056500    0.00    0.00    0.00    0.00    0.00    26  |__CLI-scheduled-e
04:09:45 PM  1000         -   1056501    0.00    0.00    0.00    0.00    0.00    26  |__vert.x-eventloo
04:09:45 PM  1000         -   1056503    0.00    0.00    0.00    0.00    0.00    24  |__vert.x-worker-t
04:09:45 PM  1000         -   1056504    0.00    0.00    0.00    0.00    0.00    24  |__vert.x-eventloo
04:09:45 PM  1000         -   1056509    0.00    0.00    0.00    0.00    0.00    24  |__cpu-watchdog
04:09:45 PM  1000         -   1056510    4.00    4.00    0.00    0.00    8.00    24  |__epollEventLoopG
04:09:45 PM  1000         -   1056511    4.00    4.00    0.00    0.00    8.00    22  |__epollEventLoopG
04:09:45 PM  1000         -   1056512    0.00    0.00    0.00    0.00    0.00    24  |__jitter-watchdog
04:09:45 PM  1000         -   1056513    0.00    0.00    0.00    0.00    0.00    22  |__vert.x-worker-t
04:09:45 PM  1000         -   1056525    0.00    0.00    0.00    0.00    0.00    22  |__vert.x-eventloo

04:09:44 PM   UID      TGID       TID   cswch/s nvcswch/s  Command
04:09:45 PM  1000   1056171         -      0.00      0.00  java
04:09:45 PM  1000         -   1056171      0.00      0.00  |__java
04:09:45 PM  1000         -   1056205      2.00      0.00  |__java
04:09:45 PM  1000         -   1056206      0.00      0.00  |__GC Thread#0
04:09:45 PM  1000         -   1056207      0.00      0.00  |__G1 Main Marker
04:09:45 PM  1000         -   1056208      0.00      0.00  |__G1 Conc#0
04:09:45 PM  1000         -   1056209     20.00      0.00  |__G1 Refine#0
04:09:45 PM  1000         -   1056210      1.00      0.00  |__G1 Service
04:09:45 PM  1000         -   1056212      0.00      0.00  |__VM Periodic Tas
04:09:45 PM  1000         -   1056213      0.00      0.00  |__VM Thread
04:09:45 PM  1000         -   1056214      0.00      0.00  |__Reference Handl
04:09:45 PM  1000         -   1056215      0.00      0.00  |__Finalizer
04:09:45 PM  1000         -   1056216      0.00      0.00  |__Signal Dispatch
04:09:45 PM  1000         -   1056217      1.00      0.00  |__Service Thread
04:09:45 PM  1000         -   1056218      4.00      0.00  |__Monitor Deflati
04:09:45 PM  1000         -   1056219     18.00      0.00  |__C2 CompilerThre
04:09:45 PM  1000         -   1056220     11.00      1.00  |__C1 CompilerThre
04:09:45 PM  1000         -   1056221      0.00      0.00  |__Notification Th
04:09:45 PM  1000         -   1056222      0.00      0.00  |__Common-Cleaner
04:09:45 PM  1000         -   1056485      1.00      0.00  |__vertx-blocked-t
04:09:45 PM  1000         -   1056487      0.00      0.00  |__process reaper
04:09:45 PM  1000         -   1056489      1.00      0.00  |__vertx-blocked-t
04:09:45 PM  1000         -   1056491      4.00      0.00  |__vert.x-eventloo
04:09:45 PM  1000         -   1056492      0.00      0.00  |__vert.x-acceptor
04:09:45 PM  1000         -   1056493      0.00      0.00  |__GC Thread#1
04:09:45 PM  1000         -   1056494      0.00      0.00  |__GC Thread#2
04:09:45 PM  1000         -   1056496      0.00      0.00  |__vert.x-worker-t
04:09:45 PM  1000         -   1056497      0.00      0.00  |__vert.x-eventloo
04:09:45 PM  1000         -   1056498      1.00      0.00  |__vert.x-eventloo
04:09:45 PM  1000         -   1056499      4.00      0.00  |__vert.x-eventloo
04:09:45 PM  1000         -   1056500      0.00      0.00  |__CLI-scheduled-e
04:09:45 PM  1000         -   1056501      0.00      0.00  |__vert.x-eventloo
04:09:45 PM  1000         -   1056503      0.00      0.00  |__vert.x-worker-t
04:09:45 PM  1000         -   1056504      2.00      0.00  |__vert.x-eventloo
04:09:45 PM  1000         -   1056509      0.00      0.00  |__cpu-watchdog
04:09:45 PM  1000         -   1056510   4209.00      1.00  |__epollEventLoopG
04:09:45 PM  1000         -   1056511   4190.00      3.00  |__epollEventLoopG
04:09:45 PM  1000         -   1056512     20.00      0.00  |__jitter-watchdog
04:09:45 PM  1000         -   1056513      0.00      0.00  |__vert.x-worker-t
04:09:45 PM  1000         -   1056525      0.00      0.00  |__vert.x-eventloo

04:09:45 PM   UID      TGID       TID    %usr %system  %guest   %wait    %CPU   CPU  Command
04:09:46 PM  1000   1056171         -    8.00    8.00    0.00    0.00   16.00    24  java
04:09:46 PM  1000         -   1056171    0.00    0.00    0.00    0.00    0.00    24  |__java
04:09:46 PM  1000         -   1056205    0.00    0.00    0.00    0.00    0.00    24  |__java
04:09:46 PM  1000         -   1056206    0.00    0.00    0.00    0.00    0.00    22  |__GC Thread#0
04:09:46 PM  1000         -   1056207    0.00    0.00    0.00    0.00    0.00    22  |__G1 Main Marker
04:09:46 PM  1000         -   1056208    0.00    0.00    0.00    0.00    0.00    22  |__G1 Conc#0
04:09:46 PM  1000         -   1056209    0.00    0.00    0.00    0.00    0.00    22  |__G1 Refine#0
04:09:46 PM  1000         -   1056210    0.00    0.00    0.00    0.00    0.00    22  |__G1 Service
04:09:46 PM  1000         -   1056212    0.00    0.00    0.00    0.00    0.00    22  |__VM Periodic Tas
04:09:46 PM  1000         -   1056213    0.00    0.00    0.00    0.00    0.00    24  |__VM Thread
04:09:46 PM  1000         -   1056214    0.00    0.00    0.00    0.00    0.00    26  |__Reference Handl
04:09:46 PM  1000         -   1056215    0.00    0.00    0.00    0.00    0.00    24  |__Finalizer
04:09:46 PM  1000         -   1056216    0.00    0.00    0.00    0.00    0.00    24  |__Signal Dispatch
04:09:46 PM  1000         -   1056217    0.00    0.00    0.00    0.00    0.00    24  |__Service Thread
04:09:46 PM  1000         -   1056218    0.00    0.00    0.00    0.00    0.00    26  |__Monitor Deflati
04:09:46 PM  1000         -   1056219    1.00    0.00    0.00    0.00    1.00    26  |__C2 CompilerThre
04:09:46 PM  1000         -   1056220    0.00    0.00    0.00    0.00    0.00    22  |__C1 CompilerThre
04:09:46 PM  1000         -   1056221    0.00    0.00    0.00    0.00    0.00    24  |__Notification Th
04:09:46 PM  1000         -   1056222    0.00    0.00    0.00    0.00    0.00    26  |__Common-Cleaner
04:09:46 PM  1000         -   1056485    0.00    0.00    0.00    0.00    0.00    26  |__vertx-blocked-t
04:09:46 PM  1000         -   1056487    0.00    0.00    0.00    0.00    0.00    26  |__process reaper
04:09:46 PM  1000         -   1056489    0.00    0.00    0.00    0.00    0.00    26  |__vertx-blocked-t
04:09:46 PM  1000         -   1056491    0.00    0.00    0.00    0.00    0.00    26  |__vert.x-eventloo
04:09:46 PM  1000         -   1056492    0.00    0.00    0.00    0.00    0.00    26  |__vert.x-acceptor
04:09:46 PM  1000         -   1056493    0.00    0.00    0.00    0.00    0.00    22  |__GC Thread#1
04:09:46 PM  1000         -   1056494    0.00    0.00    0.00    0.00    0.00    26  |__GC Thread#2
04:09:46 PM  1000         -   1056496    0.00    0.00    0.00    0.00    0.00    22  |__vert.x-worker-t
04:09:46 PM  1000         -   1056497    0.00    0.00    0.00    0.00    0.00    24  |__vert.x-eventloo
04:09:46 PM  1000         -   1056498    0.00    0.00    0.00    0.00    0.00    26  |__vert.x-eventloo
04:09:46 PM  1000         -   1056499    0.00    0.00    0.00    0.00    0.00    24  |__vert.x-eventloo
04:09:46 PM  1000         -   1056500    0.00    0.00    0.00    0.00    0.00    26  |__CLI-scheduled-e
04:09:46 PM  1000         -   1056501    0.00    0.00    0.00    0.00    0.00    26  |__vert.x-eventloo
04:09:46 PM  1000         -   1056503    0.00    0.00    0.00    0.00    0.00    24  |__vert.x-worker-t
04:09:46 PM  1000         -   1056504    0.00    0.00    0.00    0.00    0.00    24  |__vert.x-eventloo
04:09:46 PM  1000         -   1056509    0.00    0.00    0.00    0.00    0.00    24  |__cpu-watchdog
04:09:46 PM  1000         -   1056510    4.00    4.00    0.00    0.00    8.00    24  |__epollEventLoopG
04:09:46 PM  1000         -   1056511    4.00    3.00    0.00    0.00    7.00    26  |__epollEventLoopG
04:09:46 PM  1000         -   1056512    0.00    0.00    0.00    0.00    0.00    24  |__jitter-watchdog
04:09:46 PM  1000         -   1056513    0.00    0.00    0.00    0.00    0.00    22  |__vert.x-worker-t
04:09:46 PM  1000         -   1056525    0.00    0.00    0.00    0.00    0.00    22  |__vert.x-eventloo

04:09:45 PM   UID      TGID       TID   cswch/s nvcswch/s  Command
04:09:46 PM  1000   1056171         -      0.00      0.00  java
04:09:46 PM  1000         -   1056171      0.00      0.00  |__java
04:09:46 PM  1000         -   1056205      2.00      0.00  |__java
04:09:46 PM  1000         -   1056206      0.00      0.00  |__GC Thread#0
04:09:46 PM  1000         -   1056207      0.00      0.00  |__G1 Main Marker
04:09:46 PM  1000         -   1056208      0.00      0.00  |__G1 Conc#0
04:09:46 PM  1000         -   1056209     20.00      0.00  |__G1 Refine#0
04:09:46 PM  1000         -   1056210      1.00      0.00  |__G1 Service
04:09:46 PM  1000         -   1056212      0.00      0.00  |__VM Periodic Tas
04:09:46 PM  1000         -   1056213      0.00      0.00  |__VM Thread
04:09:46 PM  1000         -   1056214      0.00      0.00  |__Reference Handl
04:09:46 PM  1000         -   1056215      0.00      0.00  |__Finalizer
04:09:46 PM  1000         -   1056216      0.00      0.00  |__Signal Dispatch
04:09:46 PM  1000         -   1056217      1.00      0.00  |__Service Thread
04:09:46 PM  1000         -   1056218      4.00      0.00  |__Monitor Deflati
04:09:46 PM  1000         -   1056219     19.00      0.00  |__C2 CompilerThre
04:09:46 PM  1000         -   1056220     11.00      0.00  |__C1 CompilerThre
04:09:46 PM  1000         -   1056221      0.00      0.00  |__Notification Th
04:09:46 PM  1000         -   1056222      0.00      0.00  |__Common-Cleaner
04:09:46 PM  1000         -   1056485      1.00      0.00  |__vertx-blocked-t
04:09:46 PM  1000         -   1056487      0.00      0.00  |__process reaper
04:09:46 PM  1000         -   1056489      1.00      0.00  |__vertx-blocked-t
04:09:46 PM  1000         -   1056491      8.00      0.00  |__vert.x-eventloo
04:09:46 PM  1000         -   1056492      0.00      0.00  |__vert.x-acceptor
04:09:46 PM  1000         -   1056493      0.00      0.00  |__GC Thread#1
04:09:46 PM  1000         -   1056494      0.00      0.00  |__GC Thread#2
04:09:46 PM  1000         -   1056496      0.00      0.00  |__vert.x-worker-t
04:09:46 PM  1000         -   1056497      0.00      0.00  |__vert.x-eventloo
04:09:46 PM  1000         -   1056498      1.00      0.00  |__vert.x-eventloo
04:09:46 PM  1000         -   1056499      2.00      0.00  |__vert.x-eventloo
04:09:46 PM  1000         -   1056500      0.00      0.00  |__CLI-scheduled-e
04:09:46 PM  1000         -   1056501      0.00      0.00  |__vert.x-eventloo
04:09:46 PM  1000         -   1056503      0.00      0.00  |__vert.x-worker-t
04:09:46 PM  1000         -   1056504      1.00      0.00  |__vert.x-eventloo
04:09:46 PM  1000         -   1056509      1.00      0.00  |__cpu-watchdog
04:09:46 PM  1000         -   1056510   4310.00      2.00  |__epollEventLoopG
04:09:46 PM  1000         -   1056511   4182.00      3.00  |__epollEventLoopG
04:09:46 PM  1000         -   1056512     20.00      0.00  |__jitter-watchdog
04:09:46 PM  1000         -   1056513      0.00      0.00  |__vert.x-worker-t
04:09:46 PM  1000         -   1056525      0.00      0.00  |__vert.x-eventloo

04:09:46 PM   UID      TGID       TID    %usr %system  %guest   %wait    %CPU   CPU  Command
04:09:47 PM  1000   1056171         -    8.00    9.00    0.00    0.00   17.00    24  java
04:09:47 PM  1000         -   1056171    0.00    0.00    0.00    0.00    0.00    24  |__java
04:09:47 PM  1000         -   1056205    0.00    0.00    0.00    0.00    0.00    22  |__java
04:09:47 PM  1000         -   1056206    0.00    0.00    0.00    0.00    0.00    22  |__GC Thread#0
04:09:47 PM  1000         -   1056207    0.00    0.00    0.00    0.00    0.00    22  |__G1 Main Marker
04:09:47 PM  1000         -   1056208    0.00    0.00    0.00    0.00    0.00    22  |__G1 Conc#0
04:09:47 PM  1000         -   1056209    0.00    0.00    0.00    0.00    0.00    26  |__G1 Refine#0
04:09:47 PM  1000         -   1056210    0.00    0.00    0.00    0.00    0.00    22  |__G1 Service
04:09:47 PM  1000         -   1056212    0.00    0.00    0.00    0.00    0.00    22  |__VM Periodic Tas
04:09:47 PM  1000         -   1056213    0.00    0.00    0.00    0.00    0.00    24  |__VM Thread
04:09:47 PM  1000         -   1056214    0.00    0.00    0.00    0.00    0.00    26  |__Reference Handl
04:09:47 PM  1000         -   1056215    0.00    0.00    0.00    0.00    0.00    24  |__Finalizer
04:09:47 PM  1000         -   1056216    0.00    0.00    0.00    0.00    0.00    24  |__Signal Dispatch
04:09:47 PM  1000         -   1056217    0.00    0.00    0.00    0.00    0.00    24  |__Service Thread
04:09:47 PM  1000         -   1056218    0.00    0.00    0.00    0.00    0.00    26  |__Monitor Deflati
04:09:47 PM  1000         -   1056219    0.00    0.00    0.00    0.00    0.00    26  |__C2 CompilerThre
04:09:47 PM  1000         -   1056220    1.00    0.00    0.00    0.00    1.00    22  |__C1 CompilerThre
04:09:47 PM  1000         -   1056221    0.00    0.00    0.00    0.00    0.00    24  |__Notification Th
04:09:47 PM  1000         -   1056222    0.00    0.00    0.00    0.00    0.00    26  |__Common-Cleaner
04:09:47 PM  1000         -   1056485    0.00    0.00    0.00    0.00    0.00    26  |__vertx-blocked-t
04:09:47 PM  1000         -   1056487    0.00    0.00    0.00    0.00    0.00    26  |__process reaper
04:09:47 PM  1000         -   1056489    0.00    0.00    0.00    0.00    0.00    26  |__vertx-blocked-t
04:09:47 PM  1000         -   1056491    1.00    0.00    0.00    0.00    1.00    26  |__vert.x-eventloo
04:09:47 PM  1000         -   1056492    0.00    0.00    0.00    0.00    0.00    26  |__vert.x-acceptor
04:09:47 PM  1000         -   1056493    0.00    0.00    0.00    0.00    0.00    22  |__GC Thread#1
04:09:47 PM  1000         -   1056494    0.00    0.00    0.00    0.00    0.00    26  |__GC Thread#2
04:09:47 PM  1000         -   1056496    0.00    0.00    0.00    0.00    0.00    22  |__vert.x-worker-t
04:09:47 PM  1000         -   1056497    0.00    0.00    0.00    0.00    0.00    24  |__vert.x-eventloo
04:09:47 PM  1000         -   1056498    0.00    0.00    0.00    0.00    0.00    26  |__vert.x-eventloo
04:09:47 PM  1000         -   1056499    1.00    0.00    0.00    0.00    1.00    26  |__vert.x-eventloo
04:09:47 PM  1000         -   1056500    0.00    0.00    0.00    0.00    0.00    26  |__CLI-scheduled-e
04:09:47 PM  1000         -   1056501    0.00    0.00    0.00    0.00    0.00    26  |__vert.x-eventloo
04:09:47 PM  1000         -   1056503    0.00    0.00    0.00    0.00    0.00    24  |__vert.x-worker-t
04:09:47 PM  1000         -   1056504    0.00    0.00    0.00    0.00    0.00    24  |__vert.x-eventloo
04:09:47 PM  1000         -   1056509    0.00    0.00    0.00    0.00    0.00    24  |__cpu-watchdog
04:09:47 PM  1000         -   1056510    3.00    5.00    0.00    0.00    8.00    24  |__epollEventLoopG
04:09:47 PM  1000         -   1056511    4.00    4.00    0.00    0.00    8.00    22  |__epollEventLoopG
04:09:47 PM  1000         -   1056512    0.00    0.00    0.00    0.00    0.00    22  |__jitter-watchdog
04:09:47 PM  1000         -   1056513    0.00    0.00    0.00    0.00    0.00    22  |__vert.x-worker-t
04:09:47 PM  1000         -   1056525    0.00    0.00    0.00    0.00    0.00    22  |__vert.x-eventloo

04:09:46 PM   UID      TGID       TID   cswch/s nvcswch/s  Command
04:09:47 PM  1000   1056171         -      0.00      0.00  java
04:09:47 PM  1000         -   1056171      0.00      0.00  |__java
04:09:47 PM  1000         -   1056205      2.00      0.00  |__java
04:09:47 PM  1000         -   1056206      0.00      0.00  |__GC Thread#0
04:09:47 PM  1000         -   1056207      0.00      0.00  |__G1 Main Marker
04:09:47 PM  1000         -   1056208      0.00      0.00  |__G1 Conc#0
04:09:47 PM  1000         -   1056209     20.00      0.00  |__G1 Refine#0
04:09:47 PM  1000         -   1056210      1.00      0.00  |__G1 Service
04:09:47 PM  1000         -   1056212      0.00      0.00  |__VM Periodic Tas
04:09:47 PM  1000         -   1056213      0.00      0.00  |__VM Thread
04:09:47 PM  1000         -   1056214      0.00      0.00  |__Reference Handl
04:09:47 PM  1000         -   1056215      0.00      0.00  |__Finalizer
04:09:47 PM  1000         -   1056216      0.00      0.00  |__Signal Dispatch
04:09:47 PM  1000         -   1056217      1.00      0.00  |__Service Thread
04:09:47 PM  1000         -   1056218      4.00      0.00  |__Monitor Deflati
04:09:47 PM  1000         -   1056219     12.00      0.00  |__C2 CompilerThre
04:09:47 PM  1000         -   1056220      7.00      0.00  |__C1 CompilerThre
04:09:47 PM  1000         -   1056221      0.00      0.00  |__Notification Th
04:09:47 PM  1000         -   1056222      0.00      0.00  |__Common-Cleaner
04:09:47 PM  1000         -   1056485      1.00      0.00  |__vertx-blocked-t
04:09:47 PM  1000         -   1056487      0.00      0.00  |__process reaper
04:09:47 PM  1000         -   1056489      1.00      0.00  |__vertx-blocked-t
04:09:47 PM  1000         -   1056491      3.00      0.00  |__vert.x-eventloo
04:09:47 PM  1000         -   1056492      0.00      0.00  |__vert.x-acceptor
04:09:47 PM  1000         -   1056493      0.00      0.00  |__GC Thread#1
04:09:47 PM  1000         -   1056494      0.00      0.00  |__GC Thread#2
04:09:47 PM  1000         -   1056496      0.00      0.00  |__vert.x-worker-t
04:09:47 PM  1000         -   1056497      0.00      0.00  |__vert.x-eventloo
04:09:47 PM  1000         -   1056498      1.00      0.00  |__vert.x-eventloo
04:09:47 PM  1000         -   1056499      2.00      0.00  |__vert.x-eventloo
04:09:47 PM  1000         -   1056500      0.00      0.00  |__CLI-scheduled-e
04:09:47 PM  1000         -   1056501      0.00      0.00  |__vert.x-eventloo
04:09:47 PM  1000         -   1056503      0.00      0.00  |__vert.x-worker-t
04:09:47 PM  1000         -   1056504      1.00      0.00  |__vert.x-eventloo
04:09:47 PM  1000         -   1056509      0.00      0.00  |__cpu-watchdog
04:09:47 PM  1000         -   1056510   4327.00      0.00  |__epollEventLoopG
04:09:47 PM  1000         -   1056511   4134.00      0.00  |__epollEventLoopG
04:09:47 PM  1000         -   1056512     20.00      0.00  |__jitter-watchdog
04:09:47 PM  1000         -   1056513      0.00      0.00  |__vert.x-worker-t
04:09:47 PM  1000         -   1056525      0.00      0.00  |__vert.x-eventloo

04:09:47 PM   UID      TGID       TID    %usr %system  %guest   %wait    %CPU   CPU  Command
04:09:48 PM  1000   1056171         -    9.00    8.00    0.00    0.00   17.00    24  java
04:09:48 PM  1000         -   1056171    0.00    0.00    0.00    0.00    0.00    24  |__java
04:09:48 PM  1000         -   1056205    0.00    0.00    0.00    0.00    0.00    26  |__java
04:09:48 PM  1000         -   1056206    0.00    0.00    0.00    0.00    0.00    22  |__GC Thread#0
04:09:48 PM  1000         -   1056207    0.00    0.00    0.00    0.00    0.00    22  |__G1 Main Marker
04:09:48 PM  1000         -   1056208    0.00    0.00    0.00    0.00    0.00    22  |__G1 Conc#0
04:09:48 PM  1000         -   1056209    0.00    0.00    0.00    0.00    0.00    24  |__G1 Refine#0
04:09:48 PM  1000         -   1056210    0.00    0.00    0.00    0.00    0.00    26  |__G1 Service
04:09:48 PM  1000         -   1056212    0.00    0.00    0.00    0.00    0.00    22  |__VM Periodic Tas
04:09:48 PM  1000         -   1056213    0.00    0.00    0.00    0.00    0.00    24  |__VM Thread
04:09:48 PM  1000         -   1056214    0.00    0.00    0.00    0.00    0.00    24  |__Reference Handl
04:09:48 PM  1000         -   1056215    0.00    0.00    0.00    0.00    0.00    24  |__Finalizer
04:09:48 PM  1000         -   1056216    0.00    0.00    0.00    0.00    0.00    24  |__Signal Dispatch
04:09:48 PM  1000         -   1056217    0.00    0.00    0.00    0.00    0.00    24  |__Service Thread
04:09:48 PM  1000         -   1056218    0.00    0.00    0.00    0.00    0.00    26  |__Monitor Deflati
04:09:48 PM  1000         -   1056219    0.00    0.00    0.00    0.00    0.00    24  |__C2 CompilerThre
04:09:48 PM  1000         -   1056220    0.00    0.00    0.00    0.00    0.00    22  |__C1 CompilerThre
04:09:48 PM  1000         -   1056221    0.00    0.00    0.00    0.00    0.00    24  |__Notification Th
04:09:48 PM  1000         -   1056222    0.00    0.00    0.00    0.00    0.00    26  |__Common-Cleaner
04:09:48 PM  1000         -   1056485    0.00    0.00    0.00    0.00    0.00    26  |__vertx-blocked-t
04:09:48 PM  1000         -   1056487    0.00    0.00    0.00    0.00    0.00    26  |__process reaper
04:09:48 PM  1000         -   1056489    0.00    0.00    0.00    0.00    0.00    26  |__vertx-blocked-t
04:09:48 PM  1000         -   1056491    0.00    0.00    0.00    0.00    0.00    26  |__vert.x-eventloo
04:09:48 PM  1000         -   1056492    0.00    0.00    0.00    0.00    0.00    26  |__vert.x-acceptor
04:09:48 PM  1000         -   1056493    0.00    0.00    0.00    0.00    0.00    22  |__GC Thread#1
04:09:48 PM  1000         -   1056494    0.00    0.00    0.00    0.00    0.00    26  |__GC Thread#2
04:09:48 PM  1000         -   1056496    0.00    0.00    0.00    0.00    0.00    22  |__vert.x-worker-t
04:09:48 PM  1000         -   1056497    0.00    0.00    0.00    0.00    0.00    24  |__vert.x-eventloo
04:09:48 PM  1000         -   1056498    0.00    0.00    0.00    0.00    0.00    26  |__vert.x-eventloo
04:09:48 PM  1000         -   1056499    0.00    0.00    0.00    0.00    0.00    24  |__vert.x-eventloo
04:09:48 PM  1000         -   1056500    0.00    0.00    0.00    0.00    0.00    26  |__CLI-scheduled-e
04:09:48 PM  1000         -   1056501    0.00    0.00    0.00    0.00    0.00    26  |__vert.x-eventloo
04:09:48 PM  1000         -   1056503    0.00    0.00    0.00    0.00    0.00    24  |__vert.x-worker-t
04:09:48 PM  1000         -   1056504    0.00    0.00    0.00    0.00    0.00    24  |__vert.x-eventloo
04:09:48 PM  1000         -   1056509    0.00    0.00    0.00    0.00    0.00    24  |__cpu-watchdog
04:09:48 PM  1000         -   1056510    3.00    4.00    0.00    0.00    7.00    22  |__epollEventLoopG
04:09:48 PM  1000         -   1056511    4.00    3.00    0.00    0.00    7.00    26  |__epollEventLoopG
04:09:48 PM  1000         -   1056512    0.00    0.00    0.00    0.00    0.00    24  |__jitter-watchdog
04:09:48 PM  1000         -   1056513    0.00    0.00    0.00    0.00    0.00    22  |__vert.x-worker-t
04:09:48 PM  1000         -   1056525    0.00    0.00    0.00    0.00    0.00    22  |__vert.x-eventloo

04:09:47 PM   UID      TGID       TID   cswch/s nvcswch/s  Command
04:09:48 PM  1000   1056171         -      0.00      0.00  java
04:09:48 PM  1000         -   1056171      0.00      0.00  |__java
04:09:48 PM  1000         -   1056205      2.00      0.00  |__java
04:09:48 PM  1000         -   1056206      8.00      0.00  |__GC Thread#0
04:09:48 PM  1000         -   1056207      0.00      0.00  |__G1 Main Marker
04:09:48 PM  1000         -   1056208      0.00      0.00  |__G1 Conc#0
04:09:48 PM  1000         -   1056209     21.00      0.00  |__G1 Refine#0
04:09:48 PM  1000         -   1056210      3.00      0.00  |__G1 Service
04:09:48 PM  1000         -   1056212      0.00      0.00  |__VM Periodic Tas
04:09:48 PM  1000         -   1056213     10.00      0.00  |__VM Thread
04:09:48 PM  1000         -   1056214      1.00      0.00  |__Reference Handl
04:09:48 PM  1000         -   1056215      0.00      0.00  |__Finalizer
04:09:48 PM  1000         -   1056216      0.00      0.00  |__Signal Dispatch
04:09:48 PM  1000         -   1056217      1.00      0.00  |__Service Thread
04:09:48 PM  1000         -   1056218      4.00      0.00  |__Monitor Deflati
04:09:48 PM  1000         -   1056219     11.00      0.00  |__C2 CompilerThre
04:09:48 PM  1000         -   1056220      8.00      0.00  |__C1 CompilerThre
04:09:48 PM  1000         -   1056221      0.00      0.00  |__Notification Th
04:09:48 PM  1000         -   1056222      0.00      0.00  |__Common-Cleaner
04:09:48 PM  1000         -   1056485      1.00      0.00  |__vertx-blocked-t
04:09:48 PM  1000         -   1056487      0.00      0.00  |__process reaper
04:09:48 PM  1000         -   1056489      1.00      0.00  |__vertx-blocked-t
04:09:48 PM  1000         -   1056491      5.00      0.00  |__vert.x-eventloo
04:09:48 PM  1000         -   1056492      0.00      0.00  |__vert.x-acceptor
04:09:48 PM  1000         -   1056493      8.00      0.00  |__GC Thread#1
04:09:48 PM  1000         -   1056494      8.00      0.00  |__GC Thread#2
04:09:48 PM  1000         -   1056496      0.00      0.00  |__vert.x-worker-t
04:09:48 PM  1000         -   1056497      0.00      0.00  |__vert.x-eventloo
04:09:48 PM  1000         -   1056498      1.00      0.00  |__vert.x-eventloo
04:09:48 PM  1000         -   1056499      2.00      0.00  |__vert.x-eventloo
04:09:48 PM  1000         -   1056500      0.00      0.00  |__CLI-scheduled-e
04:09:48 PM  1000         -   1056501      0.00      0.00  |__vert.x-eventloo
04:09:48 PM  1000         -   1056503      0.00      0.00  |__vert.x-worker-t
04:09:48 PM  1000         -   1056504      3.00      0.00  |__vert.x-eventloo
04:09:48 PM  1000         -   1056509      0.00      0.00  |__cpu-watchdog
04:09:48 PM  1000         -   1056510   4317.00      1.00  |__epollEventLoopG
04:09:48 PM  1000         -   1056511   4035.00      0.00  |__epollEventLoopG
04:09:48 PM  1000         -   1056512     20.00      0.00  |__jitter-watchdog
04:09:48 PM  1000         -   1056513      0.00      0.00  |__vert.x-worker-t
04:09:48 PM  1000         -   1056525      0.00      0.00  |__vert.x-eventloo

04:09:48 PM   UID      TGID       TID    %usr %system  %guest   %wait    %CPU   CPU  Command
04:09:49 PM  1000   1056171         -    9.00    8.00    0.00    0.00   17.00    24  java
04:09:49 PM  1000         -   1056171    0.00    0.00    0.00    0.00    0.00    24  |__java
04:09:49 PM  1000         -   1056205    0.00    0.00    0.00    0.00    0.00    24  |__java
04:09:49 PM  1000         -   1056206    0.00    0.00    0.00    0.00    0.00    22  |__GC Thread#0
04:09:49 PM  1000         -   1056207    0.00    0.00    0.00    0.00    0.00    22  |__G1 Main Marker
04:09:49 PM  1000         -   1056208    0.00    0.00    0.00    0.00    0.00    22  |__G1 Conc#0
04:09:49 PM  1000         -   1056209    0.00    0.00    0.00    0.00    0.00    22  |__G1 Refine#0
04:09:49 PM  1000         -   1056210    0.00    0.00    0.00    0.00    0.00    26  |__G1 Service
04:09:49 PM  1000         -   1056212    0.00    0.00    0.00    0.00    0.00    22  |__VM Periodic Tas
04:09:49 PM  1000         -   1056213    0.00    0.00    0.00    0.00    0.00    24  |__VM Thread
04:09:49 PM  1000         -   1056214    0.00    0.00    0.00    0.00    0.00    24  |__Reference Handl
04:09:49 PM  1000         -   1056215    0.00    0.00    0.00    0.00    0.00    24  |__Finalizer
04:09:49 PM  1000         -   1056216    0.00    0.00    0.00    0.00    0.00    24  |__Signal Dispatch
04:09:49 PM  1000         -   1056217    0.00    0.00    0.00    0.00    0.00    24  |__Service Thread
04:09:49 PM  1000         -   1056218    0.00    0.00    0.00    0.00    0.00    26  |__Monitor Deflati
04:09:49 PM  1000         -   1056219    0.00    0.00    0.00    0.00    0.00    26  |__C2 CompilerThre
04:09:49 PM  1000         -   1056220    0.00    0.00    0.00    0.00    0.00    22  |__C1 CompilerThre
04:09:49 PM  1000         -   1056221    0.00    0.00    0.00    0.00    0.00    24  |__Notification Th
04:09:49 PM  1000         -   1056222    0.00    0.00    0.00    0.00    0.00    26  |__Common-Cleaner
04:09:49 PM  1000         -   1056485    0.00    0.00    0.00    0.00    0.00    26  |__vertx-blocked-t
04:09:49 PM  1000         -   1056487    0.00    0.00    0.00    0.00    0.00    26  |__process reaper
04:09:49 PM  1000         -   1056489    0.00    0.00    0.00    0.00    0.00    26  |__vertx-blocked-t
04:09:49 PM  1000         -   1056491    0.00    0.00    0.00    0.00    0.00    26  |__vert.x-eventloo
04:09:49 PM  1000         -   1056492    0.00    0.00    0.00    0.00    0.00    26  |__vert.x-acceptor
04:09:49 PM  1000         -   1056493    0.00    0.00    0.00    0.00    0.00    22  |__GC Thread#1
04:09:49 PM  1000         -   1056494    0.00    0.00    0.00    0.00    0.00    26  |__GC Thread#2
04:09:49 PM  1000         -   1056496    0.00    0.00    0.00    0.00    0.00    22  |__vert.x-worker-t
04:09:49 PM  1000         -   1056497    0.00    0.00    0.00    0.00    0.00    24  |__vert.x-eventloo
04:09:49 PM  1000         -   1056498    0.00    0.00    0.00    0.00    0.00    26  |__vert.x-eventloo
04:09:49 PM  1000         -   1056499    0.00    0.00    0.00    0.00    0.00    24  |__vert.x-eventloo
04:09:49 PM  1000         -   1056500    0.00    0.00    0.00    0.00    0.00    26  |__CLI-scheduled-e
04:09:49 PM  1000         -   1056501    0.00    0.00    0.00    0.00    0.00    26  |__vert.x-eventloo
04:09:49 PM  1000         -   1056503    0.00    0.00    0.00    0.00    0.00    24  |__vert.x-worker-t
04:09:49 PM  1000         -   1056504    0.00    0.00    0.00    0.00    0.00    24  |__vert.x-eventloo
04:09:49 PM  1000         -   1056509    0.00    0.00    0.00    0.00    0.00    24  |__cpu-watchdog
04:09:49 PM  1000         -   1056510    4.00    5.00    0.00    0.00    9.00    22  |__epollEventLoopG
04:09:49 PM  1000         -   1056511    4.00    4.00    0.00    0.00    8.00    26  |__epollEventLoopG
04:09:49 PM  1000         -   1056512    0.00    0.00    0.00    0.00    0.00    22  |__jitter-watchdog
04:09:49 PM  1000         -   1056513    0.00    0.00    0.00    0.00    0.00    22  |__vert.x-worker-t
04:09:49 PM  1000         -   1056525    0.00    0.00    0.00    0.00    0.00    22  |__vert.x-eventloo

04:09:48 PM   UID      TGID       TID   cswch/s nvcswch/s  Command
04:09:49 PM  1000   1056171         -      0.00      0.00  java
04:09:49 PM  1000         -   1056171      0.00      0.00  |__java
04:09:49 PM  1000         -   1056205      2.00      0.00  |__java
04:09:49 PM  1000         -   1056206      0.00      0.00  |__GC Thread#0
04:09:49 PM  1000         -   1056207      0.00      0.00  |__G1 Main Marker
04:09:49 PM  1000         -   1056208      0.00      0.00  |__G1 Conc#0
04:09:49 PM  1000         -   1056209     13.00      0.00  |__G1 Refine#0
04:09:49 PM  1000         -   1056210      1.00      0.00  |__G1 Service
04:09:49 PM  1000         -   1056212      1.00      0.00  |__VM Periodic Tas
04:09:49 PM  1000         -   1056213      0.00      0.00  |__VM Thread
04:09:49 PM  1000         -   1056214      0.00      0.00  |__Reference Handl
04:09:49 PM  1000         -   1056215      0.00      0.00  |__Finalizer
04:09:49 PM  1000         -   1056216      0.00      0.00  |__Signal Dispatch
04:09:49 PM  1000         -   1056217      1.00      0.00  |__Service Thread
04:09:49 PM  1000         -   1056218      4.00      0.00  |__Monitor Deflati
04:09:49 PM  1000         -   1056219      9.00      0.00  |__C2 CompilerThre
04:09:49 PM  1000         -   1056220      7.00      0.00  |__C1 CompilerThre
04:09:49 PM  1000         -   1056221      0.00      0.00  |__Notification Th
04:09:49 PM  1000         -   1056222      0.00      0.00  |__Common-Cleaner
04:09:49 PM  1000         -   1056485      1.00      0.00  |__vertx-blocked-t
04:09:49 PM  1000         -   1056487      0.00      0.00  |__process reaper
04:09:49 PM  1000         -   1056489      1.00      0.00  |__vertx-blocked-t
04:09:49 PM  1000         -   1056491      3.00      0.00  |__vert.x-eventloo
04:09:49 PM  1000         -   1056492      0.00      0.00  |__vert.x-acceptor
04:09:49 PM  1000         -   1056493      0.00      0.00  |__GC Thread#1
04:09:49 PM  1000         -   1056494      0.00      0.00  |__GC Thread#2
04:09:49 PM  1000         -   1056496      0.00      0.00  |__vert.x-worker-t
04:09:49 PM  1000         -   1056497      0.00      0.00  |__vert.x-eventloo
04:09:49 PM  1000         -   1056498      1.00      0.00  |__vert.x-eventloo
04:09:49 PM  1000         -   1056499      2.00      0.00  |__vert.x-eventloo
04:09:49 PM  1000         -   1056500      0.00      0.00  |__CLI-scheduled-e
04:09:49 PM  1000         -   1056501      0.00      0.00  |__vert.x-eventloo
04:09:49 PM  1000         -   1056503      0.00      0.00  |__vert.x-worker-t
04:09:49 PM  1000         -   1056504      2.00      0.00  |__vert.x-eventloo
04:09:49 PM  1000         -   1056509      0.00      0.00  |__cpu-watchdog
04:09:49 PM  1000         -   1056510   4358.00      0.00  |__epollEventLoopG
04:09:49 PM  1000         -   1056511   4164.00      0.00  |__epollEventLoopG
04:09:49 PM  1000         -   1056512     19.00      0.00  |__jitter-watchdog
04:09:49 PM  1000         -   1056513      0.00      0.00  |__vert.x-worker-t
04:09:49 PM  1000         -   1056525      0.00      0.00  |__vert.x-eventloo

04:09:49 PM   UID      TGID       TID    %usr %system  %guest   %wait    %CPU   CPU  Command
04:09:50 PM  1000   1056171         -    6.00   11.00    0.00    0.00   17.00    24  java
04:09:50 PM  1000         -   1056171    0.00    0.00    0.00    0.00    0.00    24  |__java
04:09:50 PM  1000         -   1056205    0.00    0.00    0.00    0.00    0.00    24  |__java
04:09:50 PM  1000         -   1056206    0.00    0.00    0.00    0.00    0.00    22  |__GC Thread#0
04:09:50 PM  1000         -   1056207    0.00    0.00    0.00    0.00    0.00    22  |__G1 Main Marker
04:09:50 PM  1000         -   1056208    0.00    0.00    0.00    0.00    0.00    22  |__G1 Conc#0
04:09:50 PM  1000         -   1056209    0.00    0.00    0.00    0.00    0.00    24  |__G1 Refine#0
04:09:50 PM  1000         -   1056210    0.00    0.00    0.00    0.00    0.00    26  |__G1 Service
04:09:50 PM  1000         -   1056212    0.00    0.00    0.00    0.00    0.00    22  |__VM Periodic Tas
04:09:50 PM  1000         -   1056213    0.00    0.00    0.00    0.00    0.00    24  |__VM Thread
04:09:50 PM  1000         -   1056214    0.00    0.00    0.00    0.00    0.00    24  |__Reference Handl
04:09:50 PM  1000         -   1056215    0.00    0.00    0.00    0.00    0.00    24  |__Finalizer
04:09:50 PM  1000         -   1056216    0.00    0.00    0.00    0.00    0.00    24  |__Signal Dispatch
04:09:50 PM  1000         -   1056217    0.00    0.00    0.00    0.00    0.00    24  |__Service Thread
04:09:50 PM  1000         -   1056218    0.00    0.00    0.00    0.00    0.00    22  |__Monitor Deflati
04:09:50 PM  1000         -   1056219    0.00    0.00    0.00    0.00    0.00    22  |__C2 CompilerThre
04:09:50 PM  1000         -   1056220    1.00    0.00    0.00    0.00    1.00    26  |__C1 CompilerThre
04:09:50 PM  1000         -   1056221    0.00    0.00    0.00    0.00    0.00    24  |__Notification Th
04:09:50 PM  1000         -   1056222    0.00    0.00    0.00    0.00    0.00    26  |__Common-Cleaner
04:09:50 PM  1000         -   1056485    0.00    0.00    0.00    0.00    0.00    26  |__vertx-blocked-t
04:09:50 PM  1000         -   1056487    0.00    0.00    0.00    0.00    0.00    26  |__process reaper
04:09:50 PM  1000         -   1056489    0.00    0.00    0.00    0.00    0.00    26  |__vertx-blocked-t
04:09:50 PM  1000         -   1056491    0.00    0.00    0.00    0.00    0.00    22  |__vert.x-eventloo
04:09:50 PM  1000         -   1056492    0.00    0.00    0.00    0.00    0.00    26  |__vert.x-acceptor
04:09:50 PM  1000         -   1056493    0.00    0.00    0.00    0.00    0.00    22  |__GC Thread#1
04:09:50 PM  1000         -   1056494    0.00    0.00    0.00    0.00    0.00    26  |__GC Thread#2
04:09:50 PM  1000         -   1056496    0.00    0.00    0.00    0.00    0.00    22  |__vert.x-worker-t
04:09:50 PM  1000         -   1056497    0.00    0.00    0.00    0.00    0.00    24  |__vert.x-eventloo
04:09:50 PM  1000         -   1056498    0.00    0.00    0.00    0.00    0.00    26  |__vert.x-eventloo
04:09:50 PM  1000         -   1056499    0.00    0.00    0.00    0.00    0.00    24  |__vert.x-eventloo
04:09:50 PM  1000         -   1056500    0.00    0.00    0.00    0.00    0.00    24  |__CLI-scheduled-e
04:09:50 PM  1000         -   1056501    0.00    0.00    0.00    0.00    0.00    26  |__vert.x-eventloo
04:09:50 PM  1000         -   1056503    0.00    0.00    0.00    0.00    0.00    24  |__vert.x-worker-t
04:09:50 PM  1000         -   1056504    0.00    0.00    0.00    0.00    0.00    24  |__vert.x-eventloo
04:09:50 PM  1000         -   1056509    0.00    0.00    0.00    0.00    0.00    24  |__cpu-watchdog
04:09:50 PM  1000         -   1056510    3.00    5.00    0.00    0.00    8.00    22  |__epollEventLoopG
04:09:50 PM  1000         -   1056511    3.00    5.00    0.00    0.00    8.00    24  |__epollEventLoopG
04:09:50 PM  1000         -   1056512    0.00    0.00    0.00    0.00    0.00    24  |__jitter-watchdog
04:09:50 PM  1000         -   1056513    0.00    0.00    0.00    0.00    0.00    22  |__vert.x-worker-t
04:09:50 PM  1000         -   1056525    0.00    0.00    0.00    0.00    0.00    22  |__vert.x-eventloo
04:09:50 PM  1000         -   1056531    0.00    0.00    0.00    0.00    0.00    22  |__vert.x-eventloo

04:09:49 PM   UID      TGID       TID   cswch/s nvcswch/s  Command
04:09:50 PM  1000   1056171         -      0.00      0.00  java
04:09:50 PM  1000         -   1056171      0.00      0.00  |__java
04:09:50 PM  1000         -   1056205      2.00      0.00  |__java
04:09:50 PM  1000         -   1056206      0.00      0.00  |__GC Thread#0
04:09:50 PM  1000         -   1056207      0.00      0.00  |__G1 Main Marker
04:09:50 PM  1000         -   1056208      0.00      0.00  |__G1 Conc#0
04:09:50 PM  1000         -   1056209     14.00      0.00  |__G1 Refine#0
04:09:50 PM  1000         -   1056210      1.00      0.00  |__G1 Service
04:09:50 PM  1000         -   1056212      0.00      0.00  |__VM Periodic Tas
04:09:50 PM  1000         -   1056213      0.00      0.00  |__VM Thread
04:09:50 PM  1000         -   1056214      0.00      0.00  |__Reference Handl
04:09:50 PM  1000         -   1056215      0.00      0.00  |__Finalizer
04:09:50 PM  1000         -   1056216      0.00      0.00  |__Signal Dispatch
04:09:50 PM  1000         -   1056217      1.00      0.00  |__Service Thread
04:09:50 PM  1000         -   1056218      4.00      0.00  |__Monitor Deflati
04:09:50 PM  1000         -   1056219     13.00      0.00  |__C2 CompilerThre
04:09:50 PM  1000         -   1056220      8.00      0.00  |__C1 CompilerThre
04:09:50 PM  1000         -   1056221      0.00      0.00  |__Notification Th
04:09:50 PM  1000         -   1056222      0.00      0.00  |__Common-Cleaner
04:09:50 PM  1000         -   1056485      1.00      0.00  |__vertx-blocked-t
04:09:50 PM  1000         -   1056487      0.00      0.00  |__process reaper
04:09:50 PM  1000         -   1056489      1.00      0.00  |__vertx-blocked-t
04:09:50 PM  1000         -   1056491      4.00      0.00  |__vert.x-eventloo
04:09:50 PM  1000         -   1056492      0.00      0.00  |__vert.x-acceptor
04:09:50 PM  1000         -   1056493      0.00      0.00  |__GC Thread#1
04:09:50 PM  1000         -   1056494      0.00      0.00  |__GC Thread#2
04:09:50 PM  1000         -   1056496      0.00      0.00  |__vert.x-worker-t
04:09:50 PM  1000         -   1056497      0.00      0.00  |__vert.x-eventloo
04:09:50 PM  1000         -   1056498      1.00      0.00  |__vert.x-eventloo
04:09:50 PM  1000         -   1056499      6.00      0.00  |__vert.x-eventloo
04:09:50 PM  1000         -   1056500      3.00      0.00  |__CLI-scheduled-e
04:09:50 PM  1000         -   1056501      0.00      0.00  |__vert.x-eventloo
04:09:50 PM  1000         -   1056503      0.00      0.00  |__vert.x-worker-t
04:09:50 PM  1000         -   1056504      1.00      0.00  |__vert.x-eventloo
04:09:50 PM  1000         -   1056509      0.00      0.00  |__cpu-watchdog
04:09:50 PM  1000         -   1056510   4226.00      2.00  |__epollEventLoopG
04:09:50 PM  1000         -   1056511   4351.00      1.00  |__epollEventLoopG
04:09:50 PM  1000         -   1056512     20.00      0.00  |__jitter-watchdog
04:09:50 PM  1000         -   1056513      0.00      0.00  |__vert.x-worker-t
04:09:50 PM  1000         -   1056525      0.00      0.00  |__vert.x-eventloo
04:09:50 PM  1000         -   1056531      4.00      1.00  |__vert.x-eventloo

04:09:50 PM   UID      TGID       TID    %usr %system  %guest   %wait    %CPU   CPU  Command
04:09:51 PM  1000   1056171         -    8.00    9.00    0.00    0.00   17.00    24  java
04:09:51 PM  1000         -   1056171    0.00    0.00    0.00    0.00    0.00    24  |__java
04:09:51 PM  1000         -   1056205    0.00    0.00    0.00    0.00    0.00    26  |__java
04:09:51 PM  1000         -   1056206    0.00    0.00    0.00    0.00    0.00    22  |__GC Thread#0
04:09:51 PM  1000         -   1056207    0.00    0.00    0.00    0.00    0.00    22  |__G1 Main Marker
04:09:51 PM  1000         -   1056208    0.00    0.00    0.00    0.00    0.00    22  |__G1 Conc#0
04:09:51 PM  1000         -   1056209    0.00    0.00    0.00    0.00    0.00    22  |__G1 Refine#0
04:09:51 PM  1000         -   1056210    0.00    0.00    0.00    0.00    0.00    26  |__G1 Service
04:09:51 PM  1000         -   1056212    0.00    0.00    0.00    0.00    0.00    22  |__VM Periodic Tas
04:09:51 PM  1000         -   1056213    0.00    0.00    0.00    0.00    0.00    24  |__VM Thread
04:09:51 PM  1000         -   1056214    0.00    0.00    0.00    0.00    0.00    24  |__Reference Handl
04:09:51 PM  1000         -   1056215    0.00    0.00    0.00    0.00    0.00    24  |__Finalizer
04:09:51 PM  1000         -   1056216    0.00    0.00    0.00    0.00    0.00    24  |__Signal Dispatch
04:09:51 PM  1000         -   1056217    0.00    0.00    0.00    0.00    0.00    24  |__Service Thread
04:09:51 PM  1000         -   1056218    0.00    0.00    0.00    0.00    0.00    22  |__Monitor Deflati
04:09:51 PM  1000         -   1056219    0.00    0.00    0.00    0.00    0.00    22  |__C2 CompilerThre
04:09:51 PM  1000         -   1056220    0.00    0.00    0.00    0.00    0.00    26  |__C1 CompilerThre
04:09:51 PM  1000         -   1056221    0.00    0.00    0.00    0.00    0.00    24  |__Notification Th
04:09:51 PM  1000         -   1056222    0.00    0.00    0.00    0.00    0.00    26  |__Common-Cleaner
04:09:51 PM  1000         -   1056485    0.00    0.00    0.00    0.00    0.00    26  |__vertx-blocked-t
04:09:51 PM  1000         -   1056487    0.00    0.00    0.00    0.00    0.00    26  |__process reaper
04:09:51 PM  1000         -   1056489    0.00    0.00    0.00    0.00    0.00    26  |__vertx-blocked-t
04:09:51 PM  1000         -   1056491    0.00    0.00    0.00    0.00    0.00    26  |__vert.x-eventloo
04:09:51 PM  1000         -   1056492    0.00    0.00    0.00    0.00    0.00    26  |__vert.x-acceptor
04:09:51 PM  1000         -   1056493    0.00    0.00    0.00    0.00    0.00    22  |__GC Thread#1
04:09:51 PM  1000         -   1056494    0.00    0.00    0.00    0.00    0.00    26  |__GC Thread#2
04:09:51 PM  1000         -   1056496    0.00    0.00    0.00    0.00    0.00    22  |__vert.x-worker-t
04:09:51 PM  1000         -   1056497    0.00    0.00    0.00    0.00    0.00    24  |__vert.x-eventloo
04:09:51 PM  1000         -   1056498    0.00    0.00    0.00    0.00    0.00    26  |__vert.x-eventloo
04:09:51 PM  1000         -   1056499    0.00    0.00    0.00    0.00    0.00    26  |__vert.x-eventloo
04:09:51 PM  1000         -   1056500    0.00    0.00    0.00    0.00    0.00    24  |__CLI-scheduled-e
04:09:51 PM  1000         -   1056501    0.00    0.00    0.00    0.00    0.00    26  |__vert.x-eventloo
04:09:51 PM  1000         -   1056503    0.00    0.00    0.00    0.00    0.00    24  |__vert.x-worker-t
04:09:51 PM  1000         -   1056504    0.00    0.00    0.00    0.00    0.00    24  |__vert.x-eventloo
04:09:51 PM  1000         -   1056509    0.00    0.00    0.00    0.00    0.00    24  |__cpu-watchdog
04:09:51 PM  1000         -   1056510    3.00    5.00    0.00    0.00    8.00    24  |__epollEventLoopG
04:09:51 PM  1000         -   1056511    4.00    4.00    0.00    0.00    8.00    26  |__epollEventLoopG
04:09:51 PM  1000         -   1056512    0.00    0.00    0.00    0.00    0.00    22  |__jitter-watchdog
04:09:51 PM  1000         -   1056513    0.00    0.00    0.00    0.00    0.00    22  |__vert.x-worker-t
04:09:51 PM  1000         -   1056525    0.00    0.00    0.00    0.00    0.00    22  |__vert.x-eventloo
04:09:51 PM  1000         -   1056531    0.00    0.00    0.00    0.00    0.00    22  |__vert.x-eventloo

04:09:50 PM   UID      TGID       TID   cswch/s nvcswch/s  Command
04:09:51 PM  1000   1056171         -      0.00      0.00  java
04:09:51 PM  1000         -   1056171      0.00      0.00  |__java
04:09:51 PM  1000         -   1056205      2.00      0.00  |__java
04:09:51 PM  1000         -   1056206      0.00      0.00  |__GC Thread#0
04:09:51 PM  1000         -   1056207      0.00      0.00  |__G1 Main Marker
04:09:51 PM  1000         -   1056208      0.00      0.00  |__G1 Conc#0
04:09:51 PM  1000         -   1056209     15.00      0.00  |__G1 Refine#0
04:09:51 PM  1000         -   1056210      1.00      0.00  |__G1 Service
04:09:51 PM  1000         -   1056212      0.00      0.00  |__VM Periodic Tas
04:09:51 PM  1000         -   1056213      0.00      0.00  |__VM Thread
04:09:51 PM  1000         -   1056214      0.00      0.00  |__Reference Handl
04:09:51 PM  1000         -   1056215      0.00      0.00  |__Finalizer
04:09:51 PM  1000         -   1056216      0.00      0.00  |__Signal Dispatch
04:09:51 PM  1000         -   1056217      1.00      0.00  |__Service Thread
04:09:51 PM  1000         -   1056218      4.00      0.00  |__Monitor Deflati
04:09:51 PM  1000         -   1056219     10.00      0.00  |__C2 CompilerThre
04:09:51 PM  1000         -   1056220      9.00      0.00  |__C1 CompilerThre
04:09:51 PM  1000         -   1056221      0.00      0.00  |__Notification Th
04:09:51 PM  1000         -   1056222      0.00      0.00  |__Common-Cleaner
04:09:51 PM  1000         -   1056485      1.00      0.00  |__vertx-blocked-t
04:09:51 PM  1000         -   1056487      0.00      0.00  |__process reaper
04:09:51 PM  1000         -   1056489      1.00      0.00  |__vertx-blocked-t
04:09:51 PM  1000         -   1056491      3.00      0.00  |__vert.x-eventloo
04:09:51 PM  1000         -   1056492      0.00      0.00  |__vert.x-acceptor
04:09:51 PM  1000         -   1056493      0.00      0.00  |__GC Thread#1
04:09:51 PM  1000         -   1056494      0.00      0.00  |__GC Thread#2
04:09:51 PM  1000         -   1056496      0.00      0.00  |__vert.x-worker-t
04:09:51 PM  1000         -   1056497      0.00      0.00  |__vert.x-eventloo
04:09:51 PM  1000         -   1056498      1.00      0.00  |__vert.x-eventloo
04:09:51 PM  1000         -   1056499      2.00      0.00  |__vert.x-eventloo
04:09:51 PM  1000         -   1056500      0.00      0.00  |__CLI-scheduled-e
04:09:51 PM  1000         -   1056501      0.00      0.00  |__vert.x-eventloo
04:09:51 PM  1000         -   1056503      0.00      0.00  |__vert.x-worker-t
04:09:51 PM  1000         -   1056504      1.00      0.00  |__vert.x-eventloo
04:09:51 PM  1000         -   1056509      1.00      0.00  |__cpu-watchdog
04:09:51 PM  1000         -   1056510   4196.00      1.00  |__epollEventLoopG
04:09:51 PM  1000         -   1056511   4367.00      1.00  |__epollEventLoopG
04:09:51 PM  1000         -   1056512     20.00      0.00  |__jitter-watchdog
04:09:51 PM  1000         -   1056513      0.00      0.00  |__vert.x-worker-t
04:09:51 PM  1000         -   1056525      0.00      0.00  |__vert.x-eventloo
04:09:51 PM  1000         -   1056531      0.00      0.00  |__vert.x-eventloo

04:09:51 PM   UID      TGID       TID    %usr %system  %guest   %wait    %CPU   CPU  Command
04:09:52 PM  1000   1056171         -    9.00    9.00    0.00    0.00   18.00    24  java
04:09:52 PM  1000         -   1056171    0.00    0.00    0.00    0.00    0.00    24  |__java
04:09:52 PM  1000         -   1056205    0.00    0.00    0.00    0.00    0.00    24  |__java
04:09:52 PM  1000         -   1056206    0.00    0.00    0.00    0.00    0.00    22  |__GC Thread#0
04:09:52 PM  1000         -   1056207    0.00    0.00    0.00    0.00    0.00    22  |__G1 Main Marker
04:09:52 PM  1000         -   1056208    0.00    0.00    0.00    0.00    0.00    22  |__G1 Conc#0
04:09:52 PM  1000         -   1056209    0.00    0.00    0.00    0.00    0.00    24  |__G1 Refine#0
04:09:52 PM  1000         -   1056210    0.00    0.00    0.00    0.00    0.00    26  |__G1 Service
04:09:52 PM  1000         -   1056212    0.00    0.00    0.00    0.00    0.00    22  |__VM Periodic Tas
04:09:52 PM  1000         -   1056213    0.00    0.00    0.00    0.00    0.00    24  |__VM Thread
04:09:52 PM  1000         -   1056214    0.00    0.00    0.00    0.00    0.00    24  |__Reference Handl
04:09:52 PM  1000         -   1056215    0.00    0.00    0.00    0.00    0.00    24  |__Finalizer
04:09:52 PM  1000         -   1056216    0.00    0.00    0.00    0.00    0.00    24  |__Signal Dispatch
04:09:52 PM  1000         -   1056217    0.00    0.00    0.00    0.00    0.00    24  |__Service Thread
04:09:52 PM  1000         -   1056218    0.00    0.00    0.00    0.00    0.00    26  |__Monitor Deflati
04:09:52 PM  1000         -   1056219    0.00    0.00    0.00    0.00    0.00    26  |__C2 CompilerThre
04:09:52 PM  1000         -   1056220    0.00    0.00    0.00    0.00    0.00    22  |__C1 CompilerThre
04:09:52 PM  1000         -   1056221    0.00    0.00    0.00    0.00    0.00    24  |__Notification Th
04:09:52 PM  1000         -   1056222    0.00    0.00    0.00    0.00    0.00    26  |__Common-Cleaner
04:09:52 PM  1000         -   1056485    0.00    0.00    0.00    0.00    0.00    26  |__vertx-blocked-t
04:09:52 PM  1000         -   1056487    0.00    0.00    0.00    0.00    0.00    26  |__process reaper
04:09:52 PM  1000         -   1056489    0.00    0.00    0.00    0.00    0.00    26  |__vertx-blocked-t
04:09:52 PM  1000         -   1056491    1.00    0.00    0.00    0.00    1.00    26  |__vert.x-eventloo
04:09:52 PM  1000         -   1056492    0.00    0.00    0.00    0.00    0.00    26  |__vert.x-acceptor
04:09:52 PM  1000         -   1056493    0.00    0.00    0.00    0.00    0.00    22  |__GC Thread#1
04:09:52 PM  1000         -   1056494    0.00    0.00    0.00    0.00    0.00    26  |__GC Thread#2
04:09:52 PM  1000         -   1056496    0.00    0.00    0.00    0.00    0.00    22  |__vert.x-worker-t
04:09:52 PM  1000         -   1056497    0.00    0.00    0.00    0.00    0.00    24  |__vert.x-eventloo
04:09:52 PM  1000         -   1056498    0.00    0.00    0.00    0.00    0.00    26  |__vert.x-eventloo
04:09:52 PM  1000         -   1056499    0.00    0.00    0.00    0.00    0.00    22  |__vert.x-eventloo
04:09:52 PM  1000         -   1056500    0.00    0.00    0.00    0.00    0.00    24  |__CLI-scheduled-e
04:09:52 PM  1000         -   1056501    0.00    0.00    0.00    0.00    0.00    26  |__vert.x-eventloo
04:09:52 PM  1000         -   1056503    0.00    0.00    0.00    0.00    0.00    24  |__vert.x-worker-t
04:09:52 PM  1000         -   1056504    0.00    0.00    0.00    0.00    0.00    24  |__vert.x-eventloo
04:09:52 PM  1000         -   1056509    0.00    0.00    0.00    0.00    0.00    24  |__cpu-watchdog
04:09:52 PM  1000         -   1056510    4.00    4.00    0.00    0.00    8.00    26  |__epollEventLoopG
04:09:52 PM  1000         -   1056511    4.00    3.00    0.00    0.00    7.00    22  |__epollEventLoopG
04:09:52 PM  1000         -   1056512    0.00    0.00    0.00    0.00    0.00    24  |__jitter-watchdog
04:09:52 PM  1000         -   1056513    0.00    0.00    0.00    0.00    0.00    22  |__vert.x-worker-t
04:09:52 PM  1000         -   1056525    0.00    0.00    0.00    0.00    0.00    22  |__vert.x-eventloo
04:09:52 PM  1000         -   1056531    0.00    0.00    0.00    0.00    0.00    22  |__vert.x-eventloo

04:09:51 PM   UID      TGID       TID   cswch/s nvcswch/s  Command
04:09:52 PM  1000   1056171         -      0.00      0.00  java
04:09:52 PM  1000         -   1056171      0.00      0.00  |__java
04:09:52 PM  1000         -   1056205      2.00      0.00  |__java
04:09:52 PM  1000         -   1056206      0.00      0.00  |__GC Thread#0
04:09:52 PM  1000         -   1056207      0.00      0.00  |__G1 Main Marker
04:09:52 PM  1000         -   1056208      0.00      0.00  |__G1 Conc#0
04:09:52 PM  1000         -   1056209     16.00      0.00  |__G1 Refine#0
04:09:52 PM  1000         -   1056210      1.00      0.00  |__G1 Service
04:09:52 PM  1000         -   1056212      0.00      0.00  |__VM Periodic Tas
04:09:52 PM  1000         -   1056213      0.00      0.00  |__VM Thread
04:09:52 PM  1000         -   1056214      0.00      0.00  |__Reference Handl
04:09:52 PM  1000         -   1056215      0.00      0.00  |__Finalizer
04:09:52 PM  1000         -   1056216      0.00      0.00  |__Signal Dispatch
04:09:52 PM  1000         -   1056217      1.00      0.00  |__Service Thread
04:09:52 PM  1000         -   1056218      4.00      0.00  |__Monitor Deflati
04:09:52 PM  1000         -   1056219     11.00      0.00  |__C2 CompilerThre
04:09:52 PM  1000         -   1056220      7.00      0.00  |__C1 CompilerThre
04:09:52 PM  1000         -   1056221      0.00      0.00  |__Notification Th
04:09:52 PM  1000         -   1056222      0.00      0.00  |__Common-Cleaner
04:09:52 PM  1000         -   1056485      1.00      0.00  |__vertx-blocked-t
04:09:52 PM  1000         -   1056487      0.00      0.00  |__process reaper
04:09:52 PM  1000         -   1056489      1.00      0.00  |__vertx-blocked-t
04:09:52 PM  1000         -   1056491      3.00      0.00  |__vert.x-eventloo
04:09:52 PM  1000         -   1056492      0.00      0.00  |__vert.x-acceptor
04:09:52 PM  1000         -   1056493      0.00      0.00  |__GC Thread#1
04:09:52 PM  1000         -   1056494      0.00      0.00  |__GC Thread#2
04:09:52 PM  1000         -   1056496      0.00      0.00  |__vert.x-worker-t
04:09:52 PM  1000         -   1056497      0.00      0.00  |__vert.x-eventloo
04:09:52 PM  1000         -   1056498      1.00      0.00  |__vert.x-eventloo
04:09:52 PM  1000         -   1056499      2.00      0.00  |__vert.x-eventloo
04:09:52 PM  1000         -   1056500      0.00      0.00  |__CLI-scheduled-e
04:09:52 PM  1000         -   1056501      0.00      0.00  |__vert.x-eventloo
04:09:52 PM  1000         -   1056503      0.00      0.00  |__vert.x-worker-t
04:09:52 PM  1000         -   1056504      5.00      0.00  |__vert.x-eventloo
04:09:52 PM  1000         -   1056509      0.00      0.00  |__cpu-watchdog
04:09:52 PM  1000         -   1056510   4200.00      0.00  |__epollEventLoopG
04:09:52 PM  1000         -   1056511   4203.00      0.00  |__epollEventLoopG
04:09:52 PM  1000         -   1056512     20.00      0.00  |__jitter-watchdog
04:09:52 PM  1000         -   1056513      0.00      0.00  |__vert.x-worker-t
04:09:52 PM  1000         -   1056525      0.00      0.00  |__vert.x-eventloo
04:09:52 PM  1000         -   1056531      0.00      0.00  |__vert.x-eventloo

04:09:52 PM   UID      TGID       TID    %usr %system  %guest   %wait    %CPU   CPU  Command
04:09:53 PM  1000   1056171         -    9.00    8.00    0.00    0.00   17.00    24  java
04:09:53 PM  1000         -   1056171    0.00    0.00    0.00    0.00    0.00    24  |__java
04:09:53 PM  1000         -   1056205    0.00    0.00    0.00    0.00    0.00    24  |__java
04:09:53 PM  1000         -   1056206    0.00    0.00    0.00    0.00    0.00    22  |__GC Thread#0
04:09:53 PM  1000         -   1056207    0.00    0.00    0.00    0.00    0.00    22  |__G1 Main Marker
04:09:53 PM  1000         -   1056208    0.00    0.00    0.00    0.00    0.00    22  |__G1 Conc#0
04:09:53 PM  1000         -   1056209    0.00    0.00    0.00    0.00    0.00    22  |__G1 Refine#0
04:09:53 PM  1000         -   1056210    0.00    0.00    0.00    0.00    0.00    26  |__G1 Service
04:09:53 PM  1000         -   1056212    0.00    0.00    0.00    0.00    0.00    22  |__VM Periodic Tas
04:09:53 PM  1000         -   1056213    0.00    0.00    0.00    0.00    0.00    24  |__VM Thread
04:09:53 PM  1000         -   1056214    0.00    0.00    0.00    0.00    0.00    24  |__Reference Handl
04:09:53 PM  1000         -   1056215    0.00    0.00    0.00    0.00    0.00    24  |__Finalizer
04:09:53 PM  1000         -   1056216    0.00    0.00    0.00    0.00    0.00    24  |__Signal Dispatch
04:09:53 PM  1000         -   1056217    0.00    0.00    0.00    0.00    0.00    24  |__Service Thread
04:09:53 PM  1000         -   1056218    0.00    0.00    0.00    0.00    0.00    22  |__Monitor Deflati
04:09:53 PM  1000         -   1056219    0.00    0.00    0.00    0.00    0.00    22  |__C2 CompilerThre
04:09:53 PM  1000         -   1056220    1.00    0.00    0.00    0.00    1.00    22  |__C1 CompilerThre
04:09:53 PM  1000         -   1056221    0.00    0.00    0.00    0.00    0.00    24  |__Notification Th
04:09:53 PM  1000         -   1056222    0.00    0.00    0.00    0.00    0.00    26  |__Common-Cleaner
04:09:53 PM  1000         -   1056485    0.00    0.00    0.00    0.00    0.00    26  |__vertx-blocked-t
04:09:53 PM  1000         -   1056487    0.00    0.00    0.00    0.00    0.00    26  |__process reaper
04:09:53 PM  1000         -   1056489    0.00    0.00    0.00    0.00    0.00    26  |__vertx-blocked-t
04:09:53 PM  1000         -   1056491    0.00    0.00    0.00    0.00    0.00    26  |__vert.x-eventloo
04:09:53 PM  1000         -   1056492    0.00    0.00    0.00    0.00    0.00    26  |__vert.x-acceptor
04:09:53 PM  1000         -   1056493    0.00    0.00    0.00    0.00    0.00    22  |__GC Thread#1
04:09:53 PM  1000         -   1056494    0.00    0.00    0.00    0.00    0.00    26  |__GC Thread#2
04:09:53 PM  1000         -   1056496    0.00    0.00    0.00    0.00    0.00    22  |__vert.x-worker-t
04:09:53 PM  1000         -   1056497    0.00    0.00    0.00    0.00    0.00    24  |__vert.x-eventloo
04:09:53 PM  1000         -   1056498    0.00    0.00    0.00    0.00    0.00    26  |__vert.x-eventloo
04:09:53 PM  1000         -   1056499    1.00    0.00    0.00    0.00    1.00    26  |__vert.x-eventloo
04:09:53 PM  1000         -   1056500    0.00    0.00    0.00    0.00    0.00    24  |__CLI-scheduled-e
04:09:53 PM  1000         -   1056501    0.00    0.00    0.00    0.00    0.00    26  |__vert.x-eventloo
04:09:53 PM  1000         -   1056503    0.00    0.00    0.00    0.00    0.00    24  |__vert.x-worker-t
04:09:53 PM  1000         -   1056504    0.00    0.00    0.00    0.00    0.00    24  |__vert.x-eventloo
04:09:53 PM  1000         -   1056509    0.00    0.00    0.00    0.00    0.00    24  |__cpu-watchdog
04:09:53 PM  1000         -   1056510    5.00    3.00    0.00    1.00    8.00    24  |__epollEventLoopG
04:09:53 PM  1000         -   1056511    4.00    5.00    0.00    0.00    9.00    22  |__epollEventLoopG
04:09:53 PM  1000         -   1056512    0.00    0.00    0.00    0.00    0.00    22  |__jitter-watchdog
04:09:53 PM  1000         -   1056513    0.00    0.00    0.00    0.00    0.00    22  |__vert.x-worker-t
04:09:53 PM  1000         -   1056525    0.00    0.00    0.00    0.00    0.00    22  |__vert.x-eventloo
04:09:53 PM  1000         -   1056531    0.00    0.00    0.00    0.00    0.00    22  |__vert.x-eventloo

04:09:52 PM   UID      TGID       TID   cswch/s nvcswch/s  Command
04:09:53 PM  1000   1056171         -      0.00      0.00  java
04:09:53 PM  1000         -   1056171      0.00      0.00  |__java
04:09:53 PM  1000         -   1056205      2.00      0.00  |__java
04:09:53 PM  1000         -   1056206      0.00      0.00  |__GC Thread#0
04:09:53 PM  1000         -   1056207      0.00      0.00  |__G1 Main Marker
04:09:53 PM  1000         -   1056208      0.00      0.00  |__G1 Conc#0
04:09:53 PM  1000         -   1056209     17.00      0.00  |__G1 Refine#0
04:09:53 PM  1000         -   1056210      1.00      0.00  |__G1 Service
04:09:53 PM  1000         -   1056212      0.00      0.00  |__VM Periodic Tas
04:09:53 PM  1000         -   1056213      0.00      0.00  |__VM Thread
04:09:53 PM  1000         -   1056214      0.00      0.00  |__Reference Handl
04:09:53 PM  1000         -   1056215      0.00      0.00  |__Finalizer
04:09:53 PM  1000         -   1056216      0.00      0.00  |__Signal Dispatch
04:09:53 PM  1000         -   1056217      1.00      0.00  |__Service Thread
04:09:53 PM  1000         -   1056218      4.00      0.00  |__Monitor Deflati
04:09:53 PM  1000         -   1056219      8.00      0.00  |__C2 CompilerThre
04:09:53 PM  1000         -   1056220      7.00      1.00  |__C1 CompilerThre
04:09:53 PM  1000         -   1056221      0.00      0.00  |__Notification Th
04:09:53 PM  1000         -   1056222      0.00      0.00  |__Common-Cleaner
04:09:53 PM  1000         -   1056485      1.00      0.00  |__vertx-blocked-t
04:09:53 PM  1000         -   1056487      0.00      0.00  |__process reaper
04:09:53 PM  1000         -   1056489      1.00      0.00  |__vertx-blocked-t
04:09:53 PM  1000         -   1056491      4.00      0.00  |__vert.x-eventloo
04:09:53 PM  1000         -   1056492      0.00      0.00  |__vert.x-acceptor
04:09:53 PM  1000         -   1056493      0.00      0.00  |__GC Thread#1
04:09:53 PM  1000         -   1056494      0.00      0.00  |__GC Thread#2
04:09:53 PM  1000         -   1056496      0.00      0.00  |__vert.x-worker-t
04:09:53 PM  1000         -   1056497      0.00      0.00  |__vert.x-eventloo
04:09:53 PM  1000         -   1056498      1.00      0.00  |__vert.x-eventloo
04:09:53 PM  1000         -   1056499      2.00      0.00  |__vert.x-eventloo
04:09:53 PM  1000         -   1056500      0.00      0.00  |__CLI-scheduled-e
04:09:53 PM  1000         -   1056501      0.00      0.00  |__vert.x-eventloo
04:09:53 PM  1000         -   1056503      0.00      0.00  |__vert.x-worker-t
04:09:53 PM  1000         -   1056504      1.00      0.00  |__vert.x-eventloo
04:09:53 PM  1000         -   1056509      0.00      0.00  |__cpu-watchdog
04:09:53 PM  1000         -   1056510   4194.00      0.00  |__epollEventLoopG
04:09:53 PM  1000         -   1056511   4423.00      0.00  |__epollEventLoopG
04:09:53 PM  1000         -   1056512     20.00      0.00  |__jitter-watchdog
04:09:53 PM  1000         -   1056513      0.00      0.00  |__vert.x-worker-t
04:09:53 PM  1000         -   1056525      0.00      0.00  |__vert.x-eventloo
04:09:53 PM  1000         -   1056531      0.00      0.00  |__vert.x-eventloo

04:09:53 PM   UID      TGID       TID    %usr %system  %guest   %wait    %CPU   CPU  Command
04:09:54 PM  1000   1056171         -    8.00    9.00    0.00    0.00   17.00    24  java
04:09:54 PM  1000         -   1056171    0.00    0.00    0.00    0.00    0.00    24  |__java
04:09:54 PM  1000         -   1056205    0.00    0.00    0.00    0.00    0.00    22  |__java
04:09:54 PM  1000         -   1056206    0.00    0.00    0.00    0.00    0.00    22  |__GC Thread#0
04:09:54 PM  1000         -   1056207    0.00    0.00    0.00    0.00    0.00    22  |__G1 Main Marker
04:09:54 PM  1000         -   1056208    0.00    0.00    0.00    0.00    0.00    22  |__G1 Conc#0
04:09:54 PM  1000         -   1056209    0.00    0.00    0.00    0.00    0.00    22  |__G1 Refine#0
04:09:54 PM  1000         -   1056210    0.00    0.00    0.00    0.00    0.00    26  |__G1 Service
04:09:54 PM  1000         -   1056212    0.00    0.00    0.00    0.00    0.00    22  |__VM Periodic Tas
04:09:54 PM  1000         -   1056213    0.00    0.00    0.00    0.00    0.00    24  |__VM Thread
04:09:54 PM  1000         -   1056214    0.00    0.00    0.00    0.00    0.00    24  |__Reference Handl
04:09:54 PM  1000         -   1056215    0.00    0.00    0.00    0.00    0.00    24  |__Finalizer
04:09:54 PM  1000         -   1056216    0.00    0.00    0.00    0.00    0.00    24  |__Signal Dispatch
04:09:54 PM  1000         -   1056217    0.00    0.00    0.00    0.00    0.00    24  |__Service Thread
04:09:54 PM  1000         -   1056218    0.00    0.00    0.00    0.00    0.00    22  |__Monitor Deflati
04:09:54 PM  1000         -   1056219    0.00    0.00    0.00    0.00    0.00    22  |__C2 CompilerThre
04:09:54 PM  1000         -   1056220    0.00    0.00    0.00    0.00    0.00    26  |__C1 CompilerThre
04:09:54 PM  1000         -   1056221    0.00    0.00    0.00    0.00    0.00    24  |__Notification Th
04:09:54 PM  1000         -   1056222    0.00    0.00    0.00    0.00    0.00    26  |__Common-Cleaner
04:09:54 PM  1000         -   1056485    0.00    0.00    0.00    0.00    0.00    26  |__vertx-blocked-t
04:09:54 PM  1000         -   1056487    0.00    0.00    0.00    0.00    0.00    26  |__process reaper
04:09:54 PM  1000         -   1056489    0.00    0.00    0.00    0.00    0.00    26  |__vertx-blocked-t
04:09:54 PM  1000         -   1056491    0.00    0.00    0.00    0.00    0.00    22  |__vert.x-eventloo
04:09:54 PM  1000         -   1056492    0.00    0.00    0.00    0.00    0.00    26  |__vert.x-acceptor
04:09:54 PM  1000         -   1056493    0.00    0.00    0.00    0.00    0.00    22  |__GC Thread#1
04:09:54 PM  1000         -   1056494    0.00    0.00    0.00    0.00    0.00    26  |__GC Thread#2
04:09:54 PM  1000         -   1056496    0.00    0.00    0.00    0.00    0.00    22  |__vert.x-worker-t
04:09:54 PM  1000         -   1056497    0.00    0.00    0.00    0.00    0.00    24  |__vert.x-eventloo
04:09:54 PM  1000         -   1056498    0.00    0.00    0.00    0.00    0.00    26  |__vert.x-eventloo
04:09:54 PM  1000         -   1056499    0.00    0.00    0.00    0.00    0.00    24  |__vert.x-eventloo
04:09:54 PM  1000         -   1056500    0.00    0.00    0.00    0.00    0.00    24  |__CLI-scheduled-e
04:09:54 PM  1000         -   1056501    0.00    0.00    0.00    0.00    0.00    26  |__vert.x-eventloo
04:09:54 PM  1000         -   1056503    0.00    0.00    0.00    0.00    0.00    24  |__vert.x-worker-t
04:09:54 PM  1000         -   1056504    0.00    0.00    0.00    0.00    0.00    24  |__vert.x-eventloo
04:09:54 PM  1000         -   1056509    0.00    0.00    0.00    0.00    0.00    24  |__cpu-watchdog
04:09:54 PM  1000         -   1056510    3.00    5.00    0.00    0.00    8.00    24  |__epollEventLoopG
04:09:54 PM  1000         -   1056511    4.00    4.00    0.00    0.00    8.00    22  |__epollEventLoopG
04:09:54 PM  1000         -   1056512    0.00    0.00    0.00    0.00    0.00    26  |__jitter-watchdog
04:09:54 PM  1000         -   1056513    0.00    0.00    0.00    0.00    0.00    22  |__vert.x-worker-t
04:09:54 PM  1000         -   1056525    0.00    0.00    0.00    0.00    0.00    22  |__vert.x-eventloo
04:09:54 PM  1000         -   1056531    0.00    0.00    0.00    0.00    0.00    22  |__vert.x-eventloo

04:09:53 PM   UID      TGID       TID   cswch/s nvcswch/s  Command
04:09:54 PM  1000   1056171         -      0.00      0.00  java
04:09:54 PM  1000         -   1056171      0.00      0.00  |__java
04:09:54 PM  1000         -   1056205      2.00      0.00  |__java
04:09:54 PM  1000         -   1056206      0.00      0.00  |__GC Thread#0
04:09:54 PM  1000         -   1056207      0.00      0.00  |__G1 Main Marker
04:09:54 PM  1000         -   1056208      0.00      0.00  |__G1 Conc#0
04:09:54 PM  1000         -   1056209     18.00      0.00  |__G1 Refine#0
04:09:54 PM  1000         -   1056210      1.00      0.00  |__G1 Service
04:09:54 PM  1000         -   1056212      1.00      0.00  |__VM Periodic Tas
04:09:54 PM  1000         -   1056213      0.00      0.00  |__VM Thread
04:09:54 PM  1000         -   1056214      0.00      0.00  |__Reference Handl
04:09:54 PM  1000         -   1056215      0.00      0.00  |__Finalizer
04:09:54 PM  1000         -   1056216      0.00      0.00  |__Signal Dispatch
04:09:54 PM  1000         -   1056217      1.00      0.00  |__Service Thread
04:09:54 PM  1000         -   1056218      4.00      0.00  |__Monitor Deflati
04:09:54 PM  1000         -   1056219      5.00      0.00  |__C2 CompilerThre
04:09:54 PM  1000         -   1056220      5.00      0.00  |__C1 CompilerThre
04:09:54 PM  1000         -   1056221      0.00      0.00  |__Notification Th
04:09:54 PM  1000         -   1056222      0.00      0.00  |__Common-Cleaner
04:09:54 PM  1000         -   1056485      1.00      0.00  |__vertx-blocked-t
04:09:54 PM  1000         -   1056487      0.00      0.00  |__process reaper
04:09:54 PM  1000         -   1056489      1.00      0.00  |__vertx-blocked-t
04:09:54 PM  1000         -   1056491      3.00      0.00  |__vert.x-eventloo
04:09:54 PM  1000         -   1056492      0.00      0.00  |__vert.x-acceptor
04:09:54 PM  1000         -   1056493      0.00      0.00  |__GC Thread#1
04:09:54 PM  1000         -   1056494      0.00      0.00  |__GC Thread#2
04:09:54 PM  1000         -   1056496      0.00      0.00  |__vert.x-worker-t
04:09:54 PM  1000         -   1056497      0.00      0.00  |__vert.x-eventloo
04:09:54 PM  1000         -   1056498      1.00      0.00  |__vert.x-eventloo
04:09:54 PM  1000         -   1056499      2.00      0.00  |__vert.x-eventloo
04:09:54 PM  1000         -   1056500      0.00      0.00  |__CLI-scheduled-e
04:09:54 PM  1000         -   1056501      0.00      0.00  |__vert.x-eventloo
04:09:54 PM  1000         -   1056503      0.00      0.00  |__vert.x-worker-t
04:09:54 PM  1000         -   1056504      3.00      0.00  |__vert.x-eventloo
04:09:54 PM  1000         -   1056509      0.00      0.00  |__cpu-watchdog
04:09:54 PM  1000         -   1056510   3963.00      1.00  |__epollEventLoopG
04:09:54 PM  1000         -   1056511   4403.00      0.00  |__epollEventLoopG
04:09:54 PM  1000         -   1056512     20.00      0.00  |__jitter-watchdog
04:09:54 PM  1000         -   1056513      0.00      0.00  |__vert.x-worker-t
04:09:54 PM  1000         -   1056525      0.00      0.00  |__vert.x-eventloo
04:09:54 PM  1000         -   1056531      0.00      0.00  |__vert.x-eventloo

04:09:54 PM   UID      TGID       TID    %usr %system  %guest   %wait    %CPU   CPU  Command
04:09:55 PM  1000   1056171         -    8.00    9.00    0.00    0.00   17.00    24  java
04:09:55 PM  1000         -   1056171    0.00    0.00    0.00    0.00    0.00    24  |__java
04:09:55 PM  1000         -   1056205    0.00    0.00    0.00    0.00    0.00    24  |__java
04:09:55 PM  1000         -   1056206    0.00    0.00    0.00    0.00    0.00    22  |__GC Thread#0
04:09:55 PM  1000         -   1056207    0.00    0.00    0.00    0.00    0.00    22  |__G1 Main Marker
04:09:55 PM  1000         -   1056208    0.00    0.00    0.00    0.00    0.00    22  |__G1 Conc#0
04:09:55 PM  1000         -   1056209    0.00    0.00    0.00    0.00    0.00    22  |__G1 Refine#0
04:09:55 PM  1000         -   1056210    0.00    0.00    0.00    0.00    0.00    26  |__G1 Service
04:09:55 PM  1000         -   1056212    0.00    0.00    0.00    0.00    0.00    22  |__VM Periodic Tas
04:09:55 PM  1000         -   1056213    0.00    0.00    0.00    0.00    0.00    24  |__VM Thread
04:09:55 PM  1000         -   1056214    0.00    0.00    0.00    0.00    0.00    24  |__Reference Handl
04:09:55 PM  1000         -   1056215    0.00    0.00    0.00    0.00    0.00    24  |__Finalizer
04:09:55 PM  1000         -   1056216    0.00    0.00    0.00    0.00    0.00    24  |__Signal Dispatch
04:09:55 PM  1000         -   1056217    0.00    0.00    0.00    0.00    0.00    24  |__Service Thread
04:09:55 PM  1000         -   1056218    0.00    0.00    0.00    0.00    0.00    22  |__Monitor Deflati
04:09:55 PM  1000         -   1056219    1.00    0.00    0.00    0.00    1.00    24  |__C2 CompilerThre
04:09:55 PM  1000         -   1056220    1.00    0.00    0.00    0.00    1.00    22  |__C1 CompilerThre
04:09:55 PM  1000         -   1056221    0.00    0.00    0.00    0.00    0.00    24  |__Notification Th
04:09:55 PM  1000         -   1056222    0.00    0.00    0.00    0.00    0.00    26  |__Common-Cleaner
04:09:55 PM  1000         -   1056485    0.00    0.00    0.00    0.00    0.00    26  |__vertx-blocked-t
04:09:55 PM  1000         -   1056487    0.00    0.00    0.00    0.00    0.00    26  |__process reaper
04:09:55 PM  1000         -   1056489    0.00    0.00    0.00    0.00    0.00    26  |__vertx-blocked-t
04:09:55 PM  1000         -   1056491    0.00    0.00    0.00    0.00    0.00    26  |__vert.x-eventloo
04:09:55 PM  1000         -   1056492    0.00    0.00    0.00    0.00    0.00    26  |__vert.x-acceptor
04:09:55 PM  1000         -   1056493    0.00    0.00    0.00    0.00    0.00    22  |__GC Thread#1
04:09:55 PM  1000         -   1056494    0.00    0.00    0.00    0.00    0.00    26  |__GC Thread#2
04:09:55 PM  1000         -   1056496    0.00    0.00    0.00    0.00    0.00    22  |__vert.x-worker-t
04:09:55 PM  1000         -   1056497    0.00    0.00    0.00    0.00    0.00    24  |__vert.x-eventloo
04:09:55 PM  1000         -   1056498    0.00    0.00    0.00    0.00    0.00    26  |__vert.x-eventloo
04:09:55 PM  1000         -   1056499    0.00    0.00    0.00    0.00    0.00    24  |__vert.x-eventloo
04:09:55 PM  1000         -   1056500    0.00    0.00    0.00    0.00    0.00    24  |__CLI-scheduled-e
04:09:55 PM  1000         -   1056501    0.00    0.00    0.00    0.00    0.00    26  |__vert.x-eventloo
04:09:55 PM  1000         -   1056503    0.00    0.00    0.00    0.00    0.00    24  |__vert.x-worker-t
04:09:55 PM  1000         -   1056504    0.00    0.00    0.00    0.00    0.00    24  |__vert.x-eventloo
04:09:55 PM  1000         -   1056509    0.00    0.00    0.00    0.00    0.00    24  |__cpu-watchdog
04:09:55 PM  1000         -   1056510    4.00    4.00    0.00    0.00    8.00    24  |__epollEventLoopG
04:09:55 PM  1000         -   1056511    4.00    4.00    0.00    1.00    8.00    26  |__epollEventLoopG
04:09:55 PM  1000         -   1056512    0.00    0.00    0.00    0.00    0.00    26  |__jitter-watchdog
04:09:55 PM  1000         -   1056513    0.00    0.00    0.00    0.00    0.00    22  |__vert.x-worker-t
04:09:55 PM  1000         -   1056525    0.00    0.00    0.00    0.00    0.00    22  |__vert.x-eventloo
04:09:55 PM  1000         -   1056531    0.00    0.00    0.00    0.00    0.00    22  |__vert.x-eventloo

04:09:54 PM   UID      TGID       TID   cswch/s nvcswch/s  Command
04:09:55 PM  1000   1056171         -      0.00      0.00  java
04:09:55 PM  1000         -   1056171      0.00      0.00  |__java
04:09:55 PM  1000         -   1056205      2.00      0.00  |__java
04:09:55 PM  1000         -   1056206      0.00      0.00  |__GC Thread#0
04:09:55 PM  1000         -   1056207      0.00      0.00  |__G1 Main Marker
04:09:55 PM  1000         -   1056208      0.00      0.00  |__G1 Conc#0
04:09:55 PM  1000         -   1056209     19.00      0.00  |__G1 Refine#0
04:09:55 PM  1000         -   1056210      1.00      0.00  |__G1 Service
04:09:55 PM  1000         -   1056212      0.00      0.00  |__VM Periodic Tas
04:09:55 PM  1000         -   1056213      0.00      0.00  |__VM Thread
04:09:55 PM  1000         -   1056214      0.00      0.00  |__Reference Handl
04:09:55 PM  1000         -   1056215      0.00      0.00  |__Finalizer
04:09:55 PM  1000         -   1056216      0.00      0.00  |__Signal Dispatch
04:09:55 PM  1000         -   1056217      1.00      0.00  |__Service Thread
04:09:55 PM  1000         -   1056218      4.00      0.00  |__Monitor Deflati
04:09:55 PM  1000         -   1056219      7.00      0.00  |__C2 CompilerThre
04:09:55 PM  1000         -   1056220      6.00      0.00  |__C1 CompilerThre
04:09:55 PM  1000         -   1056221      0.00      0.00  |__Notification Th
04:09:55 PM  1000         -   1056222      0.00      0.00  |__Common-Cleaner
04:09:55 PM  1000         -   1056485      1.00      0.00  |__vertx-blocked-t
04:09:55 PM  1000         -   1056487      0.00      0.00  |__process reaper
04:09:55 PM  1000         -   1056489      1.00      0.00  |__vertx-blocked-t
04:09:55 PM  1000         -   1056491      3.00      0.00  |__vert.x-eventloo
04:09:55 PM  1000         -   1056492      0.00      0.00  |__vert.x-acceptor
04:09:55 PM  1000         -   1056493      0.00      0.00  |__GC Thread#1
04:09:55 PM  1000         -   1056494      0.00      0.00  |__GC Thread#2
04:09:55 PM  1000         -   1056496      0.00      0.00  |__vert.x-worker-t
04:09:55 PM  1000         -   1056497      0.00      0.00  |__vert.x-eventloo
04:09:55 PM  1000         -   1056498      1.00      0.00  |__vert.x-eventloo
04:09:55 PM  1000         -   1056499      3.00      0.00  |__vert.x-eventloo
04:09:55 PM  1000         -   1056500      0.00      0.00  |__CLI-scheduled-e
04:09:55 PM  1000         -   1056501      0.00      0.00  |__vert.x-eventloo
04:09:55 PM  1000         -   1056503      0.00      0.00  |__vert.x-worker-t
04:09:55 PM  1000         -   1056504      1.00      1.00  |__vert.x-eventloo
04:09:55 PM  1000         -   1056509      0.00      0.00  |__cpu-watchdog
04:09:55 PM  1000         -   1056510   4283.00      2.00  |__epollEventLoopG
04:09:55 PM  1000         -   1056511   4231.00      0.00  |__epollEventLoopG
04:09:55 PM  1000         -   1056512     20.00      0.00  |__jitter-watchdog
04:09:55 PM  1000         -   1056513      0.00      0.00  |__vert.x-worker-t
04:09:55 PM  1000         -   1056525      0.00      0.00  |__vert.x-eventloo
04:09:55 PM  1000         -   1056531      0.00      0.00  |__vert.x-eventloo

04:09:55 PM   UID      TGID       TID    %usr %system  %guest   %wait    %CPU   CPU  Command
04:09:56 PM  1000   1056171         -   10.00    7.00    0.00    0.00   17.00    24  java
04:09:56 PM  1000         -   1056171    0.00    0.00    0.00    0.00    0.00    24  |__java
04:09:56 PM  1000         -   1056205    0.00    0.00    0.00    0.00    0.00    24  |__java
04:09:56 PM  1000         -   1056206    0.00    0.00    0.00    0.00    0.00    22  |__GC Thread#0
04:09:56 PM  1000         -   1056207    0.00    0.00    0.00    0.00    0.00    22  |__G1 Main Marker
04:09:56 PM  1000         -   1056208    0.00    0.00    0.00    0.00    0.00    22  |__G1 Conc#0
04:09:56 PM  1000         -   1056209    0.00    0.00    0.00    0.00    0.00    24  |__G1 Refine#0
04:09:56 PM  1000         -   1056210    0.00    0.00    0.00    0.00    0.00    26  |__G1 Service
04:09:56 PM  1000         -   1056212    0.00    0.00    0.00    0.00    0.00    22  |__VM Periodic Tas
04:09:56 PM  1000         -   1056213    0.00    0.00    0.00    0.00    0.00    24  |__VM Thread
04:09:56 PM  1000         -   1056214    0.00    0.00    0.00    0.00    0.00    24  |__Reference Handl
04:09:56 PM  1000         -   1056215    0.00    0.00    0.00    0.00    0.00    24  |__Finalizer
04:09:56 PM  1000         -   1056216    0.00    0.00    0.00    0.00    0.00    24  |__Signal Dispatch
04:09:56 PM  1000         -   1056217    0.00    0.00    0.00    0.00    0.00    24  |__Service Thread
04:09:56 PM  1000         -   1056218    0.00    0.00    0.00    0.00    0.00    22  |__Monitor Deflati
04:09:56 PM  1000         -   1056219    0.00    0.00    0.00    1.00    0.00    26  |__C2 CompilerThre
04:09:56 PM  1000         -   1056220    0.00    0.00    0.00    0.00    0.00    22  |__C1 CompilerThre
04:09:56 PM  1000         -   1056221    0.00    0.00    0.00    0.00    0.00    24  |__Notification Th
04:09:56 PM  1000         -   1056222    0.00    0.00    0.00    0.00    0.00    26  |__Common-Cleaner
04:09:56 PM  1000         -   1056485    0.00    0.00    0.00    0.00    0.00    26  |__vertx-blocked-t
04:09:56 PM  1000         -   1056487    0.00    0.00    0.00    0.00    0.00    26  |__process reaper
04:09:56 PM  1000         -   1056489    0.00    0.00    0.00    0.00    0.00    26  |__vertx-blocked-t
04:09:56 PM  1000         -   1056491    0.00    0.00    0.00    0.00    0.00    22  |__vert.x-eventloo
04:09:56 PM  1000         -   1056492    0.00    0.00    0.00    0.00    0.00    26  |__vert.x-acceptor
04:09:56 PM  1000         -   1056493    0.00    0.00    0.00    0.00    0.00    22  |__GC Thread#1
04:09:56 PM  1000         -   1056494    0.00    0.00    0.00    0.00    0.00    26  |__GC Thread#2
04:09:56 PM  1000         -   1056496    0.00    0.00    0.00    0.00    0.00    22  |__vert.x-worker-t
04:09:56 PM  1000         -   1056497    0.00    0.00    0.00    0.00    0.00    24  |__vert.x-eventloo
04:09:56 PM  1000         -   1056498    0.00    0.00    0.00    0.00    0.00    26  |__vert.x-eventloo
04:09:56 PM  1000         -   1056499    0.00    0.00    0.00    0.00    0.00    26  |__vert.x-eventloo
04:09:56 PM  1000         -   1056500    0.00    0.00    0.00    0.00    0.00    24  |__CLI-scheduled-e
04:09:56 PM  1000         -   1056501    0.00    0.00    0.00    0.00    0.00    26  |__vert.x-eventloo
04:09:56 PM  1000         -   1056503    0.00    0.00    0.00    0.00    0.00    24  |__vert.x-worker-t
04:09:56 PM  1000         -   1056504    0.00    0.00    0.00    0.00    0.00    24  |__vert.x-eventloo
04:09:56 PM  1000         -   1056509    0.00    0.00    0.00    0.00    0.00    24  |__cpu-watchdog
04:09:56 PM  1000         -   1056510    5.00    3.00    0.00    0.00    8.00    22  |__epollEventLoopG
04:09:56 PM  1000         -   1056511    4.00    4.00    0.00    0.00    8.00    24  |__epollEventLoopG
04:09:56 PM  1000         -   1056512    0.00    0.00    0.00    0.00    0.00    22  |__jitter-watchdog
04:09:56 PM  1000         -   1056513    0.00    0.00    0.00    0.00    0.00    22  |__vert.x-worker-t
04:09:56 PM  1000         -   1056525    0.00    0.00    0.00    0.00    0.00    22  |__vert.x-eventloo
04:09:56 PM  1000         -   1056531    0.00    0.00    0.00    0.00    0.00    22  |__vert.x-eventloo

04:09:55 PM   UID      TGID       TID   cswch/s nvcswch/s  Command
04:09:56 PM  1000   1056171         -      0.00      0.00  java
04:09:56 PM  1000         -   1056171      0.00      0.00  |__java
04:09:56 PM  1000         -   1056205      2.00      0.00  |__java
04:09:56 PM  1000         -   1056206      0.00      0.00  |__GC Thread#0
04:09:56 PM  1000         -   1056207      0.00      0.00  |__G1 Main Marker
04:09:56 PM  1000         -   1056208      0.00      0.00  |__G1 Conc#0
04:09:56 PM  1000         -   1056209     20.00      0.00  |__G1 Refine#0
04:09:56 PM  1000         -   1056210      1.00      0.00  |__G1 Service
04:09:56 PM  1000         -   1056212      0.00      0.00  |__VM Periodic Tas
04:09:56 PM  1000         -   1056213      0.00      0.00  |__VM Thread
04:09:56 PM  1000         -   1056214      0.00      0.00  |__Reference Handl
04:09:56 PM  1000         -   1056215      0.00      0.00  |__Finalizer
04:09:56 PM  1000         -   1056216      0.00      0.00  |__Signal Dispatch
04:09:56 PM  1000         -   1056217      1.00      0.00  |__Service Thread
04:09:56 PM  1000         -   1056218      4.00      0.00  |__Monitor Deflati
04:09:56 PM  1000         -   1056219     15.00      0.00  |__C2 CompilerThre
04:09:56 PM  1000         -   1056220     16.00      0.00  |__C1 CompilerThre
04:09:56 PM  1000         -   1056221      0.00      0.00  |__Notification Th
04:09:56 PM  1000         -   1056222      0.00      0.00  |__Common-Cleaner
04:09:56 PM  1000         -   1056485      1.00      0.00  |__vertx-blocked-t
04:09:56 PM  1000         -   1056487      0.00      0.00  |__process reaper
04:09:56 PM  1000         -   1056489      1.00      0.00  |__vertx-blocked-t
04:09:56 PM  1000         -   1056491      7.00      0.00  |__vert.x-eventloo
04:09:56 PM  1000         -   1056492      0.00      0.00  |__vert.x-acceptor
04:09:56 PM  1000         -   1056493      0.00      0.00  |__GC Thread#1
04:09:56 PM  1000         -   1056494      0.00      0.00  |__GC Thread#2
04:09:56 PM  1000         -   1056496      0.00      0.00  |__vert.x-worker-t
04:09:56 PM  1000         -   1056497      0.00      0.00  |__vert.x-eventloo
04:09:56 PM  1000         -   1056498      1.00      0.00  |__vert.x-eventloo
04:09:56 PM  1000         -   1056499      2.00      0.00  |__vert.x-eventloo
04:09:56 PM  1000         -   1056500      0.00      0.00  |__CLI-scheduled-e
04:09:56 PM  1000         -   1056501      0.00      0.00  |__vert.x-eventloo
04:09:56 PM  1000         -   1056503      0.00      0.00  |__vert.x-worker-t
04:09:56 PM  1000         -   1056504      2.00      0.00  |__vert.x-eventloo
04:09:56 PM  1000         -   1056509      1.00      0.00  |__cpu-watchdog
04:09:56 PM  1000         -   1056510   4255.00      2.00  |__epollEventLoopG
04:09:56 PM  1000         -   1056511   4207.00      2.00  |__epollEventLoopG
04:09:56 PM  1000         -   1056512     20.00      0.00  |__jitter-watchdog
04:09:56 PM  1000         -   1056513      0.00      0.00  |__vert.x-worker-t
04:09:56 PM  1000         -   1056525      0.00      0.00  |__vert.x-eventloo
04:09:56 PM  1000         -   1056531      0.00      0.00  |__vert.x-eventloo

04:09:56 PM   UID      TGID       TID    %usr %system  %guest   %wait    %CPU   CPU  Command
04:09:57 PM  1000   1056171         -    9.00    9.00    0.00    0.00   18.00    24  java
04:09:57 PM  1000         -   1056171    0.00    0.00    0.00    0.00    0.00    24  |__java
04:09:57 PM  1000         -   1056205    0.00    0.00    0.00    0.00    0.00    24  |__java
04:09:57 PM  1000         -   1056206    0.00    0.00    0.00    0.00    0.00    22  |__GC Thread#0
04:09:57 PM  1000         -   1056207    0.00    0.00    0.00    0.00    0.00    22  |__G1 Main Marker
04:09:57 PM  1000         -   1056208    0.00    0.00    0.00    0.00    0.00    22  |__G1 Conc#0
04:09:57 PM  1000         -   1056209    0.00    0.00    0.00    0.00    0.00    24  |__G1 Refine#0
04:09:57 PM  1000         -   1056210    0.00    0.00    0.00    0.00    0.00    26  |__G1 Service
04:09:57 PM  1000         -   1056212    0.00    0.00    0.00    0.00    0.00    22  |__VM Periodic Tas
04:09:57 PM  1000         -   1056213    0.00    0.00    0.00    0.00    0.00    24  |__VM Thread
04:09:57 PM  1000         -   1056214    0.00    0.00    0.00    0.00    0.00    24  |__Reference Handl
04:09:57 PM  1000         -   1056215    0.00    0.00    0.00    0.00    0.00    24  |__Finalizer
04:09:57 PM  1000         -   1056216    0.00    0.00    0.00    0.00    0.00    24  |__Signal Dispatch
04:09:57 PM  1000         -   1056217    0.00    0.00    0.00    0.00    0.00    24  |__Service Thread
04:09:57 PM  1000         -   1056218    0.00    0.00    0.00    0.00    0.00    26  |__Monitor Deflati
04:09:57 PM  1000         -   1056219    0.00    0.00    0.00    0.00    0.00    22  |__C2 CompilerThre
04:09:57 PM  1000         -   1056220    0.00    0.00    0.00    0.00    0.00    22  |__C1 CompilerThre
04:09:57 PM  1000         -   1056221    0.00    0.00    0.00    0.00    0.00    24  |__Notification Th
04:09:57 PM  1000         -   1056222    0.00    0.00    0.00    0.00    0.00    26  |__Common-Cleaner
04:09:57 PM  1000         -   1056485    0.00    0.00    0.00    0.00    0.00    26  |__vertx-blocked-t
04:09:57 PM  1000         -   1056487    0.00    0.00    0.00    0.00    0.00    26  |__process reaper
04:09:57 PM  1000         -   1056489    0.00    0.00    0.00    0.00    0.00    26  |__vertx-blocked-t
04:09:57 PM  1000         -   1056491    1.00    0.00    0.00    0.00    1.00    26  |__vert.x-eventloo
04:09:57 PM  1000         -   1056492    0.00    0.00    0.00    0.00    0.00    26  |__vert.x-acceptor
04:09:57 PM  1000         -   1056493    0.00    0.00    0.00    0.00    0.00    22  |__GC Thread#1
04:09:57 PM  1000         -   1056494    0.00    0.00    0.00    0.00    0.00    26  |__GC Thread#2
04:09:57 PM  1000         -   1056496    0.00    0.00    0.00    0.00    0.00    22  |__vert.x-worker-t
04:09:57 PM  1000         -   1056497    0.00    0.00    0.00    0.00    0.00    24  |__vert.x-eventloo
04:09:57 PM  1000         -   1056498    0.00    0.00    0.00    0.00    0.00    26  |__vert.x-eventloo
04:09:57 PM  1000         -   1056499    0.00    0.00    0.00    0.00    0.00    26  |__vert.x-eventloo
04:09:57 PM  1000         -   1056500    0.00    0.00    0.00    0.00    0.00    24  |__CLI-scheduled-e
04:09:57 PM  1000         -   1056501    0.00    0.00    0.00    0.00    0.00    26  |__vert.x-eventloo
04:09:57 PM  1000         -   1056503    0.00    0.00    0.00    0.00    0.00    24  |__vert.x-worker-t
04:09:57 PM  1000         -   1056504    0.00    0.00    0.00    0.00    0.00    24  |__vert.x-eventloo
04:09:57 PM  1000         -   1056509    0.00    0.00    0.00    0.00    0.00    24  |__cpu-watchdog
04:09:57 PM  1000         -   1056510    4.00    5.00    0.00    0.00    9.00    22  |__epollEventLoopG
04:09:57 PM  1000         -   1056511    4.00    4.00    0.00    0.00    8.00    26  |__epollEventLoopG
04:09:57 PM  1000         -   1056512    0.00    0.00    0.00    0.00    0.00    24  |__jitter-watchdog
04:09:57 PM  1000         -   1056513    0.00    0.00    0.00    0.00    0.00    22  |__vert.x-worker-t
04:09:57 PM  1000         -   1056525    0.00    0.00    0.00    0.00    0.00    22  |__vert.x-eventloo
04:09:57 PM  1000         -   1056531    0.00    0.00    0.00    0.00    0.00    22  |__vert.x-eventloo

04:09:56 PM   UID      TGID       TID   cswch/s nvcswch/s  Command
04:09:57 PM  1000   1056171         -      0.00      0.00  java
04:09:57 PM  1000         -   1056171      0.00      0.00  |__java
04:09:57 PM  1000         -   1056205      2.00      0.00  |__java
04:09:57 PM  1000         -   1056206      0.00      0.00  |__GC Thread#0
04:09:57 PM  1000         -   1056207      0.00      0.00  |__G1 Main Marker
04:09:57 PM  1000         -   1056208      0.00      0.00  |__G1 Conc#0
04:09:57 PM  1000         -   1056209     20.00      0.00  |__G1 Refine#0
04:09:57 PM  1000         -   1056210      1.00      0.00  |__G1 Service
04:09:57 PM  1000         -   1056212      0.00      0.00  |__VM Periodic Tas
04:09:57 PM  1000         -   1056213      0.00      0.00  |__VM Thread
04:09:57 PM  1000         -   1056214      0.00      0.00  |__Reference Handl
04:09:57 PM  1000         -   1056215      0.00      0.00  |__Finalizer
04:09:57 PM  1000         -   1056216      0.00      0.00  |__Signal Dispatch
04:09:57 PM  1000         -   1056217      1.00      0.00  |__Service Thread
04:09:57 PM  1000         -   1056218      4.00      0.00  |__Monitor Deflati
04:09:57 PM  1000         -   1056219     20.00      0.00  |__C2 CompilerThre
04:09:57 PM  1000         -   1056220      5.00      0.00  |__C1 CompilerThre
04:09:57 PM  1000         -   1056221      0.00      0.00  |__Notification Th
04:09:57 PM  1000         -   1056222      0.00      0.00  |__Common-Cleaner
04:09:57 PM  1000         -   1056485      1.00      0.00  |__vertx-blocked-t
04:09:57 PM  1000         -   1056487      0.00      0.00  |__process reaper
04:09:57 PM  1000         -   1056489      1.00      0.00  |__vertx-blocked-t
04:09:57 PM  1000         -   1056491      4.00      0.00  |__vert.x-eventloo
04:09:57 PM  1000         -   1056492      0.00      0.00  |__vert.x-acceptor
04:09:57 PM  1000         -   1056493      0.00      0.00  |__GC Thread#1
04:09:57 PM  1000         -   1056494      0.00      0.00  |__GC Thread#2
04:09:57 PM  1000         -   1056496      0.00      0.00  |__vert.x-worker-t
04:09:57 PM  1000         -   1056497      0.00      0.00  |__vert.x-eventloo
04:09:57 PM  1000         -   1056498      1.00      0.00  |__vert.x-eventloo
04:09:57 PM  1000         -   1056499      2.00      0.00  |__vert.x-eventloo
04:09:57 PM  1000         -   1056500      0.00      0.00  |__CLI-scheduled-e
04:09:57 PM  1000         -   1056501      0.00      0.00  |__vert.x-eventloo
04:09:57 PM  1000         -   1056503      0.00      0.00  |__vert.x-worker-t
04:09:57 PM  1000         -   1056504      3.00      0.00  |__vert.x-eventloo
04:09:57 PM  1000         -   1056509      0.00      0.00  |__cpu-watchdog
04:09:57 PM  1000         -   1056510   4264.00      0.00  |__epollEventLoopG
04:09:57 PM  1000         -   1056511   4259.00      0.00  |__epollEventLoopG
04:09:57 PM  1000         -   1056512     20.00      0.00  |__jitter-watchdog
04:09:57 PM  1000         -   1056513      0.00      0.00  |__vert.x-worker-t
04:09:57 PM  1000         -   1056525      0.00      0.00  |__vert.x-eventloo
04:09:57 PM  1000         -   1056531      0.00      0.00  |__vert.x-eventloo

04:09:57 PM   UID      TGID       TID    %usr %system  %guest   %wait    %CPU   CPU  Command
04:09:58 PM  1000   1056171         -   82.00    4.00    0.00    0.00   86.00    24  java
04:09:58 PM  1000         -   1056171    0.00    0.00    0.00    0.00    0.00    24  |__java
04:09:58 PM  1000         -   1056205    3.00    0.00    0.00    0.00    3.00    22  |__java
04:09:58 PM  1000         -   1056206    0.00    0.00    0.00    0.00    0.00    22  |__GC Thread#0
04:09:58 PM  1000         -   1056207    0.00    0.00    0.00    0.00    0.00    22  |__G1 Main Marker
04:09:58 PM  1000         -   1056208    0.00    0.00    0.00    0.00    0.00    22  |__G1 Conc#0
04:09:58 PM  1000         -   1056209    0.00    0.00    0.00    0.00    0.00    26  |__G1 Refine#0
04:09:58 PM  1000         -   1056210    0.00    0.00    0.00    0.00    0.00    22  |__G1 Service
04:09:58 PM  1000         -   1056212    0.00    0.00    0.00    0.00    0.00    22  |__VM Periodic Tas
04:09:58 PM  1000         -   1056213    0.00    0.00    0.00    0.00    0.00    26  |__VM Thread
04:09:58 PM  1000         -   1056214    0.00    0.00    0.00    0.00    0.00    26  |__Reference Handl
04:09:58 PM  1000         -   1056215    0.00    0.00    0.00    0.00    0.00    24  |__Finalizer
04:09:58 PM  1000         -   1056216    0.00    0.00    0.00    0.00    0.00    24  |__Signal Dispatch
04:09:58 PM  1000         -   1056217    0.00    0.00    0.00    0.00    0.00    26  |__Service Thread
04:09:58 PM  1000         -   1056218    0.00    0.00    0.00    0.00    0.00    26  |__Monitor Deflati
04:09:58 PM  1000         -   1056219   46.00    0.00    0.00    1.00   46.00    24  |__C2 CompilerThre
04:09:58 PM  1000         -   1056220   11.00    1.00    0.00    5.00   12.00    22  |__C1 CompilerThre
04:09:58 PM  1000         -   1056221    0.00    0.00    0.00    0.00    0.00    24  |__Notification Th
04:09:58 PM  1000         -   1056222    0.00    0.00    0.00    0.00    0.00    26  |__Common-Cleaner
04:09:58 PM  1000         -   1056487    0.00    0.00    0.00    0.00    0.00    26  |__process reaper
04:09:58 PM  1000         -   1056493    1.00    0.00    0.00    0.00    1.00    24  |__GC Thread#1
04:09:58 PM  1000         -   1056494    0.00    0.00    0.00    0.00    0.00    24  |__GC Thread#2
04:09:58 PM  1000         -   1056509    0.00    0.00    0.00    0.00    0.00    24  |__cpu-watchdog
04:09:58 PM  1000         -   1056541    0.00    0.00    0.00    0.00    0.00    26  |__globalEventExec

04:09:57 PM   UID      TGID       TID   cswch/s nvcswch/s  Command
04:09:58 PM  1000   1056171         -      0.00      0.00  java
04:09:58 PM  1000         -   1056171      0.00      0.00  |__java
04:09:58 PM  1000         -   1056205     17.00      7.00  |__java
04:09:58 PM  1000         -   1056206      9.00      0.00  |__GC Thread#0
04:09:58 PM  1000         -   1056207      0.00      0.00  |__G1 Main Marker
04:09:58 PM  1000         -   1056208      0.00      0.00  |__G1 Conc#0
04:09:58 PM  1000         -   1056209     19.00      0.00  |__G1 Refine#0
04:09:58 PM  1000         -   1056210      3.00      0.00  |__G1 Service
04:09:58 PM  1000         -   1056212      0.00      0.00  |__VM Periodic Tas
04:09:58 PM  1000         -   1056213     14.00      0.00  |__VM Thread
04:09:58 PM  1000         -   1056214      1.00      0.00  |__Reference Handl
04:09:58 PM  1000         -   1056215      1.00      0.00  |__Finalizer
04:09:58 PM  1000         -   1056216      0.00      0.00  |__Signal Dispatch
04:09:58 PM  1000         -   1056217     25.00      0.00  |__Service Thread
04:09:58 PM  1000         -   1056218      4.00      0.00  |__Monitor Deflati
04:09:58 PM  1000         -   1056219     37.00     11.00  |__C2 CompilerThre
04:09:58 PM  1000         -   1056220     98.00      4.00  |__C1 CompilerThre
04:09:58 PM  1000         -   1056221      0.00      0.00  |__Notification Th
04:09:58 PM  1000         -   1056222      0.00      0.00  |__Common-Cleaner
04:09:58 PM  1000         -   1056487      0.00      0.00  |__process reaper
04:09:58 PM  1000         -   1056493      9.00      0.00  |__GC Thread#1
04:09:58 PM  1000         -   1056494     10.00      0.00  |__GC Thread#2
04:09:58 PM  1000         -   1056509      0.00      0.00  |__cpu-watchdog
04:09:58 PM  1000         -   1056541     14.00      6.00  |__globalEventExec

04:09:58 PM   UID      TGID       TID    %usr %system  %guest   %wait    %CPU   CPU  Command

04:09:58 PM   UID      TGID       TID   cswch/s nvcswch/s  Command
