Linux 5.14.0-570.60.1.el9_6.x86_64 *****) 	04/17/2026 	_x86_64_	(64 CPU)

01:21:19 PM   UID      TGID       TID    %usr %system  %guest   %wait    %CPU   CPU  Command
01:21:20 PM  1000    937324         -  175.00    6.00    0.00    0.00  181.00    24  java
01:21:20 PM  1000         -    937324    0.00    0.00    0.00    0.00    0.00    24  |__java
01:21:20 PM  1000         -    937358   14.00    1.00    0.00    0.00   15.00    26  |__java
01:21:20 PM  1000         -    937359    0.00    0.00    0.00    0.00    0.00    24  |__GC Thread#0
01:21:20 PM  1000         -    937360    0.00    0.00    0.00    0.00    0.00    24  |__G1 Main Marker
01:21:20 PM  1000         -    937361    0.00    0.00    0.00    0.00    0.00    22  |__G1 Conc#0
01:21:20 PM  1000         -    937362    0.00    0.00    0.00    0.00    0.00    22  |__G1 Refine#0
01:21:20 PM  1000         -    937363    0.00    0.00    0.00    0.00    0.00    24  |__G1 Service
01:21:20 PM  1000         -    937365    0.00    0.00    0.00    0.00    0.00    22  |__VM Periodic Tas
01:21:20 PM  1000         -    937366    0.00    0.00    0.00    0.00    0.00    26  |__VM Thread
01:21:20 PM  1000         -    937367    0.00    0.00    0.00    0.00    0.00    26  |__Reference Handl
01:21:20 PM  1000         -    937368    0.00    0.00    0.00    0.00    0.00    24  |__Finalizer
01:21:20 PM  1000         -    937369    0.00    0.00    0.00    0.00    0.00    24  |__Signal Dispatch
01:21:20 PM  1000         -    937370    0.00    0.00    0.00    0.00    0.00    26  |__Service Thread
01:21:20 PM  1000         -    937371    0.00    0.00    0.00    0.00    0.00    26  |__Monitor Deflati
01:21:20 PM  1000         -    937372   68.00    1.00    0.00    0.00   69.00    24  |__C2 CompilerThre
01:21:20 PM  1000         -    937373   27.00    0.00    0.00    2.00   27.00    22  |__C1 CompilerThre
01:21:20 PM  1000         -    937374    0.00    0.00    0.00    0.00    0.00    22  |__Notification Th
01:21:20 PM  1000         -    937375    0.00    0.00    0.00    0.00    0.00    26  |__Common-Cleaner
01:21:20 PM  1000         -    937643    0.00    0.00    0.00    0.00    0.00    22  |__vertx-blocked-t
01:21:20 PM  1000         -    937645    0.00    0.00    0.00    0.00    0.00    24  |__process reaper
01:21:20 PM  1000         -    937647    0.00    0.00    0.00    0.00    0.00    22  |__vertx-blocked-t
01:21:20 PM  1000         -    937649   44.00    1.00    0.00    0.00   45.00    26  |__vert.x-eventloo
01:21:20 PM  1000         -    937650    0.00    0.00    0.00    0.00    0.00    22  |__vert.x-acceptor
01:21:20 PM  1000         -    937651    0.00    0.00    0.00    0.00    0.00    26  |__GC Thread#1
01:21:20 PM  1000         -    937652    0.00    0.00    0.00    0.00    0.00    24  |__GC Thread#2
01:21:20 PM  1000         -    937654    0.00    0.00    0.00    0.00    0.00    24  |__vert.x-worker-t
01:21:20 PM  1000         -    937655    0.00    0.00    0.00    0.00    0.00    24  |__vert.x-eventloo
01:21:20 PM  1000         -    937656    0.00    0.00    0.00    0.00    0.00    24  |__vert.x-eventloo
01:21:20 PM  1000         -    937657   16.00    0.00    0.00    0.00   16.00    22  |__vert.x-eventloo
01:21:20 PM  1000         -    937658    0.00    0.00    0.00    0.00    0.00    26  |__CLI-scheduled-e
01:21:20 PM  1000         -    937659    0.00    0.00    0.00    0.00    0.00    26  |__vert.x-eventloo
01:21:20 PM  1000         -    937661    0.00    0.00    0.00    0.00    0.00    26  |__vert.x-worker-t
01:21:20 PM  1000         -    937662    0.00    0.00    0.00    0.00    0.00    26  |__vert.x-eventloo

01:21:19 PM   UID      TGID       TID   cswch/s nvcswch/s  Command
01:21:20 PM  1000    937324         -      0.00      0.00  java
01:21:20 PM  1000         -    937324      0.00      0.00  |__java
01:21:20 PM  1000         -    937358     44.00      3.00  |__java
01:21:20 PM  1000         -    937359     15.00      1.00  |__GC Thread#0
01:21:20 PM  1000         -    937360      7.00      0.00  |__G1 Main Marker
01:21:20 PM  1000         -    937361      3.00      2.00  |__G1 Conc#0
01:21:20 PM  1000         -    937362      0.00      0.00  |__G1 Refine#0
01:21:20 PM  1000         -    937363     20.00      0.00  |__G1 Service
01:21:20 PM  1000         -    937365      0.00      0.00  |__VM Periodic Tas
01:21:20 PM  1000         -    937366     33.00      0.00  |__VM Thread
01:21:20 PM  1000         -    937367      1.00      0.00  |__Reference Handl
01:21:20 PM  1000         -    937368      0.00      0.00  |__Finalizer
01:21:20 PM  1000         -    937369      0.00      0.00  |__Signal Dispatch
01:21:20 PM  1000         -    937370      1.00      0.00  |__Service Thread
01:21:20 PM  1000         -    937371      4.00      0.00  |__Monitor Deflati
01:21:20 PM  1000         -    937372    219.00      6.00  |__C2 CompilerThre
01:21:20 PM  1000         -    937373    321.00     18.00  |__C1 CompilerThre
01:21:20 PM  1000         -    937374      0.00      0.00  |__Notification Th
01:21:20 PM  1000         -    937375      1.00      0.00  |__Common-Cleaner
01:21:20 PM  1000         -    937643      1.00      0.00  |__vertx-blocked-t
01:21:20 PM  1000         -    937645      2.00      0.00  |__process reaper
01:21:20 PM  1000         -    937647      1.00      0.00  |__vertx-blocked-t
01:21:20 PM  1000         -    937649     80.00      3.00  |__vert.x-eventloo
01:21:20 PM  1000         -    937650      3.00      0.00  |__vert.x-acceptor
01:21:20 PM  1000         -    937651     18.00      0.00  |__GC Thread#1
01:21:20 PM  1000         -    937652     15.00      0.00  |__GC Thread#2
01:21:20 PM  1000         -    937654      3.00      1.00  |__vert.x-worker-t
01:21:20 PM  1000         -    937655      2.00      0.00  |__vert.x-eventloo
01:21:20 PM  1000         -    937656      2.00      0.00  |__vert.x-eventloo
01:21:20 PM  1000         -    937657     35.00      2.00  |__vert.x-eventloo
01:21:20 PM  1000         -    937658      5.00      0.00  |__CLI-scheduled-e
01:21:20 PM  1000         -    937659      4.00      3.00  |__vert.x-eventloo
01:21:20 PM  1000         -    937661      2.00      0.00  |__vert.x-worker-t
01:21:20 PM  1000         -    937662      2.00      2.00  |__vert.x-eventloo

01:21:20 PM   UID      TGID       TID    %usr %system  %guest   %wait    %CPU   CPU  Command
01:21:21 PM  1000    937324         -   46.00    2.00    0.00    0.00   48.00    24  java
01:21:21 PM  1000         -    937324    0.00    0.00    0.00    0.00    0.00    24  |__java
01:21:21 PM  1000         -    937358    0.00    0.00    0.00    0.00    0.00    24  |__java
01:21:21 PM  1000         -    937359    2.00    0.00    0.00    0.00    2.00    26  |__GC Thread#0
01:21:21 PM  1000         -    937360    0.00    0.00    0.00    0.00    0.00    24  |__G1 Main Marker
01:21:21 PM  1000         -    937361    0.00    0.00    0.00    0.00    0.00    22  |__G1 Conc#0
01:21:21 PM  1000         -    937362    0.00    0.00    0.00    0.00    0.00    22  |__G1 Refine#0
01:21:21 PM  1000         -    937363    0.00    0.00    0.00    0.00    0.00    22  |__G1 Service
01:21:21 PM  1000         -    937365    0.00    0.00    0.00    0.00    0.00    22  |__VM Periodic Tas
01:21:21 PM  1000         -    937366    0.00    0.00    0.00    0.00    0.00    26  |__VM Thread
01:21:21 PM  1000         -    937367    0.00    0.00    0.00    0.00    0.00    26  |__Reference Handl
01:21:21 PM  1000         -    937368    0.00    0.00    0.00    0.00    0.00    24  |__Finalizer
01:21:21 PM  1000         -    937369    0.00    0.00    0.00    0.00    0.00    24  |__Signal Dispatch
01:21:21 PM  1000         -    937370    0.00    0.00    0.00    0.00    0.00    26  |__Service Thread
01:21:21 PM  1000         -    937371    0.00    0.00    0.00    0.00    0.00    24  |__Monitor Deflati
01:21:21 PM  1000         -    937372   15.00    0.00    0.00    0.00   15.00    26  |__C2 CompilerThre
01:21:21 PM  1000         -    937373    5.00    0.00    0.00    1.00    5.00    22  |__C1 CompilerThre
01:21:21 PM  1000         -    937374    0.00    0.00    0.00    0.00    0.00    22  |__Notification Th
01:21:21 PM  1000         -    937375    0.00    0.00    0.00    0.00    0.00    26  |__Common-Cleaner
01:21:21 PM  1000         -    937643    0.00    0.00    0.00    0.00    0.00    22  |__vertx-blocked-t
01:21:21 PM  1000         -    937645    0.00    0.00    0.00    0.00    0.00    24  |__process reaper
01:21:21 PM  1000         -    937647    0.00    0.00    0.00    0.00    0.00    22  |__vertx-blocked-t
01:21:21 PM  1000         -    937649    1.00    0.00    0.00    0.00    1.00    24  |__vert.x-eventloo
01:21:21 PM  1000         -    937650    0.00    0.00    0.00    0.00    0.00    22  |__vert.x-acceptor
01:21:21 PM  1000         -    937651    6.00    0.00    0.00    0.00    6.00    22  |__GC Thread#1
01:21:21 PM  1000         -    937652    1.00    0.00    0.00    0.00    1.00    22  |__GC Thread#2
01:21:21 PM  1000         -    937654    0.00    0.00    0.00    0.00    0.00    24  |__vert.x-worker-t
01:21:21 PM  1000         -    937655    0.00    0.00    0.00    0.00    0.00    24  |__vert.x-eventloo
01:21:21 PM  1000         -    937656    0.00    0.00    0.00    0.00    0.00    24  |__vert.x-eventloo
01:21:21 PM  1000         -    937657    0.00    0.00    0.00    0.00    0.00    24  |__vert.x-eventloo
01:21:21 PM  1000         -    937658    0.00    0.00    0.00    0.00    0.00    26  |__CLI-scheduled-e
01:21:21 PM  1000         -    937659    0.00    0.00    0.00    0.00    0.00    26  |__vert.x-eventloo
01:21:21 PM  1000         -    937661    0.00    0.00    0.00    0.00    0.00    26  |__vert.x-worker-t
01:21:21 PM  1000         -    937662    7.00    0.00    0.00    0.00    7.00    24  |__vert.x-eventloo
01:21:21 PM  1000         -    937667    0.00    0.00    0.00    0.00    0.00    22  |__cpu-watchdog
01:21:21 PM  1000         -    937668    3.00    0.00    0.00    2.00    3.00    24  |__epollEventLoopG
01:21:21 PM  1000         -    937669    2.00    0.00    0.00    2.00    2.00    22  |__epollEventLoopG
01:21:21 PM  1000         -    937670    0.00    0.00    0.00    0.00    0.00    26  |__jitter-watchdog
01:21:21 PM  1000         -    937671    0.00    0.00    0.00    0.00    0.00    22  |__vert.x-worker-t

01:21:20 PM   UID      TGID       TID   cswch/s nvcswch/s  Command
01:21:21 PM  1000    937324         -      0.00      0.00  java
01:21:21 PM  1000         -    937324      0.00      0.00  |__java
01:21:21 PM  1000         -    937358      4.00      0.00  |__java
01:21:21 PM  1000         -    937359      9.00      0.00  |__GC Thread#0
01:21:21 PM  1000         -    937360      0.00      0.00  |__G1 Main Marker
01:21:21 PM  1000         -    937361      0.00      0.00  |__G1 Conc#0
01:21:21 PM  1000         -    937362      0.00      0.00  |__G1 Refine#0
01:21:21 PM  1000         -    937363      7.00      0.00  |__G1 Service
01:21:21 PM  1000         -    937365      0.00      0.00  |__VM Periodic Tas
01:21:21 PM  1000         -    937366     26.00      0.00  |__VM Thread
01:21:21 PM  1000         -    937367      1.00      0.00  |__Reference Handl
01:21:21 PM  1000         -    937368      0.00      0.00  |__Finalizer
01:21:21 PM  1000         -    937369      0.00      0.00  |__Signal Dispatch
01:21:21 PM  1000         -    937370      6.00      0.00  |__Service Thread
01:21:21 PM  1000         -    937371      4.00      0.00  |__Monitor Deflati
01:21:21 PM  1000         -    937372     16.00      7.00  |__C2 CompilerThre
01:21:21 PM  1000         -    937373    110.00      6.00  |__C1 CompilerThre
01:21:21 PM  1000         -    937374      0.00      0.00  |__Notification Th
01:21:21 PM  1000         -    937375      1.00      0.00  |__Common-Cleaner
01:21:21 PM  1000         -    937643      1.00      0.00  |__vertx-blocked-t
01:21:21 PM  1000         -    937645      0.00      0.00  |__process reaper
01:21:21 PM  1000         -    937647      1.00      0.00  |__vertx-blocked-t
01:21:21 PM  1000         -    937649     11.00      1.00  |__vert.x-eventloo
01:21:21 PM  1000         -    937650      0.00      0.00  |__vert.x-acceptor
01:21:21 PM  1000         -    937651      8.00      1.00  |__GC Thread#1
01:21:21 PM  1000         -    937652      8.00      0.00  |__GC Thread#2
01:21:21 PM  1000         -    937654      0.00      0.00  |__vert.x-worker-t
01:21:21 PM  1000         -    937655      0.00      0.00  |__vert.x-eventloo
01:21:21 PM  1000         -    937656      1.00      0.00  |__vert.x-eventloo
01:21:21 PM  1000         -    937657      2.00      0.00  |__vert.x-eventloo
01:21:21 PM  1000         -    937658      0.00      0.00  |__CLI-scheduled-e
01:21:21 PM  1000         -    937659      0.00      0.00  |__vert.x-eventloo
01:21:21 PM  1000         -    937661      0.00      0.00  |__vert.x-worker-t
01:21:21 PM  1000         -    937662     25.00      2.00  |__vert.x-eventloo
01:21:21 PM  1000         -    937667      1.00      2.00  |__cpu-watchdog
01:21:21 PM  1000         -    937668     42.00     57.00  |__epollEventLoopG
01:21:21 PM  1000         -    937669     53.00     13.00  |__epollEventLoopG
01:21:21 PM  1000         -    937670      1.00      3.00  |__jitter-watchdog
01:21:21 PM  1000         -    937671      2.00      0.00  |__vert.x-worker-t

01:21:21 PM   UID      TGID       TID    %usr %system  %guest   %wait    %CPU   CPU  Command
01:21:22 PM  1000    937324         -  124.00    8.00    0.00    0.00  132.00    24  java
01:21:22 PM  1000         -    937324    0.00    0.00    0.00    0.00    0.00    24  |__java
01:21:22 PM  1000         -    937358    0.00    0.00    0.00    0.00    0.00    22  |__java
01:21:22 PM  1000         -    937359    0.00    0.00    0.00    0.00    0.00    26  |__GC Thread#0
01:21:22 PM  1000         -    937360    0.00    0.00    0.00    0.00    0.00    24  |__G1 Main Marker
01:21:22 PM  1000         -    937361    0.00    0.00    0.00    0.00    0.00    22  |__G1 Conc#0
01:21:22 PM  1000         -    937362    0.00    0.00    0.00    0.00    0.00    22  |__G1 Refine#0
01:21:22 PM  1000         -    937363    0.00    0.00    0.00    0.00    0.00    22  |__G1 Service
01:21:22 PM  1000         -    937365    0.00    0.00    0.00    0.00    0.00    22  |__VM Periodic Tas
01:21:22 PM  1000         -    937366    0.00    0.00    0.00    0.00    0.00    26  |__VM Thread
01:21:22 PM  1000         -    937367    0.00    0.00    0.00    0.00    0.00    26  |__Reference Handl
01:21:22 PM  1000         -    937368    0.00    0.00    0.00    0.00    0.00    24  |__Finalizer
01:21:22 PM  1000         -    937369    0.00    0.00    0.00    0.00    0.00    24  |__Signal Dispatch
01:21:22 PM  1000         -    937370    0.00    0.00    0.00    0.00    0.00    26  |__Service Thread
01:21:22 PM  1000         -    937371    0.00    0.00    0.00    0.00    0.00    26  |__Monitor Deflati
01:21:22 PM  1000         -    937372   69.00    1.00    0.00    1.00   70.00    24  |__C2 CompilerThre
01:21:22 PM  1000         -    937373   25.00    1.00    0.00    3.00   26.00    22  |__C1 CompilerThre
01:21:22 PM  1000         -    937374    0.00    0.00    0.00    0.00    0.00    22  |__Notification Th
01:21:22 PM  1000         -    937375    0.00    0.00    0.00    0.00    0.00    26  |__Common-Cleaner
01:21:22 PM  1000         -    937643    0.00    0.00    0.00    0.00    0.00    22  |__vertx-blocked-t
01:21:22 PM  1000         -    937645    0.00    0.00    0.00    0.00    0.00    24  |__process reaper
01:21:22 PM  1000         -    937647    0.00    0.00    0.00    0.00    0.00    22  |__vertx-blocked-t
01:21:22 PM  1000         -    937649    0.00    0.00    0.00    0.00    0.00    26  |__vert.x-eventloo
01:21:22 PM  1000         -    937650    0.00    0.00    0.00    0.00    0.00    22  |__vert.x-acceptor
01:21:22 PM  1000         -    937651    0.00    0.00    0.00    0.00    0.00    22  |__GC Thread#1
01:21:22 PM  1000         -    937652    0.00    0.00    0.00    0.00    0.00    22  |__GC Thread#2
01:21:22 PM  1000         -    937654    0.00    0.00    0.00    0.00    0.00    24  |__vert.x-worker-t
01:21:22 PM  1000         -    937655    0.00    0.00    0.00    0.00    0.00    24  |__vert.x-eventloo
01:21:22 PM  1000         -    937656    0.00    0.00    0.00    0.00    0.00    22  |__vert.x-eventloo
01:21:22 PM  1000         -    937657    1.00    0.00    0.00    0.00    1.00    26  |__vert.x-eventloo
01:21:22 PM  1000         -    937658    0.00    0.00    0.00    0.00    0.00    26  |__CLI-scheduled-e
01:21:22 PM  1000         -    937659    0.00    0.00    0.00    0.00    0.00    26  |__vert.x-eventloo
01:21:22 PM  1000         -    937661    0.00    0.00    0.00    0.00    0.00    26  |__vert.x-worker-t
01:21:22 PM  1000         -    937662    1.00    0.00    0.00    0.00    1.00    24  |__vert.x-eventloo
01:21:22 PM  1000         -    937667    0.00    0.00    0.00    0.00    0.00    22  |__cpu-watchdog
01:21:22 PM  1000         -    937668   16.00    3.00    0.00    3.00   19.00    22  |__epollEventLoopG
01:21:22 PM  1000         -    937669   15.00    3.00    0.00    6.00   18.00    26  |__epollEventLoopG
01:21:22 PM  1000         -    937670    0.00    0.00    0.00    0.00    0.00    22  |__jitter-watchdog
01:21:22 PM  1000         -    937671    0.00    0.00    0.00    0.00    0.00    22  |__vert.x-worker-t

01:21:21 PM   UID      TGID       TID   cswch/s nvcswch/s  Command
01:21:22 PM  1000    937324         -      0.00      0.00  java
01:21:22 PM  1000         -    937324      0.00      0.00  |__java
01:21:22 PM  1000         -    937358      2.00      0.00  |__java
01:21:22 PM  1000         -    937359      0.00      0.00  |__GC Thread#0
01:21:22 PM  1000         -    937360      0.00      0.00  |__G1 Main Marker
01:21:22 PM  1000         -    937361      0.00      0.00  |__G1 Conc#0
01:21:22 PM  1000         -    937362      0.00      0.00  |__G1 Refine#0
01:21:22 PM  1000         -    937363      1.00      0.00  |__G1 Service
01:21:22 PM  1000         -    937365      0.00      0.00  |__VM Periodic Tas
01:21:22 PM  1000         -    937366      0.00      0.00  |__VM Thread
01:21:22 PM  1000         -    937367      0.00      0.00  |__Reference Handl
01:21:22 PM  1000         -    937368      0.00      0.00  |__Finalizer
01:21:22 PM  1000         -    937369      0.00      0.00  |__Signal Dispatch
01:21:22 PM  1000         -    937370      1.00      0.00  |__Service Thread
01:21:22 PM  1000         -    937371      4.00      0.00  |__Monitor Deflati
01:21:22 PM  1000         -    937372    117.00      7.00  |__C2 CompilerThre
01:21:22 PM  1000         -    937373    195.00      4.00  |__C1 CompilerThre
01:21:22 PM  1000         -    937374      0.00      0.00  |__Notification Th
01:21:22 PM  1000         -    937375      0.00      0.00  |__Common-Cleaner
01:21:22 PM  1000         -    937643      1.00      0.00  |__vertx-blocked-t
01:21:22 PM  1000         -    937645      0.00      0.00  |__process reaper
01:21:22 PM  1000         -    937647      1.00      0.00  |__vertx-blocked-t
01:21:22 PM  1000         -    937649      3.00      0.00  |__vert.x-eventloo
01:21:22 PM  1000         -    937650      0.00      0.00  |__vert.x-acceptor
01:21:22 PM  1000         -    937651      0.00      0.00  |__GC Thread#1
01:21:22 PM  1000         -    937652      0.00      0.00  |__GC Thread#2
01:21:22 PM  1000         -    937654      0.00      0.00  |__vert.x-worker-t
01:21:22 PM  1000         -    937655      0.00      0.00  |__vert.x-eventloo
01:21:22 PM  1000         -    937656      1.00      0.00  |__vert.x-eventloo
01:21:22 PM  1000         -    937657      5.00      0.00  |__vert.x-eventloo
01:21:22 PM  1000         -    937658      0.00      0.00  |__CLI-scheduled-e
01:21:22 PM  1000         -    937659      0.00      0.00  |__vert.x-eventloo
01:21:22 PM  1000         -    937661      0.00      0.00  |__vert.x-worker-t
01:21:22 PM  1000         -    937662      1.00      0.00  |__vert.x-eventloo
01:21:22 PM  1000         -    937667      0.00      0.00  |__cpu-watchdog
01:21:22 PM  1000         -    937668    771.00     33.00  |__epollEventLoopG
01:21:22 PM  1000         -    937669    696.00     39.00  |__epollEventLoopG
01:21:22 PM  1000         -    937670     20.00      0.00  |__jitter-watchdog
01:21:22 PM  1000         -    937671      0.00      0.00  |__vert.x-worker-t

01:21:22 PM   UID      TGID       TID    %usr %system  %guest   %wait    %CPU   CPU  Command
01:21:23 PM  1000    937324         -  111.00    7.00    0.00    0.00  118.00    24  java
01:21:23 PM  1000         -    937324    0.00    0.00    0.00    0.00    0.00    24  |__java
01:21:23 PM  1000         -    937358    0.00    0.00    0.00    0.00    0.00    24  |__java
01:21:23 PM  1000         -    937359    0.00    0.00    0.00    0.00    0.00    26  |__GC Thread#0
01:21:23 PM  1000         -    937360    0.00    0.00    0.00    0.00    0.00    24  |__G1 Main Marker
01:21:23 PM  1000         -    937361    0.00    0.00    0.00    0.00    0.00    22  |__G1 Conc#0
01:21:23 PM  1000         -    937362    0.00    0.00    0.00    0.00    0.00    22  |__G1 Refine#0
01:21:23 PM  1000         -    937363    0.00    0.00    0.00    0.00    0.00    22  |__G1 Service
01:21:23 PM  1000         -    937365    0.00    0.00    0.00    0.00    0.00    22  |__VM Periodic Tas
01:21:23 PM  1000         -    937366    0.00    0.00    0.00    0.00    0.00    22  |__VM Thread
01:21:23 PM  1000         -    937367    0.00    0.00    0.00    0.00    0.00    26  |__Reference Handl
01:21:23 PM  1000         -    937368    0.00    0.00    0.00    0.00    0.00    24  |__Finalizer
01:21:23 PM  1000         -    937369    0.00    0.00    0.00    0.00    0.00    24  |__Signal Dispatch
01:21:23 PM  1000         -    937370    0.00    0.00    0.00    0.00    0.00    22  |__Service Thread
01:21:23 PM  1000         -    937371    0.00    0.00    0.00    0.00    0.00    24  |__Monitor Deflati
01:21:23 PM  1000         -    937372   96.00    0.00    0.00    0.00   96.00    26  |__C2 CompilerThre
01:21:23 PM  1000         -    937373    1.00    0.00    0.00    0.00    1.00    22  |__C1 CompilerThre
01:21:23 PM  1000         -    937374    0.00    0.00    0.00    0.00    0.00    22  |__Notification Th
01:21:23 PM  1000         -    937375    0.00    0.00    0.00    0.00    0.00    26  |__Common-Cleaner
01:21:23 PM  1000         -    937643    0.00    0.00    0.00    0.00    0.00    22  |__vertx-blocked-t
01:21:23 PM  1000         -    937645    0.00    0.00    0.00    0.00    0.00    24  |__process reaper
01:21:23 PM  1000         -    937647    0.00    0.00    0.00    0.00    0.00    22  |__vertx-blocked-t
01:21:23 PM  1000         -    937649    1.00    1.00    0.00    0.00    2.00    22  |__vert.x-eventloo
01:21:23 PM  1000         -    937650    0.00    0.00    0.00    0.00    0.00    22  |__vert.x-acceptor
01:21:23 PM  1000         -    937651    0.00    0.00    0.00    0.00    0.00    22  |__GC Thread#1
01:21:23 PM  1000         -    937652    0.00    0.00    0.00    0.00    0.00    22  |__GC Thread#2
01:21:23 PM  1000         -    937654    0.00    0.00    0.00    0.00    0.00    24  |__vert.x-worker-t
01:21:23 PM  1000         -    937655    0.00    0.00    0.00    0.00    0.00    24  |__vert.x-eventloo
01:21:23 PM  1000         -    937656    0.00    0.00    0.00    0.00    0.00    22  |__vert.x-eventloo
01:21:23 PM  1000         -    937657    0.00    0.00    0.00    0.00    0.00    24  |__vert.x-eventloo
01:21:23 PM  1000         -    937658    0.00    0.00    0.00    0.00    0.00    26  |__CLI-scheduled-e
01:21:23 PM  1000         -    937659    0.00    0.00    0.00    0.00    0.00    26  |__vert.x-eventloo
01:21:23 PM  1000         -    937661    0.00    0.00    0.00    0.00    0.00    26  |__vert.x-worker-t
01:21:23 PM  1000         -    937662    0.00    0.00    0.00    0.00    0.00    24  |__vert.x-eventloo
01:21:23 PM  1000         -    937667    0.00    0.00    0.00    0.00    0.00    22  |__cpu-watchdog
01:21:23 PM  1000         -    937668    7.00    4.00    0.00    1.00   11.00    22  |__epollEventLoopG
01:21:23 PM  1000         -    937669    7.00    3.00    0.00    0.00   10.00    24  |__epollEventLoopG
01:21:23 PM  1000         -    937670    0.00    0.00    0.00    0.00    0.00    22  |__jitter-watchdog
01:21:23 PM  1000         -    937671    0.00    0.00    0.00    0.00    0.00    22  |__vert.x-worker-t

01:21:22 PM   UID      TGID       TID   cswch/s nvcswch/s  Command
01:21:23 PM  1000    937324         -      0.00      0.00  java
01:21:23 PM  1000         -    937324      0.00      0.00  |__java
01:21:23 PM  1000         -    937358      2.00      0.00  |__java
01:21:23 PM  1000         -    937359      0.00      0.00  |__GC Thread#0
01:21:23 PM  1000         -    937360      0.00      0.00  |__G1 Main Marker
01:21:23 PM  1000         -    937361      0.00      0.00  |__G1 Conc#0
01:21:23 PM  1000         -    937362      0.00      0.00  |__G1 Refine#0
01:21:23 PM  1000         -    937363      1.00      0.00  |__G1 Service
01:21:23 PM  1000         -    937365      0.00      0.00  |__VM Periodic Tas
01:21:23 PM  1000         -    937366      1.00      0.00  |__VM Thread
01:21:23 PM  1000         -    937367      0.00      0.00  |__Reference Handl
01:21:23 PM  1000         -    937368      0.00      0.00  |__Finalizer
01:21:23 PM  1000         -    937369      0.00      0.00  |__Signal Dispatch
01:21:23 PM  1000         -    937370      1.00      0.00  |__Service Thread
01:21:23 PM  1000         -    937371      4.00      0.00  |__Monitor Deflati
01:21:23 PM  1000         -    937372      3.00      2.00  |__C2 CompilerThre
01:21:23 PM  1000         -    937373     62.00      0.00  |__C1 CompilerThre
01:21:23 PM  1000         -    937374      0.00      0.00  |__Notification Th
01:21:23 PM  1000         -    937375      0.00      0.00  |__Common-Cleaner
01:21:23 PM  1000         -    937643      1.00      0.00  |__vertx-blocked-t
01:21:23 PM  1000         -    937645      0.00      0.00  |__process reaper
01:21:23 PM  1000         -    937647      1.00      0.00  |__vertx-blocked-t
01:21:23 PM  1000         -    937649      2.00      0.00  |__vert.x-eventloo
01:21:23 PM  1000         -    937650      0.00      0.00  |__vert.x-acceptor
01:21:23 PM  1000         -    937651      0.00      0.00  |__GC Thread#1
01:21:23 PM  1000         -    937652      0.00      0.00  |__GC Thread#2
01:21:23 PM  1000         -    937654      0.00      0.00  |__vert.x-worker-t
01:21:23 PM  1000         -    937655      0.00      0.00  |__vert.x-eventloo
01:21:23 PM  1000         -    937656      1.00      0.00  |__vert.x-eventloo
01:21:23 PM  1000         -    937657      2.00      0.00  |__vert.x-eventloo
01:21:23 PM  1000         -    937658      0.00      0.00  |__CLI-scheduled-e
01:21:23 PM  1000         -    937659      0.00      0.00  |__vert.x-eventloo
01:21:23 PM  1000         -    937661      0.00      0.00  |__vert.x-worker-t
01:21:23 PM  1000         -    937662      4.00      0.00  |__vert.x-eventloo
01:21:23 PM  1000         -    937667      0.00      0.00  |__cpu-watchdog
01:21:23 PM  1000         -    937668   1181.00     14.00  |__epollEventLoopG
01:21:23 PM  1000         -    937669   1174.00     31.00  |__epollEventLoopG
01:21:23 PM  1000         -    937670     20.00      0.00  |__jitter-watchdog
01:21:23 PM  1000         -    937671      0.00      0.00  |__vert.x-worker-t

01:21:23 PM   UID      TGID       TID    %usr %system  %guest   %wait    %CPU   CPU  Command
01:21:24 PM  1000    937324         -   84.00    5.00    0.00    0.00   89.00    24  java
01:21:24 PM  1000         -    937324    0.00    0.00    0.00    0.00    0.00    24  |__java
01:21:24 PM  1000         -    937358    0.00    0.00    0.00    0.00    0.00    22  |__java
01:21:24 PM  1000         -    937359    0.00    0.00    0.00    0.00    0.00    26  |__GC Thread#0
01:21:24 PM  1000         -    937360    0.00    0.00    0.00    0.00    0.00    24  |__G1 Main Marker
01:21:24 PM  1000         -    937361    0.00    0.00    0.00    0.00    0.00    22  |__G1 Conc#0
01:21:24 PM  1000         -    937362    0.00    0.00    0.00    0.00    0.00    22  |__G1 Refine#0
01:21:24 PM  1000         -    937363    0.00    0.00    0.00    0.00    0.00    22  |__G1 Service
01:21:24 PM  1000         -    937365    0.00    0.00    0.00    0.00    0.00    22  |__VM Periodic Tas
01:21:24 PM  1000         -    937366    0.00    0.00    0.00    0.00    0.00    22  |__VM Thread
01:21:24 PM  1000         -    937367    0.00    0.00    0.00    0.00    0.00    26  |__Reference Handl
01:21:24 PM  1000         -    937368    0.00    0.00    0.00    0.00    0.00    24  |__Finalizer
01:21:24 PM  1000         -    937369    0.00    0.00    0.00    0.00    0.00    24  |__Signal Dispatch
01:21:24 PM  1000         -    937370    0.00    0.00    0.00    0.00    0.00    22  |__Service Thread
01:21:24 PM  1000         -    937371    0.00    0.00    0.00    0.00    0.00    24  |__Monitor Deflati
01:21:24 PM  1000         -    937372   68.00    0.00    0.00    0.00   68.00    24  |__C2 CompilerThre
01:21:24 PM  1000         -    937373    3.00    0.00    0.00    0.00    3.00    26  |__C1 CompilerThre
01:21:24 PM  1000         -    937374    0.00    0.00    0.00    0.00    0.00    22  |__Notification Th
01:21:24 PM  1000         -    937375    0.00    0.00    0.00    0.00    0.00    26  |__Common-Cleaner
01:21:24 PM  1000         -    937643    0.00    0.00    0.00    0.00    0.00    22  |__vertx-blocked-t
01:21:24 PM  1000         -    937645    0.00    0.00    0.00    0.00    0.00    24  |__process reaper
01:21:24 PM  1000         -    937647    0.00    0.00    0.00    0.00    0.00    22  |__vertx-blocked-t
01:21:24 PM  1000         -    937649    2.00    0.00    0.00    0.00    2.00    26  |__vert.x-eventloo
01:21:24 PM  1000         -    937650    0.00    0.00    0.00    0.00    0.00    22  |__vert.x-acceptor
01:21:24 PM  1000         -    937651    0.00    0.00    0.00    0.00    0.00    22  |__GC Thread#1
01:21:24 PM  1000         -    937652    0.00    0.00    0.00    0.00    0.00    22  |__GC Thread#2
01:21:24 PM  1000         -    937654    0.00    0.00    0.00    0.00    0.00    24  |__vert.x-worker-t
01:21:24 PM  1000         -    937655    0.00    0.00    0.00    0.00    0.00    24  |__vert.x-eventloo
01:21:24 PM  1000         -    937656    0.00    0.00    0.00    0.00    0.00    22  |__vert.x-eventloo
01:21:24 PM  1000         -    937657    1.00    0.00    0.00    0.00    1.00    22  |__vert.x-eventloo
01:21:24 PM  1000         -    937658    0.00    0.00    0.00    0.00    0.00    26  |__CLI-scheduled-e
01:21:24 PM  1000         -    937659    0.00    0.00    0.00    0.00    0.00    26  |__vert.x-eventloo
01:21:24 PM  1000         -    937661    0.00    0.00    0.00    0.00    0.00    26  |__vert.x-worker-t
01:21:24 PM  1000         -    937662    0.00    0.00    0.00    0.00    0.00    24  |__vert.x-eventloo
01:21:24 PM  1000         -    937667    0.00    0.00    0.00    0.00    0.00    22  |__cpu-watchdog
01:21:24 PM  1000         -    937668    4.00    2.00    0.00    0.00    6.00    26  |__epollEventLoopG
01:21:24 PM  1000         -    937669    4.00    2.00    0.00    1.00    6.00    22  |__epollEventLoopG
01:21:24 PM  1000         -    937670    0.00    0.00    0.00    0.00    0.00    22  |__jitter-watchdog
01:21:24 PM  1000         -    937671    0.00    0.00    0.00    0.00    0.00    22  |__vert.x-worker-t

01:21:23 PM   UID      TGID       TID   cswch/s nvcswch/s  Command
01:21:24 PM  1000    937324         -      0.00      0.00  java
01:21:24 PM  1000         -    937324      0.00      0.00  |__java
01:21:24 PM  1000         -    937358      2.00      0.00  |__java
01:21:24 PM  1000         -    937359      0.00      0.00  |__GC Thread#0
01:21:24 PM  1000         -    937360      0.00      0.00  |__G1 Main Marker
01:21:24 PM  1000         -    937361      0.00      0.00  |__G1 Conc#0
01:21:24 PM  1000         -    937362      0.00      0.00  |__G1 Refine#0
01:21:24 PM  1000         -    937363      1.00      0.00  |__G1 Service
01:21:24 PM  1000         -    937365      1.00      0.00  |__VM Periodic Tas
01:21:24 PM  1000         -    937366      0.00      0.00  |__VM Thread
01:21:24 PM  1000         -    937367      0.00      0.00  |__Reference Handl
01:21:24 PM  1000         -    937368      0.00      0.00  |__Finalizer
01:21:24 PM  1000         -    937369      0.00      0.00  |__Signal Dispatch
01:21:24 PM  1000         -    937370      1.00      0.00  |__Service Thread
01:21:24 PM  1000         -    937371      4.00      0.00  |__Monitor Deflati
01:21:24 PM  1000         -    937372     77.00     14.00  |__C2 CompilerThre
01:21:24 PM  1000         -    937373    137.00     12.00  |__C1 CompilerThre
01:21:24 PM  1000         -    937374      0.00      0.00  |__Notification Th
01:21:24 PM  1000         -    937375      0.00      0.00  |__Common-Cleaner
01:21:24 PM  1000         -    937643      1.00      0.00  |__vertx-blocked-t
01:21:24 PM  1000         -    937645      0.00      0.00  |__process reaper
01:21:24 PM  1000         -    937647      1.00      0.00  |__vertx-blocked-t
01:21:24 PM  1000         -    937649      8.00      0.00  |__vert.x-eventloo
01:21:24 PM  1000         -    937650      0.00      0.00  |__vert.x-acceptor
01:21:24 PM  1000         -    937651      0.00      0.00  |__GC Thread#1
01:21:24 PM  1000         -    937652      0.00      0.00  |__GC Thread#2
01:21:24 PM  1000         -    937654      0.00      0.00  |__vert.x-worker-t
01:21:24 PM  1000         -    937655      0.00      0.00  |__vert.x-eventloo
01:21:24 PM  1000         -    937656      1.00      0.00  |__vert.x-eventloo
01:21:24 PM  1000         -    937657      5.00      1.00  |__vert.x-eventloo
01:21:24 PM  1000         -    937658      0.00      0.00  |__CLI-scheduled-e
01:21:24 PM  1000         -    937659      0.00      0.00  |__vert.x-eventloo
01:21:24 PM  1000         -    937661      0.00      0.00  |__vert.x-worker-t
01:21:24 PM  1000         -    937662      3.00      0.00  |__vert.x-eventloo
01:21:24 PM  1000         -    937667      0.00      0.00  |__cpu-watchdog
01:21:24 PM  1000         -    937668   2024.00     22.00  |__epollEventLoopG
01:21:24 PM  1000         -    937669   2051.00     32.00  |__epollEventLoopG
01:21:24 PM  1000         -    937670     20.00      0.00  |__jitter-watchdog
01:21:24 PM  1000         -    937671      0.00      0.00  |__vert.x-worker-t

01:21:24 PM   UID      TGID       TID    %usr %system  %guest   %wait    %CPU   CPU  Command
01:21:25 PM  1000    937324         -   24.00    5.00    0.00    0.00   29.00    24  java
01:21:25 PM  1000         -    937324    0.00    0.00    0.00    0.00    0.00    24  |__java
01:21:25 PM  1000         -    937358    0.00    0.00    0.00    0.00    0.00    22  |__java
01:21:25 PM  1000         -    937359    0.00    0.00    0.00    0.00    0.00    26  |__GC Thread#0
01:21:25 PM  1000         -    937360    0.00    0.00    0.00    0.00    0.00    24  |__G1 Main Marker
01:21:25 PM  1000         -    937361    0.00    0.00    0.00    0.00    0.00    22  |__G1 Conc#0
01:21:25 PM  1000         -    937362    0.00    0.00    0.00    0.00    0.00    22  |__G1 Refine#0
01:21:25 PM  1000         -    937363    0.00    0.00    0.00    0.00    0.00    22  |__G1 Service
01:21:25 PM  1000         -    937365    0.00    0.00    0.00    0.00    0.00    22  |__VM Periodic Tas
01:21:25 PM  1000         -    937366    0.00    0.00    0.00    0.00    0.00    22  |__VM Thread
01:21:25 PM  1000         -    937367    0.00    0.00    0.00    0.00    0.00    26  |__Reference Handl
01:21:25 PM  1000         -    937368    0.00    0.00    0.00    0.00    0.00    24  |__Finalizer
01:21:25 PM  1000         -    937369    0.00    0.00    0.00    0.00    0.00    24  |__Signal Dispatch
01:21:25 PM  1000         -    937370    0.00    0.00    0.00    0.00    0.00    22  |__Service Thread
01:21:25 PM  1000         -    937371    0.00    0.00    0.00    0.00    0.00    24  |__Monitor Deflati
01:21:25 PM  1000         -    937372   18.00    0.00    0.00    0.00   18.00    26  |__C2 CompilerThre
01:21:25 PM  1000         -    937373    0.00    0.00    0.00    0.00    0.00    24  |__C1 CompilerThre
01:21:25 PM  1000         -    937374    0.00    0.00    0.00    0.00    0.00    22  |__Notification Th
01:21:25 PM  1000         -    937375    0.00    0.00    0.00    0.00    0.00    26  |__Common-Cleaner
01:21:25 PM  1000         -    937643    0.00    0.00    0.00    0.00    0.00    22  |__vertx-blocked-t
01:21:25 PM  1000         -    937645    0.00    0.00    0.00    0.00    0.00    24  |__process reaper
01:21:25 PM  1000         -    937647    0.00    0.00    0.00    0.00    0.00    22  |__vertx-blocked-t
01:21:25 PM  1000         -    937649    0.00    0.00    0.00    0.00    0.00    24  |__vert.x-eventloo
01:21:25 PM  1000         -    937650    0.00    0.00    0.00    0.00    0.00    22  |__vert.x-acceptor
01:21:25 PM  1000         -    937651    0.00    0.00    0.00    0.00    0.00    22  |__GC Thread#1
01:21:25 PM  1000         -    937652    0.00    0.00    0.00    0.00    0.00    22  |__GC Thread#2
01:21:25 PM  1000         -    937654    0.00    0.00    0.00    0.00    0.00    24  |__vert.x-worker-t
01:21:25 PM  1000         -    937655    0.00    0.00    0.00    0.00    0.00    24  |__vert.x-eventloo
01:21:25 PM  1000         -    937656    0.00    0.00    0.00    0.00    0.00    22  |__vert.x-eventloo
01:21:25 PM  1000         -    937657    0.00    0.00    0.00    0.00    0.00    22  |__vert.x-eventloo
01:21:25 PM  1000         -    937658    0.00    0.00    0.00    0.00    0.00    26  |__CLI-scheduled-e
01:21:25 PM  1000         -    937659    0.00    0.00    0.00    0.00    0.00    26  |__vert.x-eventloo
01:21:25 PM  1000         -    937661    0.00    0.00    0.00    0.00    0.00    26  |__vert.x-worker-t
01:21:25 PM  1000         -    937662    0.00    0.00    0.00    0.00    0.00    26  |__vert.x-eventloo
01:21:25 PM  1000         -    937667    0.00    0.00    0.00    0.00    0.00    22  |__cpu-watchdog
01:21:25 PM  1000         -    937668    3.00    2.00    0.00    0.00    5.00    24  |__epollEventLoopG
01:21:25 PM  1000         -    937669    3.00    2.00    0.00    0.00    5.00    22  |__epollEventLoopG
01:21:25 PM  1000         -    937670    0.00    0.00    0.00    0.00    0.00    22  |__jitter-watchdog
01:21:25 PM  1000         -    937671    0.00    0.00    0.00    0.00    0.00    22  |__vert.x-worker-t

01:21:24 PM   UID      TGID       TID   cswch/s nvcswch/s  Command
01:21:25 PM  1000    937324         -      0.00      0.00  java
01:21:25 PM  1000         -    937324      0.00      0.00  |__java
01:21:25 PM  1000         -    937358      2.00      0.00  |__java
01:21:25 PM  1000         -    937359      0.00      0.00  |__GC Thread#0
01:21:25 PM  1000         -    937360      0.00      0.00  |__G1 Main Marker
01:21:25 PM  1000         -    937361      0.00      0.00  |__G1 Conc#0
01:21:25 PM  1000         -    937362      0.00      0.00  |__G1 Refine#0
01:21:25 PM  1000         -    937363      1.00      0.00  |__G1 Service
01:21:25 PM  1000         -    937365      0.00      0.00  |__VM Periodic Tas
01:21:25 PM  1000         -    937366      0.00      0.00  |__VM Thread
01:21:25 PM  1000         -    937367      0.00      0.00  |__Reference Handl
01:21:25 PM  1000         -    937368      0.00      0.00  |__Finalizer
01:21:25 PM  1000         -    937369      0.00      0.00  |__Signal Dispatch
01:21:25 PM  1000         -    937370      1.00      0.00  |__Service Thread
01:21:25 PM  1000         -    937371      4.00      0.00  |__Monitor Deflati
01:21:25 PM  1000         -    937372     24.00      1.00  |__C2 CompilerThre
01:21:25 PM  1000         -    937373     33.00      0.00  |__C1 CompilerThre
01:21:25 PM  1000         -    937374      0.00      0.00  |__Notification Th
01:21:25 PM  1000         -    937375      0.00      0.00  |__Common-Cleaner
01:21:25 PM  1000         -    937643      1.00      0.00  |__vertx-blocked-t
01:21:25 PM  1000         -    937645      0.00      0.00  |__process reaper
01:21:25 PM  1000         -    937647      1.00      0.00  |__vertx-blocked-t
01:21:25 PM  1000         -    937649      4.00      1.00  |__vert.x-eventloo
01:21:25 PM  1000         -    937650      0.00      0.00  |__vert.x-acceptor
01:21:25 PM  1000         -    937651      0.00      0.00  |__GC Thread#1
01:21:25 PM  1000         -    937652      0.00      0.00  |__GC Thread#2
01:21:25 PM  1000         -    937654      0.00      0.00  |__vert.x-worker-t
01:21:25 PM  1000         -    937655      0.00      0.00  |__vert.x-eventloo
01:21:25 PM  1000         -    937656      1.00      0.00  |__vert.x-eventloo
01:21:25 PM  1000         -    937657      2.00      0.00  |__vert.x-eventloo
01:21:25 PM  1000         -    937658      0.00      0.00  |__CLI-scheduled-e
01:21:25 PM  1000         -    937659      0.00      0.00  |__vert.x-eventloo
01:21:25 PM  1000         -    937661      0.00      0.00  |__vert.x-worker-t
01:21:25 PM  1000         -    937662      2.00      0.00  |__vert.x-eventloo
01:21:25 PM  1000         -    937667      0.00      0.00  |__cpu-watchdog
01:21:25 PM  1000         -    937668   2424.00      0.00  |__epollEventLoopG
01:21:25 PM  1000         -    937669   2459.00      1.00  |__epollEventLoopG
01:21:25 PM  1000         -    937670     20.00      0.00  |__jitter-watchdog
01:21:25 PM  1000         -    937671      0.00      0.00  |__vert.x-worker-t

01:21:25 PM   UID      TGID       TID    %usr %system  %guest   %wait    %CPU   CPU  Command
01:21:26 PM  1000    937324         -   13.00    6.00    0.00    0.00   19.00    24  java
01:21:26 PM  1000         -    937324    0.00    0.00    0.00    0.00    0.00    24  |__java
01:21:26 PM  1000         -    937358    0.00    0.00    0.00    0.00    0.00    22  |__java
01:21:26 PM  1000         -    937359    0.00    0.00    0.00    0.00    0.00    26  |__GC Thread#0
01:21:26 PM  1000         -    937360    0.00    0.00    0.00    0.00    0.00    24  |__G1 Main Marker
01:21:26 PM  1000         -    937361    0.00    0.00    0.00    0.00    0.00    22  |__G1 Conc#0
01:21:26 PM  1000         -    937362    0.00    0.00    0.00    0.00    0.00    22  |__G1 Refine#0
01:21:26 PM  1000         -    937363    0.00    0.00    0.00    0.00    0.00    22  |__G1 Service
01:21:26 PM  1000         -    937365    0.00    0.00    0.00    0.00    0.00    22  |__VM Periodic Tas
01:21:26 PM  1000         -    937366    0.00    0.00    0.00    0.00    0.00    22  |__VM Thread
01:21:26 PM  1000         -    937367    0.00    0.00    0.00    0.00    0.00    26  |__Reference Handl
01:21:26 PM  1000         -    937368    0.00    0.00    0.00    0.00    0.00    24  |__Finalizer
01:21:26 PM  1000         -    937369    0.00    0.00    0.00    0.00    0.00    24  |__Signal Dispatch
01:21:26 PM  1000         -    937370    0.00    0.00    0.00    0.00    0.00    22  |__Service Thread
01:21:26 PM  1000         -    937371    0.00    0.00    0.00    0.00    0.00    24  |__Monitor Deflati
01:21:26 PM  1000         -    937372    6.00    0.00    0.00    0.00    6.00    26  |__C2 CompilerThre
01:21:26 PM  1000         -    937373    1.00    0.00    0.00    0.00    1.00    22  |__C1 CompilerThre
01:21:26 PM  1000         -    937374    0.00    0.00    0.00    0.00    0.00    22  |__Notification Th
01:21:26 PM  1000         -    937375    0.00    0.00    0.00    0.00    0.00    26  |__Common-Cleaner
01:21:26 PM  1000         -    937643    0.00    0.00    0.00    0.00    0.00    22  |__vertx-blocked-t
01:21:26 PM  1000         -    937645    0.00    0.00    0.00    0.00    0.00    24  |__process reaper
01:21:26 PM  1000         -    937647    0.00    0.00    0.00    0.00    0.00    22  |__vertx-blocked-t
01:21:26 PM  1000         -    937649    1.00    0.00    0.00    0.00    1.00    22  |__vert.x-eventloo
01:21:26 PM  1000         -    937650    0.00    0.00    0.00    0.00    0.00    22  |__vert.x-acceptor
01:21:26 PM  1000         -    937651    0.00    0.00    0.00    0.00    0.00    22  |__GC Thread#1
01:21:26 PM  1000         -    937652    0.00    0.00    0.00    0.00    0.00    22  |__GC Thread#2
01:21:26 PM  1000         -    937654    0.00    0.00    0.00    0.00    0.00    24  |__vert.x-worker-t
01:21:26 PM  1000         -    937655    0.00    0.00    0.00    0.00    0.00    24  |__vert.x-eventloo
01:21:26 PM  1000         -    937656    0.00    0.00    0.00    0.00    0.00    22  |__vert.x-eventloo
01:21:26 PM  1000         -    937657    0.00    0.00    0.00    0.00    0.00    24  |__vert.x-eventloo
01:21:26 PM  1000         -    937658    0.00    0.00    0.00    0.00    0.00    26  |__CLI-scheduled-e
01:21:26 PM  1000         -    937659    0.00    0.00    0.00    0.00    0.00    26  |__vert.x-eventloo
01:21:26 PM  1000         -    937661    0.00    0.00    0.00    0.00    0.00    26  |__vert.x-worker-t
01:21:26 PM  1000         -    937662    1.00    0.00    0.00    0.00    1.00    26  |__vert.x-eventloo
01:21:26 PM  1000         -    937667    0.00    0.00    0.00    0.00    0.00    24  |__cpu-watchdog
01:21:26 PM  1000         -    937668    2.00    3.00    0.00    1.00    5.00    24  |__epollEventLoopG
01:21:26 PM  1000         -    937669    3.00    3.00    0.00    0.00    6.00    22  |__epollEventLoopG
01:21:26 PM  1000         -    937670    0.00    0.00    0.00    0.00    0.00    24  |__jitter-watchdog
01:21:26 PM  1000         -    937671    0.00    0.00    0.00    0.00    0.00    22  |__vert.x-worker-t

01:21:25 PM   UID      TGID       TID   cswch/s nvcswch/s  Command
01:21:26 PM  1000    937324         -      0.00      0.00  java
01:21:26 PM  1000         -    937324      0.00      0.00  |__java
01:21:26 PM  1000         -    937358      2.00      0.00  |__java
01:21:26 PM  1000         -    937359      0.00      0.00  |__GC Thread#0
01:21:26 PM  1000         -    937360      0.00      0.00  |__G1 Main Marker
01:21:26 PM  1000         -    937361      0.00      0.00  |__G1 Conc#0
01:21:26 PM  1000         -    937362      0.00      0.00  |__G1 Refine#0
01:21:26 PM  1000         -    937363      1.00      0.00  |__G1 Service
01:21:26 PM  1000         -    937365      0.00      0.00  |__VM Periodic Tas
01:21:26 PM  1000         -    937366      0.00      0.00  |__VM Thread
01:21:26 PM  1000         -    937367      0.00      0.00  |__Reference Handl
01:21:26 PM  1000         -    937368      0.00      0.00  |__Finalizer
01:21:26 PM  1000         -    937369      0.00      0.00  |__Signal Dispatch
01:21:26 PM  1000         -    937370      1.00      0.00  |__Service Thread
01:21:26 PM  1000         -    937371      4.00      0.00  |__Monitor Deflati
01:21:26 PM  1000         -    937372     13.00      0.00  |__C2 CompilerThre
01:21:26 PM  1000         -    937373     20.00      1.00  |__C1 CompilerThre
01:21:26 PM  1000         -    937374      0.00      0.00  |__Notification Th
01:21:26 PM  1000         -    937375      0.00      0.00  |__Common-Cleaner
01:21:26 PM  1000         -    937643      1.00      0.00  |__vertx-blocked-t
01:21:26 PM  1000         -    937645      0.00      0.00  |__process reaper
01:21:26 PM  1000         -    937647      1.00      0.00  |__vertx-blocked-t
01:21:26 PM  1000         -    937649      7.00      0.00  |__vert.x-eventloo
01:21:26 PM  1000         -    937650      0.00      0.00  |__vert.x-acceptor
01:21:26 PM  1000         -    937651      0.00      0.00  |__GC Thread#1
01:21:26 PM  1000         -    937652      0.00      0.00  |__GC Thread#2
01:21:26 PM  1000         -    937654      0.00      0.00  |__vert.x-worker-t
01:21:26 PM  1000         -    937655      0.00      0.00  |__vert.x-eventloo
01:21:26 PM  1000         -    937656      1.00      0.00  |__vert.x-eventloo
01:21:26 PM  1000         -    937657      2.00      0.00  |__vert.x-eventloo
01:21:26 PM  1000         -    937658      0.00      0.00  |__CLI-scheduled-e
01:21:26 PM  1000         -    937659      0.00      0.00  |__vert.x-eventloo
01:21:26 PM  1000         -    937661      0.00      0.00  |__vert.x-worker-t
01:21:26 PM  1000         -    937662      3.00      0.00  |__vert.x-eventloo
01:21:26 PM  1000         -    937667      1.00      0.00  |__cpu-watchdog
01:21:26 PM  1000         -    937668   2534.00      5.00  |__epollEventLoopG
01:21:26 PM  1000         -    937669   2470.00      1.00  |__epollEventLoopG
01:21:26 PM  1000         -    937670     20.00      0.00  |__jitter-watchdog
01:21:26 PM  1000         -    937671      0.00      0.00  |__vert.x-worker-t

01:21:26 PM   UID      TGID       TID    %usr %system  %guest   %wait    %CPU   CPU  Command
01:21:27 PM  1000    937324         -    8.00    5.00    0.00    0.00   13.00    24  java
01:21:27 PM  1000         -    937324    0.00    0.00    0.00    0.00    0.00    24  |__java
01:21:27 PM  1000         -    937358    0.00    0.00    0.00    0.00    0.00    24  |__java
01:21:27 PM  1000         -    937359    0.00    0.00    0.00    0.00    0.00    26  |__GC Thread#0
01:21:27 PM  1000         -    937360    0.00    0.00    0.00    0.00    0.00    24  |__G1 Main Marker
01:21:27 PM  1000         -    937361    0.00    0.00    0.00    0.00    0.00    22  |__G1 Conc#0
01:21:27 PM  1000         -    937362    0.00    0.00    0.00    0.00    0.00    22  |__G1 Refine#0
01:21:27 PM  1000         -    937363    0.00    0.00    0.00    0.00    0.00    22  |__G1 Service
01:21:27 PM  1000         -    937365    0.00    0.00    0.00    0.00    0.00    22  |__VM Periodic Tas
01:21:27 PM  1000         -    937366    0.00    0.00    0.00    0.00    0.00    22  |__VM Thread
01:21:27 PM  1000         -    937367    0.00    0.00    0.00    0.00    0.00    26  |__Reference Handl
01:21:27 PM  1000         -    937368    0.00    0.00    0.00    0.00    0.00    24  |__Finalizer
01:21:27 PM  1000         -    937369    0.00    0.00    0.00    0.00    0.00    24  |__Signal Dispatch
01:21:27 PM  1000         -    937370    0.00    0.00    0.00    0.00    0.00    22  |__Service Thread
01:21:27 PM  1000         -    937371    0.00    0.00    0.00    0.00    0.00    24  |__Monitor Deflati
01:21:27 PM  1000         -    937372    2.00    0.00    0.00    0.00    2.00    24  |__C2 CompilerThre
01:21:27 PM  1000         -    937373    0.00    0.00    0.00    0.00    0.00    22  |__C1 CompilerThre
01:21:27 PM  1000         -    937374    0.00    0.00    0.00    0.00    0.00    22  |__Notification Th
01:21:27 PM  1000         -    937375    0.00    0.00    0.00    0.00    0.00    26  |__Common-Cleaner
01:21:27 PM  1000         -    937643    0.00    0.00    0.00    0.00    0.00    22  |__vertx-blocked-t
01:21:27 PM  1000         -    937645    0.00    0.00    0.00    0.00    0.00    24  |__process reaper
01:21:27 PM  1000         -    937647    0.00    0.00    0.00    0.00    0.00    22  |__vertx-blocked-t
01:21:27 PM  1000         -    937649    0.00    0.00    0.00    0.00    0.00    26  |__vert.x-eventloo
01:21:27 PM  1000         -    937650    0.00    0.00    0.00    0.00    0.00    22  |__vert.x-acceptor
01:21:27 PM  1000         -    937651    0.00    0.00    0.00    0.00    0.00    22  |__GC Thread#1
01:21:27 PM  1000         -    937652    0.00    0.00    0.00    0.00    0.00    22  |__GC Thread#2
01:21:27 PM  1000         -    937654    0.00    0.00    0.00    0.00    0.00    24  |__vert.x-worker-t
01:21:27 PM  1000         -    937655    0.00    0.00    0.00    0.00    0.00    24  |__vert.x-eventloo
01:21:27 PM  1000         -    937656    0.00    0.00    0.00    0.00    0.00    22  |__vert.x-eventloo
01:21:27 PM  1000         -    937657    0.00    0.00    0.00    0.00    0.00    24  |__vert.x-eventloo
01:21:27 PM  1000         -    937658    0.00    0.00    0.00    0.00    0.00    26  |__CLI-scheduled-e
01:21:27 PM  1000         -    937659    0.00    0.00    0.00    0.00    0.00    26  |__vert.x-eventloo
01:21:27 PM  1000         -    937661    0.00    0.00    0.00    0.00    0.00    26  |__vert.x-worker-t
01:21:27 PM  1000         -    937662    0.00    0.00    0.00    0.00    0.00    22  |__vert.x-eventloo
01:21:27 PM  1000         -    937667    0.00    0.00    0.00    0.00    0.00    24  |__cpu-watchdog
01:21:27 PM  1000         -    937668    3.00    3.00    0.00    0.00    6.00    26  |__epollEventLoopG
01:21:27 PM  1000         -    937669    2.00    2.00    0.00    0.00    4.00    22  |__epollEventLoopG
01:21:27 PM  1000         -    937670    0.00    0.00    0.00    0.00    0.00    22  |__jitter-watchdog
01:21:27 PM  1000         -    937671    0.00    0.00    0.00    0.00    0.00    22  |__vert.x-worker-t

01:21:26 PM   UID      TGID       TID   cswch/s nvcswch/s  Command
01:21:27 PM  1000    937324         -      0.00      0.00  java
01:21:27 PM  1000         -    937324      0.00      0.00  |__java
01:21:27 PM  1000         -    937358      2.00      0.00  |__java
01:21:27 PM  1000         -    937359      0.00      0.00  |__GC Thread#0
01:21:27 PM  1000         -    937360      0.00      0.00  |__G1 Main Marker
01:21:27 PM  1000         -    937361      0.00      0.00  |__G1 Conc#0
01:21:27 PM  1000         -    937362      0.00      0.00  |__G1 Refine#0
01:21:27 PM  1000         -    937363      1.00      0.00  |__G1 Service
01:21:27 PM  1000         -    937365      0.00      0.00  |__VM Periodic Tas
01:21:27 PM  1000         -    937366      0.00      0.00  |__VM Thread
01:21:27 PM  1000         -    937367      0.00      0.00  |__Reference Handl
01:21:27 PM  1000         -    937368      0.00      0.00  |__Finalizer
01:21:27 PM  1000         -    937369      0.00      0.00  |__Signal Dispatch
01:21:27 PM  1000         -    937370      1.00      0.00  |__Service Thread
01:21:27 PM  1000         -    937371      4.00      0.00  |__Monitor Deflati
01:21:27 PM  1000         -    937372      9.00      1.00  |__C2 CompilerThre
01:21:27 PM  1000         -    937373     19.00      0.00  |__C1 CompilerThre
01:21:27 PM  1000         -    937374      0.00      0.00  |__Notification Th
01:21:27 PM  1000         -    937375      0.00      0.00  |__Common-Cleaner
01:21:27 PM  1000         -    937643      1.00      0.00  |__vertx-blocked-t
01:21:27 PM  1000         -    937645      0.00      0.00  |__process reaper
01:21:27 PM  1000         -    937647      1.00      0.00  |__vertx-blocked-t
01:21:27 PM  1000         -    937649      6.00      1.00  |__vert.x-eventloo
01:21:27 PM  1000         -    937650      0.00      0.00  |__vert.x-acceptor
01:21:27 PM  1000         -    937651      0.00      0.00  |__GC Thread#1
01:21:27 PM  1000         -    937652      0.00      0.00  |__GC Thread#2
01:21:27 PM  1000         -    937654      0.00      0.00  |__vert.x-worker-t
01:21:27 PM  1000         -    937655      0.00      0.00  |__vert.x-eventloo
01:21:27 PM  1000         -    937656      1.00      0.00  |__vert.x-eventloo
01:21:27 PM  1000         -    937657      2.00      0.00  |__vert.x-eventloo
01:21:27 PM  1000         -    937658      0.00      0.00  |__CLI-scheduled-e
01:21:27 PM  1000         -    937659      0.00      0.00  |__vert.x-eventloo
01:21:27 PM  1000         -    937661      0.00      0.00  |__vert.x-worker-t
01:21:27 PM  1000         -    937662      4.00      0.00  |__vert.x-eventloo
01:21:27 PM  1000         -    937667      0.00      0.00  |__cpu-watchdog
01:21:27 PM  1000         -    937668   2444.00      1.00  |__epollEventLoopG
01:21:27 PM  1000         -    937669   2455.00      3.00  |__epollEventLoopG
01:21:27 PM  1000         -    937670     20.00      0.00  |__jitter-watchdog
01:21:27 PM  1000         -    937671      0.00      0.00  |__vert.x-worker-t

01:21:27 PM   UID      TGID       TID    %usr %system  %guest   %wait    %CPU   CPU  Command
01:21:28 PM  1000    937324         -   25.00    4.00    0.00    0.00   29.00    24  java
01:21:28 PM  1000         -    937324    0.00    0.00    0.00    0.00    0.00    24  |__java
01:21:28 PM  1000         -    937358    0.00    0.00    0.00    0.00    0.00    24  |__java
01:21:28 PM  1000         -    937359    1.00    0.00    0.00    0.00    1.00    22  |__GC Thread#0
01:21:28 PM  1000         -    937360    0.00    0.00    0.00    0.00    0.00    24  |__G1 Main Marker
01:21:28 PM  1000         -    937361    0.00    0.00    0.00    0.00    0.00    22  |__G1 Conc#0
01:21:28 PM  1000         -    937362    0.00    0.00    0.00    0.00    0.00    24  |__G1 Refine#0
01:21:28 PM  1000         -    937363    0.00    0.00    0.00    0.00    0.00    24  |__G1 Service
01:21:28 PM  1000         -    937365    0.00    0.00    0.00    0.00    0.00    22  |__VM Periodic Tas
01:21:28 PM  1000         -    937366    0.00    0.00    0.00    0.00    0.00    26  |__VM Thread
01:21:28 PM  1000         -    937367    0.00    0.00    0.00    0.00    0.00    26  |__Reference Handl
01:21:28 PM  1000         -    937368    0.00    0.00    0.00    0.00    0.00    24  |__Finalizer
01:21:28 PM  1000         -    937369    0.00    0.00    0.00    0.00    0.00    24  |__Signal Dispatch
01:21:28 PM  1000         -    937370    0.00    0.00    0.00    0.00    0.00    22  |__Service Thread
01:21:28 PM  1000         -    937371    0.00    0.00    0.00    0.00    0.00    24  |__Monitor Deflati
01:21:28 PM  1000         -    937372   14.00    0.00    0.00    0.00   14.00    22  |__C2 CompilerThre
01:21:28 PM  1000         -    937373    2.00    0.00    0.00    0.00    2.00    24  |__C1 CompilerThre
01:21:28 PM  1000         -    937374    0.00    0.00    0.00    0.00    0.00    22  |__Notification Th
01:21:28 PM  1000         -    937375    0.00    0.00    0.00    0.00    0.00    26  |__Common-Cleaner
01:21:28 PM  1000         -    937643    0.00    0.00    0.00    0.00    0.00    22  |__vertx-blocked-t
01:21:28 PM  1000         -    937645    0.00    0.00    0.00    0.00    0.00    24  |__process reaper
01:21:28 PM  1000         -    937647    0.00    0.00    0.00    0.00    0.00    24  |__vertx-blocked-t
01:21:28 PM  1000         -    937649    2.00    0.00    0.00    0.00    2.00    26  |__vert.x-eventloo
01:21:28 PM  1000         -    937650    0.00    0.00    0.00    0.00    0.00    22  |__vert.x-acceptor
01:21:28 PM  1000         -    937651    0.00    0.00    0.00    0.00    0.00    24  |__GC Thread#1
01:21:28 PM  1000         -    937652    0.00    0.00    0.00    0.00    0.00    24  |__GC Thread#2
01:21:28 PM  1000         -    937654    0.00    0.00    0.00    0.00    0.00    24  |__vert.x-worker-t
01:21:28 PM  1000         -    937655    0.00    0.00    0.00    0.00    0.00    24  |__vert.x-eventloo
01:21:28 PM  1000         -    937656    0.00    0.00    0.00    0.00    0.00    22  |__vert.x-eventloo
01:21:28 PM  1000         -    937657    1.00    0.00    0.00    0.00    1.00    24  |__vert.x-eventloo
01:21:28 PM  1000         -    937658    0.00    0.00    0.00    0.00    0.00    26  |__CLI-scheduled-e
01:21:28 PM  1000         -    937659    0.00    0.00    0.00    0.00    0.00    26  |__vert.x-eventloo
01:21:28 PM  1000         -    937661    0.00    0.00    0.00    0.00    0.00    26  |__vert.x-worker-t
01:21:28 PM  1000         -    937662    0.00    0.00    0.00    0.00    0.00    22  |__vert.x-eventloo
01:21:28 PM  1000         -    937667    0.00    0.00    0.00    0.00    0.00    24  |__cpu-watchdog
01:21:28 PM  1000         -    937668    4.00    1.00    0.00    0.00    5.00    26  |__epollEventLoopG
01:21:28 PM  1000         -    937669    3.00    3.00    0.00    1.00    6.00    24  |__epollEventLoopG
01:21:28 PM  1000         -    937670    0.00    0.00    0.00    0.00    0.00    26  |__jitter-watchdog
01:21:28 PM  1000         -    937671    0.00    0.00    0.00    0.00    0.00    22  |__vert.x-worker-t

01:21:27 PM   UID      TGID       TID   cswch/s nvcswch/s  Command
01:21:28 PM  1000    937324         -      0.00      0.00  java
01:21:28 PM  1000         -    937324      0.00      0.00  |__java
01:21:28 PM  1000         -    937358      2.00      0.00  |__java
01:21:28 PM  1000         -    937359      8.00      0.00  |__GC Thread#0
01:21:28 PM  1000         -    937360      0.00      0.00  |__G1 Main Marker
01:21:28 PM  1000         -    937361      0.00      0.00  |__G1 Conc#0
01:21:28 PM  1000         -    937362      3.00      0.00  |__G1 Refine#0
01:21:28 PM  1000         -    937363      3.00      0.00  |__G1 Service
01:21:28 PM  1000         -    937365      0.00      0.00  |__VM Periodic Tas
01:21:28 PM  1000         -    937366      9.00      0.00  |__VM Thread
01:21:28 PM  1000         -    937367      2.00      0.00  |__Reference Handl
01:21:28 PM  1000         -    937368      0.00      0.00  |__Finalizer
01:21:28 PM  1000         -    937369      0.00      0.00  |__Signal Dispatch
01:21:28 PM  1000         -    937370      1.00      0.00  |__Service Thread
01:21:28 PM  1000         -    937371      4.00      0.00  |__Monitor Deflati
01:21:28 PM  1000         -    937372     32.00      3.00  |__C2 CompilerThre
01:21:28 PM  1000         -    937373     50.00      0.00  |__C1 CompilerThre
01:21:28 PM  1000         -    937374      0.00      0.00  |__Notification Th
01:21:28 PM  1000         -    937375      0.00      0.00  |__Common-Cleaner
01:21:28 PM  1000         -    937643      1.00      0.00  |__vertx-blocked-t
01:21:28 PM  1000         -    937645      0.00      0.00  |__process reaper
01:21:28 PM  1000         -    937647      1.00      0.00  |__vertx-blocked-t
01:21:28 PM  1000         -    937649      4.00      0.00  |__vert.x-eventloo
01:21:28 PM  1000         -    937650      0.00      0.00  |__vert.x-acceptor
01:21:28 PM  1000         -    937651      8.00      0.00  |__GC Thread#1
01:21:28 PM  1000         -    937652      8.00      0.00  |__GC Thread#2
01:21:28 PM  1000         -    937654      0.00      0.00  |__vert.x-worker-t
01:21:28 PM  1000         -    937655      0.00      0.00  |__vert.x-eventloo
01:21:28 PM  1000         -    937656      1.00      0.00  |__vert.x-eventloo
01:21:28 PM  1000         -    937657      2.00      0.00  |__vert.x-eventloo
01:21:28 PM  1000         -    937658      0.00      0.00  |__CLI-scheduled-e
01:21:28 PM  1000         -    937659      0.00      0.00  |__vert.x-eventloo
01:21:28 PM  1000         -    937661      0.00      0.00  |__vert.x-worker-t
01:21:28 PM  1000         -    937662      5.00      0.00  |__vert.x-eventloo
01:21:28 PM  1000         -    937667      0.00      0.00  |__cpu-watchdog
01:21:28 PM  1000         -    937668   2375.00      5.00  |__epollEventLoopG
01:21:28 PM  1000         -    937669   2310.00      2.00  |__epollEventLoopG
01:21:28 PM  1000         -    937670     20.00      0.00  |__jitter-watchdog
01:21:28 PM  1000         -    937671      0.00      0.00  |__vert.x-worker-t

01:21:28 PM   UID      TGID       TID    %usr %system  %guest   %wait    %CPU   CPU  Command
01:21:29 PM  1000    937324         -   24.00    4.00    0.00    0.00   28.00    24  java
01:21:29 PM  1000         -    937324    0.00    0.00    0.00    0.00    0.00    24  |__java
01:21:29 PM  1000         -    937358    0.00    0.00    0.00    0.00    0.00    22  |__java
01:21:29 PM  1000         -    937359    0.00    0.00    0.00    0.00    0.00    22  |__GC Thread#0
01:21:29 PM  1000         -    937360    0.00    0.00    0.00    0.00    0.00    24  |__G1 Main Marker
01:21:29 PM  1000         -    937361    0.00    0.00    0.00    0.00    0.00    22  |__G1 Conc#0
01:21:29 PM  1000         -    937362    0.00    0.00    0.00    0.00    0.00    22  |__G1 Refine#0
01:21:29 PM  1000         -    937363    0.00    0.00    0.00    0.00    0.00    24  |__G1 Service
01:21:29 PM  1000         -    937365    0.00    0.00    0.00    0.00    0.00    26  |__VM Periodic Tas
01:21:29 PM  1000         -    937366    0.00    0.00    0.00    0.00    0.00    26  |__VM Thread
01:21:29 PM  1000         -    937367    0.00    0.00    0.00    0.00    0.00    26  |__Reference Handl
01:21:29 PM  1000         -    937368    0.00    0.00    0.00    0.00    0.00    24  |__Finalizer
01:21:29 PM  1000         -    937369    0.00    0.00    0.00    0.00    0.00    24  |__Signal Dispatch
01:21:29 PM  1000         -    937370    0.00    0.00    0.00    0.00    0.00    22  |__Service Thread
01:21:29 PM  1000         -    937371    0.00    0.00    0.00    0.00    0.00    26  |__Monitor Deflati
01:21:29 PM  1000         -    937372   18.00    0.00    0.00    0.00   18.00    22  |__C2 CompilerThre
01:21:29 PM  1000         -    937373    0.00    0.00    0.00    0.00    0.00    26  |__C1 CompilerThre
01:21:29 PM  1000         -    937374    0.00    0.00    0.00    0.00    0.00    22  |__Notification Th
01:21:29 PM  1000         -    937375    0.00    0.00    0.00    0.00    0.00    26  |__Common-Cleaner
01:21:29 PM  1000         -    937643    0.00    0.00    0.00    0.00    0.00    22  |__vertx-blocked-t
01:21:29 PM  1000         -    937645    0.00    0.00    0.00    0.00    0.00    24  |__process reaper
01:21:29 PM  1000         -    937647    0.00    0.00    0.00    0.00    0.00    24  |__vertx-blocked-t
01:21:29 PM  1000         -    937649    0.00    0.00    0.00    0.00    0.00    22  |__vert.x-eventloo
01:21:29 PM  1000         -    937650    0.00    0.00    0.00    0.00    0.00    22  |__vert.x-acceptor
01:21:29 PM  1000         -    937651    0.00    0.00    0.00    0.00    0.00    24  |__GC Thread#1
01:21:29 PM  1000         -    937652    0.00    0.00    0.00    0.00    0.00    24  |__GC Thread#2
01:21:29 PM  1000         -    937654    0.00    0.00    0.00    0.00    0.00    24  |__vert.x-worker-t
01:21:29 PM  1000         -    937655    0.00    0.00    0.00    0.00    0.00    24  |__vert.x-eventloo
01:21:29 PM  1000         -    937656    0.00    0.00    0.00    0.00    0.00    22  |__vert.x-eventloo
01:21:29 PM  1000         -    937657    0.00    0.00    0.00    0.00    0.00    24  |__vert.x-eventloo
01:21:29 PM  1000         -    937658    0.00    0.00    0.00    0.00    0.00    26  |__CLI-scheduled-e
01:21:29 PM  1000         -    937659    0.00    0.00    0.00    0.00    0.00    26  |__vert.x-eventloo
01:21:29 PM  1000         -    937661    0.00    0.00    0.00    0.00    0.00    26  |__vert.x-worker-t
01:21:29 PM  1000         -    937662    0.00    0.00    0.00    0.00    0.00    22  |__vert.x-eventloo
01:21:29 PM  1000         -    937667    0.00    0.00    0.00    0.00    0.00    24  |__cpu-watchdog
01:21:29 PM  1000         -    937668    3.00    2.00    0.00    0.00    5.00    26  |__epollEventLoopG
01:21:29 PM  1000         -    937669    2.00    2.00    0.00    0.00    4.00    22  |__epollEventLoopG
01:21:29 PM  1000         -    937670    0.00    0.00    0.00    0.00    0.00    26  |__jitter-watchdog
01:21:29 PM  1000         -    937671    0.00    0.00    0.00    0.00    0.00    22  |__vert.x-worker-t

01:21:28 PM   UID      TGID       TID   cswch/s nvcswch/s  Command
01:21:29 PM  1000    937324         -      0.00      0.00  java
01:21:29 PM  1000         -    937324      0.00      0.00  |__java
01:21:29 PM  1000         -    937358      2.00      0.00  |__java
01:21:29 PM  1000         -    937359      0.00      0.00  |__GC Thread#0
01:21:29 PM  1000         -    937360      0.00      0.00  |__G1 Main Marker
01:21:29 PM  1000         -    937361      0.00      0.00  |__G1 Conc#0
01:21:29 PM  1000         -    937362     20.00      0.00  |__G1 Refine#0
01:21:29 PM  1000         -    937363      1.00      0.00  |__G1 Service
01:21:29 PM  1000         -    937365      1.00      0.00  |__VM Periodic Tas
01:21:29 PM  1000         -    937366      0.00      0.00  |__VM Thread
01:21:29 PM  1000         -    937367      0.00      0.00  |__Reference Handl
01:21:29 PM  1000         -    937368      0.00      0.00  |__Finalizer
01:21:29 PM  1000         -    937369      0.00      0.00  |__Signal Dispatch
01:21:29 PM  1000         -    937370      1.00      0.00  |__Service Thread
01:21:29 PM  1000         -    937371      4.00      0.00  |__Monitor Deflati
01:21:29 PM  1000         -    937372     13.00      0.00  |__C2 CompilerThre
01:21:29 PM  1000         -    937373     11.00      0.00  |__C1 CompilerThre
01:21:29 PM  1000         -    937374      0.00      0.00  |__Notification Th
01:21:29 PM  1000         -    937375      0.00      0.00  |__Common-Cleaner
01:21:29 PM  1000         -    937643      1.00      0.00  |__vertx-blocked-t
01:21:29 PM  1000         -    937645      0.00      0.00  |__process reaper
01:21:29 PM  1000         -    937647      1.00      0.00  |__vertx-blocked-t
01:21:29 PM  1000         -    937649      3.00      0.00  |__vert.x-eventloo
01:21:29 PM  1000         -    937650      0.00      0.00  |__vert.x-acceptor
01:21:29 PM  1000         -    937651      0.00      0.00  |__GC Thread#1
01:21:29 PM  1000         -    937652      0.00      0.00  |__GC Thread#2
01:21:29 PM  1000         -    937654      0.00      0.00  |__vert.x-worker-t
01:21:29 PM  1000         -    937655      0.00      0.00  |__vert.x-eventloo
01:21:29 PM  1000         -    937656      1.00      0.00  |__vert.x-eventloo
01:21:29 PM  1000         -    937657      2.00      0.00  |__vert.x-eventloo
01:21:29 PM  1000         -    937658      0.00      0.00  |__CLI-scheduled-e
01:21:29 PM  1000         -    937659      0.00      0.00  |__vert.x-eventloo
01:21:29 PM  1000         -    937661      0.00      0.00  |__vert.x-worker-t
01:21:29 PM  1000         -    937662      2.00      0.00  |__vert.x-eventloo
01:21:29 PM  1000         -    937667      0.00      0.00  |__cpu-watchdog
01:21:29 PM  1000         -    937668   2436.00      0.00  |__epollEventLoopG
01:21:29 PM  1000         -    937669   2349.00      0.00  |__epollEventLoopG
01:21:29 PM  1000         -    937670     20.00      0.00  |__jitter-watchdog
01:21:29 PM  1000         -    937671      0.00      0.00  |__vert.x-worker-t

01:21:29 PM   UID      TGID       TID    %usr %system  %guest   %wait    %CPU   CPU  Command
01:21:30 PM  1000    937324         -    7.00    6.00    0.00    0.00   13.00    24  java
01:21:30 PM  1000         -    937324    0.00    0.00    0.00    0.00    0.00    24  |__java
01:21:30 PM  1000         -    937358    0.00    0.00    0.00    0.00    0.00    26  |__java
01:21:30 PM  1000         -    937359    0.00    0.00    0.00    0.00    0.00    22  |__GC Thread#0
01:21:30 PM  1000         -    937360    0.00    0.00    0.00    0.00    0.00    24  |__G1 Main Marker
01:21:30 PM  1000         -    937361    0.00    0.00    0.00    0.00    0.00    22  |__G1 Conc#0
01:21:30 PM  1000         -    937362    0.00    0.00    0.00    0.00    0.00    22  |__G1 Refine#0
01:21:30 PM  1000         -    937363    0.00    0.00    0.00    0.00    0.00    24  |__G1 Service
01:21:30 PM  1000         -    937365    0.00    0.00    0.00    0.00    0.00    26  |__VM Periodic Tas
01:21:30 PM  1000         -    937366    0.00    0.00    0.00    0.00    0.00    26  |__VM Thread
01:21:30 PM  1000         -    937367    0.00    0.00    0.00    0.00    0.00    26  |__Reference Handl
01:21:30 PM  1000         -    937368    0.00    0.00    0.00    0.00    0.00    24  |__Finalizer
01:21:30 PM  1000         -    937369    0.00    0.00    0.00    0.00    0.00    24  |__Signal Dispatch
01:21:30 PM  1000         -    937370    0.00    0.00    0.00    0.00    0.00    22  |__Service Thread
01:21:30 PM  1000         -    937371    0.00    0.00    0.00    0.00    0.00    26  |__Monitor Deflati
01:21:30 PM  1000         -    937372    1.00    0.00    0.00    0.00    1.00    24  |__C2 CompilerThre
01:21:30 PM  1000         -    937373    1.00    0.00    0.00    0.00    1.00    26  |__C1 CompilerThre
01:21:30 PM  1000         -    937374    0.00    0.00    0.00    0.00    0.00    22  |__Notification Th
01:21:30 PM  1000         -    937375    0.00    0.00    0.00    0.00    0.00    26  |__Common-Cleaner
01:21:30 PM  1000         -    937643    0.00    0.00    0.00    0.00    0.00    22  |__vertx-blocked-t
01:21:30 PM  1000         -    937645    0.00    0.00    0.00    0.00    0.00    24  |__process reaper
01:21:30 PM  1000         -    937647    0.00    0.00    0.00    0.00    0.00    24  |__vertx-blocked-t
01:21:30 PM  1000         -    937649    0.00    0.00    0.00    0.00    0.00    22  |__vert.x-eventloo
01:21:30 PM  1000         -    937650    0.00    0.00    0.00    0.00    0.00    22  |__vert.x-acceptor
01:21:30 PM  1000         -    937651    0.00    0.00    0.00    0.00    0.00    24  |__GC Thread#1
01:21:30 PM  1000         -    937652    0.00    0.00    0.00    0.00    0.00    24  |__GC Thread#2
01:21:30 PM  1000         -    937654    0.00    0.00    0.00    0.00    0.00    24  |__vert.x-worker-t
01:21:30 PM  1000         -    937655    0.00    0.00    0.00    0.00    0.00    24  |__vert.x-eventloo
01:21:30 PM  1000         -    937656    0.00    0.00    0.00    0.00    0.00    22  |__vert.x-eventloo
01:21:30 PM  1000         -    937657    0.00    0.00    0.00    0.00    0.00    22  |__vert.x-eventloo
01:21:30 PM  1000         -    937658    0.00    0.00    0.00    0.00    0.00    26  |__CLI-scheduled-e
01:21:30 PM  1000         -    937659    0.00    0.00    0.00    0.00    0.00    26  |__vert.x-eventloo
01:21:30 PM  1000         -    937661    0.00    0.00    0.00    0.00    0.00    26  |__vert.x-worker-t
01:21:30 PM  1000         -    937662    1.00    0.00    0.00    0.00    1.00    22  |__vert.x-eventloo
01:21:30 PM  1000         -    937667    0.00    0.00    0.00    0.00    0.00    24  |__cpu-watchdog
01:21:30 PM  1000         -    937668    2.00    2.00    0.00    0.00    4.00    26  |__epollEventLoopG
01:21:30 PM  1000         -    937669    3.00    3.00    0.00    0.00    6.00    22  |__epollEventLoopG
01:21:30 PM  1000         -    937670    0.00    0.00    0.00    0.00    0.00    24  |__jitter-watchdog
01:21:30 PM  1000         -    937671    0.00    0.00    0.00    0.00    0.00    22  |__vert.x-worker-t

01:21:29 PM   UID      TGID       TID   cswch/s nvcswch/s  Command
01:21:30 PM  1000    937324         -      0.00      0.00  java
01:21:30 PM  1000         -    937324      0.00      0.00  |__java
01:21:30 PM  1000         -    937358      2.00      0.00  |__java
01:21:30 PM  1000         -    937359      0.00      0.00  |__GC Thread#0
01:21:30 PM  1000         -    937360      0.00      0.00  |__G1 Main Marker
01:21:30 PM  1000         -    937361      0.00      0.00  |__G1 Conc#0
01:21:30 PM  1000         -    937362     19.00      0.00  |__G1 Refine#0
01:21:30 PM  1000         -    937363      1.00      0.00  |__G1 Service
01:21:30 PM  1000         -    937365      0.00      0.00  |__VM Periodic Tas
01:21:30 PM  1000         -    937366      0.00      0.00  |__VM Thread
01:21:30 PM  1000         -    937367      0.00      0.00  |__Reference Handl
01:21:30 PM  1000         -    937368      0.00      0.00  |__Finalizer
01:21:30 PM  1000         -    937369      0.00      0.00  |__Signal Dispatch
01:21:30 PM  1000         -    937370      1.00      0.00  |__Service Thread
01:21:30 PM  1000         -    937371      4.00      0.00  |__Monitor Deflati
01:21:30 PM  1000         -    937372     11.00      0.00  |__C2 CompilerThre
01:21:30 PM  1000         -    937373      9.00      0.00  |__C1 CompilerThre
01:21:30 PM  1000         -    937374      0.00      0.00  |__Notification Th
01:21:30 PM  1000         -    937375      0.00      0.00  |__Common-Cleaner
01:21:30 PM  1000         -    937643      1.00      0.00  |__vertx-blocked-t
01:21:30 PM  1000         -    937645      0.00      0.00  |__process reaper
01:21:30 PM  1000         -    937647      1.00      0.00  |__vertx-blocked-t
01:21:30 PM  1000         -    937649      3.00      0.00  |__vert.x-eventloo
01:21:30 PM  1000         -    937650      0.00      0.00  |__vert.x-acceptor
01:21:30 PM  1000         -    937651      0.00      0.00  |__GC Thread#1
01:21:30 PM  1000         -    937652      0.00      0.00  |__GC Thread#2
01:21:30 PM  1000         -    937654      0.00      0.00  |__vert.x-worker-t
01:21:30 PM  1000         -    937655      0.00      0.00  |__vert.x-eventloo
01:21:30 PM  1000         -    937656      1.00      0.00  |__vert.x-eventloo
01:21:30 PM  1000         -    937657      3.00      0.00  |__vert.x-eventloo
01:21:30 PM  1000         -    937658      0.00      0.00  |__CLI-scheduled-e
01:21:30 PM  1000         -    937659      0.00      0.00  |__vert.x-eventloo
01:21:30 PM  1000         -    937661      0.00      0.00  |__vert.x-worker-t
01:21:30 PM  1000         -    937662      2.00      0.00  |__vert.x-eventloo
01:21:30 PM  1000         -    937667      0.00      0.00  |__cpu-watchdog
01:21:30 PM  1000         -    937668   2476.00      0.00  |__epollEventLoopG
01:21:30 PM  1000         -    937669   2532.00      0.00  |__epollEventLoopG
01:21:30 PM  1000         -    937670     20.00      0.00  |__jitter-watchdog
01:21:30 PM  1000         -    937671      0.00      0.00  |__vert.x-worker-t

01:21:30 PM   UID      TGID       TID    %usr %system  %guest   %wait    %CPU   CPU  Command
01:21:31 PM  1000    937324         -   10.00    5.00    0.00    0.00   15.00    24  java
01:21:31 PM  1000         -    937324    0.00    0.00    0.00    0.00    0.00    24  |__java
01:21:31 PM  1000         -    937358    0.00    0.00    0.00    0.00    0.00    26  |__java
01:21:31 PM  1000         -    937359    0.00    0.00    0.00    0.00    0.00    22  |__GC Thread#0
01:21:31 PM  1000         -    937360    0.00    0.00    0.00    0.00    0.00    24  |__G1 Main Marker
01:21:31 PM  1000         -    937361    0.00    0.00    0.00    0.00    0.00    22  |__G1 Conc#0
01:21:31 PM  1000         -    937362    0.00    0.00    0.00    0.00    0.00    22  |__G1 Refine#0
01:21:31 PM  1000         -    937363    0.00    0.00    0.00    0.00    0.00    24  |__G1 Service
01:21:31 PM  1000         -    937365    0.00    0.00    0.00    0.00    0.00    26  |__VM Periodic Tas
01:21:31 PM  1000         -    937366    0.00    0.00    0.00    0.00    0.00    26  |__VM Thread
01:21:31 PM  1000         -    937367    0.00    0.00    0.00    0.00    0.00    26  |__Reference Handl
01:21:31 PM  1000         -    937368    0.00    0.00    0.00    0.00    0.00    24  |__Finalizer
01:21:31 PM  1000         -    937369    0.00    0.00    0.00    0.00    0.00    24  |__Signal Dispatch
01:21:31 PM  1000         -    937370    0.00    0.00    0.00    0.00    0.00    22  |__Service Thread
01:21:31 PM  1000         -    937371    0.00    0.00    0.00    0.00    0.00    26  |__Monitor Deflati
01:21:31 PM  1000         -    937372    5.00    0.00    0.00    0.00    5.00    26  |__C2 CompilerThre
01:21:31 PM  1000         -    937373    0.00    0.00    0.00    0.00    0.00    22  |__C1 CompilerThre
01:21:31 PM  1000         -    937374    0.00    0.00    0.00    0.00    0.00    22  |__Notification Th
01:21:31 PM  1000         -    937375    0.00    0.00    0.00    0.00    0.00    26  |__Common-Cleaner
01:21:31 PM  1000         -    937643    0.00    0.00    0.00    0.00    0.00    22  |__vertx-blocked-t
01:21:31 PM  1000         -    937645    0.00    0.00    0.00    0.00    0.00    24  |__process reaper
01:21:31 PM  1000         -    937647    0.00    0.00    0.00    0.00    0.00    24  |__vertx-blocked-t
01:21:31 PM  1000         -    937649    0.00    0.00    0.00    0.00    0.00    26  |__vert.x-eventloo
01:21:31 PM  1000         -    937650    0.00    0.00    0.00    0.00    0.00    22  |__vert.x-acceptor
01:21:31 PM  1000         -    937651    0.00    0.00    0.00    0.00    0.00    24  |__GC Thread#1
01:21:31 PM  1000         -    937652    0.00    0.00    0.00    0.00    0.00    24  |__GC Thread#2
01:21:31 PM  1000         -    937654    0.00    0.00    0.00    0.00    0.00    24  |__vert.x-worker-t
01:21:31 PM  1000         -    937655    0.00    0.00    0.00    0.00    0.00    24  |__vert.x-eventloo
01:21:31 PM  1000         -    937656    0.00    0.00    0.00    0.00    0.00    22  |__vert.x-eventloo
01:21:31 PM  1000         -    937657    0.00    0.00    0.00    0.00    0.00    24  |__vert.x-eventloo
01:21:31 PM  1000         -    937658    0.00    0.00    0.00    0.00    0.00    26  |__CLI-scheduled-e
01:21:31 PM  1000         -    937659    0.00    0.00    0.00    0.00    0.00    26  |__vert.x-eventloo
01:21:31 PM  1000         -    937661    0.00    0.00    0.00    0.00    0.00    26  |__vert.x-worker-t
01:21:31 PM  1000         -    937662    0.00    0.00    0.00    0.00    0.00    26  |__vert.x-eventloo
01:21:31 PM  1000         -    937667    0.00    0.00    0.00    0.00    0.00    24  |__cpu-watchdog
01:21:31 PM  1000         -    937668    3.00    3.00    0.00    0.00    6.00    22  |__epollEventLoopG
01:21:31 PM  1000         -    937669    3.00    2.00    0.00    0.00    5.00    26  |__epollEventLoopG
01:21:31 PM  1000         -    937670    0.00    0.00    0.00    0.00    0.00    24  |__jitter-watchdog
01:21:31 PM  1000         -    937671    0.00    0.00    0.00    0.00    0.00    22  |__vert.x-worker-t

01:21:30 PM   UID      TGID       TID   cswch/s nvcswch/s  Command
01:21:31 PM  1000    937324         -      0.00      0.00  java
01:21:31 PM  1000         -    937324      0.00      0.00  |__java
01:21:31 PM  1000         -    937358      2.00      0.00  |__java
01:21:31 PM  1000         -    937359      0.00      0.00  |__GC Thread#0
01:21:31 PM  1000         -    937360      0.00      0.00  |__G1 Main Marker
01:21:31 PM  1000         -    937361      0.00      0.00  |__G1 Conc#0
01:21:31 PM  1000         -    937362     20.00      0.00  |__G1 Refine#0
01:21:31 PM  1000         -    937363      1.00      0.00  |__G1 Service
01:21:31 PM  1000         -    937365      0.00      0.00  |__VM Periodic Tas
01:21:31 PM  1000         -    937366      0.00      0.00  |__VM Thread
01:21:31 PM  1000         -    937367      0.00      0.00  |__Reference Handl
01:21:31 PM  1000         -    937368      0.00      0.00  |__Finalizer
01:21:31 PM  1000         -    937369      0.00      0.00  |__Signal Dispatch
01:21:31 PM  1000         -    937370      1.00      0.00  |__Service Thread
01:21:31 PM  1000         -    937371      4.00      0.00  |__Monitor Deflati
01:21:31 PM  1000         -    937372     11.00      1.00  |__C2 CompilerThre
01:21:31 PM  1000         -    937373     11.00      0.00  |__C1 CompilerThre
01:21:31 PM  1000         -    937374      0.00      0.00  |__Notification Th
01:21:31 PM  1000         -    937375      0.00      0.00  |__Common-Cleaner
01:21:31 PM  1000         -    937643      1.00      0.00  |__vertx-blocked-t
01:21:31 PM  1000         -    937645      0.00      0.00  |__process reaper
01:21:31 PM  1000         -    937647      1.00      0.00  |__vertx-blocked-t
01:21:31 PM  1000         -    937649      5.00      0.00  |__vert.x-eventloo
01:21:31 PM  1000         -    937650      0.00      0.00  |__vert.x-acceptor
01:21:31 PM  1000         -    937651      0.00      0.00  |__GC Thread#1
01:21:31 PM  1000         -    937652      0.00      0.00  |__GC Thread#2
01:21:31 PM  1000         -    937654      0.00      0.00  |__vert.x-worker-t
01:21:31 PM  1000         -    937655      0.00      0.00  |__vert.x-eventloo
01:21:31 PM  1000         -    937656      1.00      0.00  |__vert.x-eventloo
01:21:31 PM  1000         -    937657      2.00      0.00  |__vert.x-eventloo
01:21:31 PM  1000         -    937658      0.00      0.00  |__CLI-scheduled-e
01:21:31 PM  1000         -    937659      0.00      0.00  |__vert.x-eventloo
01:21:31 PM  1000         -    937661      0.00      0.00  |__vert.x-worker-t
01:21:31 PM  1000         -    937662      2.00      0.00  |__vert.x-eventloo
01:21:31 PM  1000         -    937667      1.00      0.00  |__cpu-watchdog
01:21:31 PM  1000         -    937668   2465.00      0.00  |__epollEventLoopG
01:21:31 PM  1000         -    937669   2483.00      0.00  |__epollEventLoopG
01:21:31 PM  1000         -    937670     20.00      0.00  |__jitter-watchdog
01:21:31 PM  1000         -    937671      0.00      0.00  |__vert.x-worker-t

01:21:31 PM   UID      TGID       TID    %usr %system  %guest   %wait    %CPU   CPU  Command
01:21:32 PM  1000    937324         -    6.00    5.00    0.00    0.00   11.00    24  java
01:21:32 PM  1000         -    937324    0.00    0.00    0.00    0.00    0.00    24  |__java
01:21:32 PM  1000         -    937358    0.00    0.00    0.00    0.00    0.00    24  |__java
01:21:32 PM  1000         -    937359    0.00    0.00    0.00    0.00    0.00    22  |__GC Thread#0
01:21:32 PM  1000         -    937360    0.00    0.00    0.00    0.00    0.00    24  |__G1 Main Marker
01:21:32 PM  1000         -    937361    0.00    0.00    0.00    0.00    0.00    22  |__G1 Conc#0
01:21:32 PM  1000         -    937362    0.00    0.00    0.00    0.00    0.00    22  |__G1 Refine#0
01:21:32 PM  1000         -    937363    0.00    0.00    0.00    0.00    0.00    24  |__G1 Service
01:21:32 PM  1000         -    937365    0.00    0.00    0.00    0.00    0.00    26  |__VM Periodic Tas
01:21:32 PM  1000         -    937366    0.00    0.00    0.00    0.00    0.00    26  |__VM Thread
01:21:32 PM  1000         -    937367    0.00    0.00    0.00    0.00    0.00    26  |__Reference Handl
01:21:32 PM  1000         -    937368    0.00    0.00    0.00    0.00    0.00    24  |__Finalizer
01:21:32 PM  1000         -    937369    0.00    0.00    0.00    0.00    0.00    24  |__Signal Dispatch
01:21:32 PM  1000         -    937370    0.00    0.00    0.00    0.00    0.00    22  |__Service Thread
01:21:32 PM  1000         -    937371    0.00    0.00    0.00    0.00    0.00    26  |__Monitor Deflati
01:21:32 PM  1000         -    937372    0.00    0.00    0.00    0.00    0.00    24  |__C2 CompilerThre
01:21:32 PM  1000         -    937373    1.00    0.00    0.00    0.00    1.00    26  |__C1 CompilerThre
01:21:32 PM  1000         -    937374    0.00    0.00    0.00    0.00    0.00    22  |__Notification Th
01:21:32 PM  1000         -    937375    0.00    0.00    0.00    0.00    0.00    26  |__Common-Cleaner
01:21:32 PM  1000         -    937643    0.00    0.00    0.00    0.00    0.00    22  |__vertx-blocked-t
01:21:32 PM  1000         -    937645    0.00    0.00    0.00    0.00    0.00    24  |__process reaper
01:21:32 PM  1000         -    937647    0.00    0.00    0.00    0.00    0.00    24  |__vertx-blocked-t
01:21:32 PM  1000         -    937649    0.00    0.00    0.00    0.00    0.00    26  |__vert.x-eventloo
01:21:32 PM  1000         -    937650    0.00    0.00    0.00    0.00    0.00    22  |__vert.x-acceptor
01:21:32 PM  1000         -    937651    0.00    0.00    0.00    0.00    0.00    24  |__GC Thread#1
01:21:32 PM  1000         -    937652    0.00    0.00    0.00    0.00    0.00    24  |__GC Thread#2
01:21:32 PM  1000         -    937654    0.00    0.00    0.00    0.00    0.00    24  |__vert.x-worker-t
01:21:32 PM  1000         -    937655    0.00    0.00    0.00    0.00    0.00    24  |__vert.x-eventloo
01:21:32 PM  1000         -    937656    0.00    0.00    0.00    0.00    0.00    22  |__vert.x-eventloo
01:21:32 PM  1000         -    937657    0.00    0.00    0.00    0.00    0.00    24  |__vert.x-eventloo
01:21:32 PM  1000         -    937658    0.00    0.00    0.00    0.00    0.00    26  |__CLI-scheduled-e
01:21:32 PM  1000         -    937659    0.00    0.00    0.00    0.00    0.00    26  |__vert.x-eventloo
01:21:32 PM  1000         -    937661    0.00    0.00    0.00    0.00    0.00    26  |__vert.x-worker-t
01:21:32 PM  1000         -    937662    0.00    0.00    0.00    0.00    0.00    26  |__vert.x-eventloo
01:21:32 PM  1000         -    937667    0.00    0.00    0.00    0.00    0.00    24  |__cpu-watchdog
01:21:32 PM  1000         -    937668    2.00    2.00    0.00    0.00    4.00    24  |__epollEventLoopG
01:21:32 PM  1000         -    937669    2.00    2.00    0.00    0.00    4.00    22  |__epollEventLoopG
01:21:32 PM  1000         -    937670    0.00    0.00    0.00    0.00    0.00    22  |__jitter-watchdog
01:21:32 PM  1000         -    937671    0.00    0.00    0.00    0.00    0.00    22  |__vert.x-worker-t

01:21:31 PM   UID      TGID       TID   cswch/s nvcswch/s  Command
01:21:32 PM  1000    937324         -      0.00      0.00  java
01:21:32 PM  1000         -    937324      0.00      0.00  |__java
01:21:32 PM  1000         -    937358      2.00      0.00  |__java
01:21:32 PM  1000         -    937359      0.00      0.00  |__GC Thread#0
01:21:32 PM  1000         -    937360      0.00      0.00  |__G1 Main Marker
01:21:32 PM  1000         -    937361      0.00      0.00  |__G1 Conc#0
01:21:32 PM  1000         -    937362     20.00      0.00  |__G1 Refine#0
01:21:32 PM  1000         -    937363      1.00      0.00  |__G1 Service
01:21:32 PM  1000         -    937365      0.00      0.00  |__VM Periodic Tas
01:21:32 PM  1000         -    937366      0.00      0.00  |__VM Thread
01:21:32 PM  1000         -    937367      0.00      0.00  |__Reference Handl
01:21:32 PM  1000         -    937368      0.00      0.00  |__Finalizer
01:21:32 PM  1000         -    937369      0.00      0.00  |__Signal Dispatch
01:21:32 PM  1000         -    937370      1.00      0.00  |__Service Thread
01:21:32 PM  1000         -    937371      4.00      0.00  |__Monitor Deflati
01:21:32 PM  1000         -    937372     14.00      0.00  |__C2 CompilerThre
01:21:32 PM  1000         -    937373      9.00      0.00  |__C1 CompilerThre
01:21:32 PM  1000         -    937374      0.00      0.00  |__Notification Th
01:21:32 PM  1000         -    937375      0.00      0.00  |__Common-Cleaner
01:21:32 PM  1000         -    937643      1.00      0.00  |__vertx-blocked-t
01:21:32 PM  1000         -    937645      0.00      0.00  |__process reaper
01:21:32 PM  1000         -    937647      2.00      0.00  |__vertx-blocked-t
01:21:32 PM  1000         -    937649      3.00      0.00  |__vert.x-eventloo
01:21:32 PM  1000         -    937650      0.00      0.00  |__vert.x-acceptor
01:21:32 PM  1000         -    937651      0.00      0.00  |__GC Thread#1
01:21:32 PM  1000         -    937652      0.00      0.00  |__GC Thread#2
01:21:32 PM  1000         -    937654      0.00      0.00  |__vert.x-worker-t
01:21:32 PM  1000         -    937655      0.00      0.00  |__vert.x-eventloo
01:21:32 PM  1000         -    937656      1.00      0.00  |__vert.x-eventloo
01:21:32 PM  1000         -    937657      2.00      0.00  |__vert.x-eventloo
01:21:32 PM  1000         -    937658      0.00      0.00  |__CLI-scheduled-e
01:21:32 PM  1000         -    937659      0.00      0.00  |__vert.x-eventloo
01:21:32 PM  1000         -    937661      0.00      0.00  |__vert.x-worker-t
01:21:32 PM  1000         -    937662      1.00      0.00  |__vert.x-eventloo
01:21:32 PM  1000         -    937667      0.00      0.00  |__cpu-watchdog
01:21:32 PM  1000         -    937668   2425.00      0.00  |__epollEventLoopG
01:21:32 PM  1000         -    937669   2355.00      0.00  |__epollEventLoopG
01:21:32 PM  1000         -    937670     20.00      0.00  |__jitter-watchdog
01:21:32 PM  1000         -    937671      0.00      0.00  |__vert.x-worker-t

01:21:32 PM   UID      TGID       TID    %usr %system  %guest   %wait    %CPU   CPU  Command
01:21:33 PM  1000    937324         -    5.00    5.00    0.00    0.00   10.00    24  java
01:21:33 PM  1000         -    937324    0.00    0.00    0.00    0.00    0.00    24  |__java
01:21:33 PM  1000         -    937358    0.00    0.00    0.00    0.00    0.00    24  |__java
01:21:33 PM  1000         -    937359    0.00    0.00    0.00    0.00    0.00    22  |__GC Thread#0
01:21:33 PM  1000         -    937360    0.00    0.00    0.00    0.00    0.00    24  |__G1 Main Marker
01:21:33 PM  1000         -    937361    0.00    0.00    0.00    0.00    0.00    22  |__G1 Conc#0
01:21:33 PM  1000         -    937362    0.00    0.00    0.00    0.00    0.00    22  |__G1 Refine#0
01:21:33 PM  1000         -    937363    0.00    0.00    0.00    0.00    0.00    24  |__G1 Service
01:21:33 PM  1000         -    937365    0.00    0.00    0.00    0.00    0.00    26  |__VM Periodic Tas
01:21:33 PM  1000         -    937366    0.00    0.00    0.00    0.00    0.00    26  |__VM Thread
01:21:33 PM  1000         -    937367    0.00    0.00    0.00    0.00    0.00    26  |__Reference Handl
01:21:33 PM  1000         -    937368    0.00    0.00    0.00    0.00    0.00    24  |__Finalizer
01:21:33 PM  1000         -    937369    0.00    0.00    0.00    0.00    0.00    24  |__Signal Dispatch
01:21:33 PM  1000         -    937370    0.00    0.00    0.00    0.00    0.00    22  |__Service Thread
01:21:33 PM  1000         -    937371    0.00    0.00    0.00    0.00    0.00    26  |__Monitor Deflati
01:21:33 PM  1000         -    937372    0.00    0.00    0.00    0.00    0.00    24  |__C2 CompilerThre
01:21:33 PM  1000         -    937373    0.00    0.00    0.00    0.00    0.00    26  |__C1 CompilerThre
01:21:33 PM  1000         -    937374    0.00    0.00    0.00    0.00    0.00    22  |__Notification Th
01:21:33 PM  1000         -    937375    0.00    0.00    0.00    0.00    0.00    26  |__Common-Cleaner
01:21:33 PM  1000         -    937643    0.00    0.00    0.00    0.00    0.00    22  |__vertx-blocked-t
01:21:33 PM  1000         -    937645    0.00    0.00    0.00    0.00    0.00    24  |__process reaper
01:21:33 PM  1000         -    937647    0.00    0.00    0.00    0.00    0.00    24  |__vertx-blocked-t
01:21:33 PM  1000         -    937649    1.00    0.00    0.00    0.00    1.00    24  |__vert.x-eventloo
01:21:33 PM  1000         -    937650    0.00    0.00    0.00    0.00    0.00    22  |__vert.x-acceptor
01:21:33 PM  1000         -    937651    0.00    0.00    0.00    0.00    0.00    24  |__GC Thread#1
01:21:33 PM  1000         -    937652    0.00    0.00    0.00    0.00    0.00    24  |__GC Thread#2
01:21:33 PM  1000         -    937654    0.00    0.00    0.00    0.00    0.00    24  |__vert.x-worker-t
01:21:33 PM  1000         -    937655    0.00    0.00    0.00    0.00    0.00    24  |__vert.x-eventloo
01:21:33 PM  1000         -    937656    0.00    0.00    0.00    0.00    0.00    22  |__vert.x-eventloo
01:21:33 PM  1000         -    937657    1.00    0.00    0.00    0.00    1.00    22  |__vert.x-eventloo
01:21:33 PM  1000         -    937658    0.00    0.00    0.00    0.00    0.00    26  |__CLI-scheduled-e
01:21:33 PM  1000         -    937659    0.00    0.00    0.00    0.00    0.00    26  |__vert.x-eventloo
01:21:33 PM  1000         -    937661    0.00    0.00    0.00    0.00    0.00    26  |__vert.x-worker-t
01:21:33 PM  1000         -    937662    0.00    0.00    0.00    0.00    0.00    26  |__vert.x-eventloo
01:21:33 PM  1000         -    937667    0.00    0.00    0.00    0.00    0.00    24  |__cpu-watchdog
01:21:33 PM  1000         -    937668    2.00    3.00    0.00    0.00    5.00    22  |__epollEventLoopG
01:21:33 PM  1000         -    937669    2.00    3.00    0.00    0.00    5.00    24  |__epollEventLoopG
01:21:33 PM  1000         -    937670    0.00    0.00    0.00    0.00    0.00    22  |__jitter-watchdog
01:21:33 PM  1000         -    937671    0.00    0.00    0.00    0.00    0.00    22  |__vert.x-worker-t

01:21:32 PM   UID      TGID       TID   cswch/s nvcswch/s  Command
01:21:33 PM  1000    937324         -      0.00      0.00  java
01:21:33 PM  1000         -    937324      0.00      0.00  |__java
01:21:33 PM  1000         -    937358      1.00      0.00  |__java
01:21:33 PM  1000         -    937359      0.00      0.00  |__GC Thread#0
01:21:33 PM  1000         -    937360      0.00      0.00  |__G1 Main Marker
01:21:33 PM  1000         -    937361      0.00      0.00  |__G1 Conc#0
01:21:33 PM  1000         -    937362     20.00      0.00  |__G1 Refine#0
01:21:33 PM  1000         -    937363      1.00      0.00  |__G1 Service
01:21:33 PM  1000         -    937365      0.00      0.00  |__VM Periodic Tas
01:21:33 PM  1000         -    937366      0.00      0.00  |__VM Thread
01:21:33 PM  1000         -    937367      0.00      0.00  |__Reference Handl
01:21:33 PM  1000         -    937368      0.00      0.00  |__Finalizer
01:21:33 PM  1000         -    937369      0.00      0.00  |__Signal Dispatch
01:21:33 PM  1000         -    937370      1.00      0.00  |__Service Thread
01:21:33 PM  1000         -    937371      4.00      0.00  |__Monitor Deflati
01:21:33 PM  1000         -    937372     14.00      0.00  |__C2 CompilerThre
01:21:33 PM  1000         -    937373      7.00      0.00  |__C1 CompilerThre
01:21:33 PM  1000         -    937374      0.00      0.00  |__Notification Th
01:21:33 PM  1000         -    937375      0.00      0.00  |__Common-Cleaner
01:21:33 PM  1000         -    937643      1.00      0.00  |__vertx-blocked-t
01:21:33 PM  1000         -    937645      0.00      0.00  |__process reaper
01:21:33 PM  1000         -    937647      1.00      0.00  |__vertx-blocked-t
01:21:33 PM  1000         -    937649      3.00      0.00  |__vert.x-eventloo
01:21:33 PM  1000         -    937650      0.00      0.00  |__vert.x-acceptor
01:21:33 PM  1000         -    937651      0.00      0.00  |__GC Thread#1
01:21:33 PM  1000         -    937652      0.00      0.00  |__GC Thread#2
01:21:33 PM  1000         -    937654      0.00      0.00  |__vert.x-worker-t
01:21:33 PM  1000         -    937655      0.00      0.00  |__vert.x-eventloo
01:21:33 PM  1000         -    937656      1.00      0.00  |__vert.x-eventloo
01:21:33 PM  1000         -    937657      2.00      1.00  |__vert.x-eventloo
01:21:33 PM  1000         -    937658      0.00      0.00  |__CLI-scheduled-e
01:21:33 PM  1000         -    937659      0.00      0.00  |__vert.x-eventloo
01:21:33 PM  1000         -    937661      0.00      0.00  |__vert.x-worker-t
01:21:33 PM  1000         -    937662      1.00      0.00  |__vert.x-eventloo
01:21:33 PM  1000         -    937667      0.00      0.00  |__cpu-watchdog
01:21:33 PM  1000         -    937668   2535.00      0.00  |__epollEventLoopG
01:21:33 PM  1000         -    937669   2497.00      0.00  |__epollEventLoopG
01:21:33 PM  1000         -    937670     20.00      0.00  |__jitter-watchdog
01:21:33 PM  1000         -    937671      0.00      0.00  |__vert.x-worker-t

01:21:33 PM   UID      TGID       TID    %usr %system  %guest   %wait    %CPU   CPU  Command
01:21:34 PM  1000    937324         -    4.00    7.00    0.00    0.00   11.00    24  java
01:21:34 PM  1000         -    937324    0.00    0.00    0.00    0.00    0.00    24  |__java
01:21:34 PM  1000         -    937358    0.00    0.00    0.00    0.00    0.00    24  |__java
01:21:34 PM  1000         -    937359    0.00    0.00    0.00    0.00    0.00    22  |__GC Thread#0
01:21:34 PM  1000         -    937360    0.00    0.00    0.00    0.00    0.00    24  |__G1 Main Marker
01:21:34 PM  1000         -    937361    0.00    0.00    0.00    0.00    0.00    22  |__G1 Conc#0
01:21:34 PM  1000         -    937362    0.00    0.00    0.00    0.00    0.00    22  |__G1 Refine#0
01:21:34 PM  1000         -    937363    0.00    0.00    0.00    0.00    0.00    24  |__G1 Service
01:21:34 PM  1000         -    937365    0.00    0.00    0.00    0.00    0.00    26  |__VM Periodic Tas
01:21:34 PM  1000         -    937366    0.00    0.00    0.00    0.00    0.00    26  |__VM Thread
01:21:34 PM  1000         -    937367    0.00    0.00    0.00    0.00    0.00    26  |__Reference Handl
01:21:34 PM  1000         -    937368    0.00    0.00    0.00    0.00    0.00    24  |__Finalizer
01:21:34 PM  1000         -    937369    0.00    0.00    0.00    0.00    0.00    24  |__Signal Dispatch
01:21:34 PM  1000         -    937370    0.00    0.00    0.00    0.00    0.00    22  |__Service Thread
01:21:34 PM  1000         -    937371    0.00    0.00    0.00    0.00    0.00    26  |__Monitor Deflati
01:21:34 PM  1000         -    937372    0.00    0.00    0.00    0.00    0.00    22  |__C2 CompilerThre
01:21:34 PM  1000         -    937373    1.00    0.00    0.00    0.00    1.00    24  |__C1 CompilerThre
01:21:34 PM  1000         -    937374    0.00    0.00    0.00    0.00    0.00    22  |__Notification Th
01:21:34 PM  1000         -    937375    0.00    0.00    0.00    0.00    0.00    26  |__Common-Cleaner
01:21:34 PM  1000         -    937643    0.00    0.00    0.00    0.00    0.00    22  |__vertx-blocked-t
01:21:34 PM  1000         -    937645    0.00    0.00    0.00    0.00    0.00    24  |__process reaper
01:21:34 PM  1000         -    937647    0.00    0.00    0.00    0.00    0.00    24  |__vertx-blocked-t
01:21:34 PM  1000         -    937649    0.00    0.00    0.00    0.00    0.00    24  |__vert.x-eventloo
01:21:34 PM  1000         -    937650    0.00    0.00    0.00    0.00    0.00    22  |__vert.x-acceptor
01:21:34 PM  1000         -    937651    0.00    0.00    0.00    0.00    0.00    24  |__GC Thread#1
01:21:34 PM  1000         -    937652    0.00    0.00    0.00    0.00    0.00    24  |__GC Thread#2
01:21:34 PM  1000         -    937654    0.00    0.00    0.00    0.00    0.00    24  |__vert.x-worker-t
01:21:34 PM  1000         -    937655    0.00    0.00    0.00    0.00    0.00    24  |__vert.x-eventloo
01:21:34 PM  1000         -    937656    0.00    0.00    0.00    0.00    0.00    22  |__vert.x-eventloo
01:21:34 PM  1000         -    937657    0.00    0.00    0.00    0.00    0.00    22  |__vert.x-eventloo
01:21:34 PM  1000         -    937658    0.00    0.00    0.00    0.00    0.00    26  |__CLI-scheduled-e
01:21:34 PM  1000         -    937659    0.00    0.00    0.00    0.00    0.00    26  |__vert.x-eventloo
01:21:34 PM  1000         -    937661    0.00    0.00    0.00    0.00    0.00    26  |__vert.x-worker-t
01:21:34 PM  1000         -    937662    0.00    0.00    0.00    0.00    0.00    26  |__vert.x-eventloo
01:21:34 PM  1000         -    937667    0.00    0.00    0.00    0.00    0.00    24  |__cpu-watchdog
01:21:34 PM  1000         -    937668    2.00    3.00    0.00    0.00    5.00    24  |__epollEventLoopG
01:21:34 PM  1000         -    937669    2.00    3.00    0.00    0.00    5.00    26  |__epollEventLoopG
01:21:34 PM  1000         -    937670    0.00    0.00    0.00    0.00    0.00    22  |__jitter-watchdog
01:21:34 PM  1000         -    937671    0.00    0.00    0.00    0.00    0.00    22  |__vert.x-worker-t

01:21:33 PM   UID      TGID       TID   cswch/s nvcswch/s  Command
01:21:34 PM  1000    937324         -      0.00      0.00  java
01:21:34 PM  1000         -    937324      0.00      0.00  |__java
01:21:34 PM  1000         -    937358      1.00      0.00  |__java
01:21:34 PM  1000         -    937359      0.00      0.00  |__GC Thread#0
01:21:34 PM  1000         -    937360      0.00      0.00  |__G1 Main Marker
01:21:34 PM  1000         -    937361      0.00      0.00  |__G1 Conc#0
01:21:34 PM  1000         -    937362     20.00      0.00  |__G1 Refine#0
01:21:34 PM  1000         -    937363      1.00      0.00  |__G1 Service
01:21:34 PM  1000         -    937365      1.00      0.00  |__VM Periodic Tas
01:21:34 PM  1000         -    937366      0.00      0.00  |__VM Thread
01:21:34 PM  1000         -    937367      0.00      0.00  |__Reference Handl
01:21:34 PM  1000         -    937368      0.00      0.00  |__Finalizer
01:21:34 PM  1000         -    937369      0.00      0.00  |__Signal Dispatch
01:21:34 PM  1000         -    937370      1.00      0.00  |__Service Thread
01:21:34 PM  1000         -    937371      4.00      0.00  |__Monitor Deflati
01:21:34 PM  1000         -    937372      5.00      0.00  |__C2 CompilerThre
01:21:34 PM  1000         -    937373      3.00      1.00  |__C1 CompilerThre
01:21:34 PM  1000         -    937374      0.00      0.00  |__Notification Th
01:21:34 PM  1000         -    937375      0.00      0.00  |__Common-Cleaner
01:21:34 PM  1000         -    937643      1.00      0.00  |__vertx-blocked-t
01:21:34 PM  1000         -    937645      0.00      0.00  |__process reaper
01:21:34 PM  1000         -    937647      1.00      0.00  |__vertx-blocked-t
01:21:34 PM  1000         -    937649      2.00      0.00  |__vert.x-eventloo
01:21:34 PM  1000         -    937650      0.00      0.00  |__vert.x-acceptor
01:21:34 PM  1000         -    937651      0.00      0.00  |__GC Thread#1
01:21:34 PM  1000         -    937652      0.00      0.00  |__GC Thread#2
01:21:34 PM  1000         -    937654      0.00      0.00  |__vert.x-worker-t
01:21:34 PM  1000         -    937655      0.00      0.00  |__vert.x-eventloo
01:21:34 PM  1000         -    937656      1.00      0.00  |__vert.x-eventloo
01:21:34 PM  1000         -    937657      0.00      0.00  |__vert.x-eventloo
01:21:34 PM  1000         -    937658      0.00      0.00  |__CLI-scheduled-e
01:21:34 PM  1000         -    937659      0.00      0.00  |__vert.x-eventloo
01:21:34 PM  1000         -    937661      0.00      0.00  |__vert.x-worker-t
01:21:34 PM  1000         -    937662      1.00      0.00  |__vert.x-eventloo
01:21:34 PM  1000         -    937667      0.00      0.00  |__cpu-watchdog
01:21:34 PM  1000         -    937668   2480.00      0.00  |__epollEventLoopG
01:21:34 PM  1000         -    937669   2522.00      0.00  |__epollEventLoopG
01:21:34 PM  1000         -    937670     20.00      0.00  |__jitter-watchdog
01:21:34 PM  1000         -    937671      0.00      0.00  |__vert.x-worker-t

01:21:34 PM   UID      TGID       TID    %usr %system  %guest   %wait    %CPU   CPU  Command
01:21:35 PM  1000    937324         -    7.00    5.00    0.00    0.00   12.00    24  java
01:21:35 PM  1000         -    937324    0.00    0.00    0.00    0.00    0.00    24  |__java
01:21:35 PM  1000         -    937358    0.00    0.00    0.00    0.00    0.00    24  |__java
01:21:35 PM  1000         -    937359    0.00    0.00    0.00    0.00    0.00    22  |__GC Thread#0
01:21:35 PM  1000         -    937360    0.00    0.00    0.00    0.00    0.00    24  |__G1 Main Marker
01:21:35 PM  1000         -    937361    0.00    0.00    0.00    0.00    0.00    22  |__G1 Conc#0
01:21:35 PM  1000         -    937362    0.00    0.00    0.00    0.00    0.00    22  |__G1 Refine#0
01:21:35 PM  1000         -    937363    0.00    0.00    0.00    0.00    0.00    24  |__G1 Service
01:21:35 PM  1000         -    937365    0.00    0.00    0.00    0.00    0.00    26  |__VM Periodic Tas
01:21:35 PM  1000         -    937366    0.00    0.00    0.00    0.00    0.00    26  |__VM Thread
01:21:35 PM  1000         -    937367    0.00    0.00    0.00    0.00    0.00    26  |__Reference Handl
01:21:35 PM  1000         -    937368    0.00    0.00    0.00    0.00    0.00    24  |__Finalizer
01:21:35 PM  1000         -    937369    0.00    0.00    0.00    0.00    0.00    24  |__Signal Dispatch
01:21:35 PM  1000         -    937370    0.00    0.00    0.00    0.00    0.00    22  |__Service Thread
01:21:35 PM  1000         -    937371    0.00    0.00    0.00    0.00    0.00    26  |__Monitor Deflati
01:21:35 PM  1000         -    937372    1.00    0.00    0.00    0.00    1.00    24  |__C2 CompilerThre
01:21:35 PM  1000         -    937373    1.00    0.00    0.00    0.00    1.00    26  |__C1 CompilerThre
01:21:35 PM  1000         -    937374    0.00    0.00    0.00    0.00    0.00    22  |__Notification Th
01:21:35 PM  1000         -    937375    0.00    0.00    0.00    0.00    0.00    26  |__Common-Cleaner
01:21:35 PM  1000         -    937643    0.00    0.00    0.00    0.00    0.00    22  |__vertx-blocked-t
01:21:35 PM  1000         -    937645    0.00    0.00    0.00    0.00    0.00    24  |__process reaper
01:21:35 PM  1000         -    937647    0.00    0.00    0.00    0.00    0.00    24  |__vertx-blocked-t
01:21:35 PM  1000         -    937649    0.00    0.00    0.00    0.00    0.00    26  |__vert.x-eventloo
01:21:35 PM  1000         -    937650    0.00    0.00    0.00    0.00    0.00    22  |__vert.x-acceptor
01:21:35 PM  1000         -    937651    0.00    0.00    0.00    0.00    0.00    24  |__GC Thread#1
01:21:35 PM  1000         -    937652    0.00    0.00    0.00    0.00    0.00    24  |__GC Thread#2
01:21:35 PM  1000         -    937654    0.00    0.00    0.00    0.00    0.00    24  |__vert.x-worker-t
01:21:35 PM  1000         -    937655    0.00    0.00    0.00    0.00    0.00    24  |__vert.x-eventloo
01:21:35 PM  1000         -    937656    0.00    0.00    0.00    0.00    0.00    22  |__vert.x-eventloo
01:21:35 PM  1000         -    937657    0.00    0.00    0.00    0.00    0.00    26  |__vert.x-eventloo
01:21:35 PM  1000         -    937658    0.00    0.00    0.00    0.00    0.00    24  |__CLI-scheduled-e
01:21:35 PM  1000         -    937659    0.00    0.00    0.00    0.00    0.00    26  |__vert.x-eventloo
01:21:35 PM  1000         -    937661    0.00    0.00    0.00    0.00    0.00    26  |__vert.x-worker-t
01:21:35 PM  1000         -    937662    0.00    0.00    0.00    0.00    0.00    22  |__vert.x-eventloo
01:21:35 PM  1000         -    937667    0.00    0.00    0.00    0.00    0.00    24  |__cpu-watchdog
01:21:35 PM  1000         -    937668    3.00    2.00    0.00    0.00    5.00    26  |__epollEventLoopG
01:21:35 PM  1000         -    937669    2.00    2.00    0.00    0.00    4.00    22  |__epollEventLoopG
01:21:35 PM  1000         -    937670    0.00    0.00    0.00    0.00    0.00    22  |__jitter-watchdog
01:21:35 PM  1000         -    937671    0.00    0.00    0.00    0.00    0.00    22  |__vert.x-worker-t
01:21:35 PM  1000         -    937767    0.00    0.00    0.00    0.00    0.00    22  |__vert.x-eventloo

01:21:34 PM   UID      TGID       TID   cswch/s nvcswch/s  Command
01:21:35 PM  1000    937324         -      0.00      0.00  java
01:21:35 PM  1000         -    937324      0.00      0.00  |__java
01:21:35 PM  1000         -    937358      2.00      0.00  |__java
01:21:35 PM  1000         -    937359      0.00      0.00  |__GC Thread#0
01:21:35 PM  1000         -    937360      0.00      0.00  |__G1 Main Marker
01:21:35 PM  1000         -    937361      0.00      0.00  |__G1 Conc#0
01:21:35 PM  1000         -    937362     20.00      0.00  |__G1 Refine#0
01:21:35 PM  1000         -    937363      1.00      0.00  |__G1 Service
01:21:35 PM  1000         -    937365      0.00      0.00  |__VM Periodic Tas
01:21:35 PM  1000         -    937366      0.00      0.00  |__VM Thread
01:21:35 PM  1000         -    937367      0.00      0.00  |__Reference Handl
01:21:35 PM  1000         -    937368      0.00      0.00  |__Finalizer
01:21:35 PM  1000         -    937369      0.00      0.00  |__Signal Dispatch
01:21:35 PM  1000         -    937370      1.00      0.00  |__Service Thread
01:21:35 PM  1000         -    937371      4.00      0.00  |__Monitor Deflati
01:21:35 PM  1000         -    937372     18.00      0.00  |__C2 CompilerThre
01:21:35 PM  1000         -    937373     11.00      0.00  |__C1 CompilerThre
01:21:35 PM  1000         -    937374      0.00      0.00  |__Notification Th
01:21:35 PM  1000         -    937375      0.00      0.00  |__Common-Cleaner
01:21:35 PM  1000         -    937643      1.00      0.00  |__vertx-blocked-t
01:21:35 PM  1000         -    937645      0.00      0.00  |__process reaper
01:21:35 PM  1000         -    937647      1.00      0.00  |__vertx-blocked-t
01:21:35 PM  1000         -    937649      4.00      0.00  |__vert.x-eventloo
01:21:35 PM  1000         -    937650      0.00      0.00  |__vert.x-acceptor
01:21:35 PM  1000         -    937651      0.00      0.00  |__GC Thread#1
01:21:35 PM  1000         -    937652      0.00      0.00  |__GC Thread#2
01:21:35 PM  1000         -    937654      0.00      0.00  |__vert.x-worker-t
01:21:35 PM  1000         -    937655      0.00      0.00  |__vert.x-eventloo
01:21:35 PM  1000         -    937656      1.00      0.00  |__vert.x-eventloo
01:21:35 PM  1000         -    937657      5.00      0.00  |__vert.x-eventloo
01:21:35 PM  1000         -    937658      3.00      0.00  |__CLI-scheduled-e
01:21:35 PM  1000         -    937659      0.00      0.00  |__vert.x-eventloo
01:21:35 PM  1000         -    937661      0.00      0.00  |__vert.x-worker-t
01:21:35 PM  1000         -    937662      1.00      0.00  |__vert.x-eventloo
01:21:35 PM  1000         -    937667      0.00      0.00  |__cpu-watchdog
01:21:35 PM  1000         -    937668   2615.00      2.00  |__epollEventLoopG
01:21:35 PM  1000         -    937669   2559.00      1.00  |__epollEventLoopG
01:21:35 PM  1000         -    937670     19.00      0.00  |__jitter-watchdog
01:21:35 PM  1000         -    937671      0.00      0.00  |__vert.x-worker-t
01:21:35 PM  1000         -    937767      4.00      0.00  |__vert.x-eventloo

01:21:35 PM   UID      TGID       TID    %usr %system  %guest   %wait    %CPU   CPU  Command
01:21:36 PM  1000    937324         -    9.00    5.00    0.00    0.00   14.00    24  java
01:21:36 PM  1000         -    937324    0.00    0.00    0.00    0.00    0.00    24  |__java
01:21:36 PM  1000         -    937358    0.00    0.00    0.00    0.00    0.00    24  |__java
01:21:36 PM  1000         -    937359    0.00    0.00    0.00    0.00    0.00    22  |__GC Thread#0
01:21:36 PM  1000         -    937360    0.00    0.00    0.00    0.00    0.00    24  |__G1 Main Marker
01:21:36 PM  1000         -    937361    0.00    0.00    0.00    0.00    0.00    22  |__G1 Conc#0
01:21:36 PM  1000         -    937362    0.00    0.00    0.00    0.00    0.00    24  |__G1 Refine#0
01:21:36 PM  1000         -    937363    0.00    0.00    0.00    0.00    0.00    24  |__G1 Service
01:21:36 PM  1000         -    937365    0.00    0.00    0.00    0.00    0.00    26  |__VM Periodic Tas
01:21:36 PM  1000         -    937366    0.00    0.00    0.00    0.00    0.00    26  |__VM Thread
01:21:36 PM  1000         -    937367    0.00    0.00    0.00    0.00    0.00    26  |__Reference Handl
01:21:36 PM  1000         -    937368    0.00    0.00    0.00    0.00    0.00    24  |__Finalizer
01:21:36 PM  1000         -    937369    0.00    0.00    0.00    0.00    0.00    24  |__Signal Dispatch
01:21:36 PM  1000         -    937370    0.00    0.00    0.00    0.00    0.00    22  |__Service Thread
01:21:36 PM  1000         -    937371    0.00    0.00    0.00    0.00    0.00    26  |__Monitor Deflati
01:21:36 PM  1000         -    937372    3.00    0.00    0.00    0.00    3.00    22  |__C2 CompilerThre
01:21:36 PM  1000         -    937373    0.00    0.00    0.00    0.00    0.00    26  |__C1 CompilerThre
01:21:36 PM  1000         -    937374    0.00    0.00    0.00    0.00    0.00    22  |__Notification Th
01:21:36 PM  1000         -    937375    0.00    0.00    0.00    0.00    0.00    26  |__Common-Cleaner
01:21:36 PM  1000         -    937643    0.00    0.00    0.00    0.00    0.00    22  |__vertx-blocked-t
01:21:36 PM  1000         -    937645    0.00    0.00    0.00    0.00    0.00    24  |__process reaper
01:21:36 PM  1000         -    937647    0.00    0.00    0.00    0.00    0.00    24  |__vertx-blocked-t
01:21:36 PM  1000         -    937649    0.00    0.00    0.00    0.00    0.00    24  |__vert.x-eventloo
01:21:36 PM  1000         -    937650    0.00    0.00    0.00    0.00    0.00    22  |__vert.x-acceptor
01:21:36 PM  1000         -    937651    0.00    0.00    0.00    0.00    0.00    24  |__GC Thread#1
01:21:36 PM  1000         -    937652    0.00    0.00    0.00    0.00    0.00    24  |__GC Thread#2
01:21:36 PM  1000         -    937654    0.00    0.00    0.00    0.00    0.00    24  |__vert.x-worker-t
01:21:36 PM  1000         -    937655    0.00    0.00    0.00    0.00    0.00    24  |__vert.x-eventloo
01:21:36 PM  1000         -    937656    0.00    0.00    0.00    0.00    0.00    22  |__vert.x-eventloo
01:21:36 PM  1000         -    937657    0.00    0.00    0.00    0.00    0.00    24  |__vert.x-eventloo
01:21:36 PM  1000         -    937658    0.00    0.00    0.00    0.00    0.00    24  |__CLI-scheduled-e
01:21:36 PM  1000         -    937659    0.00    0.00    0.00    0.00    0.00    26  |__vert.x-eventloo
01:21:36 PM  1000         -    937661    0.00    0.00    0.00    0.00    0.00    26  |__vert.x-worker-t
01:21:36 PM  1000         -    937662    0.00    0.00    0.00    0.00    0.00    22  |__vert.x-eventloo
01:21:36 PM  1000         -    937667    1.00    0.00    0.00    0.00    1.00    24  |__cpu-watchdog
01:21:36 PM  1000         -    937668    2.00    2.00    0.00    0.00    4.00    26  |__epollEventLoopG
01:21:36 PM  1000         -    937669    3.00    2.00    0.00    0.00    5.00    24  |__epollEventLoopG
01:21:36 PM  1000         -    937670    0.00    0.00    0.00    0.00    0.00    24  |__jitter-watchdog
01:21:36 PM  1000         -    937671    0.00    0.00    0.00    0.00    0.00    22  |__vert.x-worker-t
01:21:36 PM  1000         -    937767    0.00    0.00    0.00    0.00    0.00    22  |__vert.x-eventloo

01:21:35 PM   UID      TGID       TID   cswch/s nvcswch/s  Command
01:21:36 PM  1000    937324         -      0.00      0.00  java
01:21:36 PM  1000         -    937324      0.00      0.00  |__java
01:21:36 PM  1000         -    937358      2.00      0.00  |__java
01:21:36 PM  1000         -    937359      0.00      0.00  |__GC Thread#0
01:21:36 PM  1000         -    937360      0.00      0.00  |__G1 Main Marker
01:21:36 PM  1000         -    937361      0.00      0.00  |__G1 Conc#0
01:21:36 PM  1000         -    937362     20.00      0.00  |__G1 Refine#0
01:21:36 PM  1000         -    937363      1.00      0.00  |__G1 Service
01:21:36 PM  1000         -    937365      0.00      0.00  |__VM Periodic Tas
01:21:36 PM  1000         -    937366      0.00      0.00  |__VM Thread
01:21:36 PM  1000         -    937367      0.00      0.00  |__Reference Handl
01:21:36 PM  1000         -    937368      0.00      0.00  |__Finalizer
01:21:36 PM  1000         -    937369      0.00      0.00  |__Signal Dispatch
01:21:36 PM  1000         -    937370      1.00      0.00  |__Service Thread
01:21:36 PM  1000         -    937371      4.00      0.00  |__Monitor Deflati
01:21:36 PM  1000         -    937372     10.00      0.00  |__C2 CompilerThre
01:21:36 PM  1000         -    937373     10.00      1.00  |__C1 CompilerThre
01:21:36 PM  1000         -    937374      0.00      0.00  |__Notification Th
01:21:36 PM  1000         -    937375      0.00      0.00  |__Common-Cleaner
01:21:36 PM  1000         -    937643      1.00      0.00  |__vertx-blocked-t
01:21:36 PM  1000         -    937645      0.00      0.00  |__process reaper
01:21:36 PM  1000         -    937647      1.00      0.00  |__vertx-blocked-t
01:21:36 PM  1000         -    937649      5.00      1.00  |__vert.x-eventloo
01:21:36 PM  1000         -    937650      0.00      0.00  |__vert.x-acceptor
01:21:36 PM  1000         -    937651      0.00      0.00  |__GC Thread#1
01:21:36 PM  1000         -    937652      0.00      0.00  |__GC Thread#2
01:21:36 PM  1000         -    937654      0.00      0.00  |__vert.x-worker-t
01:21:36 PM  1000         -    937655      0.00      0.00  |__vert.x-eventloo
01:21:36 PM  1000         -    937656      1.00      0.00  |__vert.x-eventloo
01:21:36 PM  1000         -    937657      3.00      0.00  |__vert.x-eventloo
01:21:36 PM  1000         -    937658      0.00      0.00  |__CLI-scheduled-e
01:21:36 PM  1000         -    937659      0.00      0.00  |__vert.x-eventloo
01:21:36 PM  1000         -    937661      0.00      0.00  |__vert.x-worker-t
01:21:36 PM  1000         -    937662      1.00      0.00  |__vert.x-eventloo
01:21:36 PM  1000         -    937667      1.00      0.00  |__cpu-watchdog
01:21:36 PM  1000         -    937668   2475.00      1.00  |__epollEventLoopG
01:21:36 PM  1000         -    937669   2513.00      1.00  |__epollEventLoopG
01:21:36 PM  1000         -    937670     20.00      0.00  |__jitter-watchdog
01:21:36 PM  1000         -    937671      0.00      0.00  |__vert.x-worker-t
01:21:36 PM  1000         -    937767      0.00      0.00  |__vert.x-eventloo

01:21:36 PM   UID      TGID       TID    %usr %system  %guest   %wait    %CPU   CPU  Command
01:21:37 PM  1000    937324         -    6.00    5.00    0.00    0.00   11.00    24  java
01:21:37 PM  1000         -    937324    0.00    0.00    0.00    0.00    0.00    24  |__java
01:21:37 PM  1000         -    937358    0.00    0.00    0.00    0.00    0.00    26  |__java
01:21:37 PM  1000         -    937359    0.00    0.00    0.00    0.00    0.00    22  |__GC Thread#0
01:21:37 PM  1000         -    937360    0.00    0.00    0.00    0.00    0.00    24  |__G1 Main Marker
01:21:37 PM  1000         -    937361    0.00    0.00    0.00    0.00    0.00    22  |__G1 Conc#0
01:21:37 PM  1000         -    937362    0.00    0.00    0.00    0.00    0.00    24  |__G1 Refine#0
01:21:37 PM  1000         -    937363    0.00    0.00    0.00    0.00    0.00    24  |__G1 Service
01:21:37 PM  1000         -    937365    0.00    0.00    0.00    0.00    0.00    26  |__VM Periodic Tas
01:21:37 PM  1000         -    937366    0.00    0.00    0.00    0.00    0.00    26  |__VM Thread
01:21:37 PM  1000         -    937367    0.00    0.00    0.00    0.00    0.00    26  |__Reference Handl
01:21:37 PM  1000         -    937368    0.00    0.00    0.00    0.00    0.00    24  |__Finalizer
01:21:37 PM  1000         -    937369    0.00    0.00    0.00    0.00    0.00    24  |__Signal Dispatch
01:21:37 PM  1000         -    937370    0.00    0.00    0.00    0.00    0.00    22  |__Service Thread
01:21:37 PM  1000         -    937371    0.00    0.00    0.00    0.00    0.00    26  |__Monitor Deflati
01:21:37 PM  1000         -    937372    0.00    0.00    0.00    0.00    0.00    22  |__C2 CompilerThre
01:21:37 PM  1000         -    937373    1.00    0.00    0.00    0.00    1.00    24  |__C1 CompilerThre
01:21:37 PM  1000         -    937374    0.00    0.00    0.00    0.00    0.00    22  |__Notification Th
01:21:37 PM  1000         -    937375    0.00    0.00    0.00    0.00    0.00    26  |__Common-Cleaner
01:21:37 PM  1000         -    937643    0.00    0.00    0.00    0.00    0.00    22  |__vertx-blocked-t
01:21:37 PM  1000         -    937645    0.00    0.00    0.00    0.00    0.00    24  |__process reaper
01:21:37 PM  1000         -    937647    0.00    0.00    0.00    0.00    0.00    24  |__vertx-blocked-t
01:21:37 PM  1000         -    937649    1.00    0.00    0.00    0.00    1.00    26  |__vert.x-eventloo
01:21:37 PM  1000         -    937650    0.00    0.00    0.00    0.00    0.00    22  |__vert.x-acceptor
01:21:37 PM  1000         -    937651    0.00    0.00    0.00    0.00    0.00    24  |__GC Thread#1
01:21:37 PM  1000         -    937652    0.00    0.00    0.00    0.00    0.00    24  |__GC Thread#2
01:21:37 PM  1000         -    937654    0.00    0.00    0.00    0.00    0.00    24  |__vert.x-worker-t
01:21:37 PM  1000         -    937655    0.00    0.00    0.00    0.00    0.00    24  |__vert.x-eventloo
01:21:37 PM  1000         -    937656    0.00    0.00    0.00    0.00    0.00    22  |__vert.x-eventloo
01:21:37 PM  1000         -    937657    0.00    0.00    0.00    0.00    0.00    24  |__vert.x-eventloo
01:21:37 PM  1000         -    937658    0.00    0.00    0.00    0.00    0.00    24  |__CLI-scheduled-e
01:21:37 PM  1000         -    937659    0.00    0.00    0.00    0.00    0.00    26  |__vert.x-eventloo
01:21:37 PM  1000         -    937661    0.00    0.00    0.00    0.00    0.00    26  |__vert.x-worker-t
01:21:37 PM  1000         -    937662    0.00    0.00    0.00    0.00    0.00    22  |__vert.x-eventloo
01:21:37 PM  1000         -    937667    0.00    0.00    0.00    0.00    0.00    24  |__cpu-watchdog
01:21:37 PM  1000         -    937668    3.00    2.00    0.00    0.00    5.00    26  |__epollEventLoopG
01:21:37 PM  1000         -    937669    2.00    3.00    0.00    0.00    5.00    24  |__epollEventLoopG
01:21:37 PM  1000         -    937670    0.00    0.00    0.00    0.00    0.00    24  |__jitter-watchdog
01:21:37 PM  1000         -    937671    0.00    0.00    0.00    0.00    0.00    22  |__vert.x-worker-t
01:21:37 PM  1000         -    937767    0.00    0.00    0.00    0.00    0.00    22  |__vert.x-eventloo

01:21:36 PM   UID      TGID       TID   cswch/s nvcswch/s  Command
01:21:37 PM  1000    937324         -      0.00      0.00  java
01:21:37 PM  1000         -    937324      0.00      0.00  |__java
01:21:37 PM  1000         -    937358      2.00      0.00  |__java
01:21:37 PM  1000         -    937359      0.00      0.00  |__GC Thread#0
01:21:37 PM  1000         -    937360      0.00      0.00  |__G1 Main Marker
01:21:37 PM  1000         -    937361      0.00      0.00  |__G1 Conc#0
01:21:37 PM  1000         -    937362     20.00      0.00  |__G1 Refine#0
01:21:37 PM  1000         -    937363      1.00      0.00  |__G1 Service
01:21:37 PM  1000         -    937365      0.00      0.00  |__VM Periodic Tas
01:21:37 PM  1000         -    937366      0.00      0.00  |__VM Thread
01:21:37 PM  1000         -    937367      0.00      0.00  |__Reference Handl
01:21:37 PM  1000         -    937368      0.00      0.00  |__Finalizer
01:21:37 PM  1000         -    937369      0.00      0.00  |__Signal Dispatch
01:21:37 PM  1000         -    937370      1.00      0.00  |__Service Thread
01:21:37 PM  1000         -    937371      4.00      0.00  |__Monitor Deflati
01:21:37 PM  1000         -    937372     14.00      0.00  |__C2 CompilerThre
01:21:37 PM  1000         -    937373      4.00      1.00  |__C1 CompilerThre
01:21:37 PM  1000         -    937374      0.00      0.00  |__Notification Th
01:21:37 PM  1000         -    937375      0.00      0.00  |__Common-Cleaner
01:21:37 PM  1000         -    937643      1.00      0.00  |__vertx-blocked-t
01:21:37 PM  1000         -    937645      0.00      0.00  |__process reaper
01:21:37 PM  1000         -    937647      1.00      0.00  |__vertx-blocked-t
01:21:37 PM  1000         -    937649      3.00      0.00  |__vert.x-eventloo
01:21:37 PM  1000         -    937650      0.00      0.00  |__vert.x-acceptor
01:21:37 PM  1000         -    937651      0.00      0.00  |__GC Thread#1
01:21:37 PM  1000         -    937652      0.00      0.00  |__GC Thread#2
01:21:37 PM  1000         -    937654      0.00      0.00  |__vert.x-worker-t
01:21:37 PM  1000         -    937655      0.00      0.00  |__vert.x-eventloo
01:21:37 PM  1000         -    937656      1.00      0.00  |__vert.x-eventloo
01:21:37 PM  1000         -    937657      2.00      0.00  |__vert.x-eventloo
01:21:37 PM  1000         -    937658      0.00      0.00  |__CLI-scheduled-e
01:21:37 PM  1000         -    937659      0.00      0.00  |__vert.x-eventloo
01:21:37 PM  1000         -    937661      0.00      0.00  |__vert.x-worker-t
01:21:37 PM  1000         -    937662      1.00      0.00  |__vert.x-eventloo
01:21:37 PM  1000         -    937667      0.00      0.00  |__cpu-watchdog
01:21:37 PM  1000         -    937668   2446.00      0.00  |__epollEventLoopG
01:21:37 PM  1000         -    937669   2478.00      0.00  |__epollEventLoopG
01:21:37 PM  1000         -    937670     20.00      0.00  |__jitter-watchdog
01:21:37 PM  1000         -    937671      0.00      0.00  |__vert.x-worker-t
01:21:37 PM  1000         -    937767      0.00      0.00  |__vert.x-eventloo

01:21:37 PM   UID      TGID       TID    %usr %system  %guest   %wait    %CPU   CPU  Command
01:21:38 PM  1000    937324         -    5.00    5.00    0.00    0.00   10.00    24  java
01:21:38 PM  1000         -    937324    0.00    0.00    0.00    0.00    0.00    24  |__java
01:21:38 PM  1000         -    937358    0.00    0.00    0.00    0.00    0.00    22  |__java
01:21:38 PM  1000         -    937359    0.00    0.00    0.00    0.00    0.00    22  |__GC Thread#0
01:21:38 PM  1000         -    937360    0.00    0.00    0.00    0.00    0.00    24  |__G1 Main Marker
01:21:38 PM  1000         -    937361    0.00    0.00    0.00    0.00    0.00    22  |__G1 Conc#0
01:21:38 PM  1000         -    937362    0.00    0.00    0.00    0.00    0.00    24  |__G1 Refine#0
01:21:38 PM  1000         -    937363    0.00    0.00    0.00    0.00    0.00    24  |__G1 Service
01:21:38 PM  1000         -    937365    0.00    0.00    0.00    0.00    0.00    26  |__VM Periodic Tas
01:21:38 PM  1000         -    937366    0.00    0.00    0.00    0.00    0.00    26  |__VM Thread
01:21:38 PM  1000         -    937367    0.00    0.00    0.00    0.00    0.00    26  |__Reference Handl
01:21:38 PM  1000         -    937368    0.00    0.00    0.00    0.00    0.00    24  |__Finalizer
01:21:38 PM  1000         -    937369    0.00    0.00    0.00    0.00    0.00    24  |__Signal Dispatch
01:21:38 PM  1000         -    937370    0.00    0.00    0.00    0.00    0.00    22  |__Service Thread
01:21:38 PM  1000         -    937371    0.00    0.00    0.00    0.00    0.00    26  |__Monitor Deflati
01:21:38 PM  1000         -    937372    0.00    0.00    0.00    0.00    0.00    22  |__C2 CompilerThre
01:21:38 PM  1000         -    937373    0.00    0.00    0.00    0.00    0.00    24  |__C1 CompilerThre
01:21:38 PM  1000         -    937374    0.00    0.00    0.00    0.00    0.00    22  |__Notification Th
01:21:38 PM  1000         -    937375    0.00    0.00    0.00    0.00    0.00    26  |__Common-Cleaner
01:21:38 PM  1000         -    937643    0.00    0.00    0.00    0.00    0.00    22  |__vertx-blocked-t
01:21:38 PM  1000         -    937645    0.00    0.00    0.00    0.00    0.00    24  |__process reaper
01:21:38 PM  1000         -    937647    0.00    0.00    0.00    0.00    0.00    24  |__vertx-blocked-t
01:21:38 PM  1000         -    937649    0.00    0.00    0.00    0.00    0.00    26  |__vert.x-eventloo
01:21:38 PM  1000         -    937650    0.00    0.00    0.00    0.00    0.00    22  |__vert.x-acceptor
01:21:38 PM  1000         -    937651    0.00    0.00    0.00    0.00    0.00    24  |__GC Thread#1
01:21:38 PM  1000         -    937652    0.00    0.00    0.00    0.00    0.00    24  |__GC Thread#2
01:21:38 PM  1000         -    937654    0.00    0.00    0.00    0.00    0.00    24  |__vert.x-worker-t
01:21:38 PM  1000         -    937655    0.00    0.00    0.00    0.00    0.00    24  |__vert.x-eventloo
01:21:38 PM  1000         -    937656    0.00    0.00    0.00    0.00    0.00    22  |__vert.x-eventloo
01:21:38 PM  1000         -    937657    0.00    0.00    0.00    0.00    0.00    22  |__vert.x-eventloo
01:21:38 PM  1000         -    937658    0.00    0.00    0.00    0.00    0.00    24  |__CLI-scheduled-e
01:21:38 PM  1000         -    937659    0.00    0.00    0.00    0.00    0.00    26  |__vert.x-eventloo
01:21:38 PM  1000         -    937661    0.00    0.00    0.00    0.00    0.00    26  |__vert.x-worker-t
01:21:38 PM  1000         -    937662    0.00    0.00    0.00    0.00    0.00    22  |__vert.x-eventloo
01:21:38 PM  1000         -    937667    0.00    0.00    0.00    0.00    0.00    24  |__cpu-watchdog
01:21:38 PM  1000         -    937668    2.00    3.00    0.00    1.00    5.00    26  |__epollEventLoopG
01:21:38 PM  1000         -    937669    2.00    2.00    0.00    0.00    4.00    22  |__epollEventLoopG
01:21:38 PM  1000         -    937670    0.00    0.00    0.00    0.00    0.00    24  |__jitter-watchdog
01:21:38 PM  1000         -    937671    0.00    0.00    0.00    0.00    0.00    22  |__vert.x-worker-t
01:21:38 PM  1000         -    937767    0.00    0.00    0.00    0.00    0.00    22  |__vert.x-eventloo

01:21:37 PM   UID      TGID       TID   cswch/s nvcswch/s  Command
01:21:38 PM  1000    937324         -      0.00      0.00  java
01:21:38 PM  1000         -    937324      0.00      0.00  |__java
01:21:38 PM  1000         -    937358      2.00      0.00  |__java
01:21:38 PM  1000         -    937359      0.00      0.00  |__GC Thread#0
01:21:38 PM  1000         -    937360      0.00      0.00  |__G1 Main Marker
01:21:38 PM  1000         -    937361      0.00      0.00  |__G1 Conc#0
01:21:38 PM  1000         -    937362     20.00      0.00  |__G1 Refine#0
01:21:38 PM  1000         -    937363      1.00      0.00  |__G1 Service
01:21:38 PM  1000         -    937365      0.00      0.00  |__VM Periodic Tas
01:21:38 PM  1000         -    937366      0.00      0.00  |__VM Thread
01:21:38 PM  1000         -    937367      0.00      0.00  |__Reference Handl
01:21:38 PM  1000         -    937368      0.00      0.00  |__Finalizer
01:21:38 PM  1000         -    937369      0.00      0.00  |__Signal Dispatch
01:21:38 PM  1000         -    937370      1.00      0.00  |__Service Thread
01:21:38 PM  1000         -    937371      4.00      0.00  |__Monitor Deflati
01:21:38 PM  1000         -    937372     12.00      0.00  |__C2 CompilerThre
01:21:38 PM  1000         -    937373     11.00      0.00  |__C1 CompilerThre
01:21:38 PM  1000         -    937374      0.00      0.00  |__Notification Th
01:21:38 PM  1000         -    937375      0.00      0.00  |__Common-Cleaner
01:21:38 PM  1000         -    937643      1.00      0.00  |__vertx-blocked-t
01:21:38 PM  1000         -    937645      0.00      0.00  |__process reaper
01:21:38 PM  1000         -    937647      1.00      0.00  |__vertx-blocked-t
01:21:38 PM  1000         -    937649      3.00      0.00  |__vert.x-eventloo
01:21:38 PM  1000         -    937650      0.00      0.00  |__vert.x-acceptor
01:21:38 PM  1000         -    937651      0.00      0.00  |__GC Thread#1
01:21:38 PM  1000         -    937652      0.00      0.00  |__GC Thread#2
01:21:38 PM  1000         -    937654      0.00      0.00  |__vert.x-worker-t
01:21:38 PM  1000         -    937655      0.00      0.00  |__vert.x-eventloo
01:21:38 PM  1000         -    937656      1.00      0.00  |__vert.x-eventloo
01:21:38 PM  1000         -    937657      3.00      0.00  |__vert.x-eventloo
01:21:38 PM  1000         -    937658      0.00      0.00  |__CLI-scheduled-e
01:21:38 PM  1000         -    937659      0.00      0.00  |__vert.x-eventloo
01:21:38 PM  1000         -    937661      0.00      0.00  |__vert.x-worker-t
01:21:38 PM  1000         -    937662      1.00      0.00  |__vert.x-eventloo
01:21:38 PM  1000         -    937667      0.00      0.00  |__cpu-watchdog
01:21:38 PM  1000         -    937668   2501.00      0.00  |__epollEventLoopG
01:21:38 PM  1000         -    937669   2547.00      1.00  |__epollEventLoopG
01:21:38 PM  1000         -    937670     20.00      0.00  |__jitter-watchdog
01:21:38 PM  1000         -    937671      0.00      0.00  |__vert.x-worker-t
01:21:38 PM  1000         -    937767      0.00      0.00  |__vert.x-eventloo

01:21:38 PM   UID      TGID       TID    %usr %system  %guest   %wait    %CPU   CPU  Command
01:21:39 PM  1000    937324         -    5.00    5.00    0.00    0.00   10.00    24  java
01:21:39 PM  1000         -    937324    0.00    0.00    0.00    0.00    0.00    24  |__java
01:21:39 PM  1000         -    937358    0.00    0.00    0.00    0.00    0.00    22  |__java
01:21:39 PM  1000         -    937359    0.00    0.00    0.00    0.00    0.00    22  |__GC Thread#0
01:21:39 PM  1000         -    937360    0.00    0.00    0.00    0.00    0.00    24  |__G1 Main Marker
01:21:39 PM  1000         -    937361    0.00    0.00    0.00    0.00    0.00    22  |__G1 Conc#0
01:21:39 PM  1000         -    937362    0.00    0.00    0.00    0.00    0.00    24  |__G1 Refine#0
01:21:39 PM  1000         -    937363    0.00    0.00    0.00    0.00    0.00    24  |__G1 Service
01:21:39 PM  1000         -    937365    0.00    0.00    0.00    0.00    0.00    26  |__VM Periodic Tas
01:21:39 PM  1000         -    937366    0.00    0.00    0.00    0.00    0.00    26  |__VM Thread
01:21:39 PM  1000         -    937367    0.00    0.00    0.00    0.00    0.00    26  |__Reference Handl
01:21:39 PM  1000         -    937368    0.00    0.00    0.00    0.00    0.00    24  |__Finalizer
01:21:39 PM  1000         -    937369    0.00    0.00    0.00    0.00    0.00    24  |__Signal Dispatch
01:21:39 PM  1000         -    937370    0.00    0.00    0.00    0.00    0.00    22  |__Service Thread
01:21:39 PM  1000         -    937371    0.00    0.00    0.00    0.00    0.00    26  |__Monitor Deflati
01:21:39 PM  1000         -    937372    0.00    0.00    0.00    0.00    0.00    24  |__C2 CompilerThre
01:21:39 PM  1000         -    937373    0.00    0.00    0.00    0.00    0.00    26  |__C1 CompilerThre
01:21:39 PM  1000         -    937374    0.00    0.00    0.00    0.00    0.00    22  |__Notification Th
01:21:39 PM  1000         -    937375    0.00    0.00    0.00    0.00    0.00    26  |__Common-Cleaner
01:21:39 PM  1000         -    937643    0.00    0.00    0.00    0.00    0.00    22  |__vertx-blocked-t
01:21:39 PM  1000         -    937645    0.00    0.00    0.00    0.00    0.00    24  |__process reaper
01:21:39 PM  1000         -    937647    0.00    0.00    0.00    0.00    0.00    24  |__vertx-blocked-t
01:21:39 PM  1000         -    937649    0.00    0.00    0.00    0.00    0.00    26  |__vert.x-eventloo
01:21:39 PM  1000         -    937650    0.00    0.00    0.00    0.00    0.00    22  |__vert.x-acceptor
01:21:39 PM  1000         -    937651    0.00    0.00    0.00    0.00    0.00    24  |__GC Thread#1
01:21:39 PM  1000         -    937652    0.00    0.00    0.00    0.00    0.00    24  |__GC Thread#2
01:21:39 PM  1000         -    937654    0.00    0.00    0.00    0.00    0.00    24  |__vert.x-worker-t
01:21:39 PM  1000         -    937655    0.00    0.00    0.00    0.00    0.00    24  |__vert.x-eventloo
01:21:39 PM  1000         -    937656    0.00    0.00    0.00    0.00    0.00    22  |__vert.x-eventloo
01:21:39 PM  1000         -    937657    0.00    0.00    0.00    0.00    0.00    24  |__vert.x-eventloo
01:21:39 PM  1000         -    937658    0.00    0.00    0.00    0.00    0.00    24  |__CLI-scheduled-e
01:21:39 PM  1000         -    937659    0.00    0.00    0.00    0.00    0.00    26  |__vert.x-eventloo
01:21:39 PM  1000         -    937661    0.00    0.00    0.00    0.00    0.00    26  |__vert.x-worker-t
01:21:39 PM  1000         -    937662    0.00    0.00    0.00    0.00    0.00    22  |__vert.x-eventloo
01:21:39 PM  1000         -    937667    0.00    0.00    0.00    0.00    0.00    24  |__cpu-watchdog
01:21:39 PM  1000         -    937668    2.00    2.00    0.00    0.00    4.00    22  |__epollEventLoopG
01:21:39 PM  1000         -    937669    2.00    3.00    0.00    0.00    5.00    26  |__epollEventLoopG
01:21:39 PM  1000         -    937670    0.00    0.00    0.00    0.00    0.00    24  |__jitter-watchdog
01:21:39 PM  1000         -    937671    0.00    0.00    0.00    0.00    0.00    22  |__vert.x-worker-t
01:21:39 PM  1000         -    937767    0.00    0.00    0.00    0.00    0.00    22  |__vert.x-eventloo

01:21:38 PM   UID      TGID       TID   cswch/s nvcswch/s  Command
01:21:39 PM  1000    937324         -      0.00      0.00  java
01:21:39 PM  1000         -    937324      0.00      0.00  |__java
01:21:39 PM  1000         -    937358      2.00      0.00  |__java
01:21:39 PM  1000         -    937359      0.00      0.00  |__GC Thread#0
01:21:39 PM  1000         -    937360      0.00      0.00  |__G1 Main Marker
01:21:39 PM  1000         -    937361      0.00      0.00  |__G1 Conc#0
01:21:39 PM  1000         -    937362     20.00      0.00  |__G1 Refine#0
01:21:39 PM  1000         -    937363      1.00      0.00  |__G1 Service
01:21:39 PM  1000         -    937365      1.00      0.00  |__VM Periodic Tas
01:21:39 PM  1000         -    937366      0.00      0.00  |__VM Thread
01:21:39 PM  1000         -    937367      0.00      0.00  |__Reference Handl
01:21:39 PM  1000         -    937368      0.00      0.00  |__Finalizer
01:21:39 PM  1000         -    937369      0.00      0.00  |__Signal Dispatch
01:21:39 PM  1000         -    937370      1.00      0.00  |__Service Thread
01:21:39 PM  1000         -    937371      4.00      0.00  |__Monitor Deflati
01:21:39 PM  1000         -    937372     11.00      0.00  |__C2 CompilerThre
01:21:39 PM  1000         -    937373      4.00      0.00  |__C1 CompilerThre
01:21:39 PM  1000         -    937374      0.00      0.00  |__Notification Th
01:21:39 PM  1000         -    937375      0.00      0.00  |__Common-Cleaner
01:21:39 PM  1000         -    937643      1.00      0.00  |__vertx-blocked-t
01:21:39 PM  1000         -    937645      0.00      0.00  |__process reaper
01:21:39 PM  1000         -    937647      1.00      0.00  |__vertx-blocked-t
01:21:39 PM  1000         -    937649      2.00      0.00  |__vert.x-eventloo
01:21:39 PM  1000         -    937650      0.00      0.00  |__vert.x-acceptor
01:21:39 PM  1000         -    937651      0.00      0.00  |__GC Thread#1
01:21:39 PM  1000         -    937652      0.00      0.00  |__GC Thread#2
01:21:39 PM  1000         -    937654      0.00      0.00  |__vert.x-worker-t
01:21:39 PM  1000         -    937655      0.00      0.00  |__vert.x-eventloo
01:21:39 PM  1000         -    937656      1.00      0.00  |__vert.x-eventloo
01:21:39 PM  1000         -    937657      2.00      1.00  |__vert.x-eventloo
01:21:39 PM  1000         -    937658      0.00      0.00  |__CLI-scheduled-e
01:21:39 PM  1000         -    937659      0.00      0.00  |__vert.x-eventloo
01:21:39 PM  1000         -    937661      0.00      0.00  |__vert.x-worker-t
01:21:39 PM  1000         -    937662      1.00      0.00  |__vert.x-eventloo
01:21:39 PM  1000         -    937667      0.00      0.00  |__cpu-watchdog
01:21:39 PM  1000         -    937668   2573.00      0.00  |__epollEventLoopG
01:21:39 PM  1000         -    937669   2444.00      1.00  |__epollEventLoopG
01:21:39 PM  1000         -    937670     20.00      0.00  |__jitter-watchdog
01:21:39 PM  1000         -    937671      0.00      0.00  |__vert.x-worker-t
01:21:39 PM  1000         -    937767      0.00      0.00  |__vert.x-eventloo

01:21:39 PM   UID      TGID       TID    %usr %system  %guest   %wait    %CPU   CPU  Command
01:21:40 PM  1000    937324         -    5.00    6.00    0.00    0.00   11.00    24  java
01:21:40 PM  1000         -    937324    0.00    0.00    0.00    0.00    0.00    24  |__java
01:21:40 PM  1000         -    937358    0.00    0.00    0.00    0.00    0.00    22  |__java
01:21:40 PM  1000         -    937359    0.00    0.00    0.00    0.00    0.00    22  |__GC Thread#0
01:21:40 PM  1000         -    937360    0.00    0.00    0.00    0.00    0.00    24  |__G1 Main Marker
01:21:40 PM  1000         -    937361    0.00    0.00    0.00    0.00    0.00    22  |__G1 Conc#0
01:21:40 PM  1000         -    937362    0.00    0.00    0.00    0.00    0.00    26  |__G1 Refine#0
01:21:40 PM  1000         -    937363    0.00    0.00    0.00    0.00    0.00    24  |__G1 Service
01:21:40 PM  1000         -    937365    0.00    0.00    0.00    0.00    0.00    26  |__VM Periodic Tas
01:21:40 PM  1000         -    937366    0.00    0.00    0.00    0.00    0.00    26  |__VM Thread
01:21:40 PM  1000         -    937367    0.00    0.00    0.00    0.00    0.00    26  |__Reference Handl
01:21:40 PM  1000         -    937368    0.00    0.00    0.00    0.00    0.00    24  |__Finalizer
01:21:40 PM  1000         -    937369    0.00    0.00    0.00    0.00    0.00    24  |__Signal Dispatch
01:21:40 PM  1000         -    937370    0.00    0.00    0.00    0.00    0.00    22  |__Service Thread
01:21:40 PM  1000         -    937371    0.00    0.00    0.00    0.00    0.00    26  |__Monitor Deflati
01:21:40 PM  1000         -    937372    0.00    0.00    0.00    0.00    0.00    22  |__C2 CompilerThre
01:21:40 PM  1000         -    937373    1.00    0.00    0.00    0.00    1.00    26  |__C1 CompilerThre
01:21:40 PM  1000         -    937374    0.00    0.00    0.00    0.00    0.00    22  |__Notification Th
01:21:40 PM  1000         -    937375    0.00    0.00    0.00    0.00    0.00    26  |__Common-Cleaner
01:21:40 PM  1000         -    937643    0.00    0.00    0.00    0.00    0.00    22  |__vertx-blocked-t
01:21:40 PM  1000         -    937645    0.00    0.00    0.00    0.00    0.00    24  |__process reaper
01:21:40 PM  1000         -    937647    0.00    0.00    0.00    0.00    0.00    24  |__vertx-blocked-t
01:21:40 PM  1000         -    937649    0.00    0.00    0.00    0.00    0.00    24  |__vert.x-eventloo
01:21:40 PM  1000         -    937650    0.00    0.00    0.00    0.00    0.00    22  |__vert.x-acceptor
01:21:40 PM  1000         -    937651    0.00    0.00    0.00    0.00    0.00    24  |__GC Thread#1
01:21:40 PM  1000         -    937652    0.00    0.00    0.00    0.00    0.00    24  |__GC Thread#2
01:21:40 PM  1000         -    937654    0.00    0.00    0.00    0.00    0.00    24  |__vert.x-worker-t
01:21:40 PM  1000         -    937655    0.00    0.00    0.00    0.00    0.00    24  |__vert.x-eventloo
01:21:40 PM  1000         -    937656    0.00    0.00    0.00    0.00    0.00    22  |__vert.x-eventloo
01:21:40 PM  1000         -    937657    1.00    0.00    0.00    0.00    1.00    26  |__vert.x-eventloo
01:21:40 PM  1000         -    937658    0.00    0.00    0.00    0.00    0.00    24  |__CLI-scheduled-e
01:21:40 PM  1000         -    937659    0.00    0.00    0.00    0.00    0.00    26  |__vert.x-eventloo
01:21:40 PM  1000         -    937661    0.00    0.00    0.00    0.00    0.00    26  |__vert.x-worker-t
01:21:40 PM  1000         -    937662    0.00    0.00    0.00    0.00    0.00    22  |__vert.x-eventloo
01:21:40 PM  1000         -    937667    0.00    0.00    0.00    0.00    0.00    24  |__cpu-watchdog
01:21:40 PM  1000         -    937668    2.00    2.00    0.00    0.00    4.00    24  |__epollEventLoopG
01:21:40 PM  1000         -    937669    2.00    2.00    0.00    0.00    4.00    22  |__epollEventLoopG
01:21:40 PM  1000         -    937670    0.00    0.00    0.00    0.00    0.00    22  |__jitter-watchdog
01:21:40 PM  1000         -    937671    0.00    0.00    0.00    0.00    0.00    22  |__vert.x-worker-t
01:21:40 PM  1000         -    937767    0.00    0.00    0.00    0.00    0.00    22  |__vert.x-eventloo

01:21:39 PM   UID      TGID       TID   cswch/s nvcswch/s  Command
01:21:40 PM  1000    937324         -      0.00      0.00  java
01:21:40 PM  1000         -    937324      0.00      0.00  |__java
01:21:40 PM  1000         -    937358      2.00      0.00  |__java
01:21:40 PM  1000         -    937359      0.00      0.00  |__GC Thread#0
01:21:40 PM  1000         -    937360      0.00      0.00  |__G1 Main Marker
01:21:40 PM  1000         -    937361      0.00      0.00  |__G1 Conc#0
01:21:40 PM  1000         -    937362     20.00      0.00  |__G1 Refine#0
01:21:40 PM  1000         -    937363      1.00      0.00  |__G1 Service
01:21:40 PM  1000         -    937365      0.00      0.00  |__VM Periodic Tas
01:21:40 PM  1000         -    937366      0.00      0.00  |__VM Thread
01:21:40 PM  1000         -    937367      0.00      0.00  |__Reference Handl
01:21:40 PM  1000         -    937368      0.00      0.00  |__Finalizer
01:21:40 PM  1000         -    937369      0.00      0.00  |__Signal Dispatch
01:21:40 PM  1000         -    937370      1.00      0.00  |__Service Thread
01:21:40 PM  1000         -    937371      4.00      0.00  |__Monitor Deflati
01:21:40 PM  1000         -    937372     10.00      0.00  |__C2 CompilerThre
01:21:40 PM  1000         -    937373      8.00      0.00  |__C1 CompilerThre
01:21:40 PM  1000         -    937374      0.00      0.00  |__Notification Th
01:21:40 PM  1000         -    937375      0.00      0.00  |__Common-Cleaner
01:21:40 PM  1000         -    937643      1.00      0.00  |__vertx-blocked-t
01:21:40 PM  1000         -    937645      0.00      0.00  |__process reaper
01:21:40 PM  1000         -    937647      1.00      0.00  |__vertx-blocked-t
01:21:40 PM  1000         -    937649      3.00      0.00  |__vert.x-eventloo
01:21:40 PM  1000         -    937650      0.00      0.00  |__vert.x-acceptor
01:21:40 PM  1000         -    937651      0.00      0.00  |__GC Thread#1
01:21:40 PM  1000         -    937652      0.00      0.00  |__GC Thread#2
01:21:40 PM  1000         -    937654      0.00      0.00  |__vert.x-worker-t
01:21:40 PM  1000         -    937655      0.00      0.00  |__vert.x-eventloo
01:21:40 PM  1000         -    937656      1.00      0.00  |__vert.x-eventloo
01:21:40 PM  1000         -    937657      2.00      0.00  |__vert.x-eventloo
01:21:40 PM  1000         -    937658      0.00      0.00  |__CLI-scheduled-e
01:21:40 PM  1000         -    937659      0.00      0.00  |__vert.x-eventloo
01:21:40 PM  1000         -    937661      0.00      0.00  |__vert.x-worker-t
01:21:40 PM  1000         -    937662      2.00      0.00  |__vert.x-eventloo
01:21:40 PM  1000         -    937667      0.00      0.00  |__cpu-watchdog
01:21:40 PM  1000         -    937668   2448.00      0.00  |__epollEventLoopG
01:21:40 PM  1000         -    937669   2523.00      1.00  |__epollEventLoopG
01:21:40 PM  1000         -    937670     20.00      0.00  |__jitter-watchdog
01:21:40 PM  1000         -    937671      0.00      0.00  |__vert.x-worker-t
01:21:40 PM  1000         -    937767      0.00      0.00  |__vert.x-eventloo

01:21:40 PM   UID      TGID       TID    %usr %system  %guest   %wait    %CPU   CPU  Command
01:21:41 PM  1000    937324         -    9.00    5.00    0.00    0.00   14.00    24  java
01:21:41 PM  1000         -    937324    0.00    0.00    0.00    0.00    0.00    24  |__java
01:21:41 PM  1000         -    937358    0.00    0.00    0.00    0.00    0.00    24  |__java
01:21:41 PM  1000         -    937359    0.00    0.00    0.00    0.00    0.00    22  |__GC Thread#0
01:21:41 PM  1000         -    937360    0.00    0.00    0.00    0.00    0.00    24  |__G1 Main Marker
01:21:41 PM  1000         -    937361    0.00    0.00    0.00    0.00    0.00    22  |__G1 Conc#0
01:21:41 PM  1000         -    937362    0.00    0.00    0.00    0.00    0.00    26  |__G1 Refine#0
01:21:41 PM  1000         -    937363    0.00    0.00    0.00    0.00    0.00    24  |__G1 Service
01:21:41 PM  1000         -    937365    0.00    0.00    0.00    0.00    0.00    26  |__VM Periodic Tas
01:21:41 PM  1000         -    937366    0.00    0.00    0.00    0.00    0.00    26  |__VM Thread
01:21:41 PM  1000         -    937367    0.00    0.00    0.00    0.00    0.00    26  |__Reference Handl
01:21:41 PM  1000         -    937368    0.00    0.00    0.00    0.00    0.00    24  |__Finalizer
01:21:41 PM  1000         -    937369    0.00    0.00    0.00    0.00    0.00    24  |__Signal Dispatch
01:21:41 PM  1000         -    937370    0.00    0.00    0.00    0.00    0.00    22  |__Service Thread
01:21:41 PM  1000         -    937371    0.00    0.00    0.00    0.00    0.00    26  |__Monitor Deflati
01:21:41 PM  1000         -    937372    4.00    0.00    0.00    0.00    4.00    26  |__C2 CompilerThre
01:21:41 PM  1000         -    937373    0.00    0.00    0.00    0.00    0.00    22  |__C1 CompilerThre
01:21:41 PM  1000         -    937374    0.00    0.00    0.00    0.00    0.00    22  |__Notification Th
01:21:41 PM  1000         -    937375    0.00    0.00    0.00    0.00    0.00    26  |__Common-Cleaner
01:21:41 PM  1000         -    937643    0.00    0.00    0.00    0.00    0.00    22  |__vertx-blocked-t
01:21:41 PM  1000         -    937645    0.00    0.00    0.00    0.00    0.00    24  |__process reaper
01:21:41 PM  1000         -    937647    0.00    0.00    0.00    0.00    0.00    24  |__vertx-blocked-t
01:21:41 PM  1000         -    937649    1.00    0.00    0.00    0.00    1.00    24  |__vert.x-eventloo
01:21:41 PM  1000         -    937650    0.00    0.00    0.00    0.00    0.00    22  |__vert.x-acceptor
01:21:41 PM  1000         -    937651    0.00    0.00    0.00    0.00    0.00    24  |__GC Thread#1
01:21:41 PM  1000         -    937652    0.00    0.00    0.00    0.00    0.00    24  |__GC Thread#2
01:21:41 PM  1000         -    937654    0.00    0.00    0.00    0.00    0.00    24  |__vert.x-worker-t
01:21:41 PM  1000         -    937655    0.00    0.00    0.00    0.00    0.00    24  |__vert.x-eventloo
01:21:41 PM  1000         -    937656    0.00    0.00    0.00    0.00    0.00    22  |__vert.x-eventloo
01:21:41 PM  1000         -    937657    0.00    0.00    0.00    0.00    0.00    24  |__vert.x-eventloo
01:21:41 PM  1000         -    937658    0.00    0.00    0.00    0.00    0.00    24  |__CLI-scheduled-e
01:21:41 PM  1000         -    937659    0.00    0.00    0.00    0.00    0.00    26  |__vert.x-eventloo
01:21:41 PM  1000         -    937661    0.00    0.00    0.00    0.00    0.00    26  |__vert.x-worker-t
01:21:41 PM  1000         -    937662    0.00    0.00    0.00    0.00    0.00    22  |__vert.x-eventloo
01:21:41 PM  1000         -    937667    0.00    0.00    0.00    0.00    0.00    24  |__cpu-watchdog
01:21:41 PM  1000         -    937668    3.00    2.00    0.00    0.00    5.00    24  |__epollEventLoopG
01:21:41 PM  1000         -    937669    2.00    3.00    0.00    0.00    5.00    22  |__epollEventLoopG
01:21:41 PM  1000         -    937670    0.00    0.00    0.00    0.00    0.00    22  |__jitter-watchdog
01:21:41 PM  1000         -    937671    0.00    0.00    0.00    0.00    0.00    22  |__vert.x-worker-t
01:21:41 PM  1000         -    937767    0.00    0.00    0.00    0.00    0.00    22  |__vert.x-eventloo

01:21:40 PM   UID      TGID       TID   cswch/s nvcswch/s  Command
01:21:41 PM  1000    937324         -      0.00      0.00  java
01:21:41 PM  1000         -    937324      0.00      0.00  |__java
01:21:41 PM  1000         -    937358      2.00      0.00  |__java
01:21:41 PM  1000         -    937359      0.00      0.00  |__GC Thread#0
01:21:41 PM  1000         -    937360      0.00      0.00  |__G1 Main Marker
01:21:41 PM  1000         -    937361      0.00      0.00  |__G1 Conc#0
01:21:41 PM  1000         -    937362     20.00      0.00  |__G1 Refine#0
01:21:41 PM  1000         -    937363      1.00      0.00  |__G1 Service
01:21:41 PM  1000         -    937365      0.00      0.00  |__VM Periodic Tas
01:21:41 PM  1000         -    937366      0.00      0.00  |__VM Thread
01:21:41 PM  1000         -    937367      0.00      0.00  |__Reference Handl
01:21:41 PM  1000         -    937368      0.00      0.00  |__Finalizer
01:21:41 PM  1000         -    937369      0.00      0.00  |__Signal Dispatch
01:21:41 PM  1000         -    937370      1.00      0.00  |__Service Thread
01:21:41 PM  1000         -    937371      4.00      0.00  |__Monitor Deflati
01:21:41 PM  1000         -    937372     10.00      0.00  |__C2 CompilerThre
01:21:41 PM  1000         -    937373     10.00      0.00  |__C1 CompilerThre
01:21:41 PM  1000         -    937374      0.00      0.00  |__Notification Th
01:21:41 PM  1000         -    937375      0.00      0.00  |__Common-Cleaner
01:21:41 PM  1000         -    937643      1.00      0.00  |__vertx-blocked-t
01:21:41 PM  1000         -    937645      0.00      0.00  |__process reaper
01:21:41 PM  1000         -    937647      1.00      0.00  |__vertx-blocked-t
01:21:41 PM  1000         -    937649      3.00      0.00  |__vert.x-eventloo
01:21:41 PM  1000         -    937650      0.00      0.00  |__vert.x-acceptor
01:21:41 PM  1000         -    937651      0.00      0.00  |__GC Thread#1
01:21:41 PM  1000         -    937652      0.00      0.00  |__GC Thread#2
01:21:41 PM  1000         -    937654      0.00      0.00  |__vert.x-worker-t
01:21:41 PM  1000         -    937655      0.00      0.00  |__vert.x-eventloo
01:21:41 PM  1000         -    937656      1.00      0.00  |__vert.x-eventloo
01:21:41 PM  1000         -    937657      2.00      0.00  |__vert.x-eventloo
01:21:41 PM  1000         -    937658      0.00      0.00  |__CLI-scheduled-e
01:21:41 PM  1000         -    937659      0.00      0.00  |__vert.x-eventloo
01:21:41 PM  1000         -    937661      0.00      0.00  |__vert.x-worker-t
01:21:41 PM  1000         -    937662      2.00      0.00  |__vert.x-eventloo
01:21:41 PM  1000         -    937667      1.00      0.00  |__cpu-watchdog
01:21:41 PM  1000         -    937668   2560.00      0.00  |__epollEventLoopG
01:21:41 PM  1000         -    937669   2539.00      2.00  |__epollEventLoopG
01:21:41 PM  1000         -    937670     20.00      0.00  |__jitter-watchdog
01:21:41 PM  1000         -    937671      0.00      0.00  |__vert.x-worker-t
01:21:41 PM  1000         -    937767      0.00      0.00  |__vert.x-eventloo

01:21:41 PM   UID      TGID       TID    %usr %system  %guest   %wait    %CPU   CPU  Command
01:21:42 PM  1000    937324         -    6.00    4.00    0.00    0.00   10.00    24  java
01:21:42 PM  1000         -    937324    0.00    0.00    0.00    0.00    0.00    24  |__java
01:21:42 PM  1000         -    937358    0.00    0.00    0.00    0.00    0.00    24  |__java
01:21:42 PM  1000         -    937359    0.00    0.00    0.00    0.00    0.00    22  |__GC Thread#0
01:21:42 PM  1000         -    937360    0.00    0.00    0.00    0.00    0.00    24  |__G1 Main Marker
01:21:42 PM  1000         -    937361    0.00    0.00    0.00    0.00    0.00    22  |__G1 Conc#0
01:21:42 PM  1000         -    937362    0.00    0.00    0.00    0.00    0.00    26  |__G1 Refine#0
01:21:42 PM  1000         -    937363    0.00    0.00    0.00    0.00    0.00    24  |__G1 Service
01:21:42 PM  1000         -    937365    0.00    0.00    0.00    0.00    0.00    26  |__VM Periodic Tas
01:21:42 PM  1000         -    937366    0.00    0.00    0.00    0.00    0.00    26  |__VM Thread
01:21:42 PM  1000         -    937367    0.00    0.00    0.00    0.00    0.00    26  |__Reference Handl
01:21:42 PM  1000         -    937368    0.00    0.00    0.00    0.00    0.00    24  |__Finalizer
01:21:42 PM  1000         -    937369    0.00    0.00    0.00    0.00    0.00    24  |__Signal Dispatch
01:21:42 PM  1000         -    937370    0.00    0.00    0.00    0.00    0.00    22  |__Service Thread
01:21:42 PM  1000         -    937371    0.00    0.00    0.00    0.00    0.00    26  |__Monitor Deflati
01:21:42 PM  1000         -    937372    0.00    0.00    0.00    0.00    0.00    24  |__C2 CompilerThre
01:21:42 PM  1000         -    937373    1.00    0.00    0.00    0.00    1.00    26  |__C1 CompilerThre
01:21:42 PM  1000         -    937374    0.00    0.00    0.00    0.00    0.00    22  |__Notification Th
01:21:42 PM  1000         -    937375    0.00    0.00    0.00    0.00    0.00    26  |__Common-Cleaner
01:21:42 PM  1000         -    937643    0.00    0.00    0.00    0.00    0.00    22  |__vertx-blocked-t
01:21:42 PM  1000         -    937645    0.00    0.00    0.00    0.00    0.00    24  |__process reaper
01:21:42 PM  1000         -    937647    0.00    0.00    0.00    0.00    0.00    24  |__vertx-blocked-t
01:21:42 PM  1000         -    937649    0.00    0.00    0.00    0.00    0.00    24  |__vert.x-eventloo
01:21:42 PM  1000         -    937650    0.00    0.00    0.00    0.00    0.00    22  |__vert.x-acceptor
01:21:42 PM  1000         -    937651    0.00    0.00    0.00    0.00    0.00    24  |__GC Thread#1
01:21:42 PM  1000         -    937652    0.00    0.00    0.00    0.00    0.00    24  |__GC Thread#2
01:21:42 PM  1000         -    937654    0.00    0.00    0.00    0.00    0.00    24  |__vert.x-worker-t
01:21:42 PM  1000         -    937655    0.00    0.00    0.00    0.00    0.00    24  |__vert.x-eventloo
01:21:42 PM  1000         -    937656    0.00    0.00    0.00    0.00    0.00    22  |__vert.x-eventloo
01:21:42 PM  1000         -    937657    0.00    0.00    0.00    0.00    0.00    26  |__vert.x-eventloo
01:21:42 PM  1000         -    937658    0.00    0.00    0.00    0.00    0.00    24  |__CLI-scheduled-e
01:21:42 PM  1000         -    937659    0.00    0.00    0.00    0.00    0.00    26  |__vert.x-eventloo
01:21:42 PM  1000         -    937661    0.00    0.00    0.00    0.00    0.00    26  |__vert.x-worker-t
01:21:42 PM  1000         -    937662    0.00    0.00    0.00    0.00    0.00    22  |__vert.x-eventloo
01:21:42 PM  1000         -    937667    0.00    0.00    0.00    0.00    0.00    24  |__cpu-watchdog
01:21:42 PM  1000         -    937668    2.00    2.00    0.00    0.00    4.00    26  |__epollEventLoopG
01:21:42 PM  1000         -    937669    2.00    2.00    0.00    0.00    4.00    24  |__epollEventLoopG
01:21:42 PM  1000         -    937670    0.00    0.00    0.00    0.00    0.00    26  |__jitter-watchdog
01:21:42 PM  1000         -    937671    0.00    0.00    0.00    0.00    0.00    22  |__vert.x-worker-t
01:21:42 PM  1000         -    937767    0.00    0.00    0.00    0.00    0.00    22  |__vert.x-eventloo

01:21:41 PM   UID      TGID       TID   cswch/s nvcswch/s  Command
01:21:42 PM  1000    937324         -      0.00      0.00  java
01:21:42 PM  1000         -    937324      0.00      0.00  |__java
01:21:42 PM  1000         -    937358      2.00      0.00  |__java
01:21:42 PM  1000         -    937359      0.00      0.00  |__GC Thread#0
01:21:42 PM  1000         -    937360      0.00      0.00  |__G1 Main Marker
01:21:42 PM  1000         -    937361      0.00      0.00  |__G1 Conc#0
01:21:42 PM  1000         -    937362     20.00      0.00  |__G1 Refine#0
01:21:42 PM  1000         -    937363      1.00      0.00  |__G1 Service
01:21:42 PM  1000         -    937365      0.00      0.00  |__VM Periodic Tas
01:21:42 PM  1000         -    937366      0.00      0.00  |__VM Thread
01:21:42 PM  1000         -    937367      0.00      0.00  |__Reference Handl
01:21:42 PM  1000         -    937368      0.00      0.00  |__Finalizer
01:21:42 PM  1000         -    937369      0.00      0.00  |__Signal Dispatch
01:21:42 PM  1000         -    937370      1.00      0.00  |__Service Thread
01:21:42 PM  1000         -    937371      4.00      0.00  |__Monitor Deflati
01:21:42 PM  1000         -    937372     14.00      0.00  |__C2 CompilerThre
01:21:42 PM  1000         -    937373      5.00      0.00  |__C1 CompilerThre
01:21:42 PM  1000         -    937374      0.00      0.00  |__Notification Th
01:21:42 PM  1000         -    937375      0.00      0.00  |__Common-Cleaner
01:21:42 PM  1000         -    937643      1.00      0.00  |__vertx-blocked-t
01:21:42 PM  1000         -    937645      0.00      0.00  |__process reaper
01:21:42 PM  1000         -    937647      1.00      0.00  |__vertx-blocked-t
01:21:42 PM  1000         -    937649      3.00      0.00  |__vert.x-eventloo
01:21:42 PM  1000         -    937650      0.00      0.00  |__vert.x-acceptor
01:21:42 PM  1000         -    937651      0.00      0.00  |__GC Thread#1
01:21:42 PM  1000         -    937652      0.00      0.00  |__GC Thread#2
01:21:42 PM  1000         -    937654      0.00      0.00  |__vert.x-worker-t
01:21:42 PM  1000         -    937655      0.00      0.00  |__vert.x-eventloo
01:21:42 PM  1000         -    937656      1.00      0.00  |__vert.x-eventloo
01:21:42 PM  1000         -    937657      2.00      1.00  |__vert.x-eventloo
01:21:42 PM  1000         -    937658      0.00      0.00  |__CLI-scheduled-e
01:21:42 PM  1000         -    937659      0.00      0.00  |__vert.x-eventloo
01:21:42 PM  1000         -    937661      0.00      0.00  |__vert.x-worker-t
01:21:42 PM  1000         -    937662      1.00      0.00  |__vert.x-eventloo
01:21:42 PM  1000         -    937667      0.00      0.00  |__cpu-watchdog
01:21:42 PM  1000         -    937668   2497.00      0.00  |__epollEventLoopG
01:21:42 PM  1000         -    937669   2496.00      1.00  |__epollEventLoopG
01:21:42 PM  1000         -    937670     20.00      0.00  |__jitter-watchdog
01:21:42 PM  1000         -    937671      0.00      0.00  |__vert.x-worker-t
01:21:42 PM  1000         -    937767      0.00      0.00  |__vert.x-eventloo

01:21:42 PM   UID      TGID       TID    %usr %system  %guest   %wait    %CPU   CPU  Command
01:21:43 PM  1000    937324         -    6.00    6.00    0.00    0.00   12.00    24  java
01:21:43 PM  1000         -    937324    0.00    0.00    0.00    0.00    0.00    24  |__java
01:21:43 PM  1000         -    937358    0.00    0.00    0.00    0.00    0.00    22  |__java
01:21:43 PM  1000         -    937359    0.00    0.00    0.00    0.00    0.00    26  |__GC Thread#0
01:21:43 PM  1000         -    937360    0.00    0.00    0.00    0.00    0.00    24  |__G1 Main Marker
01:21:43 PM  1000         -    937361    0.00    0.00    0.00    0.00    0.00    22  |__G1 Conc#0
01:21:43 PM  1000         -    937362    0.00    0.00    0.00    0.00    0.00    24  |__G1 Refine#0
01:21:43 PM  1000         -    937363    0.00    0.00    0.00    0.00    0.00    24  |__G1 Service
01:21:43 PM  1000         -    937365    0.00    0.00    0.00    0.00    0.00    26  |__VM Periodic Tas
01:21:43 PM  1000         -    937366    0.00    0.00    0.00    0.00    0.00    22  |__VM Thread
01:21:43 PM  1000         -    937367    0.00    0.00    0.00    0.00    0.00    22  |__Reference Handl
01:21:43 PM  1000         -    937368    0.00    0.00    0.00    0.00    0.00    24  |__Finalizer
01:21:43 PM  1000         -    937369    0.00    0.00    0.00    0.00    0.00    24  |__Signal Dispatch
01:21:43 PM  1000         -    937370    0.00    0.00    0.00    0.00    0.00    22  |__Service Thread
01:21:43 PM  1000         -    937371    0.00    0.00    0.00    0.00    0.00    26  |__Monitor Deflati
01:21:43 PM  1000         -    937372    1.00    0.00    0.00    0.00    1.00    24  |__C2 CompilerThre
01:21:43 PM  1000         -    937373    0.00    0.00    0.00    0.00    0.00    26  |__C1 CompilerThre
01:21:43 PM  1000         -    937374    0.00    0.00    0.00    0.00    0.00    22  |__Notification Th
01:21:43 PM  1000         -    937375    0.00    0.00    0.00    0.00    0.00    26  |__Common-Cleaner
01:21:43 PM  1000         -    937643    0.00    0.00    0.00    0.00    0.00    22  |__vertx-blocked-t
01:21:43 PM  1000         -    937645    0.00    0.00    0.00    0.00    0.00    24  |__process reaper
01:21:43 PM  1000         -    937647    0.00    0.00    0.00    0.00    0.00    24  |__vertx-blocked-t
01:21:43 PM  1000         -    937649    0.00    0.00    0.00    0.00    0.00    24  |__vert.x-eventloo
01:21:43 PM  1000         -    937650    0.00    0.00    0.00    0.00    0.00    22  |__vert.x-acceptor
01:21:43 PM  1000         -    937651    0.00    0.00    0.00    0.00    0.00    24  |__GC Thread#1
01:21:43 PM  1000         -    937652    0.00    0.00    0.00    0.00    0.00    26  |__GC Thread#2
01:21:43 PM  1000         -    937654    0.00    0.00    0.00    0.00    0.00    24  |__vert.x-worker-t
01:21:43 PM  1000         -    937655    0.00    0.00    0.00    0.00    0.00    24  |__vert.x-eventloo
01:21:43 PM  1000         -    937656    0.00    0.00    0.00    0.00    0.00    22  |__vert.x-eventloo
01:21:43 PM  1000         -    937657    0.00    0.00    0.00    0.00    0.00    24  |__vert.x-eventloo
01:21:43 PM  1000         -    937658    0.00    0.00    0.00    0.00    0.00    24  |__CLI-scheduled-e
01:21:43 PM  1000         -    937659    0.00    0.00    0.00    0.00    0.00    26  |__vert.x-eventloo
01:21:43 PM  1000         -    937661    0.00    0.00    0.00    0.00    0.00    26  |__vert.x-worker-t
01:21:43 PM  1000         -    937662    0.00    0.00    0.00    0.00    0.00    22  |__vert.x-eventloo
01:21:43 PM  1000         -    937667    0.00    0.00    0.00    0.00    0.00    24  |__cpu-watchdog
01:21:43 PM  1000         -    937668    3.00    3.00    0.00    0.00    6.00    24  |__epollEventLoopG
01:21:43 PM  1000         -    937669    3.00    2.00    0.00    1.00    5.00    22  |__epollEventLoopG
01:21:43 PM  1000         -    937670    0.00    0.00    0.00    0.00    0.00    26  |__jitter-watchdog
01:21:43 PM  1000         -    937671    0.00    0.00    0.00    0.00    0.00    22  |__vert.x-worker-t
01:21:43 PM  1000         -    937767    0.00    0.00    0.00    0.00    0.00    22  |__vert.x-eventloo

01:21:42 PM   UID      TGID       TID   cswch/s nvcswch/s  Command
01:21:43 PM  1000    937324         -      0.00      0.00  java
01:21:43 PM  1000         -    937324      0.00      0.00  |__java
01:21:43 PM  1000         -    937358      2.00      0.00  |__java
01:21:43 PM  1000         -    937359      8.00      0.00  |__GC Thread#0
01:21:43 PM  1000         -    937360      0.00      0.00  |__G1 Main Marker
01:21:43 PM  1000         -    937361      0.00      0.00  |__G1 Conc#0
01:21:43 PM  1000         -    937362     22.00      0.00  |__G1 Refine#0
01:21:43 PM  1000         -    937363      3.00      0.00  |__G1 Service
01:21:43 PM  1000         -    937365      0.00      0.00  |__VM Periodic Tas
01:21:43 PM  1000         -    937366      9.00      0.00  |__VM Thread
01:21:43 PM  1000         -    937367      1.00      0.00  |__Reference Handl
01:21:43 PM  1000         -    937368      0.00      0.00  |__Finalizer
01:21:43 PM  1000         -    937369      0.00      0.00  |__Signal Dispatch
01:21:43 PM  1000         -    937370      1.00      0.00  |__Service Thread
01:21:43 PM  1000         -    937371      4.00      0.00  |__Monitor Deflati
01:21:43 PM  1000         -    937372      9.00      0.00  |__C2 CompilerThre
01:21:43 PM  1000         -    937373      7.00      0.00  |__C1 CompilerThre
01:21:43 PM  1000         -    937374      0.00      0.00  |__Notification Th
01:21:43 PM  1000         -    937375      0.00      0.00  |__Common-Cleaner
01:21:43 PM  1000         -    937643      1.00      0.00  |__vertx-blocked-t
01:21:43 PM  1000         -    937645      0.00      0.00  |__process reaper
01:21:43 PM  1000         -    937647      1.00      0.00  |__vertx-blocked-t
01:21:43 PM  1000         -    937649      5.00      0.00  |__vert.x-eventloo
01:21:43 PM  1000         -    937650      0.00      0.00  |__vert.x-acceptor
01:21:43 PM  1000         -    937651      8.00      0.00  |__GC Thread#1
01:21:43 PM  1000         -    937652      8.00      0.00  |__GC Thread#2
01:21:43 PM  1000         -    937654      0.00      0.00  |__vert.x-worker-t
01:21:43 PM  1000         -    937655      0.00      0.00  |__vert.x-eventloo
01:21:43 PM  1000         -    937656      1.00      0.00  |__vert.x-eventloo
01:21:43 PM  1000         -    937657      2.00      0.00  |__vert.x-eventloo
01:21:43 PM  1000         -    937658      0.00      0.00  |__CLI-scheduled-e
01:21:43 PM  1000         -    937659      0.00      0.00  |__vert.x-eventloo
01:21:43 PM  1000         -    937661      0.00      0.00  |__vert.x-worker-t
01:21:43 PM  1000         -    937662      2.00      0.00  |__vert.x-eventloo
01:21:43 PM  1000         -    937667      0.00      0.00  |__cpu-watchdog
01:21:43 PM  1000         -    937668   2485.00      1.00  |__epollEventLoopG
01:21:43 PM  1000         -    937669   2564.00      1.00  |__epollEventLoopG
01:21:43 PM  1000         -    937670     20.00      0.00  |__jitter-watchdog
01:21:43 PM  1000         -    937671      0.00      0.00  |__vert.x-worker-t
01:21:43 PM  1000         -    937767      0.00      0.00  |__vert.x-eventloo

01:21:43 PM   UID      TGID       TID    %usr %system  %guest   %wait    %CPU   CPU  Command
01:21:44 PM  1000    937324         -    5.00    4.00    0.00    0.00    9.00    24  java
01:21:44 PM  1000         -    937324    0.00    0.00    0.00    0.00    0.00    24  |__java
01:21:44 PM  1000         -    937358    0.00    0.00    0.00    0.00    0.00    22  |__java
01:21:44 PM  1000         -    937359    0.00    0.00    0.00    0.00    0.00    26  |__GC Thread#0
01:21:44 PM  1000         -    937360    0.00    0.00    0.00    0.00    0.00    24  |__G1 Main Marker
01:21:44 PM  1000         -    937361    0.00    0.00    0.00    0.00    0.00    22  |__G1 Conc#0
01:21:44 PM  1000         -    937362    0.00    0.00    0.00    0.00    0.00    24  |__G1 Refine#0
01:21:44 PM  1000         -    937363    0.00    0.00    0.00    0.00    0.00    24  |__G1 Service
01:21:44 PM  1000         -    937365    0.00    0.00    0.00    0.00    0.00    26  |__VM Periodic Tas
01:21:44 PM  1000         -    937366    0.00    0.00    0.00    0.00    0.00    22  |__VM Thread
01:21:44 PM  1000         -    937367    0.00    0.00    0.00    0.00    0.00    22  |__Reference Handl
01:21:44 PM  1000         -    937368    0.00    0.00    0.00    0.00    0.00    24  |__Finalizer
01:21:44 PM  1000         -    937369    0.00    0.00    0.00    0.00    0.00    24  |__Signal Dispatch
01:21:44 PM  1000         -    937370    0.00    0.00    0.00    0.00    0.00    22  |__Service Thread
01:21:44 PM  1000         -    937371    0.00    0.00    0.00    0.00    0.00    26  |__Monitor Deflati
01:21:44 PM  1000         -    937372    0.00    0.00    0.00    0.00    0.00    26  |__C2 CompilerThre
01:21:44 PM  1000         -    937373    1.00    0.00    0.00    0.00    1.00    22  |__C1 CompilerThre
01:21:44 PM  1000         -    937374    0.00    0.00    0.00    0.00    0.00    22  |__Notification Th
01:21:44 PM  1000         -    937375    0.00    0.00    0.00    0.00    0.00    26  |__Common-Cleaner
01:21:44 PM  1000         -    937643    0.00    0.00    0.00    0.00    0.00    22  |__vertx-blocked-t
01:21:44 PM  1000         -    937645    0.00    0.00    0.00    0.00    0.00    24  |__process reaper
01:21:44 PM  1000         -    937647    0.00    0.00    0.00    0.00    0.00    24  |__vertx-blocked-t
01:21:44 PM  1000         -    937649    0.00    0.00    0.00    0.00    0.00    26  |__vert.x-eventloo
01:21:44 PM  1000         -    937650    0.00    0.00    0.00    0.00    0.00    22  |__vert.x-acceptor
01:21:44 PM  1000         -    937651    0.00    0.00    0.00    0.00    0.00    24  |__GC Thread#1
01:21:44 PM  1000         -    937652    0.00    0.00    0.00    0.00    0.00    26  |__GC Thread#2
01:21:44 PM  1000         -    937654    0.00    0.00    0.00    0.00    0.00    24  |__vert.x-worker-t
01:21:44 PM  1000         -    937655    0.00    0.00    0.00    0.00    0.00    24  |__vert.x-eventloo
01:21:44 PM  1000         -    937656    0.00    0.00    0.00    0.00    0.00    22  |__vert.x-eventloo
01:21:44 PM  1000         -    937657    0.00    0.00    0.00    0.00    0.00    24  |__vert.x-eventloo
01:21:44 PM  1000         -    937658    0.00    0.00    0.00    0.00    0.00    24  |__CLI-scheduled-e
01:21:44 PM  1000         -    937659    0.00    0.00    0.00    0.00    0.00    26  |__vert.x-eventloo
01:21:44 PM  1000         -    937661    0.00    0.00    0.00    0.00    0.00    26  |__vert.x-worker-t
01:21:44 PM  1000         -    937662    0.00    0.00    0.00    0.00    0.00    22  |__vert.x-eventloo
01:21:44 PM  1000         -    937667    0.00    0.00    0.00    0.00    0.00    24  |__cpu-watchdog
01:21:44 PM  1000         -    937668    2.00    2.00    0.00    0.00    4.00    24  |__epollEventLoopG
01:21:44 PM  1000         -    937669    3.00    2.00    0.00    0.00    5.00    22  |__epollEventLoopG
01:21:44 PM  1000         -    937670    0.00    0.00    0.00    0.00    0.00    26  |__jitter-watchdog
01:21:44 PM  1000         -    937671    0.00    0.00    0.00    0.00    0.00    22  |__vert.x-worker-t
01:21:44 PM  1000         -    937767    0.00    0.00    0.00    0.00    0.00    22  |__vert.x-eventloo

01:21:43 PM   UID      TGID       TID   cswch/s nvcswch/s  Command
01:21:44 PM  1000    937324         -      0.00      0.00  java
01:21:44 PM  1000         -    937324      0.00      0.00  |__java
01:21:44 PM  1000         -    937358      2.00      0.00  |__java
01:21:44 PM  1000         -    937359      0.00      0.00  |__GC Thread#0
01:21:44 PM  1000         -    937360      0.00      0.00  |__G1 Main Marker
01:21:44 PM  1000         -    937361      0.00      0.00  |__G1 Conc#0
01:21:44 PM  1000         -    937362     15.00      0.00  |__G1 Refine#0
01:21:44 PM  1000         -    937363      1.00      0.00  |__G1 Service
01:21:44 PM  1000         -    937365      1.00      0.00  |__VM Periodic Tas
01:21:44 PM  1000         -    937366      0.00      0.00  |__VM Thread
01:21:44 PM  1000         -    937367      0.00      0.00  |__Reference Handl
01:21:44 PM  1000         -    937368      0.00      0.00  |__Finalizer
01:21:44 PM  1000         -    937369      0.00      0.00  |__Signal Dispatch
01:21:44 PM  1000         -    937370      1.00      0.00  |__Service Thread
01:21:44 PM  1000         -    937371      4.00      0.00  |__Monitor Deflati
01:21:44 PM  1000         -    937372     13.00      0.00  |__C2 CompilerThre
01:21:44 PM  1000         -    937373      5.00      1.00  |__C1 CompilerThre
01:21:44 PM  1000         -    937374      0.00      0.00  |__Notification Th
01:21:44 PM  1000         -    937375      0.00      0.00  |__Common-Cleaner
01:21:44 PM  1000         -    937643      1.00      0.00  |__vertx-blocked-t
01:21:44 PM  1000         -    937645      0.00      0.00  |__process reaper
01:21:44 PM  1000         -    937647      1.00      0.00  |__vertx-blocked-t
01:21:44 PM  1000         -    937649      3.00      1.00  |__vert.x-eventloo
01:21:44 PM  1000         -    937650      0.00      0.00  |__vert.x-acceptor
01:21:44 PM  1000         -    937651      0.00      0.00  |__GC Thread#1
01:21:44 PM  1000         -    937652      0.00      0.00  |__GC Thread#2
01:21:44 PM  1000         -    937654      0.00      0.00  |__vert.x-worker-t
01:21:44 PM  1000         -    937655      0.00      0.00  |__vert.x-eventloo
01:21:44 PM  1000         -    937656      1.00      0.00  |__vert.x-eventloo
01:21:44 PM  1000         -    937657      2.00      0.00  |__vert.x-eventloo
01:21:44 PM  1000         -    937658      0.00      0.00  |__CLI-scheduled-e
01:21:44 PM  1000         -    937659      0.00      0.00  |__vert.x-eventloo
01:21:44 PM  1000         -    937661      0.00      0.00  |__vert.x-worker-t
01:21:44 PM  1000         -    937662      1.00      0.00  |__vert.x-eventloo
01:21:44 PM  1000         -    937667      0.00      0.00  |__cpu-watchdog
01:21:44 PM  1000         -    937668   2510.00      0.00  |__epollEventLoopG
01:21:44 PM  1000         -    937669   2477.00      2.00  |__epollEventLoopG
01:21:44 PM  1000         -    937670     20.00      0.00  |__jitter-watchdog
01:21:44 PM  1000         -    937671      0.00      0.00  |__vert.x-worker-t
01:21:44 PM  1000         -    937767      0.00      0.00  |__vert.x-eventloo

01:21:44 PM   UID      TGID       TID    %usr %system  %guest   %wait    %CPU   CPU  Command
01:21:45 PM  1000    937324         -    4.00    5.00    0.00    0.00    9.00    24  java
01:21:45 PM  1000         -    937324    0.00    0.00    0.00    0.00    0.00    24  |__java
01:21:45 PM  1000         -    937358    0.00    0.00    0.00    0.00    0.00    24  |__java
01:21:45 PM  1000         -    937359    0.00    0.00    0.00    0.00    0.00    26  |__GC Thread#0
01:21:45 PM  1000         -    937360    0.00    0.00    0.00    0.00    0.00    24  |__G1 Main Marker
01:21:45 PM  1000         -    937361    0.00    0.00    0.00    0.00    0.00    22  |__G1 Conc#0
01:21:45 PM  1000         -    937362    0.00    0.00    0.00    0.00    0.00    24  |__G1 Refine#0
01:21:45 PM  1000         -    937363    0.00    0.00    0.00    0.00    0.00    24  |__G1 Service
01:21:45 PM  1000         -    937365    0.00    0.00    0.00    0.00    0.00    26  |__VM Periodic Tas
01:21:45 PM  1000         -    937366    0.00    0.00    0.00    0.00    0.00    22  |__VM Thread
01:21:45 PM  1000         -    937367    0.00    0.00    0.00    0.00    0.00    22  |__Reference Handl
01:21:45 PM  1000         -    937368    0.00    0.00    0.00    0.00    0.00    24  |__Finalizer
01:21:45 PM  1000         -    937369    0.00    0.00    0.00    0.00    0.00    24  |__Signal Dispatch
01:21:45 PM  1000         -    937370    0.00    0.00    0.00    0.00    0.00    22  |__Service Thread
01:21:45 PM  1000         -    937371    0.00    0.00    0.00    0.00    0.00    26  |__Monitor Deflati
01:21:45 PM  1000         -    937372    0.00    0.00    0.00    0.00    0.00    24  |__C2 CompilerThre
01:21:45 PM  1000         -    937373    0.00    0.00    0.00    0.00    0.00    26  |__C1 CompilerThre
01:21:45 PM  1000         -    937374    0.00    0.00    0.00    0.00    0.00    22  |__Notification Th
01:21:45 PM  1000         -    937375    0.00    0.00    0.00    0.00    0.00    26  |__Common-Cleaner
01:21:45 PM  1000         -    937643    0.00    0.00    0.00    0.00    0.00    22  |__vertx-blocked-t
01:21:45 PM  1000         -    937645    0.00    0.00    0.00    0.00    0.00    24  |__process reaper
01:21:45 PM  1000         -    937647    0.00    0.00    0.00    0.00    0.00    24  |__vertx-blocked-t
01:21:45 PM  1000         -    937649    0.00    0.00    0.00    0.00    0.00    24  |__vert.x-eventloo
01:21:45 PM  1000         -    937650    0.00    0.00    0.00    0.00    0.00    22  |__vert.x-acceptor
01:21:45 PM  1000         -    937651    0.00    0.00    0.00    0.00    0.00    24  |__GC Thread#1
01:21:45 PM  1000         -    937652    0.00    0.00    0.00    0.00    0.00    26  |__GC Thread#2
01:21:45 PM  1000         -    937654    0.00    0.00    0.00    0.00    0.00    24  |__vert.x-worker-t
01:21:45 PM  1000         -    937655    0.00    0.00    0.00    0.00    0.00    24  |__vert.x-eventloo
01:21:45 PM  1000         -    937656    0.00    0.00    0.00    0.00    0.00    22  |__vert.x-eventloo
01:21:45 PM  1000         -    937657    0.00    0.00    0.00    0.00    0.00    26  |__vert.x-eventloo
01:21:45 PM  1000         -    937658    0.00    0.00    0.00    0.00    0.00    24  |__CLI-scheduled-e
01:21:45 PM  1000         -    937659    0.00    0.00    0.00    0.00    0.00    26  |__vert.x-eventloo
01:21:45 PM  1000         -    937661    0.00    0.00    0.00    0.00    0.00    26  |__vert.x-worker-t
01:21:45 PM  1000         -    937662    0.00    0.00    0.00    0.00    0.00    22  |__vert.x-eventloo
01:21:45 PM  1000         -    937667    0.00    0.00    0.00    0.00    0.00    24  |__cpu-watchdog
01:21:45 PM  1000         -    937668    2.00    2.00    0.00    0.00    4.00    24  |__epollEventLoopG
01:21:45 PM  1000         -    937669    2.00    2.00    0.00    0.00    4.00    26  |__epollEventLoopG
01:21:45 PM  1000         -    937670    0.00    0.00    0.00    0.00    0.00    26  |__jitter-watchdog
01:21:45 PM  1000         -    937671    0.00    0.00    0.00    0.00    0.00    22  |__vert.x-worker-t
01:21:45 PM  1000         -    937767    0.00    0.00    0.00    0.00    0.00    22  |__vert.x-eventloo

01:21:44 PM   UID      TGID       TID   cswch/s nvcswch/s  Command
01:21:45 PM  1000    937324         -      0.00      0.00  java
01:21:45 PM  1000         -    937324      0.00      0.00  |__java
01:21:45 PM  1000         -    937358      2.00      0.00  |__java
01:21:45 PM  1000         -    937359      0.00      0.00  |__GC Thread#0
01:21:45 PM  1000         -    937360      0.00      0.00  |__G1 Main Marker
01:21:45 PM  1000         -    937361      0.00      0.00  |__G1 Conc#0
01:21:45 PM  1000         -    937362     15.00      0.00  |__G1 Refine#0
01:21:45 PM  1000         -    937363      1.00      0.00  |__G1 Service
01:21:45 PM  1000         -    937365      0.00      0.00  |__VM Periodic Tas
01:21:45 PM  1000         -    937366      0.00      0.00  |__VM Thread
01:21:45 PM  1000         -    937367      0.00      0.00  |__Reference Handl
01:21:45 PM  1000         -    937368      0.00      0.00  |__Finalizer
01:21:45 PM  1000         -    937369      0.00      0.00  |__Signal Dispatch
01:21:45 PM  1000         -    937370      1.00      0.00  |__Service Thread
01:21:45 PM  1000         -    937371      4.00      0.00  |__Monitor Deflati
01:21:45 PM  1000         -    937372     11.00      0.00  |__C2 CompilerThre
01:21:45 PM  1000         -    937373      7.00      0.00  |__C1 CompilerThre
01:21:45 PM  1000         -    937374      0.00      0.00  |__Notification Th
01:21:45 PM  1000         -    937375      0.00      0.00  |__Common-Cleaner
01:21:45 PM  1000         -    937643      1.00      0.00  |__vertx-blocked-t
01:21:45 PM  1000         -    937645      0.00      0.00  |__process reaper
01:21:45 PM  1000         -    937647      1.00      0.00  |__vertx-blocked-t
01:21:45 PM  1000         -    937649      4.00      0.00  |__vert.x-eventloo
01:21:45 PM  1000         -    937650      0.00      0.00  |__vert.x-acceptor
01:21:45 PM  1000         -    937651      0.00      0.00  |__GC Thread#1
01:21:45 PM  1000         -    937652      0.00      0.00  |__GC Thread#2
01:21:45 PM  1000         -    937654      0.00      0.00  |__vert.x-worker-t
01:21:45 PM  1000         -    937655      0.00      0.00  |__vert.x-eventloo
01:21:45 PM  1000         -    937656      1.00      0.00  |__vert.x-eventloo
01:21:45 PM  1000         -    937657      3.00      0.00  |__vert.x-eventloo
01:21:45 PM  1000         -    937658      0.00      0.00  |__CLI-scheduled-e
01:21:45 PM  1000         -    937659      0.00      0.00  |__vert.x-eventloo
01:21:45 PM  1000         -    937661      0.00      0.00  |__vert.x-worker-t
01:21:45 PM  1000         -    937662      1.00      0.00  |__vert.x-eventloo
01:21:45 PM  1000         -    937667      0.00      0.00  |__cpu-watchdog
01:21:45 PM  1000         -    937668   2489.00      1.00  |__epollEventLoopG
01:21:45 PM  1000         -    937669   2494.00      0.00  |__epollEventLoopG
01:21:45 PM  1000         -    937670     20.00      0.00  |__jitter-watchdog
01:21:45 PM  1000         -    937671      0.00      0.00  |__vert.x-worker-t
01:21:45 PM  1000         -    937767      0.00      0.00  |__vert.x-eventloo

01:21:45 PM   UID      TGID       TID    %usr %system  %guest   %wait    %CPU   CPU  Command
01:21:46 PM  1000    937324         -    4.00    7.00    0.00    0.00   11.00    24  java
01:21:46 PM  1000         -    937324    0.00    0.00    0.00    0.00    0.00    24  |__java
01:21:46 PM  1000         -    937358    0.00    0.00    0.00    0.00    0.00    24  |__java
01:21:46 PM  1000         -    937359    0.00    0.00    0.00    0.00    0.00    26  |__GC Thread#0
01:21:46 PM  1000         -    937360    0.00    0.00    0.00    0.00    0.00    24  |__G1 Main Marker
01:21:46 PM  1000         -    937361    0.00    0.00    0.00    0.00    0.00    22  |__G1 Conc#0
01:21:46 PM  1000         -    937362    0.00    0.00    0.00    0.00    0.00    24  |__G1 Refine#0
01:21:46 PM  1000         -    937363    0.00    0.00    0.00    0.00    0.00    24  |__G1 Service
01:21:46 PM  1000         -    937365    0.00    0.00    0.00    0.00    0.00    26  |__VM Periodic Tas
01:21:46 PM  1000         -    937366    0.00    0.00    0.00    0.00    0.00    22  |__VM Thread
01:21:46 PM  1000         -    937367    0.00    0.00    0.00    0.00    0.00    22  |__Reference Handl
01:21:46 PM  1000         -    937368    0.00    0.00    0.00    0.00    0.00    24  |__Finalizer
01:21:46 PM  1000         -    937369    0.00    0.00    0.00    0.00    0.00    24  |__Signal Dispatch
01:21:46 PM  1000         -    937370    0.00    0.00    0.00    0.00    0.00    22  |__Service Thread
01:21:46 PM  1000         -    937371    0.00    0.00    0.00    0.00    0.00    26  |__Monitor Deflati
01:21:46 PM  1000         -    937372    0.00    0.00    0.00    0.00    0.00    22  |__C2 CompilerThre
01:21:46 PM  1000         -    937373    0.00    0.00    0.00    0.00    0.00    26  |__C1 CompilerThre
01:21:46 PM  1000         -    937374    0.00    0.00    0.00    0.00    0.00    22  |__Notification Th
01:21:46 PM  1000         -    937375    0.00    0.00    0.00    0.00    0.00    26  |__Common-Cleaner
01:21:46 PM  1000         -    937643    0.00    0.00    0.00    0.00    0.00    22  |__vertx-blocked-t
01:21:46 PM  1000         -    937645    0.00    0.00    0.00    0.00    0.00    24  |__process reaper
01:21:46 PM  1000         -    937647    0.00    0.00    0.00    0.00    0.00    24  |__vertx-blocked-t
01:21:46 PM  1000         -    937649    1.00    0.00    0.00    0.00    1.00    24  |__vert.x-eventloo
01:21:46 PM  1000         -    937650    0.00    0.00    0.00    0.00    0.00    22  |__vert.x-acceptor
01:21:46 PM  1000         -    937651    0.00    0.00    0.00    0.00    0.00    24  |__GC Thread#1
01:21:46 PM  1000         -    937652    0.00    0.00    0.00    0.00    0.00    26  |__GC Thread#2
01:21:46 PM  1000         -    937654    0.00    0.00    0.00    0.00    0.00    24  |__vert.x-worker-t
01:21:46 PM  1000         -    937655    0.00    0.00    0.00    0.00    0.00    24  |__vert.x-eventloo
01:21:46 PM  1000         -    937656    0.00    0.00    0.00    0.00    0.00    22  |__vert.x-eventloo
01:21:46 PM  1000         -    937657    1.00    0.00    0.00    0.00    1.00    26  |__vert.x-eventloo
01:21:46 PM  1000         -    937658    0.00    0.00    0.00    0.00    0.00    24  |__CLI-scheduled-e
01:21:46 PM  1000         -    937659    0.00    0.00    0.00    0.00    0.00    26  |__vert.x-eventloo
01:21:46 PM  1000         -    937661    0.00    0.00    0.00    0.00    0.00    26  |__vert.x-worker-t
01:21:46 PM  1000         -    937662    1.00    0.00    0.00    0.00    1.00    22  |__vert.x-eventloo
01:21:46 PM  1000         -    937667    0.00    0.00    0.00    0.00    0.00    26  |__cpu-watchdog
01:21:46 PM  1000         -    937668    0.00    4.00    0.00    0.00    4.00    26  |__epollEventLoopG
01:21:46 PM  1000         -    937669    2.00    3.00    0.00    0.00    5.00    22  |__epollEventLoopG
01:21:46 PM  1000         -    937670    0.00    0.00    0.00    0.00    0.00    24  |__jitter-watchdog
01:21:46 PM  1000         -    937671    0.00    0.00    0.00    0.00    0.00    22  |__vert.x-worker-t
01:21:46 PM  1000         -    937767    0.00    0.00    0.00    0.00    0.00    22  |__vert.x-eventloo

01:21:45 PM   UID      TGID       TID   cswch/s nvcswch/s  Command
01:21:46 PM  1000    937324         -      0.00      0.00  java
01:21:46 PM  1000         -    937324      0.00      0.00  |__java
01:21:46 PM  1000         -    937358      2.00      0.00  |__java
01:21:46 PM  1000         -    937359      0.00      0.00  |__GC Thread#0
01:21:46 PM  1000         -    937360      0.00      0.00  |__G1 Main Marker
01:21:46 PM  1000         -    937361      0.00      0.00  |__G1 Conc#0
01:21:46 PM  1000         -    937362     16.00      0.00  |__G1 Refine#0
01:21:46 PM  1000         -    937363      1.00      0.00  |__G1 Service
01:21:46 PM  1000         -    937365      0.00      0.00  |__VM Periodic Tas
01:21:46 PM  1000         -    937366      0.00      0.00  |__VM Thread
01:21:46 PM  1000         -    937367      0.00      0.00  |__Reference Handl
01:21:46 PM  1000         -    937368      0.00      0.00  |__Finalizer
01:21:46 PM  1000         -    937369      0.00      0.00  |__Signal Dispatch
01:21:46 PM  1000         -    937370      1.00      0.00  |__Service Thread
01:21:46 PM  1000         -    937371      4.00      0.00  |__Monitor Deflati
01:21:46 PM  1000         -    937372     16.00      0.00  |__C2 CompilerThre
01:21:46 PM  1000         -    937373     11.00      1.00  |__C1 CompilerThre
01:21:46 PM  1000         -    937374      0.00      0.00  |__Notification Th
01:21:46 PM  1000         -    937375      0.00      0.00  |__Common-Cleaner
01:21:46 PM  1000         -    937643      1.00      0.00  |__vertx-blocked-t
01:21:46 PM  1000         -    937645      0.00      0.00  |__process reaper
01:21:46 PM  1000         -    937647      1.00      0.00  |__vertx-blocked-t
01:21:46 PM  1000         -    937649      8.00      0.00  |__vert.x-eventloo
01:21:46 PM  1000         -    937650      0.00      0.00  |__vert.x-acceptor
01:21:46 PM  1000         -    937651      0.00      0.00  |__GC Thread#1
01:21:46 PM  1000         -    937652      0.00      0.00  |__GC Thread#2
01:21:46 PM  1000         -    937654      0.00      0.00  |__vert.x-worker-t
01:21:46 PM  1000         -    937655      0.00      0.00  |__vert.x-eventloo
01:21:46 PM  1000         -    937656      1.00      0.00  |__vert.x-eventloo
01:21:46 PM  1000         -    937657      3.00      0.00  |__vert.x-eventloo
01:21:46 PM  1000         -    937658      0.00      0.00  |__CLI-scheduled-e
01:21:46 PM  1000         -    937659      0.00      0.00  |__vert.x-eventloo
01:21:46 PM  1000         -    937661      0.00      0.00  |__vert.x-worker-t
01:21:46 PM  1000         -    937662      1.00      0.00  |__vert.x-eventloo
01:21:46 PM  1000         -    937667      2.00      0.00  |__cpu-watchdog
01:21:46 PM  1000         -    937668   2537.00      0.00  |__epollEventLoopG
01:21:46 PM  1000         -    937669   2491.00      1.00  |__epollEventLoopG
01:21:46 PM  1000         -    937670     20.00      0.00  |__jitter-watchdog
01:21:46 PM  1000         -    937671      0.00      0.00  |__vert.x-worker-t
01:21:46 PM  1000         -    937767      0.00      0.00  |__vert.x-eventloo

01:21:46 PM   UID      TGID       TID    %usr %system  %guest   %wait    %CPU   CPU  Command
01:21:47 PM  1000    937324         -    6.00    4.00    0.00    0.00   10.00    24  java
01:21:47 PM  1000         -    937324    0.00    0.00    0.00    0.00    0.00    24  |__java
01:21:47 PM  1000         -    937358    0.00    0.00    0.00    0.00    0.00    22  |__java
01:21:47 PM  1000         -    937359    0.00    0.00    0.00    0.00    0.00    26  |__GC Thread#0
01:21:47 PM  1000         -    937360    0.00    0.00    0.00    0.00    0.00    24  |__G1 Main Marker
01:21:47 PM  1000         -    937361    0.00    0.00    0.00    0.00    0.00    22  |__G1 Conc#0
01:21:47 PM  1000         -    937362    0.00    0.00    0.00    0.00    0.00    24  |__G1 Refine#0
01:21:47 PM  1000         -    937363    0.00    0.00    0.00    0.00    0.00    24  |__G1 Service
01:21:47 PM  1000         -    937365    0.00    0.00    0.00    0.00    0.00    26  |__VM Periodic Tas
01:21:47 PM  1000         -    937366    0.00    0.00    0.00    0.00    0.00    22  |__VM Thread
01:21:47 PM  1000         -    937367    0.00    0.00    0.00    0.00    0.00    22  |__Reference Handl
01:21:47 PM  1000         -    937368    0.00    0.00    0.00    0.00    0.00    24  |__Finalizer
01:21:47 PM  1000         -    937369    0.00    0.00    0.00    0.00    0.00    24  |__Signal Dispatch
01:21:47 PM  1000         -    937370    0.00    0.00    0.00    0.00    0.00    22  |__Service Thread
01:21:47 PM  1000         -    937371    0.00    0.00    0.00    0.00    0.00    26  |__Monitor Deflati
01:21:47 PM  1000         -    937372    0.00    0.00    0.00    1.00    0.00    22  |__C2 CompilerThre
01:21:47 PM  1000         -    937373    1.00    0.00    0.00    1.00    1.00    26  |__C1 CompilerThre
01:21:47 PM  1000         -    937374    0.00    0.00    0.00    0.00    0.00    22  |__Notification Th
01:21:47 PM  1000         -    937375    0.00    0.00    0.00    0.00    0.00    26  |__Common-Cleaner
01:21:47 PM  1000         -    937643    0.00    0.00    0.00    0.00    0.00    22  |__vertx-blocked-t
01:21:47 PM  1000         -    937645    0.00    0.00    0.00    0.00    0.00    24  |__process reaper
01:21:47 PM  1000         -    937647    0.00    0.00    0.00    0.00    0.00    24  |__vertx-blocked-t
01:21:47 PM  1000         -    937649    0.00    0.00    0.00    0.00    0.00    24  |__vert.x-eventloo
01:21:47 PM  1000         -    937650    0.00    0.00    0.00    0.00    0.00    22  |__vert.x-acceptor
01:21:47 PM  1000         -    937651    0.00    0.00    0.00    0.00    0.00    24  |__GC Thread#1
01:21:47 PM  1000         -    937652    0.00    0.00    0.00    0.00    0.00    26  |__GC Thread#2
01:21:47 PM  1000         -    937654    0.00    0.00    0.00    0.00    0.00    24  |__vert.x-worker-t
01:21:47 PM  1000         -    937655    0.00    0.00    0.00    0.00    0.00    24  |__vert.x-eventloo
01:21:47 PM  1000         -    937656    0.00    0.00    0.00    0.00    0.00    22  |__vert.x-eventloo
01:21:47 PM  1000         -    937657    0.00    0.00    0.00    0.00    0.00    26  |__vert.x-eventloo
01:21:47 PM  1000         -    937658    0.00    0.00    0.00    0.00    0.00    24  |__CLI-scheduled-e
01:21:47 PM  1000         -    937659    0.00    0.00    0.00    0.00    0.00    26  |__vert.x-eventloo
01:21:47 PM  1000         -    937661    0.00    0.00    0.00    0.00    0.00    26  |__vert.x-worker-t
01:21:47 PM  1000         -    937662    0.00    0.00    0.00    0.00    0.00    22  |__vert.x-eventloo
01:21:47 PM  1000         -    937667    0.00    0.00    0.00    0.00    0.00    26  |__cpu-watchdog
01:21:47 PM  1000         -    937668    2.00    2.00    0.00    0.00    4.00    22  |__epollEventLoopG
01:21:47 PM  1000         -    937669    2.00    2.00    0.00    0.00    4.00    26  |__epollEventLoopG
01:21:47 PM  1000         -    937670    0.00    0.00    0.00    0.00    0.00    24  |__jitter-watchdog
01:21:47 PM  1000         -    937671    0.00    0.00    0.00    0.00    0.00    22  |__vert.x-worker-t
01:21:47 PM  1000         -    937767    0.00    0.00    0.00    0.00    0.00    22  |__vert.x-eventloo

01:21:46 PM   UID      TGID       TID   cswch/s nvcswch/s  Command
01:21:47 PM  1000    937324         -      0.00      0.00  java
01:21:47 PM  1000         -    937324      0.00      0.00  |__java
01:21:47 PM  1000         -    937358      2.00      0.00  |__java
01:21:47 PM  1000         -    937359      0.00      0.00  |__GC Thread#0
01:21:47 PM  1000         -    937360      0.00      0.00  |__G1 Main Marker
01:21:47 PM  1000         -    937361      0.00      0.00  |__G1 Conc#0
01:21:47 PM  1000         -    937362     17.00      0.00  |__G1 Refine#0
01:21:47 PM  1000         -    937363      1.00      0.00  |__G1 Service
01:21:47 PM  1000         -    937365      0.00      0.00  |__VM Periodic Tas
01:21:47 PM  1000         -    937366      0.00      0.00  |__VM Thread
01:21:47 PM  1000         -    937367      0.00      0.00  |__Reference Handl
01:21:47 PM  1000         -    937368      0.00      0.00  |__Finalizer
01:21:47 PM  1000         -    937369      0.00      0.00  |__Signal Dispatch
01:21:47 PM  1000         -    937370      1.00      0.00  |__Service Thread
01:21:47 PM  1000         -    937371      4.00      0.00  |__Monitor Deflati
01:21:47 PM  1000         -    937372     13.00      0.00  |__C2 CompilerThre
01:21:47 PM  1000         -    937373      8.00      0.00  |__C1 CompilerThre
01:21:47 PM  1000         -    937374      0.00      0.00  |__Notification Th
01:21:47 PM  1000         -    937375      0.00      0.00  |__Common-Cleaner
01:21:47 PM  1000         -    937643      1.00      0.00  |__vertx-blocked-t
01:21:47 PM  1000         -    937645      0.00      0.00  |__process reaper
01:21:47 PM  1000         -    937647      1.00      0.00  |__vertx-blocked-t
01:21:47 PM  1000         -    937649      3.00      0.00  |__vert.x-eventloo
01:21:47 PM  1000         -    937650      0.00      0.00  |__vert.x-acceptor
01:21:47 PM  1000         -    937651      0.00      0.00  |__GC Thread#1
01:21:47 PM  1000         -    937652      0.00      0.00  |__GC Thread#2
01:21:47 PM  1000         -    937654      0.00      0.00  |__vert.x-worker-t
01:21:47 PM  1000         -    937655      0.00      0.00  |__vert.x-eventloo
01:21:47 PM  1000         -    937656      1.00      0.00  |__vert.x-eventloo
01:21:47 PM  1000         -    937657      2.00      0.00  |__vert.x-eventloo
01:21:47 PM  1000         -    937658      0.00      0.00  |__CLI-scheduled-e
01:21:47 PM  1000         -    937659      0.00      0.00  |__vert.x-eventloo
01:21:47 PM  1000         -    937661      0.00      0.00  |__vert.x-worker-t
01:21:47 PM  1000         -    937662      1.00      0.00  |__vert.x-eventloo
01:21:47 PM  1000         -    937667      0.00      0.00  |__cpu-watchdog
01:21:47 PM  1000         -    937668   2539.00      0.00  |__epollEventLoopG
01:21:47 PM  1000         -    937669   2557.00      0.00  |__epollEventLoopG
01:21:47 PM  1000         -    937670     20.00      0.00  |__jitter-watchdog
01:21:47 PM  1000         -    937671      0.00      0.00  |__vert.x-worker-t
01:21:47 PM  1000         -    937767      0.00      0.00  |__vert.x-eventloo

01:21:47 PM   UID      TGID       TID    %usr %system  %guest   %wait    %CPU   CPU  Command
01:21:48 PM  1000    937324         -    3.00    6.00    0.00    0.00    9.00    24  java
01:21:48 PM  1000         -    937324    0.00    0.00    0.00    0.00    0.00    24  |__java
01:21:48 PM  1000         -    937358    0.00    0.00    0.00    0.00    0.00    22  |__java
01:21:48 PM  1000         -    937359    0.00    0.00    0.00    0.00    0.00    26  |__GC Thread#0
01:21:48 PM  1000         -    937360    0.00    0.00    0.00    0.00    0.00    24  |__G1 Main Marker
01:21:48 PM  1000         -    937361    0.00    0.00    0.00    0.00    0.00    22  |__G1 Conc#0
01:21:48 PM  1000         -    937362    0.00    0.00    0.00    0.00    0.00    24  |__G1 Refine#0
01:21:48 PM  1000         -    937363    0.00    0.00    0.00    0.00    0.00    24  |__G1 Service
01:21:48 PM  1000         -    937365    0.00    0.00    0.00    0.00    0.00    26  |__VM Periodic Tas
01:21:48 PM  1000         -    937366    0.00    0.00    0.00    0.00    0.00    22  |__VM Thread
01:21:48 PM  1000         -    937367    0.00    0.00    0.00    0.00    0.00    22  |__Reference Handl
01:21:48 PM  1000         -    937368    0.00    0.00    0.00    0.00    0.00    24  |__Finalizer
01:21:48 PM  1000         -    937369    0.00    0.00    0.00    0.00    0.00    24  |__Signal Dispatch
01:21:48 PM  1000         -    937370    0.00    0.00    0.00    0.00    0.00    22  |__Service Thread
01:21:48 PM  1000         -    937371    0.00    0.00    0.00    0.00    0.00    26  |__Monitor Deflati
01:21:48 PM  1000         -    937372    0.00    0.00    0.00    0.00    0.00    26  |__C2 CompilerThre
01:21:48 PM  1000         -    937373    0.00    0.00    0.00    0.00    0.00    26  |__C1 CompilerThre
01:21:48 PM  1000         -    937374    0.00    0.00    0.00    0.00    0.00    22  |__Notification Th
01:21:48 PM  1000         -    937375    0.00    0.00    0.00    0.00    0.00    26  |__Common-Cleaner
01:21:48 PM  1000         -    937643    0.00    0.00    0.00    0.00    0.00    22  |__vertx-blocked-t
01:21:48 PM  1000         -    937645    0.00    0.00    0.00    0.00    0.00    24  |__process reaper
01:21:48 PM  1000         -    937647    0.00    0.00    0.00    0.00    0.00    24  |__vertx-blocked-t
01:21:48 PM  1000         -    937649    0.00    0.00    0.00    0.00    0.00    24  |__vert.x-eventloo
01:21:48 PM  1000         -    937650    0.00    0.00    0.00    0.00    0.00    22  |__vert.x-acceptor
01:21:48 PM  1000         -    937651    0.00    0.00    0.00    0.00    0.00    24  |__GC Thread#1
01:21:48 PM  1000         -    937652    0.00    0.00    0.00    0.00    0.00    26  |__GC Thread#2
01:21:48 PM  1000         -    937654    0.00    0.00    0.00    0.00    0.00    24  |__vert.x-worker-t
01:21:48 PM  1000         -    937655    0.00    0.00    0.00    0.00    0.00    24  |__vert.x-eventloo
01:21:48 PM  1000         -    937656    0.00    0.00    0.00    0.00    0.00    24  |__vert.x-eventloo
01:21:48 PM  1000         -    937657    0.00    0.00    0.00    0.00    0.00    26  |__vert.x-eventloo
01:21:48 PM  1000         -    937658    0.00    0.00    0.00    0.00    0.00    24  |__CLI-scheduled-e
01:21:48 PM  1000         -    937659    0.00    0.00    0.00    0.00    0.00    26  |__vert.x-eventloo
01:21:48 PM  1000         -    937661    0.00    0.00    0.00    0.00    0.00    26  |__vert.x-worker-t
01:21:48 PM  1000         -    937662    0.00    0.00    0.00    0.00    0.00    22  |__vert.x-eventloo
01:21:48 PM  1000         -    937667    0.00    0.00    0.00    0.00    0.00    26  |__cpu-watchdog
01:21:48 PM  1000         -    937668    2.00    2.00    0.00    0.00    4.00    22  |__epollEventLoopG
01:21:48 PM  1000         -    937669    1.00    3.00    0.00    0.00    4.00    26  |__epollEventLoopG
01:21:48 PM  1000         -    937670    0.00    0.00    0.00    0.00    0.00    24  |__jitter-watchdog
01:21:48 PM  1000         -    937671    0.00    0.00    0.00    0.00    0.00    22  |__vert.x-worker-t
01:21:48 PM  1000         -    937767    0.00    0.00    0.00    0.00    0.00    22  |__vert.x-eventloo

01:21:47 PM   UID      TGID       TID   cswch/s nvcswch/s  Command
01:21:48 PM  1000    937324         -      0.00      0.00  java
01:21:48 PM  1000         -    937324      0.00      0.00  |__java
01:21:48 PM  1000         -    937358      2.00      0.00  |__java
01:21:48 PM  1000         -    937359      0.00      0.00  |__GC Thread#0
01:21:48 PM  1000         -    937360      0.00      0.00  |__G1 Main Marker
01:21:48 PM  1000         -    937361      0.00      0.00  |__G1 Conc#0
01:21:48 PM  1000         -    937362     17.00      0.00  |__G1 Refine#0
01:21:48 PM  1000         -    937363      1.00      0.00  |__G1 Service
01:21:48 PM  1000         -    937365      0.00      0.00  |__VM Periodic Tas
01:21:48 PM  1000         -    937366      0.00      0.00  |__VM Thread
01:21:48 PM  1000         -    937367      0.00      0.00  |__Reference Handl
01:21:48 PM  1000         -    937368      0.00      0.00  |__Finalizer
01:21:48 PM  1000         -    937369      0.00      0.00  |__Signal Dispatch
01:21:48 PM  1000         -    937370      1.00      0.00  |__Service Thread
01:21:48 PM  1000         -    937371      4.00      0.00  |__Monitor Deflati
01:21:48 PM  1000         -    937372      9.00      0.00  |__C2 CompilerThre
01:21:48 PM  1000         -    937373      6.00      0.00  |__C1 CompilerThre
01:21:48 PM  1000         -    937374      0.00      0.00  |__Notification Th
01:21:48 PM  1000         -    937375      0.00      0.00  |__Common-Cleaner
01:21:48 PM  1000         -    937643      1.00      0.00  |__vertx-blocked-t
01:21:48 PM  1000         -    937645      0.00      0.00  |__process reaper
01:21:48 PM  1000         -    937647      1.00      0.00  |__vertx-blocked-t
01:21:48 PM  1000         -    937649      3.00      0.00  |__vert.x-eventloo
01:21:48 PM  1000         -    937650      0.00      0.00  |__vert.x-acceptor
01:21:48 PM  1000         -    937651      0.00      0.00  |__GC Thread#1
01:21:48 PM  1000         -    937652      0.00      0.00  |__GC Thread#2
01:21:48 PM  1000         -    937654      0.00      0.00  |__vert.x-worker-t
01:21:48 PM  1000         -    937655      0.00      0.00  |__vert.x-eventloo
01:21:48 PM  1000         -    937656      1.00      0.00  |__vert.x-eventloo
01:21:48 PM  1000         -    937657      2.00      0.00  |__vert.x-eventloo
01:21:48 PM  1000         -    937658      0.00      0.00  |__CLI-scheduled-e
01:21:48 PM  1000         -    937659      0.00      0.00  |__vert.x-eventloo
01:21:48 PM  1000         -    937661      0.00      0.00  |__vert.x-worker-t
01:21:48 PM  1000         -    937662      1.00      0.00  |__vert.x-eventloo
01:21:48 PM  1000         -    937667      0.00      0.00  |__cpu-watchdog
01:21:48 PM  1000         -    937668   2517.00      1.00  |__epollEventLoopG
01:21:48 PM  1000         -    937669   2467.00      0.00  |__epollEventLoopG
01:21:48 PM  1000         -    937670     20.00      0.00  |__jitter-watchdog
01:21:48 PM  1000         -    937671      0.00      0.00  |__vert.x-worker-t
01:21:48 PM  1000         -    937767      0.00      0.00  |__vert.x-eventloo

01:21:48 PM   UID      TGID       TID    %usr %system  %guest   %wait    %CPU   CPU  Command
01:21:49 PM  1000    937324         -    5.00    5.00    0.00    0.00   10.00    24  java
01:21:49 PM  1000         -    937324    0.00    0.00    0.00    0.00    0.00    24  |__java
01:21:49 PM  1000         -    937358    0.00    0.00    0.00    0.00    0.00    24  |__java
01:21:49 PM  1000         -    937359    0.00    0.00    0.00    0.00    0.00    26  |__GC Thread#0
01:21:49 PM  1000         -    937360    0.00    0.00    0.00    0.00    0.00    24  |__G1 Main Marker
01:21:49 PM  1000         -    937361    0.00    0.00    0.00    0.00    0.00    22  |__G1 Conc#0
01:21:49 PM  1000         -    937362    0.00    0.00    0.00    0.00    0.00    24  |__G1 Refine#0
01:21:49 PM  1000         -    937363    0.00    0.00    0.00    0.00    0.00    24  |__G1 Service
01:21:49 PM  1000         -    937365    0.00    0.00    0.00    0.00    0.00    26  |__VM Periodic Tas
01:21:49 PM  1000         -    937366    0.00    0.00    0.00    0.00    0.00    22  |__VM Thread
01:21:49 PM  1000         -    937367    0.00    0.00    0.00    0.00    0.00    22  |__Reference Handl
01:21:49 PM  1000         -    937368    0.00    0.00    0.00    0.00    0.00    24  |__Finalizer
01:21:49 PM  1000         -    937369    0.00    0.00    0.00    0.00    0.00    24  |__Signal Dispatch
01:21:49 PM  1000         -    937370    0.00    0.00    0.00    0.00    0.00    22  |__Service Thread
01:21:49 PM  1000         -    937371    0.00    0.00    0.00    0.00    0.00    26  |__Monitor Deflati
01:21:49 PM  1000         -    937372    1.00    0.00    0.00    0.00    1.00    26  |__C2 CompilerThre
01:21:49 PM  1000         -    937373    0.00    0.00    0.00    0.00    0.00    24  |__C1 CompilerThre
01:21:49 PM  1000         -    937374    0.00    0.00    0.00    0.00    0.00    22  |__Notification Th
01:21:49 PM  1000         -    937375    0.00    0.00    0.00    0.00    0.00    26  |__Common-Cleaner
01:21:49 PM  1000         -    937643    0.00    0.00    0.00    0.00    0.00    22  |__vertx-blocked-t
01:21:49 PM  1000         -    937645    0.00    0.00    0.00    0.00    0.00    24  |__process reaper
01:21:49 PM  1000         -    937647    0.00    0.00    0.00    0.00    0.00    24  |__vertx-blocked-t
01:21:49 PM  1000         -    937649    0.00    0.00    0.00    0.00    0.00    24  |__vert.x-eventloo
01:21:49 PM  1000         -    937650    0.00    0.00    0.00    0.00    0.00    22  |__vert.x-acceptor
01:21:49 PM  1000         -    937651    0.00    0.00    0.00    0.00    0.00    24  |__GC Thread#1
01:21:49 PM  1000         -    937652    0.00    0.00    0.00    0.00    0.00    26  |__GC Thread#2
01:21:49 PM  1000         -    937654    0.00    0.00    0.00    0.00    0.00    24  |__vert.x-worker-t
01:21:49 PM  1000         -    937655    0.00    0.00    0.00    0.00    0.00    24  |__vert.x-eventloo
01:21:49 PM  1000         -    937656    0.00    0.00    0.00    0.00    0.00    24  |__vert.x-eventloo
01:21:49 PM  1000         -    937657    0.00    0.00    0.00    0.00    0.00    26  |__vert.x-eventloo
01:21:49 PM  1000         -    937658    0.00    0.00    0.00    0.00    0.00    24  |__CLI-scheduled-e
01:21:49 PM  1000         -    937659    0.00    0.00    0.00    0.00    0.00    26  |__vert.x-eventloo
01:21:49 PM  1000         -    937661    0.00    0.00    0.00    0.00    0.00    26  |__vert.x-worker-t
01:21:49 PM  1000         -    937662    0.00    0.00    0.00    0.00    0.00    22  |__vert.x-eventloo
01:21:49 PM  1000         -    937667    0.00    0.00    0.00    0.00    0.00    26  |__cpu-watchdog
01:21:49 PM  1000         -    937668    2.00    3.00    0.00    0.00    5.00    26  |__epollEventLoopG
01:21:49 PM  1000         -    937669    2.00    3.00    0.00    0.00    5.00    24  |__epollEventLoopG
01:21:49 PM  1000         -    937670    0.00    0.00    0.00    0.00    0.00    24  |__jitter-watchdog
01:21:49 PM  1000         -    937671    0.00    0.00    0.00    0.00    0.00    22  |__vert.x-worker-t
01:21:49 PM  1000         -    937767    0.00    0.00    0.00    0.00    0.00    22  |__vert.x-eventloo

01:21:48 PM   UID      TGID       TID   cswch/s nvcswch/s  Command
01:21:49 PM  1000    937324         -      0.00      0.00  java
01:21:49 PM  1000         -    937324      0.00      0.00  |__java
01:21:49 PM  1000         -    937358      2.00      0.00  |__java
01:21:49 PM  1000         -    937359      0.00      0.00  |__GC Thread#0
01:21:49 PM  1000         -    937360      0.00      0.00  |__G1 Main Marker
01:21:49 PM  1000         -    937361      0.00      0.00  |__G1 Conc#0
01:21:49 PM  1000         -    937362     18.00      0.00  |__G1 Refine#0
01:21:49 PM  1000         -    937363      1.00      0.00  |__G1 Service
01:21:49 PM  1000         -    937365      1.00      0.00  |__VM Periodic Tas
01:21:49 PM  1000         -    937366      0.00      0.00  |__VM Thread
01:21:49 PM  1000         -    937367      0.00      0.00  |__Reference Handl
01:21:49 PM  1000         -    937368      0.00      0.00  |__Finalizer
01:21:49 PM  1000         -    937369      0.00      0.00  |__Signal Dispatch
01:21:49 PM  1000         -    937370      1.00      0.00  |__Service Thread
01:21:49 PM  1000         -    937371      4.00      0.00  |__Monitor Deflati
01:21:49 PM  1000         -    937372      8.00      0.00  |__C2 CompilerThre
01:21:49 PM  1000         -    937373      7.00      1.00  |__C1 CompilerThre
01:21:49 PM  1000         -    937374      0.00      0.00  |__Notification Th
01:21:49 PM  1000         -    937375      0.00      0.00  |__Common-Cleaner
01:21:49 PM  1000         -    937643      1.00      0.00  |__vertx-blocked-t
01:21:49 PM  1000         -    937645      0.00      0.00  |__process reaper
01:21:49 PM  1000         -    937647      1.00      0.00  |__vertx-blocked-t
01:21:49 PM  1000         -    937649      3.00      0.00  |__vert.x-eventloo
01:21:49 PM  1000         -    937650      0.00      0.00  |__vert.x-acceptor
01:21:49 PM  1000         -    937651      0.00      0.00  |__GC Thread#1
01:21:49 PM  1000         -    937652      0.00      0.00  |__GC Thread#2
01:21:49 PM  1000         -    937654      0.00      0.00  |__vert.x-worker-t
01:21:49 PM  1000         -    937655      0.00      0.00  |__vert.x-eventloo
01:21:49 PM  1000         -    937656      1.00      0.00  |__vert.x-eventloo
01:21:49 PM  1000         -    937657      2.00      0.00  |__vert.x-eventloo
01:21:49 PM  1000         -    937658      0.00      0.00  |__CLI-scheduled-e
01:21:49 PM  1000         -    937659      0.00      0.00  |__vert.x-eventloo
01:21:49 PM  1000         -    937661      0.00      0.00  |__vert.x-worker-t
01:21:49 PM  1000         -    937662      1.00      0.00  |__vert.x-eventloo
01:21:49 PM  1000         -    937667      0.00      0.00  |__cpu-watchdog
01:21:49 PM  1000         -    937668   2588.00      1.00  |__epollEventLoopG
01:21:49 PM  1000         -    937669   2564.00      0.00  |__epollEventLoopG
01:21:49 PM  1000         -    937670     20.00      0.00  |__jitter-watchdog
01:21:49 PM  1000         -    937671      0.00      0.00  |__vert.x-worker-t
01:21:49 PM  1000         -    937767      0.00      0.00  |__vert.x-eventloo

01:21:49 PM   UID      TGID       TID    %usr %system  %guest   %wait    %CPU   CPU  Command
01:21:50 PM  1000    937324         -    6.00    5.00    0.00    0.00   11.00    24  java
01:21:50 PM  1000         -    937324    0.00    0.00    0.00    0.00    0.00    24  |__java
01:21:50 PM  1000         -    937358    0.00    0.00    0.00    0.00    0.00    22  |__java
01:21:50 PM  1000         -    937359    0.00    0.00    0.00    0.00    0.00    26  |__GC Thread#0
01:21:50 PM  1000         -    937360    0.00    0.00    0.00    0.00    0.00    24  |__G1 Main Marker
01:21:50 PM  1000         -    937361    0.00    0.00    0.00    0.00    0.00    22  |__G1 Conc#0
01:21:50 PM  1000         -    937362    0.00    0.00    0.00    0.00    0.00    26  |__G1 Refine#0
01:21:50 PM  1000         -    937363    0.00    0.00    0.00    0.00    0.00    24  |__G1 Service
01:21:50 PM  1000         -    937365    0.00    0.00    0.00    0.00    0.00    26  |__VM Periodic Tas
01:21:50 PM  1000         -    937366    0.00    0.00    0.00    0.00    0.00    22  |__VM Thread
01:21:50 PM  1000         -    937367    0.00    0.00    0.00    0.00    0.00    22  |__Reference Handl
01:21:50 PM  1000         -    937368    0.00    0.00    0.00    0.00    0.00    24  |__Finalizer
01:21:50 PM  1000         -    937369    0.00    0.00    0.00    0.00    0.00    24  |__Signal Dispatch
01:21:50 PM  1000         -    937370    0.00    0.00    0.00    0.00    0.00    22  |__Service Thread
01:21:50 PM  1000         -    937371    0.00    0.00    0.00    0.00    0.00    26  |__Monitor Deflati
01:21:50 PM  1000         -    937372    0.00    0.00    0.00    0.00    0.00    26  |__C2 CompilerThre
01:21:50 PM  1000         -    937373    1.00    0.00    0.00    0.00    1.00    24  |__C1 CompilerThre
01:21:50 PM  1000         -    937374    0.00    0.00    0.00    0.00    0.00    22  |__Notification Th
01:21:50 PM  1000         -    937375    0.00    0.00    0.00    0.00    0.00    26  |__Common-Cleaner
01:21:50 PM  1000         -    937643    0.00    0.00    0.00    0.00    0.00    22  |__vertx-blocked-t
01:21:50 PM  1000         -    937645    0.00    0.00    0.00    0.00    0.00    24  |__process reaper
01:21:50 PM  1000         -    937647    0.00    0.00    0.00    0.00    0.00    24  |__vertx-blocked-t
01:21:50 PM  1000         -    937649    0.00    0.00    0.00    0.00    0.00    26  |__vert.x-eventloo
01:21:50 PM  1000         -    937650    0.00    0.00    0.00    0.00    0.00    22  |__vert.x-acceptor
01:21:50 PM  1000         -    937651    0.00    0.00    0.00    0.00    0.00    24  |__GC Thread#1
01:21:50 PM  1000         -    937652    0.00    0.00    0.00    0.00    0.00    26  |__GC Thread#2
01:21:50 PM  1000         -    937654    0.00    0.00    0.00    0.00    0.00    24  |__vert.x-worker-t
01:21:50 PM  1000         -    937655    0.00    0.00    0.00    0.00    0.00    24  |__vert.x-eventloo
01:21:50 PM  1000         -    937656    0.00    0.00    0.00    0.00    0.00    24  |__vert.x-eventloo
01:21:50 PM  1000         -    937657    0.00    0.00    0.00    0.00    0.00    26  |__vert.x-eventloo
01:21:50 PM  1000         -    937658    0.00    0.00    0.00    0.00    0.00    22  |__CLI-scheduled-e
01:21:50 PM  1000         -    937659    0.00    0.00    0.00    0.00    0.00    26  |__vert.x-eventloo
01:21:50 PM  1000         -    937661    0.00    0.00    0.00    0.00    0.00    26  |__vert.x-worker-t
01:21:50 PM  1000         -    937662    0.00    0.00    0.00    0.00    0.00    22  |__vert.x-eventloo
01:21:50 PM  1000         -    937667    0.00    0.00    0.00    0.00    0.00    26  |__cpu-watchdog
01:21:50 PM  1000         -    937668    2.00    2.00    0.00    0.00    4.00    26  |__epollEventLoopG
01:21:50 PM  1000         -    937669    2.00    2.00    0.00    0.00    4.00    22  |__epollEventLoopG
01:21:50 PM  1000         -    937670    0.00    0.00    0.00    0.00    0.00    26  |__jitter-watchdog
01:21:50 PM  1000         -    937671    0.00    0.00    0.00    0.00    0.00    22  |__vert.x-worker-t
01:21:50 PM  1000         -    937767    0.00    0.00    0.00    0.00    0.00    22  |__vert.x-eventloo
01:21:50 PM  1000         -    937777    0.00    0.00    0.00    0.00    0.00    22  |__vert.x-eventloo

01:21:49 PM   UID      TGID       TID   cswch/s nvcswch/s  Command
01:21:50 PM  1000    937324         -      0.00      0.00  java
01:21:50 PM  1000         -    937324      0.00      0.00  |__java
01:21:50 PM  1000         -    937358      2.00      0.00  |__java
01:21:50 PM  1000         -    937359      0.00      0.00  |__GC Thread#0
01:21:50 PM  1000         -    937360      0.00      0.00  |__G1 Main Marker
01:21:50 PM  1000         -    937361      0.00      0.00  |__G1 Conc#0
01:21:50 PM  1000         -    937362     19.00      0.00  |__G1 Refine#0
01:21:50 PM  1000         -    937363      1.00      0.00  |__G1 Service
01:21:50 PM  1000         -    937365      0.00      0.00  |__VM Periodic Tas
01:21:50 PM  1000         -    937366      0.00      0.00  |__VM Thread
01:21:50 PM  1000         -    937367      0.00      0.00  |__Reference Handl
01:21:50 PM  1000         -    937368      0.00      0.00  |__Finalizer
01:21:50 PM  1000         -    937369      0.00      0.00  |__Signal Dispatch
01:21:50 PM  1000         -    937370      1.00      0.00  |__Service Thread
01:21:50 PM  1000         -    937371      4.00      0.00  |__Monitor Deflati
01:21:50 PM  1000         -    937372     24.00      0.00  |__C2 CompilerThre
01:21:50 PM  1000         -    937373     10.00      0.00  |__C1 CompilerThre
01:21:50 PM  1000         -    937374      0.00      0.00  |__Notification Th
01:21:50 PM  1000         -    937375      0.00      0.00  |__Common-Cleaner
01:21:50 PM  1000         -    937643      1.00      0.00  |__vertx-blocked-t
01:21:50 PM  1000         -    937645      0.00      0.00  |__process reaper
01:21:50 PM  1000         -    937647      1.00      0.00  |__vertx-blocked-t
01:21:50 PM  1000         -    937649      5.00      1.00  |__vert.x-eventloo
01:21:50 PM  1000         -    937650      0.00      0.00  |__vert.x-acceptor
01:21:50 PM  1000         -    937651      0.00      0.00  |__GC Thread#1
01:21:50 PM  1000         -    937652      0.00      0.00  |__GC Thread#2
01:21:50 PM  1000         -    937654      0.00      0.00  |__vert.x-worker-t
01:21:50 PM  1000         -    937655      0.00      0.00  |__vert.x-eventloo
01:21:50 PM  1000         -    937656      1.00      0.00  |__vert.x-eventloo
01:21:50 PM  1000         -    937657      6.00      0.00  |__vert.x-eventloo
01:21:50 PM  1000         -    937658      3.00      0.00  |__CLI-scheduled-e
01:21:50 PM  1000         -    937659      0.00      0.00  |__vert.x-eventloo
01:21:50 PM  1000         -    937661      0.00      0.00  |__vert.x-worker-t
01:21:50 PM  1000         -    937662      2.00      0.00  |__vert.x-eventloo
01:21:50 PM  1000         -    937667      0.00      0.00  |__cpu-watchdog
01:21:50 PM  1000         -    937668   2501.00      0.00  |__epollEventLoopG
01:21:50 PM  1000         -    937669   2485.00      0.00  |__epollEventLoopG
01:21:50 PM  1000         -    937670     20.00      0.00  |__jitter-watchdog
01:21:50 PM  1000         -    937671      0.00      0.00  |__vert.x-worker-t
01:21:50 PM  1000         -    937767      0.00      0.00  |__vert.x-eventloo
01:21:50 PM  1000         -    937777      4.00      1.00  |__vert.x-eventloo

01:21:50 PM   UID      TGID       TID    %usr %system  %guest   %wait    %CPU   CPU  Command
01:21:51 PM  1000    937324         -    5.00    4.00    0.00    0.00    9.00    24  java
01:21:51 PM  1000         -    937324    0.00    0.00    0.00    0.00    0.00    24  |__java
01:21:51 PM  1000         -    937358    0.00    0.00    0.00    0.00    0.00    26  |__java
01:21:51 PM  1000         -    937359    0.00    0.00    0.00    0.00    0.00    26  |__GC Thread#0
01:21:51 PM  1000         -    937360    0.00    0.00    0.00    0.00    0.00    24  |__G1 Main Marker
01:21:51 PM  1000         -    937361    0.00    0.00    0.00    0.00    0.00    22  |__G1 Conc#0
01:21:51 PM  1000         -    937362    0.00    0.00    0.00    0.00    0.00    26  |__G1 Refine#0
01:21:51 PM  1000         -    937363    0.00    0.00    0.00    0.00    0.00    24  |__G1 Service
01:21:51 PM  1000         -    937365    0.00    0.00    0.00    0.00    0.00    26  |__VM Periodic Tas
01:21:51 PM  1000         -    937366    0.00    0.00    0.00    0.00    0.00    22  |__VM Thread
01:21:51 PM  1000         -    937367    0.00    0.00    0.00    0.00    0.00    22  |__Reference Handl
01:21:51 PM  1000         -    937368    0.00    0.00    0.00    0.00    0.00    24  |__Finalizer
01:21:51 PM  1000         -    937369    0.00    0.00    0.00    0.00    0.00    24  |__Signal Dispatch
01:21:51 PM  1000         -    937370    0.00    0.00    0.00    0.00    0.00    26  |__Service Thread
01:21:51 PM  1000         -    937371    0.00    0.00    0.00    0.00    0.00    26  |__Monitor Deflati
01:21:51 PM  1000         -    937372    0.00    0.00    0.00    0.00    0.00    22  |__C2 CompilerThre
01:21:51 PM  1000         -    937373    0.00    0.00    0.00    0.00    0.00    24  |__C1 CompilerThre
01:21:51 PM  1000         -    937374    0.00    0.00    0.00    0.00    0.00    22  |__Notification Th
01:21:51 PM  1000         -    937375    0.00    0.00    0.00    0.00    0.00    26  |__Common-Cleaner
01:21:51 PM  1000         -    937643    0.00    0.00    0.00    0.00    0.00    22  |__vertx-blocked-t
01:21:51 PM  1000         -    937645    0.00    0.00    0.00    0.00    0.00    24  |__process reaper
01:21:51 PM  1000         -    937647    0.00    0.00    0.00    0.00    0.00    24  |__vertx-blocked-t
01:21:51 PM  1000         -    937649    1.00    0.00    0.00    0.00    1.00    26  |__vert.x-eventloo
01:21:51 PM  1000         -    937650    0.00    0.00    0.00    0.00    0.00    22  |__vert.x-acceptor
01:21:51 PM  1000         -    937651    0.00    0.00    0.00    0.00    0.00    24  |__GC Thread#1
01:21:51 PM  1000         -    937652    0.00    0.00    0.00    0.00    0.00    26  |__GC Thread#2
01:21:51 PM  1000         -    937654    0.00    0.00    0.00    0.00    0.00    24  |__vert.x-worker-t
01:21:51 PM  1000         -    937655    0.00    0.00    0.00    0.00    0.00    24  |__vert.x-eventloo
01:21:51 PM  1000         -    937656    0.00    0.00    0.00    0.00    0.00    24  |__vert.x-eventloo
01:21:51 PM  1000         -    937657    0.00    0.00    0.00    0.00    0.00    26  |__vert.x-eventloo
01:21:51 PM  1000         -    937658    0.00    0.00    0.00    0.00    0.00    22  |__CLI-scheduled-e
01:21:51 PM  1000         -    937659    0.00    0.00    0.00    0.00    0.00    26  |__vert.x-eventloo
01:21:51 PM  1000         -    937661    0.00    0.00    0.00    0.00    0.00    26  |__vert.x-worker-t
01:21:51 PM  1000         -    937662    0.00    0.00    0.00    0.00    0.00    22  |__vert.x-eventloo
01:21:51 PM  1000         -    937667    0.00    0.00    0.00    0.00    0.00    26  |__cpu-watchdog
01:21:51 PM  1000         -    937668    2.00    2.00    0.00    0.00    4.00    24  |__epollEventLoopG
01:21:51 PM  1000         -    937669    2.00    2.00    0.00    0.00    4.00    26  |__epollEventLoopG
01:21:51 PM  1000         -    937670    0.00    0.00    0.00    0.00    0.00    26  |__jitter-watchdog
01:21:51 PM  1000         -    937671    0.00    0.00    0.00    0.00    0.00    22  |__vert.x-worker-t
01:21:51 PM  1000         -    937767    0.00    0.00    0.00    0.00    0.00    22  |__vert.x-eventloo
01:21:51 PM  1000         -    937777    0.00    0.00    0.00    0.00    0.00    22  |__vert.x-eventloo

01:21:50 PM   UID      TGID       TID   cswch/s nvcswch/s  Command
01:21:51 PM  1000    937324         -      0.00      0.00  java
01:21:51 PM  1000         -    937324      0.00      0.00  |__java
01:21:51 PM  1000         -    937358      2.00      0.00  |__java
01:21:51 PM  1000         -    937359      0.00      0.00  |__GC Thread#0
01:21:51 PM  1000         -    937360      0.00      0.00  |__G1 Main Marker
01:21:51 PM  1000         -    937361      0.00      0.00  |__G1 Conc#0
01:21:51 PM  1000         -    937362     20.00      0.00  |__G1 Refine#0
01:21:51 PM  1000         -    937363      1.00      0.00  |__G1 Service
01:21:51 PM  1000         -    937365      0.00      0.00  |__VM Periodic Tas
01:21:51 PM  1000         -    937366      0.00      0.00  |__VM Thread
01:21:51 PM  1000         -    937367      0.00      0.00  |__Reference Handl
01:21:51 PM  1000         -    937368      0.00      0.00  |__Finalizer
01:21:51 PM  1000         -    937369      0.00      0.00  |__Signal Dispatch
01:21:51 PM  1000         -    937370      1.00      0.00  |__Service Thread
01:21:51 PM  1000         -    937371      4.00      0.00  |__Monitor Deflati
01:21:51 PM  1000         -    937372     13.00      0.00  |__C2 CompilerThre
01:21:51 PM  1000         -    937373     10.00      0.00  |__C1 CompilerThre
01:21:51 PM  1000         -    937374      0.00      0.00  |__Notification Th
01:21:51 PM  1000         -    937375      0.00      0.00  |__Common-Cleaner
01:21:51 PM  1000         -    937643      1.00      0.00  |__vertx-blocked-t
01:21:51 PM  1000         -    937645      0.00      0.00  |__process reaper
01:21:51 PM  1000         -    937647      1.00      0.00  |__vertx-blocked-t
01:21:51 PM  1000         -    937649      3.00      0.00  |__vert.x-eventloo
01:21:51 PM  1000         -    937650      0.00      0.00  |__vert.x-acceptor
01:21:51 PM  1000         -    937651      0.00      0.00  |__GC Thread#1
01:21:51 PM  1000         -    937652      0.00      0.00  |__GC Thread#2
01:21:51 PM  1000         -    937654      0.00      0.00  |__vert.x-worker-t
01:21:51 PM  1000         -    937655      0.00      0.00  |__vert.x-eventloo
01:21:51 PM  1000         -    937656      1.00      0.00  |__vert.x-eventloo
01:21:51 PM  1000         -    937657      2.00      0.00  |__vert.x-eventloo
01:21:51 PM  1000         -    937658      0.00      0.00  |__CLI-scheduled-e
01:21:51 PM  1000         -    937659      0.00      0.00  |__vert.x-eventloo
01:21:51 PM  1000         -    937661      0.00      0.00  |__vert.x-worker-t
01:21:51 PM  1000         -    937662      3.00      1.00  |__vert.x-eventloo
01:21:51 PM  1000         -    937667      1.00      0.00  |__cpu-watchdog
01:21:51 PM  1000         -    937668   2507.00      0.00  |__epollEventLoopG
01:21:51 PM  1000         -    937669   2520.00      0.00  |__epollEventLoopG
01:21:51 PM  1000         -    937670     20.00      0.00  |__jitter-watchdog
01:21:51 PM  1000         -    937671      0.00      0.00  |__vert.x-worker-t
01:21:51 PM  1000         -    937767      0.00      0.00  |__vert.x-eventloo
01:21:51 PM  1000         -    937777      0.00      0.00  |__vert.x-eventloo

01:21:51 PM   UID      TGID       TID    %usr %system  %guest   %wait    %CPU   CPU  Command
01:21:52 PM  1000    937324         -    4.00    5.00    0.00    0.00    9.00    24  java
01:21:52 PM  1000         -    937324    0.00    0.00    0.00    0.00    0.00    24  |__java
01:21:52 PM  1000         -    937358    0.00    0.00    0.00    0.00    0.00    24  |__java
01:21:52 PM  1000         -    937359    0.00    0.00    0.00    0.00    0.00    26  |__GC Thread#0
01:21:52 PM  1000         -    937360    0.00    0.00    0.00    0.00    0.00    24  |__G1 Main Marker
01:21:52 PM  1000         -    937361    0.00    0.00    0.00    0.00    0.00    22  |__G1 Conc#0
01:21:52 PM  1000         -    937362    0.00    0.00    0.00    0.00    0.00    26  |__G1 Refine#0
01:21:52 PM  1000         -    937363    0.00    0.00    0.00    0.00    0.00    24  |__G1 Service
01:21:52 PM  1000         -    937365    0.00    0.00    0.00    0.00    0.00    26  |__VM Periodic Tas
01:21:52 PM  1000         -    937366    0.00    0.00    0.00    0.00    0.00    22  |__VM Thread
01:21:52 PM  1000         -    937367    0.00    0.00    0.00    0.00    0.00    22  |__Reference Handl
01:21:52 PM  1000         -    937368    0.00    0.00    0.00    0.00    0.00    24  |__Finalizer
01:21:52 PM  1000         -    937369    0.00    0.00    0.00    0.00    0.00    24  |__Signal Dispatch
01:21:52 PM  1000         -    937370    0.00    0.00    0.00    0.00    0.00    26  |__Service Thread
01:21:52 PM  1000         -    937371    0.00    0.00    0.00    0.00    0.00    26  |__Monitor Deflati
01:21:52 PM  1000         -    937372    0.00    0.00    0.00    0.00    0.00    24  |__C2 CompilerThre
01:21:52 PM  1000         -    937373    0.00    0.00    0.00    0.00    0.00    26  |__C1 CompilerThre
01:21:52 PM  1000         -    937374    0.00    0.00    0.00    0.00    0.00    22  |__Notification Th
01:21:52 PM  1000         -    937375    0.00    0.00    0.00    0.00    0.00    26  |__Common-Cleaner
01:21:52 PM  1000         -    937643    0.00    0.00    0.00    0.00    0.00    22  |__vertx-blocked-t
01:21:52 PM  1000         -    937645    0.00    0.00    0.00    0.00    0.00    24  |__process reaper
01:21:52 PM  1000         -    937647    0.00    0.00    0.00    0.00    0.00    24  |__vertx-blocked-t
01:21:52 PM  1000         -    937649    0.00    0.00    0.00    0.00    0.00    24  |__vert.x-eventloo
01:21:52 PM  1000         -    937650    0.00    0.00    0.00    0.00    0.00    22  |__vert.x-acceptor
01:21:52 PM  1000         -    937651    0.00    0.00    0.00    0.00    0.00    24  |__GC Thread#1
01:21:52 PM  1000         -    937652    0.00    0.00    0.00    0.00    0.00    26  |__GC Thread#2
01:21:52 PM  1000         -    937654    0.00    0.00    0.00    0.00    0.00    24  |__vert.x-worker-t
01:21:52 PM  1000         -    937655    0.00    0.00    0.00    0.00    0.00    24  |__vert.x-eventloo
01:21:52 PM  1000         -    937656    0.00    0.00    0.00    0.00    0.00    24  |__vert.x-eventloo
01:21:52 PM  1000         -    937657    1.00    0.00    0.00    0.00    1.00    22  |__vert.x-eventloo
01:21:52 PM  1000         -    937658    0.00    0.00    0.00    0.00    0.00    22  |__CLI-scheduled-e
01:21:52 PM  1000         -    937659    0.00    0.00    0.00    0.00    0.00    26  |__vert.x-eventloo
01:21:52 PM  1000         -    937661    0.00    0.00    0.00    0.00    0.00    26  |__vert.x-worker-t
01:21:52 PM  1000         -    937662    0.00    0.00    0.00    0.00    0.00    22  |__vert.x-eventloo
01:21:52 PM  1000         -    937667    0.00    0.00    0.00    0.00    0.00    26  |__cpu-watchdog
01:21:52 PM  1000         -    937668    3.00    2.00    0.00    0.00    5.00    26  |__epollEventLoopG
01:21:52 PM  1000         -    937669    2.00    2.00    0.00    0.00    4.00    22  |__epollEventLoopG
01:21:52 PM  1000         -    937670    0.00    0.00    0.00    0.00    0.00    26  |__jitter-watchdog
01:21:52 PM  1000         -    937671    0.00    0.00    0.00    0.00    0.00    22  |__vert.x-worker-t
01:21:52 PM  1000         -    937767    0.00    0.00    0.00    0.00    0.00    22  |__vert.x-eventloo
01:21:52 PM  1000         -    937777    0.00    0.00    0.00    0.00    0.00    22  |__vert.x-eventloo

01:21:51 PM   UID      TGID       TID   cswch/s nvcswch/s  Command
01:21:52 PM  1000    937324         -      0.00      0.00  java
01:21:52 PM  1000         -    937324      0.00      0.00  |__java
01:21:52 PM  1000         -    937358      2.00      0.00  |__java
01:21:52 PM  1000         -    937359      0.00      0.00  |__GC Thread#0
01:21:52 PM  1000         -    937360      0.00      0.00  |__G1 Main Marker
01:21:52 PM  1000         -    937361      0.00      0.00  |__G1 Conc#0
01:21:52 PM  1000         -    937362     20.00      0.00  |__G1 Refine#0
01:21:52 PM  1000         -    937363      1.00      0.00  |__G1 Service
01:21:52 PM  1000         -    937365      0.00      0.00  |__VM Periodic Tas
01:21:52 PM  1000         -    937366      0.00      0.00  |__VM Thread
01:21:52 PM  1000         -    937367      0.00      0.00  |__Reference Handl
01:21:52 PM  1000         -    937368      0.00      0.00  |__Finalizer
01:21:52 PM  1000         -    937369      0.00      0.00  |__Signal Dispatch
01:21:52 PM  1000         -    937370      1.00      0.00  |__Service Thread
01:21:52 PM  1000         -    937371      4.00      0.00  |__Monitor Deflati
01:21:52 PM  1000         -    937372     12.00      0.00  |__C2 CompilerThre
01:21:52 PM  1000         -    937373      8.00      0.00  |__C1 CompilerThre
01:21:52 PM  1000         -    937374      0.00      0.00  |__Notification Th
01:21:52 PM  1000         -    937375      0.00      0.00  |__Common-Cleaner
01:21:52 PM  1000         -    937643      1.00      0.00  |__vertx-blocked-t
01:21:52 PM  1000         -    937645      0.00      0.00  |__process reaper
01:21:52 PM  1000         -    937647      1.00      0.00  |__vertx-blocked-t
01:21:52 PM  1000         -    937649      3.00      0.00  |__vert.x-eventloo
01:21:52 PM  1000         -    937650      0.00      0.00  |__vert.x-acceptor
01:21:52 PM  1000         -    937651      0.00      0.00  |__GC Thread#1
01:21:52 PM  1000         -    937652      0.00      0.00  |__GC Thread#2
01:21:52 PM  1000         -    937654      0.00      0.00  |__vert.x-worker-t
01:21:52 PM  1000         -    937655      0.00      0.00  |__vert.x-eventloo
01:21:52 PM  1000         -    937656      1.00      0.00  |__vert.x-eventloo
01:21:52 PM  1000         -    937657      2.00      0.00  |__vert.x-eventloo
01:21:52 PM  1000         -    937658      0.00      0.00  |__CLI-scheduled-e
01:21:52 PM  1000         -    937659      0.00      0.00  |__vert.x-eventloo
01:21:52 PM  1000         -    937661      0.00      0.00  |__vert.x-worker-t
01:21:52 PM  1000         -    937662      1.00      0.00  |__vert.x-eventloo
01:21:52 PM  1000         -    937667      0.00      0.00  |__cpu-watchdog
01:21:52 PM  1000         -    937668   2525.00      0.00  |__epollEventLoopG
01:21:52 PM  1000         -    937669   2533.00      1.00  |__epollEventLoopG
01:21:52 PM  1000         -    937670     20.00      0.00  |__jitter-watchdog
01:21:52 PM  1000         -    937671      0.00      0.00  |__vert.x-worker-t
01:21:52 PM  1000         -    937767      0.00      0.00  |__vert.x-eventloo
01:21:52 PM  1000         -    937777      0.00      0.00  |__vert.x-eventloo

01:21:52 PM   UID      TGID       TID    %usr %system  %guest   %wait    %CPU   CPU  Command
01:21:53 PM  1000    937324         -    5.00    6.00    0.00    0.00   11.00    24  java
01:21:53 PM  1000         -    937324    0.00    0.00    0.00    0.00    0.00    24  |__java
01:21:53 PM  1000         -    937358    0.00    0.00    0.00    0.00    0.00    24  |__java
01:21:53 PM  1000         -    937359    0.00    0.00    0.00    0.00    0.00    26  |__GC Thread#0
01:21:53 PM  1000         -    937360    0.00    0.00    0.00    0.00    0.00    24  |__G1 Main Marker
01:21:53 PM  1000         -    937361    0.00    0.00    0.00    0.00    0.00    22  |__G1 Conc#0
01:21:53 PM  1000         -    937362    0.00    0.00    0.00    0.00    0.00    22  |__G1 Refine#0
01:21:53 PM  1000         -    937363    0.00    0.00    0.00    0.00    0.00    24  |__G1 Service
01:21:53 PM  1000         -    937365    0.00    0.00    0.00    0.00    0.00    26  |__VM Periodic Tas
01:21:53 PM  1000         -    937366    0.00    0.00    0.00    0.00    0.00    22  |__VM Thread
01:21:53 PM  1000         -    937367    0.00    0.00    0.00    0.00    0.00    22  |__Reference Handl
01:21:53 PM  1000         -    937368    0.00    0.00    0.00    0.00    0.00    24  |__Finalizer
01:21:53 PM  1000         -    937369    0.00    0.00    0.00    0.00    0.00    24  |__Signal Dispatch
01:21:53 PM  1000         -    937370    0.00    0.00    0.00    0.00    0.00    26  |__Service Thread
01:21:53 PM  1000         -    937371    0.00    0.00    0.00    0.00    0.00    26  |__Monitor Deflati
01:21:53 PM  1000         -    937372    0.00    0.00    0.00    0.00    0.00    24  |__C2 CompilerThre
01:21:53 PM  1000         -    937373    1.00    0.00    0.00    0.00    1.00    22  |__C1 CompilerThre
01:21:53 PM  1000         -    937374    0.00    0.00    0.00    0.00    0.00    22  |__Notification Th
01:21:53 PM  1000         -    937375    0.00    0.00    0.00    0.00    0.00    26  |__Common-Cleaner
01:21:53 PM  1000         -    937643    0.00    0.00    0.00    0.00    0.00    22  |__vertx-blocked-t
01:21:53 PM  1000         -    937645    0.00    0.00    0.00    0.00    0.00    24  |__process reaper
01:21:53 PM  1000         -    937647    0.00    0.00    0.00    0.00    0.00    24  |__vertx-blocked-t
01:21:53 PM  1000         -    937649    0.00    0.00    0.00    0.00    0.00    24  |__vert.x-eventloo
01:21:53 PM  1000         -    937650    0.00    0.00    0.00    0.00    0.00    22  |__vert.x-acceptor
01:21:53 PM  1000         -    937651    0.00    0.00    0.00    0.00    0.00    24  |__GC Thread#1
01:21:53 PM  1000         -    937652    0.00    0.00    0.00    0.00    0.00    26  |__GC Thread#2
01:21:53 PM  1000         -    937654    0.00    0.00    0.00    0.00    0.00    24  |__vert.x-worker-t
01:21:53 PM  1000         -    937655    0.00    0.00    0.00    0.00    0.00    24  |__vert.x-eventloo
01:21:53 PM  1000         -    937656    0.00    0.00    0.00    0.00    0.00    24  |__vert.x-eventloo
01:21:53 PM  1000         -    937657    0.00    0.00    0.00    0.00    0.00    22  |__vert.x-eventloo
01:21:53 PM  1000         -    937658    0.00    0.00    0.00    0.00    0.00    22  |__CLI-scheduled-e
01:21:53 PM  1000         -    937659    0.00    0.00    0.00    0.00    0.00    26  |__vert.x-eventloo
01:21:53 PM  1000         -    937661    0.00    0.00    0.00    0.00    0.00    26  |__vert.x-worker-t
01:21:53 PM  1000         -    937662    0.00    0.00    0.00    0.00    0.00    22  |__vert.x-eventloo
01:21:53 PM  1000         -    937667    0.00    0.00    0.00    0.00    0.00    26  |__cpu-watchdog
01:21:53 PM  1000         -    937668    1.00    3.00    0.00    0.00    4.00    26  |__epollEventLoopG
01:21:53 PM  1000         -    937669    2.00    3.00    0.00    0.00    5.00    24  |__epollEventLoopG
01:21:53 PM  1000         -    937670    0.00    0.00    0.00    0.00    0.00    24  |__jitter-watchdog
01:21:53 PM  1000         -    937671    0.00    0.00    0.00    0.00    0.00    22  |__vert.x-worker-t
01:21:53 PM  1000         -    937767    0.00    0.00    0.00    0.00    0.00    22  |__vert.x-eventloo
01:21:53 PM  1000         -    937777    0.00    0.00    0.00    0.00    0.00    22  |__vert.x-eventloo

01:21:52 PM   UID      TGID       TID   cswch/s nvcswch/s  Command
01:21:53 PM  1000    937324         -      0.00      0.00  java
01:21:53 PM  1000         -    937324      0.00      0.00  |__java
01:21:53 PM  1000         -    937358      2.00      0.00  |__java
01:21:53 PM  1000         -    937359      0.00      0.00  |__GC Thread#0
01:21:53 PM  1000         -    937360      0.00      0.00  |__G1 Main Marker
01:21:53 PM  1000         -    937361      0.00      0.00  |__G1 Conc#0
01:21:53 PM  1000         -    937362     20.00      0.00  |__G1 Refine#0
01:21:53 PM  1000         -    937363      1.00      0.00  |__G1 Service
01:21:53 PM  1000         -    937365      0.00      0.00  |__VM Periodic Tas
01:21:53 PM  1000         -    937366      0.00      0.00  |__VM Thread
01:21:53 PM  1000         -    937367      0.00      0.00  |__Reference Handl
01:21:53 PM  1000         -    937368      0.00      0.00  |__Finalizer
01:21:53 PM  1000         -    937369      0.00      0.00  |__Signal Dispatch
01:21:53 PM  1000         -    937370      1.00      0.00  |__Service Thread
01:21:53 PM  1000         -    937371      4.00      0.00  |__Monitor Deflati
01:21:53 PM  1000         -    937372     11.00      0.00  |__C2 CompilerThre
01:21:53 PM  1000         -    937373      6.00      0.00  |__C1 CompilerThre
01:21:53 PM  1000         -    937374      0.00      0.00  |__Notification Th
01:21:53 PM  1000         -    937375      0.00      0.00  |__Common-Cleaner
01:21:53 PM  1000         -    937643      1.00      0.00  |__vertx-blocked-t
01:21:53 PM  1000         -    937645      0.00      0.00  |__process reaper
01:21:53 PM  1000         -    937647      1.00      0.00  |__vertx-blocked-t
01:21:53 PM  1000         -    937649      3.00      0.00  |__vert.x-eventloo
01:21:53 PM  1000         -    937650      0.00      0.00  |__vert.x-acceptor
01:21:53 PM  1000         -    937651      0.00      0.00  |__GC Thread#1
01:21:53 PM  1000         -    937652      0.00      0.00  |__GC Thread#2
01:21:53 PM  1000         -    937654      0.00      0.00  |__vert.x-worker-t
01:21:53 PM  1000         -    937655      0.00      0.00  |__vert.x-eventloo
01:21:53 PM  1000         -    937656      1.00      0.00  |__vert.x-eventloo
01:21:53 PM  1000         -    937657      2.00      0.00  |__vert.x-eventloo
01:21:53 PM  1000         -    937658      0.00      0.00  |__CLI-scheduled-e
01:21:53 PM  1000         -    937659      0.00      0.00  |__vert.x-eventloo
01:21:53 PM  1000         -    937661      0.00      0.00  |__vert.x-worker-t
01:21:53 PM  1000         -    937662      1.00      0.00  |__vert.x-eventloo
01:21:53 PM  1000         -    937667      0.00      0.00  |__cpu-watchdog
01:21:53 PM  1000         -    937668   2505.00      0.00  |__epollEventLoopG
01:21:53 PM  1000         -    937669   2523.00      0.00  |__epollEventLoopG
01:21:53 PM  1000         -    937670     20.00      0.00  |__jitter-watchdog
01:21:53 PM  1000         -    937671      0.00      0.00  |__vert.x-worker-t
01:21:53 PM  1000         -    937767      0.00      0.00  |__vert.x-eventloo
01:21:53 PM  1000         -    937777      0.00      0.00  |__vert.x-eventloo

01:21:53 PM   UID      TGID       TID    %usr %system  %guest   %wait    %CPU   CPU  Command
01:21:54 PM  1000    937324         -    4.00    4.00    0.00    0.00    8.00    24  java
01:21:54 PM  1000         -    937324    0.00    0.00    0.00    0.00    0.00    24  |__java
01:21:54 PM  1000         -    937358    0.00    0.00    0.00    0.00    0.00    24  |__java
01:21:54 PM  1000         -    937359    0.00    0.00    0.00    0.00    0.00    26  |__GC Thread#0
01:21:54 PM  1000         -    937360    0.00    0.00    0.00    0.00    0.00    24  |__G1 Main Marker
01:21:54 PM  1000         -    937361    0.00    0.00    0.00    0.00    0.00    22  |__G1 Conc#0
01:21:54 PM  1000         -    937362    0.00    0.00    0.00    0.00    0.00    26  |__G1 Refine#0
01:21:54 PM  1000         -    937363    0.00    0.00    0.00    0.00    0.00    24  |__G1 Service
01:21:54 PM  1000         -    937365    0.00    0.00    0.00    0.00    0.00    26  |__VM Periodic Tas
01:21:54 PM  1000         -    937366    0.00    0.00    0.00    0.00    0.00    22  |__VM Thread
01:21:54 PM  1000         -    937367    0.00    0.00    0.00    0.00    0.00    22  |__Reference Handl
01:21:54 PM  1000         -    937368    0.00    0.00    0.00    0.00    0.00    24  |__Finalizer
01:21:54 PM  1000         -    937369    0.00    0.00    0.00    0.00    0.00    24  |__Signal Dispatch
01:21:54 PM  1000         -    937370    0.00    0.00    0.00    0.00    0.00    26  |__Service Thread
01:21:54 PM  1000         -    937371    0.00    0.00    0.00    0.00    0.00    26  |__Monitor Deflati
01:21:54 PM  1000         -    937372    0.00    0.00    0.00    0.00    0.00    24  |__C2 CompilerThre
01:21:54 PM  1000         -    937373    0.00    0.00    0.00    0.00    0.00    26  |__C1 CompilerThre
01:21:54 PM  1000         -    937374    0.00    0.00    0.00    0.00    0.00    22  |__Notification Th
01:21:54 PM  1000         -    937375    0.00    0.00    0.00    0.00    0.00    26  |__Common-Cleaner
01:21:54 PM  1000         -    937643    0.00    0.00    0.00    0.00    0.00    22  |__vertx-blocked-t
01:21:54 PM  1000         -    937645    0.00    0.00    0.00    0.00    0.00    24  |__process reaper
01:21:54 PM  1000         -    937647    0.00    0.00    0.00    0.00    0.00    24  |__vertx-blocked-t
01:21:54 PM  1000         -    937649    0.00    0.00    0.00    0.00    0.00    24  |__vert.x-eventloo
01:21:54 PM  1000         -    937650    0.00    0.00    0.00    0.00    0.00    22  |__vert.x-acceptor
01:21:54 PM  1000         -    937651    0.00    0.00    0.00    0.00    0.00    24  |__GC Thread#1
01:21:54 PM  1000         -    937652    0.00    0.00    0.00    0.00    0.00    26  |__GC Thread#2
01:21:54 PM  1000         -    937654    0.00    0.00    0.00    0.00    0.00    24  |__vert.x-worker-t
01:21:54 PM  1000         -    937655    0.00    0.00    0.00    0.00    0.00    24  |__vert.x-eventloo
01:21:54 PM  1000         -    937656    0.00    0.00    0.00    0.00    0.00    24  |__vert.x-eventloo
01:21:54 PM  1000         -    937657    0.00    0.00    0.00    0.00    0.00    26  |__vert.x-eventloo
01:21:54 PM  1000         -    937658    0.00    0.00    0.00    0.00    0.00    22  |__CLI-scheduled-e
01:21:54 PM  1000         -    937659    0.00    0.00    0.00    0.00    0.00    26  |__vert.x-eventloo
01:21:54 PM  1000         -    937661    0.00    0.00    0.00    0.00    0.00    26  |__vert.x-worker-t
01:21:54 PM  1000         -    937662    0.00    0.00    0.00    0.00    0.00    22  |__vert.x-eventloo
01:21:54 PM  1000         -    937667    0.00    0.00    0.00    0.00    0.00    26  |__cpu-watchdog
01:21:54 PM  1000         -    937668    3.00    2.00    0.00    0.00    5.00    26  |__epollEventLoopG
01:21:54 PM  1000         -    937669    2.00    2.00    0.00    0.00    4.00    24  |__epollEventLoopG
01:21:54 PM  1000         -    937670    0.00    0.00    0.00    0.00    0.00    26  |__jitter-watchdog
01:21:54 PM  1000         -    937671    0.00    0.00    0.00    0.00    0.00    22  |__vert.x-worker-t
01:21:54 PM  1000         -    937767    0.00    0.00    0.00    0.00    0.00    22  |__vert.x-eventloo
01:21:54 PM  1000         -    937777    0.00    0.00    0.00    0.00    0.00    22  |__vert.x-eventloo

01:21:53 PM   UID      TGID       TID   cswch/s nvcswch/s  Command
01:21:54 PM  1000    937324         -      0.00      0.00  java
01:21:54 PM  1000         -    937324      0.00      0.00  |__java
01:21:54 PM  1000         -    937358      2.00      0.00  |__java
01:21:54 PM  1000         -    937359      0.00      0.00  |__GC Thread#0
01:21:54 PM  1000         -    937360      0.00      0.00  |__G1 Main Marker
01:21:54 PM  1000         -    937361      0.00      0.00  |__G1 Conc#0
01:21:54 PM  1000         -    937362     20.00      0.00  |__G1 Refine#0
01:21:54 PM  1000         -    937363      1.00      0.00  |__G1 Service
01:21:54 PM  1000         -    937365      1.00      0.00  |__VM Periodic Tas
01:21:54 PM  1000         -    937366      0.00      0.00  |__VM Thread
01:21:54 PM  1000         -    937367      0.00      0.00  |__Reference Handl
01:21:54 PM  1000         -    937368      0.00      0.00  |__Finalizer
01:21:54 PM  1000         -    937369      0.00      0.00  |__Signal Dispatch
01:21:54 PM  1000         -    937370      1.00      0.00  |__Service Thread
01:21:54 PM  1000         -    937371      4.00      0.00  |__Monitor Deflati
01:21:54 PM  1000         -    937372     10.00      0.00  |__C2 CompilerThre
01:21:54 PM  1000         -    937373      3.00      0.00  |__C1 CompilerThre
01:21:54 PM  1000         -    937374      0.00      0.00  |__Notification Th
01:21:54 PM  1000         -    937375      0.00      0.00  |__Common-Cleaner
01:21:54 PM  1000         -    937643      1.00      0.00  |__vertx-blocked-t
01:21:54 PM  1000         -    937645      0.00      0.00  |__process reaper
01:21:54 PM  1000         -    937647      1.00      0.00  |__vertx-blocked-t
01:21:54 PM  1000         -    937649      3.00      0.00  |__vert.x-eventloo
01:21:54 PM  1000         -    937650      0.00      0.00  |__vert.x-acceptor
01:21:54 PM  1000         -    937651      0.00      0.00  |__GC Thread#1
01:21:54 PM  1000         -    937652      0.00      0.00  |__GC Thread#2
01:21:54 PM  1000         -    937654      0.00      0.00  |__vert.x-worker-t
01:21:54 PM  1000         -    937655      0.00      0.00  |__vert.x-eventloo
01:21:54 PM  1000         -    937656      1.00      0.00  |__vert.x-eventloo
01:21:54 PM  1000         -    937657      2.00      0.00  |__vert.x-eventloo
01:21:54 PM  1000         -    937658      0.00      0.00  |__CLI-scheduled-e
01:21:54 PM  1000         -    937659      0.00      0.00  |__vert.x-eventloo
01:21:54 PM  1000         -    937661      0.00      0.00  |__vert.x-worker-t
01:21:54 PM  1000         -    937662      2.00      0.00  |__vert.x-eventloo
01:21:54 PM  1000         -    937667      0.00      0.00  |__cpu-watchdog
01:21:54 PM  1000         -    937668   2536.00      0.00  |__epollEventLoopG
01:21:54 PM  1000         -    937669   2534.00      0.00  |__epollEventLoopG
01:21:54 PM  1000         -    937670     20.00      0.00  |__jitter-watchdog
01:21:54 PM  1000         -    937671      0.00      0.00  |__vert.x-worker-t
01:21:54 PM  1000         -    937767      0.00      0.00  |__vert.x-eventloo
01:21:54 PM  1000         -    937777      0.00      0.00  |__vert.x-eventloo

01:21:54 PM   UID      TGID       TID    %usr %system  %guest   %wait    %CPU   CPU  Command
01:21:55 PM  1000    937324         -    4.00    6.00    0.00    0.00   10.00    24  java
01:21:55 PM  1000         -    937324    0.00    0.00    0.00    0.00    0.00    24  |__java
01:21:55 PM  1000         -    937358    0.00    0.00    0.00    0.00    0.00    24  |__java
01:21:55 PM  1000         -    937359    0.00    0.00    0.00    0.00    0.00    26  |__GC Thread#0
01:21:55 PM  1000         -    937360    0.00    0.00    0.00    0.00    0.00    24  |__G1 Main Marker
01:21:55 PM  1000         -    937361    0.00    0.00    0.00    0.00    0.00    22  |__G1 Conc#0
01:21:55 PM  1000         -    937362    0.00    0.00    0.00    0.00    0.00    22  |__G1 Refine#0
01:21:55 PM  1000         -    937363    0.00    0.00    0.00    0.00    0.00    24  |__G1 Service
01:21:55 PM  1000         -    937365    0.00    0.00    0.00    0.00    0.00    26  |__VM Periodic Tas
01:21:55 PM  1000         -    937366    0.00    0.00    0.00    0.00    0.00    22  |__VM Thread
01:21:55 PM  1000         -    937367    0.00    0.00    0.00    0.00    0.00    22  |__Reference Handl
01:21:55 PM  1000         -    937368    0.00    0.00    0.00    0.00    0.00    24  |__Finalizer
01:21:55 PM  1000         -    937369    0.00    0.00    0.00    0.00    0.00    24  |__Signal Dispatch
01:21:55 PM  1000         -    937370    0.00    0.00    0.00    0.00    0.00    26  |__Service Thread
01:21:55 PM  1000         -    937371    0.00    0.00    0.00    0.00    0.00    26  |__Monitor Deflati
01:21:55 PM  1000         -    937372    0.00    0.00    0.00    0.00    0.00    22  |__C2 CompilerThre
01:21:55 PM  1000         -    937373    1.00    0.00    0.00    0.00    1.00    26  |__C1 CompilerThre
01:21:55 PM  1000         -    937374    0.00    0.00    0.00    0.00    0.00    22  |__Notification Th
01:21:55 PM  1000         -    937375    0.00    0.00    0.00    0.00    0.00    26  |__Common-Cleaner
01:21:55 PM  1000         -    937643    0.00    0.00    0.00    0.00    0.00    22  |__vertx-blocked-t
01:21:55 PM  1000         -    937645    0.00    0.00    0.00    0.00    0.00    24  |__process reaper
01:21:55 PM  1000         -    937647    0.00    0.00    0.00    0.00    0.00    24  |__vertx-blocked-t
01:21:55 PM  1000         -    937649    1.00    0.00    0.00    0.00    1.00    24  |__vert.x-eventloo
01:21:55 PM  1000         -    937650    0.00    0.00    0.00    0.00    0.00    22  |__vert.x-acceptor
01:21:55 PM  1000         -    937651    0.00    0.00    0.00    0.00    0.00    24  |__GC Thread#1
01:21:55 PM  1000         -    937652    0.00    0.00    0.00    0.00    0.00    26  |__GC Thread#2
01:21:55 PM  1000         -    937654    0.00    0.00    0.00    0.00    0.00    24  |__vert.x-worker-t
01:21:55 PM  1000         -    937655    0.00    0.00    0.00    0.00    0.00    24  |__vert.x-eventloo
01:21:55 PM  1000         -    937656    0.00    0.00    0.00    0.00    0.00    24  |__vert.x-eventloo
01:21:55 PM  1000         -    937657    0.00    0.00    0.00    0.00    0.00    26  |__vert.x-eventloo
01:21:55 PM  1000         -    937658    0.00    0.00    0.00    0.00    0.00    22  |__CLI-scheduled-e
01:21:55 PM  1000         -    937659    0.00    0.00    0.00    0.00    0.00    26  |__vert.x-eventloo
01:21:55 PM  1000         -    937661    0.00    0.00    0.00    0.00    0.00    26  |__vert.x-worker-t
01:21:55 PM  1000         -    937662    0.00    0.00    0.00    0.00    0.00    22  |__vert.x-eventloo
01:21:55 PM  1000         -    937667    0.00    0.00    0.00    0.00    0.00    26  |__cpu-watchdog
01:21:55 PM  1000         -    937668    1.00    3.00    0.00    0.00    4.00    26  |__epollEventLoopG
01:21:55 PM  1000         -    937669    3.00    2.00    0.00    0.00    5.00    24  |__epollEventLoopG
01:21:55 PM  1000         -    937670    0.00    0.00    0.00    0.00    0.00    24  |__jitter-watchdog
01:21:55 PM  1000         -    937671    0.00    0.00    0.00    0.00    0.00    22  |__vert.x-worker-t
01:21:55 PM  1000         -    937767    0.00    0.00    0.00    0.00    0.00    22  |__vert.x-eventloo
01:21:55 PM  1000         -    937777    0.00    0.00    0.00    0.00    0.00    22  |__vert.x-eventloo

01:21:54 PM   UID      TGID       TID   cswch/s nvcswch/s  Command
01:21:55 PM  1000    937324         -      0.00      0.00  java
01:21:55 PM  1000         -    937324      0.00      0.00  |__java
01:21:55 PM  1000         -    937358      2.00      0.00  |__java
01:21:55 PM  1000         -    937359      0.00      0.00  |__GC Thread#0
01:21:55 PM  1000         -    937360      0.00      0.00  |__G1 Main Marker
01:21:55 PM  1000         -    937361      0.00      0.00  |__G1 Conc#0
01:21:55 PM  1000         -    937362     20.00      0.00  |__G1 Refine#0
01:21:55 PM  1000         -    937363      1.00      0.00  |__G1 Service
01:21:55 PM  1000         -    937365      0.00      0.00  |__VM Periodic Tas
01:21:55 PM  1000         -    937366      0.00      0.00  |__VM Thread
01:21:55 PM  1000         -    937367      0.00      0.00  |__Reference Handl
01:21:55 PM  1000         -    937368      0.00      0.00  |__Finalizer
01:21:55 PM  1000         -    937369      0.00      0.00  |__Signal Dispatch
01:21:55 PM  1000         -    937370      1.00      0.00  |__Service Thread
01:21:55 PM  1000         -    937371      4.00      0.00  |__Monitor Deflati
01:21:55 PM  1000         -    937372      8.00      0.00  |__C2 CompilerThre
01:21:55 PM  1000         -    937373      8.00      0.00  |__C1 CompilerThre
01:21:55 PM  1000         -    937374      0.00      0.00  |__Notification Th
01:21:55 PM  1000         -    937375      0.00      0.00  |__Common-Cleaner
01:21:55 PM  1000         -    937643      1.00      0.00  |__vertx-blocked-t
01:21:55 PM  1000         -    937645      0.00      0.00  |__process reaper
01:21:55 PM  1000         -    937647      1.00      0.00  |__vertx-blocked-t
01:21:55 PM  1000         -    937649      3.00      0.00  |__vert.x-eventloo
01:21:55 PM  1000         -    937650      0.00      0.00  |__vert.x-acceptor
01:21:55 PM  1000         -    937651      0.00      0.00  |__GC Thread#1
01:21:55 PM  1000         -    937652      0.00      0.00  |__GC Thread#2
01:21:55 PM  1000         -    937654      0.00      0.00  |__vert.x-worker-t
01:21:55 PM  1000         -    937655      0.00      0.00  |__vert.x-eventloo
01:21:55 PM  1000         -    937656      1.00      0.00  |__vert.x-eventloo
01:21:55 PM  1000         -    937657      2.00      0.00  |__vert.x-eventloo
01:21:55 PM  1000         -    937658      0.00      0.00  |__CLI-scheduled-e
01:21:55 PM  1000         -    937659      0.00      0.00  |__vert.x-eventloo
01:21:55 PM  1000         -    937661      0.00      0.00  |__vert.x-worker-t
01:21:55 PM  1000         -    937662      2.00      0.00  |__vert.x-eventloo
01:21:55 PM  1000         -    937667      0.00      0.00  |__cpu-watchdog
01:21:55 PM  1000         -    937668   2549.00      0.00  |__epollEventLoopG
01:21:55 PM  1000         -    937669   2522.00      0.00  |__epollEventLoopG
01:21:55 PM  1000         -    937670     20.00      0.00  |__jitter-watchdog
01:21:55 PM  1000         -    937671      0.00      0.00  |__vert.x-worker-t
01:21:55 PM  1000         -    937767      0.00      0.00  |__vert.x-eventloo
01:21:55 PM  1000         -    937777      0.00      0.00  |__vert.x-eventloo

01:21:55 PM   UID      TGID       TID    %usr %system  %guest   %wait    %CPU   CPU  Command
01:21:56 PM  1000    937324         -    6.00    5.00    0.00    0.00   11.00    24  java
01:21:56 PM  1000         -    937324    0.00    0.00    0.00    0.00    0.00    24  |__java
01:21:56 PM  1000         -    937358    0.00    0.00    0.00    0.00    0.00    24  |__java
01:21:56 PM  1000         -    937359    0.00    0.00    0.00    0.00    0.00    26  |__GC Thread#0
01:21:56 PM  1000         -    937360    0.00    0.00    0.00    0.00    0.00    24  |__G1 Main Marker
01:21:56 PM  1000         -    937361    0.00    0.00    0.00    0.00    0.00    22  |__G1 Conc#0
01:21:56 PM  1000         -    937362    0.00    0.00    0.00    0.00    0.00    22  |__G1 Refine#0
01:21:56 PM  1000         -    937363    0.00    0.00    0.00    0.00    0.00    24  |__G1 Service
01:21:56 PM  1000         -    937365    0.00    0.00    0.00    0.00    0.00    26  |__VM Periodic Tas
01:21:56 PM  1000         -    937366    0.00    0.00    0.00    0.00    0.00    22  |__VM Thread
01:21:56 PM  1000         -    937367    0.00    0.00    0.00    0.00    0.00    22  |__Reference Handl
01:21:56 PM  1000         -    937368    0.00    0.00    0.00    0.00    0.00    24  |__Finalizer
01:21:56 PM  1000         -    937369    0.00    0.00    0.00    0.00    0.00    24  |__Signal Dispatch
01:21:56 PM  1000         -    937370    0.00    0.00    0.00    0.00    0.00    22  |__Service Thread
01:21:56 PM  1000         -    937371    0.00    0.00    0.00    0.00    0.00    26  |__Monitor Deflati
01:21:56 PM  1000         -    937372    1.00    0.00    0.00    0.00    1.00    24  |__C2 CompilerThre
01:21:56 PM  1000         -    937373    0.00    0.00    0.00    0.00    0.00    22  |__C1 CompilerThre
01:21:56 PM  1000         -    937374    0.00    0.00    0.00    0.00    0.00    22  |__Notification Th
01:21:56 PM  1000         -    937375    0.00    0.00    0.00    0.00    0.00    26  |__Common-Cleaner
01:21:56 PM  1000         -    937643    0.00    0.00    0.00    0.00    0.00    22  |__vertx-blocked-t
01:21:56 PM  1000         -    937645    0.00    0.00    0.00    0.00    0.00    24  |__process reaper
01:21:56 PM  1000         -    937647    0.00    0.00    0.00    0.00    0.00    24  |__vertx-blocked-t
01:21:56 PM  1000         -    937649    0.00    0.00    0.00    0.00    0.00    22  |__vert.x-eventloo
01:21:56 PM  1000         -    937650    0.00    0.00    0.00    0.00    0.00    22  |__vert.x-acceptor
01:21:56 PM  1000         -    937651    0.00    0.00    0.00    0.00    0.00    24  |__GC Thread#1
01:21:56 PM  1000         -    937652    0.00    0.00    0.00    0.00    0.00    26  |__GC Thread#2
01:21:56 PM  1000         -    937654    0.00    0.00    0.00    0.00    0.00    24  |__vert.x-worker-t
01:21:56 PM  1000         -    937655    0.00    0.00    0.00    0.00    0.00    24  |__vert.x-eventloo
01:21:56 PM  1000         -    937656    0.00    0.00    0.00    0.00    0.00    24  |__vert.x-eventloo
01:21:56 PM  1000         -    937657    0.00    0.00    0.00    0.00    0.00    24  |__vert.x-eventloo
01:21:56 PM  1000         -    937658    0.00    0.00    0.00    0.00    0.00    22  |__CLI-scheduled-e
01:21:56 PM  1000         -    937659    0.00    0.00    0.00    0.00    0.00    26  |__vert.x-eventloo
01:21:56 PM  1000         -    937661    0.00    0.00    0.00    0.00    0.00    26  |__vert.x-worker-t
01:21:56 PM  1000         -    937662    0.00    0.00    0.00    0.00    0.00    24  |__vert.x-eventloo
01:21:56 PM  1000         -    937667    0.00    0.00    0.00    0.00    0.00    26  |__cpu-watchdog
01:21:56 PM  1000         -    937668    2.00    2.00    0.00    0.00    4.00    26  |__epollEventLoopG
01:21:56 PM  1000         -    937669    1.00    3.00    0.00    0.00    4.00    22  |__epollEventLoopG
01:21:56 PM  1000         -    937670    0.00    0.00    0.00    0.00    0.00    26  |__jitter-watchdog
01:21:56 PM  1000         -    937671    0.00    0.00    0.00    0.00    0.00    22  |__vert.x-worker-t
01:21:56 PM  1000         -    937767    0.00    0.00    0.00    0.00    0.00    22  |__vert.x-eventloo
01:21:56 PM  1000         -    937777    0.00    0.00    0.00    0.00    0.00    22  |__vert.x-eventloo

01:21:55 PM   UID      TGID       TID   cswch/s nvcswch/s  Command
01:21:56 PM  1000    937324         -      0.00      0.00  java
01:21:56 PM  1000         -    937324      0.00      0.00  |__java
01:21:56 PM  1000         -    937358      2.00      0.00  |__java
01:21:56 PM  1000         -    937359      0.00      0.00  |__GC Thread#0
01:21:56 PM  1000         -    937360      0.00      0.00  |__G1 Main Marker
01:21:56 PM  1000         -    937361      0.00      0.00  |__G1 Conc#0
01:21:56 PM  1000         -    937362     20.00      0.00  |__G1 Refine#0
01:21:56 PM  1000         -    937363      1.00      0.00  |__G1 Service
01:21:56 PM  1000         -    937365      0.00      0.00  |__VM Periodic Tas
01:21:56 PM  1000         -    937366      0.00      0.00  |__VM Thread
01:21:56 PM  1000         -    937367      0.00      0.00  |__Reference Handl
01:21:56 PM  1000         -    937368      0.00      0.00  |__Finalizer
01:21:56 PM  1000         -    937369      0.00      0.00  |__Signal Dispatch
01:21:56 PM  1000         -    937370      1.00      0.00  |__Service Thread
01:21:56 PM  1000         -    937371      4.00      0.00  |__Monitor Deflati
01:21:56 PM  1000         -    937372     17.00      0.00  |__C2 CompilerThre
01:21:56 PM  1000         -    937373     14.00      0.00  |__C1 CompilerThre
01:21:56 PM  1000         -    937374      0.00      0.00  |__Notification Th
01:21:56 PM  1000         -    937375      0.00      0.00  |__Common-Cleaner
01:21:56 PM  1000         -    937643      1.00      0.00  |__vertx-blocked-t
01:21:56 PM  1000         -    937645      0.00      0.00  |__process reaper
01:21:56 PM  1000         -    937647      1.00      0.00  |__vertx-blocked-t
01:21:56 PM  1000         -    937649      7.00      0.00  |__vert.x-eventloo
01:21:56 PM  1000         -    937650      0.00      0.00  |__vert.x-acceptor
01:21:56 PM  1000         -    937651      0.00      0.00  |__GC Thread#1
01:21:56 PM  1000         -    937652      0.00      0.00  |__GC Thread#2
01:21:56 PM  1000         -    937654      0.00      0.00  |__vert.x-worker-t
01:21:56 PM  1000         -    937655      0.00      0.00  |__vert.x-eventloo
01:21:56 PM  1000         -    937656      1.00      0.00  |__vert.x-eventloo
01:21:56 PM  1000         -    937657      2.00      0.00  |__vert.x-eventloo
01:21:56 PM  1000         -    937658      0.00      0.00  |__CLI-scheduled-e
01:21:56 PM  1000         -    937659      0.00      0.00  |__vert.x-eventloo
01:21:56 PM  1000         -    937661      0.00      0.00  |__vert.x-worker-t
01:21:56 PM  1000         -    937662      2.00      0.00  |__vert.x-eventloo
01:21:56 PM  1000         -    937667      2.00      0.00  |__cpu-watchdog
01:21:56 PM  1000         -    937668   2511.00      0.00  |__epollEventLoopG
01:21:56 PM  1000         -    937669   2490.00      0.00  |__epollEventLoopG
01:21:56 PM  1000         -    937670     20.00      0.00  |__jitter-watchdog
01:21:56 PM  1000         -    937671      0.00      0.00  |__vert.x-worker-t
01:21:56 PM  1000         -    937767      0.00      0.00  |__vert.x-eventloo
01:21:56 PM  1000         -    937777      0.00      0.00  |__vert.x-eventloo

01:21:56 PM   UID      TGID       TID    %usr %system  %guest   %wait    %CPU   CPU  Command
01:21:57 PM  1000    937324         -    5.00    4.00    0.00    0.00    9.00    24  java
01:21:57 PM  1000         -    937324    0.00    0.00    0.00    0.00    0.00    24  |__java
01:21:57 PM  1000         -    937358    0.00    0.00    0.00    0.00    0.00    22  |__java
01:21:57 PM  1000         -    937359    0.00    0.00    0.00    0.00    0.00    26  |__GC Thread#0
01:21:57 PM  1000         -    937360    0.00    0.00    0.00    0.00    0.00    24  |__G1 Main Marker
01:21:57 PM  1000         -    937361    0.00    0.00    0.00    0.00    0.00    22  |__G1 Conc#0
01:21:57 PM  1000         -    937362    0.00    0.00    0.00    0.00    0.00    22  |__G1 Refine#0
01:21:57 PM  1000         -    937363    0.00    0.00    0.00    0.00    0.00    26  |__G1 Service
01:21:57 PM  1000         -    937365    0.00    0.00    0.00    0.00    0.00    26  |__VM Periodic Tas
01:21:57 PM  1000         -    937366    0.00    0.00    0.00    0.00    0.00    22  |__VM Thread
01:21:57 PM  1000         -    937367    0.00    0.00    0.00    0.00    0.00    22  |__Reference Handl
01:21:57 PM  1000         -    937368    0.00    0.00    0.00    0.00    0.00    24  |__Finalizer
01:21:57 PM  1000         -    937369    0.00    0.00    0.00    0.00    0.00    24  |__Signal Dispatch
01:21:57 PM  1000         -    937370    0.00    0.00    0.00    0.00    0.00    22  |__Service Thread
01:21:57 PM  1000         -    937371    0.00    0.00    0.00    0.00    0.00    26  |__Monitor Deflati
01:21:57 PM  1000         -    937372    0.00    0.00    0.00    0.00    0.00    24  |__C2 CompilerThre
01:21:57 PM  1000         -    937373    0.00    0.00    0.00    0.00    0.00    26  |__C1 CompilerThre
01:21:57 PM  1000         -    937374    0.00    0.00    0.00    0.00    0.00    22  |__Notification Th
01:21:57 PM  1000         -    937375    0.00    0.00    0.00    0.00    0.00    26  |__Common-Cleaner
01:21:57 PM  1000         -    937643    0.00    0.00    0.00    0.00    0.00    22  |__vertx-blocked-t
01:21:57 PM  1000         -    937645    0.00    0.00    0.00    0.00    0.00    24  |__process reaper
01:21:57 PM  1000         -    937647    0.00    0.00    0.00    0.00    0.00    24  |__vertx-blocked-t
01:21:57 PM  1000         -    937649    0.00    0.00    0.00    0.00    0.00    22  |__vert.x-eventloo
01:21:57 PM  1000         -    937650    0.00    0.00    0.00    0.00    0.00    22  |__vert.x-acceptor
01:21:57 PM  1000         -    937651    0.00    0.00    0.00    0.00    0.00    24  |__GC Thread#1
01:21:57 PM  1000         -    937652    0.00    0.00    0.00    0.00    0.00    26  |__GC Thread#2
01:21:57 PM  1000         -    937654    0.00    0.00    0.00    0.00    0.00    24  |__vert.x-worker-t
01:21:57 PM  1000         -    937655    0.00    0.00    0.00    0.00    0.00    24  |__vert.x-eventloo
01:21:57 PM  1000         -    937656    0.00    0.00    0.00    0.00    0.00    24  |__vert.x-eventloo
01:21:57 PM  1000         -    937657    0.00    0.00    0.00    0.00    0.00    22  |__vert.x-eventloo
01:21:57 PM  1000         -    937658    0.00    0.00    0.00    0.00    0.00    22  |__CLI-scheduled-e
01:21:57 PM  1000         -    937659    0.00    0.00    0.00    0.00    0.00    26  |__vert.x-eventloo
01:21:57 PM  1000         -    937661    0.00    0.00    0.00    0.00    0.00    26  |__vert.x-worker-t
01:21:57 PM  1000         -    937662    0.00    0.00    0.00    0.00    0.00    24  |__vert.x-eventloo
01:21:57 PM  1000         -    937667    0.00    0.00    0.00    0.00    0.00    26  |__cpu-watchdog
01:21:57 PM  1000         -    937668    2.00    2.00    0.00    0.00    4.00    22  |__epollEventLoopG
01:21:57 PM  1000         -    937669    3.00    1.00    0.00    0.00    4.00    24  |__epollEventLoopG
01:21:57 PM  1000         -    937670    0.00    0.00    0.00    0.00    0.00    26  |__jitter-watchdog
01:21:57 PM  1000         -    937671    0.00    0.00    0.00    0.00    0.00    22  |__vert.x-worker-t
01:21:57 PM  1000         -    937767    0.00    0.00    0.00    0.00    0.00    22  |__vert.x-eventloo
01:21:57 PM  1000         -    937777    0.00    0.00    0.00    0.00    0.00    22  |__vert.x-eventloo

01:21:56 PM   UID      TGID       TID   cswch/s nvcswch/s  Command
01:21:57 PM  1000    937324         -      0.00      0.00  java
01:21:57 PM  1000         -    937324      0.00      0.00  |__java
01:21:57 PM  1000         -    937358      2.00      0.00  |__java
01:21:57 PM  1000         -    937359      0.00      0.00  |__GC Thread#0
01:21:57 PM  1000         -    937360      0.00      0.00  |__G1 Main Marker
01:21:57 PM  1000         -    937361      0.00      0.00  |__G1 Conc#0
01:21:57 PM  1000         -    937362     20.00      0.00  |__G1 Refine#0
01:21:57 PM  1000         -    937363      1.00      0.00  |__G1 Service
01:21:57 PM  1000         -    937365      0.00      0.00  |__VM Periodic Tas
01:21:57 PM  1000         -    937366      0.00      0.00  |__VM Thread
01:21:57 PM  1000         -    937367      0.00      0.00  |__Reference Handl
01:21:57 PM  1000         -    937368      0.00      0.00  |__Finalizer
01:21:57 PM  1000         -    937369      0.00      0.00  |__Signal Dispatch
01:21:57 PM  1000         -    937370      1.00      0.00  |__Service Thread
01:21:57 PM  1000         -    937371      4.00      0.00  |__Monitor Deflati
01:21:57 PM  1000         -    937372     19.00      0.00  |__C2 CompilerThre
01:21:57 PM  1000         -    937373      6.00      0.00  |__C1 CompilerThre
01:21:57 PM  1000         -    937374      0.00      0.00  |__Notification Th
01:21:57 PM  1000         -    937375      0.00      0.00  |__Common-Cleaner
01:21:57 PM  1000         -    937643      1.00      0.00  |__vertx-blocked-t
01:21:57 PM  1000         -    937645      0.00      0.00  |__process reaper
01:21:57 PM  1000         -    937647      1.00      0.00  |__vertx-blocked-t
01:21:57 PM  1000         -    937649      3.00      0.00  |__vert.x-eventloo
01:21:57 PM  1000         -    937650      0.00      0.00  |__vert.x-acceptor
01:21:57 PM  1000         -    937651      0.00      0.00  |__GC Thread#1
01:21:57 PM  1000         -    937652      0.00      0.00  |__GC Thread#2
01:21:57 PM  1000         -    937654      0.00      0.00  |__vert.x-worker-t
01:21:57 PM  1000         -    937655      0.00      0.00  |__vert.x-eventloo
01:21:57 PM  1000         -    937656      1.00      0.00  |__vert.x-eventloo
01:21:57 PM  1000         -    937657      2.00      0.00  |__vert.x-eventloo
01:21:57 PM  1000         -    937658      0.00      0.00  |__CLI-scheduled-e
01:21:57 PM  1000         -    937659      0.00      0.00  |__vert.x-eventloo
01:21:57 PM  1000         -    937661      0.00      0.00  |__vert.x-worker-t
01:21:57 PM  1000         -    937662      4.00      0.00  |__vert.x-eventloo
01:21:57 PM  1000         -    937667      0.00      0.00  |__cpu-watchdog
01:21:57 PM  1000         -    937668   2510.00      2.00  |__epollEventLoopG
01:21:57 PM  1000         -    937669   2424.00      1.00  |__epollEventLoopG
01:21:57 PM  1000         -    937670     20.00      0.00  |__jitter-watchdog
01:21:57 PM  1000         -    937671      0.00      0.00  |__vert.x-worker-t
01:21:57 PM  1000         -    937767      0.00      0.00  |__vert.x-eventloo
01:21:57 PM  1000         -    937777      0.00      0.00  |__vert.x-eventloo

01:21:57 PM   UID      TGID       TID    %usr %system  %guest   %wait    %CPU   CPU  Command
01:21:58 PM  1000    937324         -   95.00    4.00    0.00    0.00   99.00    24  java
01:21:58 PM  1000         -    937324    0.00    0.00    0.00    0.00    0.00    24  |__java
01:21:58 PM  1000         -    937358    3.00    0.00    0.00    0.00    3.00    24  |__java
01:21:58 PM  1000         -    937359    0.00    0.00    0.00    0.00    0.00    26  |__GC Thread#0
01:21:58 PM  1000         -    937360    0.00    0.00    0.00    0.00    0.00    24  |__G1 Main Marker
01:21:58 PM  1000         -    937361    0.00    0.00    0.00    0.00    0.00    22  |__G1 Conc#0
01:21:58 PM  1000         -    937362    2.00    0.00    0.00    0.00    2.00    24  |__G1 Refine#0
01:21:58 PM  1000         -    937363    0.00    0.00    0.00    0.00    0.00    22  |__G1 Service
01:21:58 PM  1000         -    937365    0.00    0.00    0.00    0.00    0.00    26  |__VM Periodic Tas
01:21:58 PM  1000         -    937366    0.00    0.00    0.00    0.00    0.00    22  |__VM Thread
01:21:58 PM  1000         -    937367    0.00    0.00    0.00    0.00    0.00    22  |__Reference Handl
01:21:58 PM  1000         -    937368    0.00    0.00    0.00    0.00    0.00    24  |__Finalizer
01:21:58 PM  1000         -    937369    0.00    0.00    0.00    0.00    0.00    24  |__Signal Dispatch
01:21:58 PM  1000         -    937370    0.00    0.00    0.00    0.00    0.00    24  |__Service Thread
01:21:58 PM  1000         -    937371    0.00    0.00    0.00    0.00    0.00    22  |__Monitor Deflati
01:21:58 PM  1000         -    937372   60.00    1.00    0.00    1.00   61.00    26  |__C2 CompilerThre
01:21:58 PM  1000         -    937373    9.00    0.00    0.00    5.00    9.00    24  |__C1 CompilerThre
01:21:58 PM  1000         -    937374    0.00    0.00    0.00    0.00    0.00    22  |__Notification Th
01:21:58 PM  1000         -    937375    0.00    0.00    0.00    0.00    0.00    26  |__Common-Cleaner
01:21:58 PM  1000         -    937645    0.00    0.00    0.00    0.00    0.00    24  |__process reaper
01:21:58 PM  1000         -    937651    0.00    0.00    0.00    0.00    0.00    24  |__GC Thread#1
01:21:58 PM  1000         -    937652    0.00    0.00    0.00    0.00    0.00    24  |__GC Thread#2
01:21:58 PM  1000         -    937667    0.00    0.00    0.00    0.00    0.00    26  |__cpu-watchdog
01:21:58 PM  1000         -    937782    0.00    0.00    0.00    0.00    0.00    22  |__globalEventExec

01:21:57 PM   UID      TGID       TID   cswch/s nvcswch/s  Command
01:21:58 PM  1000    937324         -      0.00      0.00  java
01:21:58 PM  1000         -    937324      0.00      0.00  |__java
01:21:58 PM  1000         -    937358      9.00     12.00  |__java
01:21:58 PM  1000         -    937359      8.00      0.00  |__GC Thread#0
01:21:58 PM  1000         -    937360      0.00      0.00  |__G1 Main Marker
01:21:58 PM  1000         -    937361      0.00      0.00  |__G1 Conc#0
01:21:58 PM  1000         -    937362     20.00      3.00  |__G1 Refine#0
01:21:58 PM  1000         -    937363      3.00      0.00  |__G1 Service
01:21:58 PM  1000         -    937365      0.00      0.00  |__VM Periodic Tas
01:21:58 PM  1000         -    937366     23.00      0.00  |__VM Thread
01:21:58 PM  1000         -    937367      2.00      0.00  |__Reference Handl
01:21:58 PM  1000         -    937368      0.00      0.00  |__Finalizer
01:21:58 PM  1000         -    937369      0.00      0.00  |__Signal Dispatch
01:21:58 PM  1000         -    937370     29.00      0.00  |__Service Thread
01:21:58 PM  1000         -    937371      4.00      0.00  |__Monitor Deflati
01:21:58 PM  1000         -    937372     30.00     11.00  |__C2 CompilerThre
01:21:58 PM  1000         -    937373     87.00      7.00  |__C1 CompilerThre
01:21:58 PM  1000         -    937374      0.00      0.00  |__Notification Th
01:21:58 PM  1000         -    937375      0.00      0.00  |__Common-Cleaner
01:21:58 PM  1000         -    937645      0.00      0.00  |__process reaper
01:21:58 PM  1000         -    937651      8.00      0.00  |__GC Thread#1
01:21:58 PM  1000         -    937652      8.00      1.00  |__GC Thread#2
01:21:58 PM  1000         -    937667      0.00      0.00  |__cpu-watchdog
01:21:58 PM  1000         -    937782     15.00      1.00  |__globalEventExec

01:21:58 PM   UID      TGID       TID    %usr %system  %guest   %wait    %CPU   CPU  Command

01:21:58 PM   UID      TGID       TID   cswch/s nvcswch/s  Command
